INPUT SPACE DOWN
TRACE_ACTIVE_AFTER_SPACE
VDP_REG14 val=03 r14=3 PC=46C0 AF=8E14 BC=0299 DE=1101 HL=F684 IX=4075 IY=0120
VDP_REG14 val=03 r14=3 PC=46C0 AF=8E14 BC=0099 DE=4166 HL=F600 IX=4075 IY=0120
VDP_REG14 val=02 r14=2 PC=46C0 AF=8E10 BC=0099 DE=9000 HL=A800 IX=4075 IY=0120
VDP_REG14 val=02 r14=2 PC=46C0 AF=8E10 BC=0099 DE=9008 HL=A880 IX=4075 IY=0120
VDP_REG14 val=02 r14=2 PC=46C0 AF=8E10 BC=0099 DE=9010 HL=A900 IX=4075 IY=0120
VDP_REG14 val=02 r14=2 PC=46C0 AF=8E10 BC=0099 DE=9018 HL=A980 IX=4075 IY=0120
VDP_REG14 val=02 r14=2 PC=46C0 AF=8E10 BC=0099 DE=9020 HL=AA00 IX=4075 IY=0120
VDP_REG14 val=02 r14=2 PC=46C0 AF=8E10 BC=0099 DE=9028 HL=AA80 IX=4075 IY=0120
VDP_REG14 val=02 r14=2 PC=46C0 AF=8E10 BC=0099 DE=9030 HL=AB00 IX=4075 IY=0120
VDP_REG14 val=02 r14=2 PC=46C0 AF=8E10 BC=0099 DE=9038 HL=AB80 IX=4075 IY=0120
VDP_REG14 val=02 r14=2 PC=46C0 AF=8E10 BC=0099 DE=9040 HL=AC00 IX=4075 IY=0120
VDP_REG14 val=02 r14=2 PC=46C0 AF=8E10 BC=0099 DE=9048 HL=AC80 IX=4075 IY=0120
VDP_REG14 val=02 r14=2 PC=46C0 AF=8E10 BC=0099 DE=9050 HL=AD00 IX=4075 IY=0120
VDP_REG14 val=02 r14=2 PC=46C0 AF=8E10 BC=0099 DE=9058 HL=AD80 IX=4075 IY=0120
VDP_REG14 val=02 r14=2 PC=46C0 AF=8E10 BC=0099 DE=9060 HL=AE00 IX=4075 IY=0120
VDP_REG14 val=02 r14=2 PC=46C0 AF=8E10 BC=0099 DE=9068 HL=AE80 IX=4075 IY=0120
VDP_REG14 val=02 r14=2 PC=46C0 AF=8E10 BC=0099 DE=9070 HL=AF00 IX=4075 IY=0120
VDP_REG14 val=02 r14=2 PC=46C0 AF=8E10 BC=0099 DE=9078 HL=AF80 IX=4075 IY=0120
VDP_REG14 val=02 r14=2 PC=46C0 AF=8E10 BC=0099 DE=9080 HL=A808 IX=4075 IY=0120
VDP_REG14 val=02 r14=2 PC=46C0 AF=8E10 BC=0099 DE=9088 HL=A888 IX=4075 IY=0120
VDP_REG14 val=02 r14=2 PC=46C0 AF=8E10 BC=0099 DE=9090 HL=A908 IX=4075 IY=0120
VDP_REG14 val=02 r14=2 PC=46C0 AF=8E10 BC=0099 DE=9098 HL=A988 IX=4075 IY=0120
VDP_REG14 val=02 r14=2 PC=46C0 AF=8E10 BC=0099 DE=90A0 HL=AA08 IX=4075 IY=0120
VDP_REG14 val=02 r14=2 PC=46C0 AF=8E10 BC=0099 DE=90A8 HL=AA88 IX=4075 IY=0120
VDP_REG14 val=02 r14=2 PC=46C0 AF=8E10 BC=0099 DE=90B0 HL=AB08 IX=4075 IY=0120
VDP_REG14 val=02 r14=2 PC=46C0 AF=8E10 BC=0099 DE=90B8 HL=AB88 IX=4075 IY=0120
VDP_REG14 val=02 r14=2 PC=46C0 AF=8E10 BC=0099 DE=90C0 HL=AC08 IX=4075 IY=0120
VDP_REG14 val=02 r14=2 PC=46C0 AF=8E10 BC=0099 DE=90C8 HL=AC88 IX=4075 IY=0120
VDP_REG14 val=02 r14=2 PC=46C0 AF=8E10 BC=0099 DE=90D0 HL=AD08 IX=4075 IY=0120
VDP_REG14 val=02 r14=2 PC=46C0 AF=8E10 BC=0099 DE=90D8 HL=AD88 IX=4075 IY=0120
VDP_REG14 val=02 r14=2 PC=46C0 AF=8E10 BC=0099 DE=90E0 HL=AE08 IX=4075 IY=0120
VDP_REG14 val=02 r14=2 PC=46C0 AF=8E10 BC=0099 DE=90E8 HL=AE88 IX=4075 IY=0120
VDP_REG14 val=02 r14=2 PC=46C0 AF=8E10 BC=0099 DE=90F0 HL=AF08 IX=4075 IY=0120
VDP_REG14 val=02 r14=2 PC=46C0 AF=8E10 BC=0099 DE=90F8 HL=AF88 IX=4075 IY=0120
VDP_REG14 val=02 r14=2 PC=46C0 AF=8E10 BC=0099 DE=9100 HL=A810 IX=4075 IY=0120
VDP_REG14 val=02 r14=2 PC=46C0 AF=8E10 BC=0099 DE=9108 HL=A890 IX=4075 IY=0120
VDP_REG14 val=02 r14=2 PC=46C0 AF=8E10 BC=0099 DE=9110 HL=A910 IX=4075 IY=0120
VDP_REG14 val=02 r14=2 PC=46C0 AF=8E10 BC=0099 DE=9118 HL=A990 IX=4075 IY=0120
VDP_REG14 val=02 r14=2 PC=46C0 AF=8E10 BC=0099 DE=9120 HL=AA10 IX=4075 IY=0120
VDP_REG14 val=02 r14=2 PC=46C0 AF=8E10 BC=0099 DE=9128 HL=AA90 IX=4075 IY=0120
VDP_REG14 val=02 r14=2 PC=46C0 AF=8E10 BC=0099 DE=9130 HL=AB10 IX=4075 IY=0120
VDP_REG14 val=02 r14=2 PC=46C0 AF=8E10 BC=0099 DE=9138 HL=AB90 IX=4075 IY=0120
VDP_REG14 val=02 r14=2 PC=46C0 AF=8E10 BC=0099 DE=9140 HL=AC10 IX=4075 IY=0120
VDP_REG14 val=02 r14=2 PC=46C0 AF=8E10 BC=0099 DE=9148 HL=AC90 IX=4075 IY=0120
VDP_REG14 val=02 r14=2 PC=46C0 AF=8E10 BC=0099 DE=9150 HL=AD10 IX=4075 IY=0120
VDP_REG14 val=02 r14=2 PC=46C0 AF=8E10 BC=0099 DE=9158 HL=AD90 IX=4075 IY=0120
VDP_REG14 val=02 r14=2 PC=46C0 AF=8E10 BC=0099 DE=9160 HL=AE10 IX=4075 IY=0120
VDP_REG14 val=02 r14=2 PC=46C0 AF=8E10 BC=0099 DE=9168 HL=AE90 IX=4075 IY=0120
VDP_REG14 val=02 r14=2 PC=46C0 AF=8E10 BC=0099 DE=9170 HL=AF10 IX=4075 IY=0120
VDP_REG14 val=02 r14=2 PC=46C0 AF=8E10 BC=0099 DE=9178 HL=AF90 IX=4075 IY=0120
VDP_REG14 val=02 r14=2 PC=46C0 AF=8E10 BC=0099 DE=9180 HL=A818 IX=4075 IY=0120
VDP_REG14 val=02 r14=2 PC=46C0 AF=8E10 BC=0099 DE=9188 HL=A898 IX=4075 IY=0120
VDP_REG14 val=02 r14=2 PC=46C0 AF=8E10 BC=0099 DE=9190 HL=A918 IX=4075 IY=0120
VDP_REG14 val=02 r14=2 PC=46C0 AF=8E10 BC=0099 DE=9198 HL=A998 IX=4075 IY=0120
VDP_REG14 val=02 r14=2 PC=46C0 AF=8E10 BC=0099 DE=91A0 HL=AA18 IX=4075 IY=0120
VDP_REG14 val=02 r14=2 PC=46C0 AF=8E10 BC=0099 DE=91A8 HL=AA98 IX=4075 IY=0120
VDP_REG14 val=02 r14=2 PC=46C0 AF=8E10 BC=0099 DE=91B0 HL=AB18 IX=4075 IY=0120
VDP_REG14 val=02 r14=2 PC=46C0 AF=8E10 BC=0099 DE=91B8 HL=AB98 IX=4075 IY=0120
VDP_REG14 val=02 r14=2 PC=46C0 AF=8E10 BC=0099 DE=91C0 HL=AC18 IX=4075 IY=0120
VDP_REG14 val=02 r14=2 PC=46C0 AF=8E10 BC=0099 DE=91C8 HL=AC98 IX=4075 IY=0120
VDP_REG14 val=02 r14=2 PC=46C0 AF=8E10 BC=0099 DE=91D0 HL=AD18 IX=4075 IY=0120
VDP_REG14 val=02 r14=2 PC=46C0 AF=8E10 BC=0099 DE=91D8 HL=AD98 IX=4075 IY=0120
VDP_REG14 val=02 r14=2 PC=46C0 AF=8E10 BC=0099 DE=91E0 HL=AE18 IX=4075 IY=0120
VDP_REG14 val=02 r14=2 PC=46C0 AF=8E10 BC=0099 DE=91E8 HL=AE98 IX=4075 IY=0120
VDP_REG14 val=02 r14=2 PC=46C0 AF=8E10 BC=0099 DE=91F0 HL=AF18 IX=4075 IY=0120
VDP_REG14 val=02 r14=2 PC=46C0 AF=8E10 BC=0099 DE=91F8 HL=AF98 IX=4075 IY=0120
VDP_REG14 val=02 r14=2 PC=46C0 AF=8E10 BC=0099 DE=9200 HL=A820 IX=4075 IY=0120
VDP_REG14 val=02 r14=2 PC=46C0 AF=8E10 BC=0099 DE=9208 HL=A8A0 IX=4075 IY=0120
VDP_REG14 val=02 r14=2 PC=46C0 AF=8E10 BC=0099 DE=9210 HL=A920 IX=4075 IY=0120
VDP_REG14 val=02 r14=2 PC=46C0 AF=8E10 BC=0099 DE=9218 HL=A9A0 IX=4075 IY=0120
VDP_REG14 val=02 r14=2 PC=46C0 AF=8E10 BC=0099 DE=9220 HL=AA20 IX=4075 IY=0120
VDP_REG14 val=02 r14=2 PC=46C0 AF=8E10 BC=0099 DE=9228 HL=AAA0 IX=4075 IY=0120
VDP_REG14 val=02 r14=2 PC=46C0 AF=8E10 BC=0099 DE=9230 HL=AB20 IX=4075 IY=0120
VDP_REG14 val=02 r14=2 PC=46C0 AF=8E10 BC=0099 DE=9238 HL=ABA0 IX=4075 IY=0120
VDP_REG14 val=02 r14=2 PC=46C0 AF=8E10 BC=0099 DE=9240 HL=AC20 IX=4075 IY=0120
VDP_REG14 val=02 r14=2 PC=46C0 AF=8E10 BC=0099 DE=9248 HL=ACA0 IX=4075 IY=0120
VDP_REG14 val=02 r14=2 PC=46C0 AF=8E10 BC=0099 DE=9250 HL=AD20 IX=4075 IY=0120
VDP_REG14 val=02 r14=2 PC=46C0 AF=8E10 BC=0099 DE=9258 HL=ADA0 IX=4075 IY=0120
VDP_REG14 val=02 r14=2 PC=46C0 AF=8E10 BC=0099 DE=9260 HL=AE20 IX=4075 IY=0120
VDP_REG14 val=02 r14=2 PC=46C0 AF=8E10 BC=0099 DE=9268 HL=AEA0 IX=4075 IY=0120
VDP_REG14 val=02 r14=2 PC=46C0 AF=8E10 BC=0099 DE=9270 HL=AF20 IX=4075 IY=0120
VDP_REG14 val=02 r14=2 PC=46C0 AF=8E10 BC=0099 DE=9278 HL=AFA0 IX=4075 IY=0120
VDP_REG14 val=02 r14=2 PC=46C0 AF=8E10 BC=0099 DE=9280 HL=A828 IX=4075 IY=0120
VDP_REG14 val=02 r14=2 PC=46C0 AF=8E10 BC=0099 DE=9288 HL=A8A8 IX=4075 IY=0120
VDP_REG14 val=02 r14=2 PC=46C0 AF=8E10 BC=0099 DE=9290 HL=A928 IX=4075 IY=0120
VDP_REG14 val=02 r14=2 PC=46C0 AF=8E10 BC=0099 DE=9298 HL=A9A8 IX=4075 IY=0120
VDP_REG14 val=02 r14=2 PC=46C0 AF=8E10 BC=0099 DE=92A0 HL=AA28 IX=4075 IY=0120
VDP_REG14 val=02 r14=2 PC=46C0 AF=8E10 BC=0099 DE=92A8 HL=AAA8 IX=4075 IY=0120
VDP_REG14 val=02 r14=2 PC=46C0 AF=8E10 BC=0099 DE=92B0 HL=AB28 IX=4075 IY=0120
VDP_REG14 val=02 r14=2 PC=46C0 AF=8E10 BC=0099 DE=92B8 HL=ABA8 IX=4075 IY=0120
VDP_REG14 val=02 r14=2 PC=46C0 AF=8E10 BC=0099 DE=92C0 HL=AC28 IX=4075 IY=0120
VDP_REG14 val=02 r14=2 PC=46C0 AF=8E10 BC=0099 DE=92C8 HL=ACA8 IX=4075 IY=0120
VDP_REG14 val=02 r14=2 PC=46C0 AF=8E10 BC=0099 DE=92D0 HL=AD28 IX=4075 IY=0120
VDP_REG14 val=02 r14=2 PC=46C0 AF=8E10 BC=0099 DE=92D8 HL=ADA8 IX=4075 IY=0120
VDP_REG14 val=02 r14=2 PC=46C0 AF=8E10 BC=0099 DE=92E0 HL=AE28 IX=4075 IY=0120
VDP_REG14 val=02 r14=2 PC=46C0 AF=8E10 BC=0099 DE=92E8 HL=AEA8 IX=4075 IY=0120
VDP_REG14 val=02 r14=2 PC=46C0 AF=8E10 BC=0099 DE=92F0 HL=AF28 IX=4075 IY=0120
VDP_REG14 val=02 r14=2 PC=46C0 AF=8E10 BC=0099 DE=92F8 HL=AFA8 IX=4075 IY=0120
VDP_REG14 val=02 r14=2 PC=46C0 AF=8E10 BC=0099 DE=9300 HL=A830 IX=4075 IY=0120
VDP_REG14 val=02 r14=2 PC=46C0 AF=8E10 BC=0099 DE=9308 HL=A8B0 IX=4075 IY=0120
VDP_REG14 val=02 r14=2 PC=46C0 AF=8E10 BC=0099 DE=9310 HL=A930 IX=4075 IY=0120
VDP_REG14 val=02 r14=2 PC=46C0 AF=8E10 BC=0099 DE=9318 HL=A9B0 IX=4075 IY=0120
VDP_REG14 val=02 r14=2 PC=46C0 AF=8E10 BC=0099 DE=9320 HL=AA30 IX=4075 IY=0120
VDP_REG14 val=02 r14=2 PC=46C0 AF=8E10 BC=0099 DE=9328 HL=AAB0 IX=4075 IY=0120
VDP_REG14 val=02 r14=2 PC=46C0 AF=8E10 BC=0099 DE=9330 HL=AB30 IX=4075 IY=0120
VDP_REG14 val=02 r14=2 PC=46C0 AF=8E10 BC=0099 DE=9338 HL=ABB0 IX=4075 IY=0120
VDP_REG14 val=02 r14=2 PC=46C0 AF=8E10 BC=0099 DE=9340 HL=AC30 IX=4075 IY=0120
VDP_REG14 val=02 r14=2 PC=46C0 AF=8E10 BC=0099 DE=9348 HL=ACB0 IX=4075 IY=0120
VDP_REG14 val=02 r14=2 PC=46C0 AF=8E10 BC=0099 DE=9350 HL=AD30 IX=4075 IY=0120
VDP_REG14 val=02 r14=2 PC=46C0 AF=8E10 BC=0099 DE=9358 HL=ADB0 IX=4075 IY=0120
VDP_REG14 val=02 r14=2 PC=46C0 AF=8E10 BC=0099 DE=9360 HL=AE30 IX=4075 IY=0120
VDP_REG14 val=02 r14=2 PC=46C0 AF=8E10 BC=0099 DE=9368 HL=AEB0 IX=4075 IY=0120
VDP_REG14 val=02 r14=2 PC=46C0 AF=8E10 BC=0099 DE=9370 HL=AF30 IX=4075 IY=0120
VDP_REG14 val=02 r14=2 PC=46C0 AF=8E10 BC=0099 DE=9378 HL=AFB0 IX=4075 IY=0120
VDP_REG14 val=02 r14=2 PC=46C0 AF=8E10 BC=0099 DE=9380 HL=A838 IX=4075 IY=0120
VDP_REG14 val=02 r14=2 PC=46C0 AF=8E10 BC=0099 DE=9388 HL=A8B8 IX=4075 IY=0120
VDP_REG14 val=02 r14=2 PC=46C0 AF=8E10 BC=0099 DE=9390 HL=A938 IX=4075 IY=0120
VDP_REG14 val=02 r14=2 PC=46C0 AF=8E10 BC=0099 DE=9398 HL=A9B8 IX=4075 IY=0120
VDP_REG14 val=02 r14=2 PC=46C0 AF=8E10 BC=0099 DE=93A0 HL=AA38 IX=4075 IY=0120
VDP_REG14 val=02 r14=2 PC=46C0 AF=8E10 BC=0099 DE=93A8 HL=AAB8 IX=4075 IY=0120
VDP_REG14 val=02 r14=2 PC=46C0 AF=8E10 BC=0099 DE=93B0 HL=AB38 IX=4075 IY=0120
VDP_REG14 val=02 r14=2 PC=46C0 AF=8E10 BC=0099 DE=93B8 HL=ABB8 IX=4075 IY=0120
VDP_REG14 val=02 r14=2 PC=46C0 AF=8E10 BC=0099 DE=93C0 HL=AC38 IX=4075 IY=0120
VDP_REG14 val=02 r14=2 PC=46C0 AF=8E10 BC=0099 DE=93C8 HL=ACB8 IX=4075 IY=0120
VDP_REG14 val=02 r14=2 PC=46C0 AF=8E10 BC=0099 DE=93D0 HL=AD38 IX=4075 IY=0120
VDP_REG14 val=02 r14=2 PC=46C0 AF=8E10 BC=0099 DE=93D8 HL=ADB8 IX=4075 IY=0120
VDP_REG14 val=02 r14=2 PC=46C0 AF=8E10 BC=0099 DE=93E0 HL=AE38 IX=4075 IY=0120
VDP_REG14 val=02 r14=2 PC=46C0 AF=8E10 BC=0099 DE=93E8 HL=AEB8 IX=4075 IY=0120
VDP_REG14 val=02 r14=2 PC=46C0 AF=8E10 BC=0099 DE=93F0 HL=AF38 IX=4075 IY=0120
VDP_REG14 val=02 r14=2 PC=46C0 AF=8E10 BC=0099 DE=93F8 HL=AFB8 IX=4075 IY=0120
VDP_REG14 val=02 r14=2 PC=46C0 AF=8E10 BC=0099 DE=9400 HL=A840 IX=4075 IY=0120
VDP_REG14 val=02 r14=2 PC=46C0 AF=8E10 BC=0099 DE=9408 HL=A8C0 IX=4075 IY=0120
VDP_REG14 val=02 r14=2 PC=46C0 AF=8E10 BC=0099 DE=9410 HL=A940 IX=4075 IY=0120
VDP_REG14 val=02 r14=2 PC=46C0 AF=8E10 BC=0099 DE=9418 HL=A9C0 IX=4075 IY=0120
VDP_REG14 val=02 r14=2 PC=46C0 AF=8E10 BC=0099 DE=9420 HL=AA40 IX=4075 IY=0120
VDP_REG14 val=02 r14=2 PC=46C0 AF=8E10 BC=0099 DE=9428 HL=AAC0 IX=4075 IY=0120
VDP_REG14 val=02 r14=2 PC=46C0 AF=8E10 BC=0099 DE=9430 HL=AB40 IX=4075 IY=0120
VDP_REG14 val=02 r14=2 PC=46C0 AF=8E10 BC=0099 DE=9438 HL=ABC0 IX=4075 IY=0120
VDP_REG14 val=02 r14=2 PC=46C0 AF=8E10 BC=0099 DE=9440 HL=AC40 IX=4075 IY=0120
VDP_REG14 val=02 r14=2 PC=46C0 AF=8E10 BC=0099 DE=9448 HL=ACC0 IX=4075 IY=0120
VDP_REG14 val=02 r14=2 PC=46C0 AF=8E10 BC=0099 DE=9450 HL=AD40 IX=4075 IY=0120
VDP_REG14 val=02 r14=2 PC=46C0 AF=8E10 BC=0099 DE=9458 HL=ADC0 IX=4075 IY=0120
VDP_REG14 val=02 r14=2 PC=46C0 AF=8E10 BC=0099 DE=9460 HL=AE40 IX=4075 IY=0120
VDP_REG14 val=02 r14=2 PC=46C0 AF=8E10 BC=0099 DE=9468 HL=AEC0 IX=4075 IY=0120
VDP_REG14 val=02 r14=2 PC=46C0 AF=8E10 BC=0099 DE=9470 HL=AF40 IX=4075 IY=0120
VDP_REG14 val=02 r14=2 PC=46C0 AF=8E10 BC=0099 DE=9478 HL=AFC0 IX=4075 IY=0120
VDP_REG14 val=02 r14=2 PC=46C0 AF=8E10 BC=0099 DE=9480 HL=A848 IX=4075 IY=0120
VDP_REG14 val=02 r14=2 PC=46C0 AF=8E10 BC=0099 DE=9488 HL=A8C8 IX=4075 IY=0120
VDP_REG14 val=02 r14=2 PC=46C0 AF=8E10 BC=0099 DE=9490 HL=A948 IX=4075 IY=0120
VDP_REG14 val=02 r14=2 PC=46C0 AF=8E10 BC=0099 DE=9498 HL=A9C8 IX=4075 IY=0120
VDP_REG14 val=02 r14=2 PC=46C0 AF=8E10 BC=0099 DE=94A0 HL=AA48 IX=4075 IY=0120
VDP_REG14 val=02 r14=2 PC=46C0 AF=8E10 BC=0099 DE=94A8 HL=AAC8 IX=4075 IY=0120
VDP_REG14 val=02 r14=2 PC=46C0 AF=8E10 BC=0099 DE=94B0 HL=AB48 IX=4075 IY=0120
VDP_REG14 val=02 r14=2 PC=46C0 AF=8E10 BC=0099 DE=94B8 HL=ABC8 IX=4075 IY=0120
VDP_REG14 val=02 r14=2 PC=46C0 AF=8E10 BC=0099 DE=94C0 HL=AC48 IX=4075 IY=0120
VDP_REG14 val=02 r14=2 PC=46C0 AF=8E10 BC=0099 DE=94C8 HL=ACC8 IX=4075 IY=0120
VDP_REG14 val=02 r14=2 PC=46C0 AF=8E10 BC=0099 DE=94D0 HL=AD48 IX=4075 IY=0120
VDP_REG14 val=02 r14=2 PC=46C0 AF=8E10 BC=0099 DE=94D8 HL=ADC8 IX=4075 IY=0120
VDP_REG14 val=02 r14=2 PC=46C0 AF=8E10 BC=0099 DE=94E0 HL=AE48 IX=4075 IY=0120
VDP_REG14 val=02 r14=2 PC=46C0 AF=8E10 BC=0099 DE=94E8 HL=AEC8 IX=4075 IY=0120
VDP_REG14 val=02 r14=2 PC=46C0 AF=8E10 BC=0099 DE=94F0 HL=AF48 IX=4075 IY=0120
VDP_REG14 val=02 r14=2 PC=46C0 AF=8E10 BC=0099 DE=94F8 HL=AFC8 IX=4075 IY=0120
VDP_REG14 val=02 r14=2 PC=46C0 AF=8E10 BC=0099 DE=9500 HL=A850 IX=4075 IY=0120
VDP_REG14 val=02 r14=2 PC=46C0 AF=8E10 BC=0099 DE=9508 HL=A8D0 IX=4075 IY=0120
VDP_REG14 val=02 r14=2 PC=46C0 AF=8E10 BC=0099 DE=9510 HL=A950 IX=4075 IY=0120
VDP_REG14 val=02 r14=2 PC=46C0 AF=8E10 BC=0099 DE=9518 HL=A9D0 IX=4075 IY=0120
VDP_REG14 val=02 r14=2 PC=46C0 AF=8E10 BC=0099 DE=9520 HL=AA50 IX=4075 IY=0120
VDP_REG14 val=02 r14=2 PC=46C0 AF=8E10 BC=0099 DE=9528 HL=AAD0 IX=4075 IY=0120
VDP_REG14 val=02 r14=2 PC=46C0 AF=8E10 BC=0099 DE=9530 HL=AB50 IX=4075 IY=0120
VDP_REG14 val=02 r14=2 PC=46C0 AF=8E10 BC=0099 DE=9538 HL=ABD0 IX=4075 IY=0120
VDP_REG14 val=02 r14=2 PC=46C0 AF=8E10 BC=0099 DE=9540 HL=AC50 IX=4075 IY=0120
VDP_REG14 val=02 r14=2 PC=46C0 AF=8E10 BC=0099 DE=9548 HL=ACD0 IX=4075 IY=0120
VDP_REG14 val=02 r14=2 PC=46C0 AF=8E10 BC=0099 DE=9550 HL=AD50 IX=4075 IY=0120
VDP_REG14 val=02 r14=2 PC=46C0 AF=8E10 BC=0099 DE=9558 HL=ADD0 IX=4075 IY=0120
VDP_REG14 val=02 r14=2 PC=46C0 AF=8E10 BC=0099 DE=9560 HL=AE50 IX=4075 IY=0120
VDP_REG14 val=02 r14=2 PC=46C0 AF=8E10 BC=0099 DE=9568 HL=AED0 IX=4075 IY=0120
VDP_REG14 val=02 r14=2 PC=46C0 AF=8E10 BC=0099 DE=9570 HL=AF50 IX=4075 IY=0120
VDP_REG14 val=02 r14=2 PC=46C0 AF=8E10 BC=0099 DE=9578 HL=AFD0 IX=4075 IY=0120
VDP_REG14 val=02 r14=2 PC=46C0 AF=8E10 BC=0099 DE=9580 HL=A858 IX=4075 IY=0120
VDP_REG14 val=02 r14=2 PC=46C0 AF=8E10 BC=0099 DE=9588 HL=A8D8 IX=4075 IY=0120
VDP_REG14 val=02 r14=2 PC=46C0 AF=8E10 BC=0099 DE=9590 HL=A958 IX=4075 IY=0120
VDP_REG14 val=02 r14=2 PC=46C0 AF=8E10 BC=0099 DE=9598 HL=A9D8 IX=4075 IY=0120
VDP_REG14 val=02 r14=2 PC=46C0 AF=8E10 BC=0099 DE=95A0 HL=AA58 IX=4075 IY=0120
VDP_REG14 val=02 r14=2 PC=46C0 AF=8E10 BC=0099 DE=95A8 HL=AAD8 IX=4075 IY=0120
VDP_REG14 val=02 r14=2 PC=46C0 AF=8E10 BC=0099 DE=95B0 HL=AB58 IX=4075 IY=0120
VDP_REG14 val=02 r14=2 PC=46C0 AF=8E10 BC=0099 DE=95B8 HL=ABD8 IX=4075 IY=0120
VDP_REG14 val=02 r14=2 PC=46C0 AF=8E10 BC=0099 DE=95C0 HL=AC58 IX=4075 IY=0120
VDP_REG14 val=02 r14=2 PC=46C0 AF=8E10 BC=0099 DE=95C8 HL=ACD8 IX=4075 IY=0120
VDP_REG14 val=02 r14=2 PC=46C0 AF=8E10 BC=0099 DE=95D0 HL=AD58 IX=4075 IY=0120
VDP_REG14 val=02 r14=2 PC=46C0 AF=8E10 BC=0099 DE=95D8 HL=ADD8 IX=4075 IY=0120
VDP_REG14 val=02 r14=2 PC=46C0 AF=8E10 BC=0099 DE=95E0 HL=AE58 IX=4075 IY=0120
VDP_REG14 val=02 r14=2 PC=46C0 AF=8E10 BC=0099 DE=95E8 HL=AED8 IX=4075 IY=0120
VDP_REG14 val=02 r14=2 PC=46C0 AF=8E10 BC=0099 DE=95F0 HL=AF58 IX=4075 IY=0120
VDP_REG14 val=02 r14=2 PC=46C0 AF=8E10 BC=0099 DE=95F8 HL=AFD8 IX=4075 IY=0120
VDP_REG14 val=02 r14=2 PC=46C0 AF=8E10 BC=0099 DE=9600 HL=A860 IX=4075 IY=0120
VDP_REG14 val=02 r14=2 PC=46C0 AF=8E10 BC=0099 DE=9608 HL=A8E0 IX=4075 IY=0120
VDP_REG14 val=02 r14=2 PC=46C0 AF=8E10 BC=0099 DE=9610 HL=A960 IX=4075 IY=0120
VDP_REG14 val=02 r14=2 PC=46C0 AF=8E10 BC=0099 DE=9618 HL=A9E0 IX=4075 IY=0120
VDP_REG14 val=02 r14=2 PC=46C0 AF=8E10 BC=0099 DE=9620 HL=AA60 IX=4075 IY=0120
VDP_REG14 val=02 r14=2 PC=46C0 AF=8E10 BC=0099 DE=9628 HL=AAE0 IX=4075 IY=0120
VDP_REG14 val=02 r14=2 PC=46C0 AF=8E10 BC=0099 DE=9630 HL=AB60 IX=4075 IY=0120
VDP_REG14 val=02 r14=2 PC=46C0 AF=8E10 BC=0099 DE=9638 HL=ABE0 IX=4075 IY=0120
VDP_REG14 val=02 r14=2 PC=46C0 AF=8E10 BC=0099 DE=9640 HL=AC60 IX=4075 IY=0120
VDP_REG14 val=02 r14=2 PC=46C0 AF=8E10 BC=0099 DE=9648 HL=ACE0 IX=4075 IY=0120
VDP_REG14 val=02 r14=2 PC=46C0 AF=8E10 BC=0099 DE=9650 HL=AD60 IX=4075 IY=0120
VDP_REG14 val=02 r14=2 PC=46C0 AF=8E10 BC=0099 DE=9658 HL=ADE0 IX=4075 IY=0120
VDP_REG14 val=02 r14=2 PC=46C0 AF=8E10 BC=0099 DE=9660 HL=AE60 IX=4075 IY=0120
VDP_REG14 val=02 r14=2 PC=46C0 AF=8E10 BC=0099 DE=9668 HL=AEE0 IX=4075 IY=0120
VDP_REG14 val=02 r14=2 PC=46C0 AF=8E10 BC=0099 DE=9670 HL=AF60 IX=4075 IY=0120
VDP_REG14 val=02 r14=2 PC=46C0 AF=8E10 BC=0099 DE=9678 HL=AFE0 IX=4075 IY=0120
VDP_REG14 val=02 r14=2 PC=46C0 AF=8E10 BC=0099 DE=9680 HL=A868 IX=4075 IY=0120
VDP_REG14 val=02 r14=2 PC=46C0 AF=8E10 BC=0099 DE=9688 HL=A8E8 IX=4075 IY=0120
VDP_REG14 val=02 r14=2 PC=46C0 AF=8E10 BC=0099 DE=9690 HL=A968 IX=4075 IY=0120
VDP_REG14 val=02 r14=2 PC=46C0 AF=8E10 BC=0099 DE=9698 HL=A9E8 IX=4075 IY=0120
VDP_REG14 val=02 r14=2 PC=46C0 AF=8E10 BC=0099 DE=96A0 HL=AA68 IX=4075 IY=0120
VDP_REG14 val=02 r14=2 PC=46C0 AF=8E10 BC=0099 DE=96A8 HL=AAE8 IX=4075 IY=0120
VDP_REG14 val=02 r14=2 PC=46C0 AF=8E10 BC=0099 DE=96B0 HL=AB68 IX=4075 IY=0120
VDP_REG14 val=02 r14=2 PC=46C0 AF=8E10 BC=0099 DE=96B8 HL=ABE8 IX=4075 IY=0120
VDP_REG14 val=02 r14=2 PC=46C0 AF=8E10 BC=0099 DE=96C0 HL=AC68 IX=4075 IY=0120
VDP_REG14 val=02 r14=2 PC=46C0 AF=8E10 BC=0099 DE=96C8 HL=ACE8 IX=4075 IY=0120
VDP_REG14 val=02 r14=2 PC=46C0 AF=8E10 BC=0099 DE=96D0 HL=AD68 IX=4075 IY=0120
VDP_REG14 val=02 r14=2 PC=46C0 AF=8E10 BC=0099 DE=96D8 HL=ADE8 IX=4075 IY=0120
VDP_REG14 val=02 r14=2 PC=46C0 AF=8E10 BC=0099 DE=96E0 HL=AE68 IX=4075 IY=0120
VDP_REG14 val=02 r14=2 PC=46C0 AF=8E10 BC=0099 DE=96E8 HL=AEE8 IX=4075 IY=0120
VDP_REG14 val=02 r14=2 PC=46C0 AF=8E10 BC=0099 DE=96F0 HL=AF68 IX=4075 IY=0120
VDP_REG14 val=02 r14=2 PC=46C0 AF=8E10 BC=0099 DE=96F8 HL=AFE8 IX=4075 IY=0120
VDP_REG14 val=02 r14=2 PC=46C0 AF=8E10 BC=0099 DE=9700 HL=A870 IX=4075 IY=0120
VDP_REG14 val=02 r14=2 PC=46C0 AF=8E10 BC=0099 DE=9708 HL=A8F0 IX=4075 IY=0120
VDP_REG14 val=02 r14=2 PC=46C0 AF=8E10 BC=0099 DE=9710 HL=A970 IX=4075 IY=0120
VDP_REG14 val=02 r14=2 PC=46C0 AF=8E10 BC=0099 DE=9718 HL=A9F0 IX=4075 IY=0120
VDP_REG14 val=02 r14=2 PC=46C0 AF=8E10 BC=0099 DE=9720 HL=AA70 IX=4075 IY=0120
VDP_REG14 val=02 r14=2 PC=46C0 AF=8E10 BC=0099 DE=9728 HL=AAF0 IX=4075 IY=0120
VDP_REG14 val=02 r14=2 PC=46C0 AF=8E10 BC=0099 DE=9730 HL=AB70 IX=4075 IY=0120
VDP_REG14 val=02 r14=2 PC=46C0 AF=8E10 BC=0099 DE=9738 HL=ABF0 IX=4075 IY=0120
VDP_REG14 val=02 r14=2 PC=46C0 AF=8E10 BC=0099 DE=9740 HL=AC70 IX=4075 IY=0120
VDP_REG14 val=02 r14=2 PC=46C0 AF=8E10 BC=0099 DE=9748 HL=ACF0 IX=4075 IY=0120
VDP_REG14 val=02 r14=2 PC=46C0 AF=8E10 BC=0099 DE=9750 HL=AD70 IX=4075 IY=0120
VDP_REG14 val=02 r14=2 PC=46C0 AF=8E10 BC=0099 DE=9758 HL=ADF0 IX=4075 IY=0120
VDP_REG14 val=02 r14=2 PC=46C0 AF=8E10 BC=0099 DE=9760 HL=AE70 IX=4075 IY=0120
VDP_REG14 val=02 r14=2 PC=46C0 AF=8E10 BC=0099 DE=9768 HL=AEF0 IX=4075 IY=0120
VDP_REG14 val=02 r14=2 PC=46C0 AF=8E10 BC=0099 DE=9770 HL=AF70 IX=4075 IY=0120
VDP_REG14 val=02 r14=2 PC=46C0 AF=8E10 BC=0099 DE=9778 HL=AFF0 IX=4075 IY=0120
VDP_REG14 val=02 r14=2 PC=46C0 AF=8E10 BC=0099 DE=9780 HL=A878 IX=4075 IY=0120
VDP_REG14 val=02 r14=2 PC=46C0 AF=8E10 BC=0099 DE=9788 HL=A8F8 IX=4075 IY=0120
VDP_REG14 val=02 r14=2 PC=46C0 AF=8E10 BC=0099 DE=9790 HL=A978 IX=4075 IY=0120
VDP_REG14 val=02 r14=2 PC=46C0 AF=8E10 BC=0099 DE=9798 HL=A9F8 IX=4075 IY=0120
VDP_REG14 val=02 r14=2 PC=46C0 AF=8E10 BC=0099 DE=97A0 HL=AA78 IX=4075 IY=0120
VDP_REG14 val=02 r14=2 PC=46C0 AF=8E10 BC=0099 DE=97A8 HL=AAF8 IX=4075 IY=0120
VDP_REG14 val=02 r14=2 PC=46C0 AF=8E10 BC=0099 DE=97B0 HL=AB78 IX=4075 IY=0120
VDP_REG14 val=02 r14=2 PC=46C0 AF=8E10 BC=0099 DE=97B8 HL=ABF8 IX=4075 IY=0120
VDP_REG14 val=02 r14=2 PC=46C0 AF=8E10 BC=0099 DE=97C0 HL=AC78 IX=4075 IY=0120
VDP_REG14 val=02 r14=2 PC=46C0 AF=8E10 BC=0099 DE=97C8 HL=ACF8 IX=4075 IY=0120
VDP_REG14 val=02 r14=2 PC=46C0 AF=8E10 BC=0099 DE=97D0 HL=AD78 IX=4075 IY=0120
VDP_REG14 val=02 r14=2 PC=46C0 AF=8E10 BC=0099 DE=97D8 HL=ADF8 IX=4075 IY=0120
VDP_REG14 val=02 r14=2 PC=46C0 AF=8E10 BC=0099 DE=97E0 HL=AE78 IX=4075 IY=0120
VDP_REG14 val=02 r14=2 PC=46C0 AF=8E10 BC=0099 DE=97E8 HL=AEF8 IX=4075 IY=0120
VDP_REG14 val=02 r14=2 PC=46C0 AF=8E10 BC=0099 DE=97F0 HL=AF78 IX=4075 IY=0120
VDP_REG14 val=02 r14=2 PC=46C0 AF=8E10 BC=0099 DE=97F8 HL=AFF8 IX=4075 IY=0120
VDP_REG14 val=02 r14=2 PC=46C0 AF=8E10 BC=0099 DE=9800 HL=B000 IX=4075 IY=0120
VDP_REG14 val=02 r14=2 PC=46C0 AF=8E10 BC=0099 DE=9808 HL=B080 IX=4075 IY=0120
VDP_REG14 val=02 r14=2 PC=46C0 AF=8E10 BC=0099 DE=9810 HL=B100 IX=4075 IY=0120
VDP_REG14 val=02 r14=2 PC=46C0 AF=8E10 BC=0099 DE=9818 HL=B180 IX=4075 IY=0120
VDP_REG14 val=02 r14=2 PC=46C0 AF=8E10 BC=0099 DE=9820 HL=B200 IX=4075 IY=0120
VDP_REG14 val=02 r14=2 PC=46C0 AF=8E10 BC=0099 DE=9828 HL=B280 IX=4075 IY=0120
VDP_REG14 val=02 r14=2 PC=46C0 AF=8E10 BC=0099 DE=9830 HL=B300 IX=4075 IY=0120
VDP_REG14 val=02 r14=2 PC=46C0 AF=8E10 BC=0099 DE=9838 HL=B380 IX=4075 IY=0120
VDP_REG14 val=02 r14=2 PC=46C0 AF=8E10 BC=0099 DE=9840 HL=B400 IX=4075 IY=0120
VDP_REG14 val=02 r14=2 PC=46C0 AF=8E10 BC=0099 DE=9848 HL=B480 IX=4075 IY=0120
VDP_REG14 val=02 r14=2 PC=46C0 AF=8E10 BC=0099 DE=9850 HL=B500 IX=4075 IY=0120
VDP_REG14 val=02 r14=2 PC=46C0 AF=8E10 BC=0099 DE=9858 HL=B580 IX=4075 IY=0120
VDP_REG14 val=02 r14=2 PC=46C0 AF=8E10 BC=0099 DE=9860 HL=B600 IX=4075 IY=0120
VDP_REG14 val=02 r14=2 PC=46C0 AF=8E10 BC=0099 DE=9868 HL=B680 IX=4075 IY=0120
VDP_REG14 val=02 r14=2 PC=46C0 AF=8E10 BC=0099 DE=9870 HL=B700 IX=4075 IY=0120
VDP_REG14 val=02 r14=2 PC=46C0 AF=8E10 BC=0099 DE=9878 HL=B780 IX=4075 IY=0120
VDP_REG14 val=02 r14=2 PC=46C0 AF=8E10 BC=0099 DE=9880 HL=B008 IX=4075 IY=0120
VDP_REG14 val=02 r14=2 PC=46C0 AF=8E10 BC=0099 DE=9888 HL=B088 IX=4075 IY=0120
VDP_REG14 val=02 r14=2 PC=46C0 AF=8E10 BC=0099 DE=9890 HL=B108 IX=4075 IY=0120
VDP_REG14 val=02 r14=2 PC=46C0 AF=8E10 BC=0099 DE=9898 HL=B188 IX=4075 IY=0120
VDP_REG14 val=02 r14=2 PC=46C0 AF=8E10 BC=0099 DE=98A0 HL=B208 IX=4075 IY=0120
VDP_REG14 val=02 r14=2 PC=46C0 AF=8E10 BC=0099 DE=98A8 HL=B288 IX=4075 IY=0120
VDP_REG14 val=02 r14=2 PC=46C0 AF=8E10 BC=0099 DE=98B0 HL=B308 IX=4075 IY=0120
VDP_REG14 val=02 r14=2 PC=46C0 AF=8E10 BC=0099 DE=98B8 HL=B388 IX=4075 IY=0120
VDP_REG14 val=02 r14=2 PC=46C0 AF=8E10 BC=0099 DE=98C0 HL=B408 IX=4075 IY=0120
VDP_REG14 val=02 r14=2 PC=46C0 AF=8E10 BC=0099 DE=98C8 HL=B488 IX=4075 IY=0120
VDP_REG14 val=02 r14=2 PC=46C0 AF=8E10 BC=0099 DE=98D0 HL=B508 IX=4075 IY=0120
VDP_REG14 val=02 r14=2 PC=46C0 AF=8E10 BC=0099 DE=98D8 HL=B588 IX=4075 IY=0120
VDP_REG14 val=02 r14=2 PC=46C0 AF=8E10 BC=0099 DE=98E0 HL=B608 IX=4075 IY=0120
VDP_REG14 val=02 r14=2 PC=46C0 AF=8E10 BC=0099 DE=98E8 HL=B688 IX=4075 IY=0120
VDP_REG14 val=02 r14=2 PC=46C0 AF=8E10 BC=0099 DE=98F0 HL=B708 IX=4075 IY=0120
VDP_REG14 val=02 r14=2 PC=46C0 AF=8E10 BC=0099 DE=98F8 HL=B788 IX=4075 IY=0120
VDP_REG14 val=02 r14=2 PC=46C0 AF=8E10 BC=0099 DE=9900 HL=B010 IX=4075 IY=0120
VDP_REG14 val=02 r14=2 PC=46C0 AF=8E10 BC=0099 DE=9908 HL=B090 IX=4075 IY=0120
VDP_REG14 val=02 r14=2 PC=46C0 AF=8E10 BC=0099 DE=9910 HL=B110 IX=4075 IY=0120
VDP_REG14 val=02 r14=2 PC=46C0 AF=8E10 BC=0099 DE=9918 HL=B190 IX=4075 IY=0120
VDP_REG14 val=02 r14=2 PC=46C0 AF=8E10 BC=0099 DE=9920 HL=B210 IX=4075 IY=0120
VDP_REG14 val=02 r14=2 PC=46C0 AF=8E10 BC=0099 DE=9928 HL=B290 IX=4075 IY=0120
VDP_REG14 val=02 r14=2 PC=46C0 AF=8E10 BC=0099 DE=9930 HL=B310 IX=4075 IY=0120
VDP_REG14 val=02 r14=2 PC=46C0 AF=8E10 BC=0099 DE=9938 HL=B390 IX=4075 IY=0120
VDP_REG14 val=02 r14=2 PC=46C0 AF=8E10 BC=0099 DE=9940 HL=B410 IX=4075 IY=0120
VDP_REG14 val=02 r14=2 PC=46C0 AF=8E10 BC=0099 DE=9948 HL=B490 IX=4075 IY=0120
VDP_REG14 val=02 r14=2 PC=46C0 AF=8E10 BC=0099 DE=9950 HL=B510 IX=4075 IY=0120
VDP_REG14 val=02 r14=2 PC=46C0 AF=8E10 BC=0099 DE=9958 HL=B590 IX=4075 IY=0120
VDP_REG14 val=02 r14=2 PC=46C0 AF=8E10 BC=0099 DE=9960 HL=B610 IX=4075 IY=0120
VDP_REG14 val=02 r14=2 PC=46C0 AF=8E10 BC=0099 DE=9968 HL=B690 IX=4075 IY=0120
VDP_REG14 val=02 r14=2 PC=46C0 AF=8E10 BC=0099 DE=9970 HL=B710 IX=4075 IY=0120
VDP_REG14 val=02 r14=2 PC=46C0 AF=8E10 BC=0099 DE=9978 HL=B790 IX=4075 IY=0120
VDP_REG14 val=02 r14=2 PC=46C0 AF=8E10 BC=0099 DE=9980 HL=B018 IX=4075 IY=0120
VDP_REG14 val=02 r14=2 PC=46C0 AF=8E10 BC=0099 DE=9988 HL=B098 IX=4075 IY=0120
VDP_REG14 val=02 r14=2 PC=46C0 AF=8E10 BC=0099 DE=9990 HL=B118 IX=4075 IY=0120
VDP_REG14 val=02 r14=2 PC=46C0 AF=8E10 BC=0099 DE=9998 HL=B198 IX=4075 IY=0120
VDP_REG14 val=02 r14=2 PC=46C0 AF=8E10 BC=0099 DE=99A0 HL=B218 IX=4075 IY=0120
VDP_REG14 val=02 r14=2 PC=46C0 AF=8E10 BC=0099 DE=99A8 HL=B298 IX=4075 IY=0120
VDP_REG14 val=02 r14=2 PC=46C0 AF=8E10 BC=0099 DE=99B0 HL=B318 IX=4075 IY=0120
VDP_REG14 val=02 r14=2 PC=46C0 AF=8E10 BC=0099 DE=99B8 HL=B398 IX=4075 IY=0120
VDP_REG14 val=02 r14=2 PC=46C0 AF=8E10 BC=0099 DE=99C0 HL=B418 IX=4075 IY=0120
VDP_REG14 val=02 r14=2 PC=46C0 AF=8E10 BC=0099 DE=99C8 HL=B498 IX=4075 IY=0120
VDP_REG14 val=02 r14=2 PC=46C0 AF=8E10 BC=0099 DE=99D0 HL=B518 IX=4075 IY=0120
VDP_REG14 val=02 r14=2 PC=46C0 AF=8E10 BC=0099 DE=99D8 HL=B598 IX=4075 IY=0120
VDP_REG14 val=02 r14=2 PC=46C0 AF=8E10 BC=0099 DE=99E0 HL=B618 IX=4075 IY=0120
VDP_REG14 val=02 r14=2 PC=46C0 AF=8E10 BC=0099 DE=99E8 HL=B698 IX=4075 IY=0120
VDP_REG14 val=02 r14=2 PC=46C0 AF=8E10 BC=0099 DE=99F0 HL=B718 IX=4075 IY=0120
VDP_REG14 val=02 r14=2 PC=46C0 AF=8E10 BC=0099 DE=99F8 HL=B798 IX=4075 IY=0120
VDP_REG14 val=02 r14=2 PC=46C0 AF=8E10 BC=0099 DE=9A00 HL=B028 IX=4075 IY=0120
VDP_REG14 val=02 r14=2 PC=46C0 AF=8E10 BC=0099 DE=9A08 HL=B0A8 IX=4075 IY=0120
VDP_REG14 val=02 r14=2 PC=46C0 AF=8E10 BC=0099 DE=9A10 HL=B128 IX=4075 IY=0120
VDP_REG14 val=02 r14=2 PC=46C0 AF=8E10 BC=0099 DE=9A18 HL=B1A8 IX=4075 IY=0120
VDP_REG14 val=02 r14=2 PC=46C0 AF=8E10 BC=0099 DE=9A20 HL=B228 IX=4075 IY=0120
VDP_REG14 val=02 r14=2 PC=46C0 AF=8E10 BC=0099 DE=9A28 HL=B2A8 IX=4075 IY=0120
VDP_REG14 val=02 r14=2 PC=46C0 AF=8E10 BC=0099 DE=9A30 HL=B328 IX=4075 IY=0120
VDP_REG14 val=02 r14=2 PC=46C0 AF=8E10 BC=0099 DE=9A38 HL=B3A8 IX=4075 IY=0120
VDP_REG14 val=02 r14=2 PC=46C0 AF=8E10 BC=0099 DE=9A40 HL=B428 IX=4075 IY=0120
VDP_REG14 val=02 r14=2 PC=46C0 AF=8E10 BC=0099 DE=9A48 HL=B4A8 IX=4075 IY=0120
VDP_REG14 val=02 r14=2 PC=46C0 AF=8E10 BC=0099 DE=9A50 HL=B528 IX=4075 IY=0120
VDP_REG14 val=02 r14=2 PC=46C0 AF=8E10 BC=0099 DE=9A58 HL=B5A8 IX=4075 IY=0120
VDP_REG14 val=02 r14=2 PC=46C0 AF=8E10 BC=0099 DE=9A60 HL=B628 IX=4075 IY=0120
VDP_REG14 val=02 r14=2 PC=46C0 AF=8E10 BC=0099 DE=9A68 HL=B6A8 IX=4075 IY=0120
VDP_REG14 val=02 r14=2 PC=46C0 AF=8E10 BC=0099 DE=9A70 HL=B728 IX=4075 IY=0120
VDP_REG14 val=02 r14=2 PC=46C0 AF=8E10 BC=0099 DE=9A78 HL=B7A8 IX=4075 IY=0120
VDP_REG14 val=02 r14=2 PC=46C0 AF=8E10 BC=0099 DE=B9C8 HL=B030 IX=4075 IY=0120
VDP_REG14 val=02 r14=2 PC=46C0 AF=8E10 BC=0099 DE=B9D0 HL=B0B0 IX=4075 IY=0120
VDP_REG14 val=02 r14=2 PC=46C0 AF=8E10 BC=0099 DE=B9D8 HL=B130 IX=4075 IY=0120
VDP_REG14 val=02 r14=2 PC=46C0 AF=8E10 BC=0099 DE=B9E0 HL=B1B0 IX=4075 IY=0120
VDP_REG14 val=02 r14=2 PC=46C0 AF=8E10 BC=0099 DE=B9E8 HL=B230 IX=4075 IY=0120
VDP_REG14 val=02 r14=2 PC=46C0 AF=8E10 BC=0099 DE=B9F0 HL=B2B0 IX=4075 IY=0120
VDP_REG14 val=02 r14=2 PC=46C0 AF=8E10 BC=0099 DE=B9F8 HL=B330 IX=4075 IY=0120
VDP_REG14 val=02 r14=2 PC=46C0 AF=8E10 BC=0099 DE=BA00 HL=B3B0 IX=4075 IY=0120
VDP_REG14 val=02 r14=2 PC=46C0 AF=8E10 BC=0099 DE=BA08 HL=B430 IX=4075 IY=0120
VDP_REG14 val=02 r14=2 PC=46C0 AF=8E10 BC=0099 DE=BA10 HL=B4B0 IX=4075 IY=0120
VDP_REG14 val=02 r14=2 PC=46C0 AF=8E10 BC=0099 DE=BA18 HL=B530 IX=4075 IY=0120
VDP_REG14 val=02 r14=2 PC=46C0 AF=8E10 BC=0099 DE=BA20 HL=B5B0 IX=4075 IY=0120
VDP_REG14 val=02 r14=2 PC=46C0 AF=8E10 BC=0099 DE=BA28 HL=B630 IX=4075 IY=0120
VDP_REG14 val=02 r14=2 PC=46C0 AF=8E10 BC=0099 DE=BA30 HL=B6B0 IX=4075 IY=0120
VDP_REG14 val=02 r14=2 PC=46C0 AF=8E10 BC=0099 DE=BA38 HL=B730 IX=4075 IY=0120
VDP_REG14 val=02 r14=2 PC=46C0 AF=8E10 BC=0099 DE=BA40 HL=B7B0 IX=4075 IY=0120
VDP_REG14 val=02 r14=2 PC=46C0 AF=8E10 BC=0099 DE=BA48 HL=B038 IX=4075 IY=0120
VDP_REG14 val=02 r14=2 PC=46C0 AF=8E10 BC=0099 DE=BA50 HL=B0B8 IX=4075 IY=0120
VDP_REG14 val=02 r14=2 PC=46C0 AF=8E10 BC=0099 DE=BA58 HL=B138 IX=4075 IY=0120
VDP_REG14 val=02 r14=2 PC=46C0 AF=8E10 BC=0099 DE=BA60 HL=B1B8 IX=4075 IY=0120
VDP_REG14 val=02 r14=2 PC=46C0 AF=8E10 BC=0099 DE=BA68 HL=B238 IX=4075 IY=0120
VDP_REG14 val=02 r14=2 PC=46C0 AF=8E10 BC=0099 DE=BA70 HL=B2B8 IX=4075 IY=0120
VDP_REG14 val=02 r14=2 PC=46C0 AF=8E10 BC=0099 DE=BA78 HL=B338 IX=4075 IY=0120
VDP_REG14 val=02 r14=2 PC=46C0 AF=8E10 BC=0099 DE=BA80 HL=B3B8 IX=4075 IY=0120
VDP_REG14 val=02 r14=2 PC=46C0 AF=8E10 BC=0099 DE=BA88 HL=B438 IX=4075 IY=0120
VDP_REG14 val=02 r14=2 PC=46C0 AF=8E10 BC=0099 DE=BA90 HL=B4B8 IX=4075 IY=0120
VDP_REG14 val=02 r14=2 PC=46C0 AF=8E10 BC=0099 DE=BA98 HL=B538 IX=4075 IY=0120
VDP_REG14 val=02 r14=2 PC=46C0 AF=8E10 BC=0099 DE=BAA0 HL=B5B8 IX=4075 IY=0120
VDP_REG14 val=02 r14=2 PC=46C0 AF=8E10 BC=0099 DE=BAA8 HL=B638 IX=4075 IY=0120
VDP_REG14 val=02 r14=2 PC=46C0 AF=8E10 BC=0099 DE=BAB0 HL=B6B8 IX=4075 IY=0120
VDP_REG14 val=02 r14=2 PC=46C0 AF=8E10 BC=0099 DE=BAB8 HL=B738 IX=4075 IY=0120
VDP_REG14 val=02 r14=2 PC=46C0 AF=8E10 BC=0099 DE=BAC0 HL=B7B8 IX=4075 IY=0120
VDP_REG14 val=02 r14=2 PC=46C0 AF=8E10 BC=0099 DE=BAC8 HL=B040 IX=4075 IY=0120
VDP_REG14 val=02 r14=2 PC=46C0 AF=8E10 BC=0099 DE=BAD0 HL=B0C0 IX=4075 IY=0120
VDP_REG14 val=02 r14=2 PC=46C0 AF=8E10 BC=0099 DE=BAD8 HL=B140 IX=4075 IY=0120
VDP_REG14 val=02 r14=2 PC=46C0 AF=8E10 BC=0099 DE=BAE0 HL=B1C0 IX=4075 IY=0120
VDP_REG14 val=02 r14=2 PC=46C0 AF=8E10 BC=0099 DE=BAE8 HL=B240 IX=4075 IY=0120
VDP_REG14 val=02 r14=2 PC=46C0 AF=8E10 BC=0099 DE=BAF0 HL=B2C0 IX=4075 IY=0120
VDP_REG14 val=02 r14=2 PC=46C0 AF=8E10 BC=0099 DE=BAF8 HL=B340 IX=4075 IY=0120
VDP_REG14 val=02 r14=2 PC=46C0 AF=8E10 BC=0099 DE=BB00 HL=B3C0 IX=4075 IY=0120
VDP_REG14 val=02 r14=2 PC=46C0 AF=8E10 BC=0099 DE=BB08 HL=B440 IX=4075 IY=0120
VDP_REG14 val=02 r14=2 PC=46C0 AF=8E10 BC=0099 DE=BB10 HL=B4C0 IX=4075 IY=0120
VDP_REG14 val=02 r14=2 PC=46C0 AF=8E10 BC=0099 DE=BB18 HL=B540 IX=4075 IY=0120
VDP_REG14 val=02 r14=2 PC=46C0 AF=8E10 BC=0099 DE=BB20 HL=B5C0 IX=4075 IY=0120
VDP_REG14 val=02 r14=2 PC=46C0 AF=8E10 BC=0099 DE=BB28 HL=B640 IX=4075 IY=0120
VDP_REG14 val=02 r14=2 PC=46C0 AF=8E10 BC=0099 DE=BB30 HL=B6C0 IX=4075 IY=0120
VDP_REG14 val=02 r14=2 PC=46C0 AF=8E10 BC=0099 DE=BB38 HL=B740 IX=4075 IY=0120
VDP_REG14 val=02 r14=2 PC=46C0 AF=8E10 BC=0099 DE=BB40 HL=B7C0 IX=4075 IY=0120
VDP_REG14 val=02 r14=2 PC=46C0 AF=8E10 BC=0099 DE=BB48 HL=B048 IX=4075 IY=0120
VDP_REG14 val=02 r14=2 PC=46C0 AF=8E10 BC=0099 DE=BB50 HL=B0C8 IX=4075 IY=0120
VDP_REG14 val=02 r14=2 PC=46C0 AF=8E10 BC=0099 DE=BB58 HL=B148 IX=4075 IY=0120
VDP_REG14 val=02 r14=2 PC=46C0 AF=8E10 BC=0099 DE=BB60 HL=B1C8 IX=4075 IY=0120
VDP_REG14 val=02 r14=2 PC=46C0 AF=8E10 BC=0099 DE=BB68 HL=B248 IX=4075 IY=0120
VDP_REG14 val=02 r14=2 PC=46C0 AF=8E10 BC=0099 DE=BB70 HL=B2C8 IX=4075 IY=0120
VDP_REG14 val=02 r14=2 PC=46C0 AF=8E10 BC=0099 DE=BB78 HL=B348 IX=4075 IY=0120
VDP_REG14 val=02 r14=2 PC=46C0 AF=8E10 BC=0099 DE=BB80 HL=B3C8 IX=4075 IY=0120
VDP_REG14 val=02 r14=2 PC=46C0 AF=8E10 BC=0099 DE=BB88 HL=B448 IX=4075 IY=0120
VDP_REG14 val=02 r14=2 PC=46C0 AF=8E10 BC=0099 DE=BB90 HL=B4C8 IX=4075 IY=0120
VDP_REG14 val=02 r14=2 PC=46C0 AF=8E10 BC=0099 DE=BB98 HL=B548 IX=4075 IY=0120
VDP_REG14 val=02 r14=2 PC=46C0 AF=8E10 BC=0099 DE=BBA0 HL=B5C8 IX=4075 IY=0120
VDP_REG14 val=02 r14=2 PC=46C0 AF=8E10 BC=0099 DE=BBA8 HL=B648 IX=4075 IY=0120
VDP_REG14 val=02 r14=2 PC=46C0 AF=8E10 BC=0099 DE=BBB0 HL=B6C8 IX=4075 IY=0120
VDP_REG14 val=02 r14=2 PC=46C0 AF=8E10 BC=0099 DE=BBB8 HL=B748 IX=4075 IY=0120
VDP_REG14 val=02 r14=2 PC=46C0 AF=8E10 BC=0099 DE=BBC0 HL=B7C8 IX=4075 IY=0120
VDP_REG14 val=02 r14=2 PC=46C0 AF=8E10 BC=0099 DE=BBC8 HL=B050 IX=4075 IY=0120
VDP_REG14 val=02 r14=2 PC=46C0 AF=8E10 BC=0099 DE=BBD0 HL=B0D0 IX=4075 IY=0120
VDP_REG14 val=02 r14=2 PC=46C0 AF=8E10 BC=0099 DE=BBD8 HL=B150 IX=4075 IY=0120
VDP_REG14 val=02 r14=2 PC=46C0 AF=8E10 BC=0099 DE=BBE0 HL=B1D0 IX=4075 IY=0120
VDP_REG14 val=02 r14=2 PC=46C0 AF=8E10 BC=0099 DE=BBE8 HL=B250 IX=4075 IY=0120
VDP_REG14 val=02 r14=2 PC=46C0 AF=8E10 BC=0099 DE=BBF0 HL=B2D0 IX=4075 IY=0120
VDP_REG14 val=02 r14=2 PC=46C0 AF=8E10 BC=0099 DE=BBF8 HL=B350 IX=4075 IY=0120
VDP_REG14 val=02 r14=2 PC=46C0 AF=8E10 BC=0099 DE=BC00 HL=B3D0 IX=4075 IY=0120
VDP_REG14 val=02 r14=2 PC=46C0 AF=8E10 BC=0099 DE=BC08 HL=B450 IX=4075 IY=0120
VDP_REG14 val=02 r14=2 PC=46C0 AF=8E10 BC=0099 DE=BC10 HL=B4D0 IX=4075 IY=0120
VDP_REG14 val=02 r14=2 PC=46C0 AF=8E10 BC=0099 DE=BC18 HL=B550 IX=4075 IY=0120
VDP_REG14 val=02 r14=2 PC=46C0 AF=8E10 BC=0099 DE=BC20 HL=B5D0 IX=4075 IY=0120
VDP_REG14 val=02 r14=2 PC=46C0 AF=8E10 BC=0099 DE=BC28 HL=B650 IX=4075 IY=0120
VDP_REG14 val=02 r14=2 PC=46C0 AF=8E10 BC=0099 DE=BC30 HL=B6D0 IX=4075 IY=0120
VDP_REG14 val=02 r14=2 PC=46C0 AF=8E10 BC=0099 DE=BC38 HL=B750 IX=4075 IY=0120
VDP_REG14 val=02 r14=2 PC=46C0 AF=8E10 BC=0099 DE=BC40 HL=B7D0 IX=4075 IY=0120
VDP_REG14 val=02 r14=2 PC=46C0 AF=8E10 BC=0099 DE=BC48 HL=B058 IX=4075 IY=0120
VDP_REG14 val=02 r14=2 PC=46C0 AF=8E10 BC=0099 DE=BC50 HL=B0D8 IX=4075 IY=0120
VDP_REG14 val=02 r14=2 PC=46C0 AF=8E10 BC=0099 DE=BC58 HL=B158 IX=4075 IY=0120
VDP_REG14 val=02 r14=2 PC=46C0 AF=8E10 BC=0099 DE=BC60 HL=B1D8 IX=4075 IY=0120
VDP_REG14 val=02 r14=2 PC=46C0 AF=8E10 BC=0099 DE=BC68 HL=B258 IX=4075 IY=0120
VDP_REG14 val=02 r14=2 PC=46C0 AF=8E10 BC=0099 DE=BC70 HL=B2D8 IX=4075 IY=0120
VDP_REG14 val=02 r14=2 PC=46C0 AF=8E10 BC=0099 DE=BC78 HL=B358 IX=4075 IY=0120
VDP_REG14 val=02 r14=2 PC=46C0 AF=8E10 BC=0099 DE=BC80 HL=B3D8 IX=4075 IY=0120
VDP_REG14 val=02 r14=2 PC=46C0 AF=8E10 BC=0099 DE=BC88 HL=B458 IX=4075 IY=0120
VDP_REG14 val=02 r14=2 PC=46C0 AF=8E10 BC=0099 DE=BC90 HL=B4D8 IX=4075 IY=0120
VDP_REG14 val=02 r14=2 PC=46C0 AF=8E10 BC=0099 DE=BC98 HL=B558 IX=4075 IY=0120
VDP_REG14 val=02 r14=2 PC=46C0 AF=8E10 BC=0099 DE=BCA0 HL=B5D8 IX=4075 IY=0120
VDP_REG14 val=02 r14=2 PC=46C0 AF=8E10 BC=0099 DE=BCA8 HL=B658 IX=4075 IY=0120
VDP_REG14 val=02 r14=2 PC=46C0 AF=8E10 BC=0099 DE=BCB0 HL=B6D8 IX=4075 IY=0120
VDP_REG14 val=02 r14=2 PC=46C0 AF=8E10 BC=0099 DE=BCB8 HL=B758 IX=4075 IY=0120
VDP_REG14 val=02 r14=2 PC=46C0 AF=8E10 BC=0099 DE=BCC0 HL=B7D8 IX=4075 IY=0120
VDP_REG14 val=02 r14=2 PC=46C0 AF=8E10 BC=0099 DE=BCC8 HL=B060 IX=4075 IY=0120
VDP_REG14 val=02 r14=2 PC=46C0 AF=8E10 BC=0099 DE=BCD0 HL=B0E0 IX=4075 IY=0120
VDP_REG14 val=02 r14=2 PC=46C0 AF=8E10 BC=0099 DE=BCD8 HL=B160 IX=4075 IY=0120
VDP_REG14 val=02 r14=2 PC=46C0 AF=8E10 BC=0099 DE=BCE0 HL=B1E0 IX=4075 IY=0120
VDP_REG14 val=02 r14=2 PC=46C0 AF=8E10 BC=0099 DE=BCE8 HL=B260 IX=4075 IY=0120
VDP_REG14 val=02 r14=2 PC=46C0 AF=8E10 BC=0099 DE=BCF0 HL=B2E0 IX=4075 IY=0120
VDP_REG14 val=02 r14=2 PC=46C0 AF=8E10 BC=0099 DE=BCF8 HL=B360 IX=4075 IY=0120
VDP_REG14 val=02 r14=2 PC=46C0 AF=8E10 BC=0099 DE=BD00 HL=B3E0 IX=4075 IY=0120
VDP_REG14 val=02 r14=2 PC=46C0 AF=8E10 BC=0099 DE=BD08 HL=B460 IX=4075 IY=0120
VDP_REG14 val=02 r14=2 PC=46C0 AF=8E10 BC=0099 DE=BD10 HL=B4E0 IX=4075 IY=0120
VDP_REG14 val=02 r14=2 PC=46C0 AF=8E10 BC=0099 DE=BD18 HL=B560 IX=4075 IY=0120
VDP_REG14 val=02 r14=2 PC=46C0 AF=8E10 BC=0099 DE=BD20 HL=B5E0 IX=4075 IY=0120
VDP_REG14 val=02 r14=2 PC=46C0 AF=8E10 BC=0099 DE=BD28 HL=B660 IX=4075 IY=0120
VDP_REG14 val=02 r14=2 PC=46C0 AF=8E10 BC=0099 DE=BD30 HL=B6E0 IX=4075 IY=0120
VDP_REG14 val=02 r14=2 PC=46C0 AF=8E10 BC=0099 DE=BD38 HL=B760 IX=4075 IY=0120
VDP_REG14 val=02 r14=2 PC=46C0 AF=8E10 BC=0099 DE=BD40 HL=B7E0 IX=4075 IY=0120
VDP_REG14 val=02 r14=2 PC=46C0 AF=8E10 BC=0099 DE=BD48 HL=B068 IX=4075 IY=0120
VDP_REG14 val=02 r14=2 PC=46C0 AF=8E10 BC=0099 DE=BD50 HL=B0E8 IX=4075 IY=0120
VDP_REG14 val=02 r14=2 PC=46C0 AF=8E10 BC=0099 DE=BD58 HL=B168 IX=4075 IY=0120
VDP_REG14 val=02 r14=2 PC=46C0 AF=8E10 BC=0099 DE=BD60 HL=B1E8 IX=4075 IY=0120
VDP_REG14 val=02 r14=2 PC=46C0 AF=8E10 BC=0099 DE=BD68 HL=B268 IX=4075 IY=0120
VDP_REG14 val=02 r14=2 PC=46C0 AF=8E10 BC=0099 DE=BD70 HL=B2E8 IX=4075 IY=0120
VDP_REG14 val=02 r14=2 PC=46C0 AF=8E10 BC=0099 DE=BD78 HL=B368 IX=4075 IY=0120
VDP_REG14 val=02 r14=2 PC=46C0 AF=8E10 BC=0099 DE=BD80 HL=B3E8 IX=4075 IY=0120
VDP_REG14 val=02 r14=2 PC=46C0 AF=8E10 BC=0099 DE=BD88 HL=B468 IX=4075 IY=0120
VDP_REG14 val=02 r14=2 PC=46C0 AF=8E10 BC=0099 DE=BD90 HL=B4E8 IX=4075 IY=0120
VDP_REG14 val=02 r14=2 PC=46C0 AF=8E10 BC=0099 DE=BD98 HL=B568 IX=4075 IY=0120
VDP_REG14 val=02 r14=2 PC=46C0 AF=8E10 BC=0099 DE=BDA0 HL=B5E8 IX=4075 IY=0120
VDP_REG14 val=02 r14=2 PC=46C0 AF=8E10 BC=0099 DE=BDA8 HL=B668 IX=4075 IY=0120
VDP_REG14 val=02 r14=2 PC=46C0 AF=8E10 BC=0099 DE=BDB0 HL=B6E8 IX=4075 IY=0120
VDP_REG14 val=02 r14=2 PC=46C0 AF=8E10 BC=0099 DE=BDB8 HL=B768 IX=4075 IY=0120
VDP_REG14 val=02 r14=2 PC=46C0 AF=8E10 BC=0099 DE=BDC0 HL=B7E8 IX=4075 IY=0120
VDP_REG14 val=02 r14=2 PC=46C0 AF=8E10 BC=0099 DE=BDC8 HL=B800 IX=4075 IY=0120
VDP_REG14 val=02 r14=2 PC=46C0 AF=8E10 BC=0099 DE=BDD0 HL=B880 IX=4075 IY=0120
VDP_REG14 val=02 r14=2 PC=46C0 AF=8E10 BC=0099 DE=BDD8 HL=B900 IX=4075 IY=0120
VDP_REG14 val=02 r14=2 PC=46C0 AF=8E10 BC=0099 DE=BDE0 HL=B980 IX=4075 IY=0120
VDP_REG14 val=02 r14=2 PC=46C0 AF=8E10 BC=0099 DE=BDE8 HL=BA00 IX=4075 IY=0120
VDP_REG14 val=02 r14=2 PC=46C0 AF=8E10 BC=0099 DE=BDF0 HL=BA80 IX=4075 IY=0120
VDP_REG14 val=02 r14=2 PC=46C0 AF=8E10 BC=0099 DE=BDF8 HL=BB00 IX=4075 IY=0120
VDP_REG14 val=02 r14=2 PC=46C0 AF=8E10 BC=0099 DE=BE00 HL=BB80 IX=4075 IY=0120
VDP_REG14 val=02 r14=2 PC=46C0 AF=8E10 BC=0099 DE=BE08 HL=BC00 IX=4075 IY=0120
VDP_REG14 val=02 r14=2 PC=46C0 AF=8E10 BC=0099 DE=BE10 HL=BC80 IX=4075 IY=0120
VDP_REG14 val=02 r14=2 PC=46C0 AF=8E10 BC=0099 DE=BE18 HL=BD00 IX=4075 IY=0120
VDP_REG14 val=02 r14=2 PC=46C0 AF=8E10 BC=0099 DE=BE20 HL=BD80 IX=4075 IY=0120
VDP_REG14 val=02 r14=2 PC=46C0 AF=8E10 BC=0099 DE=BE28 HL=BE00 IX=4075 IY=0120
VDP_REG14 val=02 r14=2 PC=46C0 AF=8E10 BC=0099 DE=BE30 HL=BE80 IX=4075 IY=0120
VDP_REG14 val=02 r14=2 PC=46C0 AF=8E10 BC=0099 DE=BE38 HL=BF00 IX=4075 IY=0120
VDP_REG14 val=02 r14=2 PC=46C0 AF=8E10 BC=0099 DE=BE40 HL=BF80 IX=4075 IY=0120
VDP_REG14 val=02 r14=2 PC=46C0 AF=8E10 BC=0099 DE=BE48 HL=B808 IX=4075 IY=0120
VDP_REG14 val=02 r14=2 PC=46C0 AF=8E10 BC=0099 DE=BE50 HL=B888 IX=4075 IY=0120
VDP_REG14 val=02 r14=2 PC=46C0 AF=8E10 BC=0099 DE=BE58 HL=B908 IX=4075 IY=0120
VDP_REG14 val=02 r14=2 PC=46C0 AF=8E10 BC=0099 DE=BE60 HL=B988 IX=4075 IY=0120
VDP_REG14 val=02 r14=2 PC=46C0 AF=8E10 BC=0099 DE=BE68 HL=BA08 IX=4075 IY=0120
VDP_REG14 val=02 r14=2 PC=46C0 AF=8E10 BC=0099 DE=BE70 HL=BA88 IX=4075 IY=0120
VDP_REG14 val=02 r14=2 PC=46C0 AF=8E10 BC=0099 DE=BE78 HL=BB08 IX=4075 IY=0120
VDP_REG14 val=02 r14=2 PC=46C0 AF=8E10 BC=0099 DE=BE80 HL=BB88 IX=4075 IY=0120
VDP_REG14 val=02 r14=2 PC=46C0 AF=8E10 BC=0099 DE=BE88 HL=BC08 IX=4075 IY=0120
VDP_REG14 val=02 r14=2 PC=46C0 AF=8E10 BC=0099 DE=BE90 HL=BC88 IX=4075 IY=0120
VDP_REG14 val=02 r14=2 PC=46C0 AF=8E10 BC=0099 DE=BE98 HL=BD08 IX=4075 IY=0120
VDP_REG14 val=02 r14=2 PC=46C0 AF=8E10 BC=0099 DE=BEA0 HL=BD88 IX=4075 IY=0120
VDP_REG14 val=02 r14=2 PC=46C0 AF=8E10 BC=0099 DE=BEA8 HL=BE08 IX=4075 IY=0120
VDP_REG14 val=02 r14=2 PC=46C0 AF=8E10 BC=0099 DE=BEB0 HL=BE88 IX=4075 IY=0120
VDP_REG14 val=02 r14=2 PC=46C0 AF=8E10 BC=0099 DE=BEB8 HL=BF08 IX=4075 IY=0120
VDP_REG14 val=02 r14=2 PC=46C0 AF=8E10 BC=0099 DE=BEC0 HL=BF88 IX=4075 IY=0120
VDP_REG14 val=02 r14=2 PC=46C0 AF=8E10 BC=0099 DE=BEC8 HL=B810 IX=4075 IY=0120
VDP_REG14 val=02 r14=2 PC=46C0 AF=8E10 BC=0099 DE=BED0 HL=B890 IX=4075 IY=0120
VDP_REG14 val=02 r14=2 PC=46C0 AF=8E10 BC=0099 DE=BED8 HL=B910 IX=4075 IY=0120
VDP_REG14 val=02 r14=2 PC=46C0 AF=8E10 BC=0099 DE=BEE0 HL=B990 IX=4075 IY=0120
VDP_REG14 val=02 r14=2 PC=46C0 AF=8E10 BC=0099 DE=BEE8 HL=BA10 IX=4075 IY=0120
VDP_REG14 val=02 r14=2 PC=46C0 AF=8E10 BC=0099 DE=BEF0 HL=BA90 IX=4075 IY=0120
VDP_REG14 val=02 r14=2 PC=46C0 AF=8E10 BC=0099 DE=BEF8 HL=BB10 IX=4075 IY=0120
VDP_REG14 val=02 r14=2 PC=46C0 AF=8E10 BC=0099 DE=BF00 HL=BB90 IX=4075 IY=0120
VDP_REG14 val=02 r14=2 PC=46C0 AF=8E10 BC=0099 DE=BF08 HL=BC10 IX=4075 IY=0120
VDP_REG14 val=02 r14=2 PC=46C0 AF=8E10 BC=0099 DE=BF10 HL=BC90 IX=4075 IY=0120
VDP_REG14 val=02 r14=2 PC=46C0 AF=8E10 BC=0099 DE=BF18 HL=BD10 IX=4075 IY=0120
VDP_REG14 val=02 r14=2 PC=46C0 AF=8E10 BC=0099 DE=BF20 HL=BD90 IX=4075 IY=0120
VDP_REG14 val=02 r14=2 PC=46C0 AF=8E10 BC=0099 DE=BF28 HL=BE10 IX=4075 IY=0120
VDP_REG14 val=02 r14=2 PC=46C0 AF=8E10 BC=0099 DE=BF30 HL=BE90 IX=4075 IY=0120
VDP_REG14 val=02 r14=2 PC=46C0 AF=8E10 BC=0099 DE=BF38 HL=BF10 IX=4075 IY=0120
VDP_REG14 val=02 r14=2 PC=46C0 AF=8E10 BC=0099 DE=BF40 HL=BF90 IX=4075 IY=0120
VDP_REG14 val=02 r14=2 PC=46C0 AF=8E10 BC=0099 DE=BF48 HL=B818 IX=4075 IY=0120
VDP_REG14 val=02 r14=2 PC=46C0 AF=8E10 BC=0099 DE=BF50 HL=B898 IX=4075 IY=0120
VDP_REG14 val=02 r14=2 PC=46C0 AF=8E10 BC=0099 DE=BF58 HL=B918 IX=4075 IY=0120
VDP_REG14 val=02 r14=2 PC=46C0 AF=8E10 BC=0099 DE=BF60 HL=B998 IX=4075 IY=0120
VDP_REG14 val=02 r14=2 PC=46C0 AF=8E10 BC=0099 DE=BF68 HL=BA18 IX=4075 IY=0120
VDP_REG14 val=02 r14=2 PC=46C0 AF=8E10 BC=0099 DE=BF70 HL=BA98 IX=4075 IY=0120
VDP_REG14 val=02 r14=2 PC=46C0 AF=8E10 BC=0099 DE=BF78 HL=BB18 IX=4075 IY=0120
VDP_REG14 val=02 r14=2 PC=46C0 AF=8E10 BC=0099 DE=BF80 HL=BB98 IX=4075 IY=0120
VDP_REG14 val=02 r14=2 PC=46C0 AF=8E10 BC=0099 DE=BF88 HL=BC18 IX=4075 IY=0120
VDP_REG14 val=02 r14=2 PC=46C0 AF=8E10 BC=0099 DE=BF90 HL=BC98 IX=4075 IY=0120
VDP_REG14 val=02 r14=2 PC=46C0 AF=8E10 BC=0099 DE=BF98 HL=BD18 IX=4075 IY=0120
VDP_REG14 val=02 r14=2 PC=46C0 AF=8E10 BC=0099 DE=BFA0 HL=BD98 IX=4075 IY=0120
VDP_REG14 val=02 r14=2 PC=46C0 AF=8E10 BC=0099 DE=BFA8 HL=BE18 IX=4075 IY=0120
VDP_REG14 val=02 r14=2 PC=46C0 AF=8E10 BC=0099 DE=BFB0 HL=BE98 IX=4075 IY=0120
VDP_REG14 val=02 r14=2 PC=46C0 AF=8E10 BC=0099 DE=BFB8 HL=BF18 IX=4075 IY=0120
VDP_REG14 val=02 r14=2 PC=46C0 AF=8E10 BC=0099 DE=BFC0 HL=BF98 IX=4075 IY=0120
VDP_REG14 val=02 r14=2 PC=46C0 AF=8E10 BC=0099 DE=BFC8 HL=B820 IX=4075 IY=0120
VDP_REG14 val=02 r14=2 PC=46C0 AF=8E10 BC=0099 DE=BFD0 HL=B8A0 IX=4075 IY=0120
VDP_REG14 val=02 r14=2 PC=46C0 AF=8E10 BC=0099 DE=BFD8 HL=B920 IX=4075 IY=0120
VDP_REG14 val=02 r14=2 PC=46C0 AF=8E10 BC=0099 DE=BFE0 HL=B9A0 IX=4075 IY=0120
VDP_REG14 val=02 r14=2 PC=46C0 AF=8E10 BC=0099 DE=BFE8 HL=BA20 IX=4075 IY=0120
VDP_REG14 val=02 r14=2 PC=46C0 AF=8E10 BC=0099 DE=BFF0 HL=BAA0 IX=4075 IY=0120
VDP_REG14 val=02 r14=2 PC=46C0 AF=8E10 BC=0099 DE=BFF8 HL=BB20 IX=4075 IY=0120
VDP_REG14 val=02 r14=2 PC=46C0 AF=8E10 BC=0099 DE=C000 HL=BBA0 IX=4075 IY=0120
VDP_REG14 val=02 r14=2 PC=46C0 AF=8E10 BC=0099 DE=C008 HL=BC20 IX=4075 IY=0120
VDP_REG14 val=02 r14=2 PC=46C0 AF=8E10 BC=0099 DE=C010 HL=BCA0 IX=4075 IY=0120
VDP_REG14 val=02 r14=2 PC=46C0 AF=8E10 BC=0099 DE=C018 HL=BD20 IX=4075 IY=0120
VDP_REG14 val=02 r14=2 PC=46C0 AF=8E10 BC=0099 DE=C020 HL=BDA0 IX=4075 IY=0120
VDP_REG14 val=02 r14=2 PC=46C0 AF=8E10 BC=0099 DE=C028 HL=BE20 IX=4075 IY=0120
VDP_REG14 val=02 r14=2 PC=46C0 AF=8E10 BC=0099 DE=C030 HL=BEA0 IX=4075 IY=0120
VDP_REG14 val=02 r14=2 PC=46C0 AF=8E10 BC=0099 DE=C038 HL=BF20 IX=4075 IY=0120
VDP_REG14 val=02 r14=2 PC=46C0 AF=8E10 BC=0099 DE=C040 HL=BFA0 IX=4075 IY=0120
VDP_REG14 val=03 r14=3 PC=46C0 AF=8E14 BC=0099 DE=E900 HL=D000 IX=558E IY=0120
VDP_REG14 val=03 r14=3 PC=46C0 AF=8E14 BC=0099 DE=E904 HL=D080 IX=558E IY=0120
VDP_REG14 val=03 r14=3 PC=46C0 AF=8E14 BC=0099 DE=E908 HL=D100 IX=558E IY=0120
VDP_REG14 val=03 r14=3 PC=46C0 AF=8E14 BC=0099 DE=E90C HL=D180 IX=558E IY=0120
VDP_REG14 val=03 r14=3 PC=46C0 AF=8E14 BC=0099 DE=E910 HL=D200 IX=558E IY=0120
VDP_REG14 val=03 r14=3 PC=46C0 AF=8E14 BC=0099 DE=E914 HL=D280 IX=558E IY=0120
VDP_REG14 val=03 r14=3 PC=46C0 AF=8E14 BC=0099 DE=E918 HL=D300 IX=558E IY=0120
VDP_REG14 val=03 r14=3 PC=46C0 AF=8E14 BC=0099 DE=E91C HL=D380 IX=558E IY=0120
VDP_REG14 val=03 r14=3 PC=46C0 AF=8E14 BC=0099 DE=E900 HL=D004 IX=558E IY=0120
VDP_REG14 val=03 r14=3 PC=46C0 AF=8E14 BC=0099 DE=E904 HL=D084 IX=558E IY=0120
VDP_REG14 val=03 r14=3 PC=46C0 AF=8E14 BC=0099 DE=E908 HL=D104 IX=558E IY=0120
VDP_REG14 val=03 r14=3 PC=46C0 AF=8E14 BC=0099 DE=E90C HL=D184 IX=558E IY=0120
VDP_REG14 val=03 r14=3 PC=46C0 AF=8E14 BC=0099 DE=E910 HL=D204 IX=558E IY=0120
VDP_REG14 val=03 r14=3 PC=46C0 AF=8E14 BC=0099 DE=E914 HL=D284 IX=558E IY=0120
VDP_REG14 val=03 r14=3 PC=46C0 AF=8E14 BC=0099 DE=E918 HL=D304 IX=558E IY=0120
VDP_REG14 val=03 r14=3 PC=46C0 AF=8E14 BC=0099 DE=E91C HL=D384 IX=558E IY=0120
VDP_REG14 val=03 r14=3 PC=46C0 AF=8E14 BC=0099 DE=E900 HL=D008 IX=558E IY=0120
VDP_REG14 val=03 r14=3 PC=46C0 AF=8E14 BC=0099 DE=E904 HL=D088 IX=558E IY=0120
VDP_REG14 val=03 r14=3 PC=46C0 AF=8E14 BC=0099 DE=E908 HL=D108 IX=558E IY=0120
VDP_REG14 val=03 r14=3 PC=46C0 AF=8E14 BC=0099 DE=E90C HL=D188 IX=558E IY=0120
VDP_REG14 val=03 r14=3 PC=46C0 AF=8E14 BC=0099 DE=E910 HL=D208 IX=558E IY=0120
VDP_REG14 val=03 r14=3 PC=46C0 AF=8E14 BC=0099 DE=E914 HL=D288 IX=558E IY=0120
VDP_REG14 val=03 r14=3 PC=46C0 AF=8E14 BC=0099 DE=E918 HL=D308 IX=558E IY=0120
VDP_REG14 val=03 r14=3 PC=46C0 AF=8E14 BC=0099 DE=E91C HL=D388 IX=558E IY=0120
VDP_REG14 val=03 r14=3 PC=46C0 AF=8E14 BC=0099 DE=E900 HL=D00C IX=558E IY=0120
VDP_REG14 val=03 r14=3 PC=46C0 AF=8E14 BC=0099 DE=E904 HL=D08C IX=558E IY=0120
VDP_REG14 val=03 r14=3 PC=46C0 AF=8E14 BC=0099 DE=E908 HL=D10C IX=558E IY=0120
VDP_REG14 val=03 r14=3 PC=46C0 AF=8E14 BC=0099 DE=E90C HL=D18C IX=558E IY=0120
VDP_REG14 val=03 r14=3 PC=46C0 AF=8E14 BC=0099 DE=E910 HL=D20C IX=558E IY=0120
VDP_REG14 val=03 r14=3 PC=46C0 AF=8E14 BC=0099 DE=E914 HL=D28C IX=558E IY=0120
VDP_REG14 val=03 r14=3 PC=46C0 AF=8E14 BC=0099 DE=E918 HL=D30C IX=558E IY=0120
VDP_REG14 val=03 r14=3 PC=46C0 AF=8E14 BC=0099 DE=E91C HL=D38C IX=558E IY=0120
VDP_REG14 val=03 r14=3 PC=46C0 AF=8E14 BC=0099 DE=E900 HL=D400 IX=558E IY=0120
VDP_REG14 val=03 r14=3 PC=46C0 AF=8E14 BC=0099 DE=E904 HL=D480 IX=558E IY=0120
VDP_REG14 val=03 r14=3 PC=46C0 AF=8E14 BC=0099 DE=E908 HL=D500 IX=558E IY=0120
VDP_REG14 val=03 r14=3 PC=46C0 AF=8E14 BC=0099 DE=E90C HL=D580 IX=558E IY=0120
VDP_REG14 val=03 r14=3 PC=46C0 AF=8E14 BC=0099 DE=E910 HL=D600 IX=558E IY=0120
VDP_REG14 val=03 r14=3 PC=46C0 AF=8E14 BC=0099 DE=E914 HL=D680 IX=558E IY=0120
VDP_REG14 val=03 r14=3 PC=46C0 AF=8E14 BC=0099 DE=E918 HL=D700 IX=558E IY=0120
VDP_REG14 val=03 r14=3 PC=46C0 AF=8E14 BC=0099 DE=E91C HL=D780 IX=558E IY=0120
VDP_REG14 val=03 r14=3 PC=46C0 AF=8E14 BC=0099 DE=E800 HL=D404 IX=558E IY=0120
VDP_REG14 val=03 r14=3 PC=46C0 AF=8E14 BC=0099 DE=E804 HL=D484 IX=558E IY=0120
VDP_REG14 val=03 r14=3 PC=46C0 AF=8E14 BC=0099 DE=E808 HL=D504 IX=558E IY=0120
VDP_REG14 val=03 r14=3 PC=46C0 AF=8E14 BC=0099 DE=E80C HL=D584 IX=558E IY=0120
VDP_REG14 val=03 r14=3 PC=46C0 AF=8E14 BC=0099 DE=E810 HL=D604 IX=558E IY=0120
VDP_REG14 val=03 r14=3 PC=46C0 AF=8E14 BC=0099 DE=E814 HL=D684 IX=558E IY=0120
VDP_REG14 val=03 r14=3 PC=46C0 AF=8E14 BC=0099 DE=E818 HL=D704 IX=558E IY=0120
VDP_REG14 val=03 r14=3 PC=46C0 AF=8E14 BC=0099 DE=E81C HL=D784 IX=558E IY=0120
VDP_REG14 val=03 r14=3 PC=46C0 AF=8E14 BC=0099 DE=E820 HL=D408 IX=558E IY=0120
VDP_REG14 val=03 r14=3 PC=46C0 AF=8E14 BC=0099 DE=E824 HL=D488 IX=558E IY=0120
VDP_REG14 val=03 r14=3 PC=46C0 AF=8E14 BC=0099 DE=E828 HL=D508 IX=558E IY=0120
VDP_REG14 val=03 r14=3 PC=46C0 AF=8E14 BC=0099 DE=E82C HL=D588 IX=558E IY=0120
VDP_REG14 val=03 r14=3 PC=46C0 AF=8E14 BC=0099 DE=E830 HL=D608 IX=558E IY=0120
VDP_REG14 val=03 r14=3 PC=46C0 AF=8E14 BC=0099 DE=E834 HL=D688 IX=558E IY=0120
VDP_REG14 val=03 r14=3 PC=46C0 AF=8E14 BC=0099 DE=E838 HL=D708 IX=558E IY=0120
VDP_REG14 val=03 r14=3 PC=46C0 AF=8E14 BC=0099 DE=E83C HL=D788 IX=558E IY=0120
VDP_REG14 val=03 r14=3 PC=46C0 AF=8E14 BC=0099 DE=E840 HL=D40C IX=558E IY=0120
VDP_REG14 val=03 r14=3 PC=46C0 AF=8E14 BC=0099 DE=E844 HL=D48C IX=558E IY=0120
VDP_REG14 val=03 r14=3 PC=46C0 AF=8E14 BC=0099 DE=E848 HL=D50C IX=558E IY=0120
VDP_REG14 val=03 r14=3 PC=46C0 AF=8E14 BC=0099 DE=E84C HL=D58C IX=558E IY=0120
VDP_REG14 val=03 r14=3 PC=46C0 AF=8E14 BC=0099 DE=E850 HL=D60C IX=558E IY=0120
VDP_REG14 val=03 r14=3 PC=46C0 AF=8E14 BC=0099 DE=E854 HL=D68C IX=558E IY=0120
VDP_REG14 val=03 r14=3 PC=46C0 AF=8E14 BC=0099 DE=E858 HL=D70C IX=558E IY=0120
VDP_REG14 val=03 r14=3 PC=46C0 AF=8E14 BC=0099 DE=E85C HL=D78C IX=558E IY=0120
VDP_REG14 val=03 r14=3 PC=46C0 AF=8E14 BC=0099 DE=E900 HL=D800 IX=558E IY=0120
VDP_REG14 val=03 r14=3 PC=46C0 AF=8E14 BC=0099 DE=E904 HL=D880 IX=558E IY=0120
VDP_REG14 val=03 r14=3 PC=46C0 AF=8E14 BC=0099 DE=E908 HL=D900 IX=558E IY=0120
VDP_REG14 val=03 r14=3 PC=46C0 AF=8E14 BC=0099 DE=E90C HL=D980 IX=558E IY=0120
VDP_REG14 val=03 r14=3 PC=46C0 AF=8E14 BC=0099 DE=E910 HL=DA00 IX=558E IY=0120
VDP_REG14 val=03 r14=3 PC=46C0 AF=8E14 BC=0099 DE=E914 HL=DA80 IX=558E IY=0120
VDP_REG14 val=03 r14=3 PC=46C0 AF=8E14 BC=0099 DE=E918 HL=DB00 IX=558E IY=0120
VDP_REG14 val=03 r14=3 PC=46C0 AF=8E14 BC=0099 DE=E91C HL=DB80 IX=558E IY=0120
VDP_REG14 val=03 r14=3 PC=46C0 AF=8E14 BC=0099 DE=E860 HL=D804 IX=558E IY=0120
VDP_REG14 val=03 r14=3 PC=46C0 AF=8E14 BC=0099 DE=E864 HL=D884 IX=558E IY=0120
VDP_REG14 val=03 r14=3 PC=46C0 AF=8E14 BC=0099 DE=E868 HL=D904 IX=558E IY=0120
VDP_REG14 val=03 r14=3 PC=46C0 AF=8E14 BC=0099 DE=E86C HL=D984 IX=558E IY=0120
VDP_REG14 val=03 r14=3 PC=46C0 AF=8E14 BC=0099 DE=E870 HL=DA04 IX=558E IY=0120
VDP_REG14 val=03 r14=3 PC=46C0 AF=8E14 BC=0099 DE=E874 HL=DA84 IX=558E IY=0120
VDP_REG14 val=03 r14=3 PC=46C0 AF=8E14 BC=0099 DE=E878 HL=DB04 IX=558E IY=0120
VDP_REG14 val=03 r14=3 PC=46C0 AF=8E14 BC=0099 DE=E87C HL=DB84 IX=558E IY=0120
VDP_REG14 val=03 r14=3 PC=46C0 AF=8E14 BC=0099 DE=E880 HL=D808 IX=558E IY=0120
VDP_REG14 val=03 r14=3 PC=46C0 AF=8E14 BC=0099 DE=E884 HL=D888 IX=558E IY=0120
VDP_REG14 val=03 r14=3 PC=46C0 AF=8E14 BC=0099 DE=E888 HL=D908 IX=558E IY=0120
VDP_REG14 val=03 r14=3 PC=46C0 AF=8E14 BC=0099 DE=E88C HL=D988 IX=558E IY=0120
VDP_REG14 val=03 r14=3 PC=46C0 AF=8E14 BC=0099 DE=E890 HL=DA08 IX=558E IY=0120
VDP_REG14 val=03 r14=3 PC=46C0 AF=8E14 BC=0099 DE=E894 HL=DA88 IX=558E IY=0120
VDP_REG14 val=03 r14=3 PC=46C0 AF=8E14 BC=0099 DE=E898 HL=DB08 IX=558E IY=0120
VDP_REG14 val=03 r14=3 PC=46C0 AF=8E14 BC=0099 DE=E89C HL=DB88 IX=558E IY=0120
VDP_REG14 val=03 r14=3 PC=46C0 AF=8E14 BC=0099 DE=E900 HL=D80C IX=558E IY=0120
VDP_REG14 val=03 r14=3 PC=46C0 AF=8E14 BC=0099 DE=E904 HL=D88C IX=558E IY=0120
VDP_REG14 val=03 r14=3 PC=46C0 AF=8E14 BC=0099 DE=E908 HL=D90C IX=558E IY=0120
VDP_REG14 val=03 r14=3 PC=46C0 AF=8E14 BC=0099 DE=E90C HL=D98C IX=558E IY=0120
VDP_REG14 val=03 r14=3 PC=46C0 AF=8E14 BC=0099 DE=E910 HL=DA0C IX=558E IY=0120
VDP_REG14 val=03 r14=3 PC=46C0 AF=8E14 BC=0099 DE=E914 HL=DA8C IX=558E IY=0120
VDP_REG14 val=03 r14=3 PC=46C0 AF=8E14 BC=0099 DE=E918 HL=DB0C IX=558E IY=0120
VDP_REG14 val=03 r14=3 PC=46C0 AF=8E14 BC=0099 DE=E91C HL=DB8C IX=558E IY=0120
VDP_REG14 val=03 r14=3 PC=46C0 AF=8E14 BC=0099 DE=E8A0 HL=DC00 IX=558E IY=0120
VDP_REG14 val=03 r14=3 PC=46C0 AF=8E14 BC=0099 DE=E8A4 HL=DC80 IX=558E IY=0120
VDP_REG14 val=03 r14=3 PC=46C0 AF=8E14 BC=0099 DE=E8A8 HL=DD00 IX=558E IY=0120
VDP_REG14 val=03 r14=3 PC=46C0 AF=8E14 BC=0099 DE=E8AC HL=DD80 IX=558E IY=0120
VDP_REG14 val=03 r14=3 PC=46C0 AF=8E14 BC=0099 DE=E8B0 HL=DE00 IX=558E IY=0120
VDP_REG14 val=03 r14=3 PC=46C0 AF=8E14 BC=0099 DE=E8B4 HL=DE80 IX=558E IY=0120
VDP_REG14 val=03 r14=3 PC=46C0 AF=8E14 BC=0099 DE=E8B8 HL=DF00 IX=558E IY=0120
VDP_REG14 val=03 r14=3 PC=46C0 AF=8E14 BC=0099 DE=E8BC HL=DF80 IX=558E IY=0120
VDP_REG14 val=03 r14=3 PC=46C0 AF=8E14 BC=0099 DE=E8C0 HL=DC04 IX=558E IY=0120
VDP_REG14 val=03 r14=3 PC=46C0 AF=8E14 BC=0099 DE=E8C4 HL=DC84 IX=558E IY=0120
VDP_REG14 val=03 r14=3 PC=46C0 AF=8E14 BC=0099 DE=E8C8 HL=DD04 IX=558E IY=0120
VDP_REG14 val=03 r14=3 PC=46C0 AF=8E14 BC=0099 DE=E8CC HL=DD84 IX=558E IY=0120
VDP_REG14 val=03 r14=3 PC=46C0 AF=8E14 BC=0099 DE=E8D0 HL=DE04 IX=558E IY=0120
VDP_REG14 val=03 r14=3 PC=46C0 AF=8E14 BC=0099 DE=E8D4 HL=DE84 IX=558E IY=0120
VDP_REG14 val=03 r14=3 PC=46C0 AF=8E14 BC=0099 DE=E8D8 HL=DF04 IX=558E IY=0120
VDP_REG14 val=03 r14=3 PC=46C0 AF=8E14 BC=0099 DE=E8DC HL=DF84 IX=558E IY=0120
VDP_REG14 val=03 r14=3 PC=46C0 AF=8E14 BC=0099 DE=E8E0 HL=DC08 IX=558E IY=0120
VDP_REG14 val=03 r14=3 PC=46C0 AF=8E14 BC=0099 DE=E8E4 HL=DC88 IX=558E IY=0120
VDP_REG14 val=03 r14=3 PC=46C0 AF=8E14 BC=0099 DE=E8E8 HL=DD08 IX=558E IY=0120
VDP_REG14 val=03 r14=3 PC=46C0 AF=8E14 BC=0099 DE=E8EC HL=DD88 IX=558E IY=0120
VDP_REG14 val=03 r14=3 PC=46C0 AF=8E14 BC=0099 DE=E8F0 HL=DE08 IX=558E IY=0120
VDP_REG14 val=03 r14=3 PC=46C0 AF=8E14 BC=0099 DE=E8F4 HL=DE88 IX=558E IY=0120
VDP_REG14 val=03 r14=3 PC=46C0 AF=8E14 BC=0099 DE=E8F8 HL=DF08 IX=558E IY=0120
VDP_REG14 val=03 r14=3 PC=46C0 AF=8E14 BC=0099 DE=E8FC HL=DF88 IX=558E IY=0120
VDP_REG14 val=03 r14=3 PC=46C0 AF=8E14 BC=0099 DE=E900 HL=DC0C IX=558E IY=0120
VDP_REG14 val=03 r14=3 PC=46C0 AF=8E14 BC=0099 DE=E904 HL=DC8C IX=558E IY=0120
VDP_REG14 val=03 r14=3 PC=46C0 AF=8E14 BC=0099 DE=E908 HL=DD0C IX=558E IY=0120
VDP_REG14 val=03 r14=3 PC=46C0 AF=8E14 BC=0099 DE=E90C HL=DD8C IX=558E IY=0120
VDP_REG14 val=03 r14=3 PC=46C0 AF=8E14 BC=0099 DE=E910 HL=DE0C IX=558E IY=0120
VDP_REG14 val=03 r14=3 PC=46C0 AF=8E14 BC=0099 DE=E914 HL=DE8C IX=558E IY=0120
VDP_REG14 val=03 r14=3 PC=46C0 AF=8E14 BC=0099 DE=E918 HL=DF0C IX=558E IY=0120
VDP_REG14 val=03 r14=3 PC=46C0 AF=8E14 BC=0099 DE=E91C HL=DF8C IX=558E IY=0120
VDP_REG14 val=03 r14=3 PC=46C0 AF=8E14 BC=0099 DE=E900 HL=D010 IX=558F IY=0120
VDP_REG14 val=03 r14=3 PC=46C0 AF=8E14 BC=0099 DE=E904 HL=D090 IX=558F IY=0120
VDP_REG14 val=03 r14=3 PC=46C0 AF=8E14 BC=0099 DE=E908 HL=D110 IX=558F IY=0120
VDP_REG14 val=03 r14=3 PC=46C0 AF=8E14 BC=0099 DE=E90C HL=D190 IX=558F IY=0120
VDP_REG14 val=03 r14=3 PC=46C0 AF=8E14 BC=0099 DE=E910 HL=D210 IX=558F IY=0120
VDP_REG14 val=03 r14=3 PC=46C0 AF=8E14 BC=0099 DE=E914 HL=D290 IX=558F IY=0120
VDP_REG14 val=03 r14=3 PC=46C0 AF=8E14 BC=0099 DE=E918 HL=D310 IX=558F IY=0120
VDP_REG14 val=03 r14=3 PC=46C0 AF=8E14 BC=0099 DE=E91C HL=D390 IX=558F IY=0120
VDP_REG14 val=03 r14=3 PC=46C0 AF=8E14 BC=0099 DE=E900 HL=D014 IX=558F IY=0120
VDP_REG14 val=03 r14=3 PC=46C0 AF=8E14 BC=0099 DE=E904 HL=D094 IX=558F IY=0120
VDP_REG14 val=03 r14=3 PC=46C0 AF=8E14 BC=0099 DE=E908 HL=D114 IX=558F IY=0120
VDP_REG14 val=03 r14=3 PC=46C0 AF=8E14 BC=0099 DE=E90C HL=D194 IX=558F IY=0120
VDP_REG14 val=03 r14=3 PC=46C0 AF=8E14 BC=0099 DE=E910 HL=D214 IX=558F IY=0120
VDP_REG14 val=03 r14=3 PC=46C0 AF=8E14 BC=0099 DE=E914 HL=D294 IX=558F IY=0120
VDP_REG14 val=03 r14=3 PC=46C0 AF=8E14 BC=0099 DE=E918 HL=D314 IX=558F IY=0120
VDP_REG14 val=03 r14=3 PC=46C0 AF=8E14 BC=0099 DE=E91C HL=D394 IX=558F IY=0120
VDP_REG14 val=03 r14=3 PC=46C0 AF=8E14 BC=0099 DE=E900 HL=D018 IX=558F IY=0120
VDP_REG14 val=03 r14=3 PC=46C0 AF=8E14 BC=0099 DE=E904 HL=D098 IX=558F IY=0120
VDP_REG14 val=03 r14=3 PC=46C0 AF=8E14 BC=0099 DE=E908 HL=D118 IX=558F IY=0120
VDP_REG14 val=03 r14=3 PC=46C0 AF=8E14 BC=0099 DE=E90C HL=D198 IX=558F IY=0120
VDP_REG14 val=03 r14=3 PC=46C0 AF=8E14 BC=0099 DE=E910 HL=D218 IX=558F IY=0120
VDP_REG14 val=03 r14=3 PC=46C0 AF=8E14 BC=0099 DE=E914 HL=D298 IX=558F IY=0120
VDP_REG14 val=03 r14=3 PC=46C0 AF=8E14 BC=0099 DE=E918 HL=D318 IX=558F IY=0120
VDP_REG14 val=03 r14=3 PC=46C0 AF=8E14 BC=0099 DE=E91C HL=D398 IX=558F IY=0120
VDP_REG14 val=03 r14=3 PC=46C0 AF=8E14 BC=0099 DE=E900 HL=D01C IX=558F IY=0120
VDP_REG14 val=03 r14=3 PC=46C0 AF=8E14 BC=0099 DE=E904 HL=D09C IX=558F IY=0120
VDP_REG14 val=03 r14=3 PC=46C0 AF=8E14 BC=0099 DE=E908 HL=D11C IX=558F IY=0120
VDP_REG14 val=03 r14=3 PC=46C0 AF=8E14 BC=0099 DE=E90C HL=D19C IX=558F IY=0120
VDP_REG14 val=03 r14=3 PC=46C0 AF=8E14 BC=0099 DE=E910 HL=D21C IX=558F IY=0120
VDP_REG14 val=03 r14=3 PC=46C0 AF=8E14 BC=0099 DE=E914 HL=D29C IX=558F IY=0120
VDP_REG14 val=03 r14=3 PC=46C0 AF=8E14 BC=0099 DE=E918 HL=D31C IX=558F IY=0120
VDP_REG14 val=03 r14=3 PC=46C0 AF=8E14 BC=0099 DE=E91C HL=D39C IX=558F IY=0120
VDP_REG14 val=03 r14=3 PC=46C0 AF=8E14 BC=0099 DE=E900 HL=D410 IX=558F IY=0120
VDP_REG14 val=03 r14=3 PC=46C0 AF=8E14 BC=0099 DE=E904 HL=D490 IX=558F IY=0120
VDP_REG14 val=03 r14=3 PC=46C0 AF=8E14 BC=0099 DE=E908 HL=D510 IX=558F IY=0120
VDP_REG14 val=03 r14=3 PC=46C0 AF=8E14 BC=0099 DE=E90C HL=D590 IX=558F IY=0120
VDP_REG14 val=03 r14=3 PC=46C0 AF=8E14 BC=0099 DE=E910 HL=D610 IX=558F IY=0120
VDP_REG14 val=03 r14=3 PC=46C0 AF=8E14 BC=0099 DE=E914 HL=D690 IX=558F IY=0120
VDP_REG14 val=03 r14=3 PC=46C0 AF=8E14 BC=0099 DE=E918 HL=D710 IX=558F IY=0120
VDP_REG14 val=03 r14=3 PC=46C0 AF=8E14 BC=0099 DE=E91C HL=D790 IX=558F IY=0120
VDP_REG14 val=03 r14=3 PC=46C0 AF=8E14 BC=0099 DE=E800 HL=D414 IX=558F IY=0120
VDP_REG14 val=03 r14=3 PC=46C0 AF=8E14 BC=0099 DE=E804 HL=D494 IX=558F IY=0120
VDP_REG14 val=03 r14=3 PC=46C0 AF=8E14 BC=0099 DE=E808 HL=D514 IX=558F IY=0120
VDP_REG14 val=03 r14=3 PC=46C0 AF=8E14 BC=0099 DE=E80C HL=D594 IX=558F IY=0120
VDP_REG14 val=03 r14=3 PC=46C0 AF=8E14 BC=0099 DE=E810 HL=D614 IX=558F IY=0120
VDP_REG14 val=03 r14=3 PC=46C0 AF=8E14 BC=0099 DE=E814 HL=D694 IX=558F IY=0120
VDP_REG14 val=03 r14=3 PC=46C0 AF=8E14 BC=0099 DE=E818 HL=D714 IX=558F IY=0120
VDP_REG14 val=03 r14=3 PC=46C0 AF=8E14 BC=0099 DE=E81C HL=D794 IX=558F IY=0120
VDP_REG14 val=03 r14=3 PC=46C0 AF=8E14 BC=0099 DE=E820 HL=D418 IX=558F IY=0120
VDP_REG14 val=03 r14=3 PC=46C0 AF=8E14 BC=0099 DE=E824 HL=D498 IX=558F IY=0120
VDP_REG14 val=03 r14=3 PC=46C0 AF=8E14 BC=0099 DE=E828 HL=D518 IX=558F IY=0120
VDP_REG14 val=03 r14=3 PC=46C0 AF=8E14 BC=0099 DE=E82C HL=D598 IX=558F IY=0120
VDP_REG14 val=03 r14=3 PC=46C0 AF=8E14 BC=0099 DE=E830 HL=D618 IX=558F IY=0120
VDP_REG14 val=03 r14=3 PC=46C0 AF=8E14 BC=0099 DE=E834 HL=D698 IX=558F IY=0120
VDP_REG14 val=03 r14=3 PC=46C0 AF=8E14 BC=0099 DE=E838 HL=D718 IX=558F IY=0120
VDP_REG14 val=03 r14=3 PC=46C0 AF=8E14 BC=0099 DE=E83C HL=D798 IX=558F IY=0120
VDP_REG14 val=03 r14=3 PC=46C0 AF=8E14 BC=0099 DE=E840 HL=D41C IX=558F IY=0120
VDP_REG14 val=03 r14=3 PC=46C0 AF=8E14 BC=0099 DE=E844 HL=D49C IX=558F IY=0120
VDP_REG14 val=03 r14=3 PC=46C0 AF=8E14 BC=0099 DE=E848 HL=D51C IX=558F IY=0120
VDP_REG14 val=03 r14=3 PC=46C0 AF=8E14 BC=0099 DE=E84C HL=D59C IX=558F IY=0120
VDP_REG14 val=03 r14=3 PC=46C0 AF=8E14 BC=0099 DE=E850 HL=D61C IX=558F IY=0120
VDP_REG14 val=03 r14=3 PC=46C0 AF=8E14 BC=0099 DE=E854 HL=D69C IX=558F IY=0120
VDP_REG14 val=03 r14=3 PC=46C0 AF=8E14 BC=0099 DE=E858 HL=D71C IX=558F IY=0120
VDP_REG14 val=03 r14=3 PC=46C0 AF=8E14 BC=0099 DE=E85C HL=D79C IX=558F IY=0120
VDP_REG14 val=03 r14=3 PC=46C0 AF=8E14 BC=0099 DE=E900 HL=D810 IX=558F IY=0120
VDP_REG14 val=03 r14=3 PC=46C0 AF=8E14 BC=0099 DE=E904 HL=D890 IX=558F IY=0120
VDP_REG14 val=03 r14=3 PC=46C0 AF=8E14 BC=0099 DE=E908 HL=D910 IX=558F IY=0120
VDP_REG14 val=03 r14=3 PC=46C0 AF=8E14 BC=0099 DE=E90C HL=D990 IX=558F IY=0120
VDP_REG14 val=03 r14=3 PC=46C0 AF=8E14 BC=0099 DE=E910 HL=DA10 IX=558F IY=0120
VDP_REG14 val=03 r14=3 PC=46C0 AF=8E14 BC=0099 DE=E914 HL=DA90 IX=558F IY=0120
VDP_REG14 val=03 r14=3 PC=46C0 AF=8E14 BC=0099 DE=E918 HL=DB10 IX=558F IY=0120
VDP_REG14 val=03 r14=3 PC=46C0 AF=8E14 BC=0099 DE=E91C HL=DB90 IX=558F IY=0120
VDP_REG14 val=03 r14=3 PC=46C0 AF=8E14 BC=0099 DE=E860 HL=D814 IX=558F IY=0120
VDP_REG14 val=03 r14=3 PC=46C0 AF=8E14 BC=0099 DE=E864 HL=D894 IX=558F IY=0120
VDP_REG14 val=03 r14=3 PC=46C0 AF=8E14 BC=0099 DE=E868 HL=D914 IX=558F IY=0120
VDP_REG14 val=03 r14=3 PC=46C0 AF=8E14 BC=0099 DE=E86C HL=D994 IX=558F IY=0120
VDP_REG14 val=03 r14=3 PC=46C0 AF=8E14 BC=0099 DE=E870 HL=DA14 IX=558F IY=0120
VDP_REG14 val=03 r14=3 PC=46C0 AF=8E14 BC=0099 DE=E874 HL=DA94 IX=558F IY=0120
VDP_REG14 val=03 r14=3 PC=46C0 AF=8E14 BC=0099 DE=E878 HL=DB14 IX=558F IY=0120
VDP_REG14 val=03 r14=3 PC=46C0 AF=8E14 BC=0099 DE=E87C HL=DB94 IX=558F IY=0120
VDP_REG14 val=03 r14=3 PC=46C0 AF=8E14 BC=0099 DE=E880 HL=D818 IX=558F IY=0120
VDP_REG14 val=03 r14=3 PC=46C0 AF=8E14 BC=0099 DE=E884 HL=D898 IX=558F IY=0120
VDP_REG14 val=03 r14=3 PC=46C0 AF=8E14 BC=0099 DE=E888 HL=D918 IX=558F IY=0120
VDP_REG14 val=03 r14=3 PC=46C0 AF=8E14 BC=0099 DE=E88C HL=D998 IX=558F IY=0120
VDP_REG14 val=03 r14=3 PC=46C0 AF=8E14 BC=0099 DE=E890 HL=DA18 IX=558F IY=0120
VDP_REG14 val=03 r14=3 PC=46C0 AF=8E14 BC=0099 DE=E894 HL=DA98 IX=558F IY=0120
VDP_REG14 val=03 r14=3 PC=46C0 AF=8E14 BC=0099 DE=E898 HL=DB18 IX=558F IY=0120
VDP_REG14 val=03 r14=3 PC=46C0 AF=8E14 BC=0099 DE=E89C HL=DB98 IX=558F IY=0120
VDP_REG14 val=03 r14=3 PC=46C0 AF=8E14 BC=0099 DE=E900 HL=D81C IX=558F IY=0120
VDP_REG14 val=03 r14=3 PC=46C0 AF=8E14 BC=0099 DE=E904 HL=D89C IX=558F IY=0120
VDP_REG14 val=03 r14=3 PC=46C0 AF=8E14 BC=0099 DE=E908 HL=D91C IX=558F IY=0120
VDP_REG14 val=03 r14=3 PC=46C0 AF=8E14 BC=0099 DE=E90C HL=D99C IX=558F IY=0120
VDP_REG14 val=03 r14=3 PC=46C0 AF=8E14 BC=0099 DE=E910 HL=DA1C IX=558F IY=0120
VDP_REG14 val=03 r14=3 PC=46C0 AF=8E14 BC=0099 DE=E914 HL=DA9C IX=558F IY=0120
VDP_REG14 val=03 r14=3 PC=46C0 AF=8E14 BC=0099 DE=E918 HL=DB1C IX=558F IY=0120
VDP_REG14 val=03 r14=3 PC=46C0 AF=8E14 BC=0099 DE=E91C HL=DB9C IX=558F IY=0120
VDP_REG14 val=03 r14=3 PC=46C0 AF=8E14 BC=0099 DE=E8A0 HL=DC10 IX=558F IY=0120
VDP_REG14 val=03 r14=3 PC=46C0 AF=8E14 BC=0099 DE=E8A4 HL=DC90 IX=558F IY=0120
VDP_REG14 val=03 r14=3 PC=46C0 AF=8E14 BC=0099 DE=E8A8 HL=DD10 IX=558F IY=0120
VDP_REG14 val=03 r14=3 PC=46C0 AF=8E14 BC=0099 DE=E8AC HL=DD90 IX=558F IY=0120
VDP_REG14 val=03 r14=3 PC=46C0 AF=8E14 BC=0099 DE=E8B0 HL=DE10 IX=558F IY=0120
VDP_REG14 val=03 r14=3 PC=46C0 AF=8E14 BC=0099 DE=E8B4 HL=DE90 IX=558F IY=0120
VDP_REG14 val=03 r14=3 PC=46C0 AF=8E14 BC=0099 DE=E8B8 HL=DF10 IX=558F IY=0120
VDP_REG14 val=03 r14=3 PC=46C0 AF=8E14 BC=0099 DE=E8BC HL=DF90 IX=558F IY=0120
VDP_REG14 val=03 r14=3 PC=46C0 AF=8E14 BC=0099 DE=E8C0 HL=DC14 IX=558F IY=0120
VDP_REG14 val=03 r14=3 PC=46C0 AF=8E14 BC=0099 DE=E8C4 HL=DC94 IX=558F IY=0120
VDP_REG14 val=03 r14=3 PC=46C0 AF=8E14 BC=0099 DE=E8C8 HL=DD14 IX=558F IY=0120
VDP_REG14 val=03 r14=3 PC=46C0 AF=8E14 BC=0099 DE=E8CC HL=DD94 IX=558F IY=0120
VDP_REG14 val=03 r14=3 PC=46C0 AF=8E14 BC=0099 DE=E8D0 HL=DE14 IX=558F IY=0120
VDP_REG14 val=03 r14=3 PC=46C0 AF=8E14 BC=0099 DE=E8D4 HL=DE94 IX=558F IY=0120
VDP_REG14 val=03 r14=3 PC=46C0 AF=8E14 BC=0099 DE=E8D8 HL=DF14 IX=558F IY=0120
VDP_REG14 val=03 r14=3 PC=46C0 AF=8E14 BC=0099 DE=E8DC HL=DF94 IX=558F IY=0120
VDP_REG14 val=03 r14=3 PC=46C0 AF=8E14 BC=0099 DE=E8E0 HL=DC18 IX=558F IY=0120
VDP_REG14 val=03 r14=3 PC=46C0 AF=8E14 BC=0099 DE=E8E4 HL=DC98 IX=558F IY=0120
VDP_REG14 val=03 r14=3 PC=46C0 AF=8E14 BC=0099 DE=E8E8 HL=DD18 IX=558F IY=0120
VDP_REG14 val=03 r14=3 PC=46C0 AF=8E14 BC=0099 DE=E8EC HL=DD98 IX=558F IY=0120
VDP_REG14 val=03 r14=3 PC=46C0 AF=8E14 BC=0099 DE=E8F0 HL=DE18 IX=558F IY=0120
VDP_REG14 val=03 r14=3 PC=46C0 AF=8E14 BC=0099 DE=E8F4 HL=DE98 IX=558F IY=0120
VDP_REG14 val=03 r14=3 PC=46C0 AF=8E14 BC=0099 DE=E8F8 HL=DF18 IX=558F IY=0120
VDP_REG14 val=03 r14=3 PC=46C0 AF=8E14 BC=0099 DE=E8FC HL=DF98 IX=558F IY=0120
VDP_REG14 val=03 r14=3 PC=46C0 AF=8E14 BC=0099 DE=E900 HL=DC1C IX=558F IY=0120
VDP_REG14 val=03 r14=3 PC=46C0 AF=8E14 BC=0099 DE=E904 HL=DC9C IX=558F IY=0120
VDP_REG14 val=03 r14=3 PC=46C0 AF=8E14 BC=0099 DE=E908 HL=DD1C IX=558F IY=0120
VDP_REG14 val=03 r14=3 PC=46C0 AF=8E14 BC=0099 DE=E90C HL=DD9C IX=558F IY=0120
VDP_REG14 val=03 r14=3 PC=46C0 AF=8E14 BC=0099 DE=E910 HL=DE1C IX=558F IY=0120
VDP_REG14 val=03 r14=3 PC=46C0 AF=8E14 BC=0099 DE=E914 HL=DE9C IX=558F IY=0120
VDP_REG14 val=03 r14=3 PC=46C0 AF=8E14 BC=0099 DE=E918 HL=DF1C IX=558F IY=0120
VDP_REG14 val=03 r14=3 PC=46C0 AF=8E14 BC=0099 DE=E91C HL=DF9C IX=558F IY=0120
VDP_REG14 val=03 r14=3 PC=46C0 AF=8E14 BC=0099 DE=E900 HL=D020 IX=5590 IY=0120
VDP_REG14 val=03 r14=3 PC=46C0 AF=8E14 BC=0099 DE=E904 HL=D0A0 IX=5590 IY=0120
VDP_REG14 val=03 r14=3 PC=46C0 AF=8E14 BC=0099 DE=E908 HL=D120 IX=5590 IY=0120
VDP_REG14 val=03 r14=3 PC=46C0 AF=8E14 BC=0099 DE=E90C HL=D1A0 IX=5590 IY=0120
VDP_REG14 val=03 r14=3 PC=46C0 AF=8E14 BC=0099 DE=E910 HL=D220 IX=5590 IY=0120
VDP_REG14 val=03 r14=3 PC=46C0 AF=8E14 BC=0099 DE=E914 HL=D2A0 IX=5590 IY=0120
VDP_REG14 val=03 r14=3 PC=46C0 AF=8E14 BC=0099 DE=E918 HL=D320 IX=5590 IY=0120
VDP_REG14 val=03 r14=3 PC=46C0 AF=8E14 BC=0099 DE=E91C HL=D3A0 IX=5590 IY=0120
VDP_REG14 val=03 r14=3 PC=46C0 AF=8E14 BC=0099 DE=E900 HL=D024 IX=5590 IY=0120
VDP_REG14 val=03 r14=3 PC=46C0 AF=8E14 BC=0099 DE=E904 HL=D0A4 IX=5590 IY=0120
VDP_REG14 val=03 r14=3 PC=46C0 AF=8E14 BC=0099 DE=E908 HL=D124 IX=5590 IY=0120
VDP_REG14 val=03 r14=3 PC=46C0 AF=8E14 BC=0099 DE=E90C HL=D1A4 IX=5590 IY=0120
VDP_REG14 val=03 r14=3 PC=46C0 AF=8E14 BC=0099 DE=E910 HL=D224 IX=5590 IY=0120
VDP_REG14 val=03 r14=3 PC=46C0 AF=8E14 BC=0099 DE=E914 HL=D2A4 IX=5590 IY=0120
VDP_REG14 val=03 r14=3 PC=46C0 AF=8E14 BC=0099 DE=E918 HL=D324 IX=5590 IY=0120
VDP_REG14 val=03 r14=3 PC=46C0 AF=8E14 BC=0099 DE=E91C HL=D3A4 IX=5590 IY=0120
VDP_REG14 val=03 r14=3 PC=46C0 AF=8E14 BC=0099 DE=E900 HL=D028 IX=5590 IY=0120
VDP_REG14 val=03 r14=3 PC=46C0 AF=8E14 BC=0099 DE=E904 HL=D0A8 IX=5590 IY=0120
VDP_REG14 val=03 r14=3 PC=46C0 AF=8E14 BC=0099 DE=E908 HL=D128 IX=5590 IY=0120
VDP_REG14 val=03 r14=3 PC=46C0 AF=8E14 BC=0099 DE=E90C HL=D1A8 IX=5590 IY=0120
VDP_REG14 val=03 r14=3 PC=46C0 AF=8E14 BC=0099 DE=E910 HL=D228 IX=5590 IY=0120
VDP_REG14 val=03 r14=3 PC=46C0 AF=8E14 BC=0099 DE=E914 HL=D2A8 IX=5590 IY=0120
VDP_REG14 val=03 r14=3 PC=46C0 AF=8E14 BC=0099 DE=E918 HL=D328 IX=5590 IY=0120
VDP_REG14 val=03 r14=3 PC=46C0 AF=8E14 BC=0099 DE=E91C HL=D3A8 IX=5590 IY=0120
VDP_REG14 val=03 r14=3 PC=46C0 AF=8E14 BC=0099 DE=E900 HL=D02C IX=5590 IY=0120
VDP_REG14 val=03 r14=3 PC=46C0 AF=8E14 BC=0099 DE=E904 HL=D0AC IX=5590 IY=0120
VDP_REG14 val=03 r14=3 PC=46C0 AF=8E14 BC=0099 DE=E908 HL=D12C IX=5590 IY=0120
VDP_REG14 val=03 r14=3 PC=46C0 AF=8E14 BC=0099 DE=E90C HL=D1AC IX=5590 IY=0120
VDP_REG14 val=03 r14=3 PC=46C0 AF=8E14 BC=0099 DE=E910 HL=D22C IX=5590 IY=0120
VDP_REG14 val=03 r14=3 PC=46C0 AF=8E14 BC=0099 DE=E914 HL=D2AC IX=5590 IY=0120
VDP_REG14 val=03 r14=3 PC=46C0 AF=8E14 BC=0099 DE=E918 HL=D32C IX=5590 IY=0120
VDP_REG14 val=03 r14=3 PC=46C0 AF=8E14 BC=0099 DE=E91C HL=D3AC IX=5590 IY=0120
VDP_REG14 val=03 r14=3 PC=46C0 AF=8E14 BC=0099 DE=E900 HL=D420 IX=5590 IY=0120
VDP_REG14 val=03 r14=3 PC=46C0 AF=8E14 BC=0099 DE=E904 HL=D4A0 IX=5590 IY=0120
VDP_REG14 val=03 r14=3 PC=46C0 AF=8E14 BC=0099 DE=E908 HL=D520 IX=5590 IY=0120
VDP_REG14 val=03 r14=3 PC=46C0 AF=8E14 BC=0099 DE=E90C HL=D5A0 IX=5590 IY=0120
VDP_REG14 val=03 r14=3 PC=46C0 AF=8E14 BC=0099 DE=E910 HL=D620 IX=5590 IY=0120
VDP_REG14 val=03 r14=3 PC=46C0 AF=8E14 BC=0099 DE=E914 HL=D6A0 IX=5590 IY=0120
VDP_REG14 val=03 r14=3 PC=46C0 AF=8E14 BC=0099 DE=E918 HL=D720 IX=5590 IY=0120
VDP_REG14 val=03 r14=3 PC=46C0 AF=8E14 BC=0099 DE=E91C HL=D7A0 IX=5590 IY=0120
VDP_REG14 val=03 r14=3 PC=46C0 AF=8E14 BC=0099 DE=E800 HL=D424 IX=5590 IY=0120
VDP_REG14 val=03 r14=3 PC=46C0 AF=8E14 BC=0099 DE=E804 HL=D4A4 IX=5590 IY=0120
VDP_REG14 val=03 r14=3 PC=46C0 AF=8E14 BC=0099 DE=E808 HL=D524 IX=5590 IY=0120
VDP_REG14 val=03 r14=3 PC=46C0 AF=8E14 BC=0099 DE=E80C HL=D5A4 IX=5590 IY=0120
VDP_REG14 val=03 r14=3 PC=46C0 AF=8E14 BC=0099 DE=E810 HL=D624 IX=5590 IY=0120
VDP_REG14 val=03 r14=3 PC=46C0 AF=8E14 BC=0099 DE=E814 HL=D6A4 IX=5590 IY=0120
VDP_REG14 val=03 r14=3 PC=46C0 AF=8E14 BC=0099 DE=E818 HL=D724 IX=5590 IY=0120
VDP_REG14 val=03 r14=3 PC=46C0 AF=8E14 BC=0099 DE=E81C HL=D7A4 IX=5590 IY=0120
VDP_REG14 val=03 r14=3 PC=46C0 AF=8E14 BC=0099 DE=E820 HL=D428 IX=5590 IY=0120
VDP_REG14 val=03 r14=3 PC=46C0 AF=8E14 BC=0099 DE=E824 HL=D4A8 IX=5590 IY=0120
VDP_REG14 val=03 r14=3 PC=46C0 AF=8E14 BC=0099 DE=E828 HL=D528 IX=5590 IY=0120
VDP_REG14 val=03 r14=3 PC=46C0 AF=8E14 BC=0099 DE=E82C HL=D5A8 IX=5590 IY=0120
VDP_REG14 val=03 r14=3 PC=46C0 AF=8E14 BC=0099 DE=E830 HL=D628 IX=5590 IY=0120
VDP_REG14 val=03 r14=3 PC=46C0 AF=8E14 BC=0099 DE=E834 HL=D6A8 IX=5590 IY=0120
VDP_REG14 val=03 r14=3 PC=46C0 AF=8E14 BC=0099 DE=E838 HL=D728 IX=5590 IY=0120
VDP_REG14 val=03 r14=3 PC=46C0 AF=8E14 BC=0099 DE=E83C HL=D7A8 IX=5590 IY=0120
VDP_REG14 val=03 r14=3 PC=46C0 AF=8E14 BC=0099 DE=E840 HL=D42C IX=5590 IY=0120
VDP_REG14 val=03 r14=3 PC=46C0 AF=8E14 BC=0099 DE=E844 HL=D4AC IX=5590 IY=0120
VDP_REG14 val=03 r14=3 PC=46C0 AF=8E14 BC=0099 DE=E848 HL=D52C IX=5590 IY=0120
VDP_REG14 val=03 r14=3 PC=46C0 AF=8E14 BC=0099 DE=E84C HL=D5AC IX=5590 IY=0120
VDP_REG14 val=03 r14=3 PC=46C0 AF=8E14 BC=0099 DE=E850 HL=D62C IX=5590 IY=0120
VDP_REG14 val=03 r14=3 PC=46C0 AF=8E14 BC=0099 DE=E854 HL=D6AC IX=5590 IY=0120
VDP_REG14 val=03 r14=3 PC=46C0 AF=8E14 BC=0099 DE=E858 HL=D72C IX=5590 IY=0120
VDP_REG14 val=03 r14=3 PC=46C0 AF=8E14 BC=0099 DE=E85C HL=D7AC IX=5590 IY=0120
VDP_REG14 val=03 r14=3 PC=46C0 AF=8E14 BC=0099 DE=E900 HL=D820 IX=5590 IY=0120
VDP_REG14 val=03 r14=3 PC=46C0 AF=8E14 BC=0099 DE=E904 HL=D8A0 IX=5590 IY=0120
VDP_REG14 val=03 r14=3 PC=46C0 AF=8E14 BC=0099 DE=E908 HL=D920 IX=5590 IY=0120
VDP_REG14 val=03 r14=3 PC=46C0 AF=8E14 BC=0099 DE=E90C HL=D9A0 IX=5590 IY=0120
VDP_REG14 val=03 r14=3 PC=46C0 AF=8E14 BC=0099 DE=E910 HL=DA20 IX=5590 IY=0120
VDP_REG14 val=03 r14=3 PC=46C0 AF=8E14 BC=0099 DE=E914 HL=DAA0 IX=5590 IY=0120
VDP_REG14 val=03 r14=3 PC=46C0 AF=8E14 BC=0099 DE=E918 HL=DB20 IX=5590 IY=0120
VDP_REG14 val=03 r14=3 PC=46C0 AF=8E14 BC=0099 DE=E91C HL=DBA0 IX=5590 IY=0120
VDP_REG14 val=03 r14=3 PC=46C0 AF=8E14 BC=0099 DE=E860 HL=D824 IX=5590 IY=0120
VDP_REG14 val=03 r14=3 PC=46C0 AF=8E14 BC=0099 DE=E864 HL=D8A4 IX=5590 IY=0120
VDP_REG14 val=03 r14=3 PC=46C0 AF=8E14 BC=0099 DE=E868 HL=D924 IX=5590 IY=0120
VDP_REG14 val=03 r14=3 PC=46C0 AF=8E14 BC=0099 DE=E86C HL=D9A4 IX=5590 IY=0120
VDP_REG14 val=03 r14=3 PC=46C0 AF=8E14 BC=0099 DE=E870 HL=DA24 IX=5590 IY=0120
VDP_REG14 val=03 r14=3 PC=46C0 AF=8E14 BC=0099 DE=E874 HL=DAA4 IX=5590 IY=0120
VDP_REG14 val=03 r14=3 PC=46C0 AF=8E14 BC=0099 DE=E878 HL=DB24 IX=5590 IY=0120
VDP_REG14 val=03 r14=3 PC=46C0 AF=8E14 BC=0099 DE=E87C HL=DBA4 IX=5590 IY=0120
VDP_REG14 val=03 r14=3 PC=46C0 AF=8E14 BC=0099 DE=E880 HL=D828 IX=5590 IY=0120
VDP_REG14 val=03 r14=3 PC=46C0 AF=8E14 BC=0099 DE=E884 HL=D8A8 IX=5590 IY=0120
VDP_REG14 val=03 r14=3 PC=46C0 AF=8E14 BC=0099 DE=E888 HL=D928 IX=5590 IY=0120
VDP_REG14 val=03 r14=3 PC=46C0 AF=8E14 BC=0099 DE=E88C HL=D9A8 IX=5590 IY=0120
VDP_REG14 val=03 r14=3 PC=46C0 AF=8E14 BC=0099 DE=E890 HL=DA28 IX=5590 IY=0120
VDP_REG14 val=03 r14=3 PC=46C0 AF=8E14 BC=0099 DE=E894 HL=DAA8 IX=5590 IY=0120
VDP_REG14 val=03 r14=3 PC=46C0 AF=8E14 BC=0099 DE=E898 HL=DB28 IX=5590 IY=0120
VDP_REG14 val=03 r14=3 PC=46C0 AF=8E14 BC=0099 DE=E89C HL=DBA8 IX=5590 IY=0120
VDP_REG14 val=03 r14=3 PC=46C0 AF=8E14 BC=0099 DE=E900 HL=D82C IX=5590 IY=0120
VDP_REG14 val=03 r14=3 PC=46C0 AF=8E14 BC=0099 DE=E904 HL=D8AC IX=5590 IY=0120
VDP_REG14 val=03 r14=3 PC=46C0 AF=8E14 BC=0099 DE=E908 HL=D92C IX=5590 IY=0120
VDP_REG14 val=03 r14=3 PC=46C0 AF=8E14 BC=0099 DE=E90C HL=D9AC IX=5590 IY=0120
VDP_REG14 val=03 r14=3 PC=46C0 AF=8E14 BC=0099 DE=E910 HL=DA2C IX=5590 IY=0120
VDP_REG14 val=03 r14=3 PC=46C0 AF=8E14 BC=0099 DE=E914 HL=DAAC IX=5590 IY=0120
VDP_REG14 val=03 r14=3 PC=46C0 AF=8E14 BC=0099 DE=E918 HL=DB2C IX=5590 IY=0120
VDP_REG14 val=03 r14=3 PC=46C0 AF=8E14 BC=0099 DE=E91C HL=DBAC IX=5590 IY=0120
VDP_REG14 val=03 r14=3 PC=46C0 AF=8E14 BC=0099 DE=E8A0 HL=DC20 IX=5590 IY=0120
VDP_REG14 val=03 r14=3 PC=46C0 AF=8E14 BC=0099 DE=E8A4 HL=DCA0 IX=5590 IY=0120
VDP_REG14 val=03 r14=3 PC=46C0 AF=8E14 BC=0099 DE=E8A8 HL=DD20 IX=5590 IY=0120
VDP_REG14 val=03 r14=3 PC=46C0 AF=8E14 BC=0099 DE=E8AC HL=DDA0 IX=5590 IY=0120
VDP_REG14 val=03 r14=3 PC=46C0 AF=8E14 BC=0099 DE=E8B0 HL=DE20 IX=5590 IY=0120
VDP_REG14 val=03 r14=3 PC=46C0 AF=8E14 BC=0099 DE=E8B4 HL=DEA0 IX=5590 IY=0120
VDP_REG14 val=03 r14=3 PC=46C0 AF=8E14 BC=0099 DE=E8B8 HL=DF20 IX=5590 IY=0120
VDP_REG14 val=03 r14=3 PC=46C0 AF=8E14 BC=0099 DE=E8BC HL=DFA0 IX=5590 IY=0120
VDP_REG14 val=03 r14=3 PC=46C0 AF=8E14 BC=0099 DE=E8C0 HL=DC24 IX=5590 IY=0120
VDP_REG14 val=03 r14=3 PC=46C0 AF=8E14 BC=0099 DE=E8C4 HL=DCA4 IX=5590 IY=0120
VDP_REG14 val=03 r14=3 PC=46C0 AF=8E14 BC=0099 DE=E8C8 HL=DD24 IX=5590 IY=0120
VDP_REG14 val=03 r14=3 PC=46C0 AF=8E14 BC=0099 DE=E8CC HL=DDA4 IX=5590 IY=0120
VDP_REG14 val=03 r14=3 PC=46C0 AF=8E14 BC=0099 DE=E8D0 HL=DE24 IX=5590 IY=0120
VDP_REG14 val=03 r14=3 PC=46C0 AF=8E14 BC=0099 DE=E8D4 HL=DEA4 IX=5590 IY=0120
VDP_REG14 val=03 r14=3 PC=46C0 AF=8E14 BC=0099 DE=E8D8 HL=DF24 IX=5590 IY=0120
VDP_REG14 val=03 r14=3 PC=46C0 AF=8E14 BC=0099 DE=E8DC HL=DFA4 IX=5590 IY=0120
VDP_REG14 val=03 r14=3 PC=46C0 AF=8E14 BC=0099 DE=E8E0 HL=DC28 IX=5590 IY=0120
VDP_REG14 val=03 r14=3 PC=46C0 AF=8E14 BC=0099 DE=E8E4 HL=DCA8 IX=5590 IY=0120
VDP_REG14 val=03 r14=3 PC=46C0 AF=8E14 BC=0099 DE=E8E8 HL=DD28 IX=5590 IY=0120
VDP_REG14 val=03 r14=3 PC=46C0 AF=8E14 BC=0099 DE=E8EC HL=DDA8 IX=5590 IY=0120
VDP_REG14 val=03 r14=3 PC=46C0 AF=8E14 BC=0099 DE=E8F0 HL=DE28 IX=5590 IY=0120
VDP_REG14 val=03 r14=3 PC=46C0 AF=8E14 BC=0099 DE=E8F4 HL=DEA8 IX=5590 IY=0120
VDP_REG14 val=03 r14=3 PC=46C0 AF=8E14 BC=0099 DE=E8F8 HL=DF28 IX=5590 IY=0120
VDP_REG14 val=03 r14=3 PC=46C0 AF=8E14 BC=0099 DE=E8FC HL=DFA8 IX=5590 IY=0120
VDP_REG14 val=03 r14=3 PC=46C0 AF=8E14 BC=0099 DE=E900 HL=DC2C IX=5590 IY=0120
VDP_REG14 val=03 r14=3 PC=46C0 AF=8E14 BC=0099 DE=E904 HL=DCAC IX=5590 IY=0120
VDP_REG14 val=03 r14=3 PC=46C0 AF=8E14 BC=0099 DE=E908 HL=DD2C IX=5590 IY=0120
VDP_REG14 val=03 r14=3 PC=46C0 AF=8E14 BC=0099 DE=E90C HL=DDAC IX=5590 IY=0120
VDP_REG14 val=03 r14=3 PC=46C0 AF=8E14 BC=0099 DE=E910 HL=DE2C IX=5590 IY=0120
VDP_REG14 val=03 r14=3 PC=46C0 AF=8E14 BC=0099 DE=E914 HL=DEAC IX=5590 IY=0120
VDP_REG14 val=03 r14=3 PC=46C0 AF=8E14 BC=0099 DE=E918 HL=DF2C IX=5590 IY=0120
VDP_REG14 val=03 r14=3 PC=46C0 AF=8E14 BC=0099 DE=E91C HL=DFAC IX=5590 IY=0120
VDP_REG14 val=03 r14=3 PC=46C0 AF=8E14 BC=0099 DE=E900 HL=D030 IX=5591 IY=0120
VDP_REG14 val=03 r14=3 PC=46C0 AF=8E14 BC=0099 DE=E904 HL=D0B0 IX=5591 IY=0120
VDP_REG14 val=03 r14=3 PC=46C0 AF=8E14 BC=0099 DE=E908 HL=D130 IX=5591 IY=0120
VDP_REG14 val=03 r14=3 PC=46C0 AF=8E14 BC=0099 DE=E90C HL=D1B0 IX=5591 IY=0120
VDP_REG14 val=03 r14=3 PC=46C0 AF=8E14 BC=0099 DE=E910 HL=D230 IX=5591 IY=0120
VDP_REG14 val=03 r14=3 PC=46C0 AF=8E14 BC=0099 DE=E914 HL=D2B0 IX=5591 IY=0120
VDP_REG14 val=03 r14=3 PC=46C0 AF=8E14 BC=0099 DE=E918 HL=D330 IX=5591 IY=0120
VDP_REG14 val=03 r14=3 PC=46C0 AF=8E14 BC=0099 DE=E91C HL=D3B0 IX=5591 IY=0120
VDP_REG14 val=03 r14=3 PC=46C0 AF=8E14 BC=0099 DE=E900 HL=D034 IX=5591 IY=0120
VDP_REG14 val=03 r14=3 PC=46C0 AF=8E14 BC=0099 DE=E904 HL=D0B4 IX=5591 IY=0120
VDP_REG14 val=03 r14=3 PC=46C0 AF=8E14 BC=0099 DE=E908 HL=D134 IX=5591 IY=0120
VDP_REG14 val=03 r14=3 PC=46C0 AF=8E14 BC=0099 DE=E90C HL=D1B4 IX=5591 IY=0120
VDP_REG14 val=03 r14=3 PC=46C0 AF=8E14 BC=0099 DE=E910 HL=D234 IX=5591 IY=0120
VDP_REG14 val=03 r14=3 PC=46C0 AF=8E14 BC=0099 DE=E914 HL=D2B4 IX=5591 IY=0120
VDP_REG14 val=03 r14=3 PC=46C0 AF=8E14 BC=0099 DE=E918 HL=D334 IX=5591 IY=0120
VDP_REG14 val=03 r14=3 PC=46C0 AF=8E14 BC=0099 DE=E91C HL=D3B4 IX=5591 IY=0120
VDP_REG14 val=03 r14=3 PC=46C0 AF=8E14 BC=0099 DE=E900 HL=D038 IX=5591 IY=0120
VDP_REG14 val=03 r14=3 PC=46C0 AF=8E14 BC=0099 DE=E904 HL=D0B8 IX=5591 IY=0120
VDP_REG14 val=03 r14=3 PC=46C0 AF=8E14 BC=0099 DE=E908 HL=D138 IX=5591 IY=0120
VDP_REG14 val=03 r14=3 PC=46C0 AF=8E14 BC=0099 DE=E90C HL=D1B8 IX=5591 IY=0120
VDP_REG14 val=03 r14=3 PC=46C0 AF=8E14 BC=0099 DE=E910 HL=D238 IX=5591 IY=0120
VDP_REG14 val=03 r14=3 PC=46C0 AF=8E14 BC=0099 DE=E914 HL=D2B8 IX=5591 IY=0120
VDP_REG14 val=03 r14=3 PC=46C0 AF=8E14 BC=0099 DE=E918 HL=D338 IX=5591 IY=0120
VDP_REG14 val=03 r14=3 PC=46C0 AF=8E14 BC=0099 DE=E91C HL=D3B8 IX=5591 IY=0120
VDP_REG14 val=03 r14=3 PC=46C0 AF=8E14 BC=0099 DE=E900 HL=D03C IX=5591 IY=0120
VDP_REG14 val=03 r14=3 PC=46C0 AF=8E14 BC=0099 DE=E904 HL=D0BC IX=5591 IY=0120
VDP_REG14 val=03 r14=3 PC=46C0 AF=8E14 BC=0099 DE=E908 HL=D13C IX=5591 IY=0120
VDP_REG14 val=03 r14=3 PC=46C0 AF=8E14 BC=0099 DE=E90C HL=D1BC IX=5591 IY=0120
VDP_REG14 val=03 r14=3 PC=46C0 AF=8E14 BC=0099 DE=E910 HL=D23C IX=5591 IY=0120
VDP_REG14 val=03 r14=3 PC=46C0 AF=8E14 BC=0099 DE=E914 HL=D2BC IX=5591 IY=0120
VDP_REG14 val=03 r14=3 PC=46C0 AF=8E14 BC=0099 DE=E918 HL=D33C IX=5591 IY=0120
VDP_REG14 val=03 r14=3 PC=46C0 AF=8E14 BC=0099 DE=E91C HL=D3BC IX=5591 IY=0120
VDP_REG14 val=03 r14=3 PC=46C0 AF=8E14 BC=0099 DE=E900 HL=D430 IX=5591 IY=0120
VDP_REG14 val=03 r14=3 PC=46C0 AF=8E14 BC=0099 DE=E904 HL=D4B0 IX=5591 IY=0120
VDP_REG14 val=03 r14=3 PC=46C0 AF=8E14 BC=0099 DE=E908 HL=D530 IX=5591 IY=0120
VDP_REG14 val=03 r14=3 PC=46C0 AF=8E14 BC=0099 DE=E90C HL=D5B0 IX=5591 IY=0120
VDP_REG14 val=03 r14=3 PC=46C0 AF=8E14 BC=0099 DE=E910 HL=D630 IX=5591 IY=0120
VDP_REG14 val=03 r14=3 PC=46C0 AF=8E14 BC=0099 DE=E914 HL=D6B0 IX=5591 IY=0120
VDP_REG14 val=03 r14=3 PC=46C0 AF=8E14 BC=0099 DE=E918 HL=D730 IX=5591 IY=0120
VDP_REG14 val=03 r14=3 PC=46C0 AF=8E14 BC=0099 DE=E91C HL=D7B0 IX=5591 IY=0120
VDP_REG14 val=03 r14=3 PC=46C0 AF=8E14 BC=0099 DE=E800 HL=D434 IX=5591 IY=0120
VDP_REG14 val=03 r14=3 PC=46C0 AF=8E14 BC=0099 DE=E804 HL=D4B4 IX=5591 IY=0120
VDP_REG14 val=03 r14=3 PC=46C0 AF=8E14 BC=0099 DE=E808 HL=D534 IX=5591 IY=0120
VDP_REG14 val=03 r14=3 PC=46C0 AF=8E14 BC=0099 DE=E80C HL=D5B4 IX=5591 IY=0120
VDP_REG14 val=03 r14=3 PC=46C0 AF=8E14 BC=0099 DE=E810 HL=D634 IX=5591 IY=0120
VDP_REG14 val=03 r14=3 PC=46C0 AF=8E14 BC=0099 DE=E814 HL=D6B4 IX=5591 IY=0120
VDP_REG14 val=03 r14=3 PC=46C0 AF=8E14 BC=0099 DE=E818 HL=D734 IX=5591 IY=0120
VDP_REG14 val=03 r14=3 PC=46C0 AF=8E14 BC=0099 DE=E81C HL=D7B4 IX=5591 IY=0120
VDP_REG14 val=03 r14=3 PC=46C0 AF=8E14 BC=0099 DE=E820 HL=D438 IX=5591 IY=0120
VDP_REG14 val=03 r14=3 PC=46C0 AF=8E14 BC=0099 DE=E824 HL=D4B8 IX=5591 IY=0120
VDP_REG14 val=03 r14=3 PC=46C0 AF=8E14 BC=0099 DE=E828 HL=D538 IX=5591 IY=0120
VDP_REG14 val=03 r14=3 PC=46C0 AF=8E14 BC=0099 DE=E82C HL=D5B8 IX=5591 IY=0120
VDP_REG14 val=03 r14=3 PC=46C0 AF=8E14 BC=0099 DE=E830 HL=D638 IX=5591 IY=0120
VDP_REG14 val=03 r14=3 PC=46C0 AF=8E14 BC=0099 DE=E834 HL=D6B8 IX=5591 IY=0120
VDP_REG14 val=03 r14=3 PC=46C0 AF=8E14 BC=0099 DE=E838 HL=D738 IX=5591 IY=0120
VDP_REG14 val=03 r14=3 PC=46C0 AF=8E14 BC=0099 DE=E83C HL=D7B8 IX=5591 IY=0120
VDP_REG14 val=03 r14=3 PC=46C0 AF=8E14 BC=0099 DE=E840 HL=D43C IX=5591 IY=0120
VDP_REG14 val=03 r14=3 PC=46C0 AF=8E14 BC=0099 DE=E844 HL=D4BC IX=5591 IY=0120
VDP_REG14 val=03 r14=3 PC=46C0 AF=8E14 BC=0099 DE=E848 HL=D53C IX=5591 IY=0120
VDP_REG14 val=03 r14=3 PC=46C0 AF=8E14 BC=0099 DE=E84C HL=D5BC IX=5591 IY=0120
VDP_REG14 val=03 r14=3 PC=46C0 AF=8E14 BC=0099 DE=E850 HL=D63C IX=5591 IY=0120
VDP_REG14 val=03 r14=3 PC=46C0 AF=8E14 BC=0099 DE=E854 HL=D6BC IX=5591 IY=0120
VDP_REG14 val=03 r14=3 PC=46C0 AF=8E14 BC=0099 DE=E858 HL=D73C IX=5591 IY=0120
VDP_REG14 val=03 r14=3 PC=46C0 AF=8E14 BC=0099 DE=E85C HL=D7BC IX=5591 IY=0120
VDP_REG14 val=03 r14=3 PC=46C0 AF=8E14 BC=0099 DE=E900 HL=D830 IX=5591 IY=0120
VDP_REG14 val=03 r14=3 PC=46C0 AF=8E14 BC=0099 DE=E904 HL=D8B0 IX=5591 IY=0120
VDP_REG14 val=03 r14=3 PC=46C0 AF=8E14 BC=0099 DE=E908 HL=D930 IX=5591 IY=0120
VDP_REG14 val=03 r14=3 PC=46C0 AF=8E14 BC=0099 DE=E90C HL=D9B0 IX=5591 IY=0120
VDP_REG14 val=03 r14=3 PC=46C0 AF=8E14 BC=0099 DE=E910 HL=DA30 IX=5591 IY=0120
VDP_REG14 val=03 r14=3 PC=46C0 AF=8E14 BC=0099 DE=E914 HL=DAB0 IX=5591 IY=0120
VDP_REG14 val=03 r14=3 PC=46C0 AF=8E14 BC=0099 DE=E918 HL=DB30 IX=5591 IY=0120
VDP_REG14 val=03 r14=3 PC=46C0 AF=8E14 BC=0099 DE=E91C HL=DBB0 IX=5591 IY=0120
VDP_REG14 val=03 r14=3 PC=46C0 AF=8E14 BC=0099 DE=E860 HL=D834 IX=5591 IY=0120
VDP_REG14 val=03 r14=3 PC=46C0 AF=8E14 BC=0099 DE=E864 HL=D8B4 IX=5591 IY=0120
VDP_REG14 val=03 r14=3 PC=46C0 AF=8E14 BC=0099 DE=E868 HL=D934 IX=5591 IY=0120
VDP_REG14 val=03 r14=3 PC=46C0 AF=8E14 BC=0099 DE=E86C HL=D9B4 IX=5591 IY=0120
VDP_REG14 val=03 r14=3 PC=46C0 AF=8E14 BC=0099 DE=E870 HL=DA34 IX=5591 IY=0120
VDP_REG14 val=03 r14=3 PC=46C0 AF=8E14 BC=0099 DE=E874 HL=DAB4 IX=5591 IY=0120
VDP_REG14 val=03 r14=3 PC=46C0 AF=8E14 BC=0099 DE=E878 HL=DB34 IX=5591 IY=0120
VDP_REG14 val=03 r14=3 PC=46C0 AF=8E14 BC=0099 DE=E87C HL=DBB4 IX=5591 IY=0120
VDP_REG14 val=03 r14=3 PC=46C0 AF=8E14 BC=0099 DE=E880 HL=D838 IX=5591 IY=0120
VDP_REG14 val=03 r14=3 PC=46C0 AF=8E14 BC=0099 DE=E884 HL=D8B8 IX=5591 IY=0120
VDP_REG14 val=03 r14=3 PC=46C0 AF=8E14 BC=0099 DE=E888 HL=D938 IX=5591 IY=0120
VDP_REG14 val=03 r14=3 PC=46C0 AF=8E14 BC=0099 DE=E88C HL=D9B8 IX=5591 IY=0120
VDP_REG14 val=03 r14=3 PC=46C0 AF=8E14 BC=0099 DE=E890 HL=DA38 IX=5591 IY=0120
VDP_REG14 val=03 r14=3 PC=46C0 AF=8E14 BC=0099 DE=E894 HL=DAB8 IX=5591 IY=0120
VDP_REG14 val=03 r14=3 PC=46C0 AF=8E14 BC=0099 DE=E898 HL=DB38 IX=5591 IY=0120
VDP_REG14 val=03 r14=3 PC=46C0 AF=8E14 BC=0099 DE=E89C HL=DBB8 IX=5591 IY=0120
VDP_REG14 val=03 r14=3 PC=46C0 AF=8E14 BC=0099 DE=E900 HL=D83C IX=5591 IY=0120
VDP_REG14 val=03 r14=3 PC=46C0 AF=8E14 BC=0099 DE=E904 HL=D8BC IX=5591 IY=0120
VDP_REG14 val=03 r14=3 PC=46C0 AF=8E14 BC=0099 DE=E908 HL=D93C IX=5591 IY=0120
VDP_REG14 val=03 r14=3 PC=46C0 AF=8E14 BC=0099 DE=E90C HL=D9BC IX=5591 IY=0120
VDP_REG14 val=03 r14=3 PC=46C0 AF=8E14 BC=0099 DE=E910 HL=DA3C IX=5591 IY=0120
VDP_REG14 val=03 r14=3 PC=46C0 AF=8E14 BC=0099 DE=E914 HL=DABC IX=5591 IY=0120
VDP_REG14 val=03 r14=3 PC=46C0 AF=8E14 BC=0099 DE=E918 HL=DB3C IX=5591 IY=0120
VDP_REG14 val=03 r14=3 PC=46C0 AF=8E14 BC=0099 DE=E91C HL=DBBC IX=5591 IY=0120
VDP_REG14 val=03 r14=3 PC=46C0 AF=8E14 BC=0099 DE=E8A0 HL=DC30 IX=5591 IY=0120
VDP_REG14 val=03 r14=3 PC=46C0 AF=8E14 BC=0099 DE=E8A4 HL=DCB0 IX=5591 IY=0120
VDP_REG14 val=03 r14=3 PC=46C0 AF=8E14 BC=0099 DE=E8A8 HL=DD30 IX=5591 IY=0120
VDP_REG14 val=03 r14=3 PC=46C0 AF=8E14 BC=0099 DE=E8AC HL=DDB0 IX=5591 IY=0120
VDP_REG14 val=03 r14=3 PC=46C0 AF=8E14 BC=0099 DE=E8B0 HL=DE30 IX=5591 IY=0120
VDP_REG14 val=03 r14=3 PC=46C0 AF=8E14 BC=0099 DE=E8B4 HL=DEB0 IX=5591 IY=0120
VDP_REG14 val=03 r14=3 PC=46C0 AF=8E14 BC=0099 DE=E8B8 HL=DF30 IX=5591 IY=0120
VDP_REG14 val=03 r14=3 PC=46C0 AF=8E14 BC=0099 DE=E8BC HL=DFB0 IX=5591 IY=0120
VDP_REG14 val=03 r14=3 PC=46C0 AF=8E14 BC=0099 DE=E8C0 HL=DC34 IX=5591 IY=0120
VDP_REG14 val=03 r14=3 PC=46C0 AF=8E14 BC=0099 DE=E8C4 HL=DCB4 IX=5591 IY=0120
VDP_REG14 val=03 r14=3 PC=46C0 AF=8E14 BC=0099 DE=E8C8 HL=DD34 IX=5591 IY=0120
VDP_REG14 val=03 r14=3 PC=46C0 AF=8E14 BC=0099 DE=E8CC HL=DDB4 IX=5591 IY=0120
VDP_REG14 val=03 r14=3 PC=46C0 AF=8E14 BC=0099 DE=E8D0 HL=DE34 IX=5591 IY=0120
VDP_REG14 val=03 r14=3 PC=46C0 AF=8E14 BC=0099 DE=E8D4 HL=DEB4 IX=5591 IY=0120
VDP_REG14 val=03 r14=3 PC=46C0 AF=8E14 BC=0099 DE=E8D8 HL=DF34 IX=5591 IY=0120
VDP_REG14 val=03 r14=3 PC=46C0 AF=8E14 BC=0099 DE=E8DC HL=DFB4 IX=5591 IY=0120
VDP_REG14 val=03 r14=3 PC=46C0 AF=8E14 BC=0099 DE=E8E0 HL=DC38 IX=5591 IY=0120
VDP_REG14 val=03 r14=3 PC=46C0 AF=8E14 BC=0099 DE=E8E4 HL=DCB8 IX=5591 IY=0120
VDP_REG14 val=03 r14=3 PC=46C0 AF=8E14 BC=0099 DE=E8E8 HL=DD38 IX=5591 IY=0120
VDP_REG14 val=03 r14=3 PC=46C0 AF=8E14 BC=0099 DE=E8EC HL=DDB8 IX=5591 IY=0120
VDP_REG14 val=03 r14=3 PC=46C0 AF=8E14 BC=0099 DE=E8F0 HL=DE38 IX=5591 IY=0120
VDP_REG14 val=03 r14=3 PC=46C0 AF=8E14 BC=0099 DE=E8F4 HL=DEB8 IX=5591 IY=0120
VDP_REG14 val=03 r14=3 PC=46C0 AF=8E14 BC=0099 DE=E8F8 HL=DF38 IX=5591 IY=0120
VDP_REG14 val=03 r14=3 PC=46C0 AF=8E14 BC=0099 DE=E8FC HL=DFB8 IX=5591 IY=0120
VDP_REG14 val=03 r14=3 PC=46C0 AF=8E14 BC=0099 DE=E900 HL=DC3C IX=5591 IY=0120
VDP_REG14 val=03 r14=3 PC=46C0 AF=8E14 BC=0099 DE=E904 HL=DCBC IX=5591 IY=0120
VDP_REG14 val=03 r14=3 PC=46C0 AF=8E14 BC=0099 DE=E908 HL=DD3C IX=5591 IY=0120
VDP_REG14 val=03 r14=3 PC=46C0 AF=8E14 BC=0099 DE=E90C HL=DDBC IX=5591 IY=0120
VDP_REG14 val=03 r14=3 PC=46C0 AF=8E14 BC=0099 DE=E910 HL=DE3C IX=5591 IY=0120
VDP_REG14 val=03 r14=3 PC=46C0 AF=8E14 BC=0099 DE=E914 HL=DEBC IX=5591 IY=0120
VDP_REG14 val=03 r14=3 PC=46C0 AF=8E14 BC=0099 DE=E918 HL=DF3C IX=5591 IY=0120
VDP_REG14 val=03 r14=3 PC=46C0 AF=8E14 BC=0099 DE=E91C HL=DFBC IX=5591 IY=0120
VDP_REG14 val=03 r14=3 PC=46C0 AF=8E14 BC=0099 DE=E900 HL=D040 IX=5592 IY=0120
VDP_REG14 val=03 r14=3 PC=46C0 AF=8E14 BC=0099 DE=E904 HL=D0C0 IX=5592 IY=0120
VDP_REG14 val=03 r14=3 PC=46C0 AF=8E14 BC=0099 DE=E908 HL=D140 IX=5592 IY=0120
VDP_REG14 val=03 r14=3 PC=46C0 AF=8E14 BC=0099 DE=E90C HL=D1C0 IX=5592 IY=0120
VDP_REG14 val=03 r14=3 PC=46C0 AF=8E14 BC=0099 DE=E910 HL=D240 IX=5592 IY=0120
VDP_REG14 val=03 r14=3 PC=46C0 AF=8E14 BC=0099 DE=E914 HL=D2C0 IX=5592 IY=0120
VDP_REG14 val=03 r14=3 PC=46C0 AF=8E14 BC=0099 DE=E918 HL=D340 IX=5592 IY=0120
VDP_REG14 val=03 r14=3 PC=46C0 AF=8E14 BC=0099 DE=E91C HL=D3C0 IX=5592 IY=0120
VDP_REG14 val=03 r14=3 PC=46C0 AF=8E14 BC=0099 DE=E900 HL=D044 IX=5592 IY=0120
VDP_REG14 val=03 r14=3 PC=46C0 AF=8E14 BC=0099 DE=E904 HL=D0C4 IX=5592 IY=0120
VDP_REG14 val=03 r14=3 PC=46C0 AF=8E14 BC=0099 DE=E908 HL=D144 IX=5592 IY=0120
VDP_REG14 val=03 r14=3 PC=46C0 AF=8E14 BC=0099 DE=E90C HL=D1C4 IX=5592 IY=0120
VDP_REG14 val=03 r14=3 PC=46C0 AF=8E14 BC=0099 DE=E910 HL=D244 IX=5592 IY=0120
VDP_REG14 val=03 r14=3 PC=46C0 AF=8E14 BC=0099 DE=E914 HL=D2C4 IX=5592 IY=0120
VDP_REG14 val=03 r14=3 PC=46C0 AF=8E14 BC=0099 DE=E918 HL=D344 IX=5592 IY=0120
VDP_REG14 val=03 r14=3 PC=46C0 AF=8E14 BC=0099 DE=E91C HL=D3C4 IX=5592 IY=0120
VDP_REG14 val=03 r14=3 PC=46C0 AF=8E14 BC=0099 DE=E900 HL=D048 IX=5592 IY=0120
VDP_REG14 val=03 r14=3 PC=46C0 AF=8E14 BC=0099 DE=E904 HL=D0C8 IX=5592 IY=0120
VDP_REG14 val=03 r14=3 PC=46C0 AF=8E14 BC=0099 DE=E908 HL=D148 IX=5592 IY=0120
VDP_REG14 val=03 r14=3 PC=46C0 AF=8E14 BC=0099 DE=E90C HL=D1C8 IX=5592 IY=0120
VDP_REG14 val=03 r14=3 PC=46C0 AF=8E14 BC=0099 DE=E910 HL=D248 IX=5592 IY=0120
VDP_REG14 val=03 r14=3 PC=46C0 AF=8E14 BC=0099 DE=E914 HL=D2C8 IX=5592 IY=0120
VDP_REG14 val=03 r14=3 PC=46C0 AF=8E14 BC=0099 DE=E918 HL=D348 IX=5592 IY=0120
VDP_REG14 val=03 r14=3 PC=46C0 AF=8E14 BC=0099 DE=E91C HL=D3C8 IX=5592 IY=0120
VDP_REG14 val=03 r14=3 PC=46C0 AF=8E14 BC=0099 DE=E900 HL=D04C IX=5592 IY=0120
VDP_REG14 val=03 r14=3 PC=46C0 AF=8E14 BC=0099 DE=E904 HL=D0CC IX=5592 IY=0120
VDP_REG14 val=03 r14=3 PC=46C0 AF=8E14 BC=0099 DE=E908 HL=D14C IX=5592 IY=0120
VDP_REG14 val=03 r14=3 PC=46C0 AF=8E14 BC=0099 DE=E90C HL=D1CC IX=5592 IY=0120
VDP_REG14 val=03 r14=3 PC=46C0 AF=8E14 BC=0099 DE=E910 HL=D24C IX=5592 IY=0120
VDP_REG14 val=03 r14=3 PC=46C0 AF=8E14 BC=0099 DE=E914 HL=D2CC IX=5592 IY=0120
VDP_REG14 val=03 r14=3 PC=46C0 AF=8E14 BC=0099 DE=E918 HL=D34C IX=5592 IY=0120
VDP_REG14 val=03 r14=3 PC=46C0 AF=8E14 BC=0099 DE=E91C HL=D3CC IX=5592 IY=0120
VDP_REG14 val=03 r14=3 PC=46C0 AF=8E14 BC=0099 DE=E900 HL=D440 IX=5592 IY=0120
VDP_REG14 val=03 r14=3 PC=46C0 AF=8E14 BC=0099 DE=E904 HL=D4C0 IX=5592 IY=0120
VDP_REG14 val=03 r14=3 PC=46C0 AF=8E14 BC=0099 DE=E908 HL=D540 IX=5592 IY=0120
VDP_REG14 val=03 r14=3 PC=46C0 AF=8E14 BC=0099 DE=E90C HL=D5C0 IX=5592 IY=0120
VDP_REG14 val=03 r14=3 PC=46C0 AF=8E14 BC=0099 DE=E910 HL=D640 IX=5592 IY=0120
VDP_REG14 val=03 r14=3 PC=46C0 AF=8E14 BC=0099 DE=E914 HL=D6C0 IX=5592 IY=0120
VDP_REG14 val=03 r14=3 PC=46C0 AF=8E14 BC=0099 DE=E918 HL=D740 IX=5592 IY=0120
VDP_REG14 val=03 r14=3 PC=46C0 AF=8E14 BC=0099 DE=E91C HL=D7C0 IX=5592 IY=0120
VDP_REG14 val=03 r14=3 PC=46C0 AF=8E14 BC=0099 DE=E800 HL=D444 IX=5592 IY=0120
VDP_REG14 val=03 r14=3 PC=46C0 AF=8E14 BC=0099 DE=E804 HL=D4C4 IX=5592 IY=0120
VDP_REG14 val=03 r14=3 PC=46C0 AF=8E14 BC=0099 DE=E808 HL=D544 IX=5592 IY=0120
VDP_REG14 val=03 r14=3 PC=46C0 AF=8E14 BC=0099 DE=E80C HL=D5C4 IX=5592 IY=0120
VDP_REG14 val=03 r14=3 PC=46C0 AF=8E14 BC=0099 DE=E810 HL=D644 IX=5592 IY=0120
VDP_REG14 val=03 r14=3 PC=46C0 AF=8E14 BC=0099 DE=E814 HL=D6C4 IX=5592 IY=0120
VDP_REG14 val=03 r14=3 PC=46C0 AF=8E14 BC=0099 DE=E818 HL=D744 IX=5592 IY=0120
VDP_REG14 val=03 r14=3 PC=46C0 AF=8E14 BC=0099 DE=E81C HL=D7C4 IX=5592 IY=0120
VDP_REG14 val=03 r14=3 PC=46C0 AF=8E14 BC=0099 DE=E820 HL=D448 IX=5592 IY=0120
VDP_REG14 val=03 r14=3 PC=46C0 AF=8E14 BC=0099 DE=E824 HL=D4C8 IX=5592 IY=0120
VDP_REG14 val=03 r14=3 PC=46C0 AF=8E14 BC=0099 DE=E828 HL=D548 IX=5592 IY=0120
VDP_REG14 val=03 r14=3 PC=46C0 AF=8E14 BC=0099 DE=E82C HL=D5C8 IX=5592 IY=0120
VDP_REG14 val=03 r14=3 PC=46C0 AF=8E14 BC=0099 DE=E830 HL=D648 IX=5592 IY=0120
VDP_REG14 val=03 r14=3 PC=46C0 AF=8E14 BC=0099 DE=E834 HL=D6C8 IX=5592 IY=0120
VDP_REG14 val=03 r14=3 PC=46C0 AF=8E14 BC=0099 DE=E838 HL=D748 IX=5592 IY=0120
VDP_REG14 val=03 r14=3 PC=46C0 AF=8E14 BC=0099 DE=E83C HL=D7C8 IX=5592 IY=0120
VDP_REG14 val=03 r14=3 PC=46C0 AF=8E14 BC=0099 DE=E840 HL=D44C IX=5592 IY=0120
VDP_REG14 val=03 r14=3 PC=46C0 AF=8E14 BC=0099 DE=E844 HL=D4CC IX=5592 IY=0120
VDP_REG14 val=03 r14=3 PC=46C0 AF=8E14 BC=0099 DE=E848 HL=D54C IX=5592 IY=0120
VDP_REG14 val=03 r14=3 PC=46C0 AF=8E14 BC=0099 DE=E84C HL=D5CC IX=5592 IY=0120
VDP_REG14 val=03 r14=3 PC=46C0 AF=8E14 BC=0099 DE=E850 HL=D64C IX=5592 IY=0120
VDP_REG14 val=03 r14=3 PC=46C0 AF=8E14 BC=0099 DE=E854 HL=D6CC IX=5592 IY=0120
VDP_REG14 val=03 r14=3 PC=46C0 AF=8E14 BC=0099 DE=E858 HL=D74C IX=5592 IY=0120
VDP_REG14 val=03 r14=3 PC=46C0 AF=8E14 BC=0099 DE=E85C HL=D7CC IX=5592 IY=0120
VDP_REG14 val=03 r14=3 PC=46C0 AF=8E14 BC=0099 DE=E900 HL=D840 IX=5592 IY=0120
VDP_REG14 val=03 r14=3 PC=46C0 AF=8E14 BC=0099 DE=E904 HL=D8C0 IX=5592 IY=0120
VDP_REG14 val=03 r14=3 PC=46C0 AF=8E14 BC=0099 DE=E908 HL=D940 IX=5592 IY=0120
VDP_REG14 val=03 r14=3 PC=46C0 AF=8E14 BC=0099 DE=E90C HL=D9C0 IX=5592 IY=0120
VDP_REG14 val=03 r14=3 PC=46C0 AF=8E14 BC=0099 DE=E910 HL=DA40 IX=5592 IY=0120
VDP_REG14 val=03 r14=3 PC=46C0 AF=8E14 BC=0099 DE=E914 HL=DAC0 IX=5592 IY=0120
VDP_REG14 val=03 r14=3 PC=46C0 AF=8E14 BC=0099 DE=E918 HL=DB40 IX=5592 IY=0120
VDP_REG14 val=03 r14=3 PC=46C0 AF=8E14 BC=0099 DE=E91C HL=DBC0 IX=5592 IY=0120
VDP_REG14 val=03 r14=3 PC=46C0 AF=8E14 BC=0099 DE=E860 HL=D844 IX=5592 IY=0120
VDP_REG14 val=03 r14=3 PC=46C0 AF=8E14 BC=0099 DE=E864 HL=D8C4 IX=5592 IY=0120
VDP_REG14 val=03 r14=3 PC=46C0 AF=8E14 BC=0099 DE=E868 HL=D944 IX=5592 IY=0120
VDP_REG14 val=03 r14=3 PC=46C0 AF=8E14 BC=0099 DE=E86C HL=D9C4 IX=5592 IY=0120
VDP_REG14 val=03 r14=3 PC=46C0 AF=8E14 BC=0099 DE=E870 HL=DA44 IX=5592 IY=0120
VDP_REG14 val=03 r14=3 PC=46C0 AF=8E14 BC=0099 DE=E874 HL=DAC4 IX=5592 IY=0120
VDP_REG14 val=03 r14=3 PC=46C0 AF=8E14 BC=0099 DE=E878 HL=DB44 IX=5592 IY=0120
VDP_REG14 val=03 r14=3 PC=46C0 AF=8E14 BC=0099 DE=E87C HL=DBC4 IX=5592 IY=0120
VDP_REG14 val=03 r14=3 PC=46C0 AF=8E14 BC=0099 DE=E880 HL=D848 IX=5592 IY=0120
VDP_REG14 val=03 r14=3 PC=46C0 AF=8E14 BC=0099 DE=E884 HL=D8C8 IX=5592 IY=0120
VDP_REG14 val=03 r14=3 PC=46C0 AF=8E14 BC=0099 DE=E888 HL=D948 IX=5592 IY=0120
VDP_REG14 val=03 r14=3 PC=46C0 AF=8E14 BC=0099 DE=E88C HL=D9C8 IX=5592 IY=0120
VDP_REG14 val=03 r14=3 PC=46C0 AF=8E14 BC=0099 DE=E890 HL=DA48 IX=5592 IY=0120
VDP_REG14 val=03 r14=3 PC=46C0 AF=8E14 BC=0099 DE=E894 HL=DAC8 IX=5592 IY=0120
VDP_REG14 val=03 r14=3 PC=46C0 AF=8E14 BC=0099 DE=E898 HL=DB48 IX=5592 IY=0120
VDP_REG14 val=03 r14=3 PC=46C0 AF=8E14 BC=0099 DE=E89C HL=DBC8 IX=5592 IY=0120
VDP_REG14 val=03 r14=3 PC=46C0 AF=8E14 BC=0099 DE=E900 HL=D84C IX=5592 IY=0120
VDP_REG14 val=03 r14=3 PC=46C0 AF=8E14 BC=0099 DE=E904 HL=D8CC IX=5592 IY=0120
VDP_REG14 val=03 r14=3 PC=46C0 AF=8E14 BC=0099 DE=E908 HL=D94C IX=5592 IY=0120
VDP_REG14 val=03 r14=3 PC=46C0 AF=8E14 BC=0099 DE=E90C HL=D9CC IX=5592 IY=0120
VDP_REG14 val=03 r14=3 PC=46C0 AF=8E14 BC=0099 DE=E910 HL=DA4C IX=5592 IY=0120
VDP_REG14 val=03 r14=3 PC=46C0 AF=8E14 BC=0099 DE=E914 HL=DACC IX=5592 IY=0120
VDP_REG14 val=03 r14=3 PC=46C0 AF=8E14 BC=0099 DE=E918 HL=DB4C IX=5592 IY=0120
VDP_REG14 val=03 r14=3 PC=46C0 AF=8E14 BC=0099 DE=E91C HL=DBCC IX=5592 IY=0120
VDP_REG14 val=03 r14=3 PC=46C0 AF=8E14 BC=0099 DE=E8A0 HL=DC40 IX=5592 IY=0120
VDP_REG14 val=03 r14=3 PC=46C0 AF=8E14 BC=0099 DE=E8A4 HL=DCC0 IX=5592 IY=0120
VDP_REG14 val=03 r14=3 PC=46C0 AF=8E14 BC=0099 DE=E8A8 HL=DD40 IX=5592 IY=0120
VDP_REG14 val=03 r14=3 PC=46C0 AF=8E14 BC=0099 DE=E8AC HL=DDC0 IX=5592 IY=0120
VDP_REG14 val=03 r14=3 PC=46C0 AF=8E14 BC=0099 DE=E8B0 HL=DE40 IX=5592 IY=0120
VDP_REG14 val=03 r14=3 PC=46C0 AF=8E14 BC=0099 DE=E8B4 HL=DEC0 IX=5592 IY=0120
VDP_REG14 val=03 r14=3 PC=46C0 AF=8E14 BC=0099 DE=E8B8 HL=DF40 IX=5592 IY=0120
VDP_REG14 val=03 r14=3 PC=46C0 AF=8E14 BC=0099 DE=E8BC HL=DFC0 IX=5592 IY=0120
VDP_REG14 val=03 r14=3 PC=46C0 AF=8E14 BC=0099 DE=E8C0 HL=DC44 IX=5592 IY=0120
VDP_REG14 val=03 r14=3 PC=46C0 AF=8E14 BC=0099 DE=E8C4 HL=DCC4 IX=5592 IY=0120
VDP_REG14 val=03 r14=3 PC=46C0 AF=8E14 BC=0099 DE=E8C8 HL=DD44 IX=5592 IY=0120
VDP_REG14 val=03 r14=3 PC=46C0 AF=8E14 BC=0099 DE=E8CC HL=DDC4 IX=5592 IY=0120
VDP_REG14 val=03 r14=3 PC=46C0 AF=8E14 BC=0099 DE=E8D0 HL=DE44 IX=5592 IY=0120
VDP_REG14 val=03 r14=3 PC=46C0 AF=8E14 BC=0099 DE=E8D4 HL=DEC4 IX=5592 IY=0120
VDP_REG14 val=03 r14=3 PC=46C0 AF=8E14 BC=0099 DE=E8D8 HL=DF44 IX=5592 IY=0120
VDP_REG14 val=03 r14=3 PC=46C0 AF=8E14 BC=0099 DE=E8DC HL=DFC4 IX=5592 IY=0120
VDP_REG14 val=03 r14=3 PC=46C0 AF=8E14 BC=0099 DE=E8E0 HL=DC48 IX=5592 IY=0120
VDP_REG14 val=03 r14=3 PC=46C0 AF=8E14 BC=0099 DE=E8E4 HL=DCC8 IX=5592 IY=0120
VDP_REG14 val=03 r14=3 PC=46C0 AF=8E14 BC=0099 DE=E8E8 HL=DD48 IX=5592 IY=0120
VDP_REG14 val=03 r14=3 PC=46C0 AF=8E14 BC=0099 DE=E8EC HL=DDC8 IX=5592 IY=0120
VDP_REG14 val=03 r14=3 PC=46C0 AF=8E14 BC=0099 DE=E8F0 HL=DE48 IX=5592 IY=0120
VDP_REG14 val=03 r14=3 PC=46C0 AF=8E14 BC=0099 DE=E8F4 HL=DEC8 IX=5592 IY=0120
VDP_REG14 val=03 r14=3 PC=46C0 AF=8E14 BC=0099 DE=E8F8 HL=DF48 IX=5592 IY=0120
VDP_REG14 val=03 r14=3 PC=46C0 AF=8E14 BC=0099 DE=E8FC HL=DFC8 IX=5592 IY=0120
VDP_REG14 val=03 r14=3 PC=46C0 AF=8E14 BC=0099 DE=E900 HL=DC4C IX=5592 IY=0120
VDP_REG14 val=03 r14=3 PC=46C0 AF=8E14 BC=0099 DE=E904 HL=DCCC IX=5592 IY=0120
VDP_REG14 val=03 r14=3 PC=46C0 AF=8E14 BC=0099 DE=E908 HL=DD4C IX=5592 IY=0120
VDP_REG14 val=03 r14=3 PC=46C0 AF=8E14 BC=0099 DE=E90C HL=DDCC IX=5592 IY=0120
VDP_REG14 val=03 r14=3 PC=46C0 AF=8E14 BC=0099 DE=E910 HL=DE4C IX=5592 IY=0120
VDP_REG14 val=03 r14=3 PC=46C0 AF=8E14 BC=0099 DE=E914 HL=DECC IX=5592 IY=0120
VDP_REG14 val=03 r14=3 PC=46C0 AF=8E14 BC=0099 DE=E918 HL=DF4C IX=5592 IY=0120
VDP_REG14 val=03 r14=3 PC=46C0 AF=8E14 BC=0099 DE=E91C HL=DFCC IX=5592 IY=0120
VDP_REG14 val=03 r14=3 PC=46C0 AF=8E14 BC=0099 DE=A185 HL=FF00 IX=5593 IY=0120
VDP_REG14 val=03 r14=3 PC=46C0 AF=8E14 BC=0099 DE=A147 HL=F9C0 IX=5593 IY=0120
VDP_REG14 val=02 r14=2 PC=46C0 AF=8E10 BC=0099 DE=C110 HL=8000 IX=5593 IY=0120
VDP_REG14 val=02 r14=2 PC=46C0 AF=8E10 BC=0099 DE=C114 HL=8080 IX=5593 IY=0120
VDP_REG14 val=02 r14=2 PC=46C0 AF=8E10 BC=0099 DE=C118 HL=8100 IX=5593 IY=0120
VDP_REG14 val=02 r14=2 PC=46C0 AF=8E10 BC=0099 DE=C11C HL=8180 IX=5593 IY=0120
VDP_REG14 val=02 r14=2 PC=46C0 AF=8E10 BC=0099 DE=C120 HL=8200 IX=5593 IY=0120
VDP_REG14 val=02 r14=2 PC=46C0 AF=8E10 BC=0099 DE=C124 HL=8280 IX=5593 IY=0120
VDP_REG14 val=02 r14=2 PC=46C0 AF=8E10 BC=0099 DE=C128 HL=8300 IX=5593 IY=0120
VDP_REG14 val=02 r14=2 PC=46C0 AF=8E10 BC=0099 DE=C12C HL=8380 IX=5593 IY=0120
VDP_REG14 val=02 r14=2 PC=46C0 AF=8E10 BC=0099 DE=C110 HL=A000 IX=5593 IY=0120
VDP_REG14 val=02 r14=2 PC=46C0 AF=8E10 BC=0099 DE=C114 HL=A080 IX=5593 IY=0120
VDP_REG14 val=02 r14=2 PC=46C0 AF=8E10 BC=0099 DE=C118 HL=A100 IX=5593 IY=0120
VDP_REG14 val=02 r14=2 PC=46C0 AF=8E10 BC=0099 DE=C11C HL=A180 IX=5593 IY=0120
VDP_REG14 val=02 r14=2 PC=46C0 AF=8E10 BC=0099 DE=C120 HL=A200 IX=5593 IY=0120
VDP_REG14 val=02 r14=2 PC=46C0 AF=8E10 BC=0099 DE=C124 HL=A280 IX=5593 IY=0120
VDP_REG14 val=02 r14=2 PC=46C0 AF=8E10 BC=0099 DE=C128 HL=A300 IX=5593 IY=0120
VDP_REG14 val=02 r14=2 PC=46C0 AF=8E10 BC=0099 DE=C12C HL=A380 IX=5593 IY=0120
VDP_REG14 val=02 r14=2 PC=46C0 AF=8E10 BC=0099 DE=C110 HL=A004 IX=5593 IY=0120
VDP_REG14 val=02 r14=2 PC=46C0 AF=8E10 BC=0099 DE=C114 HL=A084 IX=5593 IY=0120
VDP_REG14 val=02 r14=2 PC=46C0 AF=8E10 BC=0099 DE=C118 HL=A104 IX=5593 IY=0120
VDP_REG14 val=02 r14=2 PC=46C0 AF=8E10 BC=0099 DE=C11C HL=A184 IX=5593 IY=0120
VDP_REG14 val=02 r14=2 PC=46C0 AF=8E10 BC=0099 DE=C120 HL=A204 IX=5593 IY=0120
VDP_REG14 val=02 r14=2 PC=46C0 AF=8E10 BC=0099 DE=C124 HL=A284 IX=5593 IY=0120
VDP_REG14 val=02 r14=2 PC=46C0 AF=8E10 BC=0099 DE=C128 HL=A304 IX=5593 IY=0120
VDP_REG14 val=02 r14=2 PC=46C0 AF=8E10 BC=0099 DE=C12C HL=A384 IX=5593 IY=0120
VDP_REG14 val=02 r14=2 PC=46C0 AF=8E10 BC=0099 DE=C110 HL=A008 IX=5593 IY=0120
VDP_REG14 val=02 r14=2 PC=46C0 AF=8E10 BC=0099 DE=C114 HL=A088 IX=5593 IY=0120
VDP_REG14 val=02 r14=2 PC=46C0 AF=8E10 BC=0099 DE=C118 HL=A108 IX=5593 IY=0120
VDP_REG14 val=02 r14=2 PC=46C0 AF=8E10 BC=0099 DE=C11C HL=A188 IX=5593 IY=0120
VDP_REG14 val=02 r14=2 PC=46C0 AF=8E10 BC=0099 DE=C120 HL=A208 IX=5593 IY=0120
VDP_REG14 val=02 r14=2 PC=46C0 AF=8E10 BC=0099 DE=C124 HL=A288 IX=5593 IY=0120
VDP_REG14 val=02 r14=2 PC=46C0 AF=8E10 BC=0099 DE=C128 HL=A308 IX=5593 IY=0120
VDP_REG14 val=02 r14=2 PC=46C0 AF=8E10 BC=0099 DE=C12C HL=A388 IX=5593 IY=0120
VDP_REG14 val=02 r14=2 PC=46C0 AF=8E10 BC=0099 DE=C110 HL=A00C IX=5593 IY=0120
VDP_REG14 val=02 r14=2 PC=46C0 AF=8E10 BC=0099 DE=C114 HL=A08C IX=5593 IY=0120
VDP_REG14 val=02 r14=2 PC=46C0 AF=8E10 BC=0099 DE=C118 HL=A10C IX=5593 IY=0120
VDP_REG14 val=02 r14=2 PC=46C0 AF=8E10 BC=0099 DE=C11C HL=A18C IX=5593 IY=0120
VDP_REG14 val=02 r14=2 PC=46C0 AF=8E10 BC=0099 DE=C120 HL=A20C IX=5593 IY=0120
VDP_REG14 val=02 r14=2 PC=46C0 AF=8E10 BC=0099 DE=C124 HL=A28C IX=5593 IY=0120
VDP_REG14 val=02 r14=2 PC=46C0 AF=8E10 BC=0099 DE=C128 HL=A30C IX=5593 IY=0120
VDP_REG14 val=02 r14=2 PC=46C0 AF=8E10 BC=0099 DE=C12C HL=A38C IX=5593 IY=0120
VDP_REG14 val=02 r14=2 PC=46C0 AF=8E10 BC=0099 DE=C110 HL=A010 IX=5593 IY=0120
VDP_REG14 val=02 r14=2 PC=46C0 AF=8E10 BC=0099 DE=C114 HL=A090 IX=5593 IY=0120
VDP_REG14 val=02 r14=2 PC=46C0 AF=8E10 BC=0099 DE=C118 HL=A110 IX=5593 IY=0120
VDP_REG14 val=02 r14=2 PC=46C0 AF=8E10 BC=0099 DE=C11C HL=A190 IX=5593 IY=0120
VDP_REG14 val=02 r14=2 PC=46C0 AF=8E10 BC=0099 DE=C120 HL=A210 IX=5593 IY=0120
VDP_REG14 val=02 r14=2 PC=46C0 AF=8E10 BC=0099 DE=C124 HL=A290 IX=5593 IY=0120
VDP_REG14 val=02 r14=2 PC=46C0 AF=8E10 BC=0099 DE=C128 HL=A310 IX=5593 IY=0120
VDP_REG14 val=02 r14=2 PC=46C0 AF=8E10 BC=0099 DE=C12C HL=A390 IX=5593 IY=0120
VDP_REG14 val=02 r14=2 PC=46C0 AF=8E10 BC=0099 DE=C110 HL=A014 IX=5593 IY=0120
VDP_REG14 val=02 r14=2 PC=46C0 AF=8E10 BC=0099 DE=C114 HL=A094 IX=5593 IY=0120
VDP_REG14 val=02 r14=2 PC=46C0 AF=8E10 BC=0099 DE=C118 HL=A114 IX=5593 IY=0120
VDP_REG14 val=02 r14=2 PC=46C0 AF=8E10 BC=0099 DE=C11C HL=A194 IX=5593 IY=0120
VDP_REG14 val=02 r14=2 PC=46C0 AF=8E10 BC=0099 DE=C120 HL=A214 IX=5593 IY=0120
VDP_REG14 val=02 r14=2 PC=46C0 AF=8E10 BC=0099 DE=C124 HL=A294 IX=5593 IY=0120
VDP_REG14 val=02 r14=2 PC=46C0 AF=8E10 BC=0099 DE=C128 HL=A314 IX=5593 IY=0120
VDP_REG14 val=02 r14=2 PC=46C0 AF=8E10 BC=0099 DE=C12C HL=A394 IX=5593 IY=0120
VDP_REG14 val=02 r14=2 PC=46C0 AF=8E10 BC=0099 DE=C110 HL=A018 IX=5593 IY=0120
VDP_REG14 val=02 r14=2 PC=46C0 AF=8E10 BC=0099 DE=C114 HL=A098 IX=5593 IY=0120
VDP_REG14 val=02 r14=2 PC=46C0 AF=8E10 BC=0099 DE=C118 HL=A118 IX=5593 IY=0120
VDP_REG14 val=02 r14=2 PC=46C0 AF=8E10 BC=0099 DE=C11C HL=A198 IX=5593 IY=0120
VDP_REG14 val=02 r14=2 PC=46C0 AF=8E10 BC=0099 DE=C120 HL=A218 IX=5593 IY=0120
VDP_REG14 val=02 r14=2 PC=46C0 AF=8E10 BC=0099 DE=C124 HL=A298 IX=5593 IY=0120
VDP_REG14 val=02 r14=2 PC=46C0 AF=8E10 BC=0099 DE=C128 HL=A318 IX=5593 IY=0120
VDP_REG14 val=02 r14=2 PC=46C0 AF=8E10 BC=0099 DE=C12C HL=A398 IX=5593 IY=0120
VDP_REG14 val=02 r14=2 PC=46C0 AF=8E10 BC=0099 DE=C110 HL=A01C IX=5593 IY=0120
VDP_REG14 val=02 r14=2 PC=46C0 AF=8E10 BC=0099 DE=C114 HL=A09C IX=5593 IY=0120
VDP_REG14 val=02 r14=2 PC=46C0 AF=8E10 BC=0099 DE=C118 HL=A11C IX=5593 IY=0120
VDP_REG14 val=02 r14=2 PC=46C0 AF=8E10 BC=0099 DE=C11C HL=A19C IX=5593 IY=0120
VDP_REG14 val=02 r14=2 PC=46C0 AF=8E10 BC=0099 DE=C120 HL=A21C IX=5593 IY=0120
VDP_REG14 val=02 r14=2 PC=46C0 AF=8E10 BC=0099 DE=C124 HL=A29C IX=5593 IY=0120
VDP_REG14 val=02 r14=2 PC=46C0 AF=8E10 BC=0099 DE=C128 HL=A31C IX=5593 IY=0120
VDP_REG14 val=02 r14=2 PC=46C0 AF=8E10 BC=0099 DE=C12C HL=A39C IX=5593 IY=0120
VDP_REG14 val=02 r14=2 PC=46C0 AF=8E10 BC=0099 DE=C110 HL=A020 IX=5593 IY=0120
VDP_REG14 val=02 r14=2 PC=46C0 AF=8E10 BC=0099 DE=C114 HL=A0A0 IX=5593 IY=0120
VDP_REG14 val=02 r14=2 PC=46C0 AF=8E10 BC=0099 DE=C118 HL=A120 IX=5593 IY=0120
VDP_REG14 val=02 r14=2 PC=46C0 AF=8E10 BC=0099 DE=C11C HL=A1A0 IX=5593 IY=0120
VDP_REG14 val=02 r14=2 PC=46C0 AF=8E10 BC=0099 DE=C120 HL=A220 IX=5593 IY=0120
VDP_REG14 val=02 r14=2 PC=46C0 AF=8E10 BC=0099 DE=C124 HL=A2A0 IX=5593 IY=0120
VDP_REG14 val=02 r14=2 PC=46C0 AF=8E10 BC=0099 DE=C128 HL=A320 IX=5593 IY=0120
VDP_REG14 val=02 r14=2 PC=46C0 AF=8E10 BC=0099 DE=C12C HL=A3A0 IX=5593 IY=0120
VDP_REG14 val=02 r14=2 PC=46C0 AF=8E10 BC=0099 DE=C110 HL=A024 IX=5593 IY=0120
VDP_REG14 val=02 r14=2 PC=46C0 AF=8E10 BC=0099 DE=C114 HL=A0A4 IX=5593 IY=0120
VDP_REG14 val=02 r14=2 PC=46C0 AF=8E10 BC=0099 DE=C118 HL=A124 IX=5593 IY=0120
VDP_REG14 val=02 r14=2 PC=46C0 AF=8E10 BC=0099 DE=C11C HL=A1A4 IX=5593 IY=0120
VDP_REG14 val=02 r14=2 PC=46C0 AF=8E10 BC=0099 DE=C120 HL=A224 IX=5593 IY=0120
VDP_REG14 val=02 r14=2 PC=46C0 AF=8E10 BC=0099 DE=C124 HL=A2A4 IX=5593 IY=0120
VDP_REG14 val=02 r14=2 PC=46C0 AF=8E10 BC=0099 DE=C128 HL=A324 IX=5593 IY=0120
VDP_REG14 val=02 r14=2 PC=46C0 AF=8E10 BC=0099 DE=C12C HL=A3A4 IX=5593 IY=0120
VDP_REG14 val=02 r14=2 PC=46C0 AF=8E10 BC=0099 DE=C110 HL=A028 IX=5593 IY=0120
VDP_REG14 val=02 r14=2 PC=46C0 AF=8E10 BC=0099 DE=C114 HL=A0A8 IX=5593 IY=0120
VDP_REG14 val=02 r14=2 PC=46C0 AF=8E10 BC=0099 DE=C118 HL=A128 IX=5593 IY=0120
VDP_REG14 val=02 r14=2 PC=46C0 AF=8E10 BC=0099 DE=C11C HL=A1A8 IX=5593 IY=0120
VDP_REG14 val=02 r14=2 PC=46C0 AF=8E10 BC=0099 DE=C120 HL=A228 IX=5593 IY=0120
VDP_REG14 val=02 r14=2 PC=46C0 AF=8E10 BC=0099 DE=C124 HL=A2A8 IX=5593 IY=0120
VDP_REG14 val=02 r14=2 PC=46C0 AF=8E10 BC=0099 DE=C128 HL=A328 IX=5593 IY=0120
VDP_REG14 val=02 r14=2 PC=46C0 AF=8E10 BC=0099 DE=C12C HL=A3A8 IX=5593 IY=0120
VDP_REG14 val=02 r14=2 PC=46C0 AF=8E10 BC=0099 DE=C110 HL=A02C IX=5593 IY=0120
VDP_REG14 val=02 r14=2 PC=46C0 AF=8E10 BC=0099 DE=C114 HL=A0AC IX=5593 IY=0120
VDP_REG14 val=02 r14=2 PC=46C0 AF=8E10 BC=0099 DE=C118 HL=A12C IX=5593 IY=0120
VDP_REG14 val=02 r14=2 PC=46C0 AF=8E10 BC=0099 DE=C11C HL=A1AC IX=5593 IY=0120
VDP_REG14 val=02 r14=2 PC=46C0 AF=8E10 BC=0099 DE=C120 HL=A22C IX=5593 IY=0120
VDP_REG14 val=02 r14=2 PC=46C0 AF=8E10 BC=0099 DE=C124 HL=A2AC IX=5593 IY=0120
VDP_REG14 val=02 r14=2 PC=46C0 AF=8E10 BC=0099 DE=C128 HL=A32C IX=5593 IY=0120
VDP_REG14 val=02 r14=2 PC=46C0 AF=8E10 BC=0099 DE=C12C HL=A3AC IX=5593 IY=0120
VDP_REG14 val=02 r14=2 PC=46C0 AF=8E10 BC=0099 DE=C110 HL=A030 IX=5593 IY=0120
VDP_REG14 val=02 r14=2 PC=46C0 AF=8E10 BC=0099 DE=C114 HL=A0B0 IX=5593 IY=0120
VDP_REG14 val=02 r14=2 PC=46C0 AF=8E10 BC=0099 DE=C118 HL=A130 IX=5593 IY=0120
VDP_REG14 val=02 r14=2 PC=46C0 AF=8E10 BC=0099 DE=C11C HL=A1B0 IX=5593 IY=0120
VDP_REG14 val=02 r14=2 PC=46C0 AF=8E10 BC=0099 DE=C120 HL=A230 IX=5593 IY=0120
VDP_REG14 val=02 r14=2 PC=46C0 AF=8E10 BC=0099 DE=C124 HL=A2B0 IX=5593 IY=0120
VDP_REG14 val=02 r14=2 PC=46C0 AF=8E10 BC=0099 DE=C128 HL=A330 IX=5593 IY=0120
VDP_REG14 val=02 r14=2 PC=46C0 AF=8E10 BC=0099 DE=C12C HL=A3B0 IX=5593 IY=0120
VDP_REG14 val=02 r14=2 PC=46C0 AF=8E10 BC=0099 DE=C110 HL=A034 IX=5593 IY=0120
VDP_REG14 val=02 r14=2 PC=46C0 AF=8E10 BC=0099 DE=C114 HL=A0B4 IX=5593 IY=0120
VDP_REG14 val=02 r14=2 PC=46C0 AF=8E10 BC=0099 DE=C118 HL=A134 IX=5593 IY=0120
VDP_REG14 val=02 r14=2 PC=46C0 AF=8E10 BC=0099 DE=C11C HL=A1B4 IX=5593 IY=0120
VDP_REG14 val=02 r14=2 PC=46C0 AF=8E10 BC=0099 DE=C120 HL=A234 IX=5593 IY=0120
VDP_REG14 val=02 r14=2 PC=46C0 AF=8E10 BC=0099 DE=C124 HL=A2B4 IX=5593 IY=0120
VDP_REG14 val=02 r14=2 PC=46C0 AF=8E10 BC=0099 DE=C128 HL=A334 IX=5593 IY=0120
VDP_REG14 val=02 r14=2 PC=46C0 AF=8E10 BC=0099 DE=C12C HL=A3B4 IX=5593 IY=0120
VDP_REG14 val=02 r14=2 PC=46C0 AF=8E10 BC=0099 DE=C110 HL=A038 IX=5593 IY=0120
VDP_REG14 val=02 r14=2 PC=46C0 AF=8E10 BC=0099 DE=C114 HL=A0B8 IX=5593 IY=0120
VDP_REG14 val=02 r14=2 PC=46C0 AF=8E10 BC=0099 DE=C118 HL=A138 IX=5593 IY=0120
VDP_REG14 val=02 r14=2 PC=46C0 AF=8E10 BC=0099 DE=C11C HL=A1B8 IX=5593 IY=0120
VDP_REG14 val=02 r14=2 PC=46C0 AF=8E10 BC=0099 DE=C120 HL=A238 IX=5593 IY=0120
VDP_REG14 val=02 r14=2 PC=46C0 AF=8E10 BC=0099 DE=C124 HL=A2B8 IX=5593 IY=0120
VDP_REG14 val=02 r14=2 PC=46C0 AF=8E10 BC=0099 DE=C128 HL=A338 IX=5593 IY=0120
VDP_REG14 val=02 r14=2 PC=46C0 AF=8E10 BC=0099 DE=C12C HL=A3B8 IX=5593 IY=0120
VDP_REG14 val=02 r14=2 PC=46C0 AF=8E10 BC=0099 DE=C110 HL=A03C IX=5593 IY=0120
VDP_REG14 val=02 r14=2 PC=46C0 AF=8E10 BC=0099 DE=C114 HL=A0BC IX=5593 IY=0120
VDP_REG14 val=02 r14=2 PC=46C0 AF=8E10 BC=0099 DE=C118 HL=A13C IX=5593 IY=0120
VDP_REG14 val=02 r14=2 PC=46C0 AF=8E10 BC=0099 DE=C11C HL=A1BC IX=5593 IY=0120
VDP_REG14 val=02 r14=2 PC=46C0 AF=8E10 BC=0099 DE=C120 HL=A23C IX=5593 IY=0120
VDP_REG14 val=02 r14=2 PC=46C0 AF=8E10 BC=0099 DE=C124 HL=A2BC IX=5593 IY=0120
VDP_REG14 val=02 r14=2 PC=46C0 AF=8E10 BC=0099 DE=C128 HL=A33C IX=5593 IY=0120
VDP_REG14 val=02 r14=2 PC=46C0 AF=8E10 BC=0099 DE=C12C HL=A3BC IX=5593 IY=0120
VDP_REG14 val=02 r14=2 PC=46C0 AF=8E10 BC=0099 DE=C110 HL=A040 IX=5593 IY=0120
VDP_REG14 val=02 r14=2 PC=46C0 AF=8E10 BC=0099 DE=C114 HL=A0C0 IX=5593 IY=0120
VDP_REG14 val=02 r14=2 PC=46C0 AF=8E10 BC=0099 DE=C118 HL=A140 IX=5593 IY=0120
VDP_REG14 val=02 r14=2 PC=46C0 AF=8E10 BC=0099 DE=C11C HL=A1C0 IX=5593 IY=0120
VDP_REG14 val=02 r14=2 PC=46C0 AF=8E10 BC=0099 DE=C120 HL=A240 IX=5593 IY=0120
VDP_REG14 val=02 r14=2 PC=46C0 AF=8E10 BC=0099 DE=C124 HL=A2C0 IX=5593 IY=0120
VDP_REG14 val=02 r14=2 PC=46C0 AF=8E10 BC=0099 DE=C128 HL=A340 IX=5593 IY=0120
VDP_REG14 val=02 r14=2 PC=46C0 AF=8E10 BC=0099 DE=C12C HL=A3C0 IX=5593 IY=0120
VDP_REG14 val=02 r14=2 PC=46C0 AF=8E10 BC=0099 DE=C110 HL=A044 IX=5593 IY=0120
VDP_REG14 val=02 r14=2 PC=46C0 AF=8E10 BC=0099 DE=C114 HL=A0C4 IX=5593 IY=0120
VDP_REG14 val=02 r14=2 PC=46C0 AF=8E10 BC=0099 DE=C118 HL=A144 IX=5593 IY=0120
VDP_REG14 val=02 r14=2 PC=46C0 AF=8E10 BC=0099 DE=C11C HL=A1C4 IX=5593 IY=0120
VDP_REG14 val=02 r14=2 PC=46C0 AF=8E10 BC=0099 DE=C120 HL=A244 IX=5593 IY=0120
VDP_REG14 val=02 r14=2 PC=46C0 AF=8E10 BC=0099 DE=C124 HL=A2C4 IX=5593 IY=0120
VDP_REG14 val=02 r14=2 PC=46C0 AF=8E10 BC=0099 DE=C128 HL=A344 IX=5593 IY=0120
VDP_REG14 val=02 r14=2 PC=46C0 AF=8E10 BC=0099 DE=C12C HL=A3C4 IX=5593 IY=0120
VDP_REG14 val=02 r14=2 PC=46C0 AF=8E10 BC=0099 DE=C110 HL=A048 IX=5593 IY=0120
VDP_REG14 val=02 r14=2 PC=46C0 AF=8E10 BC=0099 DE=C114 HL=A0C8 IX=5593 IY=0120
VDP_REG14 val=02 r14=2 PC=46C0 AF=8E10 BC=0099 DE=C118 HL=A148 IX=5593 IY=0120
VDP_REG14 val=02 r14=2 PC=46C0 AF=8E10 BC=0099 DE=C11C HL=A1C8 IX=5593 IY=0120
VDP_REG14 val=02 r14=2 PC=46C0 AF=8E10 BC=0099 DE=C120 HL=A248 IX=5593 IY=0120
VDP_REG14 val=02 r14=2 PC=46C0 AF=8E10 BC=0099 DE=C124 HL=A2C8 IX=5593 IY=0120
VDP_REG14 val=02 r14=2 PC=46C0 AF=8E10 BC=0099 DE=C128 HL=A348 IX=5593 IY=0120
VDP_REG14 val=02 r14=2 PC=46C0 AF=8E10 BC=0099 DE=C12C HL=A3C8 IX=5593 IY=0120
VDP_REG14 val=02 r14=2 PC=46C0 AF=8E10 BC=0099 DE=C110 HL=A04C IX=5593 IY=0120
VDP_REG14 val=02 r14=2 PC=46C0 AF=8E10 BC=0099 DE=C114 HL=A0CC IX=5593 IY=0120
VDP_REG14 val=02 r14=2 PC=46C0 AF=8E10 BC=0099 DE=C118 HL=A14C IX=5593 IY=0120
VDP_REG14 val=02 r14=2 PC=46C0 AF=8E10 BC=0099 DE=C11C HL=A1CC IX=5593 IY=0120
VDP_REG14 val=02 r14=2 PC=46C0 AF=8E10 BC=0099 DE=C120 HL=A24C IX=5593 IY=0120
VDP_REG14 val=02 r14=2 PC=46C0 AF=8E10 BC=0099 DE=C124 HL=A2CC IX=5593 IY=0120
VDP_REG14 val=02 r14=2 PC=46C0 AF=8E10 BC=0099 DE=C128 HL=A34C IX=5593 IY=0120
VDP_REG14 val=02 r14=2 PC=46C0 AF=8E10 BC=0099 DE=C12C HL=A3CC IX=5593 IY=0120
VDP_REG14 val=02 r14=2 PC=46C0 AF=8E10 BC=0099 DE=C110 HL=A050 IX=5593 IY=0120
VDP_REG14 val=02 r14=2 PC=46C0 AF=8E10 BC=0099 DE=C114 HL=A0D0 IX=5593 IY=0120
VDP_REG14 val=02 r14=2 PC=46C0 AF=8E10 BC=0099 DE=C118 HL=A150 IX=5593 IY=0120
VDP_REG14 val=02 r14=2 PC=46C0 AF=8E10 BC=0099 DE=C11C HL=A1D0 IX=5593 IY=0120
VDP_REG14 val=02 r14=2 PC=46C0 AF=8E10 BC=0099 DE=C120 HL=A250 IX=5593 IY=0120
VDP_REG14 val=02 r14=2 PC=46C0 AF=8E10 BC=0099 DE=C124 HL=A2D0 IX=5593 IY=0120
VDP_REG14 val=02 r14=2 PC=46C0 AF=8E10 BC=0099 DE=C128 HL=A350 IX=5593 IY=0120
VDP_REG14 val=02 r14=2 PC=46C0 AF=8E10 BC=0099 DE=C12C HL=A3D0 IX=5593 IY=0120
VDP_REG14 val=02 r14=2 PC=46C0 AF=8E10 BC=0099 DE=C110 HL=A054 IX=5593 IY=0120
VDP_REG14 val=02 r14=2 PC=46C0 AF=8E10 BC=0099 DE=C114 HL=A0D4 IX=5593 IY=0120
VDP_REG14 val=02 r14=2 PC=46C0 AF=8E10 BC=0099 DE=C118 HL=A154 IX=5593 IY=0120
VDP_REG14 val=02 r14=2 PC=46C0 AF=8E10 BC=0099 DE=C11C HL=A1D4 IX=5593 IY=0120
VDP_REG14 val=02 r14=2 PC=46C0 AF=8E10 BC=0099 DE=C120 HL=A254 IX=5593 IY=0120
VDP_REG14 val=02 r14=2 PC=46C0 AF=8E10 BC=0099 DE=C124 HL=A2D4 IX=5593 IY=0120
VDP_REG14 val=02 r14=2 PC=46C0 AF=8E10 BC=0099 DE=C128 HL=A354 IX=5593 IY=0120
VDP_REG14 val=02 r14=2 PC=46C0 AF=8E10 BC=0099 DE=C12C HL=A3D4 IX=5593 IY=0120
VDP_REG14 val=02 r14=2 PC=46C0 AF=8E10 BC=0099 DE=C110 HL=A058 IX=5593 IY=0120
VDP_REG14 val=02 r14=2 PC=46C0 AF=8E10 BC=0099 DE=C114 HL=A0D8 IX=5593 IY=0120
VDP_REG14 val=02 r14=2 PC=46C0 AF=8E10 BC=0099 DE=C118 HL=A158 IX=5593 IY=0120
VDP_REG14 val=02 r14=2 PC=46C0 AF=8E10 BC=0099 DE=C11C HL=A1D8 IX=5593 IY=0120
VDP_REG14 val=02 r14=2 PC=46C0 AF=8E10 BC=0099 DE=C120 HL=A258 IX=5593 IY=0120
VDP_REG14 val=02 r14=2 PC=46C0 AF=8E10 BC=0099 DE=C124 HL=A2D8 IX=5593 IY=0120
VDP_REG14 val=02 r14=2 PC=46C0 AF=8E10 BC=0099 DE=C128 HL=A358 IX=5593 IY=0120
VDP_REG14 val=02 r14=2 PC=46C0 AF=8E10 BC=0099 DE=C12C HL=A3D8 IX=5593 IY=0120
VDP_REG14 val=02 r14=2 PC=46C0 AF=8E10 BC=0099 DE=C110 HL=A05C IX=5593 IY=0120
VDP_REG14 val=02 r14=2 PC=46C0 AF=8E10 BC=0099 DE=C114 HL=A0DC IX=5593 IY=0120
VDP_REG14 val=02 r14=2 PC=46C0 AF=8E10 BC=0099 DE=C118 HL=A15C IX=5593 IY=0120
VDP_REG14 val=02 r14=2 PC=46C0 AF=8E10 BC=0099 DE=C11C HL=A1DC IX=5593 IY=0120
VDP_REG14 val=02 r14=2 PC=46C0 AF=8E10 BC=0099 DE=C120 HL=A25C IX=5593 IY=0120
VDP_REG14 val=02 r14=2 PC=46C0 AF=8E10 BC=0099 DE=C124 HL=A2DC IX=5593 IY=0120
VDP_REG14 val=02 r14=2 PC=46C0 AF=8E10 BC=0099 DE=C128 HL=A35C IX=5593 IY=0120
VDP_REG14 val=02 r14=2 PC=46C0 AF=8E10 BC=0099 DE=C12C HL=A3DC IX=5593 IY=0120
VDP_REG14 val=02 r14=2 PC=46C0 AF=8E10 BC=0099 DE=C110 HL=A060 IX=5593 IY=0120
VDP_REG14 val=02 r14=2 PC=46C0 AF=8E10 BC=0099 DE=C114 HL=A0E0 IX=5593 IY=0120
VDP_REG14 val=02 r14=2 PC=46C0 AF=8E10 BC=0099 DE=C118 HL=A160 IX=5593 IY=0120
VDP_REG14 val=02 r14=2 PC=46C0 AF=8E10 BC=0099 DE=C11C HL=A1E0 IX=5593 IY=0120
VDP_REG14 val=02 r14=2 PC=46C0 AF=8E10 BC=0099 DE=C120 HL=A260 IX=5593 IY=0120
VDP_REG14 val=02 r14=2 PC=46C0 AF=8E10 BC=0099 DE=C124 HL=A2E0 IX=5593 IY=0120
VDP_REG14 val=02 r14=2 PC=46C0 AF=8E10 BC=0099 DE=C128 HL=A360 IX=5593 IY=0120
VDP_REG14 val=02 r14=2 PC=46C0 AF=8E10 BC=0099 DE=C12C HL=A3E0 IX=5593 IY=0120
VDP_REG14 val=02 r14=2 PC=46C0 AF=8E10 BC=0099 DE=C110 HL=A064 IX=5593 IY=0120
VDP_REG14 val=02 r14=2 PC=46C0 AF=8E10 BC=0099 DE=C114 HL=A0E4 IX=5593 IY=0120
VDP_REG14 val=02 r14=2 PC=46C0 AF=8E10 BC=0099 DE=C118 HL=A164 IX=5593 IY=0120
VDP_REG14 val=02 r14=2 PC=46C0 AF=8E10 BC=0099 DE=C11C HL=A1E4 IX=5593 IY=0120
VDP_REG14 val=02 r14=2 PC=46C0 AF=8E10 BC=0099 DE=C120 HL=A264 IX=5593 IY=0120
VDP_REG14 val=02 r14=2 PC=46C0 AF=8E10 BC=0099 DE=C124 HL=A2E4 IX=5593 IY=0120
VDP_REG14 val=02 r14=2 PC=46C0 AF=8E10 BC=0099 DE=C128 HL=A364 IX=5593 IY=0120
VDP_REG14 val=02 r14=2 PC=46C0 AF=8E10 BC=0099 DE=C12C HL=A3E4 IX=5593 IY=0120
VDP_REG14 val=02 r14=2 PC=46C0 AF=8E10 BC=0099 DE=C110 HL=A068 IX=5593 IY=0120
VDP_REG14 val=02 r14=2 PC=46C0 AF=8E10 BC=0099 DE=C114 HL=A0E8 IX=5593 IY=0120
VDP_REG14 val=02 r14=2 PC=46C0 AF=8E10 BC=0099 DE=C118 HL=A168 IX=5593 IY=0120
VDP_REG14 val=02 r14=2 PC=46C0 AF=8E10 BC=0099 DE=C11C HL=A1E8 IX=5593 IY=0120
VDP_REG14 val=02 r14=2 PC=46C0 AF=8E10 BC=0099 DE=C120 HL=A268 IX=5593 IY=0120
VDP_REG14 val=02 r14=2 PC=46C0 AF=8E10 BC=0099 DE=C124 HL=A2E8 IX=5593 IY=0120
VDP_REG14 val=02 r14=2 PC=46C0 AF=8E10 BC=0099 DE=C128 HL=A368 IX=5593 IY=0120
VDP_REG14 val=02 r14=2 PC=46C0 AF=8E10 BC=0099 DE=C12C HL=A3E8 IX=5593 IY=0120
VDP_REG14 val=02 r14=2 PC=46C0 AF=8E10 BC=0099 DE=C110 HL=A06C IX=5593 IY=0120
VDP_REG14 val=02 r14=2 PC=46C0 AF=8E10 BC=0099 DE=C114 HL=A0EC IX=5593 IY=0120
VDP_REG14 val=02 r14=2 PC=46C0 AF=8E10 BC=0099 DE=C118 HL=A16C IX=5593 IY=0120
VDP_REG14 val=02 r14=2 PC=46C0 AF=8E10 BC=0099 DE=C11C HL=A1EC IX=5593 IY=0120
VDP_REG14 val=02 r14=2 PC=46C0 AF=8E10 BC=0099 DE=C120 HL=A26C IX=5593 IY=0120
VDP_REG14 val=02 r14=2 PC=46C0 AF=8E10 BC=0099 DE=C124 HL=A2EC IX=5593 IY=0120
VDP_REG14 val=02 r14=2 PC=46C0 AF=8E10 BC=0099 DE=C128 HL=A36C IX=5593 IY=0120
VDP_REG14 val=02 r14=2 PC=46C0 AF=8E10 BC=0099 DE=C12C HL=A3EC IX=5593 IY=0120
VDP_REG14 val=02 r14=2 PC=46C0 AF=8E10 BC=0099 DE=C110 HL=A070 IX=5593 IY=0120
VDP_REG14 val=02 r14=2 PC=46C0 AF=8E10 BC=0099 DE=C114 HL=A0F0 IX=5593 IY=0120
VDP_REG14 val=02 r14=2 PC=46C0 AF=8E10 BC=0099 DE=C118 HL=A170 IX=5593 IY=0120
VDP_REG14 val=02 r14=2 PC=46C0 AF=8E10 BC=0099 DE=C11C HL=A1F0 IX=5593 IY=0120
VDP_REG14 val=02 r14=2 PC=46C0 AF=8E10 BC=0099 DE=C120 HL=A270 IX=5593 IY=0120
VDP_REG14 val=02 r14=2 PC=46C0 AF=8E10 BC=0099 DE=C124 HL=A2F0 IX=5593 IY=0120
VDP_REG14 val=02 r14=2 PC=46C0 AF=8E10 BC=0099 DE=C128 HL=A370 IX=5593 IY=0120
VDP_REG14 val=02 r14=2 PC=46C0 AF=8E10 BC=0099 DE=C12C HL=A3F0 IX=5593 IY=0120
VDP_REG14 val=02 r14=2 PC=46C0 AF=8E10 BC=0099 DE=C110 HL=A074 IX=5593 IY=0120
VDP_REG14 val=02 r14=2 PC=46C0 AF=8E10 BC=0099 DE=C114 HL=A0F4 IX=5593 IY=0120
VDP_REG14 val=02 r14=2 PC=46C0 AF=8E10 BC=0099 DE=C118 HL=A174 IX=5593 IY=0120
VDP_REG14 val=02 r14=2 PC=46C0 AF=8E10 BC=0099 DE=C11C HL=A1F4 IX=5593 IY=0120
VDP_REG14 val=02 r14=2 PC=46C0 AF=8E10 BC=0099 DE=C120 HL=A274 IX=5593 IY=0120
VDP_REG14 val=02 r14=2 PC=46C0 AF=8E10 BC=0099 DE=C124 HL=A2F4 IX=5593 IY=0120
VDP_REG14 val=02 r14=2 PC=46C0 AF=8E10 BC=0099 DE=C128 HL=A374 IX=5593 IY=0120
VDP_REG14 val=02 r14=2 PC=46C0 AF=8E10 BC=0099 DE=C12C HL=A3F4 IX=5593 IY=0120
VDP_REG14 val=02 r14=2 PC=46C0 AF=8E10 BC=0099 DE=C110 HL=A078 IX=5593 IY=0120
VDP_REG14 val=02 r14=2 PC=46C0 AF=8E10 BC=0099 DE=C114 HL=A0F8 IX=5593 IY=0120
VDP_REG14 val=02 r14=2 PC=46C0 AF=8E10 BC=0099 DE=C118 HL=A178 IX=5593 IY=0120
VDP_REG14 val=02 r14=2 PC=46C0 AF=8E10 BC=0099 DE=C11C HL=A1F8 IX=5593 IY=0120
VDP_REG14 val=02 r14=2 PC=46C0 AF=8E10 BC=0099 DE=C120 HL=A278 IX=5593 IY=0120
VDP_REG14 val=02 r14=2 PC=46C0 AF=8E10 BC=0099 DE=C124 HL=A2F8 IX=5593 IY=0120
VDP_REG14 val=02 r14=2 PC=46C0 AF=8E10 BC=0099 DE=C128 HL=A378 IX=5593 IY=0120
VDP_REG14 val=02 r14=2 PC=46C0 AF=8E10 BC=0099 DE=C12C HL=A3F8 IX=5593 IY=0120
VDP_REG14 val=02 r14=2 PC=46C0 AF=8E10 BC=0099 DE=C110 HL=A07C IX=5593 IY=0120
VDP_REG14 val=02 r14=2 PC=46C0 AF=8E10 BC=0099 DE=C114 HL=A0FC IX=5593 IY=0120
VDP_REG14 val=02 r14=2 PC=46C0 AF=8E10 BC=0099 DE=C118 HL=A17C IX=5593 IY=0120
VDP_REG14 val=02 r14=2 PC=46C0 AF=8E10 BC=0099 DE=C11C HL=A1FC IX=5593 IY=0120
VDP_REG14 val=02 r14=2 PC=46C0 AF=8E10 BC=0099 DE=C120 HL=A27C IX=5593 IY=0120
VDP_REG14 val=02 r14=2 PC=46C0 AF=8E10 BC=0099 DE=C124 HL=A2FC IX=5593 IY=0120
VDP_REG14 val=02 r14=2 PC=46C0 AF=8E10 BC=0099 DE=C128 HL=A37C IX=5593 IY=0120
VDP_REG14 val=02 r14=2 PC=46C0 AF=8E10 BC=0099 DE=C12C HL=A3FC IX=5593 IY=0120
VDP_REG14 val=02 r14=2 PC=46C0 AF=8E10 BC=0099 DE=C110 HL=A400 IX=5593 IY=0120
VDP_REG14 val=02 r14=2 PC=46C0 AF=8E10 BC=0099 DE=C114 HL=A480 IX=5593 IY=0120
VDP_REG14 val=02 r14=2 PC=46C0 AF=8E10 BC=0099 DE=C118 HL=A500 IX=5593 IY=0120
VDP_REG14 val=02 r14=2 PC=46C0 AF=8E10 BC=0099 DE=C11C HL=A580 IX=5593 IY=0120
VDP_REG14 val=02 r14=2 PC=46C0 AF=8E10 BC=0099 DE=C120 HL=A600 IX=5593 IY=0120
VDP_REG14 val=02 r14=2 PC=46C0 AF=8E10 BC=0099 DE=C124 HL=A680 IX=5593 IY=0120
VDP_REG14 val=02 r14=2 PC=46C0 AF=8E10 BC=0099 DE=C128 HL=A700 IX=5593 IY=0120
VDP_REG14 val=02 r14=2 PC=46C0 AF=8E10 BC=0099 DE=C12C HL=A780 IX=5593 IY=0120
VDP_REG14 val=02 r14=2 PC=46C0 AF=8E10 BC=0099 DE=C110 HL=A404 IX=5593 IY=0120
VDP_REG14 val=02 r14=2 PC=46C0 AF=8E10 BC=0099 DE=C114 HL=A484 IX=5593 IY=0120
VDP_REG14 val=02 r14=2 PC=46C0 AF=8E10 BC=0099 DE=C118 HL=A504 IX=5593 IY=0120
VDP_REG14 val=02 r14=2 PC=46C0 AF=8E10 BC=0099 DE=C11C HL=A584 IX=5593 IY=0120
VDP_REG14 val=02 r14=2 PC=46C0 AF=8E10 BC=0099 DE=C120 HL=A604 IX=5593 IY=0120
VDP_REG14 val=02 r14=2 PC=46C0 AF=8E10 BC=0099 DE=C124 HL=A684 IX=5593 IY=0120
VDP_REG14 val=02 r14=2 PC=46C0 AF=8E10 BC=0099 DE=C128 HL=A704 IX=5593 IY=0120
VDP_REG14 val=02 r14=2 PC=46C0 AF=8E10 BC=0099 DE=C12C HL=A784 IX=5593 IY=0120
VDP_REG14 val=02 r14=2 PC=46C0 AF=8E10 BC=0099 DE=C110 HL=A408 IX=5593 IY=0120
VDP_REG14 val=02 r14=2 PC=46C0 AF=8E10 BC=0099 DE=C114 HL=A488 IX=5593 IY=0120
VDP_REG14 val=02 r14=2 PC=46C0 AF=8E10 BC=0099 DE=C118 HL=A508 IX=5593 IY=0120
VDP_REG14 val=02 r14=2 PC=46C0 AF=8E10 BC=0099 DE=C11C HL=A588 IX=5593 IY=0120
VDP_REG14 val=02 r14=2 PC=46C0 AF=8E10 BC=0099 DE=C120 HL=A608 IX=5593 IY=0120
VDP_REG14 val=02 r14=2 PC=46C0 AF=8E10 BC=0099 DE=C124 HL=A688 IX=5593 IY=0120
VDP_REG14 val=02 r14=2 PC=46C0 AF=8E10 BC=0099 DE=C128 HL=A708 IX=5593 IY=0120
VDP_REG14 val=02 r14=2 PC=46C0 AF=8E10 BC=0099 DE=C12C HL=A788 IX=5593 IY=0120
VDP_REG14 val=02 r14=2 PC=46C0 AF=8E10 BC=0099 DE=C110 HL=A40C IX=5593 IY=0120
VDP_REG14 val=02 r14=2 PC=46C0 AF=8E10 BC=0099 DE=C114 HL=A48C IX=5593 IY=0120
VDP_REG14 val=02 r14=2 PC=46C0 AF=8E10 BC=0099 DE=C118 HL=A50C IX=5593 IY=0120
VDP_REG14 val=02 r14=2 PC=46C0 AF=8E10 BC=0099 DE=C11C HL=A58C IX=5593 IY=0120
VDP_REG14 val=02 r14=2 PC=46C0 AF=8E10 BC=0099 DE=C120 HL=A60C IX=5593 IY=0120
VDP_REG14 val=02 r14=2 PC=46C0 AF=8E10 BC=0099 DE=C124 HL=A68C IX=5593 IY=0120
VDP_REG14 val=02 r14=2 PC=46C0 AF=8E10 BC=0099 DE=C128 HL=A70C IX=5593 IY=0120
VDP_REG14 val=02 r14=2 PC=46C0 AF=8E10 BC=0099 DE=C12C HL=A78C IX=5593 IY=0120
VDP_REG14 val=02 r14=2 PC=46C0 AF=8E10 BC=0099 DE=C110 HL=A410 IX=5593 IY=0120
VDP_REG14 val=02 r14=2 PC=46C0 AF=8E10 BC=0099 DE=C114 HL=A490 IX=5593 IY=0120
VDP_REG14 val=02 r14=2 PC=46C0 AF=8E10 BC=0099 DE=C118 HL=A510 IX=5593 IY=0120
VDP_REG14 val=02 r14=2 PC=46C0 AF=8E10 BC=0099 DE=C11C HL=A590 IX=5593 IY=0120
VDP_REG14 val=02 r14=2 PC=46C0 AF=8E10 BC=0099 DE=C120 HL=A610 IX=5593 IY=0120
VDP_REG14 val=02 r14=2 PC=46C0 AF=8E10 BC=0099 DE=C124 HL=A690 IX=5593 IY=0120
VDP_REG14 val=02 r14=2 PC=46C0 AF=8E10 BC=0099 DE=C128 HL=A710 IX=5593 IY=0120
VDP_REG14 val=02 r14=2 PC=46C0 AF=8E10 BC=0099 DE=C12C HL=A790 IX=5593 IY=0120
VDP_REG14 val=02 r14=2 PC=46C0 AF=8E10 BC=0099 DE=C110 HL=A414 IX=5593 IY=0120
VDP_REG14 val=02 r14=2 PC=46C0 AF=8E10 BC=0099 DE=C114 HL=A494 IX=5593 IY=0120
VDP_REG14 val=02 r14=2 PC=46C0 AF=8E10 BC=0099 DE=C118 HL=A514 IX=5593 IY=0120
VDP_REG14 val=02 r14=2 PC=46C0 AF=8E10 BC=0099 DE=C11C HL=A594 IX=5593 IY=0120
VDP_REG14 val=02 r14=2 PC=46C0 AF=8E10 BC=0099 DE=C120 HL=A614 IX=5593 IY=0120
VDP_REG14 val=02 r14=2 PC=46C0 AF=8E10 BC=0099 DE=C124 HL=A694 IX=5593 IY=0120
VDP_REG14 val=02 r14=2 PC=46C0 AF=8E10 BC=0099 DE=C128 HL=A714 IX=5593 IY=0120
VDP_REG14 val=02 r14=2 PC=46C0 AF=8E10 BC=0099 DE=C12C HL=A794 IX=5593 IY=0120
VDP_REG14 val=02 r14=2 PC=46C0 AF=8E10 BC=0099 DE=C110 HL=A418 IX=5593 IY=0120
VDP_REG14 val=02 r14=2 PC=46C0 AF=8E10 BC=0099 DE=C114 HL=A498 IX=5593 IY=0120
VDP_REG14 val=02 r14=2 PC=46C0 AF=8E10 BC=0099 DE=C118 HL=A518 IX=5593 IY=0120
VDP_REG14 val=02 r14=2 PC=46C0 AF=8E10 BC=0099 DE=C11C HL=A598 IX=5593 IY=0120
VDP_REG14 val=02 r14=2 PC=46C0 AF=8E10 BC=0099 DE=C120 HL=A618 IX=5593 IY=0120
VDP_REG14 val=02 r14=2 PC=46C0 AF=8E10 BC=0099 DE=C124 HL=A698 IX=5593 IY=0120
VDP_REG14 val=02 r14=2 PC=46C0 AF=8E10 BC=0099 DE=C128 HL=A718 IX=5593 IY=0120
VDP_REG14 val=02 r14=2 PC=46C0 AF=8E10 BC=0099 DE=C12C HL=A798 IX=5593 IY=0120
VDP_REG14 val=02 r14=2 PC=46C0 AF=8E10 BC=0099 DE=C110 HL=A41C IX=5593 IY=0120
VDP_REG14 val=02 r14=2 PC=46C0 AF=8E10 BC=0099 DE=C114 HL=A49C IX=5593 IY=0120
VDP_REG14 val=02 r14=2 PC=46C0 AF=8E10 BC=0099 DE=C118 HL=A51C IX=5593 IY=0120
VDP_REG14 val=02 r14=2 PC=46C0 AF=8E10 BC=0099 DE=C11C HL=A59C IX=5593 IY=0120
VDP_REG14 val=02 r14=2 PC=46C0 AF=8E10 BC=0099 DE=C120 HL=A61C IX=5593 IY=0120
VDP_REG14 val=02 r14=2 PC=46C0 AF=8E10 BC=0099 DE=C124 HL=A69C IX=5593 IY=0120
VDP_REG14 val=02 r14=2 PC=46C0 AF=8E10 BC=0099 DE=C128 HL=A71C IX=5593 IY=0120
VDP_REG14 val=02 r14=2 PC=46C0 AF=8E10 BC=0099 DE=C12C HL=A79C IX=5593 IY=0120
VDP_REG14 val=02 r14=2 PC=46C0 AF=8E10 BC=0099 DE=C110 HL=A420 IX=5593 IY=0120
VDP_REG14 val=02 r14=2 PC=46C0 AF=8E10 BC=0099 DE=C114 HL=A4A0 IX=5593 IY=0120
VDP_REG14 val=02 r14=2 PC=46C0 AF=8E10 BC=0099 DE=C118 HL=A520 IX=5593 IY=0120
VDP_REG14 val=02 r14=2 PC=46C0 AF=8E10 BC=0099 DE=C11C HL=A5A0 IX=5593 IY=0120
VDP_REG14 val=02 r14=2 PC=46C0 AF=8E10 BC=0099 DE=C120 HL=A620 IX=5593 IY=0120
VDP_REG14 val=02 r14=2 PC=46C0 AF=8E10 BC=0099 DE=C124 HL=A6A0 IX=5593 IY=0120
VDP_REG14 val=02 r14=2 PC=46C0 AF=8E10 BC=0099 DE=C128 HL=A720 IX=5593 IY=0120
VDP_REG14 val=02 r14=2 PC=46C0 AF=8E10 BC=0099 DE=C12C HL=A7A0 IX=5593 IY=0120
VDP_REG14 val=02 r14=2 PC=46C0 AF=8E10 BC=0099 DE=C110 HL=A424 IX=5593 IY=0120
VDP_REG14 val=02 r14=2 PC=46C0 AF=8E10 BC=0099 DE=C114 HL=A4A4 IX=5593 IY=0120
VDP_REG14 val=02 r14=2 PC=46C0 AF=8E10 BC=0099 DE=C118 HL=A524 IX=5593 IY=0120
VDP_REG14 val=02 r14=2 PC=46C0 AF=8E10 BC=0099 DE=C11C HL=A5A4 IX=5593 IY=0120
VDP_REG14 val=02 r14=2 PC=46C0 AF=8E10 BC=0099 DE=C120 HL=A624 IX=5593 IY=0120
VDP_REG14 val=02 r14=2 PC=46C0 AF=8E10 BC=0099 DE=C124 HL=A6A4 IX=5593 IY=0120
VDP_REG14 val=02 r14=2 PC=46C0 AF=8E10 BC=0099 DE=C128 HL=A724 IX=5593 IY=0120
VDP_REG14 val=02 r14=2 PC=46C0 AF=8E10 BC=0099 DE=C12C HL=A7A4 IX=5593 IY=0120
VDP_REG14 val=02 r14=2 PC=46C0 AF=8E10 BC=0099 DE=C110 HL=A428 IX=5593 IY=0120
VDP_REG14 val=02 r14=2 PC=46C0 AF=8E10 BC=0099 DE=C114 HL=A4A8 IX=5593 IY=0120
VDP_REG14 val=02 r14=2 PC=46C0 AF=8E10 BC=0099 DE=C118 HL=A528 IX=5593 IY=0120
VDP_REG14 val=02 r14=2 PC=46C0 AF=8E10 BC=0099 DE=C11C HL=A5A8 IX=5593 IY=0120
VDP_REG14 val=02 r14=2 PC=46C0 AF=8E10 BC=0099 DE=C120 HL=A628 IX=5593 IY=0120
VDP_REG14 val=02 r14=2 PC=46C0 AF=8E10 BC=0099 DE=C124 HL=A6A8 IX=5593 IY=0120
VDP_REG14 val=02 r14=2 PC=46C0 AF=8E10 BC=0099 DE=C128 HL=A728 IX=5593 IY=0120
VDP_REG14 val=02 r14=2 PC=46C0 AF=8E10 BC=0099 DE=C12C HL=A7A8 IX=5593 IY=0120
VDP_REG14 val=02 r14=2 PC=46C0 AF=8E10 BC=0099 DE=C110 HL=A42C IX=5593 IY=0120
VDP_REG14 val=02 r14=2 PC=46C0 AF=8E10 BC=0099 DE=C114 HL=A4AC IX=5593 IY=0120
VDP_REG14 val=02 r14=2 PC=46C0 AF=8E10 BC=0099 DE=C118 HL=A52C IX=5593 IY=0120
VDP_REG14 val=02 r14=2 PC=46C0 AF=8E10 BC=0099 DE=C11C HL=A5AC IX=5593 IY=0120
VDP_REG14 val=02 r14=2 PC=46C0 AF=8E10 BC=0099 DE=C120 HL=A62C IX=5593 IY=0120
VDP_REG14 val=02 r14=2 PC=46C0 AF=8E10 BC=0099 DE=C124 HL=A6AC IX=5593 IY=0120
VDP_REG14 val=02 r14=2 PC=46C0 AF=8E10 BC=0099 DE=C128 HL=A72C IX=5593 IY=0120
VDP_REG14 val=02 r14=2 PC=46C0 AF=8E10 BC=0099 DE=C12C HL=A7AC IX=5593 IY=0120
VDP_REG14 val=02 r14=2 PC=46C0 AF=8E10 BC=0099 DE=C110 HL=A430 IX=5593 IY=0120
VDP_REG14 val=02 r14=2 PC=46C0 AF=8E10 BC=0099 DE=C114 HL=A4B0 IX=5593 IY=0120
VDP_REG14 val=02 r14=2 PC=46C0 AF=8E10 BC=0099 DE=C118 HL=A530 IX=5593 IY=0120
VDP_REG14 val=02 r14=2 PC=46C0 AF=8E10 BC=0099 DE=C11C HL=A5B0 IX=5593 IY=0120
VDP_REG14 val=02 r14=2 PC=46C0 AF=8E10 BC=0099 DE=C120 HL=A630 IX=5593 IY=0120
VDP_REG14 val=02 r14=2 PC=46C0 AF=8E10 BC=0099 DE=C124 HL=A6B0 IX=5593 IY=0120
VDP_REG14 val=02 r14=2 PC=46C0 AF=8E10 BC=0099 DE=C128 HL=A730 IX=5593 IY=0120
VDP_REG14 val=02 r14=2 PC=46C0 AF=8E10 BC=0099 DE=C12C HL=A7B0 IX=5593 IY=0120
VDP_REG14 val=02 r14=2 PC=46C0 AF=8E10 BC=0099 DE=C110 HL=A434 IX=5593 IY=0120
VDP_REG14 val=02 r14=2 PC=46C0 AF=8E10 BC=0099 DE=C114 HL=A4B4 IX=5593 IY=0120
VDP_REG14 val=02 r14=2 PC=46C0 AF=8E10 BC=0099 DE=C118 HL=A534 IX=5593 IY=0120
VDP_REG14 val=02 r14=2 PC=46C0 AF=8E10 BC=0099 DE=C11C HL=A5B4 IX=5593 IY=0120
VDP_REG14 val=02 r14=2 PC=46C0 AF=8E10 BC=0099 DE=C120 HL=A634 IX=5593 IY=0120
VDP_REG14 val=02 r14=2 PC=46C0 AF=8E10 BC=0099 DE=C124 HL=A6B4 IX=5593 IY=0120
VDP_REG14 val=02 r14=2 PC=46C0 AF=8E10 BC=0099 DE=C128 HL=A734 IX=5593 IY=0120
VDP_REG14 val=02 r14=2 PC=46C0 AF=8E10 BC=0099 DE=C12C HL=A7B4 IX=5593 IY=0120
VDP_REG14 val=02 r14=2 PC=46C0 AF=8E10 BC=0099 DE=C110 HL=A438 IX=5593 IY=0120
VDP_REG14 val=02 r14=2 PC=46C0 AF=8E10 BC=0099 DE=C114 HL=A4B8 IX=5593 IY=0120
VDP_REG14 val=02 r14=2 PC=46C0 AF=8E10 BC=0099 DE=C118 HL=A538 IX=5593 IY=0120
VDP_REG14 val=02 r14=2 PC=46C0 AF=8E10 BC=0099 DE=C11C HL=A5B8 IX=5593 IY=0120
VDP_REG14 val=02 r14=2 PC=46C0 AF=8E10 BC=0099 DE=C120 HL=A638 IX=5593 IY=0120
VDP_REG14 val=02 r14=2 PC=46C0 AF=8E10 BC=0099 DE=C124 HL=A6B8 IX=5593 IY=0120
VDP_REG14 val=02 r14=2 PC=46C0 AF=8E10 BC=0099 DE=C128 HL=A738 IX=5593 IY=0120
VDP_REG14 val=02 r14=2 PC=46C0 AF=8E10 BC=0099 DE=C12C HL=A7B8 IX=5593 IY=0120
VDP_REG14 val=02 r14=2 PC=46C0 AF=8E10 BC=0099 DE=C110 HL=A43C IX=5593 IY=0120
VDP_REG14 val=02 r14=2 PC=46C0 AF=8E10 BC=0099 DE=C114 HL=A4BC IX=5593 IY=0120
VDP_REG14 val=02 r14=2 PC=46C0 AF=8E10 BC=0099 DE=C118 HL=A53C IX=5593 IY=0120
VDP_REG14 val=02 r14=2 PC=46C0 AF=8E10 BC=0099 DE=C11C HL=A5BC IX=5593 IY=0120
VDP_REG14 val=02 r14=2 PC=46C0 AF=8E10 BC=0099 DE=C120 HL=A63C IX=5593 IY=0120
VDP_REG14 val=02 r14=2 PC=46C0 AF=8E10 BC=0099 DE=C124 HL=A6BC IX=5593 IY=0120
VDP_REG14 val=02 r14=2 PC=46C0 AF=8E10 BC=0099 DE=C128 HL=A73C IX=5593 IY=0120
VDP_REG14 val=02 r14=2 PC=46C0 AF=8E10 BC=0099 DE=C12C HL=A7BC IX=5593 IY=0120
VDP_REG14 val=02 r14=2 PC=46C0 AF=8E10 BC=0099 DE=BF00 HL=A440 IX=5593 IY=0120
VDP_REG14 val=02 r14=2 PC=46C0 AF=8E10 BC=0099 DE=BF04 HL=A4C0 IX=5593 IY=0120
VDP_REG14 val=02 r14=2 PC=46C0 AF=8E10 BC=0099 DE=BF08 HL=A540 IX=5593 IY=0120
VDP_REG14 val=02 r14=2 PC=46C0 AF=8E10 BC=0099 DE=BF0C HL=A5C0 IX=5593 IY=0120
VDP_REG14 val=02 r14=2 PC=46C0 AF=8E10 BC=0099 DE=BF10 HL=A640 IX=5593 IY=0120
VDP_REG14 val=02 r14=2 PC=46C0 AF=8E10 BC=0099 DE=BF14 HL=A6C0 IX=5593 IY=0120
VDP_REG14 val=02 r14=2 PC=46C0 AF=8E10 BC=0099 DE=BF18 HL=A740 IX=5593 IY=0120
VDP_REG14 val=02 r14=2 PC=46C0 AF=8E10 BC=0099 DE=BF1C HL=A7C0 IX=5593 IY=0120
VDP_REG14 val=02 r14=2 PC=46C0 AF=8E10 BC=0099 DE=7220 HL=8004 IX=5593 IY=0120
VDP_REG14 val=02 r14=2 PC=46C0 AF=8E10 BC=0099 DE=7224 HL=8084 IX=5593 IY=0120
VDP_REG14 val=02 r14=2 PC=46C0 AF=8E10 BC=0099 DE=7228 HL=8104 IX=5593 IY=0120
VDP_REG14 val=02 r14=2 PC=46C0 AF=8E10 BC=0099 DE=722C HL=8184 IX=5593 IY=0120
VDP_REG14 val=02 r14=2 PC=46C0 AF=8E10 BC=0099 DE=7230 HL=8204 IX=5593 IY=0120
VDP_REG14 val=02 r14=2 PC=46C0 AF=8E10 BC=0099 DE=7234 HL=8284 IX=5593 IY=0120
VDP_REG14 val=02 r14=2 PC=46C0 AF=8E10 BC=0099 DE=7238 HL=8304 IX=5593 IY=0120
VDP_REG14 val=02 r14=2 PC=46C0 AF=8E10 BC=0099 DE=723C HL=8384 IX=5593 IY=0120
VDP_REG14 val=02 r14=2 PC=46C0 AF=8E10 BC=0099 DE=7240 HL=8008 IX=5593 IY=0120
VDP_REG14 val=02 r14=2 PC=46C0 AF=8E10 BC=0099 DE=7244 HL=8088 IX=5593 IY=0120
VDP_REG14 val=02 r14=2 PC=46C0 AF=8E10 BC=0099 DE=7248 HL=8108 IX=5593 IY=0120
VDP_REG14 val=02 r14=2 PC=46C0 AF=8E10 BC=0099 DE=724C HL=8188 IX=5593 IY=0120
VDP_REG14 val=02 r14=2 PC=46C0 AF=8E10 BC=0099 DE=7250 HL=8208 IX=5593 IY=0120
VDP_REG14 val=02 r14=2 PC=46C0 AF=8E10 BC=0099 DE=7254 HL=8288 IX=5593 IY=0120
VDP_REG14 val=02 r14=2 PC=46C0 AF=8E10 BC=0099 DE=7258 HL=8308 IX=5593 IY=0120
VDP_REG14 val=02 r14=2 PC=46C0 AF=8E10 BC=0099 DE=725C HL=8388 IX=5593 IY=0120
VDP_REG14 val=02 r14=2 PC=46C0 AF=8E10 BC=0099 DE=7260 HL=800C IX=5593 IY=0120
VDP_REG14 val=02 r14=2 PC=46C0 AF=8E10 BC=0099 DE=7264 HL=808C IX=5593 IY=0120
VDP_REG14 val=02 r14=2 PC=46C0 AF=8E10 BC=0099 DE=7268 HL=810C IX=5593 IY=0120
VDP_REG14 val=02 r14=2 PC=46C0 AF=8E10 BC=0099 DE=726C HL=818C IX=5593 IY=0120
VDP_REG14 val=02 r14=2 PC=46C0 AF=8E10 BC=0099 DE=7270 HL=820C IX=5593 IY=0120
VDP_REG14 val=02 r14=2 PC=46C0 AF=8E10 BC=0099 DE=7274 HL=828C IX=5593 IY=0120
VDP_REG14 val=02 r14=2 PC=46C0 AF=8E10 BC=0099 DE=7278 HL=830C IX=5593 IY=0120
VDP_REG14 val=02 r14=2 PC=46C0 AF=8E10 BC=0099 DE=727C HL=838C IX=5593 IY=0120
VDP_REG14 val=02 r14=2 PC=46C0 AF=8E10 BC=0099 DE=7280 HL=8010 IX=5593 IY=0120
VDP_REG14 val=02 r14=2 PC=46C0 AF=8E10 BC=0099 DE=7284 HL=8090 IX=5593 IY=0120
VDP_REG14 val=02 r14=2 PC=46C0 AF=8E10 BC=0099 DE=7288 HL=8110 IX=5593 IY=0120
VDP_REG14 val=02 r14=2 PC=46C0 AF=8E10 BC=0099 DE=728C HL=8190 IX=5593 IY=0120
VDP_REG14 val=02 r14=2 PC=46C0 AF=8E10 BC=0099 DE=7290 HL=8210 IX=5593 IY=0120
VDP_REG14 val=02 r14=2 PC=46C0 AF=8E10 BC=0099 DE=7294 HL=8290 IX=5593 IY=0120
VDP_REG14 val=02 r14=2 PC=46C0 AF=8E10 BC=0099 DE=7298 HL=8310 IX=5593 IY=0120
VDP_REG14 val=02 r14=2 PC=46C0 AF=8E10 BC=0099 DE=729C HL=8390 IX=5593 IY=0120
VDP_REG14 val=02 r14=2 PC=46C0 AF=8E10 BC=0099 DE=72A0 HL=8014 IX=5593 IY=0120
VDP_REG14 val=02 r14=2 PC=46C0 AF=8E10 BC=0099 DE=72A4 HL=8094 IX=5593 IY=0120
VDP_REG14 val=02 r14=2 PC=46C0 AF=8E10 BC=0099 DE=72A8 HL=8114 IX=5593 IY=0120
VDP_REG14 val=02 r14=2 PC=46C0 AF=8E10 BC=0099 DE=72AC HL=8194 IX=5593 IY=0120
VDP_REG14 val=02 r14=2 PC=46C0 AF=8E10 BC=0099 DE=72B0 HL=8214 IX=5593 IY=0120
VDP_REG14 val=02 r14=2 PC=46C0 AF=8E10 BC=0099 DE=72B4 HL=8294 IX=5593 IY=0120
VDP_REG14 val=02 r14=2 PC=46C0 AF=8E10 BC=0099 DE=72B8 HL=8314 IX=5593 IY=0120
VDP_REG14 val=02 r14=2 PC=46C0 AF=8E10 BC=0099 DE=72BC HL=8394 IX=5593 IY=0120
VDP_REG14 val=02 r14=2 PC=46C0 AF=8E10 BC=0099 DE=72C0 HL=8018 IX=5593 IY=0120
VDP_REG14 val=02 r14=2 PC=46C0 AF=8E10 BC=0099 DE=72C4 HL=8098 IX=5593 IY=0120
VDP_REG14 val=02 r14=2 PC=46C0 AF=8E10 BC=0099 DE=72C8 HL=8118 IX=5593 IY=0120
VDP_REG14 val=02 r14=2 PC=46C0 AF=8E10 BC=0099 DE=72CC HL=8198 IX=5593 IY=0120
VDP_REG14 val=02 r14=2 PC=46C0 AF=8E10 BC=0099 DE=72D0 HL=8218 IX=5593 IY=0120
VDP_REG14 val=02 r14=2 PC=46C0 AF=8E10 BC=0099 DE=72D4 HL=8298 IX=5593 IY=0120
VDP_REG14 val=02 r14=2 PC=46C0 AF=8E10 BC=0099 DE=72D8 HL=8318 IX=5593 IY=0120
VDP_REG14 val=02 r14=2 PC=46C0 AF=8E10 BC=0099 DE=72DC HL=8398 IX=5593 IY=0120
VDP_REG14 val=02 r14=2 PC=46C0 AF=8E10 BC=0099 DE=72E0 HL=801C IX=5593 IY=0120
VDP_REG14 val=02 r14=2 PC=46C0 AF=8E10 BC=0099 DE=72E4 HL=809C IX=5593 IY=0120
VDP_REG14 val=02 r14=2 PC=46C0 AF=8E10 BC=0099 DE=72E8 HL=811C IX=5593 IY=0120
VDP_REG14 val=02 r14=2 PC=46C0 AF=8E10 BC=0099 DE=72EC HL=819C IX=5593 IY=0120
VDP_REG14 val=02 r14=2 PC=46C0 AF=8E10 BC=0099 DE=72F0 HL=821C IX=5593 IY=0120
VDP_REG14 val=02 r14=2 PC=46C0 AF=8E10 BC=0099 DE=72F4 HL=829C IX=5593 IY=0120
VDP_REG14 val=02 r14=2 PC=46C0 AF=8E10 BC=0099 DE=72F8 HL=831C IX=5593 IY=0120
VDP_REG14 val=02 r14=2 PC=46C0 AF=8E10 BC=0099 DE=72FC HL=839C IX=5593 IY=0120
VDP_REG14 val=02 r14=2 PC=46C0 AF=8E10 BC=0099 DE=7300 HL=8020 IX=5593 IY=0120
VDP_REG14 val=02 r14=2 PC=46C0 AF=8E10 BC=0099 DE=7304 HL=80A0 IX=5593 IY=0120
VDP_REG14 val=02 r14=2 PC=46C0 AF=8E10 BC=0099 DE=7308 HL=8120 IX=5593 IY=0120
VDP_REG14 val=02 r14=2 PC=46C0 AF=8E10 BC=0099 DE=730C HL=81A0 IX=5593 IY=0120
VDP_REG14 val=02 r14=2 PC=46C0 AF=8E10 BC=0099 DE=7310 HL=8220 IX=5593 IY=0120
VDP_REG14 val=02 r14=2 PC=46C0 AF=8E10 BC=0099 DE=7314 HL=82A0 IX=5593 IY=0120
VDP_REG14 val=02 r14=2 PC=46C0 AF=8E10 BC=0099 DE=7318 HL=8320 IX=5593 IY=0120
VDP_REG14 val=02 r14=2 PC=46C0 AF=8E10 BC=0099 DE=731C HL=83A0 IX=5593 IY=0120
VDP_REG14 val=02 r14=2 PC=46C0 AF=8E10 BC=0099 DE=7320 HL=8024 IX=5593 IY=0120
VDP_REG14 val=02 r14=2 PC=46C0 AF=8E10 BC=0099 DE=7324 HL=80A4 IX=5593 IY=0120
VDP_REG14 val=02 r14=2 PC=46C0 AF=8E10 BC=0099 DE=7328 HL=8124 IX=5593 IY=0120
VDP_REG14 val=02 r14=2 PC=46C0 AF=8E10 BC=0099 DE=732C HL=81A4 IX=5593 IY=0120
VDP_REG14 val=02 r14=2 PC=46C0 AF=8E10 BC=0099 DE=7330 HL=8224 IX=5593 IY=0120
VDP_REG14 val=02 r14=2 PC=46C0 AF=8E10 BC=0099 DE=7334 HL=82A4 IX=5593 IY=0120
VDP_REG14 val=02 r14=2 PC=46C0 AF=8E10 BC=0099 DE=7338 HL=8324 IX=5593 IY=0120
VDP_REG14 val=02 r14=2 PC=46C0 AF=8E10 BC=0099 DE=733C HL=83A4 IX=5593 IY=0120
VDP_REG14 val=02 r14=2 PC=46C0 AF=8E10 BC=0099 DE=7340 HL=8028 IX=5593 IY=0120
VDP_REG14 val=02 r14=2 PC=46C0 AF=8E10 BC=0099 DE=7344 HL=80A8 IX=5593 IY=0120
VDP_REG14 val=02 r14=2 PC=46C0 AF=8E10 BC=0099 DE=7348 HL=8128 IX=5593 IY=0120
VDP_REG14 val=02 r14=2 PC=46C0 AF=8E10 BC=0099 DE=734C HL=81A8 IX=5593 IY=0120
VDP_REG14 val=02 r14=2 PC=46C0 AF=8E10 BC=0099 DE=7350 HL=8228 IX=5593 IY=0120
VDP_REG14 val=02 r14=2 PC=46C0 AF=8E10 BC=0099 DE=7354 HL=82A8 IX=5593 IY=0120
VDP_REG14 val=02 r14=2 PC=46C0 AF=8E10 BC=0099 DE=7358 HL=8328 IX=5593 IY=0120
VDP_REG14 val=02 r14=2 PC=46C0 AF=8E10 BC=0099 DE=735C HL=83A8 IX=5593 IY=0120
VDP_REG14 val=02 r14=2 PC=46C0 AF=8E10 BC=0099 DE=7360 HL=802C IX=5593 IY=0120
VDP_REG14 val=02 r14=2 PC=46C0 AF=8E10 BC=0099 DE=7364 HL=80AC IX=5593 IY=0120
VDP_REG14 val=02 r14=2 PC=46C0 AF=8E10 BC=0099 DE=7368 HL=812C IX=5593 IY=0120
VDP_REG14 val=02 r14=2 PC=46C0 AF=8E10 BC=0099 DE=736C HL=81AC IX=5593 IY=0120
VDP_REG14 val=02 r14=2 PC=46C0 AF=8E10 BC=0099 DE=7370 HL=822C IX=5593 IY=0120
VDP_REG14 val=02 r14=2 PC=46C0 AF=8E10 BC=0099 DE=7374 HL=82AC IX=5593 IY=0120
VDP_REG14 val=02 r14=2 PC=46C0 AF=8E10 BC=0099 DE=7378 HL=832C IX=5593 IY=0120
VDP_REG14 val=02 r14=2 PC=46C0 AF=8E10 BC=0099 DE=737C HL=83AC IX=5593 IY=0120
VDP_REG14 val=02 r14=2 PC=46C0 AF=8E10 BC=0099 DE=7380 HL=8030 IX=5593 IY=0120
VDP_REG14 val=02 r14=2 PC=46C0 AF=8E10 BC=0099 DE=7384 HL=80B0 IX=5593 IY=0120
VDP_REG14 val=02 r14=2 PC=46C0 AF=8E10 BC=0099 DE=7388 HL=8130 IX=5593 IY=0120
VDP_REG14 val=02 r14=2 PC=46C0 AF=8E10 BC=0099 DE=738C HL=81B0 IX=5593 IY=0120
VDP_REG14 val=02 r14=2 PC=46C0 AF=8E10 BC=0099 DE=7390 HL=8230 IX=5593 IY=0120
VDP_REG14 val=02 r14=2 PC=46C0 AF=8E10 BC=0099 DE=7394 HL=82B0 IX=5593 IY=0120
VDP_REG14 val=02 r14=2 PC=46C0 AF=8E10 BC=0099 DE=7398 HL=8330 IX=5593 IY=0120
VDP_REG14 val=02 r14=2 PC=46C0 AF=8E10 BC=0099 DE=739C HL=83B0 IX=5593 IY=0120
VDP_REG14 val=02 r14=2 PC=46C0 AF=8E10 BC=0099 DE=73A0 HL=8034 IX=5593 IY=0120
VDP_REG14 val=02 r14=2 PC=46C0 AF=8E10 BC=0099 DE=73A4 HL=80B4 IX=5593 IY=0120
VDP_REG14 val=02 r14=2 PC=46C0 AF=8E10 BC=0099 DE=73A8 HL=8134 IX=5593 IY=0120
VDP_REG14 val=02 r14=2 PC=46C0 AF=8E10 BC=0099 DE=73AC HL=81B4 IX=5593 IY=0120
VDP_REG14 val=02 r14=2 PC=46C0 AF=8E10 BC=0099 DE=73B0 HL=8234 IX=5593 IY=0120
VDP_REG14 val=02 r14=2 PC=46C0 AF=8E10 BC=0099 DE=73B4 HL=82B4 IX=5593 IY=0120
VDP_REG14 val=02 r14=2 PC=46C0 AF=8E10 BC=0099 DE=73B8 HL=8334 IX=5593 IY=0120
VDP_REG14 val=02 r14=2 PC=46C0 AF=8E10 BC=0099 DE=73BC HL=83B4 IX=5593 IY=0120
VDP_REG14 val=02 r14=2 PC=46C0 AF=8E10 BC=0099 DE=73C0 HL=8038 IX=5593 IY=0120
VDP_REG14 val=02 r14=2 PC=46C0 AF=8E10 BC=0099 DE=73C4 HL=80B8 IX=5593 IY=0120
VDP_REG14 val=02 r14=2 PC=46C0 AF=8E10 BC=0099 DE=73C8 HL=8138 IX=5593 IY=0120
VDP_REG14 val=02 r14=2 PC=46C0 AF=8E10 BC=0099 DE=73CC HL=81B8 IX=5593 IY=0120
VDP_REG14 val=02 r14=2 PC=46C0 AF=8E10 BC=0099 DE=73D0 HL=8238 IX=5593 IY=0120
VDP_REG14 val=02 r14=2 PC=46C0 AF=8E10 BC=0099 DE=73D4 HL=82B8 IX=5593 IY=0120
VDP_REG14 val=02 r14=2 PC=46C0 AF=8E10 BC=0099 DE=73D8 HL=8338 IX=5593 IY=0120
VDP_REG14 val=02 r14=2 PC=46C0 AF=8E10 BC=0099 DE=73DC HL=83B8 IX=5593 IY=0120
VDP_REG14 val=02 r14=2 PC=46C0 AF=8E10 BC=0099 DE=73E0 HL=803C IX=5593 IY=0120
VDP_REG14 val=02 r14=2 PC=46C0 AF=8E10 BC=0099 DE=73E4 HL=80BC IX=5593 IY=0120
VDP_REG14 val=02 r14=2 PC=46C0 AF=8E10 BC=0099 DE=73E8 HL=813C IX=5593 IY=0120
VDP_REG14 val=02 r14=2 PC=46C0 AF=8E10 BC=0099 DE=73EC HL=81BC IX=5593 IY=0120
VDP_REG14 val=02 r14=2 PC=46C0 AF=8E10 BC=0099 DE=73F0 HL=823C IX=5593 IY=0120
VDP_REG14 val=02 r14=2 PC=46C0 AF=8E10 BC=0099 DE=73F4 HL=82BC IX=5593 IY=0120
VDP_REG14 val=02 r14=2 PC=46C0 AF=8E10 BC=0099 DE=73F8 HL=833C IX=5593 IY=0120
VDP_REG14 val=02 r14=2 PC=46C0 AF=8E10 BC=0099 DE=73FC HL=83BC IX=5593 IY=0120
VDP_REG14 val=02 r14=2 PC=46C0 AF=8E10 BC=0099 DE=7400 HL=8040 IX=5593 IY=0120
VDP_REG14 val=02 r14=2 PC=46C0 AF=8E10 BC=0099 DE=7404 HL=80C0 IX=5593 IY=0120
VDP_REG14 val=02 r14=2 PC=46C0 AF=8E10 BC=0099 DE=7408 HL=8140 IX=5593 IY=0120
VDP_REG14 val=02 r14=2 PC=46C0 AF=8E10 BC=0099 DE=740C HL=81C0 IX=5593 IY=0120
VDP_REG14 val=02 r14=2 PC=46C0 AF=8E10 BC=0099 DE=7410 HL=8240 IX=5593 IY=0120
VDP_REG14 val=02 r14=2 PC=46C0 AF=8E10 BC=0099 DE=7414 HL=82C0 IX=5593 IY=0120
VDP_REG14 val=02 r14=2 PC=46C0 AF=8E10 BC=0099 DE=7418 HL=8340 IX=5593 IY=0120
VDP_REG14 val=02 r14=2 PC=46C0 AF=8E10 BC=0099 DE=741C HL=83C0 IX=5593 IY=0120
VDP_REG14 val=02 r14=2 PC=46C0 AF=8E10 BC=0099 DE=7420 HL=8044 IX=5593 IY=0120
VDP_REG14 val=02 r14=2 PC=46C0 AF=8E10 BC=0099 DE=7424 HL=80C4 IX=5593 IY=0120
VDP_REG14 val=02 r14=2 PC=46C0 AF=8E10 BC=0099 DE=7428 HL=8144 IX=5593 IY=0120
VDP_REG14 val=02 r14=2 PC=46C0 AF=8E10 BC=0099 DE=742C HL=81C4 IX=5593 IY=0120
VDP_REG14 val=02 r14=2 PC=46C0 AF=8E10 BC=0099 DE=7430 HL=8244 IX=5593 IY=0120
VDP_REG14 val=02 r14=2 PC=46C0 AF=8E10 BC=0099 DE=7434 HL=82C4 IX=5593 IY=0120
VDP_REG14 val=02 r14=2 PC=46C0 AF=8E10 BC=0099 DE=7438 HL=8344 IX=5593 IY=0120
VDP_REG14 val=02 r14=2 PC=46C0 AF=8E10 BC=0099 DE=743C HL=83C4 IX=5593 IY=0120
VDP_REG14 val=02 r14=2 PC=46C0 AF=8E10 BC=0099 DE=7440 HL=8048 IX=5593 IY=0120
VDP_REG14 val=02 r14=2 PC=46C0 AF=8E10 BC=0099 DE=7444 HL=80C8 IX=5593 IY=0120
VDP_REG14 val=02 r14=2 PC=46C0 AF=8E10 BC=0099 DE=7448 HL=8148 IX=5593 IY=0120
VDP_REG14 val=02 r14=2 PC=46C0 AF=8E10 BC=0099 DE=744C HL=81C8 IX=5593 IY=0120
VDP_REG14 val=02 r14=2 PC=46C0 AF=8E10 BC=0099 DE=7450 HL=8248 IX=5593 IY=0120
VDP_REG14 val=02 r14=2 PC=46C0 AF=8E10 BC=0099 DE=7454 HL=82C8 IX=5593 IY=0120
VDP_REG14 val=02 r14=2 PC=46C0 AF=8E10 BC=0099 DE=7458 HL=8348 IX=5593 IY=0120
VDP_REG14 val=02 r14=2 PC=46C0 AF=8E10 BC=0099 DE=745C HL=83C8 IX=5593 IY=0120
VDP_REG14 val=02 r14=2 PC=46C0 AF=8E10 BC=0099 DE=7460 HL=804C IX=5593 IY=0120
VDP_REG14 val=02 r14=2 PC=46C0 AF=8E10 BC=0099 DE=7464 HL=80CC IX=5593 IY=0120
VDP_REG14 val=02 r14=2 PC=46C0 AF=8E10 BC=0099 DE=7468 HL=814C IX=5593 IY=0120
VDP_REG14 val=02 r14=2 PC=46C0 AF=8E10 BC=0099 DE=746C HL=81CC IX=5593 IY=0120
VDP_REG14 val=02 r14=2 PC=46C0 AF=8E10 BC=0099 DE=7470 HL=824C IX=5593 IY=0120
VDP_REG14 val=02 r14=2 PC=46C0 AF=8E10 BC=0099 DE=7474 HL=82CC IX=5593 IY=0120
VDP_REG14 val=02 r14=2 PC=46C0 AF=8E10 BC=0099 DE=7478 HL=834C IX=5593 IY=0120
VDP_REG14 val=02 r14=2 PC=46C0 AF=8E10 BC=0099 DE=747C HL=83CC IX=5593 IY=0120
VDP_REG14 val=02 r14=2 PC=46C0 AF=8E10 BC=0099 DE=7480 HL=8050 IX=5593 IY=0120
VDP_REG14 val=02 r14=2 PC=46C0 AF=8E10 BC=0099 DE=7484 HL=80D0 IX=5593 IY=0120
VDP_REG14 val=02 r14=2 PC=46C0 AF=8E10 BC=0099 DE=7488 HL=8150 IX=5593 IY=0120
VDP_REG14 val=02 r14=2 PC=46C0 AF=8E10 BC=0099 DE=748C HL=81D0 IX=5593 IY=0120
VDP_REG14 val=02 r14=2 PC=46C0 AF=8E10 BC=0099 DE=7490 HL=8250 IX=5593 IY=0120
VDP_REG14 val=02 r14=2 PC=46C0 AF=8E10 BC=0099 DE=7494 HL=82D0 IX=5593 IY=0120
VDP_REG14 val=02 r14=2 PC=46C0 AF=8E10 BC=0099 DE=7498 HL=8350 IX=5593 IY=0120
VDP_REG14 val=02 r14=2 PC=46C0 AF=8E10 BC=0099 DE=749C HL=83D0 IX=5593 IY=0120
VDP_REG14 val=02 r14=2 PC=46C0 AF=8E10 BC=0099 DE=74A0 HL=8054 IX=5593 IY=0120
VDP_REG14 val=02 r14=2 PC=46C0 AF=8E10 BC=0099 DE=74A4 HL=80D4 IX=5593 IY=0120
VDP_REG14 val=02 r14=2 PC=46C0 AF=8E10 BC=0099 DE=74A8 HL=8154 IX=5593 IY=0120
VDP_REG14 val=02 r14=2 PC=46C0 AF=8E10 BC=0099 DE=74AC HL=81D4 IX=5593 IY=0120
VDP_REG14 val=02 r14=2 PC=46C0 AF=8E10 BC=0099 DE=74B0 HL=8254 IX=5593 IY=0120
VDP_REG14 val=02 r14=2 PC=46C0 AF=8E10 BC=0099 DE=74B4 HL=82D4 IX=5593 IY=0120
VDP_REG14 val=02 r14=2 PC=46C0 AF=8E10 BC=0099 DE=74B8 HL=8354 IX=5593 IY=0120
VDP_REG14 val=02 r14=2 PC=46C0 AF=8E10 BC=0099 DE=74BC HL=83D4 IX=5593 IY=0120
VDP_REG14 val=02 r14=2 PC=46C0 AF=8E10 BC=0099 DE=74C0 HL=8058 IX=5593 IY=0120
VDP_REG14 val=02 r14=2 PC=46C0 AF=8E10 BC=0099 DE=74C4 HL=80D8 IX=5593 IY=0120
VDP_REG14 val=02 r14=2 PC=46C0 AF=8E10 BC=0099 DE=74C8 HL=8158 IX=5593 IY=0120
VDP_REG14 val=02 r14=2 PC=46C0 AF=8E10 BC=0099 DE=74CC HL=81D8 IX=5593 IY=0120
VDP_REG14 val=02 r14=2 PC=46C0 AF=8E10 BC=0099 DE=74D0 HL=8258 IX=5593 IY=0120
VDP_REG14 val=02 r14=2 PC=46C0 AF=8E10 BC=0099 DE=74D4 HL=82D8 IX=5593 IY=0120
VDP_REG14 val=02 r14=2 PC=46C0 AF=8E10 BC=0099 DE=74D8 HL=8358 IX=5593 IY=0120
VDP_REG14 val=02 r14=2 PC=46C0 AF=8E10 BC=0099 DE=74DC HL=83D8 IX=5593 IY=0120
VDP_REG14 val=02 r14=2 PC=46C0 AF=8E10 BC=0099 DE=74E0 HL=805C IX=5593 IY=0120
VDP_REG14 val=02 r14=2 PC=46C0 AF=8E10 BC=0099 DE=74E4 HL=80DC IX=5593 IY=0120
VDP_REG14 val=02 r14=2 PC=46C0 AF=8E10 BC=0099 DE=74E8 HL=815C IX=5593 IY=0120
VDP_REG14 val=02 r14=2 PC=46C0 AF=8E10 BC=0099 DE=74EC HL=81DC IX=5593 IY=0120
VDP_REG14 val=02 r14=2 PC=46C0 AF=8E10 BC=0099 DE=74F0 HL=825C IX=5593 IY=0120
VDP_REG14 val=02 r14=2 PC=46C0 AF=8E10 BC=0099 DE=74F4 HL=82DC IX=5593 IY=0120
VDP_REG14 val=02 r14=2 PC=46C0 AF=8E10 BC=0099 DE=74F8 HL=835C IX=5593 IY=0120
VDP_REG14 val=02 r14=2 PC=46C0 AF=8E10 BC=0099 DE=74FC HL=83DC IX=5593 IY=0120
VDP_REG14 val=02 r14=2 PC=46C0 AF=8E10 BC=0099 DE=7500 HL=8060 IX=5593 IY=0120
VDP_REG14 val=02 r14=2 PC=46C0 AF=8E10 BC=0099 DE=7504 HL=80E0 IX=5593 IY=0120
VDP_REG14 val=02 r14=2 PC=46C0 AF=8E10 BC=0099 DE=7508 HL=8160 IX=5593 IY=0120
VDP_REG14 val=02 r14=2 PC=46C0 AF=8E10 BC=0099 DE=750C HL=81E0 IX=5593 IY=0120
VDP_REG14 val=02 r14=2 PC=46C0 AF=8E10 BC=0099 DE=7510 HL=8260 IX=5593 IY=0120
VDP_REG14 val=02 r14=2 PC=46C0 AF=8E10 BC=0099 DE=7514 HL=82E0 IX=5593 IY=0120
VDP_REG14 val=02 r14=2 PC=46C0 AF=8E10 BC=0099 DE=7518 HL=8360 IX=5593 IY=0120
VDP_REG14 val=02 r14=2 PC=46C0 AF=8E10 BC=0099 DE=751C HL=83E0 IX=5593 IY=0120
VDP_REG14 val=02 r14=2 PC=46C0 AF=8E10 BC=0099 DE=7520 HL=8064 IX=5593 IY=0120
VDP_REG14 val=02 r14=2 PC=46C0 AF=8E10 BC=0099 DE=7524 HL=80E4 IX=5593 IY=0120
VDP_REG14 val=02 r14=2 PC=46C0 AF=8E10 BC=0099 DE=7528 HL=8164 IX=5593 IY=0120
VDP_REG14 val=02 r14=2 PC=46C0 AF=8E10 BC=0099 DE=752C HL=81E4 IX=5593 IY=0120
VDP_REG14 val=02 r14=2 PC=46C0 AF=8E10 BC=0099 DE=7530 HL=8264 IX=5593 IY=0120
VDP_REG14 val=02 r14=2 PC=46C0 AF=8E10 BC=0099 DE=7534 HL=82E4 IX=5593 IY=0120
VDP_REG14 val=02 r14=2 PC=46C0 AF=8E10 BC=0099 DE=7538 HL=8364 IX=5593 IY=0120
VDP_REG14 val=02 r14=2 PC=46C0 AF=8E10 BC=0099 DE=753C HL=83E4 IX=5593 IY=0120
VDP_REG14 val=02 r14=2 PC=46C0 AF=8E10 BC=0099 DE=7540 HL=8068 IX=5593 IY=0120
VDP_REG14 val=02 r14=2 PC=46C0 AF=8E10 BC=0099 DE=7544 HL=80E8 IX=5593 IY=0120
VDP_REG14 val=02 r14=2 PC=46C0 AF=8E10 BC=0099 DE=7548 HL=8168 IX=5593 IY=0120
VDP_REG14 val=02 r14=2 PC=46C0 AF=8E10 BC=0099 DE=754C HL=81E8 IX=5593 IY=0120
VDP_REG14 val=02 r14=2 PC=46C0 AF=8E10 BC=0099 DE=7550 HL=8268 IX=5593 IY=0120
VDP_REG14 val=02 r14=2 PC=46C0 AF=8E10 BC=0099 DE=7554 HL=82E8 IX=5593 IY=0120
VDP_REG14 val=02 r14=2 PC=46C0 AF=8E10 BC=0099 DE=7558 HL=8368 IX=5593 IY=0120
VDP_REG14 val=02 r14=2 PC=46C0 AF=8E10 BC=0099 DE=755C HL=83E8 IX=5593 IY=0120
VDP_REG14 val=02 r14=2 PC=46C0 AF=8E10 BC=0099 DE=7560 HL=806C IX=5593 IY=0120
VDP_REG14 val=02 r14=2 PC=46C0 AF=8E10 BC=0099 DE=7564 HL=80EC IX=5593 IY=0120
VDP_REG14 val=02 r14=2 PC=46C0 AF=8E10 BC=0099 DE=7568 HL=816C IX=5593 IY=0120
VDP_REG14 val=02 r14=2 PC=46C0 AF=8E10 BC=0099 DE=756C HL=81EC IX=5593 IY=0120
VDP_REG14 val=02 r14=2 PC=46C0 AF=8E10 BC=0099 DE=7570 HL=826C IX=5593 IY=0120
VDP_REG14 val=02 r14=2 PC=46C0 AF=8E10 BC=0099 DE=7574 HL=82EC IX=5593 IY=0120
VDP_REG14 val=02 r14=2 PC=46C0 AF=8E10 BC=0099 DE=7578 HL=836C IX=5593 IY=0120
VDP_REG14 val=02 r14=2 PC=46C0 AF=8E10 BC=0099 DE=757C HL=83EC IX=5593 IY=0120
VDP_REG14 val=02 r14=2 PC=46C0 AF=8E10 BC=0099 DE=7580 HL=8070 IX=5593 IY=0120
VDP_REG14 val=02 r14=2 PC=46C0 AF=8E10 BC=0099 DE=7584 HL=80F0 IX=5593 IY=0120
VDP_REG14 val=02 r14=2 PC=46C0 AF=8E10 BC=0099 DE=7588 HL=8170 IX=5593 IY=0120
VDP_REG14 val=02 r14=2 PC=46C0 AF=8E10 BC=0099 DE=758C HL=81F0 IX=5593 IY=0120
VDP_REG14 val=02 r14=2 PC=46C0 AF=8E10 BC=0099 DE=7590 HL=8270 IX=5593 IY=0120
VDP_REG14 val=02 r14=2 PC=46C0 AF=8E10 BC=0099 DE=7594 HL=82F0 IX=5593 IY=0120
VDP_REG14 val=02 r14=2 PC=46C0 AF=8E10 BC=0099 DE=7598 HL=8370 IX=5593 IY=0120
VDP_REG14 val=02 r14=2 PC=46C0 AF=8E10 BC=0099 DE=759C HL=83F0 IX=5593 IY=0120
VDP_REG14 val=02 r14=2 PC=46C0 AF=8E10 BC=0099 DE=75A0 HL=8074 IX=5593 IY=0120
VDP_REG14 val=02 r14=2 PC=46C0 AF=8E10 BC=0099 DE=75A4 HL=80F4 IX=5593 IY=0120
VDP_REG14 val=02 r14=2 PC=46C0 AF=8E10 BC=0099 DE=75A8 HL=8174 IX=5593 IY=0120
VDP_REG14 val=02 r14=2 PC=46C0 AF=8E10 BC=0099 DE=75AC HL=81F4 IX=5593 IY=0120
VDP_REG14 val=02 r14=2 PC=46C0 AF=8E10 BC=0099 DE=75B0 HL=8274 IX=5593 IY=0120
VDP_REG14 val=02 r14=2 PC=46C0 AF=8E10 BC=0099 DE=75B4 HL=82F4 IX=5593 IY=0120
VDP_REG14 val=02 r14=2 PC=46C0 AF=8E10 BC=0099 DE=75B8 HL=8374 IX=5593 IY=0120
VDP_REG14 val=02 r14=2 PC=46C0 AF=8E10 BC=0099 DE=75BC HL=83F4 IX=5593 IY=0120
VDP_REG14 val=02 r14=2 PC=46C0 AF=8E10 BC=0099 DE=75C0 HL=8078 IX=5593 IY=0120
VDP_REG14 val=02 r14=2 PC=46C0 AF=8E10 BC=0099 DE=75C4 HL=80F8 IX=5593 IY=0120
VDP_REG14 val=02 r14=2 PC=46C0 AF=8E10 BC=0099 DE=75C8 HL=8178 IX=5593 IY=0120
VDP_REG14 val=02 r14=2 PC=46C0 AF=8E10 BC=0099 DE=75CC HL=81F8 IX=5593 IY=0120
VDP_REG14 val=02 r14=2 PC=46C0 AF=8E10 BC=0099 DE=75D0 HL=8278 IX=5593 IY=0120
VDP_REG14 val=02 r14=2 PC=46C0 AF=8E10 BC=0099 DE=75D4 HL=82F8 IX=5593 IY=0120
VDP_REG14 val=02 r14=2 PC=46C0 AF=8E10 BC=0099 DE=75D8 HL=8378 IX=5593 IY=0120
VDP_REG14 val=02 r14=2 PC=46C0 AF=8E10 BC=0099 DE=75DC HL=83F8 IX=5593 IY=0120
VDP_REG14 val=02 r14=2 PC=46C0 AF=8E10 BC=0099 DE=75E0 HL=807C IX=5593 IY=0120
VDP_REG14 val=02 r14=2 PC=46C0 AF=8E10 BC=0099 DE=75E4 HL=80FC IX=5593 IY=0120
VDP_REG14 val=02 r14=2 PC=46C0 AF=8E10 BC=0099 DE=75E8 HL=817C IX=5593 IY=0120
VDP_REG14 val=02 r14=2 PC=46C0 AF=8E10 BC=0099 DE=75EC HL=81FC IX=5593 IY=0120
VDP_REG14 val=02 r14=2 PC=46C0 AF=8E10 BC=0099 DE=75F0 HL=827C IX=5593 IY=0120
VDP_REG14 val=02 r14=2 PC=46C0 AF=8E10 BC=0099 DE=75F4 HL=82FC IX=5593 IY=0120
VDP_REG14 val=02 r14=2 PC=46C0 AF=8E10 BC=0099 DE=75F8 HL=837C IX=5593 IY=0120
VDP_REG14 val=02 r14=2 PC=46C0 AF=8E10 BC=0099 DE=75FC HL=83FC IX=5593 IY=0120
VDP_REG14 val=02 r14=2 PC=46C0 AF=8E10 BC=0099 DE=7600 HL=8400 IX=5593 IY=0120
VDP_REG14 val=02 r14=2 PC=46C0 AF=8E10 BC=0099 DE=7604 HL=8480 IX=5593 IY=0120
VDP_REG14 val=02 r14=2 PC=46C0 AF=8E10 BC=0099 DE=7608 HL=8500 IX=5593 IY=0120
VDP_REG14 val=02 r14=2 PC=46C0 AF=8E10 BC=0099 DE=760C HL=8580 IX=5593 IY=0120
VDP_REG14 val=02 r14=2 PC=46C0 AF=8E10 BC=0099 DE=7610 HL=8600 IX=5593 IY=0120
VDP_REG14 val=02 r14=2 PC=46C0 AF=8E10 BC=0099 DE=7614 HL=8680 IX=5593 IY=0120
VDP_REG14 val=02 r14=2 PC=46C0 AF=8E10 BC=0099 DE=7618 HL=8700 IX=5593 IY=0120
VDP_REG14 val=02 r14=2 PC=46C0 AF=8E10 BC=0099 DE=761C HL=8780 IX=5593 IY=0120
VDP_REG14 val=02 r14=2 PC=46C0 AF=8E10 BC=0099 DE=7620 HL=8404 IX=5593 IY=0120
VDP_REG14 val=02 r14=2 PC=46C0 AF=8E10 BC=0099 DE=7624 HL=8484 IX=5593 IY=0120
VDP_REG14 val=02 r14=2 PC=46C0 AF=8E10 BC=0099 DE=7628 HL=8504 IX=5593 IY=0120
VDP_REG14 val=02 r14=2 PC=46C0 AF=8E10 BC=0099 DE=762C HL=8584 IX=5593 IY=0120
VDP_REG14 val=02 r14=2 PC=46C0 AF=8E10 BC=0099 DE=7630 HL=8604 IX=5593 IY=0120
VDP_REG14 val=02 r14=2 PC=46C0 AF=8E10 BC=0099 DE=7634 HL=8684 IX=5593 IY=0120
VDP_REG14 val=02 r14=2 PC=46C0 AF=8E10 BC=0099 DE=7638 HL=8704 IX=5593 IY=0120
VDP_REG14 val=02 r14=2 PC=46C0 AF=8E10 BC=0099 DE=763C HL=8784 IX=5593 IY=0120
VDP_REG14 val=02 r14=2 PC=46C0 AF=8E10 BC=0099 DE=7640 HL=8408 IX=5593 IY=0120
VDP_REG14 val=02 r14=2 PC=46C0 AF=8E10 BC=0099 DE=7644 HL=8488 IX=5593 IY=0120
VDP_REG14 val=02 r14=2 PC=46C0 AF=8E10 BC=0099 DE=7648 HL=8508 IX=5593 IY=0120
VDP_REG14 val=02 r14=2 PC=46C0 AF=8E10 BC=0099 DE=764C HL=8588 IX=5593 IY=0120
VDP_REG14 val=02 r14=2 PC=46C0 AF=8E10 BC=0099 DE=7650 HL=8608 IX=5593 IY=0120
VDP_REG14 val=02 r14=2 PC=46C0 AF=8E10 BC=0099 DE=7654 HL=8688 IX=5593 IY=0120
VDP_REG14 val=02 r14=2 PC=46C0 AF=8E10 BC=0099 DE=7658 HL=8708 IX=5593 IY=0120
VDP_REG14 val=02 r14=2 PC=46C0 AF=8E10 BC=0099 DE=765C HL=8788 IX=5593 IY=0120
VDP_REG14 val=02 r14=2 PC=46C0 AF=8E10 BC=0099 DE=7660 HL=840C IX=5593 IY=0120
VDP_REG14 val=02 r14=2 PC=46C0 AF=8E10 BC=0099 DE=7664 HL=848C IX=5593 IY=0120
VDP_REG14 val=02 r14=2 PC=46C0 AF=8E10 BC=0099 DE=7668 HL=850C IX=5593 IY=0120
VDP_REG14 val=02 r14=2 PC=46C0 AF=8E10 BC=0099 DE=766C HL=858C IX=5593 IY=0120
VDP_REG14 val=02 r14=2 PC=46C0 AF=8E10 BC=0099 DE=7670 HL=860C IX=5593 IY=0120
VDP_REG14 val=02 r14=2 PC=46C0 AF=8E10 BC=0099 DE=7674 HL=868C IX=5593 IY=0120
VDP_REG14 val=02 r14=2 PC=46C0 AF=8E10 BC=0099 DE=7678 HL=870C IX=5593 IY=0120
VDP_REG14 val=02 r14=2 PC=46C0 AF=8E10 BC=0099 DE=767C HL=878C IX=5593 IY=0120
VDP_REG14 val=02 r14=2 PC=46C0 AF=8E10 BC=0099 DE=7680 HL=8410 IX=5593 IY=0120
VDP_REG14 val=02 r14=2 PC=46C0 AF=8E10 BC=0099 DE=7684 HL=8490 IX=5593 IY=0120
VDP_REG14 val=02 r14=2 PC=46C0 AF=8E10 BC=0099 DE=7688 HL=8510 IX=5593 IY=0120
VDP_REG14 val=02 r14=2 PC=46C0 AF=8E10 BC=0099 DE=768C HL=8590 IX=5593 IY=0120
VDP_REG14 val=02 r14=2 PC=46C0 AF=8E10 BC=0099 DE=7690 HL=8610 IX=5593 IY=0120
VDP_REG14 val=02 r14=2 PC=46C0 AF=8E10 BC=0099 DE=7694 HL=8690 IX=5593 IY=0120
VDP_REG14 val=02 r14=2 PC=46C0 AF=8E10 BC=0099 DE=7698 HL=8710 IX=5593 IY=0120
VDP_REG14 val=02 r14=2 PC=46C0 AF=8E10 BC=0099 DE=769C HL=8790 IX=5593 IY=0120
VDP_REG14 val=02 r14=2 PC=46C0 AF=8E10 BC=0099 DE=76A0 HL=8414 IX=5593 IY=0120
VDP_REG14 val=02 r14=2 PC=46C0 AF=8E10 BC=0099 DE=76A4 HL=8494 IX=5593 IY=0120
VDP_REG14 val=02 r14=2 PC=46C0 AF=8E10 BC=0099 DE=76A8 HL=8514 IX=5593 IY=0120
VDP_REG14 val=02 r14=2 PC=46C0 AF=8E10 BC=0099 DE=76AC HL=8594 IX=5593 IY=0120
VDP_REG14 val=02 r14=2 PC=46C0 AF=8E10 BC=0099 DE=76B0 HL=8614 IX=5593 IY=0120
VDP_REG14 val=02 r14=2 PC=46C0 AF=8E10 BC=0099 DE=76B4 HL=8694 IX=5593 IY=0120
VDP_REG14 val=02 r14=2 PC=46C0 AF=8E10 BC=0099 DE=76B8 HL=8714 IX=5593 IY=0120
VDP_REG14 val=02 r14=2 PC=46C0 AF=8E10 BC=0099 DE=76BC HL=8794 IX=5593 IY=0120
VDP_REG14 val=02 r14=2 PC=46C0 AF=8E10 BC=0099 DE=76C0 HL=8418 IX=5593 IY=0120
VDP_REG14 val=02 r14=2 PC=46C0 AF=8E10 BC=0099 DE=76C4 HL=8498 IX=5593 IY=0120
VDP_REG14 val=02 r14=2 PC=46C0 AF=8E10 BC=0099 DE=76C8 HL=8518 IX=5593 IY=0120
VDP_REG14 val=02 r14=2 PC=46C0 AF=8E10 BC=0099 DE=76CC HL=8598 IX=5593 IY=0120
VDP_REG14 val=02 r14=2 PC=46C0 AF=8E10 BC=0099 DE=76D0 HL=8618 IX=5593 IY=0120
VDP_REG14 val=02 r14=2 PC=46C0 AF=8E10 BC=0099 DE=76D4 HL=8698 IX=5593 IY=0120
VDP_REG14 val=02 r14=2 PC=46C0 AF=8E10 BC=0099 DE=76D8 HL=8718 IX=5593 IY=0120
VDP_REG14 val=02 r14=2 PC=46C0 AF=8E10 BC=0099 DE=76DC HL=8798 IX=5593 IY=0120
VDP_REG14 val=02 r14=2 PC=46C0 AF=8E10 BC=0099 DE=76E0 HL=841C IX=5593 IY=0120
VDP_REG14 val=02 r14=2 PC=46C0 AF=8E10 BC=0099 DE=76E4 HL=849C IX=5593 IY=0120
VDP_REG14 val=02 r14=2 PC=46C0 AF=8E10 BC=0099 DE=76E8 HL=851C IX=5593 IY=0120
VDP_REG14 val=02 r14=2 PC=46C0 AF=8E10 BC=0099 DE=76EC HL=859C IX=5593 IY=0120
VDP_REG14 val=02 r14=2 PC=46C0 AF=8E10 BC=0099 DE=76F0 HL=861C IX=5593 IY=0120
VDP_REG14 val=02 r14=2 PC=46C0 AF=8E10 BC=0099 DE=76F4 HL=869C IX=5593 IY=0120
VDP_REG14 val=02 r14=2 PC=46C0 AF=8E10 BC=0099 DE=76F8 HL=871C IX=5593 IY=0120
VDP_REG14 val=02 r14=2 PC=46C0 AF=8E10 BC=0099 DE=76FC HL=879C IX=5593 IY=0120
VDP_REG14 val=02 r14=2 PC=46C0 AF=8E10 BC=0099 DE=7700 HL=8420 IX=5593 IY=0120
VDP_REG14 val=02 r14=2 PC=46C0 AF=8E10 BC=0099 DE=7704 HL=84A0 IX=5593 IY=0120
VDP_REG14 val=02 r14=2 PC=46C0 AF=8E10 BC=0099 DE=7708 HL=8520 IX=5593 IY=0120
VDP_REG14 val=02 r14=2 PC=46C0 AF=8E10 BC=0099 DE=770C HL=85A0 IX=5593 IY=0120
VDP_REG14 val=02 r14=2 PC=46C0 AF=8E10 BC=0099 DE=7710 HL=8620 IX=5593 IY=0120
VDP_REG14 val=02 r14=2 PC=46C0 AF=8E10 BC=0099 DE=7714 HL=86A0 IX=5593 IY=0120
VDP_REG14 val=02 r14=2 PC=46C0 AF=8E10 BC=0099 DE=7718 HL=8720 IX=5593 IY=0120
VDP_REG14 val=02 r14=2 PC=46C0 AF=8E10 BC=0099 DE=771C HL=87A0 IX=5593 IY=0120
VDP_REG14 val=02 r14=2 PC=46C0 AF=8E10 BC=0099 DE=7720 HL=8424 IX=5593 IY=0120
VDP_REG14 val=02 r14=2 PC=46C0 AF=8E10 BC=0099 DE=7724 HL=84A4 IX=5593 IY=0120
VDP_REG14 val=02 r14=2 PC=46C0 AF=8E10 BC=0099 DE=7728 HL=8524 IX=5593 IY=0120
VDP_REG14 val=02 r14=2 PC=46C0 AF=8E10 BC=0099 DE=772C HL=85A4 IX=5593 IY=0120
VDP_REG14 val=02 r14=2 PC=46C0 AF=8E10 BC=0099 DE=7730 HL=8624 IX=5593 IY=0120
VDP_REG14 val=02 r14=2 PC=46C0 AF=8E10 BC=0099 DE=7734 HL=86A4 IX=5593 IY=0120
VDP_REG14 val=02 r14=2 PC=46C0 AF=8E10 BC=0099 DE=7738 HL=8724 IX=5593 IY=0120
VDP_REG14 val=02 r14=2 PC=46C0 AF=8E10 BC=0099 DE=773C HL=87A4 IX=5593 IY=0120
VDP_REG14 val=02 r14=2 PC=46C0 AF=8E10 BC=0099 DE=7740 HL=8428 IX=5593 IY=0120
VDP_REG14 val=02 r14=2 PC=46C0 AF=8E10 BC=0099 DE=7744 HL=84A8 IX=5593 IY=0120
VDP_REG14 val=02 r14=2 PC=46C0 AF=8E10 BC=0099 DE=7748 HL=8528 IX=5593 IY=0120
VDP_REG14 val=02 r14=2 PC=46C0 AF=8E10 BC=0099 DE=774C HL=85A8 IX=5593 IY=0120
VDP_REG14 val=02 r14=2 PC=46C0 AF=8E10 BC=0099 DE=7750 HL=8628 IX=5593 IY=0120
VDP_REG14 val=02 r14=2 PC=46C0 AF=8E10 BC=0099 DE=7754 HL=86A8 IX=5593 IY=0120
VDP_REG14 val=02 r14=2 PC=46C0 AF=8E10 BC=0099 DE=7758 HL=8728 IX=5593 IY=0120
VDP_REG14 val=02 r14=2 PC=46C0 AF=8E10 BC=0099 DE=775C HL=87A8 IX=5593 IY=0120
VDP_REG14 val=02 r14=2 PC=46C0 AF=8E10 BC=0099 DE=7760 HL=842C IX=5593 IY=0120
VDP_REG14 val=02 r14=2 PC=46C0 AF=8E10 BC=0099 DE=7764 HL=84AC IX=5593 IY=0120
VDP_REG14 val=02 r14=2 PC=46C0 AF=8E10 BC=0099 DE=7768 HL=852C IX=5593 IY=0120
VDP_REG14 val=02 r14=2 PC=46C0 AF=8E10 BC=0099 DE=776C HL=85AC IX=5593 IY=0120
VDP_REG14 val=02 r14=2 PC=46C0 AF=8E10 BC=0099 DE=7770 HL=862C IX=5593 IY=0120
VDP_REG14 val=02 r14=2 PC=46C0 AF=8E10 BC=0099 DE=7774 HL=86AC IX=5593 IY=0120
VDP_REG14 val=02 r14=2 PC=46C0 AF=8E10 BC=0099 DE=7778 HL=872C IX=5593 IY=0120
VDP_REG14 val=02 r14=2 PC=46C0 AF=8E10 BC=0099 DE=777C HL=87AC IX=5593 IY=0120
VDP_REG14 val=02 r14=2 PC=46C0 AF=8E10 BC=0099 DE=7780 HL=8430 IX=5593 IY=0120
VDP_REG14 val=02 r14=2 PC=46C0 AF=8E10 BC=0099 DE=7784 HL=84B0 IX=5593 IY=0120
VDP_REG14 val=02 r14=2 PC=46C0 AF=8E10 BC=0099 DE=7788 HL=8530 IX=5593 IY=0120
VDP_REG14 val=02 r14=2 PC=46C0 AF=8E10 BC=0099 DE=778C HL=85B0 IX=5593 IY=0120
VDP_REG14 val=02 r14=2 PC=46C0 AF=8E10 BC=0099 DE=7790 HL=8630 IX=5593 IY=0120
VDP_REG14 val=02 r14=2 PC=46C0 AF=8E10 BC=0099 DE=7794 HL=86B0 IX=5593 IY=0120
VDP_REG14 val=02 r14=2 PC=46C0 AF=8E10 BC=0099 DE=7798 HL=8730 IX=5593 IY=0120
VDP_REG14 val=02 r14=2 PC=46C0 AF=8E10 BC=0099 DE=779C HL=87B0 IX=5593 IY=0120
VDP_REG14 val=02 r14=2 PC=46C0 AF=8E10 BC=0099 DE=77A0 HL=8434 IX=5593 IY=0120
VDP_REG14 val=02 r14=2 PC=46C0 AF=8E10 BC=0099 DE=77A4 HL=84B4 IX=5593 IY=0120
VDP_REG14 val=02 r14=2 PC=46C0 AF=8E10 BC=0099 DE=77A8 HL=8534 IX=5593 IY=0120
VDP_REG14 val=02 r14=2 PC=46C0 AF=8E10 BC=0099 DE=77AC HL=85B4 IX=5593 IY=0120
VDP_REG14 val=02 r14=2 PC=46C0 AF=8E10 BC=0099 DE=77B0 HL=8634 IX=5593 IY=0120
VDP_REG14 val=02 r14=2 PC=46C0 AF=8E10 BC=0099 DE=77B4 HL=86B4 IX=5593 IY=0120
VDP_REG14 val=02 r14=2 PC=46C0 AF=8E10 BC=0099 DE=77B8 HL=8734 IX=5593 IY=0120
VDP_REG14 val=02 r14=2 PC=46C0 AF=8E10 BC=0099 DE=77BC HL=87B4 IX=5593 IY=0120
VDP_REG14 val=02 r14=2 PC=46C0 AF=8E10 BC=0099 DE=77C0 HL=8438 IX=5593 IY=0120
VDP_REG14 val=02 r14=2 PC=46C0 AF=8E10 BC=0099 DE=77C4 HL=84B8 IX=5593 IY=0120
VDP_REG14 val=02 r14=2 PC=46C0 AF=8E10 BC=0099 DE=77C8 HL=8538 IX=5593 IY=0120
VDP_REG14 val=02 r14=2 PC=46C0 AF=8E10 BC=0099 DE=77CC HL=85B8 IX=5593 IY=0120
VDP_REG14 val=02 r14=2 PC=46C0 AF=8E10 BC=0099 DE=77D0 HL=8638 IX=5593 IY=0120
VDP_REG14 val=02 r14=2 PC=46C0 AF=8E10 BC=0099 DE=77D4 HL=86B8 IX=5593 IY=0120
VDP_REG14 val=02 r14=2 PC=46C0 AF=8E10 BC=0099 DE=77D8 HL=8738 IX=5593 IY=0120
VDP_REG14 val=02 r14=2 PC=46C0 AF=8E10 BC=0099 DE=77DC HL=87B8 IX=5593 IY=0120
VDP_REG14 val=02 r14=2 PC=46C0 AF=8E10 BC=0099 DE=77E0 HL=843C IX=5593 IY=0120
VDP_REG14 val=02 r14=2 PC=46C0 AF=8E10 BC=0099 DE=77E4 HL=84BC IX=5593 IY=0120
VDP_REG14 val=02 r14=2 PC=46C0 AF=8E10 BC=0099 DE=77E8 HL=853C IX=5593 IY=0120
VDP_REG14 val=02 r14=2 PC=46C0 AF=8E10 BC=0099 DE=77EC HL=85BC IX=5593 IY=0120
VDP_REG14 val=02 r14=2 PC=46C0 AF=8E10 BC=0099 DE=77F0 HL=863C IX=5593 IY=0120
VDP_REG14 val=02 r14=2 PC=46C0 AF=8E10 BC=0099 DE=77F4 HL=86BC IX=5593 IY=0120
VDP_REG14 val=02 r14=2 PC=46C0 AF=8E10 BC=0099 DE=77F8 HL=873C IX=5593 IY=0120
VDP_REG14 val=02 r14=2 PC=46C0 AF=8E10 BC=0099 DE=77FC HL=87BC IX=5593 IY=0120
VDP_REG14 val=02 r14=2 PC=46C0 AF=8E10 BC=0099 DE=7800 HL=8440 IX=5593 IY=0120
VDP_REG14 val=02 r14=2 PC=46C0 AF=8E10 BC=0099 DE=7804 HL=84C0 IX=5593 IY=0120
VDP_REG14 val=02 r14=2 PC=46C0 AF=8E10 BC=0099 DE=7808 HL=8540 IX=5593 IY=0120
VDP_REG14 val=02 r14=2 PC=46C0 AF=8E10 BC=0099 DE=780C HL=85C0 IX=5593 IY=0120
VDP_REG14 val=02 r14=2 PC=46C0 AF=8E10 BC=0099 DE=7810 HL=8640 IX=5593 IY=0120
VDP_REG14 val=02 r14=2 PC=46C0 AF=8E10 BC=0099 DE=7814 HL=86C0 IX=5593 IY=0120
VDP_REG14 val=02 r14=2 PC=46C0 AF=8E10 BC=0099 DE=7818 HL=8740 IX=5593 IY=0120
VDP_REG14 val=02 r14=2 PC=46C0 AF=8E10 BC=0099 DE=781C HL=87C0 IX=5593 IY=0120
VDP_REG14 val=02 r14=2 PC=46C0 AF=8E10 BC=0099 DE=7820 HL=8444 IX=5593 IY=0120
VDP_REG14 val=02 r14=2 PC=46C0 AF=8E10 BC=0099 DE=7824 HL=84C4 IX=5593 IY=0120
VDP_REG14 val=02 r14=2 PC=46C0 AF=8E10 BC=0099 DE=7828 HL=8544 IX=5593 IY=0120
VDP_REG14 val=02 r14=2 PC=46C0 AF=8E10 BC=0099 DE=782C HL=85C4 IX=5593 IY=0120
VDP_REG14 val=02 r14=2 PC=46C0 AF=8E10 BC=0099 DE=7830 HL=8644 IX=5593 IY=0120
VDP_REG14 val=02 r14=2 PC=46C0 AF=8E10 BC=0099 DE=7834 HL=86C4 IX=5593 IY=0120
VDP_REG14 val=02 r14=2 PC=46C0 AF=8E10 BC=0099 DE=7838 HL=8744 IX=5593 IY=0120
VDP_REG14 val=02 r14=2 PC=46C0 AF=8E10 BC=0099 DE=783C HL=87C4 IX=5593 IY=0120
VDP_REG14 val=02 r14=2 PC=46C0 AF=8E10 BC=0099 DE=7840 HL=8448 IX=5593 IY=0120
VDP_REG14 val=02 r14=2 PC=46C0 AF=8E10 BC=0099 DE=7844 HL=84C8 IX=5593 IY=0120
VDP_REG14 val=02 r14=2 PC=46C0 AF=8E10 BC=0099 DE=7848 HL=8548 IX=5593 IY=0120
VDP_REG14 val=02 r14=2 PC=46C0 AF=8E10 BC=0099 DE=784C HL=85C8 IX=5593 IY=0120
VDP_REG14 val=02 r14=2 PC=46C0 AF=8E10 BC=0099 DE=7850 HL=8648 IX=5593 IY=0120
VDP_REG14 val=02 r14=2 PC=46C0 AF=8E10 BC=0099 DE=7854 HL=86C8 IX=5593 IY=0120
VDP_REG14 val=02 r14=2 PC=46C0 AF=8E10 BC=0099 DE=7858 HL=8748 IX=5593 IY=0120
VDP_REG14 val=02 r14=2 PC=46C0 AF=8E10 BC=0099 DE=785C HL=87C8 IX=5593 IY=0120
VDP_REG14 val=02 r14=2 PC=46C0 AF=8E10 BC=0099 DE=7860 HL=844C IX=5593 IY=0120
VDP_REG14 val=02 r14=2 PC=46C0 AF=8E10 BC=0099 DE=7864 HL=84CC IX=5593 IY=0120
VDP_REG14 val=02 r14=2 PC=46C0 AF=8E10 BC=0099 DE=7868 HL=854C IX=5593 IY=0120
VDP_REG14 val=02 r14=2 PC=46C0 AF=8E10 BC=0099 DE=786C HL=85CC IX=5593 IY=0120
VDP_REG14 val=02 r14=2 PC=46C0 AF=8E10 BC=0099 DE=7870 HL=864C IX=5593 IY=0120
VDP_REG14 val=02 r14=2 PC=46C0 AF=8E10 BC=0099 DE=7874 HL=86CC IX=5593 IY=0120
VDP_REG14 val=02 r14=2 PC=46C0 AF=8E10 BC=0099 DE=7878 HL=874C IX=5593 IY=0120
VDP_REG14 val=02 r14=2 PC=46C0 AF=8E10 BC=0099 DE=787C HL=87CC IX=5593 IY=0120
VDP_REG14 val=02 r14=2 PC=46C0 AF=8E10 BC=0099 DE=7880 HL=8450 IX=5593 IY=0120
VDP_REG14 val=02 r14=2 PC=46C0 AF=8E10 BC=0099 DE=7884 HL=84D0 IX=5593 IY=0120
VDP_REG14 val=02 r14=2 PC=46C0 AF=8E10 BC=0099 DE=7888 HL=8550 IX=5593 IY=0120
VDP_REG14 val=02 r14=2 PC=46C0 AF=8E10 BC=0099 DE=788C HL=85D0 IX=5593 IY=0120
VDP_REG14 val=02 r14=2 PC=46C0 AF=8E10 BC=0099 DE=7890 HL=8650 IX=5593 IY=0120
VDP_REG14 val=02 r14=2 PC=46C0 AF=8E10 BC=0099 DE=7894 HL=86D0 IX=5593 IY=0120
VDP_REG14 val=02 r14=2 PC=46C0 AF=8E10 BC=0099 DE=7898 HL=8750 IX=5593 IY=0120
VDP_REG14 val=02 r14=2 PC=46C0 AF=8E10 BC=0099 DE=789C HL=87D0 IX=5593 IY=0120
VDP_REG14 val=02 r14=2 PC=46C0 AF=8E10 BC=0099 DE=78A0 HL=8454 IX=5593 IY=0120
VDP_REG14 val=02 r14=2 PC=46C0 AF=8E10 BC=0099 DE=78A4 HL=84D4 IX=5593 IY=0120
VDP_REG14 val=02 r14=2 PC=46C0 AF=8E10 BC=0099 DE=78A8 HL=8554 IX=5593 IY=0120
VDP_REG14 val=02 r14=2 PC=46C0 AF=8E10 BC=0099 DE=78AC HL=85D4 IX=5593 IY=0120
VDP_REG14 val=02 r14=2 PC=46C0 AF=8E10 BC=0099 DE=78B0 HL=8654 IX=5593 IY=0120
VDP_REG14 val=02 r14=2 PC=46C0 AF=8E10 BC=0099 DE=78B4 HL=86D4 IX=5593 IY=0120
VDP_REG14 val=02 r14=2 PC=46C0 AF=8E10 BC=0099 DE=78B8 HL=8754 IX=5593 IY=0120
VDP_REG14 val=02 r14=2 PC=46C0 AF=8E10 BC=0099 DE=78BC HL=87D4 IX=5593 IY=0120
VDP_REG14 val=02 r14=2 PC=46C0 AF=8E10 BC=0099 DE=78C0 HL=8458 IX=5593 IY=0120
VDP_REG14 val=02 r14=2 PC=46C0 AF=8E10 BC=0099 DE=78C4 HL=84D8 IX=5593 IY=0120
VDP_REG14 val=02 r14=2 PC=46C0 AF=8E10 BC=0099 DE=78C8 HL=8558 IX=5593 IY=0120
VDP_REG14 val=02 r14=2 PC=46C0 AF=8E10 BC=0099 DE=78CC HL=85D8 IX=5593 IY=0120
VDP_REG14 val=02 r14=2 PC=46C0 AF=8E10 BC=0099 DE=78D0 HL=8658 IX=5593 IY=0120
VDP_REG14 val=02 r14=2 PC=46C0 AF=8E10 BC=0099 DE=78D4 HL=86D8 IX=5593 IY=0120
VDP_REG14 val=02 r14=2 PC=46C0 AF=8E10 BC=0099 DE=78D8 HL=8758 IX=5593 IY=0120
VDP_REG14 val=02 r14=2 PC=46C0 AF=8E10 BC=0099 DE=78DC HL=87D8 IX=5593 IY=0120
VDP_REG14 val=02 r14=2 PC=46C0 AF=8E10 BC=0099 DE=78E0 HL=845C IX=5593 IY=0120
VDP_REG14 val=02 r14=2 PC=46C0 AF=8E10 BC=0099 DE=78E4 HL=84DC IX=5593 IY=0120
VDP_REG14 val=02 r14=2 PC=46C0 AF=8E10 BC=0099 DE=78E8 HL=855C IX=5593 IY=0120
VDP_REG14 val=02 r14=2 PC=46C0 AF=8E10 BC=0099 DE=78EC HL=85DC IX=5593 IY=0120
VDP_REG14 val=02 r14=2 PC=46C0 AF=8E10 BC=0099 DE=78F0 HL=865C IX=5593 IY=0120
VDP_REG14 val=02 r14=2 PC=46C0 AF=8E10 BC=0099 DE=78F4 HL=86DC IX=5593 IY=0120
VDP_REG14 val=02 r14=2 PC=46C0 AF=8E10 BC=0099 DE=78F8 HL=875C IX=5593 IY=0120
VDP_REG14 val=02 r14=2 PC=46C0 AF=8E10 BC=0099 DE=78FC HL=87DC IX=5593 IY=0120
VDP_REG14 val=02 r14=2 PC=46C0 AF=8E10 BC=0099 DE=7900 HL=8460 IX=5593 IY=0120
VDP_REG14 val=02 r14=2 PC=46C0 AF=8E10 BC=0099 DE=7904 HL=84E0 IX=5593 IY=0120
VDP_REG14 val=02 r14=2 PC=46C0 AF=8E10 BC=0099 DE=7908 HL=8560 IX=5593 IY=0120
VDP_REG14 val=02 r14=2 PC=46C0 AF=8E10 BC=0099 DE=790C HL=85E0 IX=5593 IY=0120
VDP_REG14 val=02 r14=2 PC=46C0 AF=8E10 BC=0099 DE=7910 HL=8660 IX=5593 IY=0120
VDP_REG14 val=02 r14=2 PC=46C0 AF=8E10 BC=0099 DE=7914 HL=86E0 IX=5593 IY=0120
VDP_REG14 val=02 r14=2 PC=46C0 AF=8E10 BC=0099 DE=7918 HL=8760 IX=5593 IY=0120
VDP_REG14 val=02 r14=2 PC=46C0 AF=8E10 BC=0099 DE=791C HL=87E0 IX=5593 IY=0120
VDP_REG14 val=02 r14=2 PC=46C0 AF=8E10 BC=0099 DE=7920 HL=8464 IX=5593 IY=0120
VDP_REG14 val=02 r14=2 PC=46C0 AF=8E10 BC=0099 DE=7924 HL=84E4 IX=5593 IY=0120
VDP_REG14 val=02 r14=2 PC=46C0 AF=8E10 BC=0099 DE=7928 HL=8564 IX=5593 IY=0120
VDP_REG14 val=02 r14=2 PC=46C0 AF=8E10 BC=0099 DE=792C HL=85E4 IX=5593 IY=0120
VDP_REG14 val=02 r14=2 PC=46C0 AF=8E10 BC=0099 DE=7930 HL=8664 IX=5593 IY=0120
VDP_REG14 val=02 r14=2 PC=46C0 AF=8E10 BC=0099 DE=7934 HL=86E4 IX=5593 IY=0120
VDP_REG14 val=02 r14=2 PC=46C0 AF=8E10 BC=0099 DE=7938 HL=8764 IX=5593 IY=0120
VDP_REG14 val=02 r14=2 PC=46C0 AF=8E10 BC=0099 DE=793C HL=87E4 IX=5593 IY=0120
VDP_REG14 val=02 r14=2 PC=46C0 AF=8E10 BC=0099 DE=7940 HL=8468 IX=5593 IY=0120
VDP_REG14 val=02 r14=2 PC=46C0 AF=8E10 BC=0099 DE=7944 HL=84E8 IX=5593 IY=0120
VDP_REG14 val=02 r14=2 PC=46C0 AF=8E10 BC=0099 DE=7948 HL=8568 IX=5593 IY=0120
VDP_REG14 val=02 r14=2 PC=46C0 AF=8E10 BC=0099 DE=794C HL=85E8 IX=5593 IY=0120
VDP_REG14 val=02 r14=2 PC=46C0 AF=8E10 BC=0099 DE=7950 HL=8668 IX=5593 IY=0120
VDP_REG14 val=02 r14=2 PC=46C0 AF=8E10 BC=0099 DE=7954 HL=86E8 IX=5593 IY=0120
VDP_REG14 val=02 r14=2 PC=46C0 AF=8E10 BC=0099 DE=7958 HL=8768 IX=5593 IY=0120
VDP_REG14 val=02 r14=2 PC=46C0 AF=8E10 BC=0099 DE=795C HL=87E8 IX=5593 IY=0120
VDP_REG14 val=02 r14=2 PC=46C0 AF=8E10 BC=0099 DE=7960 HL=846C IX=5593 IY=0120
VDP_REG14 val=02 r14=2 PC=46C0 AF=8E10 BC=0099 DE=7964 HL=84EC IX=5593 IY=0120
VDP_REG14 val=02 r14=2 PC=46C0 AF=8E10 BC=0099 DE=7968 HL=856C IX=5593 IY=0120
VDP_REG14 val=02 r14=2 PC=46C0 AF=8E10 BC=0099 DE=796C HL=85EC IX=5593 IY=0120
VDP_REG14 val=02 r14=2 PC=46C0 AF=8E10 BC=0099 DE=7970 HL=866C IX=5593 IY=0120
VDP_REG14 val=02 r14=2 PC=46C0 AF=8E10 BC=0099 DE=7974 HL=86EC IX=5593 IY=0120
VDP_REG14 val=02 r14=2 PC=46C0 AF=8E10 BC=0099 DE=7978 HL=876C IX=5593 IY=0120
VDP_REG14 val=02 r14=2 PC=46C0 AF=8E10 BC=0099 DE=797C HL=87EC IX=5593 IY=0120
VDP_REG14 val=02 r14=2 PC=46C0 AF=8E10 BC=0099 DE=7980 HL=8470 IX=5593 IY=0120
VDP_REG14 val=02 r14=2 PC=46C0 AF=8E10 BC=0099 DE=7984 HL=84F0 IX=5593 IY=0120
VDP_REG14 val=02 r14=2 PC=46C0 AF=8E10 BC=0099 DE=7988 HL=8570 IX=5593 IY=0120
VDP_REG14 val=02 r14=2 PC=46C0 AF=8E10 BC=0099 DE=798C HL=85F0 IX=5593 IY=0120
VDP_REG14 val=02 r14=2 PC=46C0 AF=8E10 BC=0099 DE=7990 HL=8670 IX=5593 IY=0120
VDP_REG14 val=02 r14=2 PC=46C0 AF=8E10 BC=0099 DE=7994 HL=86F0 IX=5593 IY=0120
VDP_REG14 val=02 r14=2 PC=46C0 AF=8E10 BC=0099 DE=7998 HL=8770 IX=5593 IY=0120
VDP_REG14 val=02 r14=2 PC=46C0 AF=8E10 BC=0099 DE=799C HL=87F0 IX=5593 IY=0120
VDP_REG14 val=02 r14=2 PC=46C0 AF=8E10 BC=0099 DE=79A0 HL=8474 IX=5593 IY=0120
VDP_REG14 val=02 r14=2 PC=46C0 AF=8E10 BC=0099 DE=79A4 HL=84F4 IX=5593 IY=0120
VDP_REG14 val=02 r14=2 PC=46C0 AF=8E10 BC=0099 DE=79A8 HL=8574 IX=5593 IY=0120
VDP_REG14 val=02 r14=2 PC=46C0 AF=8E10 BC=0099 DE=79AC HL=85F4 IX=5593 IY=0120
VDP_REG14 val=02 r14=2 PC=46C0 AF=8E10 BC=0099 DE=79B0 HL=8674 IX=5593 IY=0120
VDP_REG14 val=02 r14=2 PC=46C0 AF=8E10 BC=0099 DE=79B4 HL=86F4 IX=5593 IY=0120
VDP_REG14 val=02 r14=2 PC=46C0 AF=8E10 BC=0099 DE=79B8 HL=8774 IX=5593 IY=0120
VDP_REG14 val=02 r14=2 PC=46C0 AF=8E10 BC=0099 DE=79BC HL=87F4 IX=5593 IY=0120
VDP_REG14 val=02 r14=2 PC=46C0 AF=8E10 BC=0099 DE=79C0 HL=8478 IX=5593 IY=0120
VDP_REG14 val=02 r14=2 PC=46C0 AF=8E10 BC=0099 DE=79C4 HL=84F8 IX=5593 IY=0120
VDP_REG14 val=02 r14=2 PC=46C0 AF=8E10 BC=0099 DE=79C8 HL=8578 IX=5593 IY=0120
VDP_REG14 val=02 r14=2 PC=46C0 AF=8E10 BC=0099 DE=79CC HL=85F8 IX=5593 IY=0120
VDP_REG14 val=02 r14=2 PC=46C0 AF=8E10 BC=0099 DE=79D0 HL=8678 IX=5593 IY=0120
VDP_REG14 val=02 r14=2 PC=46C0 AF=8E10 BC=0099 DE=79D4 HL=86F8 IX=5593 IY=0120
VDP_REG14 val=02 r14=2 PC=46C0 AF=8E10 BC=0099 DE=79D8 HL=8778 IX=5593 IY=0120
VDP_REG14 val=02 r14=2 PC=46C0 AF=8E10 BC=0099 DE=79DC HL=87F8 IX=5593 IY=0120
VDP_REG14 val=02 r14=2 PC=46C0 AF=8E10 BC=0099 DE=79E0 HL=847C IX=5593 IY=0120
VDP_REG14 val=02 r14=2 PC=46C0 AF=8E10 BC=0099 DE=79E4 HL=84FC IX=5593 IY=0120
VDP_REG14 val=02 r14=2 PC=46C0 AF=8E10 BC=0099 DE=79E8 HL=857C IX=5593 IY=0120
VDP_REG14 val=02 r14=2 PC=46C0 AF=8E10 BC=0099 DE=79EC HL=85FC IX=5593 IY=0120
VDP_REG14 val=02 r14=2 PC=46C0 AF=8E10 BC=0099 DE=79F0 HL=867C IX=5593 IY=0120
VDP_REG14 val=02 r14=2 PC=46C0 AF=8E10 BC=0099 DE=79F4 HL=86FC IX=5593 IY=0120
VDP_REG14 val=02 r14=2 PC=46C0 AF=8E10 BC=0099 DE=79F8 HL=877C IX=5593 IY=0120
VDP_REG14 val=02 r14=2 PC=46C0 AF=8E10 BC=0099 DE=79FC HL=87FC IX=5593 IY=0120
VDP_REG14 val=02 r14=2 PC=46C0 AF=8E10 BC=0099 DE=7A00 HL=8800 IX=5593 IY=0120
VDP_REG14 val=02 r14=2 PC=46C0 AF=8E10 BC=0099 DE=7A04 HL=8880 IX=5593 IY=0120
VDP_REG14 val=02 r14=2 PC=46C0 AF=8E10 BC=0099 DE=7A08 HL=8900 IX=5593 IY=0120
VDP_REG14 val=02 r14=2 PC=46C0 AF=8E10 BC=0099 DE=7A0C HL=8980 IX=5593 IY=0120
VDP_REG14 val=02 r14=2 PC=46C0 AF=8E10 BC=0099 DE=7A10 HL=8A00 IX=5593 IY=0120
VDP_REG14 val=02 r14=2 PC=46C0 AF=8E10 BC=0099 DE=7A14 HL=8A80 IX=5593 IY=0120
VDP_REG14 val=02 r14=2 PC=46C0 AF=8E10 BC=0099 DE=7A18 HL=8B00 IX=5593 IY=0120
VDP_REG14 val=02 r14=2 PC=46C0 AF=8E10 BC=0099 DE=7A1C HL=8B80 IX=5593 IY=0120
VDP_REG14 val=02 r14=2 PC=46C0 AF=8E10 BC=0099 DE=7A20 HL=8804 IX=5593 IY=0120
VDP_REG14 val=02 r14=2 PC=46C0 AF=8E10 BC=0099 DE=7A24 HL=8884 IX=5593 IY=0120
VDP_REG14 val=02 r14=2 PC=46C0 AF=8E10 BC=0099 DE=7A28 HL=8904 IX=5593 IY=0120
VDP_REG14 val=02 r14=2 PC=46C0 AF=8E10 BC=0099 DE=7A2C HL=8984 IX=5593 IY=0120
VDP_REG14 val=02 r14=2 PC=46C0 AF=8E10 BC=0099 DE=7A30 HL=8A04 IX=5593 IY=0120
VDP_REG14 val=02 r14=2 PC=46C0 AF=8E10 BC=0099 DE=7A34 HL=8A84 IX=5593 IY=0120
VDP_REG14 val=02 r14=2 PC=46C0 AF=8E10 BC=0099 DE=7A38 HL=8B04 IX=5593 IY=0120
VDP_REG14 val=02 r14=2 PC=46C0 AF=8E10 BC=0099 DE=7A3C HL=8B84 IX=5593 IY=0120
VDP_REG14 val=02 r14=2 PC=46C0 AF=8E10 BC=0099 DE=7A40 HL=8808 IX=5593 IY=0120
VDP_REG14 val=02 r14=2 PC=46C0 AF=8E10 BC=0099 DE=7A44 HL=8888 IX=5593 IY=0120
VDP_REG14 val=02 r14=2 PC=46C0 AF=8E10 BC=0099 DE=7A48 HL=8908 IX=5593 IY=0120
VDP_REG14 val=02 r14=2 PC=46C0 AF=8E10 BC=0099 DE=7A4C HL=8988 IX=5593 IY=0120
VDP_REG14 val=02 r14=2 PC=46C0 AF=8E10 BC=0099 DE=7A50 HL=8A08 IX=5593 IY=0120
VDP_REG14 val=02 r14=2 PC=46C0 AF=8E10 BC=0099 DE=7A54 HL=8A88 IX=5593 IY=0120
VDP_REG14 val=02 r14=2 PC=46C0 AF=8E10 BC=0099 DE=7A58 HL=8B08 IX=5593 IY=0120
VDP_REG14 val=02 r14=2 PC=46C0 AF=8E10 BC=0099 DE=7A5C HL=8B88 IX=5593 IY=0120
VDP_REG14 val=02 r14=2 PC=46C0 AF=8E10 BC=0099 DE=7A60 HL=880C IX=5593 IY=0120
VDP_REG14 val=02 r14=2 PC=46C0 AF=8E10 BC=0099 DE=7A64 HL=888C IX=5593 IY=0120
VDP_REG14 val=02 r14=2 PC=46C0 AF=8E10 BC=0099 DE=7A68 HL=890C IX=5593 IY=0120
VDP_REG14 val=02 r14=2 PC=46C0 AF=8E10 BC=0099 DE=7A6C HL=898C IX=5593 IY=0120
VDP_REG14 val=02 r14=2 PC=46C0 AF=8E10 BC=0099 DE=7A70 HL=8A0C IX=5593 IY=0120
VDP_REG14 val=02 r14=2 PC=46C0 AF=8E10 BC=0099 DE=7A74 HL=8A8C IX=5593 IY=0120
VDP_REG14 val=02 r14=2 PC=46C0 AF=8E10 BC=0099 DE=7A78 HL=8B0C IX=5593 IY=0120
VDP_REG14 val=02 r14=2 PC=46C0 AF=8E10 BC=0099 DE=7A7C HL=8B8C IX=5593 IY=0120
VDP_REG14 val=02 r14=2 PC=46C0 AF=8E10 BC=0099 DE=7A80 HL=8810 IX=5593 IY=0120
VDP_REG14 val=02 r14=2 PC=46C0 AF=8E10 BC=0099 DE=7A84 HL=8890 IX=5593 IY=0120
VDP_REG14 val=02 r14=2 PC=46C0 AF=8E10 BC=0099 DE=7A88 HL=8910 IX=5593 IY=0120
VDP_REG14 val=02 r14=2 PC=46C0 AF=8E10 BC=0099 DE=7A8C HL=8990 IX=5593 IY=0120
VDP_REG14 val=02 r14=2 PC=46C0 AF=8E10 BC=0099 DE=7A90 HL=8A10 IX=5593 IY=0120
VDP_REG14 val=02 r14=2 PC=46C0 AF=8E10 BC=0099 DE=7A94 HL=8A90 IX=5593 IY=0120
VDP_REG14 val=02 r14=2 PC=46C0 AF=8E10 BC=0099 DE=7A98 HL=8B10 IX=5593 IY=0120
VDP_REG14 val=02 r14=2 PC=46C0 AF=8E10 BC=0099 DE=7A9C HL=8B90 IX=5593 IY=0120
VDP_REG14 val=02 r14=2 PC=46C0 AF=8E10 BC=0099 DE=7AA0 HL=8814 IX=5593 IY=0120
VDP_REG14 val=02 r14=2 PC=46C0 AF=8E10 BC=0099 DE=7AA4 HL=8894 IX=5593 IY=0120
VDP_REG14 val=02 r14=2 PC=46C0 AF=8E10 BC=0099 DE=7AA8 HL=8914 IX=5593 IY=0120
VDP_REG14 val=02 r14=2 PC=46C0 AF=8E10 BC=0099 DE=7AAC HL=8994 IX=5593 IY=0120
VDP_REG14 val=02 r14=2 PC=46C0 AF=8E10 BC=0099 DE=7AB0 HL=8A14 IX=5593 IY=0120
VDP_REG14 val=02 r14=2 PC=46C0 AF=8E10 BC=0099 DE=7AB4 HL=8A94 IX=5593 IY=0120
VDP_REG14 val=02 r14=2 PC=46C0 AF=8E10 BC=0099 DE=7AB8 HL=8B14 IX=5593 IY=0120
VDP_REG14 val=02 r14=2 PC=46C0 AF=8E10 BC=0099 DE=7ABC HL=8B94 IX=5593 IY=0120
VDP_REG14 val=02 r14=2 PC=46C0 AF=8E10 BC=0099 DE=7AC0 HL=8818 IX=5593 IY=0120
VDP_REG14 val=02 r14=2 PC=46C0 AF=8E10 BC=0099 DE=7AC4 HL=8898 IX=5593 IY=0120
VDP_REG14 val=02 r14=2 PC=46C0 AF=8E10 BC=0099 DE=7AC8 HL=8918 IX=5593 IY=0120
VDP_REG14 val=02 r14=2 PC=46C0 AF=8E10 BC=0099 DE=7ACC HL=8998 IX=5593 IY=0120
VDP_REG14 val=02 r14=2 PC=46C0 AF=8E10 BC=0099 DE=7AD0 HL=8A18 IX=5593 IY=0120
VDP_REG14 val=02 r14=2 PC=46C0 AF=8E10 BC=0099 DE=7AD4 HL=8A98 IX=5593 IY=0120
VDP_REG14 val=02 r14=2 PC=46C0 AF=8E10 BC=0099 DE=7AD8 HL=8B18 IX=5593 IY=0120
VDP_REG14 val=02 r14=2 PC=46C0 AF=8E10 BC=0099 DE=7ADC HL=8B98 IX=5593 IY=0120
VDP_REG14 val=02 r14=2 PC=46C0 AF=8E10 BC=0099 DE=7AE0 HL=881C IX=5593 IY=0120
VDP_REG14 val=02 r14=2 PC=46C0 AF=8E10 BC=0099 DE=7AE4 HL=889C IX=5593 IY=0120
VDP_REG14 val=02 r14=2 PC=46C0 AF=8E10 BC=0099 DE=7AE8 HL=891C IX=5593 IY=0120
VDP_REG14 val=02 r14=2 PC=46C0 AF=8E10 BC=0099 DE=7AEC HL=899C IX=5593 IY=0120
VDP_REG14 val=02 r14=2 PC=46C0 AF=8E10 BC=0099 DE=7AF0 HL=8A1C IX=5593 IY=0120
VDP_REG14 val=02 r14=2 PC=46C0 AF=8E10 BC=0099 DE=7AF4 HL=8A9C IX=5593 IY=0120
VDP_REG14 val=02 r14=2 PC=46C0 AF=8E10 BC=0099 DE=7AF8 HL=8B1C IX=5593 IY=0120
VDP_REG14 val=02 r14=2 PC=46C0 AF=8E10 BC=0099 DE=7AFC HL=8B9C IX=5593 IY=0120
VDP_REG14 val=02 r14=2 PC=46C0 AF=8E10 BC=0099 DE=7B00 HL=8820 IX=5593 IY=0120
VDP_REG14 val=02 r14=2 PC=46C0 AF=8E10 BC=0099 DE=7B04 HL=88A0 IX=5593 IY=0120
VDP_REG14 val=02 r14=2 PC=46C0 AF=8E10 BC=0099 DE=7B08 HL=8920 IX=5593 IY=0120
VDP_REG14 val=02 r14=2 PC=46C0 AF=8E10 BC=0099 DE=7B0C HL=89A0 IX=5593 IY=0120
VDP_REG14 val=02 r14=2 PC=46C0 AF=8E10 BC=0099 DE=7B10 HL=8A20 IX=5593 IY=0120
VDP_REG14 val=02 r14=2 PC=46C0 AF=8E10 BC=0099 DE=7B14 HL=8AA0 IX=5593 IY=0120
VDP_REG14 val=02 r14=2 PC=46C0 AF=8E10 BC=0099 DE=7B18 HL=8B20 IX=5593 IY=0120
VDP_REG14 val=02 r14=2 PC=46C0 AF=8E10 BC=0099 DE=7B1C HL=8BA0 IX=5593 IY=0120
VDP_REG14 val=02 r14=2 PC=46C0 AF=8E10 BC=0099 DE=7B20 HL=8824 IX=5593 IY=0120
VDP_REG14 val=02 r14=2 PC=46C0 AF=8E10 BC=0099 DE=7B24 HL=88A4 IX=5593 IY=0120
VDP_REG14 val=02 r14=2 PC=46C0 AF=8E10 BC=0099 DE=7B28 HL=8924 IX=5593 IY=0120
VDP_REG14 val=02 r14=2 PC=46C0 AF=8E10 BC=0099 DE=7B2C HL=89A4 IX=5593 IY=0120
VDP_REG14 val=02 r14=2 PC=46C0 AF=8E10 BC=0099 DE=7B30 HL=8A24 IX=5593 IY=0120
VDP_REG14 val=02 r14=2 PC=46C0 AF=8E10 BC=0099 DE=7B34 HL=8AA4 IX=5593 IY=0120
VDP_REG14 val=02 r14=2 PC=46C0 AF=8E10 BC=0099 DE=7B38 HL=8B24 IX=5593 IY=0120
VDP_REG14 val=02 r14=2 PC=46C0 AF=8E10 BC=0099 DE=7B3C HL=8BA4 IX=5593 IY=0120
VDP_REG14 val=02 r14=2 PC=46C0 AF=8E10 BC=0099 DE=7B40 HL=8828 IX=5593 IY=0120
VDP_REG14 val=02 r14=2 PC=46C0 AF=8E10 BC=0099 DE=7B44 HL=88A8 IX=5593 IY=0120
VDP_REG14 val=02 r14=2 PC=46C0 AF=8E10 BC=0099 DE=7B48 HL=8928 IX=5593 IY=0120
VDP_REG14 val=02 r14=2 PC=46C0 AF=8E10 BC=0099 DE=7B4C HL=89A8 IX=5593 IY=0120
VDP_REG14 val=02 r14=2 PC=46C0 AF=8E10 BC=0099 DE=7B50 HL=8A28 IX=5593 IY=0120
VDP_REG14 val=02 r14=2 PC=46C0 AF=8E10 BC=0099 DE=7B54 HL=8AA8 IX=5593 IY=0120
VDP_REG14 val=02 r14=2 PC=46C0 AF=8E10 BC=0099 DE=7B58 HL=8B28 IX=5593 IY=0120
VDP_REG14 val=02 r14=2 PC=46C0 AF=8E10 BC=0099 DE=7B5C HL=8BA8 IX=5593 IY=0120
VDP_REG14 val=02 r14=2 PC=46C0 AF=8E10 BC=0099 DE=7B60 HL=882C IX=5593 IY=0120
VDP_REG14 val=02 r14=2 PC=46C0 AF=8E10 BC=0099 DE=7B64 HL=88AC IX=5593 IY=0120
VDP_REG14 val=02 r14=2 PC=46C0 AF=8E10 BC=0099 DE=7B68 HL=892C IX=5593 IY=0120
VDP_REG14 val=02 r14=2 PC=46C0 AF=8E10 BC=0099 DE=7B6C HL=89AC IX=5593 IY=0120
VDP_REG14 val=02 r14=2 PC=46C0 AF=8E10 BC=0099 DE=7B70 HL=8A2C IX=5593 IY=0120
VDP_REG14 val=02 r14=2 PC=46C0 AF=8E10 BC=0099 DE=7B74 HL=8AAC IX=5593 IY=0120
VDP_REG14 val=02 r14=2 PC=46C0 AF=8E10 BC=0099 DE=7B78 HL=8B2C IX=5593 IY=0120
VDP_REG14 val=02 r14=2 PC=46C0 AF=8E10 BC=0099 DE=7B7C HL=8BAC IX=5593 IY=0120
VDP_REG14 val=02 r14=2 PC=46C0 AF=8E10 BC=0099 DE=7B80 HL=8830 IX=5593 IY=0120
VDP_REG14 val=02 r14=2 PC=46C0 AF=8E10 BC=0099 DE=7B84 HL=88B0 IX=5593 IY=0120
VDP_REG14 val=02 r14=2 PC=46C0 AF=8E10 BC=0099 DE=7B88 HL=8930 IX=5593 IY=0120
VDP_REG14 val=02 r14=2 PC=46C0 AF=8E10 BC=0099 DE=7B8C HL=89B0 IX=5593 IY=0120
VDP_REG14 val=02 r14=2 PC=46C0 AF=8E10 BC=0099 DE=7B90 HL=8A30 IX=5593 IY=0120
VDP_REG14 val=02 r14=2 PC=46C0 AF=8E10 BC=0099 DE=7B94 HL=8AB0 IX=5593 IY=0120
VDP_REG14 val=02 r14=2 PC=46C0 AF=8E10 BC=0099 DE=7B98 HL=8B30 IX=5593 IY=0120
VDP_REG14 val=02 r14=2 PC=46C0 AF=8E10 BC=0099 DE=7B9C HL=8BB0 IX=5593 IY=0120
VDP_REG14 val=02 r14=2 PC=46C0 AF=8E10 BC=0099 DE=7BA0 HL=8834 IX=5593 IY=0120
VDP_REG14 val=02 r14=2 PC=46C0 AF=8E10 BC=0099 DE=7BA4 HL=88B4 IX=5593 IY=0120
VDP_REG14 val=02 r14=2 PC=46C0 AF=8E10 BC=0099 DE=7BA8 HL=8934 IX=5593 IY=0120
VDP_REG14 val=02 r14=2 PC=46C0 AF=8E10 BC=0099 DE=7BAC HL=89B4 IX=5593 IY=0120
VDP_REG14 val=02 r14=2 PC=46C0 AF=8E10 BC=0099 DE=7BB0 HL=8A34 IX=5593 IY=0120
VDP_REG14 val=02 r14=2 PC=46C0 AF=8E10 BC=0099 DE=7BB4 HL=8AB4 IX=5593 IY=0120
VDP_REG14 val=02 r14=2 PC=46C0 AF=8E10 BC=0099 DE=7BB8 HL=8B34 IX=5593 IY=0120
VDP_REG14 val=02 r14=2 PC=46C0 AF=8E10 BC=0099 DE=7BBC HL=8BB4 IX=5593 IY=0120
VDP_REG14 val=02 r14=2 PC=46C0 AF=8E10 BC=0099 DE=7BC0 HL=8838 IX=5593 IY=0120
VDP_REG14 val=02 r14=2 PC=46C0 AF=8E10 BC=0099 DE=7BC4 HL=88B8 IX=5593 IY=0120
VDP_REG14 val=02 r14=2 PC=46C0 AF=8E10 BC=0099 DE=7BC8 HL=8938 IX=5593 IY=0120
VDP_REG14 val=02 r14=2 PC=46C0 AF=8E10 BC=0099 DE=7BCC HL=89B8 IX=5593 IY=0120
VDP_REG14 val=02 r14=2 PC=46C0 AF=8E10 BC=0099 DE=7BD0 HL=8A38 IX=5593 IY=0120
VDP_REG14 val=02 r14=2 PC=46C0 AF=8E10 BC=0099 DE=7BD4 HL=8AB8 IX=5593 IY=0120
VDP_REG14 val=02 r14=2 PC=46C0 AF=8E10 BC=0099 DE=7BD8 HL=8B38 IX=5593 IY=0120
VDP_REG14 val=02 r14=2 PC=46C0 AF=8E10 BC=0099 DE=7BDC HL=8BB8 IX=5593 IY=0120
VDP_REG14 val=02 r14=2 PC=46C0 AF=8E10 BC=0099 DE=7BE0 HL=883C IX=5593 IY=0120
VDP_REG14 val=02 r14=2 PC=46C0 AF=8E10 BC=0099 DE=7BE4 HL=88BC IX=5593 IY=0120
VDP_REG14 val=02 r14=2 PC=46C0 AF=8E10 BC=0099 DE=7BE8 HL=893C IX=5593 IY=0120
VDP_REG14 val=02 r14=2 PC=46C0 AF=8E10 BC=0099 DE=7BEC HL=89BC IX=5593 IY=0120
VDP_REG14 val=02 r14=2 PC=46C0 AF=8E10 BC=0099 DE=7BF0 HL=8A3C IX=5593 IY=0120
VDP_REG14 val=02 r14=2 PC=46C0 AF=8E10 BC=0099 DE=7BF4 HL=8ABC IX=5593 IY=0120
VDP_REG14 val=02 r14=2 PC=46C0 AF=8E10 BC=0099 DE=7BF8 HL=8B3C IX=5593 IY=0120
VDP_REG14 val=02 r14=2 PC=46C0 AF=8E10 BC=0099 DE=7BFC HL=8BBC IX=5593 IY=0120
VDP_REG14 val=02 r14=2 PC=46C0 AF=8E10 BC=0099 DE=7C00 HL=8840 IX=5593 IY=0120
VDP_REG14 val=02 r14=2 PC=46C0 AF=8E10 BC=0099 DE=7C04 HL=88C0 IX=5593 IY=0120
VDP_REG14 val=02 r14=2 PC=46C0 AF=8E10 BC=0099 DE=7C08 HL=8940 IX=5593 IY=0120
VDP_REG14 val=02 r14=2 PC=46C0 AF=8E10 BC=0099 DE=7C0C HL=89C0 IX=5593 IY=0120
VDP_REG14 val=02 r14=2 PC=46C0 AF=8E10 BC=0099 DE=7C10 HL=8A40 IX=5593 IY=0120
VDP_REG14 val=02 r14=2 PC=46C0 AF=8E10 BC=0099 DE=7C14 HL=8AC0 IX=5593 IY=0120
VDP_REG14 val=02 r14=2 PC=46C0 AF=8E10 BC=0099 DE=7C18 HL=8B40 IX=5593 IY=0120
VDP_REG14 val=02 r14=2 PC=46C0 AF=8E10 BC=0099 DE=7C1C HL=8BC0 IX=5593 IY=0120
VDP_REG14 val=02 r14=2 PC=46C0 AF=8E10 BC=0099 DE=7C20 HL=8844 IX=5593 IY=0120
VDP_REG14 val=02 r14=2 PC=46C0 AF=8E10 BC=0099 DE=7C24 HL=88C4 IX=5593 IY=0120
VDP_REG14 val=02 r14=2 PC=46C0 AF=8E10 BC=0099 DE=7C28 HL=8944 IX=5593 IY=0120
VDP_REG14 val=02 r14=2 PC=46C0 AF=8E10 BC=0099 DE=7C2C HL=89C4 IX=5593 IY=0120
VDP_REG14 val=02 r14=2 PC=46C0 AF=8E10 BC=0099 DE=7C30 HL=8A44 IX=5593 IY=0120
VDP_REG14 val=02 r14=2 PC=46C0 AF=8E10 BC=0099 DE=7C34 HL=8AC4 IX=5593 IY=0120
VDP_REG14 val=02 r14=2 PC=46C0 AF=8E10 BC=0099 DE=7C38 HL=8B44 IX=5593 IY=0120
VDP_REG14 val=02 r14=2 PC=46C0 AF=8E10 BC=0099 DE=7C3C HL=8BC4 IX=5593 IY=0120
VDP_REG14 val=02 r14=2 PC=46C0 AF=8E10 BC=0099 DE=7C40 HL=8848 IX=5593 IY=0120
VDP_REG14 val=02 r14=2 PC=46C0 AF=8E10 BC=0099 DE=7C44 HL=88C8 IX=5593 IY=0120
VDP_REG14 val=02 r14=2 PC=46C0 AF=8E10 BC=0099 DE=7C48 HL=8948 IX=5593 IY=0120
VDP_REG14 val=02 r14=2 PC=46C0 AF=8E10 BC=0099 DE=7C4C HL=89C8 IX=5593 IY=0120
VDP_REG14 val=02 r14=2 PC=46C0 AF=8E10 BC=0099 DE=7C50 HL=8A48 IX=5593 IY=0120
VDP_REG14 val=02 r14=2 PC=46C0 AF=8E10 BC=0099 DE=7C54 HL=8AC8 IX=5593 IY=0120
VDP_REG14 val=02 r14=2 PC=46C0 AF=8E10 BC=0099 DE=7C58 HL=8B48 IX=5593 IY=0120
VDP_REG14 val=02 r14=2 PC=46C0 AF=8E10 BC=0099 DE=7C5C HL=8BC8 IX=5593 IY=0120
VDP_REG14 val=02 r14=2 PC=46C0 AF=8E10 BC=0099 DE=7C60 HL=884C IX=5593 IY=0120
VDP_REG14 val=02 r14=2 PC=46C0 AF=8E10 BC=0099 DE=7C64 HL=88CC IX=5593 IY=0120
VDP_REG14 val=02 r14=2 PC=46C0 AF=8E10 BC=0099 DE=7C68 HL=894C IX=5593 IY=0120
VDP_REG14 val=02 r14=2 PC=46C0 AF=8E10 BC=0099 DE=7C6C HL=89CC IX=5593 IY=0120
VDP_REG14 val=02 r14=2 PC=46C0 AF=8E10 BC=0099 DE=7C70 HL=8A4C IX=5593 IY=0120
VDP_REG14 val=02 r14=2 PC=46C0 AF=8E10 BC=0099 DE=7C74 HL=8ACC IX=5593 IY=0120
VDP_REG14 val=02 r14=2 PC=46C0 AF=8E10 BC=0099 DE=7C78 HL=8B4C IX=5593 IY=0120
VDP_REG14 val=02 r14=2 PC=46C0 AF=8E10 BC=0099 DE=7C7C HL=8BCC IX=5593 IY=0120
VDP_REG14 val=02 r14=2 PC=46C0 AF=8E10 BC=0099 DE=7C80 HL=8850 IX=5593 IY=0120
VDP_REG14 val=02 r14=2 PC=46C0 AF=8E10 BC=0099 DE=7C84 HL=88D0 IX=5593 IY=0120
VDP_REG14 val=02 r14=2 PC=46C0 AF=8E10 BC=0099 DE=7C88 HL=8950 IX=5593 IY=0120
VDP_REG14 val=02 r14=2 PC=46C0 AF=8E10 BC=0099 DE=7C8C HL=89D0 IX=5593 IY=0120
VDP_REG14 val=02 r14=2 PC=46C0 AF=8E10 BC=0099 DE=7C90 HL=8A50 IX=5593 IY=0120
VDP_REG14 val=02 r14=2 PC=46C0 AF=8E10 BC=0099 DE=7C94 HL=8AD0 IX=5593 IY=0120
VDP_REG14 val=02 r14=2 PC=46C0 AF=8E10 BC=0099 DE=7C98 HL=8B50 IX=5593 IY=0120
VDP_REG14 val=02 r14=2 PC=46C0 AF=8E10 BC=0099 DE=7C9C HL=8BD0 IX=5593 IY=0120
VDP_REG14 val=02 r14=2 PC=46C0 AF=8E10 BC=0099 DE=7CA0 HL=8854 IX=5593 IY=0120
VDP_REG14 val=02 r14=2 PC=46C0 AF=8E10 BC=0099 DE=7CA4 HL=88D4 IX=5593 IY=0120
VDP_REG14 val=02 r14=2 PC=46C0 AF=8E10 BC=0099 DE=7CA8 HL=8954 IX=5593 IY=0120
VDP_REG14 val=02 r14=2 PC=46C0 AF=8E10 BC=0099 DE=7CAC HL=89D4 IX=5593 IY=0120
VDP_REG14 val=02 r14=2 PC=46C0 AF=8E10 BC=0099 DE=7CB0 HL=8A54 IX=5593 IY=0120
VDP_REG14 val=02 r14=2 PC=46C0 AF=8E10 BC=0099 DE=7CB4 HL=8AD4 IX=5593 IY=0120
VDP_REG14 val=02 r14=2 PC=46C0 AF=8E10 BC=0099 DE=7CB8 HL=8B54 IX=5593 IY=0120
VDP_REG14 val=02 r14=2 PC=46C0 AF=8E10 BC=0099 DE=7CBC HL=8BD4 IX=5593 IY=0120
VDP_REG14 val=02 r14=2 PC=46C0 AF=8E10 BC=0099 DE=7CC0 HL=8858 IX=5593 IY=0120
VDP_REG14 val=02 r14=2 PC=46C0 AF=8E10 BC=0099 DE=7CC4 HL=88D8 IX=5593 IY=0120
VDP_REG14 val=02 r14=2 PC=46C0 AF=8E10 BC=0099 DE=7CC8 HL=8958 IX=5593 IY=0120
VDP_REG14 val=02 r14=2 PC=46C0 AF=8E10 BC=0099 DE=7CCC HL=89D8 IX=5593 IY=0120
VDP_REG14 val=02 r14=2 PC=46C0 AF=8E10 BC=0099 DE=7CD0 HL=8A58 IX=5593 IY=0120
VDP_REG14 val=02 r14=2 PC=46C0 AF=8E10 BC=0099 DE=7CD4 HL=8AD8 IX=5593 IY=0120
VDP_REG14 val=02 r14=2 PC=46C0 AF=8E10 BC=0099 DE=7CD8 HL=8B58 IX=5593 IY=0120
VDP_REG14 val=02 r14=2 PC=46C0 AF=8E10 BC=0099 DE=7CDC HL=8BD8 IX=5593 IY=0120
VDP_REG14 val=02 r14=2 PC=46C0 AF=8E10 BC=0099 DE=7CE0 HL=885C IX=5593 IY=0120
VDP_REG14 val=02 r14=2 PC=46C0 AF=8E10 BC=0099 DE=7CE4 HL=88DC IX=5593 IY=0120
VDP_REG14 val=02 r14=2 PC=46C0 AF=8E10 BC=0099 DE=7CE8 HL=895C IX=5593 IY=0120
VDP_REG14 val=02 r14=2 PC=46C0 AF=8E10 BC=0099 DE=7CEC HL=89DC IX=5593 IY=0120
VDP_REG14 val=02 r14=2 PC=46C0 AF=8E10 BC=0099 DE=7CF0 HL=8A5C IX=5593 IY=0120
VDP_REG14 val=02 r14=2 PC=46C0 AF=8E10 BC=0099 DE=7CF4 HL=8ADC IX=5593 IY=0120
VDP_REG14 val=02 r14=2 PC=46C0 AF=8E10 BC=0099 DE=7CF8 HL=8B5C IX=5593 IY=0120
VDP_REG14 val=02 r14=2 PC=46C0 AF=8E10 BC=0099 DE=7CFC HL=8BDC IX=5593 IY=0120
VDP_REG14 val=02 r14=2 PC=46C0 AF=8E10 BC=0099 DE=7D00 HL=8860 IX=5593 IY=0120
VDP_REG14 val=02 r14=2 PC=46C0 AF=8E10 BC=0099 DE=7D04 HL=88E0 IX=5593 IY=0120
VDP_REG14 val=02 r14=2 PC=46C0 AF=8E10 BC=0099 DE=7D08 HL=8960 IX=5593 IY=0120
VDP_REG14 val=02 r14=2 PC=46C0 AF=8E10 BC=0099 DE=7D0C HL=89E0 IX=5593 IY=0120
VDP_REG14 val=02 r14=2 PC=46C0 AF=8E10 BC=0099 DE=7D10 HL=8A60 IX=5593 IY=0120
VDP_REG14 val=02 r14=2 PC=46C0 AF=8E10 BC=0099 DE=7D14 HL=8AE0 IX=5593 IY=0120
VDP_REG14 val=02 r14=2 PC=46C0 AF=8E10 BC=0099 DE=7D18 HL=8B60 IX=5593 IY=0120
VDP_REG14 val=02 r14=2 PC=46C0 AF=8E10 BC=0099 DE=7D1C HL=8BE0 IX=5593 IY=0120
VDP_REG14 val=02 r14=2 PC=46C0 AF=8E10 BC=0099 DE=7D20 HL=8864 IX=5593 IY=0120
VDP_REG14 val=02 r14=2 PC=46C0 AF=8E10 BC=0099 DE=7D24 HL=88E4 IX=5593 IY=0120
VDP_REG14 val=02 r14=2 PC=46C0 AF=8E10 BC=0099 DE=7D28 HL=8964 IX=5593 IY=0120
VDP_REG14 val=02 r14=2 PC=46C0 AF=8E10 BC=0099 DE=7D2C HL=89E4 IX=5593 IY=0120
VDP_REG14 val=02 r14=2 PC=46C0 AF=8E10 BC=0099 DE=7D30 HL=8A64 IX=5593 IY=0120
VDP_REG14 val=02 r14=2 PC=46C0 AF=8E10 BC=0099 DE=7D34 HL=8AE4 IX=5593 IY=0120
VDP_REG14 val=02 r14=2 PC=46C0 AF=8E10 BC=0099 DE=7D38 HL=8B64 IX=5593 IY=0120
VDP_REG14 val=02 r14=2 PC=46C0 AF=8E10 BC=0099 DE=7D3C HL=8BE4 IX=5593 IY=0120
VDP_REG14 val=02 r14=2 PC=46C0 AF=8E10 BC=0099 DE=7D40 HL=8868 IX=5593 IY=0120
VDP_REG14 val=02 r14=2 PC=46C0 AF=8E10 BC=0099 DE=7D44 HL=88E8 IX=5593 IY=0120
VDP_REG14 val=02 r14=2 PC=46C0 AF=8E10 BC=0099 DE=7D48 HL=8968 IX=5593 IY=0120
VDP_REG14 val=02 r14=2 PC=46C0 AF=8E10 BC=0099 DE=7D4C HL=89E8 IX=5593 IY=0120
VDP_REG14 val=02 r14=2 PC=46C0 AF=8E10 BC=0099 DE=7D50 HL=8A68 IX=5593 IY=0120
VDP_REG14 val=02 r14=2 PC=46C0 AF=8E10 BC=0099 DE=7D54 HL=8AE8 IX=5593 IY=0120
VDP_REG14 val=02 r14=2 PC=46C0 AF=8E10 BC=0099 DE=7D58 HL=8B68 IX=5593 IY=0120
VDP_REG14 val=02 r14=2 PC=46C0 AF=8E10 BC=0099 DE=7D5C HL=8BE8 IX=5593 IY=0120
VDP_REG14 val=02 r14=2 PC=46C0 AF=8E10 BC=0099 DE=7D60 HL=886C IX=5593 IY=0120
VDP_REG14 val=02 r14=2 PC=46C0 AF=8E10 BC=0099 DE=7D64 HL=88EC IX=5593 IY=0120
VDP_REG14 val=02 r14=2 PC=46C0 AF=8E10 BC=0099 DE=7D68 HL=896C IX=5593 IY=0120
VDP_REG14 val=02 r14=2 PC=46C0 AF=8E10 BC=0099 DE=7D6C HL=89EC IX=5593 IY=0120
VDP_REG14 val=02 r14=2 PC=46C0 AF=8E10 BC=0099 DE=7D70 HL=8A6C IX=5593 IY=0120
VDP_REG14 val=02 r14=2 PC=46C0 AF=8E10 BC=0099 DE=7D74 HL=8AEC IX=5593 IY=0120
VDP_REG14 val=02 r14=2 PC=46C0 AF=8E10 BC=0099 DE=7D78 HL=8B6C IX=5593 IY=0120
VDP_REG14 val=02 r14=2 PC=46C0 AF=8E10 BC=0099 DE=7D7C HL=8BEC IX=5593 IY=0120
VDP_REG14 val=02 r14=2 PC=46C0 AF=8E10 BC=0099 DE=7D80 HL=8870 IX=5593 IY=0120
VDP_REG14 val=02 r14=2 PC=46C0 AF=8E10 BC=0099 DE=7D84 HL=88F0 IX=5593 IY=0120
VDP_REG14 val=02 r14=2 PC=46C0 AF=8E10 BC=0099 DE=7D88 HL=8970 IX=5593 IY=0120
VDP_REG14 val=02 r14=2 PC=46C0 AF=8E10 BC=0099 DE=7D8C HL=89F0 IX=5593 IY=0120
VDP_REG14 val=02 r14=2 PC=46C0 AF=8E10 BC=0099 DE=7D90 HL=8A70 IX=5593 IY=0120
VDP_REG14 val=02 r14=2 PC=46C0 AF=8E10 BC=0099 DE=7D94 HL=8AF0 IX=5593 IY=0120
VDP_REG14 val=02 r14=2 PC=46C0 AF=8E10 BC=0099 DE=7D98 HL=8B70 IX=5593 IY=0120
VDP_REG14 val=02 r14=2 PC=46C0 AF=8E10 BC=0099 DE=7D9C HL=8BF0 IX=5593 IY=0120
VDP_REG14 val=02 r14=2 PC=46C0 AF=8E10 BC=0099 DE=7DA0 HL=8874 IX=5593 IY=0120
VDP_REG14 val=02 r14=2 PC=46C0 AF=8E10 BC=0099 DE=7DA4 HL=88F4 IX=5593 IY=0120
VDP_REG14 val=02 r14=2 PC=46C0 AF=8E10 BC=0099 DE=7DA8 HL=8974 IX=5593 IY=0120
VDP_REG14 val=02 r14=2 PC=46C0 AF=8E10 BC=0099 DE=7DAC HL=89F4 IX=5593 IY=0120
VDP_REG14 val=02 r14=2 PC=46C0 AF=8E10 BC=0099 DE=7DB0 HL=8A74 IX=5593 IY=0120
VDP_REG14 val=02 r14=2 PC=46C0 AF=8E10 BC=0099 DE=7DB4 HL=8AF4 IX=5593 IY=0120
VDP_REG14 val=02 r14=2 PC=46C0 AF=8E10 BC=0099 DE=7DB8 HL=8B74 IX=5593 IY=0120
VDP_REG14 val=02 r14=2 PC=46C0 AF=8E10 BC=0099 DE=7DBC HL=8BF4 IX=5593 IY=0120
VDP_REG14 val=02 r14=2 PC=46C0 AF=8E10 BC=0099 DE=7DC0 HL=8878 IX=5593 IY=0120
VDP_REG14 val=02 r14=2 PC=46C0 AF=8E10 BC=0099 DE=7DC4 HL=88F8 IX=5593 IY=0120
VDP_REG14 val=02 r14=2 PC=46C0 AF=8E10 BC=0099 DE=7DC8 HL=8978 IX=5593 IY=0120
VDP_REG14 val=02 r14=2 PC=46C0 AF=8E10 BC=0099 DE=7DCC HL=89F8 IX=5593 IY=0120
VDP_REG14 val=02 r14=2 PC=46C0 AF=8E10 BC=0099 DE=7DD0 HL=8A78 IX=5593 IY=0120
VDP_REG14 val=02 r14=2 PC=46C0 AF=8E10 BC=0099 DE=7DD4 HL=8AF8 IX=5593 IY=0120
VDP_REG14 val=02 r14=2 PC=46C0 AF=8E10 BC=0099 DE=7DD8 HL=8B78 IX=5593 IY=0120
VDP_REG14 val=02 r14=2 PC=46C0 AF=8E10 BC=0099 DE=7DDC HL=8BF8 IX=5593 IY=0120
VDP_REG14 val=02 r14=2 PC=46C0 AF=8E10 BC=0099 DE=7DE0 HL=887C IX=5593 IY=0120
VDP_REG14 val=02 r14=2 PC=46C0 AF=8E10 BC=0099 DE=7DE4 HL=88FC IX=5593 IY=0120
VDP_REG14 val=02 r14=2 PC=46C0 AF=8E10 BC=0099 DE=7DE8 HL=897C IX=5593 IY=0120
VDP_REG14 val=02 r14=2 PC=46C0 AF=8E10 BC=0099 DE=7DEC HL=89FC IX=5593 IY=0120
VDP_REG14 val=02 r14=2 PC=46C0 AF=8E10 BC=0099 DE=7DF0 HL=8A7C IX=5593 IY=0120
VDP_REG14 val=02 r14=2 PC=46C0 AF=8E10 BC=0099 DE=7DF4 HL=8AFC IX=5593 IY=0120
VDP_REG14 val=02 r14=2 PC=46C0 AF=8E10 BC=0099 DE=7DF8 HL=8B7C IX=5593 IY=0120
VDP_REG14 val=02 r14=2 PC=46C0 AF=8E10 BC=0099 DE=7DFC HL=8BFC IX=5593 IY=0120
VDP_REG14 val=02 r14=2 PC=46C0 AF=8E10 BC=0099 DE=7E00 HL=8C00 IX=5593 IY=0120
VDP_REG14 val=02 r14=2 PC=46C0 AF=8E10 BC=0099 DE=7E04 HL=8C80 IX=5593 IY=0120
VDP_REG14 val=02 r14=2 PC=46C0 AF=8E10 BC=0099 DE=7E08 HL=8D00 IX=5593 IY=0120
VDP_REG14 val=02 r14=2 PC=46C0 AF=8E10 BC=0099 DE=7E0C HL=8D80 IX=5593 IY=0120
VDP_REG14 val=02 r14=2 PC=46C0 AF=8E10 BC=0099 DE=7E10 HL=8E00 IX=5593 IY=0120
VDP_REG14 val=02 r14=2 PC=46C0 AF=8E10 BC=0099 DE=7E14 HL=8E80 IX=5593 IY=0120
VDP_REG14 val=02 r14=2 PC=46C0 AF=8E10 BC=0099 DE=7E18 HL=8F00 IX=5593 IY=0120
VDP_REG14 val=02 r14=2 PC=46C0 AF=8E10 BC=0099 DE=7E1C HL=8F80 IX=5593 IY=0120
VDP_REG14 val=02 r14=2 PC=46C0 AF=8E10 BC=0099 DE=7E20 HL=8C04 IX=5593 IY=0120
VDP_REG14 val=02 r14=2 PC=46C0 AF=8E10 BC=0099 DE=7E24 HL=8C84 IX=5593 IY=0120
VDP_REG14 val=02 r14=2 PC=46C0 AF=8E10 BC=0099 DE=7E28 HL=8D04 IX=5593 IY=0120
VDP_REG14 val=02 r14=2 PC=46C0 AF=8E10 BC=0099 DE=7E2C HL=8D84 IX=5593 IY=0120
VDP_REG14 val=02 r14=2 PC=46C0 AF=8E10 BC=0099 DE=7E30 HL=8E04 IX=5593 IY=0120
VDP_REG14 val=02 r14=2 PC=46C0 AF=8E10 BC=0099 DE=7E34 HL=8E84 IX=5593 IY=0120
VDP_REG14 val=02 r14=2 PC=46C0 AF=8E10 BC=0099 DE=7E38 HL=8F04 IX=5593 IY=0120
VDP_REG14 val=02 r14=2 PC=46C0 AF=8E10 BC=0099 DE=7E3C HL=8F84 IX=5593 IY=0120
VDP_REG14 val=02 r14=2 PC=46C0 AF=8E10 BC=0099 DE=7E40 HL=8C08 IX=5593 IY=0120
VDP_REG14 val=02 r14=2 PC=46C0 AF=8E10 BC=0099 DE=7E44 HL=8C88 IX=5593 IY=0120
VDP_REG14 val=02 r14=2 PC=46C0 AF=8E10 BC=0099 DE=7E48 HL=8D08 IX=5593 IY=0120
VDP_REG14 val=02 r14=2 PC=46C0 AF=8E10 BC=0099 DE=7E4C HL=8D88 IX=5593 IY=0120
VDP_REG14 val=02 r14=2 PC=46C0 AF=8E10 BC=0099 DE=7E50 HL=8E08 IX=5593 IY=0120
VDP_REG14 val=02 r14=2 PC=46C0 AF=8E10 BC=0099 DE=7E54 HL=8E88 IX=5593 IY=0120
VDP_REG14 val=02 r14=2 PC=46C0 AF=8E10 BC=0099 DE=7E58 HL=8F08 IX=5593 IY=0120
VDP_REG14 val=02 r14=2 PC=46C0 AF=8E10 BC=0099 DE=7E5C HL=8F88 IX=5593 IY=0120
VDP_REG14 val=02 r14=2 PC=46C0 AF=8E10 BC=0099 DE=7E60 HL=8C0C IX=5593 IY=0120
VDP_REG14 val=02 r14=2 PC=46C0 AF=8E10 BC=0099 DE=7E64 HL=8C8C IX=5593 IY=0120
VDP_REG14 val=02 r14=2 PC=46C0 AF=8E10 BC=0099 DE=7E68 HL=8D0C IX=5593 IY=0120
VDP_REG14 val=02 r14=2 PC=46C0 AF=8E10 BC=0099 DE=7E6C HL=8D8C IX=5593 IY=0120
VDP_REG14 val=02 r14=2 PC=46C0 AF=8E10 BC=0099 DE=7E70 HL=8E0C IX=5593 IY=0120
VDP_REG14 val=02 r14=2 PC=46C0 AF=8E10 BC=0099 DE=7E74 HL=8E8C IX=5593 IY=0120
VDP_REG14 val=02 r14=2 PC=46C0 AF=8E10 BC=0099 DE=7E78 HL=8F0C IX=5593 IY=0120
VDP_REG14 val=02 r14=2 PC=46C0 AF=8E10 BC=0099 DE=7E7C HL=8F8C IX=5593 IY=0120
VDP_REG14 val=02 r14=2 PC=46C0 AF=8E10 BC=0099 DE=7E80 HL=8C10 IX=5593 IY=0120
VDP_REG14 val=02 r14=2 PC=46C0 AF=8E10 BC=0099 DE=7E84 HL=8C90 IX=5593 IY=0120
VDP_REG14 val=02 r14=2 PC=46C0 AF=8E10 BC=0099 DE=7E88 HL=8D10 IX=5593 IY=0120
VDP_REG14 val=02 r14=2 PC=46C0 AF=8E10 BC=0099 DE=7E8C HL=8D90 IX=5593 IY=0120
VDP_REG14 val=02 r14=2 PC=46C0 AF=8E10 BC=0099 DE=7E90 HL=8E10 IX=5593 IY=0120
VDP_REG14 val=02 r14=2 PC=46C0 AF=8E10 BC=0099 DE=7E94 HL=8E90 IX=5593 IY=0120
VDP_REG14 val=02 r14=2 PC=46C0 AF=8E10 BC=0099 DE=7E98 HL=8F10 IX=5593 IY=0120
VDP_REG14 val=02 r14=2 PC=46C0 AF=8E10 BC=0099 DE=7E9C HL=8F90 IX=5593 IY=0120
VDP_REG14 val=02 r14=2 PC=46C0 AF=8E10 BC=0099 DE=7EA0 HL=8C14 IX=5593 IY=0120
VDP_REG14 val=02 r14=2 PC=46C0 AF=8E10 BC=0099 DE=7EA4 HL=8C94 IX=5593 IY=0120
VDP_REG14 val=02 r14=2 PC=46C0 AF=8E10 BC=0099 DE=7EA8 HL=8D14 IX=5593 IY=0120
VDP_REG14 val=02 r14=2 PC=46C0 AF=8E10 BC=0099 DE=7EAC HL=8D94 IX=5593 IY=0120
VDP_REG14 val=02 r14=2 PC=46C0 AF=8E10 BC=0099 DE=7EB0 HL=8E14 IX=5593 IY=0120
VDP_REG14 val=02 r14=2 PC=46C0 AF=8E10 BC=0099 DE=7EB4 HL=8E94 IX=5593 IY=0120
VDP_REG14 val=02 r14=2 PC=46C0 AF=8E10 BC=0099 DE=7EB8 HL=8F14 IX=5593 IY=0120
VDP_REG14 val=02 r14=2 PC=46C0 AF=8E10 BC=0099 DE=7EBC HL=8F94 IX=5593 IY=0120
VDP_REG14 val=02 r14=2 PC=46C0 AF=8E10 BC=0099 DE=7EC0 HL=8C18 IX=5593 IY=0120
VDP_REG14 val=02 r14=2 PC=46C0 AF=8E10 BC=0099 DE=7EC4 HL=8C98 IX=5593 IY=0120
VDP_REG14 val=02 r14=2 PC=46C0 AF=8E10 BC=0099 DE=7EC8 HL=8D18 IX=5593 IY=0120
VDP_REG14 val=02 r14=2 PC=46C0 AF=8E10 BC=0099 DE=7ECC HL=8D98 IX=5593 IY=0120
VDP_REG14 val=02 r14=2 PC=46C0 AF=8E10 BC=0099 DE=7ED0 HL=8E18 IX=5593 IY=0120
VDP_REG14 val=02 r14=2 PC=46C0 AF=8E10 BC=0099 DE=7ED4 HL=8E98 IX=5593 IY=0120
VDP_REG14 val=02 r14=2 PC=46C0 AF=8E10 BC=0099 DE=7ED8 HL=8F18 IX=5593 IY=0120
VDP_REG14 val=02 r14=2 PC=46C0 AF=8E10 BC=0099 DE=7EDC HL=8F98 IX=5593 IY=0120
VDP_REG14 val=02 r14=2 PC=46C0 AF=8E10 BC=0099 DE=7EE0 HL=8C1C IX=5593 IY=0120
VDP_REG14 val=02 r14=2 PC=46C0 AF=8E10 BC=0099 DE=7EE4 HL=8C9C IX=5593 IY=0120
VDP_REG14 val=02 r14=2 PC=46C0 AF=8E10 BC=0099 DE=7EE8 HL=8D1C IX=5593 IY=0120
VDP_REG14 val=02 r14=2 PC=46C0 AF=8E10 BC=0099 DE=7EEC HL=8D9C IX=5593 IY=0120
VDP_REG14 val=02 r14=2 PC=46C0 AF=8E10 BC=0099 DE=7EF0 HL=8E1C IX=5593 IY=0120
VDP_REG14 val=02 r14=2 PC=46C0 AF=8E10 BC=0099 DE=7EF4 HL=8E9C IX=5593 IY=0120
VDP_REG14 val=02 r14=2 PC=46C0 AF=8E10 BC=0099 DE=7EF8 HL=8F1C IX=5593 IY=0120
VDP_REG14 val=02 r14=2 PC=46C0 AF=8E10 BC=0099 DE=7EFC HL=8F9C IX=5593 IY=0120
VDP_REG14 val=02 r14=2 PC=46C0 AF=8E10 BC=0099 DE=7F00 HL=8C20 IX=5593 IY=0120
VDP_REG14 val=02 r14=2 PC=46C0 AF=8E10 BC=0099 DE=7F04 HL=8CA0 IX=5593 IY=0120
VDP_REG14 val=02 r14=2 PC=46C0 AF=8E10 BC=0099 DE=7F08 HL=8D20 IX=5593 IY=0120
VDP_REG14 val=02 r14=2 PC=46C0 AF=8E10 BC=0099 DE=7F0C HL=8DA0 IX=5593 IY=0120
VDP_REG14 val=02 r14=2 PC=46C0 AF=8E10 BC=0099 DE=7F10 HL=8E20 IX=5593 IY=0120
VDP_REG14 val=02 r14=2 PC=46C0 AF=8E10 BC=0099 DE=7F14 HL=8EA0 IX=5593 IY=0120
VDP_REG14 val=02 r14=2 PC=46C0 AF=8E10 BC=0099 DE=7F18 HL=8F20 IX=5593 IY=0120
VDP_REG14 val=02 r14=2 PC=46C0 AF=8E10 BC=0099 DE=7F1C HL=8FA0 IX=5593 IY=0120
VDP_REG14 val=02 r14=2 PC=46C0 AF=8E10 BC=0099 DE=7F20 HL=8C24 IX=5593 IY=0120
VDP_REG14 val=02 r14=2 PC=46C0 AF=8E10 BC=0099 DE=7F24 HL=8CA4 IX=5593 IY=0120
VDP_REG14 val=02 r14=2 PC=46C0 AF=8E10 BC=0099 DE=7F28 HL=8D24 IX=5593 IY=0120
VDP_REG14 val=02 r14=2 PC=46C0 AF=8E10 BC=0099 DE=7F2C HL=8DA4 IX=5593 IY=0120
VDP_REG14 val=02 r14=2 PC=46C0 AF=8E10 BC=0099 DE=7F30 HL=8E24 IX=5593 IY=0120
VDP_REG14 val=02 r14=2 PC=46C0 AF=8E10 BC=0099 DE=7F34 HL=8EA4 IX=5593 IY=0120
VDP_REG14 val=02 r14=2 PC=46C0 AF=8E10 BC=0099 DE=7F38 HL=8F24 IX=5593 IY=0120
VDP_REG14 val=02 r14=2 PC=46C0 AF=8E10 BC=0099 DE=7F3C HL=8FA4 IX=5593 IY=0120
VDP_REG14 val=02 r14=2 PC=46C0 AF=8E10 BC=0099 DE=7F40 HL=8C28 IX=5593 IY=0120
VDP_REG14 val=02 r14=2 PC=46C0 AF=8E10 BC=0099 DE=7F44 HL=8CA8 IX=5593 IY=0120
VDP_REG14 val=02 r14=2 PC=46C0 AF=8E10 BC=0099 DE=7F48 HL=8D28 IX=5593 IY=0120
VDP_REG14 val=02 r14=2 PC=46C0 AF=8E10 BC=0099 DE=7F4C HL=8DA8 IX=5593 IY=0120
VDP_REG14 val=02 r14=2 PC=46C0 AF=8E10 BC=0099 DE=7F50 HL=8E28 IX=5593 IY=0120
VDP_REG14 val=02 r14=2 PC=46C0 AF=8E10 BC=0099 DE=7F54 HL=8EA8 IX=5593 IY=0120
VDP_REG14 val=02 r14=2 PC=46C0 AF=8E10 BC=0099 DE=7F58 HL=8F28 IX=5593 IY=0120
VDP_REG14 val=02 r14=2 PC=46C0 AF=8E10 BC=0099 DE=7F5C HL=8FA8 IX=5593 IY=0120
VDP_REG14 val=02 r14=2 PC=46C0 AF=8E10 BC=0099 DE=7F60 HL=8C2C IX=5593 IY=0120
VDP_REG14 val=02 r14=2 PC=46C0 AF=8E10 BC=0099 DE=7F64 HL=8CAC IX=5593 IY=0120
VDP_REG14 val=02 r14=2 PC=46C0 AF=8E10 BC=0099 DE=7F68 HL=8D2C IX=5593 IY=0120
VDP_REG14 val=02 r14=2 PC=46C0 AF=8E10 BC=0099 DE=7F6C HL=8DAC IX=5593 IY=0120
VDP_REG14 val=02 r14=2 PC=46C0 AF=8E10 BC=0099 DE=7F70 HL=8E2C IX=5593 IY=0120
VDP_REG14 val=02 r14=2 PC=46C0 AF=8E10 BC=0099 DE=7F74 HL=8EAC IX=5593 IY=0120
VDP_REG14 val=02 r14=2 PC=46C0 AF=8E10 BC=0099 DE=7F78 HL=8F2C IX=5593 IY=0120
VDP_REG14 val=02 r14=2 PC=46C0 AF=8E10 BC=0099 DE=7F7C HL=8FAC IX=5593 IY=0120
VDP_REG14 val=02 r14=2 PC=46C0 AF=8E10 BC=0099 DE=7F80 HL=8C30 IX=5593 IY=0120
VDP_REG14 val=02 r14=2 PC=46C0 AF=8E10 BC=0099 DE=7F84 HL=8CB0 IX=5593 IY=0120
VDP_REG14 val=02 r14=2 PC=46C0 AF=8E10 BC=0099 DE=7F88 HL=8D30 IX=5593 IY=0120
VDP_REG14 val=02 r14=2 PC=46C0 AF=8E10 BC=0099 DE=7F8C HL=8DB0 IX=5593 IY=0120
VDP_REG14 val=02 r14=2 PC=46C0 AF=8E10 BC=0099 DE=7F90 HL=8E30 IX=5593 IY=0120
VDP_REG14 val=02 r14=2 PC=46C0 AF=8E10 BC=0099 DE=7F94 HL=8EB0 IX=5593 IY=0120
VDP_REG14 val=02 r14=2 PC=46C0 AF=8E10 BC=0099 DE=7F98 HL=8F30 IX=5593 IY=0120
VDP_REG14 val=02 r14=2 PC=46C0 AF=8E10 BC=0099 DE=7F9C HL=8FB0 IX=5593 IY=0120
VDP_REG14 val=02 r14=2 PC=46C0 AF=8E10 BC=0099 DE=7FA0 HL=8C34 IX=5593 IY=0120
VDP_REG14 val=02 r14=2 PC=46C0 AF=8E10 BC=0099 DE=7FA4 HL=8CB4 IX=5593 IY=0120
VDP_REG14 val=02 r14=2 PC=46C0 AF=8E10 BC=0099 DE=7FA8 HL=8D34 IX=5593 IY=0120
VDP_REG14 val=02 r14=2 PC=46C0 AF=8E10 BC=0099 DE=7FAC HL=8DB4 IX=5593 IY=0120
VDP_REG14 val=02 r14=2 PC=46C0 AF=8E10 BC=0099 DE=7FB0 HL=8E34 IX=5593 IY=0120
VDP_REG14 val=02 r14=2 PC=46C0 AF=8E10 BC=0099 DE=7FB4 HL=8EB4 IX=5593 IY=0120
VDP_REG14 val=02 r14=2 PC=46C0 AF=8E10 BC=0099 DE=7FB8 HL=8F34 IX=5593 IY=0120
VDP_REG14 val=02 r14=2 PC=46C0 AF=8E10 BC=0099 DE=7FBC HL=8FB4 IX=5593 IY=0120
VDP_REG14 val=02 r14=2 PC=46C0 AF=8E10 BC=0099 DE=7FC0 HL=8C38 IX=5593 IY=0120
VDP_REG14 val=02 r14=2 PC=46C0 AF=8E10 BC=0099 DE=7FC4 HL=8CB8 IX=5593 IY=0120
VDP_REG14 val=02 r14=2 PC=46C0 AF=8E10 BC=0099 DE=7FC8 HL=8D38 IX=5593 IY=0120
VDP_REG14 val=02 r14=2 PC=46C0 AF=8E10 BC=0099 DE=7FCC HL=8DB8 IX=5593 IY=0120
VDP_REG14 val=02 r14=2 PC=46C0 AF=8E10 BC=0099 DE=7FD0 HL=8E38 IX=5593 IY=0120
VDP_REG14 val=02 r14=2 PC=46C0 AF=8E10 BC=0099 DE=7FD4 HL=8EB8 IX=5593 IY=0120
VDP_REG14 val=02 r14=2 PC=46C0 AF=8E10 BC=0099 DE=7FD8 HL=8F38 IX=5593 IY=0120
VDP_REG14 val=02 r14=2 PC=46C0 AF=8E10 BC=0099 DE=7FDC HL=8FB8 IX=5593 IY=0120
VDP_REG14 val=02 r14=2 PC=46C0 AF=8E10 BC=0099 DE=7FE0 HL=8C3C IX=5593 IY=0120
VDP_REG14 val=02 r14=2 PC=46C0 AF=8E10 BC=0099 DE=7FE4 HL=8CBC IX=5593 IY=0120
VDP_REG14 val=02 r14=2 PC=46C0 AF=8E10 BC=0099 DE=7FE8 HL=8D3C IX=5593 IY=0120
VDP_REG14 val=02 r14=2 PC=46C0 AF=8E10 BC=0099 DE=7FEC HL=8DBC IX=5593 IY=0120
VDP_REG14 val=02 r14=2 PC=46C0 AF=8E10 BC=0099 DE=7FF0 HL=8E3C IX=5593 IY=0120
VDP_REG14 val=02 r14=2 PC=46C0 AF=8E10 BC=0099 DE=7FF4 HL=8EBC IX=5593 IY=0120
VDP_REG14 val=02 r14=2 PC=46C0 AF=8E10 BC=0099 DE=7FF8 HL=8F3C IX=5593 IY=0120
VDP_REG14 val=02 r14=2 PC=46C0 AF=8E10 BC=0099 DE=7FFC HL=8FBC IX=5593 IY=0120
VDP_REG14 val=02 r14=2 PC=46C0 AF=8E10 BC=0099 DE=8000 HL=8C40 IX=5593 IY=0120
VDP_REG14 val=02 r14=2 PC=46C0 AF=8E10 BC=0099 DE=8004 HL=8CC0 IX=5593 IY=0120
VDP_REG14 val=02 r14=2 PC=46C0 AF=8E10 BC=0099 DE=8008 HL=8D40 IX=5593 IY=0120
VDP_REG14 val=02 r14=2 PC=46C0 AF=8E10 BC=0099 DE=800C HL=8DC0 IX=5593 IY=0120
VDP_REG14 val=02 r14=2 PC=46C0 AF=8E10 BC=0099 DE=8010 HL=8E40 IX=5593 IY=0120
VDP_REG14 val=02 r14=2 PC=46C0 AF=8E10 BC=0099 DE=8014 HL=8EC0 IX=5593 IY=0120
VDP_REG14 val=02 r14=2 PC=46C0 AF=8E10 BC=0099 DE=8018 HL=8F40 IX=5593 IY=0120
VDP_REG14 val=02 r14=2 PC=46C0 AF=8E10 BC=0099 DE=801C HL=8FC0 IX=5593 IY=0120
VDP_REG14 val=02 r14=2 PC=46C0 AF=8E10 BC=0099 DE=8020 HL=8C44 IX=5593 IY=0120
VDP_REG14 val=02 r14=2 PC=46C0 AF=8E10 BC=0099 DE=8024 HL=8CC4 IX=5593 IY=0120
VDP_REG14 val=02 r14=2 PC=46C0 AF=8E10 BC=0099 DE=8028 HL=8D44 IX=5593 IY=0120
VDP_REG14 val=02 r14=2 PC=46C0 AF=8E10 BC=0099 DE=802C HL=8DC4 IX=5593 IY=0120
VDP_REG14 val=02 r14=2 PC=46C0 AF=8E10 BC=0099 DE=8030 HL=8E44 IX=5593 IY=0120
VDP_REG14 val=02 r14=2 PC=46C0 AF=8E10 BC=0099 DE=8034 HL=8EC4 IX=5593 IY=0120
VDP_REG14 val=02 r14=2 PC=46C0 AF=8E10 BC=0099 DE=8038 HL=8F44 IX=5593 IY=0120
VDP_REG14 val=02 r14=2 PC=46C0 AF=8E10 BC=0099 DE=803C HL=8FC4 IX=5593 IY=0120
VDP_REG14 val=02 r14=2 PC=46C0 AF=8E10 BC=0099 DE=8040 HL=8C48 IX=5593 IY=0120
VDP_REG14 val=02 r14=2 PC=46C0 AF=8E10 BC=0099 DE=8044 HL=8CC8 IX=5593 IY=0120
VDP_REG14 val=02 r14=2 PC=46C0 AF=8E10 BC=0099 DE=8048 HL=8D48 IX=5593 IY=0120
VDP_REG14 val=02 r14=2 PC=46C0 AF=8E10 BC=0099 DE=804C HL=8DC8 IX=5593 IY=0120
VDP_REG14 val=02 r14=2 PC=46C0 AF=8E10 BC=0099 DE=8050 HL=8E48 IX=5593 IY=0120
VDP_REG14 val=02 r14=2 PC=46C0 AF=8E10 BC=0099 DE=8054 HL=8EC8 IX=5593 IY=0120
VDP_REG14 val=02 r14=2 PC=46C0 AF=8E10 BC=0099 DE=8058 HL=8F48 IX=5593 IY=0120
VDP_REG14 val=02 r14=2 PC=46C0 AF=8E10 BC=0099 DE=805C HL=8FC8 IX=5593 IY=0120
VDP_REG14 val=02 r14=2 PC=46C0 AF=8E10 BC=0099 DE=8060 HL=8C4C IX=5593 IY=0120
VDP_REG14 val=02 r14=2 PC=46C0 AF=8E10 BC=0099 DE=8064 HL=8CCC IX=5593 IY=0120
VDP_REG14 val=02 r14=2 PC=46C0 AF=8E10 BC=0099 DE=8068 HL=8D4C IX=5593 IY=0120
VDP_REG14 val=02 r14=2 PC=46C0 AF=8E10 BC=0099 DE=806C HL=8DCC IX=5593 IY=0120
VDP_REG14 val=02 r14=2 PC=46C0 AF=8E10 BC=0099 DE=8070 HL=8E4C IX=5593 IY=0120
VDP_REG14 val=02 r14=2 PC=46C0 AF=8E10 BC=0099 DE=8074 HL=8ECC IX=5593 IY=0120
VDP_REG14 val=02 r14=2 PC=46C0 AF=8E10 BC=0099 DE=8078 HL=8F4C IX=5593 IY=0120
VDP_REG14 val=02 r14=2 PC=46C0 AF=8E10 BC=0099 DE=807C HL=8FCC IX=5593 IY=0120
VDP_REG14 val=02 r14=2 PC=46C0 AF=8E10 BC=0099 DE=8080 HL=8C50 IX=5593 IY=0120
VDP_REG14 val=02 r14=2 PC=46C0 AF=8E10 BC=0099 DE=8084 HL=8CD0 IX=5593 IY=0120
VDP_REG14 val=02 r14=2 PC=46C0 AF=8E10 BC=0099 DE=8088 HL=8D50 IX=5593 IY=0120
VDP_REG14 val=02 r14=2 PC=46C0 AF=8E10 BC=0099 DE=808C HL=8DD0 IX=5593 IY=0120
VDP_REG14 val=02 r14=2 PC=46C0 AF=8E10 BC=0099 DE=8090 HL=8E50 IX=5593 IY=0120
VDP_REG14 val=02 r14=2 PC=46C0 AF=8E10 BC=0099 DE=8094 HL=8ED0 IX=5593 IY=0120
VDP_REG14 val=02 r14=2 PC=46C0 AF=8E10 BC=0099 DE=8098 HL=8F50 IX=5593 IY=0120
VDP_REG14 val=02 r14=2 PC=46C0 AF=8E10 BC=0099 DE=809C HL=8FD0 IX=5593 IY=0120
VDP_REG14 val=02 r14=2 PC=46C0 AF=8E10 BC=0099 DE=80A0 HL=8C54 IX=5593 IY=0120
VDP_REG14 val=02 r14=2 PC=46C0 AF=8E10 BC=0099 DE=80A4 HL=8CD4 IX=5593 IY=0120
VDP_REG14 val=02 r14=2 PC=46C0 AF=8E10 BC=0099 DE=80A8 HL=8D54 IX=5593 IY=0120
VDP_REG14 val=02 r14=2 PC=46C0 AF=8E10 BC=0099 DE=80AC HL=8DD4 IX=5593 IY=0120
VDP_REG14 val=02 r14=2 PC=46C0 AF=8E10 BC=0099 DE=80B0 HL=8E54 IX=5593 IY=0120
VDP_REG14 val=02 r14=2 PC=46C0 AF=8E10 BC=0099 DE=80B4 HL=8ED4 IX=5593 IY=0120
VDP_REG14 val=02 r14=2 PC=46C0 AF=8E10 BC=0099 DE=80B8 HL=8F54 IX=5593 IY=0120
VDP_REG14 val=02 r14=2 PC=46C0 AF=8E10 BC=0099 DE=80BC HL=8FD4 IX=5593 IY=0120
VDP_REG14 val=02 r14=2 PC=46C0 AF=8E10 BC=0099 DE=80C0 HL=8C58 IX=5593 IY=0120
VDP_REG14 val=02 r14=2 PC=46C0 AF=8E10 BC=0099 DE=80C4 HL=8CD8 IX=5593 IY=0120
VDP_REG14 val=02 r14=2 PC=46C0 AF=8E10 BC=0099 DE=80C8 HL=8D58 IX=5593 IY=0120
VDP_REG14 val=02 r14=2 PC=46C0 AF=8E10 BC=0099 DE=80CC HL=8DD8 IX=5593 IY=0120
VDP_REG14 val=02 r14=2 PC=46C0 AF=8E10 BC=0099 DE=80D0 HL=8E58 IX=5593 IY=0120
VDP_REG14 val=02 r14=2 PC=46C0 AF=8E10 BC=0099 DE=80D4 HL=8ED8 IX=5593 IY=0120
VDP_REG14 val=02 r14=2 PC=46C0 AF=8E10 BC=0099 DE=80D8 HL=8F58 IX=5593 IY=0120
VDP_REG14 val=02 r14=2 PC=46C0 AF=8E10 BC=0099 DE=80DC HL=8FD8 IX=5593 IY=0120
VDP_REG14 val=02 r14=2 PC=46C0 AF=8E10 BC=0099 DE=80E0 HL=8C5C IX=5593 IY=0120
VDP_REG14 val=02 r14=2 PC=46C0 AF=8E10 BC=0099 DE=80E4 HL=8CDC IX=5593 IY=0120
VDP_REG14 val=02 r14=2 PC=46C0 AF=8E10 BC=0099 DE=80E8 HL=8D5C IX=5593 IY=0120
VDP_REG14 val=02 r14=2 PC=46C0 AF=8E10 BC=0099 DE=80EC HL=8DDC IX=5593 IY=0120
VDP_REG14 val=02 r14=2 PC=46C0 AF=8E10 BC=0099 DE=80F0 HL=8E5C IX=5593 IY=0120
VDP_REG14 val=02 r14=2 PC=46C0 AF=8E10 BC=0099 DE=80F4 HL=8EDC IX=5593 IY=0120
VDP_REG14 val=02 r14=2 PC=46C0 AF=8E10 BC=0099 DE=80F8 HL=8F5C IX=5593 IY=0120
VDP_REG14 val=02 r14=2 PC=46C0 AF=8E10 BC=0099 DE=80FC HL=8FDC IX=5593 IY=0120
VDP_REG14 val=02 r14=2 PC=46C0 AF=8E10 BC=0099 DE=8100 HL=8C60 IX=5593 IY=0120
VDP_REG14 val=02 r14=2 PC=46C0 AF=8E10 BC=0099 DE=8104 HL=8CE0 IX=5593 IY=0120
VDP_REG14 val=02 r14=2 PC=46C0 AF=8E10 BC=0099 DE=8108 HL=8D60 IX=5593 IY=0120
VDP_REG14 val=02 r14=2 PC=46C0 AF=8E10 BC=0099 DE=810C HL=8DE0 IX=5593 IY=0120
VDP_REG14 val=02 r14=2 PC=46C0 AF=8E10 BC=0099 DE=8110 HL=8E60 IX=5593 IY=0120
VDP_REG14 val=02 r14=2 PC=46C0 AF=8E10 BC=0099 DE=8114 HL=8EE0 IX=5593 IY=0120
VDP_REG14 val=02 r14=2 PC=46C0 AF=8E10 BC=0099 DE=8118 HL=8F60 IX=5593 IY=0120
VDP_REG14 val=02 r14=2 PC=46C0 AF=8E10 BC=0099 DE=811C HL=8FE0 IX=5593 IY=0120
VDP_REG14 val=02 r14=2 PC=46C0 AF=8E10 BC=0099 DE=8120 HL=8C64 IX=5593 IY=0120
VDP_REG14 val=02 r14=2 PC=46C0 AF=8E10 BC=0099 DE=8124 HL=8CE4 IX=5593 IY=0120
VDP_REG14 val=02 r14=2 PC=46C0 AF=8E10 BC=0099 DE=8128 HL=8D64 IX=5593 IY=0120
VDP_REG14 val=02 r14=2 PC=46C0 AF=8E10 BC=0099 DE=812C HL=8DE4 IX=5593 IY=0120
VDP_REG14 val=02 r14=2 PC=46C0 AF=8E10 BC=0099 DE=8130 HL=8E64 IX=5593 IY=0120
VDP_REG14 val=02 r14=2 PC=46C0 AF=8E10 BC=0099 DE=8134 HL=8EE4 IX=5593 IY=0120
VDP_REG14 val=02 r14=2 PC=46C0 AF=8E10 BC=0099 DE=8138 HL=8F64 IX=5593 IY=0120
VDP_REG14 val=02 r14=2 PC=46C0 AF=8E10 BC=0099 DE=813C HL=8FE4 IX=5593 IY=0120
VDP_REG14 val=02 r14=2 PC=46C0 AF=8E10 BC=0099 DE=8140 HL=8C68 IX=5593 IY=0120
VDP_REG14 val=02 r14=2 PC=46C0 AF=8E10 BC=0099 DE=8144 HL=8CE8 IX=5593 IY=0120
VDP_REG14 val=02 r14=2 PC=46C0 AF=8E10 BC=0099 DE=8148 HL=8D68 IX=5593 IY=0120
VDP_REG14 val=02 r14=2 PC=46C0 AF=8E10 BC=0099 DE=814C HL=8DE8 IX=5593 IY=0120
VDP_REG14 val=02 r14=2 PC=46C0 AF=8E10 BC=0099 DE=8150 HL=8E68 IX=5593 IY=0120
VDP_REG14 val=02 r14=2 PC=46C0 AF=8E10 BC=0099 DE=8154 HL=8EE8 IX=5593 IY=0120
VDP_REG14 val=02 r14=2 PC=46C0 AF=8E10 BC=0099 DE=8158 HL=8F68 IX=5593 IY=0120
VDP_REG14 val=02 r14=2 PC=46C0 AF=8E10 BC=0099 DE=815C HL=8FE8 IX=5593 IY=0120
VDP_REG14 val=02 r14=2 PC=46C0 AF=8E10 BC=0099 DE=8160 HL=8C6C IX=5593 IY=0120
VDP_REG14 val=02 r14=2 PC=46C0 AF=8E10 BC=0099 DE=8164 HL=8CEC IX=5593 IY=0120
VDP_REG14 val=02 r14=2 PC=46C0 AF=8E10 BC=0099 DE=8168 HL=8D6C IX=5593 IY=0120
VDP_REG14 val=02 r14=2 PC=46C0 AF=8E10 BC=0099 DE=816C HL=8DEC IX=5593 IY=0120
VDP_REG14 val=02 r14=2 PC=46C0 AF=8E10 BC=0099 DE=8170 HL=8E6C IX=5593 IY=0120
VDP_REG14 val=02 r14=2 PC=46C0 AF=8E10 BC=0099 DE=8174 HL=8EEC IX=5593 IY=0120
VDP_REG14 val=02 r14=2 PC=46C0 AF=8E10 BC=0099 DE=8178 HL=8F6C IX=5593 IY=0120
VDP_REG14 val=02 r14=2 PC=46C0 AF=8E10 BC=0099 DE=817C HL=8FEC IX=5593 IY=0120
VDP_REG14 val=02 r14=2 PC=46C0 AF=8E10 BC=0099 DE=8180 HL=8C70 IX=5593 IY=0120
VDP_REG14 val=02 r14=2 PC=46C0 AF=8E10 BC=0099 DE=8184 HL=8CF0 IX=5593 IY=0120
VDP_REG14 val=02 r14=2 PC=46C0 AF=8E10 BC=0099 DE=8188 HL=8D70 IX=5593 IY=0120
VDP_REG14 val=02 r14=2 PC=46C0 AF=8E10 BC=0099 DE=818C HL=8DF0 IX=5593 IY=0120
VDP_REG14 val=02 r14=2 PC=46C0 AF=8E10 BC=0099 DE=8190 HL=8E70 IX=5593 IY=0120
VDP_REG14 val=02 r14=2 PC=46C0 AF=8E10 BC=0099 DE=8194 HL=8EF0 IX=5593 IY=0120
VDP_REG14 val=02 r14=2 PC=46C0 AF=8E10 BC=0099 DE=8198 HL=8F70 IX=5593 IY=0120
VDP_REG14 val=02 r14=2 PC=46C0 AF=8E10 BC=0099 DE=819C HL=8FF0 IX=5593 IY=0120
VDP_REG14 val=02 r14=2 PC=46C0 AF=8E10 BC=0099 DE=81A0 HL=8C74 IX=5593 IY=0120
VDP_REG14 val=02 r14=2 PC=46C0 AF=8E10 BC=0099 DE=81A4 HL=8CF4 IX=5593 IY=0120
VDP_REG14 val=02 r14=2 PC=46C0 AF=8E10 BC=0099 DE=81A8 HL=8D74 IX=5593 IY=0120
VDP_REG14 val=02 r14=2 PC=46C0 AF=8E10 BC=0099 DE=81AC HL=8DF4 IX=5593 IY=0120
VDP_REG14 val=02 r14=2 PC=46C0 AF=8E10 BC=0099 DE=81B0 HL=8E74 IX=5593 IY=0120
VDP_REG14 val=02 r14=2 PC=46C0 AF=8E10 BC=0099 DE=81B4 HL=8EF4 IX=5593 IY=0120
VDP_REG14 val=02 r14=2 PC=46C0 AF=8E10 BC=0099 DE=81B8 HL=8F74 IX=5593 IY=0120
VDP_REG14 val=02 r14=2 PC=46C0 AF=8E10 BC=0099 DE=81BC HL=8FF4 IX=5593 IY=0120
VDP_REG14 val=02 r14=2 PC=46C0 AF=8E10 BC=0099 DE=81C0 HL=8C78 IX=5593 IY=0120
VDP_REG14 val=02 r14=2 PC=46C0 AF=8E10 BC=0099 DE=81C4 HL=8CF8 IX=5593 IY=0120
VDP_REG14 val=02 r14=2 PC=46C0 AF=8E10 BC=0099 DE=81C8 HL=8D78 IX=5593 IY=0120
VDP_REG14 val=02 r14=2 PC=46C0 AF=8E10 BC=0099 DE=81CC HL=8DF8 IX=5593 IY=0120
VDP_REG14 val=02 r14=2 PC=46C0 AF=8E10 BC=0099 DE=81D0 HL=8E78 IX=5593 IY=0120
VDP_REG14 val=02 r14=2 PC=46C0 AF=8E10 BC=0099 DE=81D4 HL=8EF8 IX=5593 IY=0120
VDP_REG14 val=02 r14=2 PC=46C0 AF=8E10 BC=0099 DE=81D8 HL=8F78 IX=5593 IY=0120
VDP_REG14 val=02 r14=2 PC=46C0 AF=8E10 BC=0099 DE=81DC HL=8FF8 IX=5593 IY=0120
VDP_REG14 val=02 r14=2 PC=46C0 AF=8E10 BC=0099 DE=81E0 HL=8C7C IX=5593 IY=0120
VDP_REG14 val=02 r14=2 PC=46C0 AF=8E10 BC=0099 DE=81E4 HL=8CFC IX=5593 IY=0120
VDP_REG14 val=02 r14=2 PC=46C0 AF=8E10 BC=0099 DE=81E8 HL=8D7C IX=5593 IY=0120
VDP_REG14 val=02 r14=2 PC=46C0 AF=8E10 BC=0099 DE=81EC HL=8DFC IX=5593 IY=0120
VDP_REG14 val=02 r14=2 PC=46C0 AF=8E10 BC=0099 DE=81F0 HL=8E7C IX=5593 IY=0120
VDP_REG14 val=02 r14=2 PC=46C0 AF=8E10 BC=0099 DE=81F4 HL=8EFC IX=5593 IY=0120
VDP_REG14 val=02 r14=2 PC=46C0 AF=8E10 BC=0099 DE=81F8 HL=8F7C IX=5593 IY=0120
VDP_REG14 val=02 r14=2 PC=46C0 AF=8E10 BC=0099 DE=81FC HL=8FFC IX=5593 IY=0120
VDP_REG14 val=02 r14=2 PC=46C0 AF=8E10 BC=0099 DE=8200 HL=9000 IX=5593 IY=0120
VDP_REG14 val=02 r14=2 PC=46C0 AF=8E10 BC=0099 DE=8204 HL=9080 IX=5593 IY=0120
VDP_REG14 val=02 r14=2 PC=46C0 AF=8E10 BC=0099 DE=8208 HL=9100 IX=5593 IY=0120
VDP_REG14 val=02 r14=2 PC=46C0 AF=8E10 BC=0099 DE=820C HL=9180 IX=5593 IY=0120
VDP_REG14 val=02 r14=2 PC=46C0 AF=8E10 BC=0099 DE=8210 HL=9200 IX=5593 IY=0120
VDP_REG14 val=02 r14=2 PC=46C0 AF=8E10 BC=0099 DE=8214 HL=9280 IX=5593 IY=0120
VDP_REG14 val=02 r14=2 PC=46C0 AF=8E10 BC=0099 DE=8218 HL=9300 IX=5593 IY=0120
VDP_REG14 val=02 r14=2 PC=46C0 AF=8E10 BC=0099 DE=821C HL=9380 IX=5593 IY=0120
VDP_REG14 val=02 r14=2 PC=46C0 AF=8E10 BC=0099 DE=8220 HL=9004 IX=5593 IY=0120
VDP_REG14 val=02 r14=2 PC=46C0 AF=8E10 BC=0099 DE=8224 HL=9084 IX=5593 IY=0120
VDP_REG14 val=02 r14=2 PC=46C0 AF=8E10 BC=0099 DE=8228 HL=9104 IX=5593 IY=0120
VDP_REG14 val=02 r14=2 PC=46C0 AF=8E10 BC=0099 DE=822C HL=9184 IX=5593 IY=0120
VDP_REG14 val=02 r14=2 PC=46C0 AF=8E10 BC=0099 DE=8230 HL=9204 IX=5593 IY=0120
VDP_REG14 val=02 r14=2 PC=46C0 AF=8E10 BC=0099 DE=8234 HL=9284 IX=5593 IY=0120
VDP_REG14 val=02 r14=2 PC=46C0 AF=8E10 BC=0099 DE=8238 HL=9304 IX=5593 IY=0120
VDP_REG14 val=02 r14=2 PC=46C0 AF=8E10 BC=0099 DE=823C HL=9384 IX=5593 IY=0120
VDP_REG14 val=02 r14=2 PC=46C0 AF=8E10 BC=0099 DE=8240 HL=9008 IX=5593 IY=0120
VDP_REG14 val=02 r14=2 PC=46C0 AF=8E10 BC=0099 DE=8244 HL=9088 IX=5593 IY=0120
VDP_REG14 val=02 r14=2 PC=46C0 AF=8E10 BC=0099 DE=8248 HL=9108 IX=5593 IY=0120
VDP_REG14 val=02 r14=2 PC=46C0 AF=8E10 BC=0099 DE=824C HL=9188 IX=5593 IY=0120
VDP_REG14 val=02 r14=2 PC=46C0 AF=8E10 BC=0099 DE=8250 HL=9208 IX=5593 IY=0120
VDP_REG14 val=02 r14=2 PC=46C0 AF=8E10 BC=0099 DE=8254 HL=9288 IX=5593 IY=0120
VDP_REG14 val=02 r14=2 PC=46C0 AF=8E10 BC=0099 DE=8258 HL=9308 IX=5593 IY=0120
VDP_REG14 val=02 r14=2 PC=46C0 AF=8E10 BC=0099 DE=825C HL=9388 IX=5593 IY=0120
VDP_REG14 val=02 r14=2 PC=46C0 AF=8E10 BC=0099 DE=8260 HL=900C IX=5593 IY=0120
VDP_REG14 val=02 r14=2 PC=46C0 AF=8E10 BC=0099 DE=8264 HL=908C IX=5593 IY=0120
VDP_REG14 val=02 r14=2 PC=46C0 AF=8E10 BC=0099 DE=8268 HL=910C IX=5593 IY=0120
VDP_REG14 val=02 r14=2 PC=46C0 AF=8E10 BC=0099 DE=826C HL=918C IX=5593 IY=0120
VDP_REG14 val=02 r14=2 PC=46C0 AF=8E10 BC=0099 DE=8270 HL=920C IX=5593 IY=0120
VDP_REG14 val=02 r14=2 PC=46C0 AF=8E10 BC=0099 DE=8274 HL=928C IX=5593 IY=0120
VDP_REG14 val=02 r14=2 PC=46C0 AF=8E10 BC=0099 DE=8278 HL=930C IX=5593 IY=0120
VDP_REG14 val=02 r14=2 PC=46C0 AF=8E10 BC=0099 DE=827C HL=938C IX=5593 IY=0120
VDP_REG14 val=02 r14=2 PC=46C0 AF=8E10 BC=0099 DE=8280 HL=9010 IX=5593 IY=0120
VDP_REG14 val=02 r14=2 PC=46C0 AF=8E10 BC=0099 DE=8284 HL=9090 IX=5593 IY=0120
VDP_REG14 val=02 r14=2 PC=46C0 AF=8E10 BC=0099 DE=8288 HL=9110 IX=5593 IY=0120
VDP_REG14 val=02 r14=2 PC=46C0 AF=8E10 BC=0099 DE=828C HL=9190 IX=5593 IY=0120
VDP_REG14 val=02 r14=2 PC=46C0 AF=8E10 BC=0099 DE=8290 HL=9210 IX=5593 IY=0120
VDP_REG14 val=02 r14=2 PC=46C0 AF=8E10 BC=0099 DE=8294 HL=9290 IX=5593 IY=0120
VDP_REG14 val=02 r14=2 PC=46C0 AF=8E10 BC=0099 DE=8298 HL=9310 IX=5593 IY=0120
VDP_REG14 val=02 r14=2 PC=46C0 AF=8E10 BC=0099 DE=829C HL=9390 IX=5593 IY=0120
VDP_REG14 val=02 r14=2 PC=46C0 AF=8E10 BC=0099 DE=82A0 HL=9014 IX=5593 IY=0120
VDP_REG14 val=02 r14=2 PC=46C0 AF=8E10 BC=0099 DE=82A4 HL=9094 IX=5593 IY=0120
VDP_REG14 val=02 r14=2 PC=46C0 AF=8E10 BC=0099 DE=82A8 HL=9114 IX=5593 IY=0120
VDP_REG14 val=02 r14=2 PC=46C0 AF=8E10 BC=0099 DE=82AC HL=9194 IX=5593 IY=0120
VDP_REG14 val=02 r14=2 PC=46C0 AF=8E10 BC=0099 DE=82B0 HL=9214 IX=5593 IY=0120
VDP_REG14 val=02 r14=2 PC=46C0 AF=8E10 BC=0099 DE=82B4 HL=9294 IX=5593 IY=0120
VDP_REG14 val=02 r14=2 PC=46C0 AF=8E10 BC=0099 DE=82B8 HL=9314 IX=5593 IY=0120
VDP_REG14 val=02 r14=2 PC=46C0 AF=8E10 BC=0099 DE=82BC HL=9394 IX=5593 IY=0120
VDP_REG14 val=02 r14=2 PC=46C0 AF=8E10 BC=0099 DE=82C0 HL=9018 IX=5593 IY=0120
VDP_REG14 val=02 r14=2 PC=46C0 AF=8E10 BC=0099 DE=82C4 HL=9098 IX=5593 IY=0120
VDP_REG14 val=02 r14=2 PC=46C0 AF=8E10 BC=0099 DE=82C8 HL=9118 IX=5593 IY=0120
VDP_REG14 val=02 r14=2 PC=46C0 AF=8E10 BC=0099 DE=82CC HL=9198 IX=5593 IY=0120
VDP_REG14 val=02 r14=2 PC=46C0 AF=8E10 BC=0099 DE=82D0 HL=9218 IX=5593 IY=0120
VDP_REG14 val=02 r14=2 PC=46C0 AF=8E10 BC=0099 DE=82D4 HL=9298 IX=5593 IY=0120
VDP_REG14 val=02 r14=2 PC=46C0 AF=8E10 BC=0099 DE=82D8 HL=9318 IX=5593 IY=0120
VDP_REG14 val=02 r14=2 PC=46C0 AF=8E10 BC=0099 DE=82DC HL=9398 IX=5593 IY=0120
VDP_REG14 val=02 r14=2 PC=46C0 AF=8E10 BC=0099 DE=82E0 HL=901C IX=5593 IY=0120
VDP_REG14 val=02 r14=2 PC=46C0 AF=8E10 BC=0099 DE=82E4 HL=909C IX=5593 IY=0120
VDP_REG14 val=02 r14=2 PC=46C0 AF=8E10 BC=0099 DE=82E8 HL=911C IX=5593 IY=0120
VDP_REG14 val=02 r14=2 PC=46C0 AF=8E10 BC=0099 DE=82EC HL=919C IX=5593 IY=0120
VDP_REG14 val=02 r14=2 PC=46C0 AF=8E10 BC=0099 DE=82F0 HL=921C IX=5593 IY=0120
VDP_REG14 val=02 r14=2 PC=46C0 AF=8E10 BC=0099 DE=82F4 HL=929C IX=5593 IY=0120
VDP_REG14 val=02 r14=2 PC=46C0 AF=8E10 BC=0099 DE=82F8 HL=931C IX=5593 IY=0120
VDP_REG14 val=02 r14=2 PC=46C0 AF=8E10 BC=0099 DE=82FC HL=939C IX=5593 IY=0120
VDP_REG14 val=02 r14=2 PC=46C0 AF=8E10 BC=0099 DE=8300 HL=9020 IX=5593 IY=0120
VDP_REG14 val=02 r14=2 PC=46C0 AF=8E10 BC=0099 DE=8304 HL=90A0 IX=5593 IY=0120
VDP_REG14 val=02 r14=2 PC=46C0 AF=8E10 BC=0099 DE=8308 HL=9120 IX=5593 IY=0120
VDP_REG14 val=02 r14=2 PC=46C0 AF=8E10 BC=0099 DE=830C HL=91A0 IX=5593 IY=0120
VDP_REG14 val=02 r14=2 PC=46C0 AF=8E10 BC=0099 DE=8310 HL=9220 IX=5593 IY=0120
VDP_REG14 val=02 r14=2 PC=46C0 AF=8E10 BC=0099 DE=8314 HL=92A0 IX=5593 IY=0120
VDP_REG14 val=02 r14=2 PC=46C0 AF=8E10 BC=0099 DE=8318 HL=9320 IX=5593 IY=0120
VDP_REG14 val=02 r14=2 PC=46C0 AF=8E10 BC=0099 DE=831C HL=93A0 IX=5593 IY=0120
VDP_REG14 val=02 r14=2 PC=46C0 AF=8E10 BC=0099 DE=8320 HL=9024 IX=5593 IY=0120
VDP_REG14 val=02 r14=2 PC=46C0 AF=8E10 BC=0099 DE=8324 HL=90A4 IX=5593 IY=0120
VDP_REG14 val=02 r14=2 PC=46C0 AF=8E10 BC=0099 DE=8328 HL=9124 IX=5593 IY=0120
VDP_REG14 val=02 r14=2 PC=46C0 AF=8E10 BC=0099 DE=832C HL=91A4 IX=5593 IY=0120
VDP_REG14 val=02 r14=2 PC=46C0 AF=8E10 BC=0099 DE=8330 HL=9224 IX=5593 IY=0120
VDP_REG14 val=02 r14=2 PC=46C0 AF=8E10 BC=0099 DE=8334 HL=92A4 IX=5593 IY=0120
VDP_REG14 val=02 r14=2 PC=46C0 AF=8E10 BC=0099 DE=8338 HL=9324 IX=5593 IY=0120
VDP_REG14 val=02 r14=2 PC=46C0 AF=8E10 BC=0099 DE=833C HL=93A4 IX=5593 IY=0120
VDP_REG14 val=02 r14=2 PC=46C0 AF=8E10 BC=0099 DE=8340 HL=9028 IX=5593 IY=0120
VDP_REG14 val=02 r14=2 PC=46C0 AF=8E10 BC=0099 DE=8344 HL=90A8 IX=5593 IY=0120
VDP_REG14 val=02 r14=2 PC=46C0 AF=8E10 BC=0099 DE=8348 HL=9128 IX=5593 IY=0120
VDP_REG14 val=02 r14=2 PC=46C0 AF=8E10 BC=0099 DE=834C HL=91A8 IX=5593 IY=0120
VDP_REG14 val=02 r14=2 PC=46C0 AF=8E10 BC=0099 DE=8350 HL=9228 IX=5593 IY=0120
VDP_REG14 val=02 r14=2 PC=46C0 AF=8E10 BC=0099 DE=8354 HL=92A8 IX=5593 IY=0120
VDP_REG14 val=02 r14=2 PC=46C0 AF=8E10 BC=0099 DE=8358 HL=9328 IX=5593 IY=0120
VDP_REG14 val=02 r14=2 PC=46C0 AF=8E10 BC=0099 DE=835C HL=93A8 IX=5593 IY=0120
VDP_REG14 val=02 r14=2 PC=46C0 AF=8E10 BC=0099 DE=8360 HL=902C IX=5593 IY=0120
VDP_REG14 val=02 r14=2 PC=46C0 AF=8E10 BC=0099 DE=8364 HL=90AC IX=5593 IY=0120
VDP_REG14 val=02 r14=2 PC=46C0 AF=8E10 BC=0099 DE=8368 HL=912C IX=5593 IY=0120
VDP_REG14 val=02 r14=2 PC=46C0 AF=8E10 BC=0099 DE=836C HL=91AC IX=5593 IY=0120
VDP_REG14 val=02 r14=2 PC=46C0 AF=8E10 BC=0099 DE=8370 HL=922C IX=5593 IY=0120
VDP_REG14 val=02 r14=2 PC=46C0 AF=8E10 BC=0099 DE=8374 HL=92AC IX=5593 IY=0120
VDP_REG14 val=02 r14=2 PC=46C0 AF=8E10 BC=0099 DE=8378 HL=932C IX=5593 IY=0120
VDP_REG14 val=02 r14=2 PC=46C0 AF=8E10 BC=0099 DE=837C HL=93AC IX=5593 IY=0120
VDP_REG14 val=02 r14=2 PC=46C0 AF=8E10 BC=0099 DE=8380 HL=9030 IX=5593 IY=0120
VDP_REG14 val=02 r14=2 PC=46C0 AF=8E10 BC=0099 DE=8384 HL=90B0 IX=5593 IY=0120
VDP_REG14 val=02 r14=2 PC=46C0 AF=8E10 BC=0099 DE=8388 HL=9130 IX=5593 IY=0120
VDP_REG14 val=02 r14=2 PC=46C0 AF=8E10 BC=0099 DE=838C HL=91B0 IX=5593 IY=0120
VDP_REG14 val=02 r14=2 PC=46C0 AF=8E10 BC=0099 DE=8390 HL=9230 IX=5593 IY=0120
VDP_REG14 val=02 r14=2 PC=46C0 AF=8E10 BC=0099 DE=8394 HL=92B0 IX=5593 IY=0120
VDP_REG14 val=02 r14=2 PC=46C0 AF=8E10 BC=0099 DE=8398 HL=9330 IX=5593 IY=0120
VDP_REG14 val=02 r14=2 PC=46C0 AF=8E10 BC=0099 DE=839C HL=93B0 IX=5593 IY=0120
VDP_REG14 val=02 r14=2 PC=46C0 AF=8E10 BC=0099 DE=83A0 HL=9034 IX=5593 IY=0120
VDP_REG14 val=02 r14=2 PC=46C0 AF=8E10 BC=0099 DE=83A4 HL=90B4 IX=5593 IY=0120
VDP_REG14 val=02 r14=2 PC=46C0 AF=8E10 BC=0099 DE=83A8 HL=9134 IX=5593 IY=0120
VDP_REG14 val=02 r14=2 PC=46C0 AF=8E10 BC=0099 DE=83AC HL=91B4 IX=5593 IY=0120
VDP_REG14 val=02 r14=2 PC=46C0 AF=8E10 BC=0099 DE=83B0 HL=9234 IX=5593 IY=0120
VDP_REG14 val=02 r14=2 PC=46C0 AF=8E10 BC=0099 DE=83B4 HL=92B4 IX=5593 IY=0120
VDP_REG14 val=02 r14=2 PC=46C0 AF=8E10 BC=0099 DE=83B8 HL=9334 IX=5593 IY=0120
VDP_REG14 val=02 r14=2 PC=46C0 AF=8E10 BC=0099 DE=83BC HL=93B4 IX=5593 IY=0120
VDP_REG14 val=02 r14=2 PC=46C0 AF=8E10 BC=0099 DE=83C0 HL=9038 IX=5593 IY=0120
VDP_REG14 val=02 r14=2 PC=46C0 AF=8E10 BC=0099 DE=83C4 HL=90B8 IX=5593 IY=0120
VDP_REG14 val=02 r14=2 PC=46C0 AF=8E10 BC=0099 DE=83C8 HL=9138 IX=5593 IY=0120
VDP_REG14 val=02 r14=2 PC=46C0 AF=8E10 BC=0099 DE=83CC HL=91B8 IX=5593 IY=0120
VDP_REG14 val=02 r14=2 PC=46C0 AF=8E10 BC=0099 DE=83D0 HL=9238 IX=5593 IY=0120
VDP_REG14 val=02 r14=2 PC=46C0 AF=8E10 BC=0099 DE=83D4 HL=92B8 IX=5593 IY=0120
VDP_REG14 val=02 r14=2 PC=46C0 AF=8E10 BC=0099 DE=83D8 HL=9338 IX=5593 IY=0120
VDP_REG14 val=02 r14=2 PC=46C0 AF=8E10 BC=0099 DE=83DC HL=93B8 IX=5593 IY=0120
VDP_REG14 val=02 r14=2 PC=46C0 AF=8E10 BC=0099 DE=83E0 HL=903C IX=5593 IY=0120
VDP_REG14 val=02 r14=2 PC=46C0 AF=8E10 BC=0099 DE=83E4 HL=90BC IX=5593 IY=0120
VDP_REG14 val=02 r14=2 PC=46C0 AF=8E10 BC=0099 DE=83E8 HL=913C IX=5593 IY=0120
VDP_REG14 val=02 r14=2 PC=46C0 AF=8E10 BC=0099 DE=83EC HL=91BC IX=5593 IY=0120
VDP_REG14 val=02 r14=2 PC=46C0 AF=8E10 BC=0099 DE=83F0 HL=923C IX=5593 IY=0120
VDP_REG14 val=02 r14=2 PC=46C0 AF=8E10 BC=0099 DE=83F4 HL=92BC IX=5593 IY=0120
VDP_REG14 val=02 r14=2 PC=46C0 AF=8E10 BC=0099 DE=83F8 HL=933C IX=5593 IY=0120
VDP_REG14 val=02 r14=2 PC=46C0 AF=8E10 BC=0099 DE=83FC HL=93BC IX=5593 IY=0120
VDP_REG14 val=02 r14=2 PC=46C0 AF=8E10 BC=0099 DE=8400 HL=9040 IX=5593 IY=0120
VDP_REG14 val=02 r14=2 PC=46C0 AF=8E10 BC=0099 DE=8404 HL=90C0 IX=5593 IY=0120
VDP_REG14 val=02 r14=2 PC=46C0 AF=8E10 BC=0099 DE=8408 HL=9140 IX=5593 IY=0120
VDP_REG14 val=02 r14=2 PC=46C0 AF=8E10 BC=0099 DE=840C HL=91C0 IX=5593 IY=0120
VDP_REG14 val=02 r14=2 PC=46C0 AF=8E10 BC=0099 DE=8410 HL=9240 IX=5593 IY=0120
VDP_REG14 val=02 r14=2 PC=46C0 AF=8E10 BC=0099 DE=8414 HL=92C0 IX=5593 IY=0120
VDP_REG14 val=02 r14=2 PC=46C0 AF=8E10 BC=0099 DE=8418 HL=9340 IX=5593 IY=0120
VDP_REG14 val=02 r14=2 PC=46C0 AF=8E10 BC=0099 DE=841C HL=93C0 IX=5593 IY=0120
VDP_REG14 val=02 r14=2 PC=46C0 AF=8E10 BC=0099 DE=8420 HL=9044 IX=5593 IY=0120
VDP_REG14 val=02 r14=2 PC=46C0 AF=8E10 BC=0099 DE=8424 HL=90C4 IX=5593 IY=0120
VDP_REG14 val=02 r14=2 PC=46C0 AF=8E10 BC=0099 DE=8428 HL=9144 IX=5593 IY=0120
VDP_REG14 val=02 r14=2 PC=46C0 AF=8E10 BC=0099 DE=842C HL=91C4 IX=5593 IY=0120
VDP_REG14 val=02 r14=2 PC=46C0 AF=8E10 BC=0099 DE=8430 HL=9244 IX=5593 IY=0120
VDP_REG14 val=02 r14=2 PC=46C0 AF=8E10 BC=0099 DE=8434 HL=92C4 IX=5593 IY=0120
VDP_REG14 val=02 r14=2 PC=46C0 AF=8E10 BC=0099 DE=8438 HL=9344 IX=5593 IY=0120
VDP_REG14 val=02 r14=2 PC=46C0 AF=8E10 BC=0099 DE=843C HL=93C4 IX=5593 IY=0120
VDP_REG14 val=02 r14=2 PC=46C0 AF=8E10 BC=0099 DE=8440 HL=9048 IX=5593 IY=0120
VDP_REG14 val=02 r14=2 PC=46C0 AF=8E10 BC=0099 DE=8444 HL=90C8 IX=5593 IY=0120
VDP_REG14 val=02 r14=2 PC=46C0 AF=8E10 BC=0099 DE=8448 HL=9148 IX=5593 IY=0120
VDP_REG14 val=02 r14=2 PC=46C0 AF=8E10 BC=0099 DE=844C HL=91C8 IX=5593 IY=0120
VDP_REG14 val=02 r14=2 PC=46C0 AF=8E10 BC=0099 DE=8450 HL=9248 IX=5593 IY=0120
VDP_REG14 val=02 r14=2 PC=46C0 AF=8E10 BC=0099 DE=8454 HL=92C8 IX=5593 IY=0120
VDP_REG14 val=02 r14=2 PC=46C0 AF=8E10 BC=0099 DE=8458 HL=9348 IX=5593 IY=0120
VDP_REG14 val=02 r14=2 PC=46C0 AF=8E10 BC=0099 DE=845C HL=93C8 IX=5593 IY=0120
VDP_REG14 val=02 r14=2 PC=46C0 AF=8E10 BC=0099 DE=8460 HL=904C IX=5593 IY=0120
VDP_REG14 val=02 r14=2 PC=46C0 AF=8E10 BC=0099 DE=8464 HL=90CC IX=5593 IY=0120
VDP_REG14 val=02 r14=2 PC=46C0 AF=8E10 BC=0099 DE=8468 HL=914C IX=5593 IY=0120
VDP_REG14 val=02 r14=2 PC=46C0 AF=8E10 BC=0099 DE=846C HL=91CC IX=5593 IY=0120
VDP_REG14 val=02 r14=2 PC=46C0 AF=8E10 BC=0099 DE=8470 HL=924C IX=5593 IY=0120
VDP_REG14 val=02 r14=2 PC=46C0 AF=8E10 BC=0099 DE=8474 HL=92CC IX=5593 IY=0120
VDP_REG14 val=02 r14=2 PC=46C0 AF=8E10 BC=0099 DE=8478 HL=934C IX=5593 IY=0120
VDP_REG14 val=02 r14=2 PC=46C0 AF=8E10 BC=0099 DE=847C HL=93CC IX=5593 IY=0120
VDP_REG14 val=02 r14=2 PC=46C0 AF=8E10 BC=0099 DE=8480 HL=9050 IX=5593 IY=0120
VDP_REG14 val=02 r14=2 PC=46C0 AF=8E10 BC=0099 DE=8484 HL=90D0 IX=5593 IY=0120
VDP_REG14 val=02 r14=2 PC=46C0 AF=8E10 BC=0099 DE=8488 HL=9150 IX=5593 IY=0120
VDP_REG14 val=02 r14=2 PC=46C0 AF=8E10 BC=0099 DE=848C HL=91D0 IX=5593 IY=0120
VDP_REG14 val=02 r14=2 PC=46C0 AF=8E10 BC=0099 DE=8490 HL=9250 IX=5593 IY=0120
VDP_REG14 val=02 r14=2 PC=46C0 AF=8E10 BC=0099 DE=8494 HL=92D0 IX=5593 IY=0120
VDP_REG14 val=02 r14=2 PC=46C0 AF=8E10 BC=0099 DE=8498 HL=9350 IX=5593 IY=0120
VDP_REG14 val=02 r14=2 PC=46C0 AF=8E10 BC=0099 DE=849C HL=93D0 IX=5593 IY=0120
VDP_REG14 val=02 r14=2 PC=46C0 AF=8E10 BC=0099 DE=84A0 HL=9054 IX=5593 IY=0120
VDP_REG14 val=02 r14=2 PC=46C0 AF=8E10 BC=0099 DE=84A4 HL=90D4 IX=5593 IY=0120
VDP_REG14 val=02 r14=2 PC=46C0 AF=8E10 BC=0099 DE=84A8 HL=9154 IX=5593 IY=0120
VDP_REG14 val=02 r14=2 PC=46C0 AF=8E10 BC=0099 DE=84AC HL=91D4 IX=5593 IY=0120
VDP_REG14 val=02 r14=2 PC=46C0 AF=8E10 BC=0099 DE=84B0 HL=9254 IX=5593 IY=0120
VDP_REG14 val=02 r14=2 PC=46C0 AF=8E10 BC=0099 DE=84B4 HL=92D4 IX=5593 IY=0120
VDP_REG14 val=02 r14=2 PC=46C0 AF=8E10 BC=0099 DE=84B8 HL=9354 IX=5593 IY=0120
VDP_REG14 val=02 r14=2 PC=46C0 AF=8E10 BC=0099 DE=84BC HL=93D4 IX=5593 IY=0120
VDP_REG14 val=02 r14=2 PC=46C0 AF=8E10 BC=0099 DE=84C0 HL=9058 IX=5593 IY=0120
VDP_REG14 val=02 r14=2 PC=46C0 AF=8E10 BC=0099 DE=84C4 HL=90D8 IX=5593 IY=0120
VDP_REG14 val=02 r14=2 PC=46C0 AF=8E10 BC=0099 DE=84C8 HL=9158 IX=5593 IY=0120
VDP_REG14 val=02 r14=2 PC=46C0 AF=8E10 BC=0099 DE=84CC HL=91D8 IX=5593 IY=0120
VDP_REG14 val=02 r14=2 PC=46C0 AF=8E10 BC=0099 DE=84D0 HL=9258 IX=5593 IY=0120
VDP_REG14 val=02 r14=2 PC=46C0 AF=8E10 BC=0099 DE=84D4 HL=92D8 IX=5593 IY=0120
VDP_REG14 val=02 r14=2 PC=46C0 AF=8E10 BC=0099 DE=84D8 HL=9358 IX=5593 IY=0120
VDP_REG14 val=02 r14=2 PC=46C0 AF=8E10 BC=0099 DE=84DC HL=93D8 IX=5593 IY=0120
VDP_REG14 val=02 r14=2 PC=46C0 AF=8E10 BC=0099 DE=84E0 HL=905C IX=5593 IY=0120
VDP_REG14 val=02 r14=2 PC=46C0 AF=8E10 BC=0099 DE=84E4 HL=90DC IX=5593 IY=0120
VDP_REG14 val=02 r14=2 PC=46C0 AF=8E10 BC=0099 DE=84E8 HL=915C IX=5593 IY=0120
VDP_REG14 val=02 r14=2 PC=46C0 AF=8E10 BC=0099 DE=84EC HL=91DC IX=5593 IY=0120
VDP_REG14 val=02 r14=2 PC=46C0 AF=8E10 BC=0099 DE=84F0 HL=925C IX=5593 IY=0120
VDP_REG14 val=02 r14=2 PC=46C0 AF=8E10 BC=0099 DE=84F4 HL=92DC IX=5593 IY=0120
VDP_REG14 val=02 r14=2 PC=46C0 AF=8E10 BC=0099 DE=84F8 HL=935C IX=5593 IY=0120
VDP_REG14 val=02 r14=2 PC=46C0 AF=8E10 BC=0099 DE=84FC HL=93DC IX=5593 IY=0120
VDP_REG14 val=02 r14=2 PC=46C0 AF=8E10 BC=0099 DE=8500 HL=9060 IX=5593 IY=0120
VDP_REG14 val=02 r14=2 PC=46C0 AF=8E10 BC=0099 DE=8504 HL=90E0 IX=5593 IY=0120
VDP_REG14 val=02 r14=2 PC=46C0 AF=8E10 BC=0099 DE=8508 HL=9160 IX=5593 IY=0120
VDP_REG14 val=02 r14=2 PC=46C0 AF=8E10 BC=0099 DE=850C HL=91E0 IX=5593 IY=0120
VDP_REG14 val=02 r14=2 PC=46C0 AF=8E10 BC=0099 DE=8510 HL=9260 IX=5593 IY=0120
VDP_REG14 val=02 r14=2 PC=46C0 AF=8E10 BC=0099 DE=8514 HL=92E0 IX=5593 IY=0120
VDP_REG14 val=02 r14=2 PC=46C0 AF=8E10 BC=0099 DE=8518 HL=9360 IX=5593 IY=0120
VDP_REG14 val=02 r14=2 PC=46C0 AF=8E10 BC=0099 DE=851C HL=93E0 IX=5593 IY=0120
VDP_REG14 val=02 r14=2 PC=46C0 AF=8E10 BC=0099 DE=8520 HL=9064 IX=5593 IY=0120
VDP_REG14 val=02 r14=2 PC=46C0 AF=8E10 BC=0099 DE=8524 HL=90E4 IX=5593 IY=0120
VDP_REG14 val=02 r14=2 PC=46C0 AF=8E10 BC=0099 DE=8528 HL=9164 IX=5593 IY=0120
VDP_REG14 val=02 r14=2 PC=46C0 AF=8E10 BC=0099 DE=852C HL=91E4 IX=5593 IY=0120
VDP_REG14 val=02 r14=2 PC=46C0 AF=8E10 BC=0099 DE=8530 HL=9264 IX=5593 IY=0120
VDP_REG14 val=02 r14=2 PC=46C0 AF=8E10 BC=0099 DE=8534 HL=92E4 IX=5593 IY=0120
VDP_REG14 val=02 r14=2 PC=46C0 AF=8E10 BC=0099 DE=8538 HL=9364 IX=5593 IY=0120
VDP_REG14 val=02 r14=2 PC=46C0 AF=8E10 BC=0099 DE=853C HL=93E4 IX=5593 IY=0120
VDP_REG14 val=02 r14=2 PC=46C0 AF=8E10 BC=0099 DE=8540 HL=9068 IX=5593 IY=0120
VDP_REG14 val=02 r14=2 PC=46C0 AF=8E10 BC=0099 DE=8544 HL=90E8 IX=5593 IY=0120
VDP_REG14 val=02 r14=2 PC=46C0 AF=8E10 BC=0099 DE=8548 HL=9168 IX=5593 IY=0120
VDP_REG14 val=02 r14=2 PC=46C0 AF=8E10 BC=0099 DE=854C HL=91E8 IX=5593 IY=0120
VDP_REG14 val=02 r14=2 PC=46C0 AF=8E10 BC=0099 DE=8550 HL=9268 IX=5593 IY=0120
VDP_REG14 val=02 r14=2 PC=46C0 AF=8E10 BC=0099 DE=8554 HL=92E8 IX=5593 IY=0120
VDP_REG14 val=02 r14=2 PC=46C0 AF=8E10 BC=0099 DE=8558 HL=9368 IX=5593 IY=0120
VDP_REG14 val=02 r14=2 PC=46C0 AF=8E10 BC=0099 DE=855C HL=93E8 IX=5593 IY=0120
VDP_REG14 val=02 r14=2 PC=46C0 AF=8E10 BC=0099 DE=8560 HL=906C IX=5593 IY=0120
VDP_REG14 val=02 r14=2 PC=46C0 AF=8E10 BC=0099 DE=8564 HL=90EC IX=5593 IY=0120
VDP_REG14 val=02 r14=2 PC=46C0 AF=8E10 BC=0099 DE=8568 HL=916C IX=5593 IY=0120
VDP_REG14 val=02 r14=2 PC=46C0 AF=8E10 BC=0099 DE=856C HL=91EC IX=5593 IY=0120
VDP_REG14 val=02 r14=2 PC=46C0 AF=8E10 BC=0099 DE=8570 HL=926C IX=5593 IY=0120
VDP_REG14 val=02 r14=2 PC=46C0 AF=8E10 BC=0099 DE=8574 HL=92EC IX=5593 IY=0120
VDP_REG14 val=02 r14=2 PC=46C0 AF=8E10 BC=0099 DE=8578 HL=936C IX=5593 IY=0120
VDP_REG14 val=02 r14=2 PC=46C0 AF=8E10 BC=0099 DE=857C HL=93EC IX=5593 IY=0120
VDP_REG14 val=02 r14=2 PC=46C0 AF=8E10 BC=0099 DE=8580 HL=9070 IX=5593 IY=0120
VDP_REG14 val=02 r14=2 PC=46C0 AF=8E10 BC=0099 DE=8584 HL=90F0 IX=5593 IY=0120
VDP_REG14 val=02 r14=2 PC=46C0 AF=8E10 BC=0099 DE=8588 HL=9170 IX=5593 IY=0120
VDP_REG14 val=02 r14=2 PC=46C0 AF=8E10 BC=0099 DE=858C HL=91F0 IX=5593 IY=0120
VDP_REG14 val=02 r14=2 PC=46C0 AF=8E10 BC=0099 DE=8590 HL=9270 IX=5593 IY=0120
VDP_REG14 val=02 r14=2 PC=46C0 AF=8E10 BC=0099 DE=8594 HL=92F0 IX=5593 IY=0120
VDP_REG14 val=02 r14=2 PC=46C0 AF=8E10 BC=0099 DE=8598 HL=9370 IX=5593 IY=0120
VDP_REG14 val=02 r14=2 PC=46C0 AF=8E10 BC=0099 DE=859C HL=93F0 IX=5593 IY=0120
VDP_REG14 val=02 r14=2 PC=46C0 AF=8E10 BC=0099 DE=85A0 HL=9074 IX=5593 IY=0120
VDP_REG14 val=02 r14=2 PC=46C0 AF=8E10 BC=0099 DE=85A4 HL=90F4 IX=5593 IY=0120
VDP_REG14 val=02 r14=2 PC=46C0 AF=8E10 BC=0099 DE=85A8 HL=9174 IX=5593 IY=0120
VDP_REG14 val=02 r14=2 PC=46C0 AF=8E10 BC=0099 DE=85AC HL=91F4 IX=5593 IY=0120
VDP_REG14 val=02 r14=2 PC=46C0 AF=8E10 BC=0099 DE=85B0 HL=9274 IX=5593 IY=0120
VDP_REG14 val=02 r14=2 PC=46C0 AF=8E10 BC=0099 DE=85B4 HL=92F4 IX=5593 IY=0120
VDP_REG14 val=02 r14=2 PC=46C0 AF=8E10 BC=0099 DE=85B8 HL=9374 IX=5593 IY=0120
VDP_REG14 val=02 r14=2 PC=46C0 AF=8E10 BC=0099 DE=85BC HL=93F4 IX=5593 IY=0120
VDP_REG14 val=02 r14=2 PC=46C0 AF=8E10 BC=0099 DE=85C0 HL=9078 IX=5593 IY=0120
VDP_REG14 val=02 r14=2 PC=46C0 AF=8E10 BC=0099 DE=85C4 HL=90F8 IX=5593 IY=0120
VDP_REG14 val=02 r14=2 PC=46C0 AF=8E10 BC=0099 DE=85C8 HL=9178 IX=5593 IY=0120
VDP_REG14 val=02 r14=2 PC=46C0 AF=8E10 BC=0099 DE=85CC HL=91F8 IX=5593 IY=0120
VDP_REG14 val=02 r14=2 PC=46C0 AF=8E10 BC=0099 DE=85D0 HL=9278 IX=5593 IY=0120
VDP_REG14 val=02 r14=2 PC=46C0 AF=8E10 BC=0099 DE=85D4 HL=92F8 IX=5593 IY=0120
VDP_REG14 val=02 r14=2 PC=46C0 AF=8E10 BC=0099 DE=85D8 HL=9378 IX=5593 IY=0120
VDP_REG14 val=02 r14=2 PC=46C0 AF=8E10 BC=0099 DE=85DC HL=93F8 IX=5593 IY=0120
VDP_REG14 val=02 r14=2 PC=46C0 AF=8E10 BC=0099 DE=85E0 HL=907C IX=5593 IY=0120
VDP_REG14 val=02 r14=2 PC=46C0 AF=8E10 BC=0099 DE=85E4 HL=90FC IX=5593 IY=0120
VDP_REG14 val=02 r14=2 PC=46C0 AF=8E10 BC=0099 DE=85E8 HL=917C IX=5593 IY=0120
VDP_REG14 val=02 r14=2 PC=46C0 AF=8E10 BC=0099 DE=85EC HL=91FC IX=5593 IY=0120
VDP_REG14 val=02 r14=2 PC=46C0 AF=8E10 BC=0099 DE=85F0 HL=927C IX=5593 IY=0120
VDP_REG14 val=02 r14=2 PC=46C0 AF=8E10 BC=0099 DE=85F4 HL=92FC IX=5593 IY=0120
VDP_REG14 val=02 r14=2 PC=46C0 AF=8E10 BC=0099 DE=85F8 HL=937C IX=5593 IY=0120
VDP_REG14 val=02 r14=2 PC=46C0 AF=8E10 BC=0099 DE=85FC HL=93FC IX=5593 IY=0120
VDP_REG14 val=02 r14=2 PC=46C0 AF=8E10 BC=0099 DE=8600 HL=9400 IX=5593 IY=0120
VDP_REG14 val=02 r14=2 PC=46C0 AF=8E10 BC=0099 DE=8604 HL=9480 IX=5593 IY=0120
VDP_REG14 val=02 r14=2 PC=46C0 AF=8E10 BC=0099 DE=8608 HL=9500 IX=5593 IY=0120
VDP_REG14 val=02 r14=2 PC=46C0 AF=8E10 BC=0099 DE=860C HL=9580 IX=5593 IY=0120
VDP_REG14 val=02 r14=2 PC=46C0 AF=8E10 BC=0099 DE=8610 HL=9600 IX=5593 IY=0120
VDP_REG14 val=02 r14=2 PC=46C0 AF=8E10 BC=0099 DE=8614 HL=9680 IX=5593 IY=0120
VDP_REG14 val=02 r14=2 PC=46C0 AF=8E10 BC=0099 DE=8618 HL=9700 IX=5593 IY=0120
VDP_REG14 val=02 r14=2 PC=46C0 AF=8E10 BC=0099 DE=861C HL=9780 IX=5593 IY=0120
VDP_REG14 val=02 r14=2 PC=46C0 AF=8E10 BC=0099 DE=8620 HL=9404 IX=5593 IY=0120
VDP_REG14 val=02 r14=2 PC=46C0 AF=8E10 BC=0099 DE=8624 HL=9484 IX=5593 IY=0120
VDP_REG14 val=02 r14=2 PC=46C0 AF=8E10 BC=0099 DE=8628 HL=9504 IX=5593 IY=0120
VDP_REG14 val=02 r14=2 PC=46C0 AF=8E10 BC=0099 DE=862C HL=9584 IX=5593 IY=0120
VDP_REG14 val=02 r14=2 PC=46C0 AF=8E10 BC=0099 DE=8630 HL=9604 IX=5593 IY=0120
VDP_REG14 val=02 r14=2 PC=46C0 AF=8E10 BC=0099 DE=8634 HL=9684 IX=5593 IY=0120
VDP_REG14 val=02 r14=2 PC=46C0 AF=8E10 BC=0099 DE=8638 HL=9704 IX=5593 IY=0120
VDP_REG14 val=02 r14=2 PC=46C0 AF=8E10 BC=0099 DE=863C HL=9784 IX=5593 IY=0120
VDP_REG14 val=02 r14=2 PC=46C0 AF=8E10 BC=0099 DE=8640 HL=9408 IX=5593 IY=0120
VDP_REG14 val=02 r14=2 PC=46C0 AF=8E10 BC=0099 DE=8644 HL=9488 IX=5593 IY=0120
VDP_REG14 val=02 r14=2 PC=46C0 AF=8E10 BC=0099 DE=8648 HL=9508 IX=5593 IY=0120
VDP_REG14 val=02 r14=2 PC=46C0 AF=8E10 BC=0099 DE=864C HL=9588 IX=5593 IY=0120
VDP_REG14 val=02 r14=2 PC=46C0 AF=8E10 BC=0099 DE=8650 HL=9608 IX=5593 IY=0120
VDP_REG14 val=02 r14=2 PC=46C0 AF=8E10 BC=0099 DE=8654 HL=9688 IX=5593 IY=0120
VDP_REG14 val=02 r14=2 PC=46C0 AF=8E10 BC=0099 DE=8658 HL=9708 IX=5593 IY=0120
VDP_REG14 val=02 r14=2 PC=46C0 AF=8E10 BC=0099 DE=865C HL=9788 IX=5593 IY=0120
VDP_REG14 val=02 r14=2 PC=46C0 AF=8E10 BC=0099 DE=8660 HL=940C IX=5593 IY=0120
VDP_REG14 val=02 r14=2 PC=46C0 AF=8E10 BC=0099 DE=8664 HL=948C IX=5593 IY=0120
VDP_REG14 val=02 r14=2 PC=46C0 AF=8E10 BC=0099 DE=8668 HL=950C IX=5593 IY=0120
VDP_REG14 val=02 r14=2 PC=46C0 AF=8E10 BC=0099 DE=866C HL=958C IX=5593 IY=0120
VDP_REG14 val=02 r14=2 PC=46C0 AF=8E10 BC=0099 DE=8670 HL=960C IX=5593 IY=0120
VDP_REG14 val=02 r14=2 PC=46C0 AF=8E10 BC=0099 DE=8674 HL=968C IX=5593 IY=0120
VDP_REG14 val=02 r14=2 PC=46C0 AF=8E10 BC=0099 DE=8678 HL=970C IX=5593 IY=0120
VDP_REG14 val=02 r14=2 PC=46C0 AF=8E10 BC=0099 DE=867C HL=978C IX=5593 IY=0120
VDP_REG14 val=02 r14=2 PC=46C0 AF=8E10 BC=0099 DE=8680 HL=9410 IX=5593 IY=0120
VDP_REG14 val=02 r14=2 PC=46C0 AF=8E10 BC=0099 DE=8684 HL=9490 IX=5593 IY=0120
VDP_REG14 val=02 r14=2 PC=46C0 AF=8E10 BC=0099 DE=8688 HL=9510 IX=5593 IY=0120
VDP_REG14 val=02 r14=2 PC=46C0 AF=8E10 BC=0099 DE=868C HL=9590 IX=5593 IY=0120
VDP_REG14 val=02 r14=2 PC=46C0 AF=8E10 BC=0099 DE=8690 HL=9610 IX=5593 IY=0120
VDP_REG14 val=02 r14=2 PC=46C0 AF=8E10 BC=0099 DE=8694 HL=9690 IX=5593 IY=0120
VDP_REG14 val=02 r14=2 PC=46C0 AF=8E10 BC=0099 DE=8698 HL=9710 IX=5593 IY=0120
VDP_REG14 val=02 r14=2 PC=46C0 AF=8E10 BC=0099 DE=869C HL=9790 IX=5593 IY=0120
VDP_REG14 val=02 r14=2 PC=46C0 AF=8E10 BC=0099 DE=86A0 HL=9414 IX=5593 IY=0120
VDP_REG14 val=02 r14=2 PC=46C0 AF=8E10 BC=0099 DE=86A4 HL=9494 IX=5593 IY=0120
VDP_REG14 val=02 r14=2 PC=46C0 AF=8E10 BC=0099 DE=86A8 HL=9514 IX=5593 IY=0120
VDP_REG14 val=02 r14=2 PC=46C0 AF=8E10 BC=0099 DE=86AC HL=9594 IX=5593 IY=0120
VDP_REG14 val=02 r14=2 PC=46C0 AF=8E10 BC=0099 DE=86B0 HL=9614 IX=5593 IY=0120
VDP_REG14 val=02 r14=2 PC=46C0 AF=8E10 BC=0099 DE=86B4 HL=9694 IX=5593 IY=0120
VDP_REG14 val=02 r14=2 PC=46C0 AF=8E10 BC=0099 DE=86B8 HL=9714 IX=5593 IY=0120
VDP_REG14 val=02 r14=2 PC=46C0 AF=8E10 BC=0099 DE=86BC HL=9794 IX=5593 IY=0120
VDP_REG14 val=02 r14=2 PC=46C0 AF=8E10 BC=0099 DE=86C0 HL=9418 IX=5593 IY=0120
VDP_REG14 val=02 r14=2 PC=46C0 AF=8E10 BC=0099 DE=86C4 HL=9498 IX=5593 IY=0120
VDP_REG14 val=02 r14=2 PC=46C0 AF=8E10 BC=0099 DE=86C8 HL=9518 IX=5593 IY=0120
VDP_REG14 val=02 r14=2 PC=46C0 AF=8E10 BC=0099 DE=86CC HL=9598 IX=5593 IY=0120
VDP_REG14 val=02 r14=2 PC=46C0 AF=8E10 BC=0099 DE=86D0 HL=9618 IX=5593 IY=0120
VDP_REG14 val=02 r14=2 PC=46C0 AF=8E10 BC=0099 DE=86D4 HL=9698 IX=5593 IY=0120
VDP_REG14 val=02 r14=2 PC=46C0 AF=8E10 BC=0099 DE=86D8 HL=9718 IX=5593 IY=0120
VDP_REG14 val=02 r14=2 PC=46C0 AF=8E10 BC=0099 DE=86DC HL=9798 IX=5593 IY=0120
VDP_REG14 val=02 r14=2 PC=46C0 AF=8E10 BC=0099 DE=86E0 HL=941C IX=5593 IY=0120
VDP_REG14 val=02 r14=2 PC=46C0 AF=8E10 BC=0099 DE=86E4 HL=949C IX=5593 IY=0120
VDP_REG14 val=02 r14=2 PC=46C0 AF=8E10 BC=0099 DE=86E8 HL=951C IX=5593 IY=0120
VDP_REG14 val=02 r14=2 PC=46C0 AF=8E10 BC=0099 DE=86EC HL=959C IX=5593 IY=0120
VDP_REG14 val=02 r14=2 PC=46C0 AF=8E10 BC=0099 DE=86F0 HL=961C IX=5593 IY=0120
VDP_REG14 val=02 r14=2 PC=46C0 AF=8E10 BC=0099 DE=86F4 HL=969C IX=5593 IY=0120
VDP_REG14 val=02 r14=2 PC=46C0 AF=8E10 BC=0099 DE=86F8 HL=971C IX=5593 IY=0120
VDP_REG14 val=02 r14=2 PC=46C0 AF=8E10 BC=0099 DE=86FC HL=979C IX=5593 IY=0120
VDP_REG14 val=02 r14=2 PC=46C0 AF=8E10 BC=0099 DE=8700 HL=9420 IX=5593 IY=0120
VDP_REG14 val=02 r14=2 PC=46C0 AF=8E10 BC=0099 DE=8704 HL=94A0 IX=5593 IY=0120
VDP_REG14 val=02 r14=2 PC=46C0 AF=8E10 BC=0099 DE=8708 HL=9520 IX=5593 IY=0120
VDP_REG14 val=02 r14=2 PC=46C0 AF=8E10 BC=0099 DE=870C HL=95A0 IX=5593 IY=0120
VDP_REG14 val=02 r14=2 PC=46C0 AF=8E10 BC=0099 DE=8710 HL=9620 IX=5593 IY=0120
VDP_REG14 val=02 r14=2 PC=46C0 AF=8E10 BC=0099 DE=8714 HL=96A0 IX=5593 IY=0120
VDP_REG14 val=02 r14=2 PC=46C0 AF=8E10 BC=0099 DE=8718 HL=9720 IX=5593 IY=0120
VDP_REG14 val=02 r14=2 PC=46C0 AF=8E10 BC=0099 DE=871C HL=97A0 IX=5593 IY=0120
VDP_REG14 val=02 r14=2 PC=46C0 AF=8E10 BC=0099 DE=8720 HL=9424 IX=5593 IY=0120
VDP_REG14 val=02 r14=2 PC=46C0 AF=8E10 BC=0099 DE=8724 HL=94A4 IX=5593 IY=0120
VDP_REG14 val=02 r14=2 PC=46C0 AF=8E10 BC=0099 DE=8728 HL=9524 IX=5593 IY=0120
VDP_REG14 val=02 r14=2 PC=46C0 AF=8E10 BC=0099 DE=872C HL=95A4 IX=5593 IY=0120
VDP_REG14 val=02 r14=2 PC=46C0 AF=8E10 BC=0099 DE=8730 HL=9624 IX=5593 IY=0120
VDP_REG14 val=02 r14=2 PC=46C0 AF=8E10 BC=0099 DE=8734 HL=96A4 IX=5593 IY=0120
VDP_REG14 val=02 r14=2 PC=46C0 AF=8E10 BC=0099 DE=8738 HL=9724 IX=5593 IY=0120
VDP_REG14 val=02 r14=2 PC=46C0 AF=8E10 BC=0099 DE=873C HL=97A4 IX=5593 IY=0120
VDP_REG14 val=02 r14=2 PC=46C0 AF=8E10 BC=0099 DE=8740 HL=9428 IX=5593 IY=0120
VDP_REG14 val=02 r14=2 PC=46C0 AF=8E10 BC=0099 DE=8744 HL=94A8 IX=5593 IY=0120
VDP_REG14 val=02 r14=2 PC=46C0 AF=8E10 BC=0099 DE=8748 HL=9528 IX=5593 IY=0120
VDP_REG14 val=02 r14=2 PC=46C0 AF=8E10 BC=0099 DE=874C HL=95A8 IX=5593 IY=0120
VDP_REG14 val=02 r14=2 PC=46C0 AF=8E10 BC=0099 DE=8750 HL=9628 IX=5593 IY=0120
VDP_REG14 val=02 r14=2 PC=46C0 AF=8E10 BC=0099 DE=8754 HL=96A8 IX=5593 IY=0120
VDP_REG14 val=02 r14=2 PC=46C0 AF=8E10 BC=0099 DE=8758 HL=9728 IX=5593 IY=0120
VDP_REG14 val=02 r14=2 PC=46C0 AF=8E10 BC=0099 DE=875C HL=97A8 IX=5593 IY=0120
VDP_REG14 val=02 r14=2 PC=46C0 AF=8E10 BC=0099 DE=8760 HL=942C IX=5593 IY=0120
VDP_REG14 val=02 r14=2 PC=46C0 AF=8E10 BC=0099 DE=8764 HL=94AC IX=5593 IY=0120
VDP_REG14 val=02 r14=2 PC=46C0 AF=8E10 BC=0099 DE=8768 HL=952C IX=5593 IY=0120
VDP_REG14 val=02 r14=2 PC=46C0 AF=8E10 BC=0099 DE=876C HL=95AC IX=5593 IY=0120
VDP_REG14 val=02 r14=2 PC=46C0 AF=8E10 BC=0099 DE=8770 HL=962C IX=5593 IY=0120
VDP_REG14 val=02 r14=2 PC=46C0 AF=8E10 BC=0099 DE=8774 HL=96AC IX=5593 IY=0120
VDP_REG14 val=02 r14=2 PC=46C0 AF=8E10 BC=0099 DE=8778 HL=972C IX=5593 IY=0120
VDP_REG14 val=02 r14=2 PC=46C0 AF=8E10 BC=0099 DE=877C HL=97AC IX=5593 IY=0120
VDP_REG14 val=02 r14=2 PC=46C0 AF=8E10 BC=0099 DE=8780 HL=9430 IX=5593 IY=0120
VDP_REG14 val=02 r14=2 PC=46C0 AF=8E10 BC=0099 DE=8784 HL=94B0 IX=5593 IY=0120
VDP_REG14 val=02 r14=2 PC=46C0 AF=8E10 BC=0099 DE=8788 HL=9530 IX=5593 IY=0120
VDP_REG14 val=02 r14=2 PC=46C0 AF=8E10 BC=0099 DE=878C HL=95B0 IX=5593 IY=0120
VDP_REG14 val=02 r14=2 PC=46C0 AF=8E10 BC=0099 DE=8790 HL=9630 IX=5593 IY=0120
VDP_REG14 val=02 r14=2 PC=46C0 AF=8E10 BC=0099 DE=8794 HL=96B0 IX=5593 IY=0120
VDP_REG14 val=02 r14=2 PC=46C0 AF=8E10 BC=0099 DE=8798 HL=9730 IX=5593 IY=0120
VDP_REG14 val=02 r14=2 PC=46C0 AF=8E10 BC=0099 DE=879C HL=97B0 IX=5593 IY=0120
VDP_REG14 val=02 r14=2 PC=46C0 AF=8E10 BC=0099 DE=87A0 HL=9434 IX=5593 IY=0120
VDP_REG14 val=02 r14=2 PC=46C0 AF=8E10 BC=0099 DE=87A4 HL=94B4 IX=5593 IY=0120
VDP_REG14 val=02 r14=2 PC=46C0 AF=8E10 BC=0099 DE=87A8 HL=9534 IX=5593 IY=0120
VDP_REG14 val=02 r14=2 PC=46C0 AF=8E10 BC=0099 DE=87AC HL=95B4 IX=5593 IY=0120
VDP_REG14 val=02 r14=2 PC=46C0 AF=8E10 BC=0099 DE=87B0 HL=9634 IX=5593 IY=0120
VDP_REG14 val=02 r14=2 PC=46C0 AF=8E10 BC=0099 DE=87B4 HL=96B4 IX=5593 IY=0120
VDP_REG14 val=02 r14=2 PC=46C0 AF=8E10 BC=0099 DE=87B8 HL=9734 IX=5593 IY=0120
VDP_REG14 val=02 r14=2 PC=46C0 AF=8E10 BC=0099 DE=87BC HL=97B4 IX=5593 IY=0120
VDP_REG14 val=02 r14=2 PC=46C0 AF=8E10 BC=0099 DE=87C0 HL=9438 IX=5593 IY=0120
VDP_REG14 val=02 r14=2 PC=46C0 AF=8E10 BC=0099 DE=87C4 HL=94B8 IX=5593 IY=0120
VDP_REG14 val=02 r14=2 PC=46C0 AF=8E10 BC=0099 DE=87C8 HL=9538 IX=5593 IY=0120
VDP_REG14 val=02 r14=2 PC=46C0 AF=8E10 BC=0099 DE=87CC HL=95B8 IX=5593 IY=0120
VDP_REG14 val=02 r14=2 PC=46C0 AF=8E10 BC=0099 DE=87D0 HL=9638 IX=5593 IY=0120
VDP_REG14 val=02 r14=2 PC=46C0 AF=8E10 BC=0099 DE=87D4 HL=96B8 IX=5593 IY=0120
VDP_REG14 val=02 r14=2 PC=46C0 AF=8E10 BC=0099 DE=87D8 HL=9738 IX=5593 IY=0120
VDP_REG14 val=02 r14=2 PC=46C0 AF=8E10 BC=0099 DE=87DC HL=97B8 IX=5593 IY=0120
VDP_REG14 val=02 r14=2 PC=46C0 AF=8E10 BC=0099 DE=87E0 HL=943C IX=5593 IY=0120
VDP_REG14 val=02 r14=2 PC=46C0 AF=8E10 BC=0099 DE=87E4 HL=94BC IX=5593 IY=0120
VDP_REG14 val=02 r14=2 PC=46C0 AF=8E10 BC=0099 DE=87E8 HL=953C IX=5593 IY=0120
VDP_REG14 val=02 r14=2 PC=46C0 AF=8E10 BC=0099 DE=87EC HL=95BC IX=5593 IY=0120
VDP_REG14 val=02 r14=2 PC=46C0 AF=8E10 BC=0099 DE=87F0 HL=963C IX=5593 IY=0120
VDP_REG14 val=02 r14=2 PC=46C0 AF=8E10 BC=0099 DE=87F4 HL=96BC IX=5593 IY=0120
VDP_REG14 val=02 r14=2 PC=46C0 AF=8E10 BC=0099 DE=87F8 HL=973C IX=5593 IY=0120
VDP_REG14 val=02 r14=2 PC=46C0 AF=8E10 BC=0099 DE=87FC HL=97BC IX=5593 IY=0120
VDP_REG14 val=02 r14=2 PC=46C0 AF=8E10 BC=0099 DE=8800 HL=9440 IX=5593 IY=0120
VDP_REG14 val=02 r14=2 PC=46C0 AF=8E10 BC=0099 DE=8804 HL=94C0 IX=5593 IY=0120
VDP_REG14 val=02 r14=2 PC=46C0 AF=8E10 BC=0099 DE=8808 HL=9540 IX=5593 IY=0120
VDP_REG14 val=02 r14=2 PC=46C0 AF=8E10 BC=0099 DE=880C HL=95C0 IX=5593 IY=0120
VDP_REG14 val=02 r14=2 PC=46C0 AF=8E10 BC=0099 DE=8810 HL=9640 IX=5593 IY=0120
VDP_REG14 val=02 r14=2 PC=46C0 AF=8E10 BC=0099 DE=8814 HL=96C0 IX=5593 IY=0120
VDP_REG14 val=02 r14=2 PC=46C0 AF=8E10 BC=0099 DE=8818 HL=9740 IX=5593 IY=0120
VDP_REG14 val=02 r14=2 PC=46C0 AF=8E10 BC=0099 DE=881C HL=97C0 IX=5593 IY=0120
VDP_REG14 val=02 r14=2 PC=46C0 AF=8E10 BC=0099 DE=8820 HL=9444 IX=5593 IY=0120
VDP_REG14 val=02 r14=2 PC=46C0 AF=8E10 BC=0099 DE=8824 HL=94C4 IX=5593 IY=0120
VDP_REG14 val=02 r14=2 PC=46C0 AF=8E10 BC=0099 DE=8828 HL=9544 IX=5593 IY=0120
VDP_REG14 val=02 r14=2 PC=46C0 AF=8E10 BC=0099 DE=882C HL=95C4 IX=5593 IY=0120
VDP_REG14 val=02 r14=2 PC=46C0 AF=8E10 BC=0099 DE=8830 HL=9644 IX=5593 IY=0120
VDP_REG14 val=02 r14=2 PC=46C0 AF=8E10 BC=0099 DE=8834 HL=96C4 IX=5593 IY=0120
VDP_REG14 val=02 r14=2 PC=46C0 AF=8E10 BC=0099 DE=8838 HL=9744 IX=5593 IY=0120
VDP_REG14 val=02 r14=2 PC=46C0 AF=8E10 BC=0099 DE=883C HL=97C4 IX=5593 IY=0120
VDP_REG14 val=02 r14=2 PC=46C0 AF=8E10 BC=0099 DE=8840 HL=9448 IX=5593 IY=0120
VDP_REG14 val=02 r14=2 PC=46C0 AF=8E10 BC=0099 DE=8844 HL=94C8 IX=5593 IY=0120
VDP_REG14 val=02 r14=2 PC=46C0 AF=8E10 BC=0099 DE=8848 HL=9548 IX=5593 IY=0120
VDP_REG14 val=02 r14=2 PC=46C0 AF=8E10 BC=0099 DE=884C HL=95C8 IX=5593 IY=0120
VDP_REG14 val=02 r14=2 PC=46C0 AF=8E10 BC=0099 DE=8850 HL=9648 IX=5593 IY=0120
VDP_REG14 val=02 r14=2 PC=46C0 AF=8E10 BC=0099 DE=8854 HL=96C8 IX=5593 IY=0120
VDP_REG14 val=02 r14=2 PC=46C0 AF=8E10 BC=0099 DE=8858 HL=9748 IX=5593 IY=0120
VDP_REG14 val=02 r14=2 PC=46C0 AF=8E10 BC=0099 DE=885C HL=97C8 IX=5593 IY=0120
VDP_REG14 val=02 r14=2 PC=46C0 AF=8E10 BC=0099 DE=8860 HL=944C IX=5593 IY=0120
VDP_REG14 val=02 r14=2 PC=46C0 AF=8E10 BC=0099 DE=8864 HL=94CC IX=5593 IY=0120
VDP_REG14 val=02 r14=2 PC=46C0 AF=8E10 BC=0099 DE=8868 HL=954C IX=5593 IY=0120
VDP_REG14 val=02 r14=2 PC=46C0 AF=8E10 BC=0099 DE=886C HL=95CC IX=5593 IY=0120
VDP_REG14 val=02 r14=2 PC=46C0 AF=8E10 BC=0099 DE=8870 HL=964C IX=5593 IY=0120
VDP_REG14 val=02 r14=2 PC=46C0 AF=8E10 BC=0099 DE=8874 HL=96CC IX=5593 IY=0120
VDP_REG14 val=02 r14=2 PC=46C0 AF=8E10 BC=0099 DE=8878 HL=974C IX=5593 IY=0120
VDP_REG14 val=02 r14=2 PC=46C0 AF=8E10 BC=0099 DE=887C HL=97CC IX=5593 IY=0120
VDP_REG14 val=02 r14=2 PC=46C0 AF=8E10 BC=0099 DE=8880 HL=9450 IX=5593 IY=0120
VDP_REG14 val=02 r14=2 PC=46C0 AF=8E10 BC=0099 DE=8884 HL=94D0 IX=5593 IY=0120
VDP_REG14 val=02 r14=2 PC=46C0 AF=8E10 BC=0099 DE=8888 HL=9550 IX=5593 IY=0120
VDP_REG14 val=02 r14=2 PC=46C0 AF=8E10 BC=0099 DE=888C HL=95D0 IX=5593 IY=0120
VDP_REG14 val=02 r14=2 PC=46C0 AF=8E10 BC=0099 DE=8890 HL=9650 IX=5593 IY=0120
VDP_REG14 val=02 r14=2 PC=46C0 AF=8E10 BC=0099 DE=8894 HL=96D0 IX=5593 IY=0120
VDP_REG14 val=02 r14=2 PC=46C0 AF=8E10 BC=0099 DE=8898 HL=9750 IX=5593 IY=0120
VDP_REG14 val=02 r14=2 PC=46C0 AF=8E10 BC=0099 DE=889C HL=97D0 IX=5593 IY=0120
VDP_REG14 val=02 r14=2 PC=46C0 AF=8E10 BC=0099 DE=88A0 HL=9454 IX=5593 IY=0120
VDP_REG14 val=02 r14=2 PC=46C0 AF=8E10 BC=0099 DE=88A4 HL=94D4 IX=5593 IY=0120
VDP_REG14 val=02 r14=2 PC=46C0 AF=8E10 BC=0099 DE=88A8 HL=9554 IX=5593 IY=0120
VDP_REG14 val=02 r14=2 PC=46C0 AF=8E10 BC=0099 DE=88AC HL=95D4 IX=5593 IY=0120
VDP_REG14 val=02 r14=2 PC=46C0 AF=8E10 BC=0099 DE=88B0 HL=9654 IX=5593 IY=0120
VDP_REG14 val=02 r14=2 PC=46C0 AF=8E10 BC=0099 DE=88B4 HL=96D4 IX=5593 IY=0120
VDP_REG14 val=02 r14=2 PC=46C0 AF=8E10 BC=0099 DE=88B8 HL=9754 IX=5593 IY=0120
VDP_REG14 val=02 r14=2 PC=46C0 AF=8E10 BC=0099 DE=88BC HL=97D4 IX=5593 IY=0120
VDP_REG14 val=02 r14=2 PC=46C0 AF=8E10 BC=0099 DE=88C0 HL=9458 IX=5593 IY=0120
VDP_REG14 val=02 r14=2 PC=46C0 AF=8E10 BC=0099 DE=88C4 HL=94D8 IX=5593 IY=0120
VDP_REG14 val=02 r14=2 PC=46C0 AF=8E10 BC=0099 DE=88C8 HL=9558 IX=5593 IY=0120
VDP_REG14 val=02 r14=2 PC=46C0 AF=8E10 BC=0099 DE=88CC HL=95D8 IX=5593 IY=0120
VDP_REG14 val=02 r14=2 PC=46C0 AF=8E10 BC=0099 DE=88D0 HL=9658 IX=5593 IY=0120
VDP_REG14 val=02 r14=2 PC=46C0 AF=8E10 BC=0099 DE=88D4 HL=96D8 IX=5593 IY=0120
VDP_REG14 val=02 r14=2 PC=46C0 AF=8E10 BC=0099 DE=88D8 HL=9758 IX=5593 IY=0120
VDP_REG14 val=02 r14=2 PC=46C0 AF=8E10 BC=0099 DE=88DC HL=97D8 IX=5593 IY=0120
VDP_REG14 val=02 r14=2 PC=46C0 AF=8E10 BC=0099 DE=88E0 HL=945C IX=5593 IY=0120
VDP_REG14 val=02 r14=2 PC=46C0 AF=8E10 BC=0099 DE=88E4 HL=94DC IX=5593 IY=0120
VDP_REG14 val=02 r14=2 PC=46C0 AF=8E10 BC=0099 DE=88E8 HL=955C IX=5593 IY=0120
VDP_REG14 val=02 r14=2 PC=46C0 AF=8E10 BC=0099 DE=88EC HL=95DC IX=5593 IY=0120
VDP_REG14 val=02 r14=2 PC=46C0 AF=8E10 BC=0099 DE=88F0 HL=965C IX=5593 IY=0120
VDP_REG14 val=02 r14=2 PC=46C0 AF=8E10 BC=0099 DE=88F4 HL=96DC IX=5593 IY=0120
VDP_REG14 val=02 r14=2 PC=46C0 AF=8E10 BC=0099 DE=88F8 HL=975C IX=5593 IY=0120
VDP_REG14 val=02 r14=2 PC=46C0 AF=8E10 BC=0099 DE=88FC HL=97DC IX=5593 IY=0120
VDP_REG14 val=02 r14=2 PC=46C0 AF=8E10 BC=0099 DE=8900 HL=9460 IX=5593 IY=0120
VDP_REG14 val=02 r14=2 PC=46C0 AF=8E10 BC=0099 DE=8904 HL=94E0 IX=5593 IY=0120
VDP_REG14 val=02 r14=2 PC=46C0 AF=8E10 BC=0099 DE=8908 HL=9560 IX=5593 IY=0120
VDP_REG14 val=02 r14=2 PC=46C0 AF=8E10 BC=0099 DE=890C HL=95E0 IX=5593 IY=0120
VDP_REG14 val=02 r14=2 PC=46C0 AF=8E10 BC=0099 DE=8910 HL=9660 IX=5593 IY=0120
VDP_REG14 val=02 r14=2 PC=46C0 AF=8E10 BC=0099 DE=8914 HL=96E0 IX=5593 IY=0120
VDP_REG14 val=02 r14=2 PC=46C0 AF=8E10 BC=0099 DE=8918 HL=9760 IX=5593 IY=0120
VDP_REG14 val=02 r14=2 PC=46C0 AF=8E10 BC=0099 DE=891C HL=97E0 IX=5593 IY=0120
VDP_REG14 val=02 r14=2 PC=46C0 AF=8E10 BC=0099 DE=8920 HL=9464 IX=5593 IY=0120
VDP_REG14 val=02 r14=2 PC=46C0 AF=8E10 BC=0099 DE=8924 HL=94E4 IX=5593 IY=0120
VDP_REG14 val=02 r14=2 PC=46C0 AF=8E10 BC=0099 DE=8928 HL=9564 IX=5593 IY=0120
VDP_REG14 val=02 r14=2 PC=46C0 AF=8E10 BC=0099 DE=892C HL=95E4 IX=5593 IY=0120
VDP_REG14 val=02 r14=2 PC=46C0 AF=8E10 BC=0099 DE=8930 HL=9664 IX=5593 IY=0120
VDP_REG14 val=02 r14=2 PC=46C0 AF=8E10 BC=0099 DE=8934 HL=96E4 IX=5593 IY=0120
VDP_REG14 val=02 r14=2 PC=46C0 AF=8E10 BC=0099 DE=8938 HL=9764 IX=5593 IY=0120
VDP_REG14 val=02 r14=2 PC=46C0 AF=8E10 BC=0099 DE=893C HL=97E4 IX=5593 IY=0120
VDP_REG14 val=02 r14=2 PC=46C0 AF=8E10 BC=0099 DE=8940 HL=9468 IX=5593 IY=0120
VDP_REG14 val=02 r14=2 PC=46C0 AF=8E10 BC=0099 DE=8944 HL=94E8 IX=5593 IY=0120
VDP_REG14 val=02 r14=2 PC=46C0 AF=8E10 BC=0099 DE=8948 HL=9568 IX=5593 IY=0120
VDP_REG14 val=02 r14=2 PC=46C0 AF=8E10 BC=0099 DE=894C HL=95E8 IX=5593 IY=0120
VDP_REG14 val=02 r14=2 PC=46C0 AF=8E10 BC=0099 DE=8950 HL=9668 IX=5593 IY=0120
VDP_REG14 val=02 r14=2 PC=46C0 AF=8E10 BC=0099 DE=8954 HL=96E8 IX=5593 IY=0120
VDP_REG14 val=02 r14=2 PC=46C0 AF=8E10 BC=0099 DE=8958 HL=9768 IX=5593 IY=0120
VDP_REG14 val=02 r14=2 PC=46C0 AF=8E10 BC=0099 DE=895C HL=97E8 IX=5593 IY=0120
VDP_REG14 val=02 r14=2 PC=46C0 AF=8E10 BC=0099 DE=8960 HL=946C IX=5593 IY=0120
VDP_REG14 val=02 r14=2 PC=46C0 AF=8E10 BC=0099 DE=8964 HL=94EC IX=5593 IY=0120
VDP_REG14 val=02 r14=2 PC=46C0 AF=8E10 BC=0099 DE=8968 HL=956C IX=5593 IY=0120
VDP_REG14 val=02 r14=2 PC=46C0 AF=8E10 BC=0099 DE=896C HL=95EC IX=5593 IY=0120
VDP_REG14 val=02 r14=2 PC=46C0 AF=8E10 BC=0099 DE=8970 HL=966C IX=5593 IY=0120
VDP_REG14 val=02 r14=2 PC=46C0 AF=8E10 BC=0099 DE=8974 HL=96EC IX=5593 IY=0120
VDP_REG14 val=02 r14=2 PC=46C0 AF=8E10 BC=0099 DE=8978 HL=976C IX=5593 IY=0120
VDP_REG14 val=02 r14=2 PC=46C0 AF=8E10 BC=0099 DE=897C HL=97EC IX=5593 IY=0120
VDP_REG14 val=02 r14=2 PC=46C0 AF=8E10 BC=0099 DE=8980 HL=9470 IX=5593 IY=0120
VDP_REG14 val=02 r14=2 PC=46C0 AF=8E10 BC=0099 DE=8984 HL=94F0 IX=5593 IY=0120
VDP_REG14 val=02 r14=2 PC=46C0 AF=8E10 BC=0099 DE=8988 HL=9570 IX=5593 IY=0120
VDP_REG14 val=02 r14=2 PC=46C0 AF=8E10 BC=0099 DE=898C HL=95F0 IX=5593 IY=0120
VDP_REG14 val=02 r14=2 PC=46C0 AF=8E10 BC=0099 DE=8990 HL=9670 IX=5593 IY=0120
VDP_REG14 val=02 r14=2 PC=46C0 AF=8E10 BC=0099 DE=8994 HL=96F0 IX=5593 IY=0120
VDP_REG14 val=02 r14=2 PC=46C0 AF=8E10 BC=0099 DE=8998 HL=9770 IX=5593 IY=0120
VDP_REG14 val=02 r14=2 PC=46C0 AF=8E10 BC=0099 DE=899C HL=97F0 IX=5593 IY=0120
VDP_REG14 val=02 r14=2 PC=46C0 AF=8E10 BC=0099 DE=89A0 HL=9474 IX=5593 IY=0120
VDP_REG14 val=02 r14=2 PC=46C0 AF=8E10 BC=0099 DE=89A4 HL=94F4 IX=5593 IY=0120
VDP_REG14 val=02 r14=2 PC=46C0 AF=8E10 BC=0099 DE=89A8 HL=9574 IX=5593 IY=0120
VDP_REG14 val=02 r14=2 PC=46C0 AF=8E10 BC=0099 DE=89AC HL=95F4 IX=5593 IY=0120
VDP_REG14 val=02 r14=2 PC=46C0 AF=8E10 BC=0099 DE=89B0 HL=9674 IX=5593 IY=0120
VDP_REG14 val=02 r14=2 PC=46C0 AF=8E10 BC=0099 DE=89B4 HL=96F4 IX=5593 IY=0120
VDP_REG14 val=02 r14=2 PC=46C0 AF=8E10 BC=0099 DE=89B8 HL=9774 IX=5593 IY=0120
VDP_REG14 val=02 r14=2 PC=46C0 AF=8E10 BC=0099 DE=89BC HL=97F4 IX=5593 IY=0120
VDP_REG14 val=02 r14=2 PC=46C0 AF=8E10 BC=0099 DE=89C0 HL=9478 IX=5593 IY=0120
VDP_REG14 val=02 r14=2 PC=46C0 AF=8E10 BC=0099 DE=89C4 HL=94F8 IX=5593 IY=0120
VDP_REG14 val=02 r14=2 PC=46C0 AF=8E10 BC=0099 DE=89C8 HL=9578 IX=5593 IY=0120
VDP_REG14 val=02 r14=2 PC=46C0 AF=8E10 BC=0099 DE=89CC HL=95F8 IX=5593 IY=0120
VDP_REG14 val=02 r14=2 PC=46C0 AF=8E10 BC=0099 DE=89D0 HL=9678 IX=5593 IY=0120
VDP_REG14 val=02 r14=2 PC=46C0 AF=8E10 BC=0099 DE=89D4 HL=96F8 IX=5593 IY=0120
VDP_REG14 val=02 r14=2 PC=46C0 AF=8E10 BC=0099 DE=89D8 HL=9778 IX=5593 IY=0120
VDP_REG14 val=02 r14=2 PC=46C0 AF=8E10 BC=0099 DE=89DC HL=97F8 IX=5593 IY=0120
VDP_REG14 val=02 r14=2 PC=46C0 AF=8E10 BC=0099 DE=89E0 HL=947C IX=5593 IY=0120
VDP_REG14 val=02 r14=2 PC=46C0 AF=8E10 BC=0099 DE=89E4 HL=94FC IX=5593 IY=0120
VDP_REG14 val=02 r14=2 PC=46C0 AF=8E10 BC=0099 DE=89E8 HL=957C IX=5593 IY=0120
VDP_REG14 val=02 r14=2 PC=46C0 AF=8E10 BC=0099 DE=89EC HL=95FC IX=5593 IY=0120
VDP_REG14 val=02 r14=2 PC=46C0 AF=8E10 BC=0099 DE=89F0 HL=967C IX=5593 IY=0120
VDP_REG14 val=02 r14=2 PC=46C0 AF=8E10 BC=0099 DE=89F4 HL=96FC IX=5593 IY=0120
VDP_REG14 val=02 r14=2 PC=46C0 AF=8E10 BC=0099 DE=89F8 HL=977C IX=5593 IY=0120
VDP_REG14 val=02 r14=2 PC=46C0 AF=8E10 BC=0099 DE=89FC HL=97FC IX=5593 IY=0120
VDP_REG14 val=03 r14=3 PC=46C0 AF=8E14 BC=0099 DE=0000 HL=F680 IX=5593 IY=0120
VDP_REG14 val=03 r14=3 PC=46C0 AF=8E14 BC=0199 DE=7405 HL=F682 IX=5593 IY=0120
VDP_REG14 val=03 r14=3 PC=46C0 AF=8E14 BC=0299 DE=1101 HL=F684 IX=5593 IY=0120
VDP_REG14 val=03 r14=3 PC=46C0 AF=8E14 BC=0399 DE=6302 HL=F686 IX=5593 IY=0120
VDP_REG14 val=03 r14=3 PC=46C0 AF=8E14 BC=0899 DE=7100 HL=F690 IX=5593 IY=0120
VDP_REG14 val=03 r14=3 PC=46C0 AF=8E14 BC=0C99 DE=5505 HL=F698 IX=5593 IY=0120
VDP_REG14 val=03 r14=3 PC=46C0 AF=8E14 BC=0E99 DE=7707 HL=F69C IX=5593 IY=0120
VDP_REG14 val=03 r14=3 PC=46C0 AF=8E14 BC=0F99 DE=0700 HL=F69E IX=5593 IY=0120
VDP_REG14 val=03 r14=3 PC=46C0 AF=8E14 BC=0599 DE=0400 HL=F68A IX=5593 IY=0120
VDP_REG14 val=03 r14=3 PC=46C0 AF=8E14 BC=0799 DE=0002 HL=F68E IX=5593 IY=0120
VDP_REG14 val=03 r14=3 PC=46C0 AF=8E14 BC=0999 DE=3000 HL=F692 IX=5593 IY=0120
VDP_REG14 val=03 r14=3 PC=46C0 AF=8E14 BC=0A99 DE=4000 HL=F694 IX=5593 IY=0120
VDP_REG14 val=03 r14=3 PC=46C0 AF=8E14 BC=0B99 DE=4103 HL=F696 IX=5593 IY=0120
VDP_REG14 val=03 r14=3 PC=46C0 AF=8E14 BC=0D99 DE=2202 HL=F69A IX=5593 IY=0120
VDP_REG14 val=03 r14=3 PC=46C0 AF=8E14 BC=FA99 DE=B3E8 HL=FA00 IX=5593 IY=0120
VDP_REG14 val=03 r14=3 PC=46C0 AF=8E14 BC=FE99 DE=B051 HL=FE80 IX=5593 IY=0120
VDP_REG14 val=03 r14=3 PC=46C0 AF=8E14 BC=FE99 DE=B07A HL=FEC0 IX=5593 IY=0120
VDP_REG14 val=03 r14=3 PC=46DF AF=8E14 BC=0099 DE=E800 HL=FA00 IX=5593 IY=0120
VDP_REG14 val=03 r14=3 PC=46C0 AF=8E14 BC=0099 DE=EC00 HL=FAC0 IX=5593 IY=0120
VDP_REG14 val=03 r14=3 PC=46C0 AF=8E14 BC=0499 DE=7601 HL=F688 IX=5593 IY=0120
VDP_REG14 val=03 r14=3 PC=46C0 AF=8E14 BC=0699 DE=7506 HL=F68C IX=5593 IY=0120
VDP_REG14 val=03 r14=3 PC=46C0 AF=8E14 BC=0099 DE=ACD1 HL=F800 IX=5593 IY=0120
VDP_REG14 val=03 r14=3 PC=46C0 AF=8E14 BC=0099 DE=AC93 HL=F840 IX=5593 IY=0120
VDP_REG14 val=03 r14=3 PC=46C0 AF=8E14 BC=0099 DE=4166 HL=F400 IX=4075 IY=0120
VDP_REG14 val=03 r14=3 PC=46C0 AF=8E14 BC=0099 DE=0066 HL=F600 IX=4075 IY=0120
VDP_REG14 val=03 r14=3 PC=46C0 AF=8E14 BC=0099 DE=ACD1 HL=F800 IX=4075 IY=0120
VDP_REG14 val=03 r14=3 PC=46C0 AF=8E14 BC=0099 DE=AC93 HL=F840 IX=4075 IY=0120
VDP_REG14 val=03 r14=3 PC=46C0 AF=8E14 BC=0099 DE=4166 HL=F400 IX=4075 IY=0120
VDP_REG14 val=03 r14=3 PC=46C0 AF=8E14 BC=0099 DE=0066 HL=F600 IX=4075 IY=0120
VDP_REG14 val=03 r14=3 PC=46C0 AF=8E14 BC=0099 DE=ACD1 HL=F800 IX=4075 IY=0120
VDP_REG14 val=03 r14=3 PC=46C0 AF=8E14 BC=0099 DE=AC93 HL=F840 IX=4075 IY=0120
VDP_REG14 val=03 r14=3 PC=46C0 AF=8E14 BC=0099 DE=4166 HL=F400 IX=4075 IY=0120
VDP_REG14 val=03 r14=3 PC=46C0 AF=8E14 BC=0099 DE=0066 HL=F600 IX=4075 IY=0120
VDP_REG14 val=03 r14=3 PC=46C0 AF=8E14 BC=0099 DE=ACD1 HL=F800 IX=4075 IY=0120
VDP_REG14 val=03 r14=3 PC=46C0 AF=8E14 BC=0099 DE=AC93 HL=F840 IX=4075 IY=0120
VDP_REG14 val=03 r14=3 PC=46C0 AF=8E14 BC=0099 DE=4166 HL=F400 IX=4075 IY=0120
VDP_REG14 val=03 r14=3 PC=46C0 AF=8E14 BC=0099 DE=0066 HL=F600 IX=4075 IY=0120
VDP_REG14 val=03 r14=3 PC=46C0 AF=8E14 BC=0099 DE=ACD1 HL=F800 IX=4075 IY=0120
VDP_REG14 val=03 r14=3 PC=46C0 AF=8E14 BC=0099 DE=AC93 HL=F840 IX=4075 IY=0120
VDP_REG14 val=03 r14=3 PC=46C0 AF=8E14 BC=0099 DE=4166 HL=F400 IX=4075 IY=0120
VDP_REG14 val=03 r14=3 PC=46C0 AF=8E14 BC=0099 DE=0066 HL=F600 IX=4075 IY=0120
VDP_REG14 val=03 r14=3 PC=46C0 AF=8E14 BC=0099 DE=ACD1 HL=F800 IX=4075 IY=0120
VDP_REG14 val=03 r14=3 PC=46C0 AF=8E14 BC=0099 DE=AC93 HL=F840 IX=4075 IY=0120
VDP_REG14 val=03 r14=3 PC=46C0 AF=8E14 BC=0099 DE=4166 HL=F400 IX=4075 IY=0120
VDP_REG14 val=03 r14=3 PC=46C0 AF=8E14 BC=0099 DE=0066 HL=F600 IX=4075 IY=0120
VDP_REG14 val=03 r14=3 PC=46C0 AF=8E14 BC=0099 DE=ACD1 HL=F800 IX=4075 IY=0120
VDP_REG14 val=03 r14=3 PC=46C0 AF=8E14 BC=0099 DE=AC93 HL=F840 IX=4075 IY=0120
VDP_REG14 val=03 r14=3 PC=46C0 AF=8E14 BC=0099 DE=4166 HL=F400 IX=4075 IY=0120
VDP_REG14 val=03 r14=3 PC=46C0 AF=8E14 BC=0099 DE=0066 HL=F600 IX=4075 IY=0120
VDP_REG14 val=03 r14=3 PC=46C0 AF=8E14 BC=0099 DE=ACD1 HL=F800 IX=4075 IY=0120
VDP_REG14 val=03 r14=3 PC=46C0 AF=8E14 BC=0099 DE=AC93 HL=F840 IX=4075 IY=0120
VDP_REG14 val=03 r14=3 PC=46C0 AF=8E14 BC=0099 DE=4166 HL=F400 IX=4075 IY=0120
VDP_REG14 val=03 r14=3 PC=46C0 AF=8E14 BC=0099 DE=0066 HL=F600 IX=4075 IY=0120
VDP_REG14 val=03 r14=3 PC=46C0 AF=8E14 BC=0099 DE=ACD1 HL=F800 IX=4075 IY=0120
VDP_REG14 val=03 r14=3 PC=46C0 AF=8E14 BC=0099 DE=AC93 HL=F840 IX=4075 IY=0120
VDP_REG14 val=03 r14=3 PC=46C0 AF=8E14 BC=0099 DE=4166 HL=F400 IX=4075 IY=0120
VDP_REG14 val=03 r14=3 PC=46C0 AF=8E14 BC=0099 DE=0066 HL=F600 IX=4075 IY=0120
VDP_REG14 val=03 r14=3 PC=46C0 AF=8E14 BC=0099 DE=ACD1 HL=F800 IX=4075 IY=0120
VDP_REG14 val=03 r14=3 PC=46C0 AF=8E14 BC=0099 DE=AC93 HL=F840 IX=4075 IY=0120
VDP_REG14 val=03 r14=3 PC=46C0 AF=8E14 BC=0099 DE=4166 HL=F400 IX=4075 IY=0120
VDP_REG14 val=03 r14=3 PC=46C0 AF=8E14 BC=0099 DE=0066 HL=F600 IX=4075 IY=0120
VDP_REG14 val=03 r14=3 PC=46C0 AF=8E14 BC=0099 DE=ACD1 HL=F800 IX=4075 IY=0120
VDP_REG14 val=03 r14=3 PC=46C0 AF=8E14 BC=0099 DE=AC93 HL=F840 IX=4075 IY=0120
VDP_REG14 val=03 r14=3 PC=46C0 AF=8E14 BC=0099 DE=4166 HL=F400 IX=4075 IY=0120
VDP_REG14 val=03 r14=3 PC=46C0 AF=8E14 BC=0099 DE=0066 HL=F600 IX=4075 IY=0120
VDP_REG14 val=03 r14=3 PC=46C0 AF=8E14 BC=0099 DE=ACD1 HL=F800 IX=4075 IY=0120
VDP_REG14 val=03 r14=3 PC=46C0 AF=8E14 BC=0099 DE=AC93 HL=F840 IX=4075 IY=0120
VDP_REG14 val=03 r14=3 PC=46C0 AF=8E14 BC=0099 DE=4166 HL=F400 IX=4075 IY=0120
VDP_REG14 val=03 r14=3 PC=46C0 AF=8E14 BC=0099 DE=0066 HL=F600 IX=4075 IY=0120
VDP_REG14 val=03 r14=3 PC=46C0 AF=8E14 BC=0099 DE=ACD1 HL=F800 IX=4075 IY=0120
VDP_REG14 val=03 r14=3 PC=46C0 AF=8E14 BC=0099 DE=AC93 HL=F840 IX=4075 IY=0120
VDP_REG14 val=03 r14=3 PC=46C0 AF=8E14 BC=0099 DE=4166 HL=F400 IX=4075 IY=0120
VDP_REG14 val=03 r14=3 PC=46C0 AF=8E14 BC=0099 DE=0066 HL=F600 IX=4075 IY=0120
VDP_REG14 val=03 r14=3 PC=46C0 AF=8E14 BC=0099 DE=ACD1 HL=F800 IX=4075 IY=0120
VDP_REG14 val=03 r14=3 PC=46C0 AF=8E14 BC=0099 DE=AC93 HL=F840 IX=4075 IY=0120
VDP_REG14 val=03 r14=3 PC=46C0 AF=8E14 BC=0099 DE=4166 HL=F400 IX=4075 IY=0120
VDP_REG14 val=03 r14=3 PC=46C0 AF=8E14 BC=0099 DE=0066 HL=F600 IX=4075 IY=0120
VDP_REG14 val=03 r14=3 PC=46C0 AF=8E14 BC=0099 DE=ACD1 HL=F800 IX=4075 IY=0120
VDP_REG14 val=03 r14=3 PC=46C0 AF=8E14 BC=0099 DE=AC93 HL=F840 IX=4075 IY=0120
VDP_REG14 val=03 r14=3 PC=46C0 AF=8E14 BC=0099 DE=4166 HL=F400 IX=4075 IY=0120
VDP_REG14 val=03 r14=3 PC=46C0 AF=8E14 BC=0099 DE=0066 HL=F600 IX=4075 IY=0120
VDP_REG14 val=03 r14=3 PC=46C0 AF=8E14 BC=0099 DE=ACD1 HL=F800 IX=4075 IY=0120
VDP_REG14 val=03 r14=3 PC=46C0 AF=8E14 BC=0099 DE=AC93 HL=F840 IX=4075 IY=0120
VDP_REG14 val=03 r14=3 PC=46C0 AF=8E14 BC=0099 DE=4166 HL=F400 IX=4075 IY=0120
VDP_REG14 val=03 r14=3 PC=46C0 AF=8E14 BC=0099 DE=0066 HL=F600 IX=4075 IY=0120
VDP_REG14 val=03 r14=3 PC=46C0 AF=8E14 BC=0099 DE=ACD1 HL=F800 IX=4075 IY=0120
VDP_REG14 val=03 r14=3 PC=46C0 AF=8E14 BC=0099 DE=AC93 HL=F840 IX=4075 IY=0120
VDP_REG14 val=03 r14=3 PC=46C0 AF=8E14 BC=0099 DE=4166 HL=F400 IX=4075 IY=0120
VDP_REG14 val=03 r14=3 PC=46C0 AF=8E14 BC=0099 DE=0066 HL=F600 IX=4075 IY=0120
VDP_REG14 val=03 r14=3 PC=46C0 AF=8E14 BC=0099 DE=ACD1 HL=F800 IX=4075 IY=0120
VDP_REG14 val=03 r14=3 PC=46C0 AF=8E14 BC=0099 DE=AC93 HL=F840 IX=4075 IY=0120
VDP_REG14 val=03 r14=3 PC=46C0 AF=8E14 BC=0099 DE=4166 HL=F400 IX=4075 IY=0120
VDP_REG14 val=03 r14=3 PC=46C0 AF=8E14 BC=0099 DE=0066 HL=F600 IX=4075 IY=0120
VDP_REG14 val=03 r14=3 PC=46C0 AF=8E14 BC=0099 DE=ACD1 HL=F800 IX=4075 IY=0120
VDP_REG14 val=03 r14=3 PC=46C0 AF=8E14 BC=0099 DE=AC93 HL=F840 IX=4075 IY=0120
VDP_REG14 val=03 r14=3 PC=46C0 AF=8E14 BC=0099 DE=4166 HL=F400 IX=4075 IY=0120
VDP_REG14 val=03 r14=3 PC=46C0 AF=8E14 BC=0099 DE=0066 HL=F600 IX=4075 IY=0120
VDP_REG14 val=03 r14=3 PC=46C0 AF=8E14 BC=0099 DE=ACD1 HL=F800 IX=4075 IY=0120
VDP_REG14 val=03 r14=3 PC=46C0 AF=8E14 BC=0099 DE=AC93 HL=F840 IX=4075 IY=0120
VDP_REG14 val=03 r14=3 PC=46C0 AF=8E14 BC=0099 DE=4166 HL=F400 IX=4075 IY=0120
VDP_REG14 val=03 r14=3 PC=46C0 AF=8E14 BC=0099 DE=0066 HL=F600 IX=4075 IY=0120
VDP_REG14 val=03 r14=3 PC=46C0 AF=8E14 BC=0099 DE=ACD1 HL=F800 IX=4075 IY=0120
VDP_REG14 val=03 r14=3 PC=46C0 AF=8E14 BC=0099 DE=AC93 HL=F840 IX=4075 IY=0120
VDP_REG14 val=03 r14=3 PC=46C0 AF=8E14 BC=0099 DE=4166 HL=F400 IX=4075 IY=0120
VDP_REG14 val=03 r14=3 PC=46C0 AF=8E14 BC=0099 DE=0066 HL=F600 IX=4075 IY=0120
VDP_REG14 val=03 r14=3 PC=46C0 AF=8E14 BC=0099 DE=ACD1 HL=F800 IX=4075 IY=0120
VDP_REG14 val=03 r14=3 PC=46C0 AF=8E14 BC=0099 DE=AC93 HL=F840 IX=4075 IY=0120
VDP_REG14 val=03 r14=3 PC=46C0 AF=8E14 BC=0099 DE=4166 HL=F400 IX=4075 IY=0120
VDP_REG14 val=03 r14=3 PC=46C0 AF=8E14 BC=0099 DE=0066 HL=F600 IX=4075 IY=0120
VDP_REG14 val=03 r14=3 PC=46C0 AF=8E14 BC=0099 DE=ACD1 HL=F800 IX=4075 IY=0120
VDP_REG14 val=03 r14=3 PC=46C0 AF=8E14 BC=0099 DE=AC93 HL=F840 IX=4075 IY=0120
VDP_REG14 val=03 r14=3 PC=46C0 AF=8E14 BC=0099 DE=4166 HL=F400 IX=4075 IY=0120
VDP_REG14 val=03 r14=3 PC=46C0 AF=8E14 BC=0099 DE=0066 HL=F600 IX=4075 IY=0120
VDP_REG14 val=03 r14=3 PC=46C0 AF=8E14 BC=0099 DE=ACD1 HL=F800 IX=4075 IY=0120
VDP_REG14 val=03 r14=3 PC=46C0 AF=8E14 BC=0099 DE=AC93 HL=F840 IX=4075 IY=0120
VDP_REG14 val=03 r14=3 PC=46C0 AF=8E14 BC=0099 DE=4166 HL=F400 IX=4075 IY=0120
VDP_REG14 val=03 r14=3 PC=46C0 AF=8E14 BC=0099 DE=0066 HL=F600 IX=4075 IY=0120
VDP_REG14 val=03 r14=3 PC=46C0 AF=8E14 BC=0099 DE=ACD1 HL=F800 IX=4075 IY=0120
VDP_REG14 val=03 r14=3 PC=46C0 AF=8E14 BC=0099 DE=AC93 HL=F840 IX=4075 IY=0120
VDP_REG14 val=03 r14=3 PC=46C0 AF=8E14 BC=0099 DE=4166 HL=F400 IX=4075 IY=0120
VDP_REG14 val=03 r14=3 PC=46C0 AF=8E14 BC=0099 DE=0066 HL=F600 IX=4075 IY=0120
VDP_REG14 val=03 r14=3 PC=46C0 AF=8E14 BC=0099 DE=AD4E HL=F800 IX=4075 IY=0120
VDP_REG14 val=03 r14=3 PC=46C0 AF=8E14 BC=0099 DE=AD12 HL=F840 IX=4075 IY=0120
VDP_REG14 val=03 r14=3 PC=46C0 AF=8E14 BC=0099 DE=4166 HL=F400 IX=4075 IY=0120
VDP_REG14 val=03 r14=3 PC=46C0 AF=8E14 BC=0099 DE=0066 HL=F600 IX=4075 IY=0120
VDP_REG14 val=03 r14=3 PC=46C0 AF=8E14 BC=0099 DE=AD4E HL=F800 IX=4075 IY=0120
VDP_REG14 val=03 r14=3 PC=46C0 AF=8E14 BC=0099 DE=AD12 HL=F840 IX=4075 IY=0120
VDP_REG14 val=03 r14=3 PC=46C0 AF=8E14 BC=0099 DE=4166 HL=F400 IX=4075 IY=0120
VDP_REG14 val=03 r14=3 PC=46C0 AF=8E14 BC=0099 DE=0066 HL=F600 IX=4075 IY=0120
VDP_REG14 val=03 r14=3 PC=46C0 AF=8E14 BC=0099 DE=AD4E HL=F800 IX=4075 IY=0120
VDP_REG14 val=03 r14=3 PC=46C0 AF=8E14 BC=0099 DE=AD12 HL=F840 IX=4075 IY=0120
VDP_REG14 val=03 r14=3 PC=46C0 AF=8E14 BC=0099 DE=4166 HL=F400 IX=4075 IY=0120
VDP_REG14 val=03 r14=3 PC=46C0 AF=8E14 BC=0099 DE=0066 HL=F600 IX=4075 IY=0120
VDP_REG14 val=03 r14=3 PC=46C0 AF=8E14 BC=0099 DE=AD4E HL=F800 IX=4075 IY=0120
VDP_REG14 val=03 r14=3 PC=46C0 AF=8E14 BC=0099 DE=AD12 HL=F840 IX=4075 IY=0120
VDP_REG14 val=03 r14=3 PC=46C0 AF=8E14 BC=0099 DE=4166 HL=F400 IX=4075 IY=0120
VDP_REG14 val=03 r14=3 PC=46C0 AF=8E14 BC=0099 DE=0066 HL=F600 IX=4075 IY=0120
VDP_REG14 val=03 r14=3 PC=46C0 AF=8E14 BC=0099 DE=ADC3 HL=F800 IX=4075 IY=0120
VDP_REG14 val=03 r14=3 PC=46C0 AF=8E14 BC=0099 DE=AD87 HL=F840 IX=4075 IY=0120
VDP_REG14 val=03 r14=3 PC=46C0 AF=8E14 BC=0099 DE=4166 HL=F400 IX=4075 IY=0120
VDP_REG14 val=03 r14=3 PC=46C0 AF=8E14 BC=0099 DE=0066 HL=F600 IX=4075 IY=0120
VDP_REG14 val=03 r14=3 PC=46C0 AF=8E14 BC=0099 DE=ADC3 HL=F800 IX=4075 IY=0120
VDP_REG14 val=03 r14=3 PC=46C0 AF=8E14 BC=0099 DE=AD87 HL=F840 IX=4075 IY=0120
VDP_REG14 val=03 r14=3 PC=46C0 AF=8E14 BC=0099 DE=4166 HL=F400 IX=4075 IY=0120
VDP_REG14 val=03 r14=3 PC=46C0 AF=8E14 BC=0099 DE=0066 HL=F600 IX=4075 IY=0120
VDP_REG14 val=03 r14=3 PC=46C0 AF=8E14 BC=0099 DE=ADC3 HL=F800 IX=4075 IY=0120
VDP_REG14 val=03 r14=3 PC=46C0 AF=8E14 BC=0099 DE=AD87 HL=F840 IX=4075 IY=0120
VDP_REG14 val=03 r14=3 PC=46C0 AF=8E14 BC=0099 DE=4166 HL=F400 IX=4075 IY=0120
VDP_REG14 val=03 r14=3 PC=46C0 AF=8E14 BC=0099 DE=0066 HL=F600 IX=4075 IY=0120
VDP_REG14 val=03 r14=3 PC=46C0 AF=8E14 BC=0099 DE=ADC3 HL=F800 IX=4075 IY=0120
VDP_REG14 val=03 r14=3 PC=46C0 AF=8E14 BC=0099 DE=AD87 HL=F840 IX=4075 IY=0120
VDP_REG14 val=03 r14=3 PC=46C0 AF=8E14 BC=0099 DE=4166 HL=F400 IX=4075 IY=0120
VDP_REG14 val=03 r14=3 PC=46C0 AF=8E14 BC=0099 DE=0066 HL=F600 IX=4075 IY=0120
VDP_REG14 val=03 r14=3 PC=46C0 AF=8E14 BC=0099 DE=AD4E HL=F800 IX=4075 IY=0120
VDP_REG14 val=03 r14=3 PC=46C0 AF=8E14 BC=0099 DE=AD12 HL=F840 IX=4075 IY=0120
VDP_REG14 val=03 r14=3 PC=46C0 AF=8E14 BC=0099 DE=4166 HL=F400 IX=4075 IY=0120
VDP_REG14 val=03 r14=3 PC=46C0 AF=8E14 BC=0099 DE=0066 HL=F600 IX=4075 IY=0120
VDP_REG14 val=03 r14=3 PC=46C0 AF=8E14 BC=0099 DE=AD4E HL=F800 IX=4075 IY=0120
VDP_REG14 val=03 r14=3 PC=46C0 AF=8E14 BC=0099 DE=AD12 HL=F840 IX=4075 IY=0120
VDP_REG14 val=03 r14=3 PC=46C0 AF=8E14 BC=0099 DE=4166 HL=F400 IX=4075 IY=0120
VDP_REG14 val=03 r14=3 PC=46C0 AF=8E14 BC=0099 DE=0066 HL=F600 IX=4075 IY=0120
VDP_REG14 val=03 r14=3 PC=46C0 AF=8E14 BC=0099 DE=AD4E HL=F800 IX=4075 IY=0120
VDP_REG14 val=03 r14=3 PC=46C0 AF=8E14 BC=0099 DE=AD12 HL=F840 IX=4075 IY=0120
VDP_REG14 val=03 r14=3 PC=46C0 AF=8E14 BC=0099 DE=4166 HL=F400 IX=4075 IY=0120
VDP_REG14 val=03 r14=3 PC=46C0 AF=8E14 BC=0099 DE=0066 HL=F600 IX=4075 IY=0120
VDP_REG14 val=03 r14=3 PC=46C0 AF=8E14 BC=0099 DE=AD4E HL=F800 IX=4075 IY=0120
VDP_REG14 val=03 r14=3 PC=46C0 AF=8E14 BC=0099 DE=AD12 HL=F840 IX=4075 IY=0120
VDP_REG14 val=03 r14=3 PC=46C0 AF=8E14 BC=0099 DE=4166 HL=F400 IX=4075 IY=0120
VDP_REG14 val=03 r14=3 PC=46C0 AF=8E14 BC=0099 DE=0066 HL=F600 IX=4075 IY=0120
VDP_REG14 val=03 r14=3 PC=46C0 AF=8E14 BC=0099 DE=ACD1 HL=F800 IX=4075 IY=0120
VDP_REG14 val=03 r14=3 PC=46C0 AF=8E14 BC=0099 DE=AC93 HL=F840 IX=4075 IY=0120
VDP_REG14 val=03 r14=3 PC=46C0 AF=8E14 BC=0099 DE=4166 HL=F400 IX=4075 IY=0120
VDP_REG14 val=03 r14=3 PC=46C0 AF=8E14 BC=0099 DE=0066 HL=F600 IX=4075 IY=0120
VDP_REG14 val=03 r14=3 PC=46C0 AF=8E14 BC=0099 DE=ACD1 HL=F800 IX=4075 IY=0120
VDP_REG14 val=03 r14=3 PC=46C0 AF=8E14 BC=0099 DE=AC93 HL=F840 IX=4075 IY=0120
VDP_REG14 val=03 r14=3 PC=46C0 AF=8E14 BC=0099 DE=4166 HL=F400 IX=4075 IY=0120
VDP_REG14 val=03 r14=3 PC=46C0 AF=8E14 BC=0099 DE=0066 HL=F600 IX=4075 IY=0120
VDP_REG14 val=03 r14=3 PC=46C0 AF=8E14 BC=0099 DE=ACD1 HL=F800 IX=4075 IY=0120
VDP_REG14 val=03 r14=3 PC=46C0 AF=8E14 BC=0099 DE=AC93 HL=F840 IX=4075 IY=0120
VDP_REG14 val=03 r14=3 PC=46C0 AF=8E14 BC=0099 DE=4166 HL=F400 IX=4075 IY=0120
VDP_REG14 val=03 r14=3 PC=46C0 AF=8E14 BC=0099 DE=0066 HL=F600 IX=4075 IY=0120
VDP_REG14 val=03 r14=3 PC=46C0 AF=8E14 BC=0099 DE=ACD1 HL=F800 IX=4075 IY=0120
VDP_REG14 val=03 r14=3 PC=46C0 AF=8E14 BC=0099 DE=AC93 HL=F840 IX=4075 IY=0120
VDP_REG14 val=03 r14=3 PC=46C0 AF=8E14 BC=0099 DE=4166 HL=F400 IX=4075 IY=0120
VDP_REG14 val=03 r14=3 PC=46C0 AF=8E14 BC=0099 DE=0066 HL=F600 IX=4075 IY=0120
VDP_REG14 val=03 r14=3 PC=46C0 AF=8E14 BC=0099 DE=AD4E HL=F800 IX=4075 IY=0120
VDP_REG14 val=03 r14=3 PC=46C0 AF=8E14 BC=0099 DE=AD12 HL=F840 IX=4075 IY=0120
VDP_REG14 val=03 r14=3 PC=46C0 AF=8E14 BC=0099 DE=4166 HL=F400 IX=4075 IY=0120
VDP_REG14 val=03 r14=3 PC=46C0 AF=8E14 BC=0099 DE=0066 HL=F600 IX=4075 IY=0120
VDP_REG14 val=03 r14=3 PC=46C0 AF=8E14 BC=0099 DE=AD4E HL=F800 IX=4075 IY=0120
VDP_REG14 val=03 r14=3 PC=46C0 AF=8E14 BC=0099 DE=AD12 HL=F840 IX=4075 IY=0120
VDP_REG14 val=03 r14=3 PC=46C0 AF=8E14 BC=0099 DE=4166 HL=F400 IX=4075 IY=0120
VDP_REG14 val=03 r14=3 PC=46C0 AF=8E14 BC=0099 DE=0066 HL=F600 IX=4075 IY=0120
VDP_REG14 val=03 r14=3 PC=46C0 AF=8E14 BC=0099 DE=AD4E HL=F800 IX=4075 IY=0120
VDP_REG14 val=03 r14=3 PC=46C0 AF=8E14 BC=0099 DE=AD12 HL=F840 IX=4075 IY=0120
VDP_REG14 val=03 r14=3 PC=46C0 AF=8E14 BC=0099 DE=4166 HL=F400 IX=4075 IY=0120
VDP_REG14 val=03 r14=3 PC=46C0 AF=8E14 BC=0099 DE=0066 HL=F600 IX=4075 IY=0120
VDP_REG14 val=03 r14=3 PC=46C0 AF=8E14 BC=0099 DE=AD4E HL=F800 IX=4075 IY=0120
VDP_REG14 val=03 r14=3 PC=46C0 AF=8E14 BC=0099 DE=AD12 HL=F840 IX=4075 IY=0120
VDP_REG14 val=03 r14=3 PC=46C0 AF=8E14 BC=0099 DE=4166 HL=F400 IX=4075 IY=0120
VDP_REG14 val=03 r14=3 PC=46C0 AF=8E14 BC=0099 DE=0066 HL=F600 IX=4075 IY=0120
VDP_REG14 val=03 r14=3 PC=46C0 AF=8E14 BC=0099 DE=ADC3 HL=F800 IX=4075 IY=0120
VDP_REG14 val=03 r14=3 PC=46C0 AF=8E14 BC=0099 DE=AD87 HL=F840 IX=4075 IY=0120
VDP_REG14 val=03 r14=3 PC=46C0 AF=8E14 BC=0099 DE=4166 HL=F400 IX=4075 IY=0120
VDP_REG14 val=03 r14=3 PC=46C0 AF=8E14 BC=0099 DE=0066 HL=F600 IX=4075 IY=0120
VDP_REG14 val=03 r14=3 PC=46C0 AF=8E14 BC=0099 DE=ADC3 HL=F800 IX=4075 IY=0120
VDP_REG14 val=03 r14=3 PC=46C0 AF=8E14 BC=0099 DE=AD87 HL=F840 IX=4075 IY=0120
VDP_REG14 val=03 r14=3 PC=46C0 AF=8E14 BC=0099 DE=4166 HL=F400 IX=4075 IY=0120
VDP_REG14 val=03 r14=3 PC=46C0 AF=8E14 BC=0099 DE=0066 HL=F600 IX=4075 IY=0120
VDP_REG14 val=03 r14=3 PC=46C0 AF=8E14 BC=0099 DE=ADC3 HL=F800 IX=4075 IY=0120
VDP_REG14 val=03 r14=3 PC=46C0 AF=8E14 BC=0099 DE=AD87 HL=F840 IX=4075 IY=0120
VDP_REG14 val=03 r14=3 PC=46C0 AF=8E14 BC=0099 DE=4166 HL=F400 IX=4075 IY=0120
VDP_REG14 val=03 r14=3 PC=46C0 AF=8E14 BC=0099 DE=0066 HL=F600 IX=4075 IY=0120
VDP_REG14 val=03 r14=3 PC=46C0 AF=8E14 BC=0099 DE=ADC3 HL=F800 IX=4075 IY=0120
VDP_REG14 val=03 r14=3 PC=46C0 AF=8E14 BC=0099 DE=AD87 HL=F840 IX=4075 IY=0120
VDP_REG14 val=03 r14=3 PC=46C0 AF=8E14 BC=0099 DE=4166 HL=F400 IX=4075 IY=0120
VDP_REG14 val=03 r14=3 PC=46C0 AF=8E14 BC=0099 DE=0066 HL=F600 IX=4075 IY=0120
VDP_REG14 val=03 r14=3 PC=46C0 AF=8E14 BC=0099 DE=AD4E HL=F800 IX=4075 IY=0120
VDP_REG14 val=03 r14=3 PC=46C0 AF=8E14 BC=0099 DE=AD12 HL=F840 IX=4075 IY=0120
VDP_REG14 val=03 r14=3 PC=46C0 AF=8E14 BC=0099 DE=4166 HL=F400 IX=4075 IY=0120
VDP_REG14 val=03 r14=3 PC=46C0 AF=8E14 BC=0099 DE=0066 HL=F600 IX=4075 IY=0120
VDP_REG14 val=03 r14=3 PC=46C0 AF=8E14 BC=0099 DE=AD4E HL=F800 IX=4075 IY=0120
VDP_REG14 val=03 r14=3 PC=46C0 AF=8E14 BC=0099 DE=AD12 HL=F840 IX=4075 IY=0120
VDP_REG14 val=03 r14=3 PC=46C0 AF=8E14 BC=0099 DE=4166 HL=F400 IX=4075 IY=0120
VDP_REG14 val=03 r14=3 PC=46C0 AF=8E14 BC=0099 DE=0066 HL=F600 IX=4075 IY=0120
VDP_REG14 val=03 r14=3 PC=46C0 AF=8E14 BC=0099 DE=AD4E HL=F800 IX=4075 IY=0120
VDP_REG14 val=03 r14=3 PC=46C0 AF=8E14 BC=0099 DE=AD12 HL=F840 IX=4075 IY=0120
VDP_REG14 val=03 r14=3 PC=46C0 AF=8E14 BC=0099 DE=4166 HL=F400 IX=4075 IY=0120
VDP_REG14 val=03 r14=3 PC=46C0 AF=8E14 BC=0099 DE=0066 HL=F600 IX=4075 IY=0120
VDP_REG14 val=03 r14=3 PC=46C0 AF=8E14 BC=0099 DE=AD4E HL=F800 IX=4075 IY=0120
VDP_REG14 val=03 r14=3 PC=46C0 AF=8E14 BC=0099 DE=AD12 HL=F840 IX=4075 IY=0120
VDP_REG14 val=03 r14=3 PC=46C0 AF=8E14 BC=0099 DE=4166 HL=F400 IX=4075 IY=0120
VDP_REG14 val=03 r14=3 PC=46C0 AF=8E14 BC=0099 DE=0066 HL=F600 IX=4075 IY=0120
VDP_REG14 val=03 r14=3 PC=46C0 AF=8E14 BC=0099 DE=ACD1 HL=F800 IX=4075 IY=0120
VDP_REG14 val=03 r14=3 PC=46C0 AF=8E14 BC=0099 DE=AC93 HL=F840 IX=4075 IY=0120
VDP_REG14 val=03 r14=3 PC=46C0 AF=8E14 BC=0099 DE=4166 HL=F400 IX=4075 IY=0120
VDP_REG14 val=03 r14=3 PC=46C0 AF=8E14 BC=0099 DE=0066 HL=F600 IX=4075 IY=0120
VDP_REG14 val=03 r14=3 PC=46C0 AF=8E14 BC=0099 DE=ACD1 HL=F800 IX=4075 IY=0120
VDP_REG14 val=03 r14=3 PC=46C0 AF=8E14 BC=0099 DE=AC93 HL=F840 IX=4075 IY=0120
VDP_REG14 val=03 r14=3 PC=46C0 AF=8E14 BC=0099 DE=4166 HL=F400 IX=4075 IY=0120
VDP_REG14 val=03 r14=3 PC=46C0 AF=8E14 BC=0099 DE=0066 HL=F600 IX=4075 IY=0120
VDP_REG14 val=03 r14=3 PC=46C0 AF=8E14 BC=0099 DE=ACD1 HL=F800 IX=4075 IY=0120
VDP_REG14 val=03 r14=3 PC=46C0 AF=8E14 BC=0099 DE=AC93 HL=F840 IX=4075 IY=0120
VDP_REG14 val=03 r14=3 PC=46C0 AF=8E14 BC=0099 DE=4166 HL=F400 IX=4075 IY=0120
VDP_REG14 val=03 r14=3 PC=46C0 AF=8E14 BC=0099 DE=0066 HL=F600 IX=4075 IY=0120
VDP_REG14 val=03 r14=3 PC=46C0 AF=8E14 BC=0099 DE=ACD1 HL=F800 IX=4075 IY=0120
VDP_REG14 val=03 r14=3 PC=46C0 AF=8E14 BC=0099 DE=AC93 HL=F840 IX=4075 IY=0120
VDP_REG14 val=03 r14=3 PC=46C0 AF=8E14 BC=0099 DE=4166 HL=F400 IX=4075 IY=0120
VDP_REG14 val=03 r14=3 PC=46C0 AF=8E14 BC=0099 DE=0066 HL=F600 IX=4075 IY=0120
VDP_REG14 val=03 r14=3 PC=46C0 AF=8E14 BC=0099 DE=AD4E HL=F800 IX=4075 IY=0120
VDP_REG14 val=03 r14=3 PC=46C0 AF=8E14 BC=0099 DE=AD12 HL=F840 IX=4075 IY=0120
VDP_REG14 val=03 r14=3 PC=46C0 AF=8E14 BC=0099 DE=4166 HL=F400 IX=4075 IY=0120
VDP_REG14 val=03 r14=3 PC=46C0 AF=8E14 BC=0099 DE=0066 HL=F600 IX=4075 IY=0120
VDP_REG14 val=03 r14=3 PC=46C0 AF=8E14 BC=0099 DE=AD4E HL=F800 IX=4075 IY=0120
VDP_REG14 val=03 r14=3 PC=46C0 AF=8E14 BC=0099 DE=AD12 HL=F840 IX=4075 IY=0120
COUNTS hud_data=0 cmd=0 addr=0
