BP_RESIDENT_RET_FROM_TARGET pc=C1E1 op=F308F1 sp=F35C stack=1044/6063 p=00/00/01 tgt=48BD irq=1 active=00 first=FF player=FF xy=17220,40761
BP_RESIDENT_RET_AFTER_RESTORE pc=C1F5 op=08C900 sp=F35E stack=6063/6008 p=10/10/01 tgt=48BD irq=1 active=00 first=FF player=FF xy=17220,40761
BP_RESIDENT_RET_FROM_TARGET pc=C1E1 op=F308F1 sp=F35C stack=1044/6063 p=00/00/01 tgt=48BD irq=2 active=00 first=FF player=FF xy=17220,40761
BP_RESIDENT_RET_AFTER_RESTORE pc=C1F5 op=08C900 sp=F35E stack=6063/6011 p=10/10/01 tgt=48BD irq=2 active=00 first=FF player=FF xy=17220,40761
BP_RESIDENT_RET_FROM_TARGET pc=C1E1 op=F308F1 sp=F35C stack=1044/6063 p=00/00/01 tgt=48BD irq=3 active=00 first=FF player=FF xy=17220,40761
BP_RESIDENT_RET_AFTER_RESTORE pc=C1F5 op=08C900 sp=F35E stack=6063/601A p=10/10/01 tgt=48BD irq=3 active=00 first=FF player=FF xy=17220,40761
BP_RESIDENT_RET_FROM_TARGET pc=C1E1 op=F308F1 sp=F35C stack=1144/6063 p=00/00/01 tgt=48BD irq=4 active=00 first=FF player=FF xy=17220,40761
BP_RESIDENT_RET_AFTER_RESTORE pc=C1F5 op=08C900 sp=F35E stack=6063/6008 p=11/11/01 tgt=48BD irq=4 active=00 first=FF player=FF xy=17220,40761
BP_RESIDENT_RET_FROM_TARGET pc=C1E1 op=F308F1 sp=F35C stack=1144/6063 p=00/00/01 tgt=48BD irq=5 active=00 first=FF player=FF xy=17220,40761
BP_RESIDENT_RET_AFTER_RESTORE pc=C1F5 op=08C900 sp=F35E stack=6063/6011 p=11/11/01 tgt=48BD irq=5 active=00 first=FF player=FF xy=17220,40761
BP_RESIDENT_RET_FROM_TARGET pc=C1E1 op=F308F1 sp=F35C stack=1144/6063 p=00/00/01 tgt=48BD irq=5 active=00 first=FF player=FF xy=17220,40761
BP_RESIDENT_RET_AFTER_RESTORE pc=C1F5 op=08C900 sp=F35E stack=6063/601A p=11/11/01 tgt=48BD irq=5 active=00 first=FF player=FF xy=17220,40761
BP_RESIDENT_RET_FROM_TARGET pc=C1E1 op=F308F1 sp=F338 stack=0D44/62A6 p=00/00/01 tgt=40CA irq=5 active=00 first=FF player=FF xy=17220,40761
BP_RESIDENT_RET_AFTER_RESTORE pc=C1F5 op=08C900 sp=F33A stack=62A6/60B0 p=0D/0D/01 tgt=40CA irq=5 active=00 first=FF player=FF xy=17220,40761
BP_RESIDENT_RET_FROM_TARGET pc=C1E1 op=F308F1 sp=F338 stack=0D44/62A6 p=00/00/01 tgt=40CA irq=5 active=00 first=FF player=FF xy=17220,40761
BP_RESIDENT_RET_AFTER_RESTORE pc=C1F5 op=08C900 sp=F33A stack=62A6/60B0 p=0D/0D/01 tgt=40CA irq=5 active=00 first=FF player=FF xy=17220,40761
BP_RESIDENT_RET_FROM_TARGET pc=C1E1 op=F308F1 sp=F33A stack=0D44/62A6 p=00/00/01 tgt=40CA irq=5 active=00 first=FF player=FF xy=17220,40761
BP_RESIDENT_RET_FROM_TARGET pc=C1E1 op=F308F1 sp=F338 stack=0D44/62A6 p=00/00/01 tgt=40CA irq=5 active=00 first=FF player=FF xy=17220,40761
BP_RESIDENT_RET_FROM_TARGET pc=C1E1 op=F308F1 sp=F338 stack=0D44/62A6 p=00/00/01 tgt=40CA irq=5 active=00 first=FF player=FF xy=17220,40761
BP_RESIDENT_RET_FROM_TARGET pc=C1E1 op=F308F1 sp=F33A stack=0D44/62A6 p=00/00/01 tgt=40CA irq=5 active=00 first=FF player=FF xy=17220,40761
BP_RESIDENT_RET_FROM_TARGET pc=C1E1 op=F308F1 sp=F338 stack=0D44/62A6 p=00/00/01 tgt=40CA irq=6 active=00 first=FF player=FF xy=17220,40761
BP_RESIDENT_RET_FROM_TARGET pc=C1E1 op=F308F1 sp=F338 stack=0D44/62A6 p=00/00/01 tgt=40CA irq=6 active=00 first=FF player=FF xy=17220,40761
BP_RESIDENT_RET_FROM_TARGET pc=C1E1 op=F308F1 sp=F33A stack=0D44/62A6 p=00/00/01 tgt=40CA irq=6 active=00 first=FF player=FF xy=17220,40761
BP_RESIDENT_RET_FROM_TARGET pc=C1E1 op=F308F1 sp=F338 stack=0D44/62A6 p=00/00/01 tgt=40CA irq=6 active=00 first=FF player=FF xy=17220,40761
BP_RESIDENT_RET_FROM_TARGET pc=C1E1 op=F308F1 sp=F338 stack=0D44/62A6 p=00/00/01 tgt=40CA irq=6 active=00 first=FF player=FF xy=17220,40761
BP_RESIDENT_RET_FROM_TARGET pc=C1E1 op=F308F1 sp=F33A stack=0D44/62A6 p=00/00/01 tgt=40CA irq=6 active=00 first=FF player=FF xy=17220,40761
BP_RESIDENT_RET_FROM_TARGET pc=C1E1 op=F308F1 sp=F338 stack=0D44/62A6 p=00/00/01 tgt=40CA irq=6 active=00 first=FF player=FF xy=17220,40761
BP_RESIDENT_RET_FROM_TARGET pc=C1E1 op=F308F1 sp=F338 stack=0D44/62A6 p=00/00/01 tgt=40CA irq=6 active=00 first=FF player=FF xy=17220,40761
BP_RESIDENT_RET_FROM_TARGET pc=C1E1 op=F308F1 sp=F33A stack=0D44/62A6 p=00/00/01 tgt=40CA irq=6 active=00 first=FF player=FF xy=17220,40761
BP_RESIDENT_RET_FROM_TARGET pc=C1E1 op=F308F1 sp=F338 stack=0D44/62A6 p=00/00/01 tgt=40CA irq=6 active=00 first=FF player=FF xy=17220,40761
BP_RESIDENT_RET_FROM_TARGET pc=C1E1 op=F308F1 sp=F338 stack=0D44/62A6 p=00/00/01 tgt=40CA irq=6 active=00 first=FF player=FF xy=17220,40761
BP_RESIDENT_RET_FROM_TARGET pc=C1E1 op=F308F1 sp=F33A stack=0D44/62A6 p=00/00/01 tgt=40CA irq=6 active=00 first=FF player=FF xy=17220,40761
BP_RESIDENT_RET_FROM_TARGET pc=C1E1 op=F308F1 sp=F338 stack=0D44/62A6 p=00/00/01 tgt=40CA irq=6 active=00 first=FF player=FF xy=17220,40761
BP_RESIDENT_RET_FROM_TARGET pc=C1E1 op=F308F1 sp=F338 stack=0D44/62A6 p=00/00/01 tgt=40CA irq=6 active=00 first=FF player=FF xy=17220,40761
BP_RESIDENT_RET_FROM_TARGET pc=C1E1 op=F308F1 sp=F33A stack=0D44/62A6 p=00/00/01 tgt=40CA irq=6 active=00 first=FF player=FF xy=17220,40761
BP_RESIDENT_RET_FROM_TARGET pc=C1E1 op=F308F1 sp=F338 stack=0D44/62A6 p=00/00/01 tgt=40CA irq=6 active=00 first=FF player=FF xy=17220,40761
BP_RESIDENT_RET_FROM_TARGET pc=C1E1 op=F308F1 sp=F338 stack=0D44/62A6 p=00/00/01 tgt=40CA irq=6 active=00 first=FF player=FF xy=17220,40761
BP_RESIDENT_RET_FROM_TARGET pc=C1E1 op=F308F1 sp=F33A stack=0D44/62A6 p=00/00/01 tgt=40CA irq=6 active=00 first=FF player=FF xy=17220,40761
BP_RESIDENT_RET_FROM_TARGET pc=C1E1 op=F308F1 sp=F35E stack=0D44/6296 p=00/00/01 tgt=40CA irq=6 active=00 first=FF player=FF xy=17220,40761
BP_RESIDENT_RET_FROM_TARGET pc=C1E1 op=F308F1 sp=F34C stack=0844/66BC p=00/00/01 tgt=543C irq=6 active=00 first=FF player=FF xy=17220,40761
BP_RESIDENT_RET_FROM_TARGET pc=C1E1 op=F308F1 sp=F35E stack=0744/6AA2 p=00/00/01 tgt=543C irq=6 active=00 first=FF player=FF xy=17220,40761
BP_RESIDENT_RET_FROM_TARGET pc=C1E1 op=F308F1 sp=F35C stack=0744/6AB2 p=00/00/01 tgt=54AF irq=6 active=00 first=FF player=FF xy=0,0
BP_RESIDENT_RET_FROM_TARGET pc=C1E1 op=F308F1 sp=F35C stack=0744/6AC2 p=00/00/01 tgt=54C2 irq=6 active=00 first=FF player=FF xy=0,0
BP_RESIDENT_RET_FROM_TARGET pc=C1E1 op=F308F1 sp=F35C stack=0744/6AD2 p=00/00/01 tgt=54D5 irq=6 active=00 first=FF player=FF xy=0,0
BP_RESIDENT_RET_FROM_TARGET pc=C1E1 op=F308F1 sp=F35C stack=0744/6AB2 p=00/00/01 tgt=54AF irq=6 active=00 first=FF player=FF xy=0,0
BP_RESIDENT_RET_FROM_TARGET pc=C1E1 op=F308F1 sp=F35C stack=0744/6AC2 p=00/00/01 tgt=54C2 irq=6 active=00 first=FF player=FF xy=0,0
BP_RESIDENT_RET_FROM_TARGET pc=C1E1 op=F308F1 sp=F35C stack=0744/6AD2 p=00/00/01 tgt=54D5 irq=6 active=00 first=FF player=FF xy=0,0
BP_RESIDENT_RET_FROM_TARGET pc=C1E1 op=F308F1 sp=F35C stack=0744/6AB2 p=00/00/01 tgt=54AF irq=6 active=00 first=FF player=FF xy=0,0
BP_RESIDENT_RET_FROM_TARGET pc=C1E1 op=F308F1 sp=F35C stack=0744/6AC2 p=00/00/01 tgt=54C2 irq=7 active=00 first=FF player=FF xy=0,0
BP_RESIDENT_RET_FROM_TARGET pc=C1E1 op=F308F1 sp=F35C stack=0744/6AB2 p=00/00/01 tgt=54AF irq=7 active=00 first=FF player=FF xy=0,0
BP_RESIDENT_RET_FROM_TARGET pc=C1E1 op=F308F1 sp=F35C stack=0744/6AC2 p=00/00/01 tgt=54C2 irq=7 active=00 first=FF player=FF xy=0,0
BP_RESIDENT_RET_FROM_TARGET pc=C1E1 op=F308F1 sp=F35C stack=0744/6AB2 p=00/00/01 tgt=54AF irq=7 active=00 first=FF player=FF xy=0,0
BP_RESIDENT_RET_FROM_TARGET pc=C1E1 op=F308F1 sp=F35C stack=0744/6AC2 p=00/00/01 tgt=54C2 irq=7 active=00 first=FF player=FF xy=0,0
BP_RESIDENT_RET_FROM_TARGET pc=C1E1 op=F308F1 sp=F35C stack=0744/6AB2 p=00/00/01 tgt=54AF irq=7 active=00 first=FF player=FF xy=0,0
BP_RESIDENT_RET_FROM_TARGET pc=C1E1 op=F308F1 sp=F35C stack=0744/6AC2 p=00/00/01 tgt=54C2 irq=7 active=00 first=FF player=FF xy=0,0
BP_RESIDENT_RET_FROM_TARGET pc=C1E1 op=F308F1 sp=F354 stack=0E44/63D5 p=00/00/01 tgt=40CA irq=7 active=02 first=00 player=00 xy=8,80
BP_RESIDENT_RET_FROM_TARGET pc=C1E1 op=F308F1 sp=F354 stack=0E44/63D5 p=00/00/01 tgt=40CA irq=7 active=02 first=00 player=00 xy=8,80
BP_RESIDENT_RET_FROM_TARGET pc=C1E1 op=F308F1 sp=F354 stack=0E44/63D5 p=00/00/01 tgt=40CA irq=7 active=02 first=00 player=00 xy=8,80
BP_RESIDENT_RET_FROM_TARGET pc=C1E1 op=F308F1 sp=F354 stack=0E44/63D5 p=00/00/01 tgt=40CA irq=7 active=02 first=00 player=00 xy=8,80
BP_RESIDENT_RET_FROM_TARGET pc=C1E1 op=F308F1 sp=F354 stack=0E44/63D5 p=00/00/01 tgt=40CA irq=7 active=02 first=00 player=00 xy=8,80
BP_RESIDENT_RET_FROM_TARGET pc=C1E1 op=F308F1 sp=F354 stack=0E44/63D5 p=00/00/01 tgt=40CA irq=7 active=02 first=00 player=00 xy=8,80
BP_RESIDENT_RET_FROM_TARGET pc=C1E1 op=F308F1 sp=F354 stack=0E44/63D5 p=00/00/01 tgt=40CA irq=7 active=02 first=00 player=00 xy=8,80
BP_RESIDENT_RET_FROM_TARGET pc=C1E1 op=F308F1 sp=F354 stack=0E44/63D5 p=00/00/01 tgt=40CA irq=7 active=02 first=00 player=00 xy=8,80
BP_RESIDENT_RET_FROM_TARGET pc=C1E1 op=F308F1 sp=F354 stack=0E44/63D5 p=00/00/01 tgt=40CA irq=7 active=02 first=00 player=00 xy=8,80
BP_RESIDENT_RET_FROM_TARGET pc=C1E1 op=F308F1 sp=F354 stack=0E44/63D5 p=00/00/01 tgt=40CA irq=7 active=02 first=00 player=00 xy=8,80
BP_RESIDENT_RET_FROM_TARGET pc=C1E1 op=F308F1 sp=F354 stack=0E44/63D5 p=00/00/01 tgt=40CA irq=7 active=02 first=00 player=00 xy=8,80
BP_RESIDENT_RET_FROM_TARGET pc=C1E1 op=F308F1 sp=F354 stack=0E44/63D5 p=00/00/01 tgt=40CA irq=7 active=02 first=00 player=00 xy=8,80
BP_RESIDENT_RET_FROM_TARGET pc=C1E1 op=F308F1 sp=F354 stack=0E44/63D5 p=00/00/01 tgt=40CA irq=7 active=02 first=00 player=00 xy=8,80
BP_RESIDENT_RET_FROM_TARGET pc=C1E1 op=F308F1 sp=F354 stack=0E44/63D5 p=00/00/01 tgt=40CA irq=7 active=02 first=00 player=00 xy=8,80
BP_RESIDENT_RET_FROM_TARGET pc=C1E1 op=F308F1 sp=F354 stack=0E44/63D5 p=00/00/01 tgt=40CA irq=7 active=02 first=00 player=00 xy=8,80
BP_RESIDENT_RET_FROM_TARGET pc=C1E1 op=F308F1 sp=F354 stack=0E44/63D5 p=00/00/01 tgt=40CA irq=7 active=02 first=00 player=00 xy=8,80
BP_RESIDENT_RET_FROM_TARGET pc=C1E1 op=F308F1 sp=F354 stack=0E44/63D5 p=00/00/01 tgt=40CA irq=7 active=02 first=00 player=00 xy=8,80
BP_RESIDENT_RET_FROM_TARGET pc=C1E1 op=F308F1 sp=F354 stack=0E44/63D5 p=00/00/01 tgt=40CA irq=7 active=02 first=00 player=00 xy=8,80
BP_RESIDENT_RET_FROM_TARGET pc=C1E1 op=F308F1 sp=F354 stack=0E44/63D5 p=00/00/01 tgt=40CA irq=7 active=02 first=00 player=00 xy=8,80
BP_RESIDENT_RET_FROM_TARGET pc=C1E1 op=F308F1 sp=F354 stack=0E44/63D5 p=00/00/01 tgt=40CA irq=7 active=02 first=00 player=00 xy=8,80
BP_RESIDENT_RET_FROM_TARGET pc=C1E1 op=F308F1 sp=F354 stack=0E44/63D5 p=00/00/01 tgt=40CA irq=7 active=02 first=00 player=00 xy=8,80
BP_RESIDENT_RET_FROM_TARGET pc=C1E1 op=F308F1 sp=F354 stack=0E44/63D5 p=00/00/01 tgt=40CA irq=7 active=02 first=00 player=00 xy=8,80
BP_RESIDENT_RET_FROM_TARGET pc=C1E1 op=F308F1 sp=F354 stack=0E44/63D5 p=00/00/01 tgt=40CA irq=7 active=02 first=00 player=00 xy=8,80
BP_RESIDENT_RET_FROM_TARGET pc=C1E1 op=F308F1 sp=F354 stack=0E44/63D5 p=00/00/01 tgt=40CA irq=7 active=02 first=00 player=00 xy=8,80
BP_RESIDENT_RET_FROM_TARGET pc=C1E1 op=F308F1 sp=F354 stack=0E44/63D5 p=00/00/01 tgt=40CA irq=7 active=02 first=00 player=00 xy=8,80
BP_RESIDENT_RET_FROM_TARGET pc=C1E1 op=F308F1 sp=F354 stack=0E44/63D5 p=00/00/01 tgt=40CA irq=7 active=02 first=00 player=00 xy=8,80
BP_RESIDENT_RET_FROM_TARGET pc=C1E1 op=F308F1 sp=F354 stack=0E44/63D5 p=00/00/01 tgt=40CA irq=7 active=02 first=00 player=00 xy=8,80
BP_RESIDENT_RET_FROM_TARGET pc=C1E1 op=F308F1 sp=F354 stack=0E44/63D5 p=00/00/01 tgt=40CA irq=7 active=02 first=00 player=00 xy=8,80
BP_RESIDENT_RET_FROM_TARGET pc=C1E1 op=F308F1 sp=F354 stack=0E44/63D5 p=00/00/01 tgt=40CA irq=8 active=02 first=00 player=00 xy=8,80
BP_RESIDENT_RET_FROM_TARGET pc=C1E1 op=F308F1 sp=F354 stack=0E44/63D5 p=00/00/01 tgt=40CA irq=8 active=02 first=00 player=00 xy=8,80
BP_RESIDENT_RET_FROM_TARGET pc=C1E1 op=F308F1 sp=F354 stack=0E44/63D5 p=00/00/01 tgt=40CA irq=8 active=02 first=00 player=00 xy=8,80
BP_RESIDENT_RET_FROM_TARGET pc=C1E1 op=F308F1 sp=F354 stack=0E44/63D5 p=00/00/01 tgt=40CA irq=8 active=02 first=00 player=00 xy=8,80
BP_RESIDENT_RET_FROM_TARGET pc=C1E1 op=F308F1 sp=F354 stack=0E44/63D5 p=00/00/01 tgt=40CA irq=8 active=02 first=00 player=00 xy=8,80
BP_RESIDENT_RET_FROM_TARGET pc=C1E1 op=F308F1 sp=F354 stack=0E44/63D5 p=00/00/01 tgt=40CA irq=8 active=02 first=00 player=00 xy=8,80
BP_RESIDENT_RET_FROM_TARGET pc=C1E1 op=F308F1 sp=F354 stack=0E44/63D5 p=00/00/01 tgt=40CA irq=8 active=02 first=00 player=00 xy=8,80
BP_RESIDENT_RET_FROM_TARGET pc=C1E1 op=F308F1 sp=F354 stack=0E44/63D5 p=00/00/01 tgt=40CA irq=8 active=02 first=00 player=00 xy=8,80
BP_RESIDENT_RET_FROM_TARGET pc=C1E1 op=F308F1 sp=F354 stack=0E44/63D5 p=00/00/01 tgt=40CA irq=8 active=02 first=00 player=00 xy=8,80
BP_RESIDENT_RET_FROM_TARGET pc=C1E1 op=F308F1 sp=F354 stack=0E44/63D5 p=00/00/01 tgt=40CA irq=8 active=02 first=00 player=00 xy=8,80
BP_RESIDENT_RET_FROM_TARGET pc=C1E1 op=F308F1 sp=F354 stack=0E44/63D5 p=00/00/01 tgt=40CA irq=8 active=02 first=00 player=00 xy=8,80
BP_RESIDENT_RET_FROM_TARGET pc=C1E1 op=F308F1 sp=F354 stack=0E44/63D5 p=00/00/01 tgt=40CA irq=8 active=02 first=00 player=00 xy=8,80
BP_RESIDENT_RET_FROM_TARGET pc=C1E1 op=F308F1 sp=F354 stack=0E44/63D5 p=00/00/01 tgt=40CA irq=8 active=02 first=00 player=00 xy=8,80
BP_RESIDENT_RET_FROM_TARGET pc=C1E1 op=F308F1 sp=F354 stack=0E44/63D5 p=00/00/01 tgt=40CA irq=8 active=02 first=00 player=00 xy=8,80
BP_RESIDENT_RET_FROM_TARGET pc=C1E1 op=F308F1 sp=F354 stack=0E44/63D5 p=00/00/01 tgt=40CA irq=8 active=02 first=00 player=00 xy=8,80
BP_RESIDENT_RET_FROM_TARGET pc=C1E1 op=F308F1 sp=F354 stack=0E44/63D5 p=00/00/01 tgt=40CA irq=8 active=02 first=00 player=00 xy=8,80
BP_RESIDENT_RET_FROM_TARGET pc=C1E1 op=F308F1 sp=F354 stack=0E44/63D5 p=00/00/01 tgt=40CA irq=8 active=02 first=00 player=00 xy=8,80
BP_RESIDENT_RET_FROM_TARGET pc=C1E1 op=F308F1 sp=F354 stack=0E44/63D5 p=00/00/01 tgt=40CA irq=8 active=02 first=00 player=00 xy=8,80
BP_RESIDENT_RET_FROM_TARGET pc=C1E1 op=F308F1 sp=F354 stack=0E44/63D5 p=00/00/01 tgt=40CA irq=8 active=02 first=00 player=00 xy=8,80
BP_RESIDENT_RET_FROM_TARGET pc=C1E1 op=F308F1 sp=F354 stack=0E44/63D5 p=00/00/01 tgt=40CA irq=8 active=02 first=00 player=00 xy=8,80
BP_RESIDENT_RET_FROM_TARGET pc=C1E1 op=F308F1 sp=F354 stack=0E44/63D5 p=00/00/01 tgt=40CA irq=8 active=02 first=00 player=00 xy=8,80
BP_RESIDENT_RET_FROM_TARGET pc=C1E1 op=F308F1 sp=F354 stack=0E44/63D5 p=00/00/01 tgt=40CA irq=8 active=02 first=00 player=00 xy=8,80
BP_RESIDENT_RET_FROM_TARGET pc=C1E1 op=F308F1 sp=F354 stack=0E44/63D5 p=00/00/01 tgt=40CA irq=8 active=02 first=00 player=00 xy=8,80
BP_RESIDENT_RET_FROM_TARGET pc=C1E1 op=F308F1 sp=F354 stack=0E44/63D5 p=00/00/01 tgt=40CA irq=8 active=02 first=00 player=00 xy=8,80
BP_RESIDENT_RET_FROM_TARGET pc=C1E1 op=F308F1 sp=F354 stack=0E44/63D5 p=00/00/01 tgt=40CA irq=8 active=02 first=00 player=00 xy=8,80
BP_RESIDENT_RET_FROM_TARGET pc=C1E1 op=F308F1 sp=F354 stack=0E44/63D5 p=00/00/01 tgt=40CA irq=8 active=02 first=00 player=00 xy=8,80
BP_RESIDENT_RET_FROM_TARGET pc=C1E1 op=F308F1 sp=F354 stack=0E44/63D5 p=00/00/01 tgt=40CA irq=8 active=02 first=00 player=00 xy=8,80
BP_RESIDENT_RET_FROM_TARGET pc=C1E1 op=F308F1 sp=F354 stack=0E44/63D5 p=00/00/01 tgt=40CA irq=8 active=02 first=00 player=00 xy=8,80
BP_RESIDENT_RET_FROM_TARGET pc=C1E1 op=F308F1 sp=F354 stack=0E44/63D5 p=00/00/01 tgt=40CA irq=8 active=02 first=00 player=00 xy=8,80
BP_RESIDENT_RET_FROM_TARGET pc=C1E1 op=F308F1 sp=F354 stack=0E44/63D5 p=00/00/01 tgt=40CA irq=8 active=02 first=00 player=00 xy=8,80
BP_RESIDENT_RET_FROM_TARGET pc=C1E1 op=F308F1 sp=F354 stack=0E44/63D5 p=00/00/01 tgt=40CA irq=8 active=02 first=00 player=00 xy=8,80
BP_RESIDENT_RET_FROM_TARGET pc=C1E1 op=F308F1 sp=F354 stack=0E44/63D5 p=00/00/01 tgt=40CA irq=8 active=02 first=00 player=00 xy=8,80
BP_RESIDENT_RET_FROM_TARGET pc=C1E1 op=F308F1 sp=F354 stack=0E44/63D5 p=00/00/01 tgt=40CA irq=8 active=02 first=00 player=00 xy=8,80
BP_RESIDENT_RET_FROM_TARGET pc=C1E1 op=F308F1 sp=F354 stack=0E44/63D5 p=00/00/01 tgt=40CA irq=8 active=02 first=00 player=00 xy=8,80
BP_RESIDENT_RET_FROM_TARGET pc=C1E1 op=F308F1 sp=F354 stack=0E44/63D5 p=00/00/01 tgt=40CA irq=8 active=02 first=00 player=00 xy=8,80
BP_RESIDENT_RET_FROM_TARGET pc=C1E1 op=F308F1 sp=F354 stack=0E44/63D5 p=00/00/01 tgt=40CA irq=8 active=02 first=00 player=00 xy=8,80
BP_RESIDENT_RET_FROM_TARGET pc=C1E1 op=F308F1 sp=F354 stack=0E44/63D5 p=00/00/01 tgt=40CA irq=8 active=02 first=00 player=00 xy=8,80
BP_RESIDENT_RET_FROM_TARGET pc=C1E1 op=F308F1 sp=F354 stack=0E44/63D5 p=00/00/01 tgt=40CA irq=8 active=02 first=00 player=00 xy=8,80
BP_RESIDENT_RET_FROM_TARGET pc=C1E1 op=F308F1 sp=F354 stack=0E44/63D5 p=00/00/01 tgt=40CA irq=8 active=02 first=00 player=00 xy=8,80
BP_RESIDENT_RET_FROM_TARGET pc=C1E1 op=F308F1 sp=F354 stack=0E44/63D5 p=00/00/01 tgt=40CA irq=8 active=02 first=00 player=00 xy=8,80
BP_RESIDENT_RET_FROM_TARGET pc=C1E1 op=F308F1 sp=F354 stack=0E44/63D5 p=00/00/01 tgt=40CA irq=8 active=02 first=00 player=00 xy=8,80
BP_RESIDENT_RET_FROM_TARGET pc=C1E1 op=F308F1 sp=F354 stack=0E44/63D5 p=00/00/01 tgt=40CA irq=8 active=02 first=00 player=00 xy=8,80
BP_RESIDENT_RET_FROM_TARGET pc=C1E1 op=F308F1 sp=F354 stack=0E44/63D5 p=00/00/01 tgt=40CA irq=8 active=02 first=00 player=00 xy=8,80
BP_RESIDENT_RET_FROM_TARGET pc=C1E1 op=F308F1 sp=F354 stack=0E44/63D5 p=00/00/01 tgt=40CA irq=8 active=02 first=00 player=00 xy=8,80
BP_RESIDENT_RET_FROM_TARGET pc=C1E1 op=F308F1 sp=F354 stack=0E44/63D5 p=00/00/01 tgt=40CA irq=8 active=02 first=00 player=00 xy=8,80
BP_RESIDENT_RET_FROM_TARGET pc=C1E1 op=F308F1 sp=F354 stack=0E44/63D5 p=00/00/01 tgt=40CA irq=8 active=02 first=00 player=00 xy=8,80
BP_RESIDENT_RET_FROM_TARGET pc=C1E1 op=F308F1 sp=F354 stack=0E44/63D5 p=00/00/01 tgt=40CA irq=8 active=02 first=00 player=00 xy=8,80
BP_RESIDENT_RET_FROM_TARGET pc=C1E1 op=F308F1 sp=F354 stack=0E44/63D5 p=00/00/01 tgt=40CA irq=9 active=02 first=00 player=00 xy=8,80
BP_RESIDENT_RET_FROM_TARGET pc=C1E1 op=F308F1 sp=F354 stack=0E44/63D5 p=00/00/01 tgt=40CA irq=9 active=02 first=00 player=00 xy=8,80
BP_RESIDENT_RET_FROM_TARGET pc=C1E1 op=F308F1 sp=F354 stack=0E44/63D5 p=00/00/01 tgt=40CA irq=9 active=02 first=00 player=00 xy=8,80
BP_RESIDENT_RET_FROM_TARGET pc=C1E1 op=F308F1 sp=F354 stack=0E44/63D5 p=00/00/01 tgt=40CA irq=9 active=02 first=00 player=00 xy=8,80
BP_RESIDENT_RET_FROM_TARGET pc=C1E1 op=F308F1 sp=F354 stack=0E44/63D5 p=00/00/01 tgt=40CA irq=9 active=02 first=00 player=00 xy=8,80
BP_RESIDENT_RET_FROM_TARGET pc=C1E1 op=F308F1 sp=F354 stack=0E44/63D5 p=00/00/01 tgt=40CA irq=9 active=02 first=00 player=00 xy=8,80
BP_RESIDENT_RET_FROM_TARGET pc=C1E1 op=F308F1 sp=F354 stack=0E44/63D5 p=00/00/01 tgt=40CA irq=9 active=02 first=00 player=00 xy=8,80
BP_RESIDENT_RET_FROM_TARGET pc=C1E1 op=F308F1 sp=F354 stack=0E44/63D5 p=00/00/01 tgt=40CA irq=9 active=02 first=00 player=00 xy=8,80
BP_RESIDENT_RET_FROM_TARGET pc=C1E1 op=F308F1 sp=F354 stack=0E44/63D5 p=00/00/01 tgt=40CA irq=9 active=02 first=00 player=00 xy=8,80
BP_RESIDENT_RET_FROM_TARGET pc=C1E1 op=F308F1 sp=F354 stack=0E44/63D5 p=00/00/01 tgt=40CA irq=9 active=02 first=00 player=00 xy=8,80
BP_RESIDENT_RET_FROM_TARGET pc=C1E1 op=F308F1 sp=F354 stack=0E44/63D5 p=00/00/01 tgt=40CA irq=9 active=02 first=00 player=00 xy=8,80
BP_RESIDENT_RET_FROM_TARGET pc=C1E1 op=F308F1 sp=F354 stack=0E44/63D5 p=00/00/01 tgt=40CA irq=9 active=02 first=00 player=00 xy=8,80
BP_RESIDENT_RET_FROM_TARGET pc=C1E1 op=F308F1 sp=F354 stack=0E44/63D5 p=00/00/01 tgt=40CA irq=9 active=02 first=00 player=00 xy=8,80
BP_RESIDENT_RET_FROM_TARGET pc=C1E1 op=F308F1 sp=F354 stack=0E44/63D5 p=00/00/01 tgt=40CA irq=9 active=02 first=00 player=00 xy=8,80
BP_RESIDENT_RET_FROM_TARGET pc=C1E1 op=F308F1 sp=F354 stack=0E44/63D5 p=00/00/01 tgt=40CA irq=9 active=02 first=00 player=00 xy=8,80
BP_RESIDENT_RET_FROM_TARGET pc=C1E1 op=F308F1 sp=F354 stack=0E44/63D5 p=00/00/01 tgt=40CA irq=9 active=02 first=00 player=00 xy=8,80
BP_RESIDENT_RET_FROM_TARGET pc=C1E1 op=F308F1 sp=F354 stack=0E44/63D5 p=00/00/01 tgt=40CA irq=9 active=02 first=00 player=00 xy=8,80
BP_RESIDENT_RET_FROM_TARGET pc=C1E1 op=F308F1 sp=F354 stack=0E44/63D5 p=00/00/01 tgt=40CA irq=9 active=02 first=00 player=00 xy=8,80
BP_RESIDENT_RET_FROM_TARGET pc=C1E1 op=F308F1 sp=F354 stack=0E44/63D5 p=00/00/01 tgt=40CA irq=9 active=02 first=00 player=00 xy=8,80
BP_RESIDENT_RET_FROM_TARGET pc=C1E1 op=F308F1 sp=F354 stack=0E44/63D5 p=00/00/01 tgt=40CA irq=9 active=02 first=00 player=00 xy=8,80
BP_RESIDENT_RET_FROM_TARGET pc=C1E1 op=F308F1 sp=F354 stack=0E44/63D5 p=00/00/01 tgt=40CA irq=9 active=02 first=00 player=00 xy=8,80
BP_RESIDENT_RET_FROM_TARGET pc=C1E1 op=F308F1 sp=F354 stack=0E44/63D5 p=00/00/01 tgt=40CA irq=9 active=02 first=00 player=00 xy=8,80
BP_RESIDENT_RET_FROM_TARGET pc=C1E1 op=F308F1 sp=F354 stack=0E44/63D5 p=00/00/01 tgt=40CA irq=9 active=02 first=00 player=00 xy=8,80
BP_RESIDENT_RET_FROM_TARGET pc=C1E1 op=F308F1 sp=F354 stack=0E44/63D5 p=00/00/01 tgt=40CA irq=9 active=02 first=00 player=00 xy=8,80
BP_RESIDENT_RET_FROM_TARGET pc=C1E1 op=F308F1 sp=F354 stack=0E44/63D5 p=00/00/01 tgt=40CA irq=9 active=02 first=00 player=00 xy=8,80
BP_RESIDENT_RET_FROM_TARGET pc=C1E1 op=F308F1 sp=F354 stack=0E44/63D5 p=00/00/01 tgt=40CA irq=9 active=02 first=00 player=00 xy=8,80
BP_RESIDENT_RET_FROM_TARGET pc=C1E1 op=F308F1 sp=F354 stack=0E44/63D5 p=00/00/01 tgt=40CA irq=9 active=02 first=00 player=00 xy=8,80
BP_RESIDENT_RET_FROM_TARGET pc=C1E1 op=F308F1 sp=F354 stack=0E44/63D5 p=00/00/01 tgt=40CA irq=9 active=02 first=00 player=00 xy=8,80
BP_RESIDENT_RET_FROM_TARGET pc=C1E1 op=F308F1 sp=F354 stack=0E44/63D5 p=00/00/01 tgt=40CA irq=9 active=02 first=00 player=00 xy=8,80
BP_RESIDENT_RET_FROM_TARGET pc=C1E1 op=F308F1 sp=F354 stack=0E44/63D5 p=00/00/01 tgt=40CA irq=9 active=02 first=00 player=00 xy=8,80
BP_RESIDENT_RET_FROM_TARGET pc=C1E1 op=F308F1 sp=F354 stack=0E44/63D5 p=00/00/01 tgt=40CA irq=9 active=02 first=00 player=00 xy=8,80
BP_RESIDENT_RET_FROM_TARGET pc=C1E1 op=F308F1 sp=F354 stack=0E44/63D5 p=00/00/01 tgt=40CA irq=9 active=02 first=00 player=00 xy=8,80
BP_RESIDENT_RET_FROM_TARGET pc=C1E1 op=F308F1 sp=F354 stack=0E44/63D5 p=00/00/01 tgt=40CA irq=9 active=02 first=00 player=00 xy=8,80
BP_RESIDENT_RET_FROM_TARGET pc=C1E1 op=F308F1 sp=F354 stack=0E44/63D5 p=00/00/01 tgt=40CA irq=9 active=02 first=00 player=00 xy=8,80
BP_RESIDENT_RET_FROM_TARGET pc=C1E1 op=F308F1 sp=F354 stack=0E44/63D5 p=00/00/01 tgt=40CA irq=9 active=02 first=00 player=00 xy=8,80
BP_RESIDENT_RET_FROM_TARGET pc=C1E1 op=F308F1 sp=F354 stack=0E44/63D5 p=00/00/01 tgt=40CA irq=9 active=02 first=00 player=00 xy=8,80
BP_RESIDENT_RET_FROM_TARGET pc=C1E1 op=F308F1 sp=F354 stack=0E44/63D5 p=00/00/01 tgt=40CA irq=9 active=02 first=00 player=00 xy=8,80
BP_RESIDENT_RET_FROM_TARGET pc=C1E1 op=F308F1 sp=F354 stack=0E44/63D5 p=00/00/01 tgt=40CA irq=9 active=02 first=00 player=00 xy=8,80
BP_RESIDENT_RET_FROM_TARGET pc=C1E1 op=F308F1 sp=F354 stack=0E44/63D5 p=00/00/01 tgt=40CA irq=9 active=02 first=00 player=00 xy=8,80
BP_RESIDENT_RET_FROM_TARGET pc=C1E1 op=F308F1 sp=F354 stack=0E44/63D5 p=00/00/01 tgt=40CA irq=9 active=02 first=00 player=00 xy=8,80
BP_RESIDENT_RET_FROM_TARGET pc=C1E1 op=F308F1 sp=F354 stack=0E44/63D5 p=00/00/01 tgt=40CA irq=9 active=02 first=00 player=00 xy=8,80
BP_RESIDENT_RET_FROM_TARGET pc=C1E1 op=F308F1 sp=F354 stack=0E44/63D5 p=00/00/01 tgt=40CA irq=9 active=02 first=00 player=00 xy=8,80
BP_RESIDENT_RET_FROM_TARGET pc=C1E1 op=F308F1 sp=F354 stack=0E44/63D5 p=00/00/01 tgt=40CA irq=9 active=02 first=00 player=00 xy=8,80
BP_RESIDENT_RET_FROM_TARGET pc=C1E1 op=F308F1 sp=F354 stack=0E44/63D5 p=00/00/01 tgt=40CA irq=9 active=02 first=00 player=00 xy=8,80
BP_RESIDENT_RET_FROM_TARGET pc=C1E1 op=F308F1 sp=F354 stack=0E44/63D5 p=00/00/01 tgt=40CA irq=9 active=02 first=00 player=00 xy=8,80
BP_RESIDENT_RET_FROM_TARGET pc=C1E1 op=F308F1 sp=F354 stack=0E44/63D5 p=00/00/01 tgt=40CA irq=9 active=02 first=00 player=00 xy=8,80
BP_RESIDENT_RET_FROM_TARGET pc=C1E1 op=F308F1 sp=F354 stack=0E44/63D5 p=00/00/01 tgt=40CA irq=9 active=02 first=00 player=00 xy=8,80
BP_RESIDENT_RET_FROM_TARGET pc=C1E1 op=F308F1 sp=F354 stack=0E44/63D5 p=00/00/01 tgt=40CA irq=9 active=02 first=00 player=00 xy=8,80
BP_RESIDENT_RET_FROM_TARGET pc=C1E1 op=F308F1 sp=F354 stack=0E44/63D5 p=00/00/01 tgt=40CA irq=10 active=02 first=00 player=00 xy=8,80
BP_RESIDENT_RET_FROM_TARGET pc=C1E1 op=F308F1 sp=F354 stack=0E44/63D5 p=00/00/01 tgt=40CA irq=10 active=02 first=00 player=00 xy=8,80
BP_RESIDENT_RET_FROM_TARGET pc=C1E1 op=F308F1 sp=F354 stack=0E44/63D5 p=00/00/01 tgt=40CA irq=10 active=02 first=00 player=00 xy=8,80
BP_RESIDENT_RET_FROM_TARGET pc=C1E1 op=F308F1 sp=F354 stack=0E44/63D5 p=00/00/01 tgt=40CA irq=10 active=02 first=00 player=00 xy=8,80
BP_RESIDENT_RET_FROM_TARGET pc=C1E1 op=F308F1 sp=F354 stack=0E44/63D5 p=00/00/01 tgt=40CA irq=10 active=02 first=00 player=00 xy=8,80
BP_RESIDENT_RET_FROM_TARGET pc=C1E1 op=F308F1 sp=F354 stack=0E44/63D5 p=00/00/01 tgt=40CA irq=10 active=02 first=00 player=00 xy=8,80
BP_RESIDENT_RET_FROM_TARGET pc=C1E1 op=F308F1 sp=F354 stack=0E44/63D5 p=00/00/01 tgt=40CA irq=10 active=02 first=00 player=00 xy=8,80
BP_RESIDENT_RET_FROM_TARGET pc=C1E1 op=F308F1 sp=F354 stack=0E44/63D5 p=00/00/01 tgt=40CA irq=10 active=02 first=00 player=00 xy=8,80
BP_RESIDENT_RET_FROM_TARGET pc=C1E1 op=F308F1 sp=F354 stack=0E44/63D5 p=00/00/01 tgt=40CA irq=10 active=02 first=00 player=00 xy=8,80
BP_RESIDENT_RET_FROM_TARGET pc=C1E1 op=F308F1 sp=F354 stack=0E44/63D5 p=00/00/01 tgt=40CA irq=10 active=02 first=00 player=00 xy=8,80
BP_RESIDENT_RET_FROM_TARGET pc=C1E1 op=F308F1 sp=F354 stack=0E44/63D5 p=00/00/01 tgt=40CA irq=10 active=02 first=00 player=00 xy=8,80
BP_RESIDENT_RET_FROM_TARGET pc=C1E1 op=F308F1 sp=F354 stack=0E44/63D5 p=00/00/01 tgt=40CA irq=10 active=02 first=00 player=00 xy=8,80
BP_RESIDENT_RET_FROM_TARGET pc=C1E1 op=F308F1 sp=F356 stack=0E44/63D5 p=00/00/01 tgt=40CA irq=10 active=02 first=00 player=00 xy=8,80
BP_RESIDENT_RET_FROM_TARGET pc=C1E1 op=F308F1 sp=F356 stack=0E44/63D5 p=00/00/01 tgt=40CA irq=10 active=02 first=00 player=00 xy=8,80
BP_RESIDENT_RET_FROM_TARGET pc=C1E1 op=F308F1 sp=F356 stack=0E44/63D5 p=00/00/01 tgt=40CA irq=10 active=02 first=00 player=00 xy=8,80
BP_RESIDENT_RET_FROM_TARGET pc=C1E1 op=F308F1 sp=F356 stack=0E44/63D5 p=00/00/01 tgt=40CA irq=10 active=02 first=00 player=00 xy=8,80
BP_RESIDENT_RET_FROM_TARGET pc=C1E1 op=F308F1 sp=F356 stack=0E44/63D5 p=00/00/01 tgt=40CA irq=10 active=02 first=00 player=00 xy=8,80
BP_RESIDENT_RET_FROM_TARGET pc=C1E1 op=F308F1 sp=F356 stack=0E44/63D5 p=00/00/01 tgt=40CA irq=10 active=02 first=00 player=00 xy=8,80
BP_RESIDENT_RET_FROM_TARGET pc=C1E1 op=F308F1 sp=F356 stack=0E44/63D5 p=00/00/01 tgt=40CA irq=10 active=02 first=00 player=00 xy=8,80
BP_RESIDENT_RET_FROM_TARGET pc=C1E1 op=F308F1 sp=F356 stack=0E44/63D5 p=00/00/01 tgt=40CA irq=10 active=02 first=00 player=00 xy=8,80
BP_RESIDENT_RET_FROM_TARGET pc=C1E1 op=F308F1 sp=F356 stack=0E44/63D5 p=00/00/01 tgt=40CA irq=10 active=02 first=00 player=00 xy=8,80
BP_RESIDENT_RET_FROM_TARGET pc=C1E1 op=F308F1 sp=F356 stack=0E44/63D5 p=00/00/01 tgt=40CA irq=10 active=02 first=00 player=00 xy=8,80
BP_RESIDENT_RET_FROM_TARGET pc=C1E1 op=F308F1 sp=F356 stack=0E44/63D5 p=00/00/01 tgt=40CA irq=10 active=02 first=00 player=00 xy=8,80
BP_RESIDENT_RET_FROM_TARGET pc=C1E1 op=F308F1 sp=F356 stack=0E44/63D5 p=00/00/01 tgt=40CA irq=10 active=02 first=00 player=00 xy=8,80
BP_RESIDENT_RET_FROM_TARGET pc=C1E1 op=F308F1 sp=F356 stack=0E44/63D5 p=00/00/01 tgt=40CA irq=10 active=02 first=00 player=00 xy=8,80
BP_RESIDENT_RET_FROM_TARGET pc=C1E1 op=F308F1 sp=F356 stack=0E44/63D5 p=00/00/01 tgt=40CA irq=10 active=02 first=00 player=00 xy=8,80
BP_RESIDENT_RET_FROM_TARGET pc=C1E1 op=F308F1 sp=F356 stack=0E44/63D5 p=00/00/01 tgt=40CA irq=10 active=02 first=00 player=00 xy=8,80
BP_RESIDENT_RET_FROM_TARGET pc=C1E1 op=F308F1 sp=F356 stack=0E44/63D5 p=00/00/01 tgt=40CA irq=10 active=02 first=00 player=00 xy=8,80
BP_RESIDENT_RET_FROM_TARGET pc=C1E1 op=F308F1 sp=F356 stack=0E44/63D5 p=00/00/01 tgt=40CA irq=10 active=02 first=00 player=00 xy=8,80
BP_RESIDENT_RET_FROM_TARGET pc=C1E1 op=F308F1 sp=F356 stack=0E44/63D5 p=00/00/01 tgt=40CA irq=10 active=02 first=00 player=00 xy=8,80
BP_RESIDENT_RET_FROM_TARGET pc=C1E1 op=F308F1 sp=F356 stack=0E44/63D5 p=00/00/01 tgt=40CA irq=10 active=02 first=00 player=00 xy=8,80
BP_RESIDENT_RET_FROM_TARGET pc=C1E1 op=F308F1 sp=F356 stack=0E44/63D5 p=00/00/01 tgt=40CA irq=10 active=02 first=00 player=00 xy=8,80
BP_RESIDENT_RET_FROM_TARGET pc=C1E1 op=F308F1 sp=F356 stack=0E44/63D5 p=00/00/01 tgt=40CA irq=10 active=02 first=00 player=00 xy=8,80
BP_RESIDENT_RET_FROM_TARGET pc=C1E1 op=F308F1 sp=F356 stack=0E44/63D5 p=00/00/01 tgt=40CA irq=10 active=02 first=00 player=00 xy=8,80
BP_RESIDENT_RET_FROM_TARGET pc=C1E1 op=F308F1 sp=F356 stack=0E44/63D5 p=00/00/01 tgt=40CA irq=10 active=02 first=00 player=00 xy=8,80
BP_RESIDENT_RET_FROM_TARGET pc=C1E1 op=F308F1 sp=F356 stack=0E44/63D5 p=00/00/01 tgt=40CA irq=10 active=02 first=00 player=00 xy=8,80
BP_RESIDENT_RET_FROM_TARGET pc=C1E1 op=F308F1 sp=F356 stack=0E44/63D5 p=00/00/01 tgt=40CA irq=10 active=02 first=00 player=00 xy=8,80
BP_RESIDENT_RET_FROM_TARGET pc=C1E1 op=F308F1 sp=F356 stack=0E44/63D5 p=00/00/01 tgt=40CA irq=10 active=02 first=00 player=00 xy=8,80
BP_RESIDENT_RET_FROM_TARGET pc=C1E1 op=F308F1 sp=F356 stack=0E44/63D5 p=00/00/01 tgt=40CA irq=10 active=02 first=00 player=00 xy=8,80
BP_RESIDENT_RET_FROM_TARGET pc=C1E1 op=F308F1 sp=F356 stack=0E44/63D5 p=00/00/01 tgt=40CA irq=10 active=02 first=00 player=00 xy=8,80
BP_RESIDENT_RET_FROM_TARGET pc=C1E1 op=F308F1 sp=F356 stack=0E44/63D5 p=00/00/01 tgt=40CA irq=10 active=02 first=00 player=00 xy=8,80
BP_RESIDENT_RET_FROM_TARGET pc=C1E1 op=F308F1 sp=F356 stack=0E44/63D5 p=00/00/01 tgt=40CA irq=10 active=02 first=00 player=00 xy=8,80
BP_RESIDENT_RET_FROM_TARGET pc=C1E1 op=F308F1 sp=F356 stack=0E44/63D5 p=00/00/01 tgt=40CA irq=10 active=02 first=00 player=00 xy=8,80
BP_RESIDENT_RET_FROM_TARGET pc=C1E1 op=F308F1 sp=F356 stack=0E44/63D5 p=00/00/01 tgt=40CA irq=10 active=02 first=00 player=00 xy=8,80
BP_RESIDENT_RET_FROM_TARGET pc=C1E1 op=F308F1 sp=F356 stack=0E44/63D5 p=00/00/01 tgt=40CA irq=10 active=02 first=00 player=00 xy=8,80
BP_RESIDENT_RET_FROM_TARGET pc=C1E1 op=F308F1 sp=F356 stack=0E44/63D5 p=00/00/01 tgt=40CA irq=10 active=02 first=00 player=00 xy=8,80
BP_RESIDENT_RET_FROM_TARGET pc=C1E1 op=F308F1 sp=F356 stack=0E44/63D5 p=00/00/01 tgt=40CA irq=10 active=02 first=00 player=00 xy=8,80
BP_RESIDENT_RET_FROM_TARGET pc=C1E1 op=F308F1 sp=F356 stack=0E44/63D5 p=00/00/01 tgt=40CA irq=11 active=02 first=00 player=00 xy=8,80
BP_RESIDENT_RET_FROM_TARGET pc=C1E1 op=F308F1 sp=F356 stack=0E44/63D5 p=00/00/01 tgt=40CA irq=11 active=02 first=00 player=00 xy=8,80
BP_RESIDENT_RET_FROM_TARGET pc=C1E1 op=F308F1 sp=F356 stack=0E44/63D5 p=00/00/01 tgt=40CA irq=11 active=02 first=00 player=00 xy=8,80
BP_RESIDENT_RET_FROM_TARGET pc=C1E1 op=F308F1 sp=F356 stack=0E44/63D5 p=00/00/01 tgt=40CA irq=11 active=02 first=00 player=00 xy=8,80
BP_RESIDENT_RET_FROM_TARGET pc=C1E1 op=F308F1 sp=F356 stack=0E44/63D5 p=00/00/01 tgt=40CA irq=11 active=02 first=00 player=00 xy=8,80
BP_RESIDENT_RET_FROM_TARGET pc=C1E1 op=F308F1 sp=F356 stack=0E44/63D5 p=00/00/01 tgt=40CA irq=11 active=02 first=00 player=00 xy=8,80
BP_RESIDENT_RET_FROM_TARGET pc=C1E1 op=F308F1 sp=F356 stack=0E44/63D5 p=00/00/01 tgt=40CA irq=11 active=02 first=00 player=00 xy=8,80
BP_RESIDENT_RET_FROM_TARGET pc=C1E1 op=F308F1 sp=F356 stack=0E44/63D5 p=00/00/01 tgt=40CA irq=11 active=02 first=00 player=00 xy=8,80
BP_RESIDENT_RET_FROM_TARGET pc=C1E1 op=F308F1 sp=F356 stack=0E44/63D5 p=00/00/01 tgt=40CA irq=11 active=02 first=00 player=00 xy=8,80
BP_RESIDENT_RET_FROM_TARGET pc=C1E1 op=F308F1 sp=F356 stack=0E44/63D5 p=00/00/01 tgt=40CA irq=11 active=02 first=00 player=00 xy=8,80
BP_RESIDENT_RET_FROM_TARGET pc=C1E1 op=F308F1 sp=F356 stack=0E44/63D5 p=00/00/01 tgt=40CA irq=11 active=02 first=00 player=00 xy=8,80
BP_RESIDENT_RET_FROM_TARGET pc=C1E1 op=F308F1 sp=F356 stack=0E44/63D5 p=00/00/01 tgt=40CA irq=11 active=02 first=00 player=00 xy=8,80
BP_RESIDENT_RET_FROM_TARGET pc=C1E1 op=F308F1 sp=F356 stack=0E44/63D5 p=00/00/01 tgt=40CA irq=11 active=02 first=00 player=00 xy=8,80
BP_RESIDENT_RET_FROM_TARGET pc=C1E1 op=F308F1 sp=F356 stack=0E44/63D5 p=00/00/01 tgt=40CA irq=11 active=02 first=00 player=00 xy=8,80
BP_RESIDENT_RET_FROM_TARGET pc=C1E1 op=F308F1 sp=F356 stack=0E44/63D5 p=00/00/01 tgt=40CA irq=11 active=02 first=00 player=00 xy=8,80
BP_RESIDENT_RET_FROM_TARGET pc=C1E1 op=F308F1 sp=F356 stack=0E44/63D5 p=00/00/01 tgt=40CA irq=11 active=02 first=00 player=00 xy=8,80
BP_RESIDENT_RET_FROM_TARGET pc=C1E1 op=F308F1 sp=F356 stack=0E44/63D5 p=00/00/01 tgt=40CA irq=11 active=02 first=00 player=00 xy=8,80
BP_RESIDENT_RET_FROM_TARGET pc=C1E1 op=F308F1 sp=F356 stack=0E44/63D5 p=00/00/01 tgt=40CA irq=11 active=02 first=00 player=00 xy=8,80
BP_RESIDENT_RET_FROM_TARGET pc=C1E1 op=F308F1 sp=F356 stack=0E44/63D5 p=00/00/01 tgt=40CA irq=11 active=02 first=00 player=00 xy=8,80
BP_RESIDENT_RET_FROM_TARGET pc=C1E1 op=F308F1 sp=F356 stack=0E44/63D5 p=00/00/01 tgt=40CA irq=11 active=02 first=00 player=00 xy=8,80
BP_RESIDENT_RET_FROM_TARGET pc=C1E1 op=F308F1 sp=F356 stack=0E44/63D5 p=00/00/01 tgt=40CA irq=11 active=02 first=00 player=00 xy=8,80
BP_RESIDENT_RET_FROM_TARGET pc=C1E1 op=F308F1 sp=F356 stack=0E44/63D5 p=00/00/01 tgt=40CA irq=11 active=02 first=00 player=00 xy=8,80
BP_RESIDENT_RET_FROM_TARGET pc=C1E1 op=F308F1 sp=F356 stack=0E44/63D5 p=00/00/01 tgt=40CA irq=11 active=02 first=00 player=00 xy=8,80
BP_RESIDENT_RET_FROM_TARGET pc=C1E1 op=F308F1 sp=F356 stack=0E44/63D5 p=00/00/01 tgt=40CA irq=11 active=02 first=00 player=00 xy=8,80
BP_RESIDENT_RET_FROM_TARGET pc=C1E1 op=F308F1 sp=F356 stack=0E44/63D5 p=00/00/01 tgt=40CA irq=11 active=02 first=00 player=00 xy=8,80
BP_RESIDENT_RET_FROM_TARGET pc=C1E1 op=F308F1 sp=F356 stack=0E44/63D5 p=00/00/01 tgt=40CA irq=11 active=02 first=00 player=00 xy=8,80
BP_RESIDENT_RET_FROM_TARGET pc=C1E1 op=F308F1 sp=F356 stack=0E44/63D5 p=00/00/01 tgt=40CA irq=11 active=02 first=00 player=00 xy=8,80
BP_RESIDENT_RET_FROM_TARGET pc=C1E1 op=F308F1 sp=F356 stack=0E44/63D5 p=00/00/01 tgt=40CA irq=11 active=02 first=00 player=00 xy=8,80
BP_RESIDENT_RET_FROM_TARGET pc=C1E1 op=F308F1 sp=F356 stack=0E44/63D5 p=00/00/01 tgt=40CA irq=11 active=02 first=00 player=00 xy=8,80
BP_RESIDENT_RET_FROM_TARGET pc=C1E1 op=F308F1 sp=F356 stack=0E44/63D5 p=00/00/01 tgt=40CA irq=11 active=02 first=00 player=00 xy=8,80
BP_RESIDENT_RET_FROM_TARGET pc=C1E1 op=F308F1 sp=F356 stack=0E44/63D5 p=00/00/01 tgt=40CA irq=11 active=02 first=00 player=00 xy=8,80
BP_RESIDENT_RET_FROM_TARGET pc=C1E1 op=F308F1 sp=F356 stack=0E44/63D5 p=00/00/01 tgt=40CA irq=11 active=02 first=00 player=00 xy=8,80
BP_RESIDENT_RET_FROM_TARGET pc=C1E1 op=F308F1 sp=F356 stack=0E44/63D5 p=00/00/01 tgt=40CA irq=11 active=02 first=00 player=00 xy=8,80
BP_RESIDENT_RET_FROM_TARGET pc=C1E1 op=F308F1 sp=F356 stack=0E44/63D5 p=00/00/01 tgt=40CA irq=11 active=02 first=00 player=00 xy=8,80
BP_RESIDENT_RET_FROM_TARGET pc=C1E1 op=F308F1 sp=F356 stack=0E44/63D5 p=00/00/01 tgt=40CA irq=11 active=02 first=00 player=00 xy=8,80
BP_RESIDENT_RET_FROM_TARGET pc=C1E1 op=F308F1 sp=F356 stack=0E44/63D5 p=00/00/01 tgt=40CA irq=11 active=02 first=00 player=00 xy=8,80
BP_RESIDENT_RET_FROM_TARGET pc=C1E1 op=F308F1 sp=F356 stack=0E44/63D5 p=00/00/01 tgt=40CA irq=11 active=02 first=00 player=00 xy=8,80
BP_RESIDENT_RET_FROM_TARGET pc=C1E1 op=F308F1 sp=F356 stack=0E44/63D5 p=00/00/01 tgt=40CA irq=11 active=02 first=00 player=00 xy=8,80
BP_RESIDENT_RET_FROM_TARGET pc=C1E1 op=F308F1 sp=F356 stack=0E44/63D5 p=00/00/01 tgt=40CA irq=11 active=02 first=00 player=00 xy=8,80
BP_RESIDENT_RET_FROM_TARGET pc=C1E1 op=F308F1 sp=F356 stack=0E44/63D5 p=00/00/01 tgt=40CA irq=11 active=02 first=00 player=00 xy=8,80
BP_RESIDENT_RET_FROM_TARGET pc=C1E1 op=F308F1 sp=F356 stack=0E44/63D5 p=00/00/01 tgt=40CA irq=11 active=02 first=00 player=00 xy=8,80
BP_RESIDENT_RET_FROM_TARGET pc=C1E1 op=F308F1 sp=F356 stack=0E44/63D5 p=00/00/01 tgt=40CA irq=11 active=02 first=00 player=00 xy=8,80
BP_RESIDENT_RET_FROM_TARGET pc=C1E1 op=F308F1 sp=F356 stack=0E44/63D5 p=00/00/01 tgt=40CA irq=11 active=02 first=00 player=00 xy=8,80
BP_RESIDENT_RET_FROM_TARGET pc=C1E1 op=F308F1 sp=F356 stack=0E44/63D5 p=00/00/01 tgt=40CA irq=11 active=02 first=00 player=00 xy=8,80
BP_RESIDENT_RET_FROM_TARGET pc=C1E1 op=F308F1 sp=F356 stack=0E44/63D5 p=00/00/01 tgt=40CA irq=11 active=02 first=00 player=00 xy=8,80
BP_RESIDENT_RET_FROM_TARGET pc=C1E1 op=F308F1 sp=F356 stack=0E44/63D5 p=00/00/01 tgt=40CA irq=11 active=02 first=00 player=00 xy=8,80
BP_RESIDENT_RET_FROM_TARGET pc=C1E1 op=F308F1 sp=F356 stack=0E44/63D5 p=00/00/01 tgt=40CA irq=11 active=02 first=00 player=00 xy=8,80
BP_RESIDENT_RET_FROM_TARGET pc=C1E1 op=F308F1 sp=F356 stack=0E44/63D5 p=00/00/01 tgt=40CA irq=12 active=02 first=00 player=00 xy=8,80
BP_RESIDENT_RET_FROM_TARGET pc=C1E1 op=F308F1 sp=F356 stack=0E44/63D5 p=00/00/01 tgt=40CA irq=12 active=02 first=00 player=00 xy=8,80
BP_RESIDENT_RET_FROM_TARGET pc=C1E1 op=F308F1 sp=F356 stack=0E44/63D5 p=00/00/01 tgt=40CA irq=12 active=02 first=00 player=00 xy=8,80
BP_RESIDENT_RET_FROM_TARGET pc=C1E1 op=F308F1 sp=F356 stack=0E44/63D5 p=00/00/01 tgt=40CA irq=12 active=02 first=00 player=00 xy=8,80
BP_RESIDENT_RET_FROM_TARGET pc=C1E1 op=F308F1 sp=F356 stack=0E44/63D5 p=00/00/01 tgt=40CA irq=12 active=02 first=00 player=00 xy=8,80
BP_RESIDENT_RET_FROM_TARGET pc=C1E1 op=F308F1 sp=F356 stack=0E44/63D5 p=00/00/01 tgt=40CA irq=12 active=02 first=00 player=00 xy=8,80
BP_RESIDENT_RET_FROM_TARGET pc=C1E1 op=F308F1 sp=F356 stack=0E44/63D5 p=00/00/01 tgt=40CA irq=12 active=02 first=00 player=00 xy=8,80
BP_RESIDENT_RET_FROM_TARGET pc=C1E1 op=F308F1 sp=F356 stack=0E44/63D5 p=00/00/01 tgt=40CA irq=12 active=02 first=00 player=00 xy=8,80
BP_RESIDENT_RET_FROM_TARGET pc=C1E1 op=F308F1 sp=F356 stack=0E44/63D5 p=00/00/01 tgt=40CA irq=12 active=02 first=00 player=00 xy=8,80
BP_RESIDENT_RET_FROM_TARGET pc=C1E1 op=F308F1 sp=F356 stack=0E44/63D5 p=00/00/01 tgt=40CA irq=12 active=02 first=00 player=00 xy=8,80
BP_RESIDENT_RET_FROM_TARGET pc=C1E1 op=F308F1 sp=F356 stack=0E44/63D5 p=00/00/01 tgt=40CA irq=12 active=02 first=00 player=00 xy=8,80
BP_RESIDENT_RET_FROM_TARGET pc=C1E1 op=F308F1 sp=F356 stack=0E44/63D5 p=00/00/01 tgt=40CA irq=12 active=02 first=00 player=00 xy=8,80
BP_RESIDENT_RET_FROM_TARGET pc=C1E1 op=F308F1 sp=F356 stack=0E44/63D5 p=00/00/01 tgt=40CA irq=12 active=02 first=00 player=00 xy=8,80
BP_RESIDENT_RET_FROM_TARGET pc=C1E1 op=F308F1 sp=F356 stack=0E44/63D5 p=00/00/01 tgt=40CA irq=12 active=02 first=00 player=00 xy=8,80
BP_RESIDENT_RET_FROM_TARGET pc=C1E1 op=F308F1 sp=F356 stack=0E44/63D5 p=00/00/01 tgt=40CA irq=12 active=02 first=00 player=00 xy=8,80
BP_RESIDENT_RET_FROM_TARGET pc=C1E1 op=F308F1 sp=F356 stack=0E44/63D5 p=00/00/01 tgt=40CA irq=12 active=02 first=00 player=00 xy=8,80
BP_RESIDENT_RET_FROM_TARGET pc=C1E1 op=F308F1 sp=F356 stack=0E44/63D5 p=00/00/01 tgt=40CA irq=12 active=02 first=00 player=00 xy=8,80
BP_RESIDENT_RET_FROM_TARGET pc=C1E1 op=F308F1 sp=F356 stack=0E44/63D5 p=00/00/01 tgt=40CA irq=12 active=02 first=00 player=00 xy=8,80
BP_RESIDENT_RET_FROM_TARGET pc=C1E1 op=F308F1 sp=F356 stack=0E44/63D5 p=00/00/01 tgt=40CA irq=12 active=02 first=00 player=00 xy=8,80
BP_RESIDENT_RET_FROM_TARGET pc=C1E1 op=F308F1 sp=F356 stack=0E44/63D5 p=00/00/01 tgt=40CA irq=12 active=02 first=00 player=00 xy=8,80
BP_RESIDENT_RET_FROM_TARGET pc=C1E1 op=F308F1 sp=F356 stack=0E44/63D5 p=00/00/01 tgt=40CA irq=12 active=02 first=00 player=00 xy=8,80
BP_RESIDENT_RET_FROM_TARGET pc=C1E1 op=F308F1 sp=F356 stack=0E44/63D5 p=00/00/01 tgt=40CA irq=12 active=02 first=00 player=00 xy=8,80
BP_RESIDENT_RET_FROM_TARGET pc=C1E1 op=F308F1 sp=F356 stack=0E44/63D5 p=00/00/01 tgt=40CA irq=12 active=02 first=00 player=00 xy=8,80
BP_RESIDENT_RET_FROM_TARGET pc=C1E1 op=F308F1 sp=F356 stack=0E44/63D5 p=00/00/01 tgt=40CA irq=12 active=02 first=00 player=00 xy=8,80
BP_RESIDENT_RET_FROM_TARGET pc=C1E1 op=F308F1 sp=F356 stack=0E44/63D5 p=00/00/01 tgt=40CA irq=12 active=02 first=00 player=00 xy=8,80
BP_RESIDENT_RET_FROM_TARGET pc=C1E1 op=F308F1 sp=F356 stack=0E44/63D5 p=00/00/01 tgt=40CA irq=12 active=02 first=00 player=00 xy=8,80
BP_RESIDENT_RET_FROM_TARGET pc=C1E1 op=F308F1 sp=F356 stack=0E44/63D5 p=00/00/01 tgt=40CA irq=12 active=02 first=00 player=00 xy=8,80
BP_RESIDENT_RET_FROM_TARGET pc=C1E1 op=F308F1 sp=F356 stack=0E44/63D5 p=00/00/01 tgt=40CA irq=12 active=02 first=00 player=00 xy=8,80
BP_RESIDENT_RET_FROM_TARGET pc=C1E1 op=F308F1 sp=F356 stack=0E44/63D5 p=00/00/01 tgt=40CA irq=12 active=02 first=00 player=00 xy=8,80
BP_RESIDENT_RET_FROM_TARGET pc=C1E1 op=F308F1 sp=F356 stack=0E44/63D5 p=00/00/01 tgt=40CA irq=12 active=02 first=00 player=00 xy=8,80
BP_RESIDENT_RET_FROM_TARGET pc=C1E1 op=F308F1 sp=F356 stack=0E44/63D5 p=00/00/01 tgt=40CA irq=12 active=02 first=00 player=00 xy=8,80
BP_RESIDENT_RET_FROM_TARGET pc=C1E1 op=F308F1 sp=F356 stack=0E44/63D5 p=00/00/01 tgt=40CA irq=12 active=02 first=00 player=00 xy=8,80
BP_RESIDENT_RET_FROM_TARGET pc=C1E1 op=F308F1 sp=F356 stack=0E44/63D5 p=00/00/01 tgt=40CA irq=12 active=02 first=00 player=00 xy=8,80
BP_RESIDENT_RET_FROM_TARGET pc=C1E1 op=F308F1 sp=F356 stack=0E44/63D5 p=00/00/01 tgt=40CA irq=12 active=02 first=00 player=00 xy=8,80
BP_RESIDENT_RET_FROM_TARGET pc=C1E1 op=F308F1 sp=F356 stack=0E44/63D5 p=00/00/01 tgt=40CA irq=12 active=02 first=00 player=00 xy=8,80
BP_RESIDENT_RET_FROM_TARGET pc=C1E1 op=F308F1 sp=F356 stack=0E44/63D5 p=00/00/01 tgt=40CA irq=12 active=02 first=00 player=00 xy=8,80
BP_RESIDENT_RET_FROM_TARGET pc=C1E1 op=F308F1 sp=F356 stack=0E44/63D5 p=00/00/01 tgt=40CA irq=12 active=02 first=00 player=00 xy=8,80
BP_RESIDENT_RET_FROM_TARGET pc=C1E1 op=F308F1 sp=F356 stack=0E44/63D5 p=00/00/01 tgt=40CA irq=12 active=02 first=00 player=00 xy=8,80
BP_RESIDENT_RET_FROM_TARGET pc=C1E1 op=F308F1 sp=F356 stack=0E44/63D5 p=00/00/01 tgt=40CA irq=12 active=02 first=00 player=00 xy=8,80
BP_RESIDENT_RET_FROM_TARGET pc=C1E1 op=F308F1 sp=F356 stack=0E44/63D5 p=00/00/01 tgt=40CA irq=12 active=02 first=00 player=00 xy=8,80
BP_RESIDENT_RET_FROM_TARGET pc=C1E1 op=F308F1 sp=F356 stack=0E44/63D5 p=00/00/01 tgt=40CA irq=12 active=02 first=00 player=00 xy=8,80
BP_RESIDENT_RET_FROM_TARGET pc=C1E1 op=F308F1 sp=F356 stack=0E44/63D5 p=00/00/01 tgt=40CA irq=12 active=02 first=00 player=00 xy=8,80
BP_RESIDENT_RET_FROM_TARGET pc=C1E1 op=F308F1 sp=F356 stack=0E44/63D5 p=00/00/01 tgt=40CA irq=12 active=02 first=00 player=00 xy=8,80
BP_RESIDENT_RET_FROM_TARGET pc=C1E1 op=F308F1 sp=F356 stack=0E44/63D5 p=00/00/01 tgt=40CA irq=12 active=02 first=00 player=00 xy=8,80
BP_RESIDENT_RET_FROM_TARGET pc=C1E1 op=F308F1 sp=F356 stack=0E44/63D5 p=00/00/01 tgt=40CA irq=12 active=02 first=00 player=00 xy=8,80
BP_RESIDENT_RET_FROM_TARGET pc=C1E1 op=F308F1 sp=F356 stack=0E44/63D5 p=00/00/01 tgt=40CA irq=12 active=02 first=00 player=00 xy=8,80
BP_RESIDENT_RET_FROM_TARGET pc=C1E1 op=F308F1 sp=F356 stack=0E44/63D5 p=00/00/01 tgt=40CA irq=12 active=02 first=00 player=00 xy=8,80
BP_RESIDENT_RET_FROM_TARGET pc=C1E1 op=F308F1 sp=F356 stack=0E44/63D5 p=00/00/01 tgt=40CA irq=12 active=02 first=00 player=00 xy=8,80
BP_RESIDENT_RET_FROM_TARGET pc=C1E1 op=F308F1 sp=F356 stack=0E44/63D5 p=00/00/01 tgt=40CA irq=13 active=02 first=00 player=00 xy=8,80
BP_RESIDENT_RET_FROM_TARGET pc=C1E1 op=F308F1 sp=F356 stack=0E44/63D5 p=00/00/01 tgt=40CA irq=13 active=02 first=00 player=00 xy=8,80
BP_RESIDENT_RET_FROM_TARGET pc=C1E1 op=F308F1 sp=F356 stack=0E44/63D5 p=00/00/01 tgt=40CA irq=13 active=02 first=00 player=00 xy=8,80
BP_RESIDENT_RET_FROM_TARGET pc=C1E1 op=F308F1 sp=F356 stack=0E44/63D5 p=00/00/01 tgt=40CA irq=13 active=02 first=00 player=00 xy=8,80
BP_RESIDENT_RET_FROM_TARGET pc=C1E1 op=F308F1 sp=F356 stack=0E44/63D5 p=00/00/01 tgt=40CA irq=13 active=02 first=00 player=00 xy=8,80
BP_RESIDENT_RET_FROM_TARGET pc=C1E1 op=F308F1 sp=F372 stack=06A0/6BE8 p=00/00/01 tgt=40CA irq=13 active=02 first=00 player=00 xy=8,80
BP_RESIDENT_RET_FROM_TARGET pc=C1E1 op=F308F1 sp=F366 stack=0544/709F p=00/00/01 tgt=46D0 irq=16 active=02 first=00 player=00 xy=8,80
BP_RESIDENT_RET_FROM_TARGET pc=C1E1 op=F308F1 sp=F366 stack=0544/70AF p=00/00/01 tgt=543C irq=16 active=02 first=00 player=00 xy=8,80
BP_RESIDENT_RET_FROM_TARGET pc=C1E1 op=F308F1 sp=F366 stack=0544/70BF p=00/00/01 tgt=5426 irq=16 active=02 first=00 player=00 xy=8,80
BP_RESIDENT_RET_FROM_TARGET pc=C1E1 op=F308F1 sp=F366 stack=0544/70CF p=00/00/01 tgt=48BD irq=17 active=02 first=00 player=00 xy=8,80
BP_RESIDENT_RET_FROM_TARGET pc=C1E1 op=F308F1 sp=F366 stack=0544/70CF p=00/00/01 tgt=48BD irq=18 active=02 first=00 player=00 xy=8,80
BP_RESIDENT_RET_FROM_TARGET pc=C1E1 op=F308F1 sp=F366 stack=0544/70CF p=00/00/01 tgt=48BD irq=19 active=02 first=00 player=00 xy=8,80
BP_RESIDENT_RET_FROM_TARGET pc=C1E1 op=F308F1 sp=F366 stack=0544/70CF p=00/00/01 tgt=48BD irq=19 active=02 first=00 player=00 xy=8,80
BP_RESIDENT_RET_FROM_TARGET pc=C1E1 op=F308F1 sp=F366 stack=0544/70CF p=00/00/01 tgt=48BD irq=20 active=02 first=00 player=00 xy=8,80
BP_RESIDENT_RET_FROM_TARGET pc=C1E1 op=F308F1 sp=F366 stack=0544/70CF p=00/00/01 tgt=48BD irq=20 active=02 first=00 player=00 xy=8,80
BP_RESIDENT_RET_FROM_TARGET pc=C1E1 op=F308F1 sp=F366 stack=0544/70CF p=00/00/01 tgt=48BD irq=21 active=02 first=00 player=00 xy=8,80
BP_RESIDENT_RET_FROM_TARGET pc=C1E1 op=F308F1 sp=F378 stack=0644/6BD8 p=00/00/01 tgt=48BD irq=21 active=02 first=00 player=00 xy=8,80
BP_RESIDENT_RET_FROM_TARGET pc=C1E1 op=F308F1 sp=F374 stack=0644/6BF8 p=00/00/01 tgt=4162 irq=22 active=02 first=00 player=00 xy=8,80
BP_RESIDENT_RET_FROM_TARGET pc=C1E1 op=F308F1 sp=F374 stack=0644/6BF8 p=00/00/01 tgt=4162 irq=23 active=02 first=00 player=00 xy=8,80
BP_RESIDENT_RET_FROM_TARGET pc=C1E1 op=F308F1 sp=F374 stack=0644/6BF8 p=00/00/01 tgt=4162 irq=24 active=02 first=00 player=00 xy=8,80
BP_RESIDENT_RET_FROM_TARGET pc=C1E1 op=F308F1 sp=F374 stack=0644/6BF8 p=00/00/01 tgt=4162 irq=25 active=02 first=00 player=00 xy=8,80
BP_RESIDENT_RET_FROM_TARGET pc=C1E1 op=F308F1 sp=F374 stack=0644/6BF8 p=00/00/01 tgt=4162 irq=26 active=02 first=00 player=00 xy=8,80
BP_RESIDENT_RET_FROM_TARGET pc=C1E1 op=F308F1 sp=F374 stack=0644/6BF8 p=00/00/01 tgt=4162 irq=27 active=02 first=00 player=00 xy=8,80
BP_RESIDENT_RET_FROM_TARGET pc=C1E1 op=F308F1 sp=F374 stack=0644/6BF8 p=00/00/01 tgt=4162 irq=28 active=02 first=00 player=00 xy=8,80
BP_RESIDENT_RET_FROM_TARGET pc=C1E1 op=F308F1 sp=F374 stack=0644/6BF8 p=00/00/01 tgt=4162 irq=29 active=02 first=00 player=00 xy=8,80
BP_RESIDENT_RET_FROM_TARGET pc=C1E1 op=F308F1 sp=F374 stack=0644/6BF8 p=00/00/01 tgt=4162 irq=30 active=02 first=00 player=00 xy=8,80
BP_RESIDENT_RET_FROM_TARGET pc=C1E1 op=F308F1 sp=F374 stack=0644/6BF8 p=00/00/01 tgt=4162 irq=31 active=02 first=00 player=00 xy=8,80
BP_RESIDENT_RET_FROM_TARGET pc=C1E1 op=F308F1 sp=F374 stack=0644/6BF8 p=00/00/01 tgt=4162 irq=32 active=02 first=00 player=00 xy=8,80
BP_RESIDENT_RET_FROM_TARGET pc=C1E1 op=F308F1 sp=F374 stack=0644/6BF8 p=00/00/01 tgt=4162 irq=33 active=02 first=00 player=00 xy=8,80
BP_RESIDENT_RET_FROM_TARGET pc=C1E1 op=F308F1 sp=F374 stack=0644/6BF8 p=00/00/01 tgt=4162 irq=34 active=02 first=00 player=00 xy=8,80
BP_RESIDENT_RET_FROM_TARGET pc=C1E1 op=F308F1 sp=F374 stack=0644/6BF8 p=00/00/01 tgt=4162 irq=35 active=02 first=00 player=00 xy=8,80
BP_RESIDENT_RET_FROM_TARGET pc=C1E1 op=F308F1 sp=F374 stack=0644/6BF8 p=00/00/01 tgt=4162 irq=36 active=02 first=00 player=00 xy=8,80
BP_RESIDENT_RET_FROM_TARGET pc=C1E1 op=F308F1 sp=F374 stack=0644/6BF8 p=00/00/01 tgt=4162 irq=37 active=02 first=00 player=00 xy=8,80
BP_RESIDENT_RET_FROM_TARGET pc=C1E1 op=F308F1 sp=F374 stack=0644/6BF8 p=00/00/01 tgt=4162 irq=38 active=02 first=00 player=00 xy=8,80
BP_RESIDENT_RET_FROM_TARGET pc=C1E1 op=F308F1 sp=F374 stack=0644/6BF8 p=00/00/01 tgt=4162 irq=39 active=02 first=00 player=00 xy=8,80
BP_RESIDENT_RET_FROM_TARGET pc=C1E1 op=F308F1 sp=F374 stack=0644/6BF8 p=00/00/01 tgt=4162 irq=40 active=02 first=00 player=00 xy=8,80
BP_RESIDENT_RET_FROM_TARGET pc=C1E1 op=F308F1 sp=F374 stack=0644/6BF8 p=00/00/01 tgt=4162 irq=41 active=02 first=00 player=00 xy=8,80
BP_RESIDENT_RET_FROM_TARGET pc=C1E1 op=F308F1 sp=F374 stack=0644/6BF8 p=00/00/01 tgt=4162 irq=42 active=02 first=00 player=00 xy=8,80
BP_RESIDENT_RET_FROM_TARGET pc=C1E1 op=F308F1 sp=F374 stack=0644/6BF8 p=00/00/01 tgt=4162 irq=43 active=02 first=00 player=00 xy=8,80
BP_RESIDENT_RET_FROM_TARGET pc=C1E1 op=F308F1 sp=F374 stack=0644/6BF8 p=00/00/01 tgt=4162 irq=44 active=02 first=00 player=00 xy=8,80
BP_RESIDENT_RET_FROM_TARGET pc=C1E1 op=F308F1 sp=F374 stack=0644/6BF8 p=00/00/01 tgt=4162 irq=45 active=02 first=00 player=00 xy=8,80
BP_RESIDENT_RET_FROM_TARGET pc=C1E1 op=F308F1 sp=F374 stack=0644/6BF8 p=00/00/01 tgt=4162 irq=46 active=02 first=00 player=00 xy=8,80
BP_RESIDENT_RET_FROM_TARGET pc=C1E1 op=F308F1 sp=F374 stack=0644/6BF8 p=00/00/01 tgt=4162 irq=47 active=02 first=00 player=00 xy=8,80
BP_RESIDENT_RET_FROM_TARGET pc=C1E1 op=F308F1 sp=F374 stack=0644/6BF8 p=00/00/01 tgt=4162 irq=48 active=02 first=00 player=00 xy=8,80
BP_RESIDENT_RET_FROM_TARGET pc=C1E1 op=F308F1 sp=F374 stack=0644/6BF8 p=00/00/01 tgt=4162 irq=49 active=02 first=00 player=00 xy=8,80
BP_RESIDENT_RET_FROM_TARGET pc=C1E1 op=F308F1 sp=F374 stack=0644/6BF8 p=00/00/01 tgt=4162 irq=50 active=02 first=00 player=00 xy=8,80
BP_RESIDENT_RET_FROM_TARGET pc=C1E1 op=F308F1 sp=F374 stack=0644/6BF8 p=00/00/01 tgt=4162 irq=51 active=02 first=00 player=00 xy=8,80
BP_RESIDENT_RET_FROM_TARGET pc=C1E1 op=F308F1 sp=F374 stack=0644/6BF8 p=00/00/01 tgt=4162 irq=52 active=02 first=00 player=00 xy=8,80
BP_RESIDENT_RET_FROM_TARGET pc=C1E1 op=F308F1 sp=F374 stack=0644/6BF8 p=00/00/01 tgt=4162 irq=53 active=02 first=00 player=00 xy=8,80
BP_RESIDENT_RET_FROM_TARGET pc=C1E1 op=F308F1 sp=F374 stack=0644/6BF8 p=00/00/01 tgt=4162 irq=54 active=02 first=00 player=00 xy=8,80
BP_RESIDENT_RET_FROM_TARGET pc=C1E1 op=F308F1 sp=F374 stack=0644/6BF8 p=00/00/01 tgt=4162 irq=55 active=02 first=00 player=00 xy=8,80
BP_RESIDENT_RET_FROM_TARGET pc=C1E1 op=F308F1 sp=F374 stack=0644/6BF8 p=00/00/01 tgt=4162 irq=56 active=02 first=00 player=00 xy=8,80
BP_RESIDENT_RET_FROM_TARGET pc=C1E1 op=F308F1 sp=F374 stack=0644/6BF8 p=00/00/01 tgt=4162 irq=57 active=02 first=00 player=00 xy=8,80
BP_RESIDENT_RET_FROM_TARGET pc=C1E1 op=F308F1 sp=F374 stack=0644/6BF8 p=00/00/01 tgt=4162 irq=58 active=02 first=00 player=00 xy=8,80
BP_RESIDENT_RET_FROM_TARGET pc=C1E1 op=F308F1 sp=F374 stack=0644/6BF8 p=00/00/01 tgt=4162 irq=59 active=02 first=00 player=00 xy=8,80
BP_RESIDENT_RET_FROM_TARGET pc=C1E1 op=F308F1 sp=F374 stack=0644/6BF8 p=00/00/01 tgt=4162 irq=60 active=02 first=00 player=00 xy=8,80
BP_RESIDENT_RET_FROM_TARGET pc=C1E1 op=F308F1 sp=F374 stack=0644/6BF8 p=00/00/01 tgt=4162 irq=61 active=02 first=00 player=00 xy=8,80
BP_RESIDENT_RET_FROM_TARGET pc=C1E1 op=F308F1 sp=F374 stack=0644/6BF8 p=00/00/01 tgt=4162 irq=62 active=02 first=00 player=00 xy=8,80
BP_RESIDENT_RET_FROM_TARGET pc=C1E1 op=F308F1 sp=F374 stack=0644/6BF8 p=00/00/01 tgt=4162 irq=63 active=02 first=00 player=00 xy=8,80
BP_RESIDENT_RET_FROM_TARGET pc=C1E1 op=F308F1 sp=F374 stack=0644/6BF8 p=00/00/01 tgt=4162 irq=64 active=02 first=00 player=00 xy=8,80
BP_RESIDENT_RET_FROM_TARGET pc=C1E1 op=F308F1 sp=F374 stack=0644/6BF8 p=00/00/01 tgt=4162 irq=65 active=02 first=00 player=00 xy=8,80
BP_RESIDENT_RET_FROM_TARGET pc=C1E1 op=F308F1 sp=F374 stack=0644/6BF8 p=00/00/01 tgt=4162 irq=66 active=02 first=00 player=00 xy=8,80
BP_RESIDENT_RET_FROM_TARGET pc=C1E1 op=F308F1 sp=F374 stack=0644/6BF8 p=00/00/01 tgt=4162 irq=67 active=02 first=00 player=00 xy=8,80
BP_RESIDENT_RET_FROM_TARGET pc=C1E1 op=F308F1 sp=F374 stack=0644/6BF8 p=00/00/01 tgt=4162 irq=68 active=02 first=00 player=00 xy=8,80
BP_RESIDENT_RET_FROM_TARGET pc=C1E1 op=F308F1 sp=F374 stack=0644/6BF8 p=00/00/01 tgt=4162 irq=69 active=02 first=00 player=00 xy=8,80
BP_RESIDENT_RET_FROM_TARGET pc=C1E1 op=F308F1 sp=F374 stack=0644/6BF8 p=00/00/01 tgt=4162 irq=70 active=02 first=00 player=00 xy=8,80
BP_RESIDENT_RET_FROM_TARGET pc=C1E1 op=F308F1 sp=F374 stack=0644/6BF8 p=00/00/01 tgt=4162 irq=71 active=02 first=00 player=00 xy=8,80
BP_RESIDENT_RET_FROM_TARGET pc=C1E1 op=F308F1 sp=F374 stack=0644/6BF8 p=00/00/01 tgt=4162 irq=72 active=02 first=00 player=00 xy=8,80
BP_RESIDENT_RET_FROM_TARGET pc=C1E1 op=F308F1 sp=F374 stack=0644/6BF8 p=00/00/01 tgt=4162 irq=73 active=02 first=00 player=00 xy=8,80
BP_RESIDENT_RET_FROM_TARGET pc=C1E1 op=F308F1 sp=F374 stack=0644/6BF8 p=00/00/01 tgt=4162 irq=74 active=02 first=00 player=00 xy=8,80
BP_RESIDENT_RET_FROM_TARGET pc=C1E1 op=F308F1 sp=F374 stack=0644/6BF8 p=00/00/01 tgt=4162 irq=75 active=02 first=00 player=00 xy=8,80
BP_RESIDENT_RET_FROM_TARGET pc=C1E1 op=F308F1 sp=F374 stack=0644/6BF8 p=00/00/01 tgt=4162 irq=76 active=02 first=00 player=00 xy=8,80
BP_RESIDENT_RET_FROM_TARGET pc=C1E1 op=F308F1 sp=F374 stack=0644/6BF8 p=00/00/01 tgt=4162 irq=77 active=02 first=00 player=00 xy=8,80
BP_RESIDENT_RET_FROM_TARGET pc=C1E1 op=F308F1 sp=F374 stack=0644/6BF8 p=00/00/01 tgt=4162 irq=78 active=02 first=00 player=00 xy=8,80
BP_RESIDENT_RET_FROM_TARGET pc=C1E1 op=F308F1 sp=F374 stack=0644/6BF8 p=00/00/01 tgt=4162 irq=79 active=02 first=00 player=00 xy=8,80
BP_RESIDENT_RET_FROM_TARGET pc=C1E1 op=F308F1 sp=F374 stack=0644/6BF8 p=00/00/01 tgt=4162 irq=80 active=02 first=00 player=00 xy=8,80
BP_RESIDENT_RET_FROM_TARGET pc=C1E1 op=F308F1 sp=F374 stack=0644/6BF8 p=00/00/01 tgt=4162 irq=81 active=02 first=00 player=00 xy=8,80
BP_RESIDENT_RET_FROM_TARGET pc=C1E1 op=F308F1 sp=F374 stack=0644/6BF8 p=00/00/01 tgt=4162 irq=82 active=02 first=00 player=00 xy=8,80
BP_RESIDENT_RET_FROM_TARGET pc=C1E1 op=F308F1 sp=F374 stack=0644/6BF8 p=00/00/01 tgt=4162 irq=83 active=02 first=00 player=00 xy=8,80
BP_RESIDENT_RET_FROM_TARGET pc=C1E1 op=F308F1 sp=F374 stack=0644/6BF8 p=00/00/01 tgt=4162 irq=84 active=02 first=00 player=00 xy=8,80
BP_RESIDENT_RET_FROM_TARGET pc=C1E1 op=F308F1 sp=F374 stack=0644/6BF8 p=00/00/01 tgt=4162 irq=85 active=02 first=00 player=00 xy=8,80
BP_RESIDENT_RET_FROM_TARGET pc=C1E1 op=F308F1 sp=F374 stack=0644/6BF8 p=00/00/01 tgt=4162 irq=86 active=02 first=00 player=00 xy=8,80
BP_RESIDENT_RET_FROM_TARGET pc=C1E1 op=F308F1 sp=F374 stack=0644/6BF8 p=00/00/01 tgt=4162 irq=87 active=02 first=00 player=00 xy=8,80
BP_RESIDENT_RET_FROM_TARGET pc=C1E1 op=F308F1 sp=F374 stack=0644/6BF8 p=00/00/01 tgt=4162 irq=88 active=02 first=00 player=00 xy=8,80
BP_RESIDENT_RET_FROM_TARGET pc=C1E1 op=F308F1 sp=F374 stack=0644/6BF8 p=00/00/01 tgt=4162 irq=89 active=02 first=00 player=00 xy=8,80
BP_RESIDENT_RET_FROM_TARGET pc=C1E1 op=F308F1 sp=F374 stack=0644/6BF8 p=00/00/01 tgt=4162 irq=90 active=02 first=00 player=00 xy=8,80
BP_RESIDENT_RET_FROM_TARGET pc=C1E1 op=F308F1 sp=F374 stack=0644/6BF8 p=00/00/01 tgt=4162 irq=91 active=02 first=00 player=00 xy=8,80
BP_RESIDENT_RET_FROM_TARGET pc=C1E1 op=F308F1 sp=F374 stack=0644/6BF8 p=00/00/01 tgt=4162 irq=92 active=02 first=00 player=00 xy=8,80
BP_RESIDENT_RET_FROM_TARGET pc=C1E1 op=F308F1 sp=F374 stack=0644/6BF8 p=00/00/01 tgt=4162 irq=93 active=02 first=00 player=00 xy=8,80
BP_RESIDENT_RET_FROM_TARGET pc=C1E1 op=F308F1 sp=F374 stack=0644/6BF8 p=00/00/01 tgt=4162 irq=94 active=02 first=00 player=00 xy=8,80
BP_RESIDENT_RET_FROM_TARGET pc=C1E1 op=F308F1 sp=F374 stack=0644/6BF8 p=00/00/01 tgt=4162 irq=95 active=02 first=00 player=00 xy=8,80
BP_RESIDENT_RET_FROM_TARGET pc=C1E1 op=F308F1 sp=F374 stack=0644/6BF8 p=00/00/01 tgt=4162 irq=96 active=02 first=00 player=00 xy=8,80
BP_RESIDENT_RET_FROM_TARGET pc=C1E1 op=F308F1 sp=F374 stack=0644/6BF8 p=00/00/01 tgt=4162 irq=97 active=02 first=00 player=00 xy=8,80
BP_RESIDENT_RET_FROM_TARGET pc=C1E1 op=F308F1 sp=F374 stack=0644/6BF8 p=00/00/01 tgt=4162 irq=98 active=02 first=00 player=00 xy=8,80
BP_RESIDENT_RET_FROM_TARGET pc=C1E1 op=F308F1 sp=F374 stack=0644/6BF8 p=00/00/01 tgt=4162 irq=99 active=02 first=00 player=00 xy=8,80
BP_RESIDENT_RET_FROM_TARGET pc=C1E1 op=F308F1 sp=F374 stack=0644/6BF8 p=00/00/01 tgt=4162 irq=100 active=02 first=00 player=00 xy=8,80
BP_RESIDENT_RET_FROM_TARGET pc=C1E1 op=F308F1 sp=F374 stack=0644/6BF8 p=00/00/01 tgt=4162 irq=101 active=02 first=00 player=00 xy=8,80
BP_RESIDENT_RET_FROM_TARGET pc=C1E1 op=F308F1 sp=F374 stack=0644/6BF8 p=00/00/01 tgt=4162 irq=102 active=02 first=00 player=00 xy=8,80
BP_RESIDENT_RET_FROM_TARGET pc=C1E1 op=F308F1 sp=F374 stack=0644/6BF8 p=00/00/01 tgt=4162 irq=103 active=02 first=00 player=00 xy=8,80
BP_RESIDENT_RET_FROM_TARGET pc=C1E1 op=F308F1 sp=F374 stack=0644/6BF8 p=00/00/01 tgt=4162 irq=104 active=02 first=00 player=00 xy=8,80
BP_RESIDENT_RET_FROM_TARGET pc=C1E1 op=F308F1 sp=F374 stack=0644/6BF8 p=00/00/01 tgt=4162 irq=105 active=02 first=00 player=00 xy=8,80
BP_RESIDENT_RET_FROM_TARGET pc=C1E1 op=F308F1 sp=F374 stack=0644/6BF8 p=00/00/01 tgt=4162 irq=106 active=02 first=00 player=00 xy=8,80
BP_RESIDENT_RET_FROM_TARGET pc=C1E1 op=F308F1 sp=F374 stack=0644/6BF8 p=00/00/01 tgt=4162 irq=107 active=02 first=00 player=00 xy=8,80
BP_RESIDENT_RET_FROM_TARGET pc=C1E1 op=F308F1 sp=F374 stack=0644/6BF8 p=00/00/01 tgt=4162 irq=108 active=02 first=00 player=00 xy=8,80
BP_RESIDENT_RET_FROM_TARGET pc=C1E1 op=F308F1 sp=F374 stack=0644/6BF8 p=00/00/01 tgt=4162 irq=109 active=02 first=00 player=00 xy=8,80
BP_RESIDENT_RET_FROM_TARGET pc=C1E1 op=F308F1 sp=F374 stack=0644/6BF8 p=00/00/01 tgt=4162 irq=110 active=02 first=00 player=00 xy=8,80
BP_RESIDENT_RET_FROM_TARGET pc=C1E1 op=F308F1 sp=F374 stack=0644/6BF8 p=00/00/01 tgt=4162 irq=111 active=02 first=00 player=00 xy=8,80
BP_RESIDENT_RET_FROM_TARGET pc=C1E1 op=F308F1 sp=F374 stack=0644/6BF8 p=00/00/01 tgt=4162 irq=112 active=02 first=00 player=00 xy=8,80
BP_RESIDENT_RET_FROM_TARGET pc=C1E1 op=F308F1 sp=F374 stack=0644/6BF8 p=00/00/01 tgt=4162 irq=113 active=02 first=00 player=00 xy=8,80
BP_RESIDENT_RET_FROM_TARGET pc=C1E1 op=F308F1 sp=F374 stack=0644/6BF8 p=00/00/01 tgt=4162 irq=114 active=02 first=00 player=00 xy=8,80
BP_RESIDENT_RET_FROM_TARGET pc=C1E1 op=F308F1 sp=F374 stack=0644/6BF8 p=00/00/01 tgt=4162 irq=115 active=02 first=00 player=00 xy=8,80
BP_RESIDENT_RET_FROM_TARGET pc=C1E1 op=F308F1 sp=F374 stack=0644/6BF8 p=00/00/01 tgt=4162 irq=116 active=02 first=00 player=00 xy=8,80
BP_RESIDENT_RET_FROM_TARGET pc=C1E1 op=F308F1 sp=F374 stack=0644/6BF8 p=00/00/01 tgt=4162 irq=117 active=02 first=00 player=00 xy=8,80
BP_RESIDENT_RET_FROM_TARGET pc=C1E1 op=F308F1 sp=F374 stack=0644/6BF8 p=00/00/01 tgt=4162 irq=118 active=02 first=00 player=00 xy=8,80
BP_RESIDENT_RET_FROM_TARGET pc=C1E1 op=F308F1 sp=F374 stack=0644/6BF8 p=00/00/01 tgt=4162 irq=119 active=02 first=00 player=00 xy=8,80
BP_RESIDENT_RET_FROM_TARGET pc=C1E1 op=F308F1 sp=F374 stack=0644/6BF8 p=00/00/01 tgt=4162 irq=120 active=02 first=00 player=00 xy=8,80
BP_RESIDENT_RET_FROM_TARGET pc=C1E1 op=F308F1 sp=F374 stack=0644/6BF8 p=00/00/01 tgt=4162 irq=121 active=02 first=00 player=00 xy=8,80
BP_RESIDENT_RET_FROM_TARGET pc=C1E1 op=F308F1 sp=F374 stack=0644/6BF8 p=00/00/01 tgt=4162 irq=122 active=02 first=00 player=00 xy=8,80
BP_RESIDENT_RET_FROM_TARGET pc=C1E1 op=F308F1 sp=F374 stack=0644/6BF8 p=00/00/01 tgt=4162 irq=123 active=02 first=00 player=00 xy=8,80
BP_RESIDENT_RET_FROM_TARGET pc=C1E1 op=F308F1 sp=F374 stack=0644/6BF8 p=00/00/01 tgt=4162 irq=124 active=02 first=00 player=00 xy=8,80
BP_RESIDENT_RET_FROM_TARGET pc=C1E1 op=F308F1 sp=F374 stack=0644/6BF8 p=00/00/01 tgt=4162 irq=125 active=02 first=00 player=00 xy=8,80
BP_RESIDENT_RET_FROM_TARGET pc=C1E1 op=F308F1 sp=F374 stack=0644/6BF8 p=00/00/01 tgt=4162 irq=126 active=02 first=00 player=00 xy=8,80
BP_RESIDENT_RET_FROM_TARGET pc=C1E1 op=F308F1 sp=F374 stack=0644/6BF8 p=00/00/01 tgt=4162 irq=127 active=02 first=00 player=00 xy=8,80
BP_RESIDENT_RET_FROM_TARGET pc=C1E1 op=F308F1 sp=F374 stack=0644/6BF8 p=00/00/01 tgt=4162 irq=128 active=02 first=00 player=00 xy=8,80
BP_RESIDENT_RET_FROM_TARGET pc=C1E1 op=F308F1 sp=F374 stack=0644/6BF8 p=00/00/01 tgt=4162 irq=129 active=02 first=00 player=00 xy=8,80
BP_RESIDENT_RET_FROM_TARGET pc=C1E1 op=F308F1 sp=F374 stack=0644/6BF8 p=00/00/01 tgt=4162 irq=130 active=02 first=00 player=00 xy=8,80
BP_RESIDENT_RET_FROM_TARGET pc=C1E1 op=F308F1 sp=F374 stack=0644/6BF8 p=00/00/01 tgt=4162 irq=131 active=02 first=00 player=00 xy=8,80
BP_RESIDENT_RET_FROM_TARGET pc=C1E1 op=F308F1 sp=F374 stack=0644/6BF8 p=00/00/01 tgt=4162 irq=132 active=02 first=00 player=00 xy=8,80
BP_RESIDENT_RET_FROM_TARGET pc=C1E1 op=F308F1 sp=F374 stack=0644/6BF8 p=00/00/01 tgt=4162 irq=133 active=02 first=00 player=00 xy=8,80
BP_RESIDENT_RET_FROM_TARGET pc=C1E1 op=F308F1 sp=F374 stack=0644/6BF8 p=00/00/01 tgt=4162 irq=134 active=02 first=00 player=00 xy=8,80
BP_RESIDENT_RET_FROM_TARGET pc=C1E1 op=F308F1 sp=F374 stack=0644/6BF8 p=00/00/01 tgt=4162 irq=135 active=02 first=00 player=00 xy=8,80
BP_RESIDENT_RET_FROM_TARGET pc=C1E1 op=F308F1 sp=F374 stack=0644/6BF8 p=00/00/01 tgt=4162 irq=136 active=02 first=00 player=00 xy=8,80
BP_RESIDENT_RET_FROM_TARGET pc=C1E1 op=F308F1 sp=F374 stack=0644/6BF8 p=00/00/01 tgt=4162 irq=137 active=02 first=00 player=00 xy=8,80
BP_RESIDENT_RET_FROM_TARGET pc=C1E1 op=F308F1 sp=F374 stack=0644/6BF8 p=00/00/01 tgt=4162 irq=138 active=02 first=00 player=00 xy=8,80
BP_RESIDENT_RET_FROM_TARGET pc=C1E1 op=F308F1 sp=F374 stack=0644/6BF8 p=00/00/01 tgt=4162 irq=139 active=02 first=00 player=00 xy=8,80
BP_RESIDENT_RET_FROM_TARGET pc=C1E1 op=F308F1 sp=F374 stack=0644/6BF8 p=00/00/01 tgt=4162 irq=140 active=02 first=00 player=00 xy=8,80
BP_RESIDENT_RET_FROM_TARGET pc=C1E1 op=F308F1 sp=F374 stack=0644/6BF8 p=00/00/01 tgt=4162 irq=141 active=02 first=00 player=00 xy=8,80
BP_RESIDENT_RET_FROM_TARGET pc=C1E1 op=F308F1 sp=F374 stack=0644/6BF8 p=00/00/01 tgt=4162 irq=142 active=02 first=00 player=00 xy=8,80
BP_RESIDENT_RET_FROM_TARGET pc=C1E1 op=F308F1 sp=F374 stack=0644/6BF8 p=00/00/01 tgt=4162 irq=143 active=02 first=00 player=00 xy=8,80
BP_RESIDENT_RET_FROM_TARGET pc=C1E1 op=F308F1 sp=F374 stack=0644/6BF8 p=00/00/01 tgt=4162 irq=144 active=02 first=00 player=00 xy=8,80
BP_RESIDENT_RET_FROM_TARGET pc=C1E1 op=F308F1 sp=F374 stack=0644/6BF8 p=00/00/01 tgt=4162 irq=145 active=02 first=00 player=00 xy=8,80
BP_RESIDENT_RET_FROM_TARGET pc=C1E1 op=F308F1 sp=F374 stack=0644/6BF8 p=00/00/01 tgt=4162 irq=146 active=02 first=00 player=00 xy=8,80
BP_RESIDENT_RET_FROM_TARGET pc=C1E1 op=F308F1 sp=F374 stack=0644/6BF8 p=00/00/01 tgt=4162 irq=147 active=02 first=00 player=00 xy=8,80
BP_RESIDENT_RET_FROM_TARGET pc=C1E1 op=F308F1 sp=F374 stack=0644/6BF8 p=00/00/01 tgt=4162 irq=148 active=02 first=00 player=00 xy=8,80
BP_RESIDENT_RET_FROM_TARGET pc=C1E1 op=F308F1 sp=F374 stack=0644/6BF8 p=00/00/01 tgt=4162 irq=149 active=02 first=00 player=00 xy=8,80
BP_RESIDENT_RET_FROM_TARGET pc=C1E1 op=F308F1 sp=F374 stack=0644/6BF8 p=00/00/01 tgt=4162 irq=150 active=02 first=00 player=00 xy=8,80
BP_RESIDENT_RET_FROM_TARGET pc=C1E1 op=F308F1 sp=F374 stack=0644/6BF8 p=00/00/01 tgt=4162 irq=151 active=02 first=00 player=00 xy=8,80
BP_RESIDENT_RET_FROM_TARGET pc=C1E1 op=F308F1 sp=F374 stack=0644/6BF8 p=00/00/01 tgt=4162 irq=152 active=02 first=00 player=00 xy=8,80
BP_RESIDENT_RET_FROM_TARGET pc=C1E1 op=F308F1 sp=F374 stack=0644/6BF8 p=00/00/01 tgt=4162 irq=153 active=02 first=00 player=00 xy=8,80
BP_RESIDENT_RET_FROM_TARGET pc=C1E1 op=F308F1 sp=F374 stack=0644/6BF8 p=00/00/01 tgt=4162 irq=154 active=02 first=00 player=00 xy=8,80
BP_RESIDENT_RET_FROM_TARGET pc=C1E1 op=F308F1 sp=F374 stack=0644/6BF8 p=00/00/01 tgt=4162 irq=155 active=02 first=00 player=00 xy=8,80
BP_RESIDENT_RET_FROM_TARGET pc=C1E1 op=F308F1 sp=F374 stack=0644/6BF8 p=00/00/01 tgt=4162 irq=156 active=02 first=00 player=00 xy=8,80
BP_RESIDENT_RET_FROM_TARGET pc=C1E1 op=F308F1 sp=F374 stack=0644/6BF8 p=00/00/01 tgt=4162 irq=157 active=02 first=00 player=00 xy=8,80
BP_RESIDENT_RET_FROM_TARGET pc=C1E1 op=F308F1 sp=F374 stack=0644/6BF8 p=00/00/01 tgt=4162 irq=158 active=02 first=00 player=00 xy=8,80
BP_RESIDENT_RET_FROM_TARGET pc=C1E1 op=F308F1 sp=F374 stack=0644/6BF8 p=00/00/01 tgt=4162 irq=159 active=02 first=00 player=00 xy=8,80
BP_RESIDENT_RET_FROM_TARGET pc=C1E1 op=F308F1 sp=F374 stack=0644/6BF8 p=00/00/01 tgt=4162 irq=160 active=02 first=00 player=00 xy=8,80
BP_RESIDENT_RET_FROM_TARGET pc=C1E1 op=F308F1 sp=F374 stack=0644/6BF8 p=00/00/01 tgt=4162 irq=161 active=02 first=00 player=00 xy=8,80
BP_RESIDENT_RET_FROM_TARGET pc=C1E1 op=F308F1 sp=F374 stack=0644/6BF8 p=00/00/01 tgt=4162 irq=162 active=02 first=00 player=00 xy=8,80
BP_RESIDENT_RET_FROM_TARGET pc=C1E1 op=F308F1 sp=F374 stack=0644/6BF8 p=00/00/01 tgt=4162 irq=163 active=02 first=00 player=00 xy=8,80
BP_RESIDENT_RET_FROM_TARGET pc=C1E1 op=F308F1 sp=F374 stack=0644/6BF8 p=00/00/01 tgt=4162 irq=164 active=02 first=00 player=00 xy=8,80
BP_RESIDENT_RET_FROM_TARGET pc=C1E1 op=F308F1 sp=F374 stack=0644/6BF8 p=00/00/01 tgt=4162 irq=165 active=02 first=00 player=00 xy=8,80
BP_RESIDENT_RET_FROM_TARGET pc=C1E1 op=F308F1 sp=F374 stack=0644/6BF8 p=00/00/01 tgt=4162 irq=166 active=02 first=00 player=00 xy=8,80
BP_RESIDENT_RET_FROM_TARGET pc=C1E1 op=F308F1 sp=F374 stack=0644/6BF8 p=00/00/01 tgt=4162 irq=167 active=02 first=00 player=00 xy=8,80
BP_RESIDENT_RET_FROM_TARGET pc=C1E1 op=F308F1 sp=F374 stack=0644/6BF8 p=00/00/01 tgt=4162 irq=168 active=02 first=00 player=00 xy=8,80
BP_RESIDENT_RET_FROM_TARGET pc=C1E1 op=F308F1 sp=F374 stack=0644/6BF8 p=00/00/01 tgt=4162 irq=169 active=02 first=00 player=00 xy=8,80
BP_RESIDENT_RET_FROM_TARGET pc=C1E1 op=F308F1 sp=F374 stack=0644/6BF8 p=00/00/01 tgt=4162 irq=170 active=02 first=00 player=00 xy=8,80
BP_RESIDENT_RET_FROM_TARGET pc=C1E1 op=F308F1 sp=F374 stack=0644/6BF8 p=00/00/01 tgt=4162 irq=171 active=02 first=00 player=00 xy=8,80
BP_RESIDENT_RET_FROM_TARGET pc=C1E1 op=F308F1 sp=F374 stack=0644/6BF8 p=00/00/01 tgt=4162 irq=172 active=02 first=00 player=00 xy=8,80
BP_RESIDENT_RET_FROM_TARGET pc=C1E1 op=F308F1 sp=F374 stack=0644/6BF8 p=00/00/01 tgt=4162 irq=173 active=02 first=00 player=00 xy=8,80
BP_RESIDENT_RET_FROM_TARGET pc=C1E1 op=F308F1 sp=F374 stack=0644/6BF8 p=00/00/01 tgt=4162 irq=174 active=02 first=00 player=00 xy=8,80
BP_RESIDENT_RET_FROM_TARGET pc=C1E1 op=F308F1 sp=F374 stack=0644/6BF8 p=00/00/01 tgt=4162 irq=175 active=02 first=00 player=00 xy=8,80
BP_RESIDENT_RET_FROM_TARGET pc=C1E1 op=F308F1 sp=F374 stack=0644/6BF8 p=00/00/01 tgt=4162 irq=176 active=02 first=00 player=00 xy=8,80
BP_RESIDENT_RET_FROM_TARGET pc=C1E1 op=F308F1 sp=F374 stack=0644/6BF8 p=00/00/01 tgt=4162 irq=177 active=02 first=00 player=00 xy=8,80
BP_RESIDENT_RET_FROM_TARGET pc=C1E1 op=F308F1 sp=F374 stack=0644/6BF8 p=00/00/01 tgt=4162 irq=178 active=02 first=00 player=00 xy=8,80
BP_RESIDENT_RET_FROM_TARGET pc=C1E1 op=F308F1 sp=F374 stack=0644/6BF8 p=00/00/01 tgt=4162 irq=179 active=02 first=00 player=00 xy=8,80
BP_RESIDENT_RET_FROM_TARGET pc=C1E1 op=F308F1 sp=F374 stack=0644/6BF8 p=00/00/01 tgt=4162 irq=180 active=02 first=00 player=00 xy=8,80
BP_RESIDENT_RET_FROM_TARGET pc=C1E1 op=F308F1 sp=F374 stack=0644/6BF8 p=00/00/01 tgt=4162 irq=181 active=02 first=00 player=00 xy=8,80
BP_RESIDENT_RET_FROM_TARGET pc=C1E1 op=F308F1 sp=F374 stack=0644/6BF8 p=00/00/01 tgt=4162 irq=182 active=02 first=00 player=00 xy=8,80
SPC1_before pc=65AF op=CDBD65 sp=F37C stack=6597/6988 p=06/06/01 tgt=4162 irq=182 active=02 first=00 player=00 xy=8,80
BP_RESIDENT_RET_FROM_TARGET pc=C1E1 op=F308F1 sp=F374 stack=0644/6BF8 p=00/00/01 tgt=4162 irq=183 active=02 first=00 player=00 xy=8,80
BP_RESIDENT_RET_FROM_TARGET pc=C1E1 op=F308F1 sp=F374 stack=0644/6BF8 p=00/00/01 tgt=4162 irq=184 active=02 first=00 player=00 xy=8,80
BP_RESIDENT_RET_FROM_TARGET pc=C1E1 op=F308F1 sp=F374 stack=0644/6BF8 p=00/00/01 tgt=4162 irq=185 active=02 first=00 player=00 xy=8,80
BP_RESIDENT_RET_FROM_TARGET pc=C1E1 op=F308F1 sp=F374 stack=0644/6BF8 p=00/00/01 tgt=4162 irq=186 active=02 first=00 player=00 xy=8,80
BP_RESIDENT_RET_FROM_TARGET pc=C1E1 op=F308F1 sp=F374 stack=0644/6BF8 p=00/00/01 tgt=4162 irq=187 active=02 first=00 player=00 xy=8,80
BP_RESIDENT_RET_FROM_TARGET pc=C1E1 op=F308F1 sp=F374 stack=0644/6BF8 p=00/00/01 tgt=4162 irq=188 active=02 first=00 player=00 xy=8,80
BP_RESIDENT_RET_FROM_TARGET pc=C1E1 op=F308F1 sp=F374 stack=0644/6BF8 p=00/00/01 tgt=4162 irq=189 active=02 first=00 player=00 xy=8,80
BP_RESIDENT_RET_FROM_TARGET pc=C1E1 op=F308F1 sp=F374 stack=0644/6BF8 p=00/00/01 tgt=4162 irq=190 active=02 first=00 player=00 xy=8,80
BP_RESIDENT_RET_FROM_TARGET pc=C1E1 op=F308F1 sp=F374 stack=0644/6BF8 p=00/00/01 tgt=4162 irq=191 active=02 first=00 player=00 xy=8,80
BP_RESIDENT_RET_FROM_TARGET pc=C1E1 op=F308F1 sp=F374 stack=0644/6BF8 p=00/00/01 tgt=4162 irq=192 active=02 first=00 player=00 xy=8,80
BP_RESIDENT_RET_FROM_TARGET pc=C1E1 op=F308F1 sp=F374 stack=0644/6BF8 p=00/00/01 tgt=4162 irq=193 active=02 first=00 player=00 xy=8,80
BP_RESIDENT_RET_FROM_TARGET pc=C1E1 op=F308F1 sp=F374 stack=0644/6BF8 p=00/00/01 tgt=4162 irq=194 active=02 first=00 player=00 xy=8,80
BP_RESIDENT_RET_FROM_TARGET pc=C1E1 op=F308F1 sp=F374 stack=0644/6BF8 p=00/00/01 tgt=4162 irq=195 active=02 first=00 player=00 xy=8,80
BP_RESIDENT_RET_FROM_TARGET pc=C1E1 op=F308F1 sp=F374 stack=0644/6BF8 p=00/00/01 tgt=4162 irq=196 active=02 first=00 player=00 xy=8,80
SPC1_after pc=1A02 op=DDE1FD sp=F344 stack=6195/634F p=00/00/01 tgt=48BD irq=197 active=02 first=00 player=00 xy=8,80
BP_RESIDENT_RET_FROM_TARGET pc=C1E1 op=F308F1 sp=F362 stack=1044/6063 p=00/00/01 tgt=48BD irq=197 active=02 first=00 player=00 xy=8,80
BP_RESIDENT_RET_FROM_TARGET pc=C1E1 op=F308F1 sp=F362 stack=1044/6063 p=00/00/01 tgt=48BD irq=198 active=02 first=00 player=00 xy=8,80
BP_RESIDENT_RET_FROM_TARGET pc=C1E1 op=F308F1 sp=F362 stack=1044/6063 p=00/00/01 tgt=48BD irq=199 active=02 first=00 player=00 xy=8,80
BP_RESIDENT_RET_FROM_TARGET pc=C1E1 op=F308F1 sp=F362 stack=1144/6063 p=00/00/01 tgt=48BD irq=200 active=02 first=00 player=00 xy=8,80
BP_RESIDENT_RET_FROM_TARGET pc=C1E1 op=F308F1 sp=F362 stack=1144/6063 p=00/00/01 tgt=48BD irq=201 active=02 first=00 player=00 xy=8,80
BP_RESIDENT_RET_FROM_TARGET pc=C1E1 op=F308F1 sp=F362 stack=1144/6063 p=00/00/01 tgt=48BD irq=201 active=02 first=00 player=00 xy=8,80
BP_RESIDENT_RET_FROM_TARGET pc=C1E1 op=F308F1 sp=F33E stack=0D44/62A6 p=00/00/01 tgt=40CA irq=201 active=02 first=00 player=00 xy=8,80
BP_RESIDENT_RET_FROM_TARGET pc=C1E1 op=F308F1 sp=F33E stack=0D44/62A6 p=00/00/01 tgt=40CA irq=201 active=02 first=00 player=00 xy=8,80
BP_RESIDENT_RET_FROM_TARGET pc=C1E1 op=F308F1 sp=F340 stack=0D44/62A6 p=00/00/01 tgt=40CA irq=201 active=02 first=00 player=00 xy=8,80
BP_RESIDENT_RET_FROM_TARGET pc=C1E1 op=F308F1 sp=F33E stack=0D44/62A6 p=00/00/01 tgt=40CA irq=201 active=02 first=00 player=00 xy=8,80
BP_RESIDENT_RET_FROM_TARGET pc=C1E1 op=F308F1 sp=F33E stack=0D44/62A6 p=00/00/01 tgt=40CA irq=201 active=02 first=00 player=00 xy=8,80
BP_RESIDENT_RET_FROM_TARGET pc=C1E1 op=F308F1 sp=F340 stack=0D44/62A6 p=00/00/01 tgt=40CA irq=202 active=02 first=00 player=00 xy=8,80
BP_RESIDENT_RET_FROM_TARGET pc=C1E1 op=F308F1 sp=F33E stack=0D44/62A6 p=00/00/01 tgt=40CA irq=202 active=02 first=00 player=00 xy=8,80
BP_RESIDENT_RET_FROM_TARGET pc=C1E1 op=F308F1 sp=F33E stack=0D44/62A6 p=00/00/01 tgt=40CA irq=202 active=02 first=00 player=00 xy=8,80
BP_RESIDENT_RET_FROM_TARGET pc=C1E1 op=F308F1 sp=F340 stack=0D44/62A6 p=00/00/01 tgt=40CA irq=202 active=02 first=00 player=00 xy=8,80
BP_RESIDENT_RET_FROM_TARGET pc=C1E1 op=F308F1 sp=F33E stack=0D44/62A6 p=00/00/01 tgt=40CA irq=202 active=02 first=00 player=00 xy=8,80
BP_RESIDENT_RET_FROM_TARGET pc=C1E1 op=F308F1 sp=F33E stack=0D44/62A6 p=00/00/01 tgt=40CA irq=202 active=02 first=00 player=00 xy=8,80
BP_RESIDENT_RET_FROM_TARGET pc=C1E1 op=F308F1 sp=F340 stack=0D44/62A6 p=00/00/01 tgt=40CA irq=202 active=02 first=00 player=00 xy=8,80
BP_RESIDENT_RET_FROM_TARGET pc=C1E1 op=F308F1 sp=F33E stack=0D44/62A6 p=00/00/01 tgt=40CA irq=202 active=02 first=00 player=00 xy=8,80
BP_RESIDENT_RET_FROM_TARGET pc=C1E1 op=F308F1 sp=F33E stack=0D44/62A6 p=00/00/01 tgt=40CA irq=202 active=02 first=00 player=00 xy=8,80
BP_RESIDENT_RET_FROM_TARGET pc=C1E1 op=F308F1 sp=F340 stack=0D44/62A6 p=00/00/01 tgt=40CA irq=202 active=02 first=00 player=00 xy=8,80
BP_RESIDENT_RET_FROM_TARGET pc=C1E1 op=F308F1 sp=F33E stack=0D44/62A6 p=00/00/01 tgt=40CA irq=202 active=02 first=00 player=00 xy=8,80
BP_RESIDENT_RET_FROM_TARGET pc=C1E1 op=F308F1 sp=F33E stack=0D44/62A6 p=00/00/01 tgt=40CA irq=202 active=02 first=00 player=00 xy=8,80
BP_RESIDENT_RET_FROM_TARGET pc=C1E1 op=F308F1 sp=F340 stack=0D44/62A6 p=00/00/01 tgt=40CA irq=202 active=02 first=00 player=00 xy=8,80
BP_RESIDENT_RET_FROM_TARGET pc=C1E1 op=F308F1 sp=F33E stack=0D44/62A6 p=00/00/01 tgt=40CA irq=202 active=02 first=00 player=00 xy=8,80
BP_RESIDENT_RET_FROM_TARGET pc=C1E1 op=F308F1 sp=F33E stack=0D44/62A6 p=00/00/01 tgt=40CA irq=202 active=02 first=00 player=00 xy=8,80
BP_RESIDENT_RET_FROM_TARGET pc=C1E1 op=F308F1 sp=F340 stack=0D44/62A6 p=00/00/01 tgt=40CA irq=202 active=02 first=00 player=00 xy=8,80
BP_RESIDENT_RET_FROM_TARGET pc=C1E1 op=F308F1 sp=F33E stack=0D44/62A6 p=00/00/01 tgt=40CA irq=202 active=02 first=00 player=00 xy=8,80
BP_RESIDENT_RET_FROM_TARGET pc=C1E1 op=F308F1 sp=F33E stack=0D44/62A6 p=00/00/01 tgt=40CA irq=202 active=02 first=00 player=00 xy=8,80
BP_RESIDENT_RET_FROM_TARGET pc=C1E1 op=F308F1 sp=F340 stack=0D44/62A6 p=00/00/01 tgt=40CA irq=202 active=02 first=00 player=00 xy=8,80
BP_RESIDENT_RET_FROM_TARGET pc=C1E1 op=F308F1 sp=F364 stack=0D44/6296 p=00/00/01 tgt=40CA irq=202 active=02 first=00 player=00 xy=8,80
BP_RESIDENT_RET_FROM_TARGET pc=C1E1 op=F308F1 sp=F352 stack=0844/66BC p=00/00/01 tgt=543C irq=202 active=02 first=00 player=00 xy=8,80
BP_RESIDENT_RET_FROM_TARGET pc=C1E1 op=F308F1 sp=F364 stack=0744/6AA2 p=00/00/01 tgt=543C irq=202 active=02 first=00 player=00 xy=8,80
BP_RESIDENT_RET_FROM_TARGET pc=C1E1 op=F308F1 sp=F362 stack=0744/6AB2 p=00/00/01 tgt=54AF irq=202 active=02 first=00 player=FF xy=0,0
BP_RESIDENT_RET_FROM_TARGET pc=C1E1 op=F308F1 sp=F362 stack=0744/6AC2 p=00/00/01 tgt=54C2 irq=202 active=02 first=00 player=FF xy=0,0
BP_RESIDENT_RET_FROM_TARGET pc=C1E1 op=F308F1 sp=F362 stack=0744/6AD2 p=00/00/01 tgt=54D5 irq=202 active=02 first=00 player=FF xy=0,0
BP_RESIDENT_RET_FROM_TARGET pc=C1E1 op=F308F1 sp=F362 stack=0744/6AB2 p=00/00/01 tgt=54AF irq=202 active=02 first=00 player=FF xy=0,0
BP_RESIDENT_RET_FROM_TARGET pc=C1E1 op=F308F1 sp=F362 stack=0744/6AC2 p=00/00/01 tgt=54C2 irq=202 active=02 first=00 player=FF xy=0,0
BP_RESIDENT_RET_FROM_TARGET pc=C1E1 op=F308F1 sp=F362 stack=0744/6AD2 p=00/00/01 tgt=54D5 irq=202 active=02 first=00 player=FF xy=0,0
BP_RESIDENT_RET_FROM_TARGET pc=C1E1 op=F308F1 sp=F362 stack=0744/6AB2 p=00/00/01 tgt=54AF irq=203 active=02 first=00 player=FF xy=0,0
BP_RESIDENT_RET_FROM_TARGET pc=C1E1 op=F308F1 sp=F362 stack=0744/6AC2 p=00/00/01 tgt=54C2 irq=203 active=02 first=00 player=FF xy=0,0
BP_RESIDENT_RET_FROM_TARGET pc=C1E1 op=F308F1 sp=F362 stack=0744/6AB2 p=00/00/01 tgt=54AF irq=203 active=02 first=00 player=FF xy=0,0
BP_RESIDENT_RET_FROM_TARGET pc=C1E1 op=F308F1 sp=F362 stack=0744/6AC2 p=00/00/01 tgt=54C2 irq=203 active=02 first=00 player=FF xy=0,0
BP_RESIDENT_RET_FROM_TARGET pc=C1E1 op=F308F1 sp=F362 stack=0744/6AB2 p=00/00/01 tgt=54AF irq=203 active=02 first=00 player=FF xy=0,0
BP_RESIDENT_RET_FROM_TARGET pc=C1E1 op=F308F1 sp=F362 stack=0744/6AC2 p=00/00/01 tgt=54C2 irq=203 active=02 first=00 player=FF xy=0,0
BP_RESIDENT_RET_FROM_TARGET pc=C1E1 op=F308F1 sp=F362 stack=0744/6AB2 p=00/00/01 tgt=54AF irq=203 active=02 first=00 player=FF xy=0,0
BP_RESIDENT_RET_FROM_TARGET pc=C1E1 op=F308F1 sp=F362 stack=0744/6AC2 p=00/00/01 tgt=54C2 irq=203 active=02 first=00 player=FF xy=0,0
BP_RESIDENT_RET_FROM_TARGET pc=C1E1 op=F308F1 sp=F35A stack=0E44/63D5 p=00/00/01 tgt=40CA irq=203 active=02 first=00 player=00 xy=8,80
BP_RESIDENT_RET_FROM_TARGET pc=C1E1 op=F308F1 sp=F35A stack=0E44/63D5 p=00/00/01 tgt=40CA irq=203 active=02 first=00 player=00 xy=8,80
BP_RESIDENT_RET_FROM_TARGET pc=C1E1 op=F308F1 sp=F35A stack=0E44/63D5 p=00/00/01 tgt=40CA irq=203 active=02 first=00 player=00 xy=8,80
BP_RESIDENT_RET_FROM_TARGET pc=C1E1 op=F308F1 sp=F35A stack=0E44/63D5 p=00/00/01 tgt=40CA irq=203 active=02 first=00 player=00 xy=8,80
BP_RESIDENT_RET_FROM_TARGET pc=C1E1 op=F308F1 sp=F35A stack=0E44/63D5 p=00/00/01 tgt=40CA irq=203 active=02 first=00 player=00 xy=8,80
BP_RESIDENT_RET_FROM_TARGET pc=C1E1 op=F308F1 sp=F35A stack=0E44/63D5 p=00/00/01 tgt=40CA irq=203 active=02 first=00 player=00 xy=8,80
BP_RESIDENT_RET_FROM_TARGET pc=C1E1 op=F308F1 sp=F35A stack=0E44/63D5 p=00/00/01 tgt=40CA irq=203 active=02 first=00 player=00 xy=8,80
BP_RESIDENT_RET_FROM_TARGET pc=C1E1 op=F308F1 sp=F35A stack=0E44/63D5 p=00/00/01 tgt=40CA irq=203 active=02 first=00 player=00 xy=8,80
BP_RESIDENT_RET_FROM_TARGET pc=C1E1 op=F308F1 sp=F35A stack=0E44/63D5 p=00/00/01 tgt=40CA irq=203 active=02 first=00 player=00 xy=8,80
BP_RESIDENT_RET_FROM_TARGET pc=C1E1 op=F308F1 sp=F35A stack=0E44/63D5 p=00/00/01 tgt=40CA irq=203 active=02 first=00 player=00 xy=8,80
BP_RESIDENT_RET_FROM_TARGET pc=C1E1 op=F308F1 sp=F35A stack=0E44/63D5 p=00/00/01 tgt=40CA irq=203 active=02 first=00 player=00 xy=8,80
BP_RESIDENT_RET_FROM_TARGET pc=C1E1 op=F308F1 sp=F35A stack=0E44/63D5 p=00/00/01 tgt=40CA irq=203 active=02 first=00 player=00 xy=8,80
BP_RESIDENT_RET_FROM_TARGET pc=C1E1 op=F308F1 sp=F35A stack=0E44/63D5 p=00/00/01 tgt=40CA irq=203 active=02 first=00 player=00 xy=8,80
BP_RESIDENT_RET_FROM_TARGET pc=C1E1 op=F308F1 sp=F35A stack=0E44/63D5 p=00/00/01 tgt=40CA irq=203 active=02 first=00 player=00 xy=8,80
BP_RESIDENT_RET_FROM_TARGET pc=C1E1 op=F308F1 sp=F35A stack=0E44/63D5 p=00/00/01 tgt=40CA irq=203 active=02 first=00 player=00 xy=8,80
BP_RESIDENT_RET_FROM_TARGET pc=C1E1 op=F308F1 sp=F35A stack=0E44/63D5 p=00/00/01 tgt=40CA irq=203 active=02 first=00 player=00 xy=8,80
BP_RESIDENT_RET_FROM_TARGET pc=C1E1 op=F308F1 sp=F35A stack=0E44/63D5 p=00/00/01 tgt=40CA irq=203 active=02 first=00 player=00 xy=8,80
BP_RESIDENT_RET_FROM_TARGET pc=C1E1 op=F308F1 sp=F35A stack=0E44/63D5 p=00/00/01 tgt=40CA irq=203 active=02 first=00 player=00 xy=8,80
BP_RESIDENT_RET_FROM_TARGET pc=C1E1 op=F308F1 sp=F35A stack=0E44/63D5 p=00/00/01 tgt=40CA irq=203 active=02 first=00 player=00 xy=8,80
BP_RESIDENT_RET_FROM_TARGET pc=C1E1 op=F308F1 sp=F35A stack=0E44/63D5 p=00/00/01 tgt=40CA irq=203 active=02 first=00 player=00 xy=8,80
BP_RESIDENT_RET_FROM_TARGET pc=C1E1 op=F308F1 sp=F35A stack=0E44/63D5 p=00/00/01 tgt=40CA irq=203 active=02 first=00 player=00 xy=8,80
BP_RESIDENT_RET_FROM_TARGET pc=C1E1 op=F308F1 sp=F35A stack=0E44/63D5 p=00/00/01 tgt=40CA irq=204 active=02 first=00 player=00 xy=8,80
BP_RESIDENT_RET_FROM_TARGET pc=C1E1 op=F308F1 sp=F35A stack=0E44/63D5 p=00/00/01 tgt=40CA irq=204 active=02 first=00 player=00 xy=8,80
BP_RESIDENT_RET_FROM_TARGET pc=C1E1 op=F308F1 sp=F35A stack=0E44/63D5 p=00/00/01 tgt=40CA irq=204 active=02 first=00 player=00 xy=8,80
BP_RESIDENT_RET_FROM_TARGET pc=C1E1 op=F308F1 sp=F35A stack=0E44/63D5 p=00/00/01 tgt=40CA irq=204 active=02 first=00 player=00 xy=8,80
BP_RESIDENT_RET_FROM_TARGET pc=C1E1 op=F308F1 sp=F35A stack=0E44/63D5 p=00/00/01 tgt=40CA irq=204 active=02 first=00 player=00 xy=8,80
BP_RESIDENT_RET_FROM_TARGET pc=C1E1 op=F308F1 sp=F35A stack=0E44/63D5 p=00/00/01 tgt=40CA irq=204 active=02 first=00 player=00 xy=8,80
BP_RESIDENT_RET_FROM_TARGET pc=C1E1 op=F308F1 sp=F35A stack=0E44/63D5 p=00/00/01 tgt=40CA irq=204 active=02 first=00 player=00 xy=8,80
BP_RESIDENT_RET_FROM_TARGET pc=C1E1 op=F308F1 sp=F35A stack=0E44/63D5 p=00/00/01 tgt=40CA irq=204 active=02 first=00 player=00 xy=8,80
BP_RESIDENT_RET_FROM_TARGET pc=C1E1 op=F308F1 sp=F35A stack=0E44/63D5 p=00/00/01 tgt=40CA irq=204 active=02 first=00 player=00 xy=8,80
BP_RESIDENT_RET_FROM_TARGET pc=C1E1 op=F308F1 sp=F35A stack=0E44/63D5 p=00/00/01 tgt=40CA irq=204 active=02 first=00 player=00 xy=8,80
BP_RESIDENT_RET_FROM_TARGET pc=C1E1 op=F308F1 sp=F35A stack=0E44/63D5 p=00/00/01 tgt=40CA irq=204 active=02 first=00 player=00 xy=8,80
BP_RESIDENT_RET_FROM_TARGET pc=C1E1 op=F308F1 sp=F35A stack=0E44/63D5 p=00/00/01 tgt=40CA irq=204 active=02 first=00 player=00 xy=8,80
BP_RESIDENT_RET_FROM_TARGET pc=C1E1 op=F308F1 sp=F35A stack=0E44/63D5 p=00/00/01 tgt=40CA irq=204 active=02 first=00 player=00 xy=8,80
BP_RESIDENT_RET_FROM_TARGET pc=C1E1 op=F308F1 sp=F35A stack=0E44/63D5 p=00/00/01 tgt=40CA irq=204 active=02 first=00 player=00 xy=8,80
BP_RESIDENT_RET_FROM_TARGET pc=C1E1 op=F308F1 sp=F35A stack=0E44/63D5 p=00/00/01 tgt=40CA irq=204 active=02 first=00 player=00 xy=8,80
BP_RESIDENT_RET_FROM_TARGET pc=C1E1 op=F308F1 sp=F35A stack=0E44/63D5 p=00/00/01 tgt=40CA irq=204 active=02 first=00 player=00 xy=8,80
BP_RESIDENT_RET_FROM_TARGET pc=C1E1 op=F308F1 sp=F35A stack=0E44/63D5 p=00/00/01 tgt=40CA irq=204 active=02 first=00 player=00 xy=8,80
BP_RESIDENT_RET_FROM_TARGET pc=C1E1 op=F308F1 sp=F35A stack=0E44/63D5 p=00/00/01 tgt=40CA irq=204 active=02 first=00 player=00 xy=8,80
BP_RESIDENT_RET_FROM_TARGET pc=C1E1 op=F308F1 sp=F35A stack=0E44/63D5 p=00/00/01 tgt=40CA irq=204 active=02 first=00 player=00 xy=8,80
BP_RESIDENT_RET_FROM_TARGET pc=C1E1 op=F308F1 sp=F35A stack=0E44/63D5 p=00/00/01 tgt=40CA irq=204 active=02 first=00 player=00 xy=8,80
BP_RESIDENT_RET_FROM_TARGET pc=C1E1 op=F308F1 sp=F35A stack=0E44/63D5 p=00/00/01 tgt=40CA irq=204 active=02 first=00 player=00 xy=8,80
BP_RESIDENT_RET_FROM_TARGET pc=C1E1 op=F308F1 sp=F35A stack=0E44/63D5 p=00/00/01 tgt=40CA irq=204 active=02 first=00 player=00 xy=8,80
BP_RESIDENT_RET_FROM_TARGET pc=C1E1 op=F308F1 sp=F35A stack=0E44/63D5 p=00/00/01 tgt=40CA irq=204 active=02 first=00 player=00 xy=8,80
BP_RESIDENT_RET_FROM_TARGET pc=C1E1 op=F308F1 sp=F35A stack=0E44/63D5 p=00/00/01 tgt=40CA irq=204 active=02 first=00 player=00 xy=8,80
BP_RESIDENT_RET_FROM_TARGET pc=C1E1 op=F308F1 sp=F35A stack=0E44/63D5 p=00/00/01 tgt=40CA irq=204 active=02 first=00 player=00 xy=8,80
BP_RESIDENT_RET_FROM_TARGET pc=C1E1 op=F308F1 sp=F35A stack=0E44/63D5 p=00/00/01 tgt=40CA irq=204 active=02 first=00 player=00 xy=8,80
BP_RESIDENT_RET_FROM_TARGET pc=C1E1 op=F308F1 sp=F35A stack=0E44/63D5 p=00/00/01 tgt=40CA irq=204 active=02 first=00 player=00 xy=8,80
BP_RESIDENT_RET_FROM_TARGET pc=C1E1 op=F308F1 sp=F35A stack=0E44/63D5 p=00/00/01 tgt=40CA irq=204 active=02 first=00 player=00 xy=8,80
BP_RESIDENT_RET_FROM_TARGET pc=C1E1 op=F308F1 sp=F35A stack=0E44/63D5 p=00/00/01 tgt=40CA irq=204 active=02 first=00 player=00 xy=8,80
BP_RESIDENT_RET_FROM_TARGET pc=C1E1 op=F308F1 sp=F35A stack=0E44/63D5 p=00/00/01 tgt=40CA irq=204 active=02 first=00 player=00 xy=8,80
BP_RESIDENT_RET_FROM_TARGET pc=C1E1 op=F308F1 sp=F35A stack=0E44/63D5 p=00/00/01 tgt=40CA irq=204 active=02 first=00 player=00 xy=8,80
BP_RESIDENT_RET_FROM_TARGET pc=C1E1 op=F308F1 sp=F35A stack=0E44/63D5 p=00/00/01 tgt=40CA irq=204 active=02 first=00 player=00 xy=8,80
BP_RESIDENT_RET_FROM_TARGET pc=C1E1 op=F308F1 sp=F35A stack=0E44/63D5 p=00/00/01 tgt=40CA irq=204 active=02 first=00 player=00 xy=8,80
BP_RESIDENT_RET_FROM_TARGET pc=C1E1 op=F308F1 sp=F35A stack=0E44/63D5 p=00/00/01 tgt=40CA irq=204 active=02 first=00 player=00 xy=8,80
BP_RESIDENT_RET_FROM_TARGET pc=C1E1 op=F308F1 sp=F35A stack=0E44/63D5 p=00/00/01 tgt=40CA irq=204 active=02 first=00 player=00 xy=8,80
BP_RESIDENT_RET_FROM_TARGET pc=C1E1 op=F308F1 sp=F35A stack=0E44/63D5 p=00/00/01 tgt=40CA irq=204 active=02 first=00 player=00 xy=8,80
BP_RESIDENT_RET_FROM_TARGET pc=C1E1 op=F308F1 sp=F35A stack=0E44/63D5 p=00/00/01 tgt=40CA irq=204 active=02 first=00 player=00 xy=8,80
BP_RESIDENT_RET_FROM_TARGET pc=C1E1 op=F308F1 sp=F35A stack=0E44/63D5 p=00/00/01 tgt=40CA irq=204 active=02 first=00 player=00 xy=8,80
BP_RESIDENT_RET_FROM_TARGET pc=C1E1 op=F308F1 sp=F35A stack=0E44/63D5 p=00/00/01 tgt=40CA irq=204 active=02 first=00 player=00 xy=8,80
BP_RESIDENT_RET_FROM_TARGET pc=C1E1 op=F308F1 sp=F35A stack=0E44/63D5 p=00/00/01 tgt=40CA irq=204 active=02 first=00 player=00 xy=8,80
BP_RESIDENT_RET_FROM_TARGET pc=C1E1 op=F308F1 sp=F35A stack=0E44/63D5 p=00/00/01 tgt=40CA irq=204 active=02 first=00 player=00 xy=8,80
BP_RESIDENT_RET_FROM_TARGET pc=C1E1 op=F308F1 sp=F35A stack=0E44/63D5 p=00/00/01 tgt=40CA irq=204 active=02 first=00 player=00 xy=8,80
BP_RESIDENT_RET_FROM_TARGET pc=C1E1 op=F308F1 sp=F35A stack=0E44/63D5 p=00/00/01 tgt=40CA irq=204 active=02 first=00 player=00 xy=8,80
BP_RESIDENT_RET_FROM_TARGET pc=C1E1 op=F308F1 sp=F35A stack=0E44/63D5 p=00/00/01 tgt=40CA irq=204 active=02 first=00 player=00 xy=8,80
BP_RESIDENT_RET_FROM_TARGET pc=C1E1 op=F308F1 sp=F35A stack=0E44/63D5 p=00/00/01 tgt=40CA irq=204 active=02 first=00 player=00 xy=8,80
BP_RESIDENT_RET_FROM_TARGET pc=C1E1 op=F308F1 sp=F35A stack=0E44/63D5 p=00/00/01 tgt=40CA irq=204 active=02 first=00 player=00 xy=8,80
BP_RESIDENT_RET_FROM_TARGET pc=C1E1 op=F308F1 sp=F35A stack=0E44/63D5 p=00/00/01 tgt=40CA irq=204 active=02 first=00 player=00 xy=8,80
BP_RESIDENT_RET_FROM_TARGET pc=C1E1 op=F308F1 sp=F35A stack=0E44/63D5 p=00/00/01 tgt=40CA irq=205 active=02 first=00 player=00 xy=8,80
BP_RESIDENT_RET_FROM_TARGET pc=C1E1 op=F308F1 sp=F35A stack=0E44/63D5 p=00/00/01 tgt=40CA irq=205 active=02 first=00 player=00 xy=8,80
BP_RESIDENT_RET_FROM_TARGET pc=C1E1 op=F308F1 sp=F35A stack=0E44/63D5 p=00/00/01 tgt=40CA irq=205 active=02 first=00 player=00 xy=8,80
BP_RESIDENT_RET_FROM_TARGET pc=C1E1 op=F308F1 sp=F35A stack=0E44/63D5 p=00/00/01 tgt=40CA irq=205 active=02 first=00 player=00 xy=8,80
BP_RESIDENT_RET_FROM_TARGET pc=C1E1 op=F308F1 sp=F35A stack=0E44/63D5 p=00/00/01 tgt=40CA irq=205 active=02 first=00 player=00 xy=8,80
BP_RESIDENT_RET_FROM_TARGET pc=C1E1 op=F308F1 sp=F35A stack=0E44/63D5 p=00/00/01 tgt=40CA irq=205 active=02 first=00 player=00 xy=8,80
BP_RESIDENT_RET_FROM_TARGET pc=C1E1 op=F308F1 sp=F35A stack=0E44/63D5 p=00/00/01 tgt=40CA irq=205 active=02 first=00 player=00 xy=8,80
BP_RESIDENT_RET_FROM_TARGET pc=C1E1 op=F308F1 sp=F35A stack=0E44/63D5 p=00/00/01 tgt=40CA irq=205 active=02 first=00 player=00 xy=8,80
BP_RESIDENT_RET_FROM_TARGET pc=C1E1 op=F308F1 sp=F35A stack=0E44/63D5 p=00/00/01 tgt=40CA irq=205 active=02 first=00 player=00 xy=8,80
BP_RESIDENT_RET_FROM_TARGET pc=C1E1 op=F308F1 sp=F35A stack=0E44/63D5 p=00/00/01 tgt=40CA irq=205 active=02 first=00 player=00 xy=8,80
BP_RESIDENT_RET_FROM_TARGET pc=C1E1 op=F308F1 sp=F35A stack=0E44/63D5 p=00/00/01 tgt=40CA irq=205 active=02 first=00 player=00 xy=8,80
BP_RESIDENT_RET_FROM_TARGET pc=C1E1 op=F308F1 sp=F35A stack=0E44/63D5 p=00/00/01 tgt=40CA irq=205 active=02 first=00 player=00 xy=8,80
BP_RESIDENT_RET_FROM_TARGET pc=C1E1 op=F308F1 sp=F35A stack=0E44/63D5 p=00/00/01 tgt=40CA irq=205 active=02 first=00 player=00 xy=8,80
BP_RESIDENT_RET_FROM_TARGET pc=C1E1 op=F308F1 sp=F35A stack=0E44/63D5 p=00/00/01 tgt=40CA irq=205 active=02 first=00 player=00 xy=8,80
BP_RESIDENT_RET_FROM_TARGET pc=C1E1 op=F308F1 sp=F35A stack=0E44/63D5 p=00/00/01 tgt=40CA irq=205 active=02 first=00 player=00 xy=8,80
BP_RESIDENT_RET_FROM_TARGET pc=C1E1 op=F308F1 sp=F35A stack=0E44/63D5 p=00/00/01 tgt=40CA irq=205 active=02 first=00 player=00 xy=8,80
BP_RESIDENT_RET_FROM_TARGET pc=C1E1 op=F308F1 sp=F35A stack=0E44/63D5 p=00/00/01 tgt=40CA irq=205 active=02 first=00 player=00 xy=8,80
BP_RESIDENT_RET_FROM_TARGET pc=C1E1 op=F308F1 sp=F35A stack=0E44/63D5 p=00/00/01 tgt=40CA irq=205 active=02 first=00 player=00 xy=8,80
BP_RESIDENT_RET_FROM_TARGET pc=C1E1 op=F308F1 sp=F35A stack=0E44/63D5 p=00/00/01 tgt=40CA irq=205 active=02 first=00 player=00 xy=8,80
BP_RESIDENT_RET_FROM_TARGET pc=C1E1 op=F308F1 sp=F35A stack=0E44/63D5 p=00/00/01 tgt=40CA irq=205 active=02 first=00 player=00 xy=8,80
BP_RESIDENT_RET_FROM_TARGET pc=C1E1 op=F308F1 sp=F35A stack=0E44/63D5 p=00/00/01 tgt=40CA irq=205 active=02 first=00 player=00 xy=8,80
BP_RESIDENT_RET_FROM_TARGET pc=C1E1 op=F308F1 sp=F35A stack=0E44/63D5 p=00/00/01 tgt=40CA irq=205 active=02 first=00 player=00 xy=8,80
BP_RESIDENT_RET_FROM_TARGET pc=C1E1 op=F308F1 sp=F35A stack=0E44/63D5 p=00/00/01 tgt=40CA irq=205 active=02 first=00 player=00 xy=8,80
BP_RESIDENT_RET_FROM_TARGET pc=C1E1 op=F308F1 sp=F35A stack=0E44/63D5 p=00/00/01 tgt=40CA irq=205 active=02 first=00 player=00 xy=8,80
BP_RESIDENT_RET_FROM_TARGET pc=C1E1 op=F308F1 sp=F35A stack=0E44/63D5 p=00/00/01 tgt=40CA irq=205 active=02 first=00 player=00 xy=8,80
BP_RESIDENT_RET_FROM_TARGET pc=C1E1 op=F308F1 sp=F35A stack=0E44/63D5 p=00/00/01 tgt=40CA irq=205 active=02 first=00 player=00 xy=8,80
BP_RESIDENT_RET_FROM_TARGET pc=C1E1 op=F308F1 sp=F35A stack=0E44/63D5 p=00/00/01 tgt=40CA irq=205 active=02 first=00 player=00 xy=8,80
BP_RESIDENT_RET_FROM_TARGET pc=C1E1 op=F308F1 sp=F35A stack=0E44/63D5 p=00/00/01 tgt=40CA irq=205 active=02 first=00 player=00 xy=8,80
BP_RESIDENT_RET_FROM_TARGET pc=C1E1 op=F308F1 sp=F35A stack=0E44/63D5 p=00/00/01 tgt=40CA irq=205 active=02 first=00 player=00 xy=8,80
BP_RESIDENT_RET_FROM_TARGET pc=C1E1 op=F308F1 sp=F35A stack=0E44/63D5 p=00/00/01 tgt=40CA irq=205 active=02 first=00 player=00 xy=8,80
BP_RESIDENT_RET_FROM_TARGET pc=C1E1 op=F308F1 sp=F35A stack=0E44/63D5 p=00/00/01 tgt=40CA irq=205 active=02 first=00 player=00 xy=8,80
BP_RESIDENT_RET_FROM_TARGET pc=C1E1 op=F308F1 sp=F35A stack=0E44/63D5 p=00/00/01 tgt=40CA irq=205 active=02 first=00 player=00 xy=8,80
BP_RESIDENT_RET_FROM_TARGET pc=C1E1 op=F308F1 sp=F35A stack=0E44/63D5 p=00/00/01 tgt=40CA irq=205 active=02 first=00 player=00 xy=8,80
BP_RESIDENT_RET_FROM_TARGET pc=C1E1 op=F308F1 sp=F35A stack=0E44/63D5 p=00/00/01 tgt=40CA irq=205 active=02 first=00 player=00 xy=8,80
BP_RESIDENT_RET_FROM_TARGET pc=C1E1 op=F308F1 sp=F35A stack=0E44/63D5 p=00/00/01 tgt=40CA irq=205 active=02 first=00 player=00 xy=8,80
BP_RESIDENT_RET_FROM_TARGET pc=C1E1 op=F308F1 sp=F35A stack=0E44/63D5 p=00/00/01 tgt=40CA irq=205 active=02 first=00 player=00 xy=8,80
BP_RESIDENT_RET_FROM_TARGET pc=C1E1 op=F308F1 sp=F35A stack=0E44/63D5 p=00/00/01 tgt=40CA irq=205 active=02 first=00 player=00 xy=8,80
BP_RESIDENT_RET_FROM_TARGET pc=C1E1 op=F308F1 sp=F35A stack=0E44/63D5 p=00/00/01 tgt=40CA irq=205 active=02 first=00 player=00 xy=8,80
BP_RESIDENT_RET_FROM_TARGET pc=C1E1 op=F308F1 sp=F35A stack=0E44/63D5 p=00/00/01 tgt=40CA irq=205 active=02 first=00 player=00 xy=8,80
BP_RESIDENT_RET_FROM_TARGET pc=C1E1 op=F308F1 sp=F35A stack=0E44/63D5 p=00/00/01 tgt=40CA irq=205 active=02 first=00 player=00 xy=8,80
BP_RESIDENT_RET_FROM_TARGET pc=C1E1 op=F308F1 sp=F35A stack=0E44/63D5 p=00/00/01 tgt=40CA irq=205 active=02 first=00 player=00 xy=8,80
BP_RESIDENT_RET_FROM_TARGET pc=C1E1 op=F308F1 sp=F35A stack=0E44/63D5 p=00/00/01 tgt=40CA irq=205 active=02 first=00 player=00 xy=8,80
BP_RESIDENT_RET_FROM_TARGET pc=C1E1 op=F308F1 sp=F35A stack=0E44/63D5 p=00/00/01 tgt=40CA irq=205 active=02 first=00 player=00 xy=8,80
BP_RESIDENT_RET_FROM_TARGET pc=C1E1 op=F308F1 sp=F35A stack=0E44/63D5 p=00/00/01 tgt=40CA irq=205 active=02 first=00 player=00 xy=8,80
BP_RESIDENT_RET_FROM_TARGET pc=C1E1 op=F308F1 sp=F35A stack=0E44/63D5 p=00/00/01 tgt=40CA irq=205 active=02 first=00 player=00 xy=8,80
BP_RESIDENT_RET_FROM_TARGET pc=C1E1 op=F308F1 sp=F35A stack=0E44/63D5 p=00/00/01 tgt=40CA irq=205 active=02 first=00 player=00 xy=8,80
BP_RESIDENT_RET_FROM_TARGET pc=C1E1 op=F308F1 sp=F35A stack=0E44/63D5 p=00/00/01 tgt=40CA irq=205 active=02 first=00 player=00 xy=8,80
BP_RESIDENT_RET_FROM_TARGET pc=C1E1 op=F308F1 sp=F35A stack=0E44/63D5 p=00/00/01 tgt=40CA irq=205 active=02 first=00 player=00 xy=8,80
BP_RESIDENT_RET_FROM_TARGET pc=C1E1 op=F308F1 sp=F35A stack=0E44/63D5 p=00/00/01 tgt=40CA irq=206 active=02 first=00 player=00 xy=8,80
BP_RESIDENT_RET_FROM_TARGET pc=C1E1 op=F308F1 sp=F35A stack=0E44/63D5 p=00/00/01 tgt=40CA irq=206 active=02 first=00 player=00 xy=8,80
BP_RESIDENT_RET_FROM_TARGET pc=C1E1 op=F308F1 sp=F35A stack=0E44/63D5 p=00/00/01 tgt=40CA irq=206 active=02 first=00 player=00 xy=8,80
BP_RESIDENT_RET_FROM_TARGET pc=C1E1 op=F308F1 sp=F35A stack=0E44/63D5 p=00/00/01 tgt=40CA irq=206 active=02 first=00 player=00 xy=8,80
BP_RESIDENT_RET_FROM_TARGET pc=C1E1 op=F308F1 sp=F35A stack=0E44/63D5 p=00/00/01 tgt=40CA irq=206 active=02 first=00 player=00 xy=8,80
BP_RESIDENT_RET_FROM_TARGET pc=C1E1 op=F308F1 sp=F35A stack=0E44/63D5 p=00/00/01 tgt=40CA irq=206 active=02 first=00 player=00 xy=8,80
BP_RESIDENT_RET_FROM_TARGET pc=C1E1 op=F308F1 sp=F35A stack=0E44/63D5 p=00/00/01 tgt=40CA irq=206 active=02 first=00 player=00 xy=8,80
BP_RESIDENT_RET_FROM_TARGET pc=C1E1 op=F308F1 sp=F35A stack=0E44/63D5 p=00/00/01 tgt=40CA irq=206 active=02 first=00 player=00 xy=8,80
BP_RESIDENT_RET_FROM_TARGET pc=C1E1 op=F308F1 sp=F35A stack=0E44/63D5 p=00/00/01 tgt=40CA irq=206 active=02 first=00 player=00 xy=8,80
BP_RESIDENT_RET_FROM_TARGET pc=C1E1 op=F308F1 sp=F35A stack=0E44/63D5 p=00/00/01 tgt=40CA irq=206 active=02 first=00 player=00 xy=8,80
BP_RESIDENT_RET_FROM_TARGET pc=C1E1 op=F308F1 sp=F35A stack=0E44/63D5 p=00/00/01 tgt=40CA irq=206 active=02 first=00 player=00 xy=8,80
BP_RESIDENT_RET_FROM_TARGET pc=C1E1 op=F308F1 sp=F35A stack=0E44/63D5 p=00/00/01 tgt=40CA irq=206 active=02 first=00 player=00 xy=8,80
BP_RESIDENT_RET_FROM_TARGET pc=C1E1 op=F308F1 sp=F35A stack=0E44/63D5 p=00/00/01 tgt=40CA irq=206 active=02 first=00 player=00 xy=8,80
BP_RESIDENT_RET_FROM_TARGET pc=C1E1 op=F308F1 sp=F35A stack=0E44/63D5 p=00/00/01 tgt=40CA irq=206 active=02 first=00 player=00 xy=8,80
BP_RESIDENT_RET_FROM_TARGET pc=C1E1 op=F308F1 sp=F35A stack=0E44/63D5 p=00/00/01 tgt=40CA irq=206 active=02 first=00 player=00 xy=8,80
BP_RESIDENT_RET_FROM_TARGET pc=C1E1 op=F308F1 sp=F35A stack=0E44/63D5 p=00/00/01 tgt=40CA irq=206 active=02 first=00 player=00 xy=8,80
BP_RESIDENT_RET_FROM_TARGET pc=C1E1 op=F308F1 sp=F35A stack=0E44/63D5 p=00/00/01 tgt=40CA irq=206 active=02 first=00 player=00 xy=8,80
BP_RESIDENT_RET_FROM_TARGET pc=C1E1 op=F308F1 sp=F35A stack=0E44/63D5 p=00/00/01 tgt=40CA irq=206 active=02 first=00 player=00 xy=8,80
BP_RESIDENT_RET_FROM_TARGET pc=C1E1 op=F308F1 sp=F35A stack=0E44/63D5 p=00/00/01 tgt=40CA irq=206 active=02 first=00 player=00 xy=8,80
BP_RESIDENT_RET_FROM_TARGET pc=C1E1 op=F308F1 sp=F35C stack=0E44/63D5 p=00/00/01 tgt=40CA irq=206 active=02 first=00 player=00 xy=8,80
BP_RESIDENT_RET_FROM_TARGET pc=C1E1 op=F308F1 sp=F35C stack=0E44/63D5 p=00/00/01 tgt=40CA irq=206 active=02 first=00 player=00 xy=8,80
BP_RESIDENT_RET_FROM_TARGET pc=C1E1 op=F308F1 sp=F35C stack=0E44/63D5 p=00/00/01 tgt=40CA irq=206 active=02 first=00 player=00 xy=8,80
BP_RESIDENT_RET_FROM_TARGET pc=C1E1 op=F308F1 sp=F35C stack=0E44/63D5 p=00/00/01 tgt=40CA irq=206 active=02 first=00 player=00 xy=8,80
BP_RESIDENT_RET_FROM_TARGET pc=C1E1 op=F308F1 sp=F35C stack=0E44/63D5 p=00/00/01 tgt=40CA irq=206 active=02 first=00 player=00 xy=8,80
BP_RESIDENT_RET_FROM_TARGET pc=C1E1 op=F308F1 sp=F35C stack=0E44/63D5 p=00/00/01 tgt=40CA irq=206 active=02 first=00 player=00 xy=8,80
BP_RESIDENT_RET_FROM_TARGET pc=C1E1 op=F308F1 sp=F35C stack=0E44/63D5 p=00/00/01 tgt=40CA irq=206 active=02 first=00 player=00 xy=8,80
BP_RESIDENT_RET_FROM_TARGET pc=C1E1 op=F308F1 sp=F35C stack=0E44/63D5 p=00/00/01 tgt=40CA irq=206 active=02 first=00 player=00 xy=8,80
BP_RESIDENT_RET_FROM_TARGET pc=C1E1 op=F308F1 sp=F35C stack=0E44/63D5 p=00/00/01 tgt=40CA irq=206 active=02 first=00 player=00 xy=8,80
BP_RESIDENT_RET_FROM_TARGET pc=C1E1 op=F308F1 sp=F35C stack=0E44/63D5 p=00/00/01 tgt=40CA irq=206 active=02 first=00 player=00 xy=8,80
BP_RESIDENT_RET_FROM_TARGET pc=C1E1 op=F308F1 sp=F35C stack=0E44/63D5 p=00/00/01 tgt=40CA irq=206 active=02 first=00 player=00 xy=8,80
BP_RESIDENT_RET_FROM_TARGET pc=C1E1 op=F308F1 sp=F35C stack=0E44/63D5 p=00/00/01 tgt=40CA irq=206 active=02 first=00 player=00 xy=8,80
BP_RESIDENT_RET_FROM_TARGET pc=C1E1 op=F308F1 sp=F35C stack=0E44/63D5 p=00/00/01 tgt=40CA irq=206 active=02 first=00 player=00 xy=8,80
BP_RESIDENT_RET_FROM_TARGET pc=C1E1 op=F308F1 sp=F35C stack=0E44/63D5 p=00/00/01 tgt=40CA irq=206 active=02 first=00 player=00 xy=8,80
BP_RESIDENT_RET_FROM_TARGET pc=C1E1 op=F308F1 sp=F35C stack=0E44/63D5 p=00/00/01 tgt=40CA irq=206 active=02 first=00 player=00 xy=8,80
BP_RESIDENT_RET_FROM_TARGET pc=C1E1 op=F308F1 sp=F35C stack=0E44/63D5 p=00/00/01 tgt=40CA irq=206 active=02 first=00 player=00 xy=8,80
BP_RESIDENT_RET_FROM_TARGET pc=C1E1 op=F308F1 sp=F35C stack=0E44/63D5 p=00/00/01 tgt=40CA irq=206 active=02 first=00 player=00 xy=8,80
BP_RESIDENT_RET_FROM_TARGET pc=C1E1 op=F308F1 sp=F35C stack=0E44/63D5 p=00/00/01 tgt=40CA irq=206 active=02 first=00 player=00 xy=8,80
BP_RESIDENT_RET_FROM_TARGET pc=C1E1 op=F308F1 sp=F35C stack=0E44/63D5 p=00/00/01 tgt=40CA irq=206 active=02 first=00 player=00 xy=8,80
BP_RESIDENT_RET_FROM_TARGET pc=C1E1 op=F308F1 sp=F35C stack=0E44/63D5 p=00/00/01 tgt=40CA irq=206 active=02 first=00 player=00 xy=8,80
BP_RESIDENT_RET_FROM_TARGET pc=C1E1 op=F308F1 sp=F35C stack=0E44/63D5 p=00/00/01 tgt=40CA irq=206 active=02 first=00 player=00 xy=8,80
BP_RESIDENT_RET_FROM_TARGET pc=C1E1 op=F308F1 sp=F35C stack=0E44/63D5 p=00/00/01 tgt=40CA irq=206 active=02 first=00 player=00 xy=8,80
BP_RESIDENT_RET_FROM_TARGET pc=C1E1 op=F308F1 sp=F35C stack=0E44/63D5 p=00/00/01 tgt=40CA irq=206 active=02 first=00 player=00 xy=8,80
BP_RESIDENT_RET_FROM_TARGET pc=C1E1 op=F308F1 sp=F35C stack=0E44/63D5 p=00/00/01 tgt=40CA irq=207 active=02 first=00 player=00 xy=8,80
BP_RESIDENT_RET_FROM_TARGET pc=C1E1 op=F308F1 sp=F35C stack=0E44/63D5 p=00/00/01 tgt=40CA irq=207 active=02 first=00 player=00 xy=8,80
BP_RESIDENT_RET_FROM_TARGET pc=C1E1 op=F308F1 sp=F35C stack=0E44/63D5 p=00/00/01 tgt=40CA irq=207 active=02 first=00 player=00 xy=8,80
BP_RESIDENT_RET_FROM_TARGET pc=C1E1 op=F308F1 sp=F35C stack=0E44/63D5 p=00/00/01 tgt=40CA irq=207 active=02 first=00 player=00 xy=8,80
BP_RESIDENT_RET_FROM_TARGET pc=C1E1 op=F308F1 sp=F35C stack=0E44/63D5 p=00/00/01 tgt=40CA irq=207 active=02 first=00 player=00 xy=8,80
BP_RESIDENT_RET_FROM_TARGET pc=C1E1 op=F308F1 sp=F35C stack=0E44/63D5 p=00/00/01 tgt=40CA irq=207 active=02 first=00 player=00 xy=8,80
BP_RESIDENT_RET_FROM_TARGET pc=C1E1 op=F308F1 sp=F35C stack=0E44/63D5 p=00/00/01 tgt=40CA irq=207 active=02 first=00 player=00 xy=8,80
BP_RESIDENT_RET_FROM_TARGET pc=C1E1 op=F308F1 sp=F35C stack=0E44/63D5 p=00/00/01 tgt=40CA irq=207 active=02 first=00 player=00 xy=8,80
BP_RESIDENT_RET_FROM_TARGET pc=C1E1 op=F308F1 sp=F35C stack=0E44/63D5 p=00/00/01 tgt=40CA irq=207 active=02 first=00 player=00 xy=8,80
BP_RESIDENT_RET_FROM_TARGET pc=C1E1 op=F308F1 sp=F35C stack=0E44/63D5 p=00/00/01 tgt=40CA irq=207 active=02 first=00 player=00 xy=8,80
BP_RESIDENT_RET_FROM_TARGET pc=C1E1 op=F308F1 sp=F35C stack=0E44/63D5 p=00/00/01 tgt=40CA irq=207 active=02 first=00 player=00 xy=8,80
BP_RESIDENT_RET_FROM_TARGET pc=C1E1 op=F308F1 sp=F35C stack=0E44/63D5 p=00/00/01 tgt=40CA irq=207 active=02 first=00 player=00 xy=8,80
BP_RESIDENT_RET_FROM_TARGET pc=C1E1 op=F308F1 sp=F35C stack=0E44/63D5 p=00/00/01 tgt=40CA irq=207 active=02 first=00 player=00 xy=8,80
BP_RESIDENT_RET_FROM_TARGET pc=C1E1 op=F308F1 sp=F35C stack=0E44/63D5 p=00/00/01 tgt=40CA irq=207 active=02 first=00 player=00 xy=8,80
BP_RESIDENT_RET_FROM_TARGET pc=C1E1 op=F308F1 sp=F35C stack=0E44/63D5 p=00/00/01 tgt=40CA irq=207 active=02 first=00 player=00 xy=8,80
BP_RESIDENT_RET_FROM_TARGET pc=C1E1 op=F308F1 sp=F35C stack=0E44/63D5 p=00/00/01 tgt=40CA irq=207 active=02 first=00 player=00 xy=8,80
BP_RESIDENT_RET_FROM_TARGET pc=C1E1 op=F308F1 sp=F35C stack=0E44/63D5 p=00/00/01 tgt=40CA irq=207 active=02 first=00 player=00 xy=8,80
BP_RESIDENT_RET_FROM_TARGET pc=C1E1 op=F308F1 sp=F35C stack=0E44/63D5 p=00/00/01 tgt=40CA irq=207 active=02 first=00 player=00 xy=8,80
BP_RESIDENT_RET_FROM_TARGET pc=C1E1 op=F308F1 sp=F35C stack=0E44/63D5 p=00/00/01 tgt=40CA irq=207 active=02 first=00 player=00 xy=8,80
BP_RESIDENT_RET_FROM_TARGET pc=C1E1 op=F308F1 sp=F35C stack=0E44/63D5 p=00/00/01 tgt=40CA irq=207 active=02 first=00 player=00 xy=8,80
BP_RESIDENT_RET_FROM_TARGET pc=C1E1 op=F308F1 sp=F35C stack=0E44/63D5 p=00/00/01 tgt=40CA irq=207 active=02 first=00 player=00 xy=8,80
BP_RESIDENT_RET_FROM_TARGET pc=C1E1 op=F308F1 sp=F35C stack=0E44/63D5 p=00/00/01 tgt=40CA irq=207 active=02 first=00 player=00 xy=8,80
BP_RESIDENT_RET_FROM_TARGET pc=C1E1 op=F308F1 sp=F35C stack=0E44/63D5 p=00/00/01 tgt=40CA irq=207 active=02 first=00 player=00 xy=8,80
BP_RESIDENT_RET_FROM_TARGET pc=C1E1 op=F308F1 sp=F35C stack=0E44/63D5 p=00/00/01 tgt=40CA irq=207 active=02 first=00 player=00 xy=8,80
BP_RESIDENT_RET_FROM_TARGET pc=C1E1 op=F308F1 sp=F35C stack=0E44/63D5 p=00/00/01 tgt=40CA irq=207 active=02 first=00 player=00 xy=8,80
BP_RESIDENT_RET_FROM_TARGET pc=C1E1 op=F308F1 sp=F35C stack=0E44/63D5 p=00/00/01 tgt=40CA irq=207 active=02 first=00 player=00 xy=8,80
BP_RESIDENT_RET_FROM_TARGET pc=C1E1 op=F308F1 sp=F35C stack=0E44/63D5 p=00/00/01 tgt=40CA irq=207 active=02 first=00 player=00 xy=8,80
BP_RESIDENT_RET_FROM_TARGET pc=C1E1 op=F308F1 sp=F35C stack=0E44/63D5 p=00/00/01 tgt=40CA irq=207 active=02 first=00 player=00 xy=8,80
BP_RESIDENT_RET_FROM_TARGET pc=C1E1 op=F308F1 sp=F35C stack=0E44/63D5 p=00/00/01 tgt=40CA irq=207 active=02 first=00 player=00 xy=8,80
BP_RESIDENT_RET_FROM_TARGET pc=C1E1 op=F308F1 sp=F35C stack=0E44/63D5 p=00/00/01 tgt=40CA irq=207 active=02 first=00 player=00 xy=8,80
BP_RESIDENT_RET_FROM_TARGET pc=C1E1 op=F308F1 sp=F35C stack=0E44/63D5 p=00/00/01 tgt=40CA irq=207 active=02 first=00 player=00 xy=8,80
BP_RESIDENT_RET_FROM_TARGET pc=C1E1 op=F308F1 sp=F35C stack=0E44/63D5 p=00/00/01 tgt=40CA irq=207 active=02 first=00 player=00 xy=8,80
BP_RESIDENT_RET_FROM_TARGET pc=C1E1 op=F308F1 sp=F35C stack=0E44/63D5 p=00/00/01 tgt=40CA irq=207 active=02 first=00 player=00 xy=8,80
BP_RESIDENT_RET_FROM_TARGET pc=C1E1 op=F308F1 sp=F35C stack=0E44/63D5 p=00/00/01 tgt=40CA irq=207 active=02 first=00 player=00 xy=8,80
BP_RESIDENT_RET_FROM_TARGET pc=C1E1 op=F308F1 sp=F35C stack=0E44/63D5 p=00/00/01 tgt=40CA irq=207 active=02 first=00 player=00 xy=8,80
BP_RESIDENT_RET_FROM_TARGET pc=C1E1 op=F308F1 sp=F35C stack=0E44/63D5 p=00/00/01 tgt=40CA irq=207 active=02 first=00 player=00 xy=8,80
BP_RESIDENT_RET_FROM_TARGET pc=C1E1 op=F308F1 sp=F35C stack=0E44/63D5 p=00/00/01 tgt=40CA irq=207 active=02 first=00 player=00 xy=8,80
BP_RESIDENT_RET_FROM_TARGET pc=C1E1 op=F308F1 sp=F35C stack=0E44/63D5 p=00/00/01 tgt=40CA irq=207 active=02 first=00 player=00 xy=8,80
BP_RESIDENT_RET_FROM_TARGET pc=C1E1 op=F308F1 sp=F35C stack=0E44/63D5 p=00/00/01 tgt=40CA irq=207 active=02 first=00 player=00 xy=8,80
BP_RESIDENT_RET_FROM_TARGET pc=C1E1 op=F308F1 sp=F35C stack=0E44/63D5 p=00/00/01 tgt=40CA irq=207 active=02 first=00 player=00 xy=8,80
BP_RESIDENT_RET_FROM_TARGET pc=C1E1 op=F308F1 sp=F35C stack=0E44/63D5 p=00/00/01 tgt=40CA irq=207 active=02 first=00 player=00 xy=8,80
BP_RESIDENT_RET_FROM_TARGET pc=C1E1 op=F308F1 sp=F35C stack=0E44/63D5 p=00/00/01 tgt=40CA irq=207 active=02 first=00 player=00 xy=8,80
BP_RESIDENT_RET_FROM_TARGET pc=C1E1 op=F308F1 sp=F35C stack=0E44/63D5 p=00/00/01 tgt=40CA irq=207 active=02 first=00 player=00 xy=8,80
BP_RESIDENT_RET_FROM_TARGET pc=C1E1 op=F308F1 sp=F35C stack=0E44/63D5 p=00/00/01 tgt=40CA irq=207 active=02 first=00 player=00 xy=8,80
BP_RESIDENT_RET_FROM_TARGET pc=C1E1 op=F308F1 sp=F35C stack=0E44/63D5 p=00/00/01 tgt=40CA irq=207 active=02 first=00 player=00 xy=8,80
BP_RESIDENT_RET_FROM_TARGET pc=C1E1 op=F308F1 sp=F35C stack=0E44/63D5 p=00/00/01 tgt=40CA irq=207 active=02 first=00 player=00 xy=8,80
BP_RESIDENT_RET_FROM_TARGET pc=C1E1 op=F308F1 sp=F35C stack=0E44/63D5 p=00/00/01 tgt=40CA irq=207 active=02 first=00 player=00 xy=8,80
BP_RESIDENT_RET_FROM_TARGET pc=C1E1 op=F308F1 sp=F35C stack=0E44/63D5 p=00/00/01 tgt=40CA irq=207 active=02 first=00 player=00 xy=8,80
BP_RESIDENT_RET_FROM_TARGET pc=C1E1 op=F308F1 sp=F35C stack=0E44/63D5 p=00/00/01 tgt=40CA irq=208 active=02 first=00 player=00 xy=8,80
BP_RESIDENT_RET_FROM_TARGET pc=C1E1 op=F308F1 sp=F35C stack=0E44/63D5 p=00/00/01 tgt=40CA irq=208 active=02 first=00 player=00 xy=8,80
BP_RESIDENT_RET_FROM_TARGET pc=C1E1 op=F308F1 sp=F35C stack=0E44/63D5 p=00/00/01 tgt=40CA irq=208 active=02 first=00 player=00 xy=8,80
BP_RESIDENT_RET_FROM_TARGET pc=C1E1 op=F308F1 sp=F35C stack=0E44/63D5 p=00/00/01 tgt=40CA irq=208 active=02 first=00 player=00 xy=8,80
BP_RESIDENT_RET_FROM_TARGET pc=C1E1 op=F308F1 sp=F35C stack=0E44/63D5 p=00/00/01 tgt=40CA irq=208 active=02 first=00 player=00 xy=8,80
BP_RESIDENT_RET_FROM_TARGET pc=C1E1 op=F308F1 sp=F35C stack=0E44/63D5 p=00/00/01 tgt=40CA irq=208 active=02 first=00 player=00 xy=8,80
BP_RESIDENT_RET_FROM_TARGET pc=C1E1 op=F308F1 sp=F35C stack=0E44/63D5 p=00/00/01 tgt=40CA irq=208 active=02 first=00 player=00 xy=8,80
BP_RESIDENT_RET_FROM_TARGET pc=C1E1 op=F308F1 sp=F35C stack=0E44/63D5 p=00/00/01 tgt=40CA irq=208 active=02 first=00 player=00 xy=8,80
BP_RESIDENT_RET_FROM_TARGET pc=C1E1 op=F308F1 sp=F35C stack=0E44/63D5 p=00/00/01 tgt=40CA irq=208 active=02 first=00 player=00 xy=8,80
BP_RESIDENT_RET_FROM_TARGET pc=C1E1 op=F308F1 sp=F35C stack=0E44/63D5 p=00/00/01 tgt=40CA irq=208 active=02 first=00 player=00 xy=8,80
BP_RESIDENT_RET_FROM_TARGET pc=C1E1 op=F308F1 sp=F35C stack=0E44/63D5 p=00/00/01 tgt=40CA irq=208 active=02 first=00 player=00 xy=8,80
BP_RESIDENT_RET_FROM_TARGET pc=C1E1 op=F308F1 sp=F35C stack=0E44/63D5 p=00/00/01 tgt=40CA irq=208 active=02 first=00 player=00 xy=8,80
BP_RESIDENT_RET_FROM_TARGET pc=C1E1 op=F308F1 sp=F35C stack=0E44/63D5 p=00/00/01 tgt=40CA irq=208 active=02 first=00 player=00 xy=8,80
BP_RESIDENT_RET_FROM_TARGET pc=C1E1 op=F308F1 sp=F35C stack=0E44/63D5 p=00/00/01 tgt=40CA irq=208 active=02 first=00 player=00 xy=8,80
BP_RESIDENT_RET_FROM_TARGET pc=C1E1 op=F308F1 sp=F35C stack=0E44/63D5 p=00/00/01 tgt=40CA irq=208 active=02 first=00 player=00 xy=8,80
BP_RESIDENT_RET_FROM_TARGET pc=C1E1 op=F308F1 sp=F35C stack=0E44/63D5 p=00/00/01 tgt=40CA irq=208 active=02 first=00 player=00 xy=8,80
BP_RESIDENT_RET_FROM_TARGET pc=C1E1 op=F308F1 sp=F35C stack=0E44/63D5 p=00/00/01 tgt=40CA irq=208 active=02 first=00 player=00 xy=8,80
BP_RESIDENT_RET_FROM_TARGET pc=C1E1 op=F308F1 sp=F35C stack=0E44/63D5 p=00/00/01 tgt=40CA irq=208 active=02 first=00 player=00 xy=8,80
BP_RESIDENT_RET_FROM_TARGET pc=C1E1 op=F308F1 sp=F35C stack=0E44/63D5 p=00/00/01 tgt=40CA irq=208 active=02 first=00 player=00 xy=8,80
BP_RESIDENT_RET_FROM_TARGET pc=C1E1 op=F308F1 sp=F35C stack=0E44/63D5 p=00/00/01 tgt=40CA irq=208 active=02 first=00 player=00 xy=8,80
BP_RESIDENT_RET_FROM_TARGET pc=C1E1 op=F308F1 sp=F35C stack=0E44/63D5 p=00/00/01 tgt=40CA irq=208 active=02 first=00 player=00 xy=8,80
BP_RESIDENT_RET_FROM_TARGET pc=C1E1 op=F308F1 sp=F35C stack=0E44/63D5 p=00/00/01 tgt=40CA irq=208 active=02 first=00 player=00 xy=8,80
BP_RESIDENT_RET_FROM_TARGET pc=C1E1 op=F308F1 sp=F35C stack=0E44/63D5 p=00/00/01 tgt=40CA irq=208 active=02 first=00 player=00 xy=8,80
BP_RESIDENT_RET_FROM_TARGET pc=C1E1 op=F308F1 sp=F35C stack=0E44/63D5 p=00/00/01 tgt=40CA irq=208 active=02 first=00 player=00 xy=8,80
BP_RESIDENT_RET_FROM_TARGET pc=C1E1 op=F308F1 sp=F35C stack=0E44/63D5 p=00/00/01 tgt=40CA irq=208 active=02 first=00 player=00 xy=8,80
BP_RESIDENT_RET_FROM_TARGET pc=C1E1 op=F308F1 sp=F35C stack=0E44/63D5 p=00/00/01 tgt=40CA irq=208 active=02 first=00 player=00 xy=8,80
BP_RESIDENT_RET_FROM_TARGET pc=C1E1 op=F308F1 sp=F35C stack=0E44/63D5 p=00/00/01 tgt=40CA irq=208 active=02 first=00 player=00 xy=8,80
BP_RESIDENT_RET_FROM_TARGET pc=C1E1 op=F308F1 sp=F35C stack=0E44/63D5 p=00/00/01 tgt=40CA irq=208 active=02 first=00 player=00 xy=8,80
BP_RESIDENT_RET_FROM_TARGET pc=C1E1 op=F308F1 sp=F35C stack=0E44/63D5 p=00/00/01 tgt=40CA irq=208 active=02 first=00 player=00 xy=8,80
BP_RESIDENT_RET_FROM_TARGET pc=C1E1 op=F308F1 sp=F35C stack=0E44/63D5 p=00/00/01 tgt=40CA irq=208 active=02 first=00 player=00 xy=8,80
BP_RESIDENT_RET_FROM_TARGET pc=C1E1 op=F308F1 sp=F35C stack=0E44/63D5 p=00/00/01 tgt=40CA irq=208 active=02 first=00 player=00 xy=8,80
BP_RESIDENT_RET_FROM_TARGET pc=C1E1 op=F308F1 sp=F35C stack=0E44/63D5 p=00/00/01 tgt=40CA irq=208 active=02 first=00 player=00 xy=8,80
BP_RESIDENT_RET_FROM_TARGET pc=C1E1 op=F308F1 sp=F35C stack=0E44/63D5 p=00/00/01 tgt=40CA irq=208 active=02 first=00 player=00 xy=8,80
BP_RESIDENT_RET_FROM_TARGET pc=C1E1 op=F308F1 sp=F35C stack=0E44/63D5 p=00/00/01 tgt=40CA irq=208 active=02 first=00 player=00 xy=8,80
BP_RESIDENT_RET_FROM_TARGET pc=C1E1 op=F308F1 sp=F35C stack=0E44/63D5 p=00/00/01 tgt=40CA irq=208 active=02 first=00 player=00 xy=8,80
BP_RESIDENT_RET_FROM_TARGET pc=C1E1 op=F308F1 sp=F35C stack=0E44/63D5 p=00/00/01 tgt=40CA irq=208 active=02 first=00 player=00 xy=8,80
BP_RESIDENT_RET_FROM_TARGET pc=C1E1 op=F308F1 sp=F35C stack=0E44/63D5 p=00/00/01 tgt=40CA irq=208 active=02 first=00 player=00 xy=8,80
BP_RESIDENT_RET_FROM_TARGET pc=C1E1 op=F308F1 sp=F35C stack=0E44/63D5 p=00/00/01 tgt=40CA irq=208 active=02 first=00 player=00 xy=8,80
BP_RESIDENT_RET_FROM_TARGET pc=C1E1 op=F308F1 sp=F35C stack=0E44/63D5 p=00/00/01 tgt=40CA irq=208 active=02 first=00 player=00 xy=8,80
BP_RESIDENT_RET_FROM_TARGET pc=C1E1 op=F308F1 sp=F35C stack=0E44/63D5 p=00/00/01 tgt=40CA irq=208 active=02 first=00 player=00 xy=8,80
BP_RESIDENT_RET_FROM_TARGET pc=C1E1 op=F308F1 sp=F35C stack=0E44/63D5 p=00/00/01 tgt=40CA irq=208 active=02 first=00 player=00 xy=8,80
BP_RESIDENT_RET_FROM_TARGET pc=C1E1 op=F308F1 sp=F35C stack=0E44/63D5 p=00/00/01 tgt=40CA irq=208 active=02 first=00 player=00 xy=8,80
BP_RESIDENT_RET_FROM_TARGET pc=C1E1 op=F308F1 sp=F35C stack=0E44/63D5 p=00/00/01 tgt=40CA irq=208 active=02 first=00 player=00 xy=8,80
BP_RESIDENT_RET_FROM_TARGET pc=C1E1 op=F308F1 sp=F35C stack=0E44/63D5 p=00/00/01 tgt=40CA irq=208 active=02 first=00 player=00 xy=8,80
BP_RESIDENT_RET_FROM_TARGET pc=C1E1 op=F308F1 sp=F35C stack=0E44/63D5 p=00/00/01 tgt=40CA irq=208 active=02 first=00 player=00 xy=8,80
BP_RESIDENT_RET_FROM_TARGET pc=C1E1 op=F308F1 sp=F35C stack=0E44/63D5 p=00/00/01 tgt=40CA irq=208 active=02 first=00 player=00 xy=8,80
BP_RESIDENT_RET_FROM_TARGET pc=C1E1 op=F308F1 sp=F35C stack=0E44/63D5 p=00/00/01 tgt=40CA irq=208 active=02 first=00 player=00 xy=8,80
BP_RESIDENT_RET_FROM_TARGET pc=C1E1 op=F308F1 sp=F35C stack=0E44/63D5 p=00/00/01 tgt=40CA irq=209 active=02 first=00 player=00 xy=8,80
BP_RESIDENT_RET_FROM_TARGET pc=C1E1 op=F308F1 sp=F35C stack=0E44/63D5 p=00/00/01 tgt=40CA irq=209 active=02 first=00 player=00 xy=8,80
BP_RESIDENT_RET_FROM_TARGET pc=C1E1 op=F308F1 sp=F35C stack=0E44/63D5 p=00/00/01 tgt=40CA irq=209 active=02 first=00 player=00 xy=8,80
BP_RESIDENT_RET_FROM_TARGET pc=C1E1 op=F308F1 sp=F35C stack=0E44/63D5 p=00/00/01 tgt=40CA irq=209 active=02 first=00 player=00 xy=8,80
BP_RESIDENT_RET_FROM_TARGET pc=C1E1 op=F308F1 sp=F35C stack=0E44/63D5 p=00/00/01 tgt=40CA irq=209 active=02 first=00 player=00 xy=8,80
BP_RESIDENT_RET_FROM_TARGET pc=C1E1 op=F308F1 sp=F35C stack=0E44/63D5 p=00/00/01 tgt=40CA irq=209 active=02 first=00 player=00 xy=8,80
BP_RESIDENT_RET_FROM_TARGET pc=C1E1 op=F308F1 sp=F35C stack=0E44/63D5 p=00/00/01 tgt=40CA irq=209 active=02 first=00 player=00 xy=8,80
BP_RESIDENT_RET_FROM_TARGET pc=C1E1 op=F308F1 sp=F35C stack=0E44/63D5 p=00/00/01 tgt=40CA irq=209 active=02 first=00 player=00 xy=8,80
BP_RESIDENT_RET_FROM_TARGET pc=C1E1 op=F308F1 sp=F35C stack=0E44/63D5 p=00/00/01 tgt=40CA irq=209 active=02 first=00 player=00 xy=8,80
BP_RESIDENT_RET_FROM_TARGET pc=C1E1 op=F308F1 sp=F35C stack=0E44/63D5 p=00/00/01 tgt=40CA irq=209 active=02 first=00 player=00 xy=8,80
BP_RESIDENT_RET_FROM_TARGET pc=C1E1 op=F308F1 sp=F35C stack=0E44/63D5 p=00/00/01 tgt=40CA irq=209 active=02 first=00 player=00 xy=8,80
BP_RESIDENT_RET_FROM_TARGET pc=C1E1 op=F308F1 sp=F35C stack=0E44/63D5 p=00/00/01 tgt=40CA irq=209 active=02 first=00 player=00 xy=8,80
BP_RESIDENT_RET_FROM_TARGET pc=C1E1 op=F308F1 sp=F35C stack=0E44/63D5 p=00/00/01 tgt=40CA irq=209 active=02 first=00 player=00 xy=8,80
BP_RESIDENT_RET_FROM_TARGET pc=C1E1 op=F308F1 sp=F35C stack=0E44/63D5 p=00/00/01 tgt=40CA irq=209 active=02 first=00 player=00 xy=8,80
BP_RESIDENT_RET_FROM_TARGET pc=C1E1 op=F308F1 sp=F35C stack=0E44/63D5 p=00/00/01 tgt=40CA irq=209 active=02 first=00 player=00 xy=8,80
BP_RESIDENT_RET_FROM_TARGET pc=C1E1 op=F308F1 sp=F35C stack=0E44/63D5 p=00/00/01 tgt=40CA irq=209 active=02 first=00 player=00 xy=8,80
BP_RESIDENT_RET_FROM_TARGET pc=C1E1 op=F308F1 sp=F35C stack=0E44/63D5 p=00/00/01 tgt=40CA irq=209 active=02 first=00 player=00 xy=8,80
BP_RESIDENT_RET_FROM_TARGET pc=C1E1 op=F308F1 sp=F378 stack=0644/6BE8 p=00/00/01 tgt=40CA irq=209 active=02 first=00 player=00 xy=8,80
BP_RESIDENT_RET_FROM_TARGET pc=C1E1 op=F308F1 sp=F378 stack=0644/6C08 p=00/00/01 tgt=53E1 irq=209 active=02 first=00 player=00 xy=8,80
BP_RESIDENT_RET_FROM_TARGET pc=C1E1 op=F308F1 sp=F368 stack=0644/6B78 p=00/00/01 tgt=543C irq=209 active=02 first=00 player=00 xy=8,80
BP_RESIDENT_RET_FROM_TARGET pc=C1E1 op=F308F1 sp=F35A stack=0644/6BC8 p=00/00/01 tgt=5450 irq=209 active=02 first=00 player=00 xy=8,80
BP_RESIDENT_RET_FROM_TARGET pc=C1E1 op=F308F1 sp=F35A stack=0644/6BC8 p=00/00/01 tgt=5450 irq=209 active=02 first=00 player=00 xy=8,80
BP_RESIDENT_RET_FROM_TARGET pc=C1E1 op=F308F1 sp=F35A stack=0644/6BC8 p=00/00/01 tgt=5450 irq=209 active=02 first=00 player=00 xy=8,80
BP_RESIDENT_RET_FROM_TARGET pc=C1E1 op=F308F1 sp=F35A stack=0644/6BC8 p=00/00/01 tgt=5450 irq=209 active=02 first=00 player=00 xy=8,80
BP_RESIDENT_RET_FROM_TARGET pc=C1E1 op=F308F1 sp=F35A stack=0644/6B88 p=00/00/01 tgt=5426 irq=209 active=02 first=00 player=00 xy=8,80
BP_RESIDENT_RET_FROM_TARGET pc=C1E1 op=F308F1 sp=F350 stack=0544/70DF p=00/00/01 tgt=411E irq=209 active=02 first=00 player=00 xy=8,80
BP_RESIDENT_RET_FROM_TARGET pc=C1E1 op=F308F1 sp=F366 stack=0644/6B38 p=00/00/01 tgt=411E irq=209 active=02 first=00 player=00 xy=8,80
BP_RESIDENT_RET_FROM_TARGET pc=C1E1 op=F308F1 sp=F350 stack=0544/70EF p=00/00/01 tgt=40E0 irq=209 active=02 first=00 player=00 xy=8,80
BP_RESIDENT_RET_FROM_TARGET pc=C1E1 op=F308F1 sp=F350 stack=0544/70EF p=00/00/01 tgt=40E0 irq=209 active=02 first=00 player=00 xy=8,80
BP_RESIDENT_RET_FROM_TARGET pc=C1E1 op=F308F1 sp=F350 stack=0544/70EF p=00/00/01 tgt=40E0 irq=209 active=02 first=00 player=00 xy=8,80
BP_RESIDENT_RET_FROM_TARGET pc=C1E1 op=F308F1 sp=F350 stack=0544/70EF p=00/00/01 tgt=40E0 irq=209 active=02 first=00 player=00 xy=8,80
BP_RESIDENT_RET_FROM_TARGET pc=C1E1 op=F308F1 sp=F350 stack=0544/70EF p=00/00/01 tgt=40E0 irq=209 active=02 first=00 player=00 xy=8,80
BP_RESIDENT_RET_FROM_TARGET pc=C1E1 op=F308F1 sp=F350 stack=0544/70EF p=00/00/01 tgt=40E0 irq=209 active=02 first=00 player=00 xy=8,80
BP_RESIDENT_RET_FROM_TARGET pc=C1E1 op=F308F1 sp=F350 stack=0544/70EF p=00/00/01 tgt=40E0 irq=209 active=02 first=00 player=00 xy=8,80
BP_RESIDENT_RET_FROM_TARGET pc=C1E1 op=F308F1 sp=F350 stack=0544/70EF p=00/00/01 tgt=40E0 irq=209 active=02 first=00 player=00 xy=8,80
BP_RESIDENT_RET_FROM_TARGET pc=C1E1 op=F308F1 sp=F350 stack=0544/70EF p=00/00/01 tgt=40E0 irq=209 active=02 first=00 player=00 xy=8,80
BP_RESIDENT_RET_FROM_TARGET pc=C1E1 op=F308F1 sp=F350 stack=0544/70EF p=00/00/01 tgt=40E0 irq=209 active=02 first=00 player=00 xy=8,80
BP_RESIDENT_RET_FROM_TARGET pc=C1E1 op=F308F1 sp=F350 stack=0544/70EF p=00/00/01 tgt=40E0 irq=209 active=02 first=00 player=00 xy=8,80
BP_RESIDENT_RET_FROM_TARGET pc=C1E1 op=F308F1 sp=F350 stack=0544/70EF p=00/00/01 tgt=40E0 irq=209 active=02 first=00 player=00 xy=8,80
BP_RESIDENT_RET_FROM_TARGET pc=C1E1 op=F308F1 sp=F368 stack=0644/6B48 p=00/00/01 tgt=40E0 irq=209 active=02 first=00 player=00 xy=8,80
BP_RESIDENT_RET_FROM_TARGET pc=C1E1 op=F308F1 sp=F34C stack=0E44/63D5 p=00/00/01 tgt=40CA irq=210 active=02 first=00 player=00 xy=8,80
BP_RESIDENT_RET_FROM_TARGET pc=C1E1 op=F308F1 sp=F34C stack=0E44/63D5 p=00/00/01 tgt=40CA irq=210 active=02 first=00 player=00 xy=8,80
BP_RESIDENT_RET_FROM_TARGET pc=C1E1 op=F308F1 sp=F34C stack=0E44/63D5 p=00/00/01 tgt=40CA irq=210 active=02 first=00 player=00 xy=8,80
BP_RESIDENT_RET_FROM_TARGET pc=C1E1 op=F308F1 sp=F34C stack=0E44/63D5 p=00/00/01 tgt=40CA irq=210 active=02 first=00 player=00 xy=8,80
BP_RESIDENT_RET_FROM_TARGET pc=C1E1 op=F308F1 sp=F34C stack=0E44/63D5 p=00/00/01 tgt=40CA irq=210 active=02 first=00 player=00 xy=8,80
BP_RESIDENT_RET_FROM_TARGET pc=C1E1 op=F308F1 sp=F34C stack=0E44/63D5 p=00/00/01 tgt=40CA irq=210 active=02 first=00 player=00 xy=8,80
BP_RESIDENT_RET_FROM_TARGET pc=C1E1 op=F308F1 sp=F34C stack=0E44/63D5 p=00/00/01 tgt=40CA irq=210 active=02 first=00 player=00 xy=8,80
BP_RESIDENT_RET_FROM_TARGET pc=C1E1 op=F308F1 sp=F34C stack=0E44/63D5 p=00/00/01 tgt=40CA irq=210 active=02 first=00 player=00 xy=8,80
BP_RESIDENT_RET_FROM_TARGET pc=C1E1 op=F308F1 sp=F34C stack=0E44/63D5 p=00/00/01 tgt=40CA irq=210 active=02 first=00 player=00 xy=8,80
BP_RESIDENT_RET_FROM_TARGET pc=C1E1 op=F308F1 sp=F34C stack=0E44/63D5 p=00/00/01 tgt=40CA irq=210 active=02 first=00 player=00 xy=8,80
BP_RESIDENT_RET_FROM_TARGET pc=C1E1 op=F308F1 sp=F34C stack=0E44/63D5 p=00/00/01 tgt=40CA irq=210 active=02 first=00 player=00 xy=8,80
BP_RESIDENT_RET_FROM_TARGET pc=C1E1 op=F308F1 sp=F34C stack=0E44/63D5 p=00/00/01 tgt=40CA irq=210 active=02 first=00 player=00 xy=8,80
BP_RESIDENT_RET_FROM_TARGET pc=C1E1 op=F308F1 sp=F34C stack=0E44/63D5 p=00/00/01 tgt=40CA irq=210 active=02 first=00 player=00 xy=8,80
BP_RESIDENT_RET_FROM_TARGET pc=C1E1 op=F308F1 sp=F34C stack=0E44/63D5 p=00/00/01 tgt=40CA irq=210 active=02 first=00 player=00 xy=8,80
BP_RESIDENT_RET_FROM_TARGET pc=C1E1 op=F308F1 sp=F34C stack=0E44/63D5 p=00/00/01 tgt=40CA irq=210 active=02 first=00 player=00 xy=8,80
BP_RESIDENT_RET_FROM_TARGET pc=C1E1 op=F308F1 sp=F34C stack=0E44/63D5 p=00/00/01 tgt=40CA irq=210 active=02 first=00 player=00 xy=8,80
BP_RESIDENT_RET_FROM_TARGET pc=C1E1 op=F308F1 sp=F34C stack=0E44/63D5 p=00/00/01 tgt=40CA irq=210 active=02 first=00 player=00 xy=8,80
BP_RESIDENT_RET_FROM_TARGET pc=C1E1 op=F308F1 sp=F34C stack=0E44/63D5 p=00/00/01 tgt=40CA irq=210 active=02 first=00 player=00 xy=8,80
BP_RESIDENT_RET_FROM_TARGET pc=C1E1 op=F308F1 sp=F34C stack=0E44/63D5 p=00/00/01 tgt=40CA irq=210 active=02 first=00 player=00 xy=8,80
BP_RESIDENT_RET_FROM_TARGET pc=C1E1 op=F308F1 sp=F34C stack=0E44/63D5 p=00/00/01 tgt=40CA irq=210 active=02 first=00 player=00 xy=8,80
BP_RESIDENT_RET_FROM_TARGET pc=C1E1 op=F308F1 sp=F34C stack=0E44/63D5 p=00/00/01 tgt=40CA irq=210 active=02 first=00 player=00 xy=8,80
BP_RESIDENT_RET_FROM_TARGET pc=C1E1 op=F308F1 sp=F34C stack=0E44/63D5 p=00/00/01 tgt=40CA irq=210 active=02 first=00 player=00 xy=8,80
BP_RESIDENT_RET_FROM_TARGET pc=C1E1 op=F308F1 sp=F34C stack=0E44/63D5 p=00/00/01 tgt=40CA irq=210 active=02 first=00 player=00 xy=8,80
BP_RESIDENT_RET_FROM_TARGET pc=C1E1 op=F308F1 sp=F34C stack=0E44/63D5 p=00/00/01 tgt=40CA irq=210 active=02 first=00 player=00 xy=8,80
BP_RESIDENT_RET_FROM_TARGET pc=C1E1 op=F308F1 sp=F34C stack=0E44/63D5 p=00/00/01 tgt=40CA irq=210 active=02 first=00 player=00 xy=8,80
BP_RESIDENT_RET_FROM_TARGET pc=C1E1 op=F308F1 sp=F34C stack=0E44/63D5 p=00/00/01 tgt=40CA irq=210 active=02 first=00 player=00 xy=8,80
BP_RESIDENT_RET_FROM_TARGET pc=C1E1 op=F308F1 sp=F34C stack=0E44/63D5 p=00/00/01 tgt=40CA irq=211 active=02 first=00 player=00 xy=8,80
BP_RESIDENT_RET_FROM_TARGET pc=C1E1 op=F308F1 sp=F34C stack=0E44/63D5 p=00/00/01 tgt=40CA irq=211 active=02 first=00 player=00 xy=8,80
BP_RESIDENT_RET_FROM_TARGET pc=C1E1 op=F308F1 sp=F34C stack=0E44/63D5 p=00/00/01 tgt=40CA irq=211 active=02 first=00 player=00 xy=8,80
BP_RESIDENT_RET_FROM_TARGET pc=C1E1 op=F308F1 sp=F34C stack=0E44/63D5 p=00/00/01 tgt=40CA irq=211 active=02 first=00 player=00 xy=8,80
BP_RESIDENT_RET_FROM_TARGET pc=C1E1 op=F308F1 sp=F34C stack=0E44/63D5 p=00/00/01 tgt=40CA irq=211 active=02 first=00 player=00 xy=8,80
BP_RESIDENT_RET_FROM_TARGET pc=C1E1 op=F308F1 sp=F34C stack=0E44/63D5 p=00/00/01 tgt=40CA irq=211 active=02 first=00 player=00 xy=8,80
BP_RESIDENT_RET_FROM_TARGET pc=C1E1 op=F308F1 sp=F34C stack=0E44/63D5 p=00/00/01 tgt=40CA irq=211 active=02 first=00 player=00 xy=8,80
BP_RESIDENT_RET_FROM_TARGET pc=C1E1 op=F308F1 sp=F34C stack=0E44/63D5 p=00/00/01 tgt=40CA irq=211 active=02 first=00 player=00 xy=8,80
BP_RESIDENT_RET_FROM_TARGET pc=C1E1 op=F308F1 sp=F34C stack=0E44/63D5 p=00/00/01 tgt=40CA irq=211 active=02 first=00 player=00 xy=8,80
BP_RESIDENT_RET_FROM_TARGET pc=C1E1 op=F308F1 sp=F34C stack=0E44/63D5 p=00/00/01 tgt=40CA irq=211 active=02 first=00 player=00 xy=8,80
BP_RESIDENT_RET_FROM_TARGET pc=C1E1 op=F308F1 sp=F34C stack=0E44/63D5 p=00/00/01 tgt=40CA irq=211 active=02 first=00 player=00 xy=8,80
BP_RESIDENT_RET_FROM_TARGET pc=C1E1 op=F308F1 sp=F34C stack=0E44/63D5 p=00/00/01 tgt=40CA irq=211 active=02 first=00 player=00 xy=8,80
BP_RESIDENT_RET_FROM_TARGET pc=C1E1 op=F308F1 sp=F34C stack=0E44/63D5 p=00/00/01 tgt=40CA irq=211 active=02 first=00 player=00 xy=8,80
BP_RESIDENT_RET_FROM_TARGET pc=C1E1 op=F308F1 sp=F34C stack=0E44/63D5 p=00/00/01 tgt=40CA irq=211 active=02 first=00 player=00 xy=8,80
BP_RESIDENT_RET_FROM_TARGET pc=C1E1 op=F308F1 sp=F34C stack=0E44/63D5 p=00/00/01 tgt=40CA irq=211 active=02 first=00 player=00 xy=8,80
BP_RESIDENT_RET_FROM_TARGET pc=C1E1 op=F308F1 sp=F34C stack=0E44/63D5 p=00/00/01 tgt=40CA irq=211 active=02 first=00 player=00 xy=8,80
BP_RESIDENT_RET_FROM_TARGET pc=C1E1 op=F308F1 sp=F34C stack=0E44/63D5 p=00/00/01 tgt=40CA irq=211 active=02 first=00 player=00 xy=8,80
BP_RESIDENT_RET_FROM_TARGET pc=C1E1 op=F308F1 sp=F34C stack=0E44/63D5 p=00/00/01 tgt=40CA irq=211 active=02 first=00 player=00 xy=8,80
BP_RESIDENT_RET_FROM_TARGET pc=C1E1 op=F308F1 sp=F34C stack=0E44/63D5 p=00/00/01 tgt=40CA irq=211 active=02 first=00 player=00 xy=8,80
BP_RESIDENT_RET_FROM_TARGET pc=C1E1 op=F308F1 sp=F34C stack=0E44/63D5 p=00/00/01 tgt=40CA irq=211 active=02 first=00 player=00 xy=8,80
BP_RESIDENT_RET_FROM_TARGET pc=C1E1 op=F308F1 sp=F34C stack=0E44/63D5 p=00/00/01 tgt=40CA irq=211 active=02 first=00 player=00 xy=8,80
BP_RESIDENT_RET_FROM_TARGET pc=C1E1 op=F308F1 sp=F34C stack=0E44/63D5 p=00/00/01 tgt=40CA irq=211 active=02 first=00 player=00 xy=8,80
BP_RESIDENT_RET_FROM_TARGET pc=C1E1 op=F308F1 sp=F34C stack=0E44/63D5 p=00/00/01 tgt=40CA irq=211 active=02 first=00 player=00 xy=8,80
BP_RESIDENT_RET_FROM_TARGET pc=C1E1 op=F308F1 sp=F34C stack=0E44/63D5 p=00/00/01 tgt=40CA irq=211 active=02 first=00 player=00 xy=8,80
BP_RESIDENT_RET_FROM_TARGET pc=C1E1 op=F308F1 sp=F34C stack=0E44/63D5 p=00/00/01 tgt=40CA irq=211 active=02 first=00 player=00 xy=8,80
BP_RESIDENT_RET_FROM_TARGET pc=C1E1 op=F308F1 sp=F34C stack=0E44/63D5 p=00/00/01 tgt=40CA irq=211 active=02 first=00 player=00 xy=8,80
BP_RESIDENT_RET_FROM_TARGET pc=C1E1 op=F308F1 sp=F34C stack=0E44/63D5 p=00/00/01 tgt=40CA irq=211 active=02 first=00 player=00 xy=8,80
BP_RESIDENT_RET_FROM_TARGET pc=C1E1 op=F308F1 sp=F34C stack=0E44/63D5 p=00/00/01 tgt=40CA irq=211 active=02 first=00 player=00 xy=8,80
BP_RESIDENT_RET_FROM_TARGET pc=C1E1 op=F308F1 sp=F34C stack=0E44/63D5 p=00/00/01 tgt=40CA irq=211 active=02 first=00 player=00 xy=8,80
BP_RESIDENT_RET_FROM_TARGET pc=C1E1 op=F308F1 sp=F34C stack=0E44/63D5 p=00/00/01 tgt=40CA irq=211 active=02 first=00 player=00 xy=8,80
BP_RESIDENT_RET_FROM_TARGET pc=C1E1 op=F308F1 sp=F34C stack=0E44/63D5 p=00/00/01 tgt=40CA irq=211 active=02 first=00 player=00 xy=8,80
BP_RESIDENT_RET_FROM_TARGET pc=C1E1 op=F308F1 sp=F34C stack=0E44/63D5 p=00/00/01 tgt=40CA irq=211 active=02 first=00 player=00 xy=8,80
BP_RESIDENT_RET_FROM_TARGET pc=C1E1 op=F308F1 sp=F34C stack=0E44/63D5 p=00/00/01 tgt=40CA irq=211 active=02 first=00 player=00 xy=8,80
BP_RESIDENT_RET_FROM_TARGET pc=C1E1 op=F308F1 sp=F34C stack=0E44/63D5 p=00/00/01 tgt=40CA irq=211 active=02 first=00 player=00 xy=8,80
BP_RESIDENT_RET_FROM_TARGET pc=C1E1 op=F308F1 sp=F34C stack=0E44/63D5 p=00/00/01 tgt=40CA irq=211 active=02 first=00 player=00 xy=8,80
BP_RESIDENT_RET_FROM_TARGET pc=C1E1 op=F308F1 sp=F34C stack=0E44/63D5 p=00/00/01 tgt=40CA irq=211 active=02 first=00 player=00 xy=8,80
BP_RESIDENT_RET_FROM_TARGET pc=C1E1 op=F308F1 sp=F34C stack=0E44/63D5 p=00/00/01 tgt=40CA irq=211 active=02 first=00 player=00 xy=8,80
BP_RESIDENT_RET_FROM_TARGET pc=C1E1 op=F308F1 sp=F34C stack=0E44/63D5 p=00/00/01 tgt=40CA irq=211 active=02 first=00 player=00 xy=8,80
BP_RESIDENT_RET_FROM_TARGET pc=C1E1 op=F308F1 sp=F34C stack=0E44/63D5 p=00/00/01 tgt=40CA irq=211 active=02 first=00 player=00 xy=8,80
BP_RESIDENT_RET_FROM_TARGET pc=C1E1 op=F308F1 sp=F34C stack=0E44/63D5 p=00/00/01 tgt=40CA irq=211 active=02 first=00 player=00 xy=8,80
BP_RESIDENT_RET_FROM_TARGET pc=C1E1 op=F308F1 sp=F34C stack=0E44/63D5 p=00/00/01 tgt=40CA irq=211 active=02 first=00 player=00 xy=8,80
BP_RESIDENT_RET_FROM_TARGET pc=C1E1 op=F308F1 sp=F34C stack=0E44/63D5 p=00/00/01 tgt=40CA irq=211 active=02 first=00 player=00 xy=8,80
BP_RESIDENT_RET_FROM_TARGET pc=C1E1 op=F308F1 sp=F34C stack=0E44/63D5 p=00/00/01 tgt=40CA irq=211 active=02 first=00 player=00 xy=8,80
BP_RESIDENT_RET_FROM_TARGET pc=C1E1 op=F308F1 sp=F34C stack=0E44/63D5 p=00/00/01 tgt=40CA irq=211 active=02 first=00 player=00 xy=8,80
BP_RESIDENT_RET_FROM_TARGET pc=C1E1 op=F308F1 sp=F34C stack=0E44/63D5 p=00/00/01 tgt=40CA irq=211 active=02 first=00 player=00 xy=8,80
BP_RESIDENT_RET_FROM_TARGET pc=C1E1 op=F308F1 sp=F34C stack=0E44/63D5 p=00/00/01 tgt=40CA irq=211 active=02 first=00 player=00 xy=8,80
BP_RESIDENT_RET_FROM_TARGET pc=C1E1 op=F308F1 sp=F34C stack=0E44/63D5 p=00/00/01 tgt=40CA irq=211 active=02 first=00 player=00 xy=8,80
BP_RESIDENT_RET_FROM_TARGET pc=C1E1 op=F308F1 sp=F34C stack=0E44/63D5 p=00/00/01 tgt=40CA irq=211 active=02 first=00 player=00 xy=8,80
BP_RESIDENT_RET_FROM_TARGET pc=C1E1 op=F308F1 sp=F34C stack=0E44/63D5 p=00/00/01 tgt=40CA irq=212 active=02 first=00 player=00 xy=8,80
BP_RESIDENT_RET_FROM_TARGET pc=C1E1 op=F308F1 sp=F34C stack=0E44/63D5 p=00/00/01 tgt=40CA irq=212 active=02 first=00 player=00 xy=8,80
BP_RESIDENT_RET_FROM_TARGET pc=C1E1 op=F308F1 sp=F34C stack=0E44/63D5 p=00/00/01 tgt=40CA irq=212 active=02 first=00 player=00 xy=8,80
BP_RESIDENT_RET_FROM_TARGET pc=C1E1 op=F308F1 sp=F34C stack=0E44/63D5 p=00/00/01 tgt=40CA irq=212 active=02 first=00 player=00 xy=8,80
BP_RESIDENT_RET_FROM_TARGET pc=C1E1 op=F308F1 sp=F34C stack=0E44/63D5 p=00/00/01 tgt=40CA irq=212 active=02 first=00 player=00 xy=8,80
BP_RESIDENT_RET_FROM_TARGET pc=C1E1 op=F308F1 sp=F34C stack=0E44/63D5 p=00/00/01 tgt=40CA irq=212 active=02 first=00 player=00 xy=8,80
BP_RESIDENT_RET_FROM_TARGET pc=C1E1 op=F308F1 sp=F34C stack=0E44/63D5 p=00/00/01 tgt=40CA irq=212 active=02 first=00 player=00 xy=8,80
BP_RESIDENT_RET_FROM_TARGET pc=C1E1 op=F308F1 sp=F34C stack=0E44/63D5 p=00/00/01 tgt=40CA irq=212 active=02 first=00 player=00 xy=8,80
BP_RESIDENT_RET_FROM_TARGET pc=C1E1 op=F308F1 sp=F34C stack=0E44/63D5 p=00/00/01 tgt=40CA irq=212 active=02 first=00 player=00 xy=8,80
BP_RESIDENT_RET_FROM_TARGET pc=C1E1 op=F308F1 sp=F34C stack=0E44/63D5 p=00/00/01 tgt=40CA irq=212 active=02 first=00 player=00 xy=8,80
BP_RESIDENT_RET_FROM_TARGET pc=C1E1 op=F308F1 sp=F34C stack=0E44/63D5 p=00/00/01 tgt=40CA irq=212 active=02 first=00 player=00 xy=8,80
BP_RESIDENT_RET_FROM_TARGET pc=C1E1 op=F308F1 sp=F34C stack=0E44/63D5 p=00/00/01 tgt=40CA irq=212 active=02 first=00 player=00 xy=8,80
BP_RESIDENT_RET_FROM_TARGET pc=C1E1 op=F308F1 sp=F34C stack=0E44/63D5 p=00/00/01 tgt=40CA irq=212 active=02 first=00 player=00 xy=8,80
BP_RESIDENT_RET_FROM_TARGET pc=C1E1 op=F308F1 sp=F34C stack=0E44/63D5 p=00/00/01 tgt=40CA irq=212 active=02 first=00 player=00 xy=8,80
BP_RESIDENT_RET_FROM_TARGET pc=C1E1 op=F308F1 sp=F34C stack=0E44/63D5 p=00/00/01 tgt=40CA irq=212 active=02 first=00 player=00 xy=8,80
BP_RESIDENT_RET_FROM_TARGET pc=C1E1 op=F308F1 sp=F34C stack=0E44/63D5 p=00/00/01 tgt=40CA irq=212 active=02 first=00 player=00 xy=8,80
BP_RESIDENT_RET_FROM_TARGET pc=C1E1 op=F308F1 sp=F34C stack=0E44/63D5 p=00/00/01 tgt=40CA irq=212 active=02 first=00 player=00 xy=8,80
BP_RESIDENT_RET_FROM_TARGET pc=C1E1 op=F308F1 sp=F34C stack=0E44/63D5 p=00/00/01 tgt=40CA irq=212 active=02 first=00 player=00 xy=8,80
BP_RESIDENT_RET_FROM_TARGET pc=C1E1 op=F308F1 sp=F34C stack=0E44/63D5 p=00/00/01 tgt=40CA irq=212 active=02 first=00 player=00 xy=8,80
BP_RESIDENT_RET_FROM_TARGET pc=C1E1 op=F308F1 sp=F34C stack=0E44/63D5 p=00/00/01 tgt=40CA irq=212 active=02 first=00 player=00 xy=8,80
BP_RESIDENT_RET_FROM_TARGET pc=C1E1 op=F308F1 sp=F34C stack=0E44/63D5 p=00/00/01 tgt=40CA irq=212 active=02 first=00 player=00 xy=8,80
BP_RESIDENT_RET_FROM_TARGET pc=C1E1 op=F308F1 sp=F34C stack=0E44/63D5 p=00/00/01 tgt=40CA irq=212 active=02 first=00 player=00 xy=8,80
BP_RESIDENT_RET_FROM_TARGET pc=C1E1 op=F308F1 sp=F34C stack=0E44/63D5 p=00/00/01 tgt=40CA irq=212 active=02 first=00 player=00 xy=8,80
BP_RESIDENT_RET_FROM_TARGET pc=C1E1 op=F308F1 sp=F34C stack=0E44/63D5 p=00/00/01 tgt=40CA irq=212 active=02 first=00 player=00 xy=8,80
BP_RESIDENT_RET_FROM_TARGET pc=C1E1 op=F308F1 sp=F34C stack=0E44/63D5 p=00/00/01 tgt=40CA irq=212 active=02 first=00 player=00 xy=8,80
BP_RESIDENT_RET_FROM_TARGET pc=C1E1 op=F308F1 sp=F34C stack=0E44/63D5 p=00/00/01 tgt=40CA irq=212 active=02 first=00 player=00 xy=8,80
BP_RESIDENT_RET_FROM_TARGET pc=C1E1 op=F308F1 sp=F34C stack=0E44/63D5 p=00/00/01 tgt=40CA irq=212 active=02 first=00 player=00 xy=8,80
BP_RESIDENT_RET_FROM_TARGET pc=C1E1 op=F308F1 sp=F34C stack=0E44/63D5 p=00/00/01 tgt=40CA irq=212 active=02 first=00 player=00 xy=8,80
BP_RESIDENT_RET_FROM_TARGET pc=C1E1 op=F308F1 sp=F34C stack=0E44/63D5 p=00/00/01 tgt=40CA irq=212 active=02 first=00 player=00 xy=8,80
BP_RESIDENT_RET_FROM_TARGET pc=C1E1 op=F308F1 sp=F34C stack=0E44/63D5 p=00/00/01 tgt=40CA irq=212 active=02 first=00 player=00 xy=8,80
BP_RESIDENT_RET_FROM_TARGET pc=C1E1 op=F308F1 sp=F34C stack=0E44/63D5 p=00/00/01 tgt=40CA irq=212 active=02 first=00 player=00 xy=8,80
BP_RESIDENT_RET_FROM_TARGET pc=C1E1 op=F308F1 sp=F34C stack=0E44/63D5 p=00/00/01 tgt=40CA irq=212 active=02 first=00 player=00 xy=8,80
BP_RESIDENT_RET_FROM_TARGET pc=C1E1 op=F308F1 sp=F34C stack=0E44/63D5 p=00/00/01 tgt=40CA irq=212 active=02 first=00 player=00 xy=8,80
BP_RESIDENT_RET_FROM_TARGET pc=C1E1 op=F308F1 sp=F34C stack=0E44/63D5 p=00/00/01 tgt=40CA irq=212 active=02 first=00 player=00 xy=8,80
BP_RESIDENT_RET_FROM_TARGET pc=C1E1 op=F308F1 sp=F34C stack=0E44/63D5 p=00/00/01 tgt=40CA irq=212 active=02 first=00 player=00 xy=8,80
BP_RESIDENT_RET_FROM_TARGET pc=C1E1 op=F308F1 sp=F34C stack=0E44/63D5 p=00/00/01 tgt=40CA irq=212 active=02 first=00 player=00 xy=8,80
BP_RESIDENT_RET_FROM_TARGET pc=C1E1 op=F308F1 sp=F34C stack=0E44/63D5 p=00/00/01 tgt=40CA irq=212 active=02 first=00 player=00 xy=8,80
BP_RESIDENT_RET_FROM_TARGET pc=C1E1 op=F308F1 sp=F34C stack=0E44/63D5 p=00/00/01 tgt=40CA irq=212 active=02 first=00 player=00 xy=8,80
BP_RESIDENT_RET_FROM_TARGET pc=C1E1 op=F308F1 sp=F34C stack=0E44/63D5 p=00/00/01 tgt=40CA irq=212 active=02 first=00 player=00 xy=8,80
BP_RESIDENT_RET_FROM_TARGET pc=C1E1 op=F308F1 sp=F34C stack=0E44/63D5 p=00/00/01 tgt=40CA irq=212 active=02 first=00 player=00 xy=8,80
BP_RESIDENT_RET_FROM_TARGET pc=C1E1 op=F308F1 sp=F34C stack=0E44/63D5 p=00/00/01 tgt=40CA irq=212 active=02 first=00 player=00 xy=8,80
BP_RESIDENT_RET_FROM_TARGET pc=C1E1 op=F308F1 sp=F34C stack=0E44/63D5 p=00/00/01 tgt=40CA irq=212 active=02 first=00 player=00 xy=8,80
BP_RESIDENT_RET_FROM_TARGET pc=C1E1 op=F308F1 sp=F34C stack=0E44/63D5 p=00/00/01 tgt=40CA irq=213 active=02 first=00 player=00 xy=8,80
BP_RESIDENT_RET_FROM_TARGET pc=C1E1 op=F308F1 sp=F34C stack=0E44/63D5 p=00/00/01 tgt=40CA irq=213 active=02 first=00 player=00 xy=8,80
BP_RESIDENT_RET_FROM_TARGET pc=C1E1 op=F308F1 sp=F34C stack=0E44/63D5 p=00/00/01 tgt=40CA irq=213 active=02 first=00 player=00 xy=8,80
BP_RESIDENT_RET_FROM_TARGET pc=C1E1 op=F308F1 sp=F34C stack=0E44/63D5 p=00/00/01 tgt=40CA irq=213 active=02 first=00 player=00 xy=8,80
BP_RESIDENT_RET_FROM_TARGET pc=C1E1 op=F308F1 sp=F34C stack=0E44/63D5 p=00/00/01 tgt=40CA irq=213 active=02 first=00 player=00 xy=8,80
BP_RESIDENT_RET_FROM_TARGET pc=C1E1 op=F308F1 sp=F34C stack=0E44/63D5 p=00/00/01 tgt=40CA irq=213 active=02 first=00 player=00 xy=8,80
BP_RESIDENT_RET_FROM_TARGET pc=C1E1 op=F308F1 sp=F34C stack=0E44/63D5 p=00/00/01 tgt=40CA irq=213 active=02 first=00 player=00 xy=8,80
BP_RESIDENT_RET_FROM_TARGET pc=C1E1 op=F308F1 sp=F34C stack=0E44/63D5 p=00/00/01 tgt=40CA irq=213 active=02 first=00 player=00 xy=8,80
BP_RESIDENT_RET_FROM_TARGET pc=C1E1 op=F308F1 sp=F34C stack=0E44/63D5 p=00/00/01 tgt=40CA irq=213 active=02 first=00 player=00 xy=8,80
BP_RESIDENT_RET_FROM_TARGET pc=C1E1 op=F308F1 sp=F34C stack=0E44/63D5 p=00/00/01 tgt=40CA irq=213 active=02 first=00 player=00 xy=8,80
BP_RESIDENT_RET_FROM_TARGET pc=C1E1 op=F308F1 sp=F34C stack=0E44/63D5 p=00/00/01 tgt=40CA irq=213 active=02 first=00 player=00 xy=8,80
BP_RESIDENT_RET_FROM_TARGET pc=C1E1 op=F308F1 sp=F34C stack=0E44/63D5 p=00/00/01 tgt=40CA irq=213 active=02 first=00 player=00 xy=8,80
BP_RESIDENT_RET_FROM_TARGET pc=C1E1 op=F308F1 sp=F34C stack=0E44/63D5 p=00/00/01 tgt=40CA irq=213 active=02 first=00 player=00 xy=8,80
BP_RESIDENT_RET_FROM_TARGET pc=C1E1 op=F308F1 sp=F34C stack=0E44/63D5 p=00/00/01 tgt=40CA irq=213 active=02 first=00 player=00 xy=8,80
BP_RESIDENT_RET_FROM_TARGET pc=C1E1 op=F308F1 sp=F34C stack=0E44/63D5 p=00/00/01 tgt=40CA irq=213 active=02 first=00 player=00 xy=8,80
BP_RESIDENT_RET_FROM_TARGET pc=C1E1 op=F308F1 sp=F34C stack=0E44/63D5 p=00/00/01 tgt=40CA irq=213 active=02 first=00 player=00 xy=8,80
BP_RESIDENT_RET_FROM_TARGET pc=C1E1 op=F308F1 sp=F34C stack=0E44/63D5 p=00/00/01 tgt=40CA irq=213 active=02 first=00 player=00 xy=8,80
BP_RESIDENT_RET_FROM_TARGET pc=C1E1 op=F308F1 sp=F34C stack=0E44/63D5 p=00/00/01 tgt=40CA irq=213 active=02 first=00 player=00 xy=8,80
BP_RESIDENT_RET_FROM_TARGET pc=C1E1 op=F308F1 sp=F34C stack=0E44/63D5 p=00/00/01 tgt=40CA irq=213 active=02 first=00 player=00 xy=8,80
BP_RESIDENT_RET_FROM_TARGET pc=C1E1 op=F308F1 sp=F34E stack=0E44/63D5 p=00/00/01 tgt=40CA irq=213 active=02 first=00 player=00 xy=8,80
BP_RESIDENT_RET_FROM_TARGET pc=C1E1 op=F308F1 sp=F34E stack=0E44/63D5 p=00/00/01 tgt=40CA irq=213 active=02 first=00 player=00 xy=8,80
BP_RESIDENT_RET_FROM_TARGET pc=C1E1 op=F308F1 sp=F34E stack=0E44/63D5 p=00/00/01 tgt=40CA irq=213 active=02 first=00 player=00 xy=8,80
BP_RESIDENT_RET_FROM_TARGET pc=C1E1 op=F308F1 sp=F34E stack=0E44/63D5 p=00/00/01 tgt=40CA irq=213 active=02 first=00 player=00 xy=8,80
BP_RESIDENT_RET_FROM_TARGET pc=C1E1 op=F308F1 sp=F34E stack=0E44/63D5 p=00/00/01 tgt=40CA irq=213 active=02 first=00 player=00 xy=8,80
BP_RESIDENT_RET_FROM_TARGET pc=C1E1 op=F308F1 sp=F34E stack=0E44/63D5 p=00/00/01 tgt=40CA irq=213 active=02 first=00 player=00 xy=8,80
BP_RESIDENT_RET_FROM_TARGET pc=C1E1 op=F308F1 sp=F34E stack=0E44/63D5 p=00/00/01 tgt=40CA irq=213 active=02 first=00 player=00 xy=8,80
BP_RESIDENT_RET_FROM_TARGET pc=C1E1 op=F308F1 sp=F34E stack=0E44/63D5 p=00/00/01 tgt=40CA irq=213 active=02 first=00 player=00 xy=8,80
BP_RESIDENT_RET_FROM_TARGET pc=C1E1 op=F308F1 sp=F34E stack=0E44/63D5 p=00/00/01 tgt=40CA irq=213 active=02 first=00 player=00 xy=8,80
BP_RESIDENT_RET_FROM_TARGET pc=C1E1 op=F308F1 sp=F34E stack=0E44/63D5 p=00/00/01 tgt=40CA irq=213 active=02 first=00 player=00 xy=8,80
BP_RESIDENT_RET_FROM_TARGET pc=C1E1 op=F308F1 sp=F34E stack=0E44/63D5 p=00/00/01 tgt=40CA irq=213 active=02 first=00 player=00 xy=8,80
BP_RESIDENT_RET_FROM_TARGET pc=C1E1 op=F308F1 sp=F34E stack=0E44/63D5 p=00/00/01 tgt=40CA irq=213 active=02 first=00 player=00 xy=8,80
BP_RESIDENT_RET_FROM_TARGET pc=C1E1 op=F308F1 sp=F34E stack=0E44/63D5 p=00/00/01 tgt=40CA irq=213 active=02 first=00 player=00 xy=8,80
BP_RESIDENT_RET_FROM_TARGET pc=C1E1 op=F308F1 sp=F34E stack=0E44/63D5 p=00/00/01 tgt=40CA irq=213 active=02 first=00 player=00 xy=8,80
BP_RESIDENT_RET_FROM_TARGET pc=C1E1 op=F308F1 sp=F34E stack=0E44/63D5 p=00/00/01 tgt=40CA irq=213 active=02 first=00 player=00 xy=8,80
BP_RESIDENT_RET_FROM_TARGET pc=C1E1 op=F308F1 sp=F34E stack=0E44/63D5 p=00/00/01 tgt=40CA irq=213 active=02 first=00 player=00 xy=8,80
BP_RESIDENT_RET_FROM_TARGET pc=C1E1 op=F308F1 sp=F34E stack=0E44/63D5 p=00/00/01 tgt=40CA irq=213 active=02 first=00 player=00 xy=8,80
BP_RESIDENT_RET_FROM_TARGET pc=C1E1 op=F308F1 sp=F34E stack=0E44/63D5 p=00/00/01 tgt=40CA irq=213 active=02 first=00 player=00 xy=8,80
BP_RESIDENT_RET_FROM_TARGET pc=C1E1 op=F308F1 sp=F34E stack=0E44/63D5 p=00/00/01 tgt=40CA irq=213 active=02 first=00 player=00 xy=8,80
BP_RESIDENT_RET_FROM_TARGET pc=C1E1 op=F308F1 sp=F34E stack=0E44/63D5 p=00/00/01 tgt=40CA irq=213 active=02 first=00 player=00 xy=8,80
BP_RESIDENT_RET_FROM_TARGET pc=C1E1 op=F308F1 sp=F34E stack=0E44/63D5 p=00/00/01 tgt=40CA irq=213 active=02 first=00 player=00 xy=8,80
BP_RESIDENT_RET_FROM_TARGET pc=C1E1 op=F308F1 sp=F34E stack=0E44/63D5 p=00/00/01 tgt=40CA irq=213 active=02 first=00 player=00 xy=8,80
BP_RESIDENT_RET_FROM_TARGET pc=C1E1 op=F308F1 sp=F34E stack=0E44/63D5 p=00/00/01 tgt=40CA irq=213 active=02 first=00 player=00 xy=8,80
BP_RESIDENT_RET_FROM_TARGET pc=C1E1 op=F308F1 sp=F34E stack=0E44/63D5 p=00/00/01 tgt=40CA irq=213 active=02 first=00 player=00 xy=8,80
BP_RESIDENT_RET_FROM_TARGET pc=C1E1 op=F308F1 sp=F34E stack=0E44/63D5 p=00/00/01 tgt=40CA irq=213 active=02 first=00 player=00 xy=8,80
BP_RESIDENT_RET_FROM_TARGET pc=C1E1 op=F308F1 sp=F34E stack=0E44/63D5 p=00/00/01 tgt=40CA irq=213 active=02 first=00 player=00 xy=8,80
BP_RESIDENT_RET_FROM_TARGET pc=C1E1 op=F308F1 sp=F34E stack=0E44/63D5 p=00/00/01 tgt=40CA irq=213 active=02 first=00 player=00 xy=8,80
BP_RESIDENT_RET_FROM_TARGET pc=C1E1 op=F308F1 sp=F34E stack=0E44/63D5 p=00/00/01 tgt=40CA irq=213 active=02 first=00 player=00 xy=8,80
BP_RESIDENT_RET_FROM_TARGET pc=C1E1 op=F308F1 sp=F34E stack=0E44/63D5 p=00/00/01 tgt=40CA irq=213 active=02 first=00 player=00 xy=8,80
BP_RESIDENT_RET_FROM_TARGET pc=C1E1 op=F308F1 sp=F34E stack=0E44/63D5 p=00/00/01 tgt=40CA irq=214 active=02 first=00 player=00 xy=8,80
BP_RESIDENT_RET_FROM_TARGET pc=C1E1 op=F308F1 sp=F34E stack=0E44/63D5 p=00/00/01 tgt=40CA irq=214 active=02 first=00 player=00 xy=8,80
BP_RESIDENT_RET_FROM_TARGET pc=C1E1 op=F308F1 sp=F34E stack=0E44/63D5 p=00/00/01 tgt=40CA irq=214 active=02 first=00 player=00 xy=8,80
BP_RESIDENT_RET_FROM_TARGET pc=C1E1 op=F308F1 sp=F34E stack=0E44/63D5 p=00/00/01 tgt=40CA irq=214 active=02 first=00 player=00 xy=8,80
BP_RESIDENT_RET_FROM_TARGET pc=C1E1 op=F308F1 sp=F34E stack=0E44/63D5 p=00/00/01 tgt=40CA irq=214 active=02 first=00 player=00 xy=8,80
BP_RESIDENT_RET_FROM_TARGET pc=C1E1 op=F308F1 sp=F34E stack=0E44/63D5 p=00/00/01 tgt=40CA irq=214 active=02 first=00 player=00 xy=8,80
BP_RESIDENT_RET_FROM_TARGET pc=C1E1 op=F308F1 sp=F34E stack=0E44/63D5 p=00/00/01 tgt=40CA irq=214 active=02 first=00 player=00 xy=8,80
BP_RESIDENT_RET_FROM_TARGET pc=C1E1 op=F308F1 sp=F34E stack=0E44/63D5 p=00/00/01 tgt=40CA irq=214 active=02 first=00 player=00 xy=8,80
BP_RESIDENT_RET_FROM_TARGET pc=C1E1 op=F308F1 sp=F34E stack=0E44/63D5 p=00/00/01 tgt=40CA irq=214 active=02 first=00 player=00 xy=8,80
BP_RESIDENT_RET_FROM_TARGET pc=C1E1 op=F308F1 sp=F34E stack=0E44/63D5 p=00/00/01 tgt=40CA irq=214 active=02 first=00 player=00 xy=8,80
BP_RESIDENT_RET_FROM_TARGET pc=C1E1 op=F308F1 sp=F34E stack=0E44/63D5 p=00/00/01 tgt=40CA irq=214 active=02 first=00 player=00 xy=8,80
BP_RESIDENT_RET_FROM_TARGET pc=C1E1 op=F308F1 sp=F34E stack=0E44/63D5 p=00/00/01 tgt=40CA irq=214 active=02 first=00 player=00 xy=8,80
BP_RESIDENT_RET_FROM_TARGET pc=C1E1 op=F308F1 sp=F34E stack=0E44/63D5 p=00/00/01 tgt=40CA irq=214 active=02 first=00 player=00 xy=8,80
BP_RESIDENT_RET_FROM_TARGET pc=C1E1 op=F308F1 sp=F34E stack=0E44/63D5 p=00/00/01 tgt=40CA irq=214 active=02 first=00 player=00 xy=8,80
BP_RESIDENT_RET_FROM_TARGET pc=C1E1 op=F308F1 sp=F34E stack=0E44/63D5 p=00/00/01 tgt=40CA irq=214 active=02 first=00 player=00 xy=8,80
BP_RESIDENT_RET_FROM_TARGET pc=C1E1 op=F308F1 sp=F34E stack=0E44/63D5 p=00/00/01 tgt=40CA irq=214 active=02 first=00 player=00 xy=8,80
BP_RESIDENT_RET_FROM_TARGET pc=C1E1 op=F308F1 sp=F34E stack=0E44/63D5 p=00/00/01 tgt=40CA irq=214 active=02 first=00 player=00 xy=8,80
BP_RESIDENT_RET_FROM_TARGET pc=C1E1 op=F308F1 sp=F34E stack=0E44/63D5 p=00/00/01 tgt=40CA irq=214 active=02 first=00 player=00 xy=8,80
BP_RESIDENT_RET_FROM_TARGET pc=C1E1 op=F308F1 sp=F34E stack=0E44/63D5 p=00/00/01 tgt=40CA irq=214 active=02 first=00 player=00 xy=8,80
BP_RESIDENT_RET_FROM_TARGET pc=C1E1 op=F308F1 sp=F34E stack=0E44/63D5 p=00/00/01 tgt=40CA irq=214 active=02 first=00 player=00 xy=8,80
BP_RESIDENT_RET_FROM_TARGET pc=C1E1 op=F308F1 sp=F34E stack=0E44/63D5 p=00/00/01 tgt=40CA irq=214 active=02 first=00 player=00 xy=8,80
BP_RESIDENT_RET_FROM_TARGET pc=C1E1 op=F308F1 sp=F34E stack=0E44/63D5 p=00/00/01 tgt=40CA irq=214 active=02 first=00 player=00 xy=8,80
BP_RESIDENT_RET_FROM_TARGET pc=C1E1 op=F308F1 sp=F34E stack=0E44/63D5 p=00/00/01 tgt=40CA irq=214 active=02 first=00 player=00 xy=8,80
BP_RESIDENT_RET_FROM_TARGET pc=C1E1 op=F308F1 sp=F34E stack=0E44/63D5 p=00/00/01 tgt=40CA irq=214 active=02 first=00 player=00 xy=8,80
BP_RESIDENT_RET_FROM_TARGET pc=C1E1 op=F308F1 sp=F34E stack=0E44/63D5 p=00/00/01 tgt=40CA irq=214 active=02 first=00 player=00 xy=8,80
BP_RESIDENT_RET_FROM_TARGET pc=C1E1 op=F308F1 sp=F34E stack=0E44/63D5 p=00/00/01 tgt=40CA irq=214 active=02 first=00 player=00 xy=8,80
BP_RESIDENT_RET_FROM_TARGET pc=C1E1 op=F308F1 sp=F34E stack=0E44/63D5 p=00/00/01 tgt=40CA irq=214 active=02 first=00 player=00 xy=8,80
BP_RESIDENT_RET_FROM_TARGET pc=C1E1 op=F308F1 sp=F34E stack=0E44/63D5 p=00/00/01 tgt=40CA irq=214 active=02 first=00 player=00 xy=8,80
BP_RESIDENT_RET_FROM_TARGET pc=C1E1 op=F308F1 sp=F34E stack=0E44/63D5 p=00/00/01 tgt=40CA irq=214 active=02 first=00 player=00 xy=8,80
BP_RESIDENT_RET_FROM_TARGET pc=C1E1 op=F308F1 sp=F34E stack=0E44/63D5 p=00/00/01 tgt=40CA irq=214 active=02 first=00 player=00 xy=8,80
BP_RESIDENT_RET_FROM_TARGET pc=C1E1 op=F308F1 sp=F34E stack=0E44/63D5 p=00/00/01 tgt=40CA irq=214 active=02 first=00 player=00 xy=8,80
BP_RESIDENT_RET_FROM_TARGET pc=C1E1 op=F308F1 sp=F34E stack=0E44/63D5 p=00/00/01 tgt=40CA irq=214 active=02 first=00 player=00 xy=8,80
BP_RESIDENT_RET_FROM_TARGET pc=C1E1 op=F308F1 sp=F34E stack=0E44/63D5 p=00/00/01 tgt=40CA irq=214 active=02 first=00 player=00 xy=8,80
BP_RESIDENT_RET_FROM_TARGET pc=C1E1 op=F308F1 sp=F34E stack=0E44/63D5 p=00/00/01 tgt=40CA irq=214 active=02 first=00 player=00 xy=8,80
BP_RESIDENT_RET_FROM_TARGET pc=C1E1 op=F308F1 sp=F34E stack=0E44/63D5 p=00/00/01 tgt=40CA irq=214 active=02 first=00 player=00 xy=8,80
BP_RESIDENT_RET_FROM_TARGET pc=C1E1 op=F308F1 sp=F34E stack=0E44/63D5 p=00/00/01 tgt=40CA irq=214 active=02 first=00 player=00 xy=8,80
BP_RESIDENT_RET_FROM_TARGET pc=C1E1 op=F308F1 sp=F34E stack=0E44/63D5 p=00/00/01 tgt=40CA irq=214 active=02 first=00 player=00 xy=8,80
BP_RESIDENT_RET_FROM_TARGET pc=C1E1 op=F308F1 sp=F34E stack=0E44/63D5 p=00/00/01 tgt=40CA irq=214 active=02 first=00 player=00 xy=8,80
BP_RESIDENT_RET_FROM_TARGET pc=C1E1 op=F308F1 sp=F34E stack=0E44/63D5 p=00/00/01 tgt=40CA irq=214 active=02 first=00 player=00 xy=8,80
BP_RESIDENT_RET_FROM_TARGET pc=C1E1 op=F308F1 sp=F34E stack=0E44/63D5 p=00/00/01 tgt=40CA irq=214 active=02 first=00 player=00 xy=8,80
BP_RESIDENT_RET_FROM_TARGET pc=C1E1 op=F308F1 sp=F34E stack=0E44/63D5 p=00/00/01 tgt=40CA irq=214 active=02 first=00 player=00 xy=8,80
BP_RESIDENT_RET_FROM_TARGET pc=C1E1 op=F308F1 sp=F34E stack=0E44/63D5 p=00/00/01 tgt=40CA irq=214 active=02 first=00 player=00 xy=8,80
BP_RESIDENT_RET_FROM_TARGET pc=C1E1 op=F308F1 sp=F34E stack=0E44/63D5 p=00/00/01 tgt=40CA irq=214 active=02 first=00 player=00 xy=8,80
BP_RESIDENT_RET_FROM_TARGET pc=C1E1 op=F308F1 sp=F34E stack=0E44/63D5 p=00/00/01 tgt=40CA irq=214 active=02 first=00 player=00 xy=8,80
BP_RESIDENT_RET_FROM_TARGET pc=C1E1 op=F308F1 sp=F34E stack=0E44/63D5 p=00/00/01 tgt=40CA irq=214 active=02 first=00 player=00 xy=8,80
BP_RESIDENT_RET_FROM_TARGET pc=C1E1 op=F308F1 sp=F34E stack=0E44/63D5 p=00/00/01 tgt=40CA irq=214 active=02 first=00 player=00 xy=8,80
BP_RESIDENT_RET_FROM_TARGET pc=C1E1 op=F308F1 sp=F34E stack=0E44/63D5 p=00/00/01 tgt=40CA irq=214 active=02 first=00 player=00 xy=8,80
BP_RESIDENT_RET_FROM_TARGET pc=C1E1 op=F308F1 sp=F34E stack=0E44/63D5 p=00/00/01 tgt=40CA irq=215 active=02 first=00 player=00 xy=8,80
BP_RESIDENT_RET_FROM_TARGET pc=C1E1 op=F308F1 sp=F34E stack=0E44/63D5 p=00/00/01 tgt=40CA irq=215 active=02 first=00 player=00 xy=8,80
BP_RESIDENT_RET_FROM_TARGET pc=C1E1 op=F308F1 sp=F34E stack=0E44/63D5 p=00/00/01 tgt=40CA irq=215 active=02 first=00 player=00 xy=8,80
BP_RESIDENT_RET_FROM_TARGET pc=C1E1 op=F308F1 sp=F34E stack=0E44/63D5 p=00/00/01 tgt=40CA irq=215 active=02 first=00 player=00 xy=8,80
BP_RESIDENT_RET_FROM_TARGET pc=C1E1 op=F308F1 sp=F34E stack=0E44/63D5 p=00/00/01 tgt=40CA irq=215 active=02 first=00 player=00 xy=8,80
BP_RESIDENT_RET_FROM_TARGET pc=C1E1 op=F308F1 sp=F34E stack=0E44/63D5 p=00/00/01 tgt=40CA irq=215 active=02 first=00 player=00 xy=8,80
BP_RESIDENT_RET_FROM_TARGET pc=C1E1 op=F308F1 sp=F34E stack=0E44/63D5 p=00/00/01 tgt=40CA irq=215 active=02 first=00 player=00 xy=8,80
BP_RESIDENT_RET_FROM_TARGET pc=C1E1 op=F308F1 sp=F34E stack=0E44/63D5 p=00/00/01 tgt=40CA irq=215 active=02 first=00 player=00 xy=8,80
BP_RESIDENT_RET_FROM_TARGET pc=C1E1 op=F308F1 sp=F34E stack=0E44/63D5 p=00/00/01 tgt=40CA irq=215 active=02 first=00 player=00 xy=8,80
BP_RESIDENT_RET_FROM_TARGET pc=C1E1 op=F308F1 sp=F34E stack=0E44/63D5 p=00/00/01 tgt=40CA irq=215 active=02 first=00 player=00 xy=8,80
BP_RESIDENT_RET_FROM_TARGET pc=C1E1 op=F308F1 sp=F34E stack=0E44/63D5 p=00/00/01 tgt=40CA irq=215 active=02 first=00 player=00 xy=8,80
BP_RESIDENT_RET_FROM_TARGET pc=C1E1 op=F308F1 sp=F34E stack=0E44/63D5 p=00/00/01 tgt=40CA irq=215 active=02 first=00 player=00 xy=8,80
BP_RESIDENT_RET_FROM_TARGET pc=C1E1 op=F308F1 sp=F34E stack=0E44/63D5 p=00/00/01 tgt=40CA irq=215 active=02 first=00 player=00 xy=8,80
BP_RESIDENT_RET_FROM_TARGET pc=C1E1 op=F308F1 sp=F34E stack=0E44/63D5 p=00/00/01 tgt=40CA irq=215 active=02 first=00 player=00 xy=8,80
BP_RESIDENT_RET_FROM_TARGET pc=C1E1 op=F308F1 sp=F34E stack=0E44/63D5 p=00/00/01 tgt=40CA irq=215 active=02 first=00 player=00 xy=8,80
BP_RESIDENT_RET_FROM_TARGET pc=C1E1 op=F308F1 sp=F34E stack=0E44/63D5 p=00/00/01 tgt=40CA irq=215 active=02 first=00 player=00 xy=8,80
BP_RESIDENT_RET_FROM_TARGET pc=C1E1 op=F308F1 sp=F34E stack=0E44/63D5 p=00/00/01 tgt=40CA irq=215 active=02 first=00 player=00 xy=8,80
BP_RESIDENT_RET_FROM_TARGET pc=C1E1 op=F308F1 sp=F34E stack=0E44/63D5 p=00/00/01 tgt=40CA irq=215 active=02 first=00 player=00 xy=8,80
BP_RESIDENT_RET_FROM_TARGET pc=C1E1 op=F308F1 sp=F34E stack=0E44/63D5 p=00/00/01 tgt=40CA irq=215 active=02 first=00 player=00 xy=8,80
BP_RESIDENT_RET_FROM_TARGET pc=C1E1 op=F308F1 sp=F34E stack=0E44/63D5 p=00/00/01 tgt=40CA irq=215 active=02 first=00 player=00 xy=8,80
BP_RESIDENT_RET_FROM_TARGET pc=C1E1 op=F308F1 sp=F34E stack=0E44/63D5 p=00/00/01 tgt=40CA irq=215 active=02 first=00 player=00 xy=8,80
BP_RESIDENT_RET_FROM_TARGET pc=C1E1 op=F308F1 sp=F34E stack=0E44/63D5 p=00/00/01 tgt=40CA irq=215 active=02 first=00 player=00 xy=8,80
BP_RESIDENT_RET_FROM_TARGET pc=C1E1 op=F308F1 sp=F34E stack=0E44/63D5 p=00/00/01 tgt=40CA irq=215 active=02 first=00 player=00 xy=8,80
BP_RESIDENT_RET_FROM_TARGET pc=C1E1 op=F308F1 sp=F34E stack=0E44/63D5 p=00/00/01 tgt=40CA irq=215 active=02 first=00 player=00 xy=8,80
BP_RESIDENT_RET_FROM_TARGET pc=C1E1 op=F308F1 sp=F34E stack=0E44/63D5 p=00/00/01 tgt=40CA irq=215 active=02 first=00 player=00 xy=8,80
BP_RESIDENT_RET_FROM_TARGET pc=C1E1 op=F308F1 sp=F34E stack=0E44/63D5 p=00/00/01 tgt=40CA irq=215 active=02 first=00 player=00 xy=8,80
BP_RESIDENT_RET_FROM_TARGET pc=C1E1 op=F308F1 sp=F34E stack=0E44/63D5 p=00/00/01 tgt=40CA irq=215 active=02 first=00 player=00 xy=8,80
BP_RESIDENT_RET_FROM_TARGET pc=C1E1 op=F308F1 sp=F34E stack=0E44/63D5 p=00/00/01 tgt=40CA irq=215 active=02 first=00 player=00 xy=8,80
BP_RESIDENT_RET_FROM_TARGET pc=C1E1 op=F308F1 sp=F34E stack=0E44/63D5 p=00/00/01 tgt=40CA irq=215 active=02 first=00 player=00 xy=8,80
BP_RESIDENT_RET_FROM_TARGET pc=C1E1 op=F308F1 sp=F34E stack=0E44/63D5 p=00/00/01 tgt=40CA irq=215 active=02 first=00 player=00 xy=8,80
BP_RESIDENT_RET_FROM_TARGET pc=C1E1 op=F308F1 sp=F34E stack=0E44/63D5 p=00/00/01 tgt=40CA irq=215 active=02 first=00 player=00 xy=8,80
BP_RESIDENT_RET_FROM_TARGET pc=C1E1 op=F308F1 sp=F34E stack=0E44/63D5 p=00/00/01 tgt=40CA irq=215 active=02 first=00 player=00 xy=8,80
BP_RESIDENT_RET_FROM_TARGET pc=C1E1 op=F308F1 sp=F34E stack=0E44/63D5 p=00/00/01 tgt=40CA irq=215 active=02 first=00 player=00 xy=8,80
BP_RESIDENT_RET_FROM_TARGET pc=C1E1 op=F308F1 sp=F34E stack=0E44/63D5 p=00/00/01 tgt=40CA irq=215 active=02 first=00 player=00 xy=8,80
BP_RESIDENT_RET_FROM_TARGET pc=C1E1 op=F308F1 sp=F34E stack=0E44/63D5 p=00/00/01 tgt=40CA irq=215 active=02 first=00 player=00 xy=8,80
BP_RESIDENT_RET_FROM_TARGET pc=C1E1 op=F308F1 sp=F34E stack=0E44/63D5 p=00/00/01 tgt=40CA irq=215 active=02 first=00 player=00 xy=8,80
BP_RESIDENT_RET_FROM_TARGET pc=C1E1 op=F308F1 sp=F34E stack=0E44/63D5 p=00/00/01 tgt=40CA irq=215 active=02 first=00 player=00 xy=8,80
BP_RESIDENT_RET_FROM_TARGET pc=C1E1 op=F308F1 sp=F34E stack=0E44/63D5 p=00/00/01 tgt=40CA irq=215 active=02 first=00 player=00 xy=8,80
BP_RESIDENT_RET_FROM_TARGET pc=C1E1 op=F308F1 sp=F34E stack=0E44/63D5 p=00/00/01 tgt=40CA irq=215 active=02 first=00 player=00 xy=8,80
BP_RESIDENT_RET_FROM_TARGET pc=C1E1 op=F308F1 sp=F34E stack=0E44/63D5 p=00/00/01 tgt=40CA irq=215 active=02 first=00 player=00 xy=8,80
BP_RESIDENT_RET_FROM_TARGET pc=C1E1 op=F308F1 sp=F34E stack=0E44/63D5 p=00/00/01 tgt=40CA irq=215 active=02 first=00 player=00 xy=8,80
BP_RESIDENT_RET_FROM_TARGET pc=C1E1 op=F308F1 sp=F34E stack=0E44/63D5 p=00/00/01 tgt=40CA irq=215 active=02 first=00 player=00 xy=8,80
BP_RESIDENT_RET_FROM_TARGET pc=C1E1 op=F308F1 sp=F34E stack=0E44/63D5 p=00/00/01 tgt=40CA irq=215 active=02 first=00 player=00 xy=8,80
BP_RESIDENT_RET_FROM_TARGET pc=C1E1 op=F308F1 sp=F34E stack=0E44/63D5 p=00/00/01 tgt=40CA irq=216 active=02 first=00 player=00 xy=8,80
BP_RESIDENT_RET_FROM_TARGET pc=C1E1 op=F308F1 sp=F34E stack=0E44/63D5 p=00/00/01 tgt=40CA irq=216 active=02 first=00 player=00 xy=8,80
BP_RESIDENT_RET_FROM_TARGET pc=C1E1 op=F308F1 sp=F34E stack=0E44/63D5 p=00/00/01 tgt=40CA irq=216 active=02 first=00 player=00 xy=8,80
BP_RESIDENT_RET_FROM_TARGET pc=C1E1 op=F308F1 sp=F34E stack=0E44/63D5 p=00/00/01 tgt=40CA irq=216 active=02 first=00 player=00 xy=8,80
BP_RESIDENT_RET_FROM_TARGET pc=C1E1 op=F308F1 sp=F34E stack=0E44/63D5 p=00/00/01 tgt=40CA irq=216 active=02 first=00 player=00 xy=8,80
BP_RESIDENT_RET_FROM_TARGET pc=C1E1 op=F308F1 sp=F34E stack=0E44/63D5 p=00/00/01 tgt=40CA irq=216 active=02 first=00 player=00 xy=8,80
BP_RESIDENT_RET_FROM_TARGET pc=C1E1 op=F308F1 sp=F34E stack=0E44/63D5 p=00/00/01 tgt=40CA irq=216 active=02 first=00 player=00 xy=8,80
BP_RESIDENT_RET_FROM_TARGET pc=C1E1 op=F308F1 sp=F34E stack=0E44/63D5 p=00/00/01 tgt=40CA irq=216 active=02 first=00 player=00 xy=8,80
BP_RESIDENT_RET_FROM_TARGET pc=C1E1 op=F308F1 sp=F34E stack=0E44/63D5 p=00/00/01 tgt=40CA irq=216 active=02 first=00 player=00 xy=8,80
BP_RESIDENT_RET_FROM_TARGET pc=C1E1 op=F308F1 sp=F34E stack=0E44/63D5 p=00/00/01 tgt=40CA irq=216 active=02 first=00 player=00 xy=8,80
BP_RESIDENT_RET_FROM_TARGET pc=C1E1 op=F308F1 sp=F34E stack=0E44/63D5 p=00/00/01 tgt=40CA irq=216 active=02 first=00 player=00 xy=8,80
BP_RESIDENT_RET_FROM_TARGET pc=C1E1 op=F308F1 sp=F34E stack=0E44/63D5 p=00/00/01 tgt=40CA irq=216 active=02 first=00 player=00 xy=8,80
BP_RESIDENT_RET_FROM_TARGET pc=C1E1 op=F308F1 sp=F34E stack=0E44/63D5 p=00/00/01 tgt=40CA irq=216 active=02 first=00 player=00 xy=8,80
BP_RESIDENT_RET_FROM_TARGET pc=C1E1 op=F308F1 sp=F34E stack=0E44/63D5 p=00/00/01 tgt=40CA irq=216 active=02 first=00 player=00 xy=8,80
BP_RESIDENT_RET_FROM_TARGET pc=C1E1 op=F308F1 sp=F34E stack=0E44/63D5 p=00/00/01 tgt=40CA irq=216 active=02 first=00 player=00 xy=8,80
BP_RESIDENT_RET_FROM_TARGET pc=C1E1 op=F308F1 sp=F34E stack=0E44/63D5 p=00/00/01 tgt=40CA irq=216 active=02 first=00 player=00 xy=8,80
BP_RESIDENT_RET_FROM_TARGET pc=C1E1 op=F308F1 sp=F368 stack=0644/6B58 p=00/00/01 tgt=40CA irq=216 active=02 first=00 player=00 xy=8,80
BP_RESIDENT_RET_FROM_TARGET pc=C1E1 op=F308F1 sp=F35A stack=0644/6C38 p=00/00/01 tgt=40FD irq=216 active=02 first=00 player=00 xy=8,80
BP_RESIDENT_RET_FROM_TARGET pc=C1E1 op=F308F1 sp=F35A stack=0644/6C38 p=00/00/01 tgt=40FD irq=216 active=02 first=00 player=00 xy=8,80
BP_RESIDENT_RET_FROM_TARGET pc=C1E1 op=F308F1 sp=F35A stack=0644/6C38 p=00/00/01 tgt=40FD irq=216 active=02 first=00 player=00 xy=8,80
BP_RESIDENT_RET_FROM_TARGET pc=C1E1 op=F308F1 sp=F35A stack=0644/6C38 p=00/00/01 tgt=40FD irq=216 active=02 first=00 player=00 xy=8,80
BP_RESIDENT_RET_FROM_TARGET pc=C1E1 op=F308F1 sp=F35A stack=0644/6C38 p=00/00/01 tgt=40FD irq=216 active=02 first=00 player=00 xy=8,80
BP_RESIDENT_RET_FROM_TARGET pc=C1E1 op=F308F1 sp=F35A stack=0644/6C38 p=00/00/01 tgt=40FD irq=216 active=02 first=00 player=00 xy=8,80
BP_RESIDENT_RET_FROM_TARGET pc=C1E1 op=F308F1 sp=F35A stack=0644/6C38 p=00/00/01 tgt=40FD irq=216 active=02 first=00 player=00 xy=8,80
BP_RESIDENT_RET_FROM_TARGET pc=C1E1 op=F308F1 sp=F35A stack=0644/6C38 p=00/00/01 tgt=40FD irq=216 active=02 first=00 player=00 xy=8,80
BP_RESIDENT_RET_FROM_TARGET pc=C1E1 op=F308F1 sp=F35A stack=0644/6C38 p=00/00/01 tgt=40FD irq=216 active=02 first=00 player=00 xy=8,80
BP_RESIDENT_RET_FROM_TARGET pc=C1E1 op=F308F1 sp=F35A stack=0644/6C38 p=00/00/01 tgt=40FD irq=216 active=02 first=00 player=00 xy=8,80
BP_RESIDENT_RET_FROM_TARGET pc=C1E1 op=F308F1 sp=F35A stack=0644/6C38 p=00/00/01 tgt=40FD irq=216 active=02 first=00 player=00 xy=8,80
BP_RESIDENT_RET_FROM_TARGET pc=C1E1 op=F308F1 sp=F35A stack=0644/6C38 p=00/00/01 tgt=40FD irq=216 active=02 first=00 player=00 xy=8,80
BP_RESIDENT_RET_FROM_TARGET pc=C1E1 op=F308F1 sp=F35A stack=0644/6C38 p=00/00/01 tgt=40FD irq=216 active=02 first=00 player=00 xy=8,80
BP_RESIDENT_RET_FROM_TARGET pc=C1E1 op=F308F1 sp=F35A stack=0644/6C38 p=00/00/01 tgt=40FD irq=216 active=02 first=00 player=00 xy=8,80
BP_RESIDENT_RET_FROM_TARGET pc=C1E1 op=F308F1 sp=F35A stack=0644/6C38 p=00/00/01 tgt=40FD irq=216 active=02 first=00 player=00 xy=8,80
BP_RESIDENT_RET_FROM_TARGET pc=C1E1 op=F308F1 sp=F35A stack=0644/6C38 p=00/00/01 tgt=40FD irq=216 active=02 first=00 player=00 xy=8,80
BP_RESIDENT_RET_FROM_TARGET pc=C1E1 op=F308F1 sp=F35A stack=0644/6C38 p=00/00/01 tgt=40FD irq=216 active=02 first=00 player=00 xy=8,80
BP_RESIDENT_RET_FROM_TARGET pc=C1E1 op=F308F1 sp=F35A stack=0644/6C38 p=00/00/01 tgt=40FD irq=216 active=02 first=00 player=00 xy=8,80
BP_RESIDENT_RET_FROM_TARGET pc=C1E1 op=F308F1 sp=F35A stack=0644/6C38 p=00/00/01 tgt=40FD irq=216 active=02 first=00 player=00 xy=8,80
BP_RESIDENT_RET_FROM_TARGET pc=C1E1 op=F308F1 sp=F35A stack=0644/6C38 p=00/00/01 tgt=40FD irq=216 active=02 first=00 player=00 xy=8,80
BP_RESIDENT_RET_FROM_TARGET pc=C1E1 op=F308F1 sp=F35A stack=0644/6C38 p=00/00/01 tgt=40FD irq=216 active=02 first=00 player=00 xy=8,80
BP_RESIDENT_RET_FROM_TARGET pc=C1E1 op=F308F1 sp=F35A stack=0644/6C38 p=00/00/01 tgt=40FD irq=216 active=02 first=00 player=00 xy=8,80
BP_RESIDENT_RET_FROM_TARGET pc=C1E1 op=F308F1 sp=F35A stack=0644/6C38 p=00/00/01 tgt=40FD irq=216 active=02 first=00 player=00 xy=8,80
BP_RESIDENT_RET_FROM_TARGET pc=C1E1 op=F308F1 sp=F35A stack=0644/6C38 p=00/00/01 tgt=40FD irq=216 active=02 first=00 player=00 xy=8,80
BP_RESIDENT_RET_FROM_TARGET pc=C1E1 op=F308F1 sp=F35A stack=0644/6C38 p=00/00/01 tgt=40FD irq=216 active=02 first=00 player=00 xy=8,80
BP_RESIDENT_RET_FROM_TARGET pc=C1E1 op=F308F1 sp=F35A stack=0644/6C38 p=00/00/01 tgt=40FD irq=216 active=02 first=00 player=00 xy=8,80
BP_RESIDENT_RET_FROM_TARGET pc=C1E1 op=F308F1 sp=F35A stack=0644/6C38 p=00/00/01 tgt=40FD irq=216 active=02 first=00 player=00 xy=8,80
BP_RESIDENT_RET_FROM_TARGET pc=C1E1 op=F308F1 sp=F35A stack=0644/6C38 p=00/00/01 tgt=40FD irq=216 active=02 first=00 player=00 xy=8,80
BP_RESIDENT_RET_FROM_TARGET pc=C1E1 op=F308F1 sp=F35A stack=0644/6C38 p=00/00/01 tgt=40FD irq=216 active=02 first=00 player=00 xy=8,80
BP_RESIDENT_RET_FROM_TARGET pc=C1E1 op=F308F1 sp=F35A stack=0644/6C38 p=00/00/01 tgt=40FD irq=216 active=02 first=00 player=00 xy=8,80
BP_RESIDENT_RET_FROM_TARGET pc=C1E1 op=F308F1 sp=F35A stack=0644/6C38 p=00/00/01 tgt=40FD irq=216 active=02 first=00 player=00 xy=8,80
BP_RESIDENT_RET_FROM_TARGET pc=C1E1 op=F308F1 sp=F35A stack=0644/6C38 p=00/00/01 tgt=40FD irq=216 active=02 first=00 player=00 xy=8,80
BP_RESIDENT_RET_FROM_TARGET pc=C1E1 op=F308F1 sp=F35A stack=0644/6C38 p=00/00/01 tgt=40FD irq=216 active=02 first=00 player=00 xy=8,80
BP_RESIDENT_RET_FROM_TARGET pc=C1E1 op=F308F1 sp=F35A stack=0644/6C38 p=00/00/01 tgt=40FD irq=216 active=02 first=00 player=00 xy=8,80
BP_RESIDENT_RET_FROM_TARGET pc=C1E1 op=F308F1 sp=F35A stack=0644/6BC8 p=00/00/01 tgt=5450 irq=216 active=02 first=00 player=00 xy=8,80
BP_RESIDENT_RET_FROM_TARGET pc=C1E1 op=F308F1 sp=F35A stack=0644/6BC8 p=00/00/01 tgt=5450 irq=216 active=02 first=00 player=00 xy=8,80
BP_RESIDENT_RET_FROM_TARGET pc=C1E1 op=F308F1 sp=F35A stack=0644/6BC8 p=00/00/01 tgt=5450 irq=216 active=02 first=00 player=00 xy=8,80
BP_RESIDENT_RET_FROM_TARGET pc=C1E1 op=F308F1 sp=F35A stack=0644/6BC8 p=00/00/01 tgt=5450 irq=216 active=02 first=00 player=00 xy=8,80
BP_RESIDENT_RET_FROM_TARGET pc=C1E1 op=F308F1 sp=F35A stack=0644/6B88 p=00/00/01 tgt=5426 irq=216 active=02 first=00 player=00 xy=8,80
BP_RESIDENT_RET_FROM_TARGET pc=C1E1 op=F308F1 sp=F370 stack=0644/6B68 p=00/00/01 tgt=53B4 irq=217 active=02 first=00 player=00 xy=8,80
BP_RESIDENT_RET_FROM_TARGET pc=C1E1 op=F308F1 sp=F36E stack=0644/6BF8 p=00/00/01 tgt=4162 irq=217 active=02 first=00 player=00 xy=8,80
BP_RESIDENT_RET_FROM_TARGET pc=C1E1 op=F308F1 sp=F370 stack=0644/6B68 p=00/00/01 tgt=53B4 irq=218 active=02 first=00 player=00 xy=8,80
BP_RESIDENT_RET_FROM_TARGET pc=C1E1 op=F308F1 sp=F36E stack=0644/6BF8 p=00/00/01 tgt=4162 irq=218 active=02 first=00 player=00 xy=8,80
BP_RESIDENT_RET_FROM_TARGET pc=C1E1 op=F308F1 sp=F370 stack=0644/6B68 p=00/00/01 tgt=53B4 irq=219 active=02 first=00 player=00 xy=8,80
BP_RESIDENT_RET_FROM_TARGET pc=C1E1 op=F308F1 sp=F36E stack=0644/6BF8 p=00/00/01 tgt=4162 irq=219 active=02 first=00 player=00 xy=8,80
BP_RESIDENT_RET_FROM_TARGET pc=C1E1 op=F308F1 sp=F370 stack=0644/6B68 p=00/00/01 tgt=53B4 irq=220 active=02 first=00 player=00 xy=8,80
BP_RESIDENT_RET_FROM_TARGET pc=C1E1 op=F308F1 sp=F36E stack=0644/6BF8 p=00/00/01 tgt=4162 irq=220 active=02 first=00 player=00 xy=8,80
BP_RESIDENT_RET_FROM_TARGET pc=C1E1 op=F308F1 sp=F370 stack=0644/6B68 p=00/00/01 tgt=53B4 irq=221 active=02 first=00 player=00 xy=8,80
BP_RESIDENT_RET_FROM_TARGET pc=C1E1 op=F308F1 sp=F36E stack=0644/6BF8 p=00/00/01 tgt=4162 irq=221 active=02 first=00 player=00 xy=8,80
BP_RESIDENT_RET_FROM_TARGET pc=C1E1 op=F308F1 sp=F370 stack=0644/6B68 p=00/00/01 tgt=53B4 irq=222 active=02 first=00 player=00 xy=8,80
BP_RESIDENT_RET_FROM_TARGET pc=C1E1 op=F308F1 sp=F36E stack=0644/6BF8 p=00/00/01 tgt=4162 irq=222 active=02 first=00 player=00 xy=8,80
BP_RESIDENT_RET_FROM_TARGET pc=C1E1 op=F308F1 sp=F370 stack=0644/6B68 p=00/00/01 tgt=53B4 irq=223 active=02 first=00 player=00 xy=8,80
BP_RESIDENT_RET_FROM_TARGET pc=C1E1 op=F308F1 sp=F36E stack=0644/6BF8 p=00/00/01 tgt=4162 irq=223 active=02 first=00 player=00 xy=8,80
BP_RESIDENT_RET_FROM_TARGET pc=C1E1 op=F308F1 sp=F370 stack=0644/6B68 p=00/00/01 tgt=53B4 irq=224 active=02 first=00 player=00 xy=8,80
BP_RESIDENT_RET_FROM_TARGET pc=C1E1 op=F308F1 sp=F36E stack=0644/6BF8 p=00/00/01 tgt=4162 irq=224 active=02 first=00 player=00 xy=8,80
BP_RESIDENT_RET_FROM_TARGET pc=C1E1 op=F308F1 sp=F370 stack=0644/6B68 p=00/00/01 tgt=53B4 irq=225 active=02 first=00 player=00 xy=8,80
BP_RESIDENT_RET_FROM_TARGET pc=C1E1 op=F308F1 sp=F36E stack=0644/6BF8 p=00/00/01 tgt=4162 irq=225 active=02 first=00 player=00 xy=8,80
BP_RESIDENT_RET_FROM_TARGET pc=C1E1 op=F308F1 sp=F370 stack=0644/6B68 p=00/00/01 tgt=53B4 irq=226 active=02 first=00 player=00 xy=8,80
BP_RESIDENT_RET_FROM_TARGET pc=C1E1 op=F308F1 sp=F36E stack=0644/6BF8 p=00/00/01 tgt=4162 irq=226 active=02 first=00 player=00 xy=8,80
BP_RESIDENT_RET_FROM_TARGET pc=C1E1 op=F308F1 sp=F370 stack=0644/6B68 p=00/00/01 tgt=53B4 irq=227 active=02 first=00 player=00 xy=8,80
BP_RESIDENT_RET_FROM_TARGET pc=C1E1 op=F308F1 sp=F36E stack=0644/6BF8 p=00/00/01 tgt=4162 irq=227 active=02 first=00 player=00 xy=8,80
BP_RESIDENT_RET_FROM_TARGET pc=C1E1 op=F308F1 sp=F370 stack=0644/6B68 p=00/00/01 tgt=53B4 irq=228 active=02 first=00 player=00 xy=8,80
BP_RESIDENT_RET_FROM_TARGET pc=C1E1 op=F308F1 sp=F36E stack=0644/6BF8 p=00/00/01 tgt=4162 irq=228 active=02 first=00 player=00 xy=8,80
BP_RESIDENT_RET_FROM_TARGET pc=C1E1 op=F308F1 sp=F370 stack=0644/6B68 p=00/00/01 tgt=53B4 irq=229 active=02 first=00 player=00 xy=8,80
BP_RESIDENT_RET_FROM_TARGET pc=C1E1 op=F308F1 sp=F36E stack=0644/6BF8 p=00/00/01 tgt=4162 irq=229 active=02 first=00 player=00 xy=8,80
BP_RESIDENT_RET_FROM_TARGET pc=C1E1 op=F308F1 sp=F370 stack=0644/6B68 p=00/00/01 tgt=53B4 irq=230 active=02 first=00 player=00 xy=8,80
BP_RESIDENT_RET_FROM_TARGET pc=C1E1 op=F308F1 sp=F36E stack=0644/6BF8 p=00/00/01 tgt=4162 irq=230 active=02 first=00 player=00 xy=8,80
BP_RESIDENT_RET_FROM_TARGET pc=C1E1 op=F308F1 sp=F370 stack=0644/6B68 p=00/00/01 tgt=53B4 irq=231 active=02 first=00 player=00 xy=8,80
BP_RESIDENT_RET_FROM_TARGET pc=C1E1 op=F308F1 sp=F36E stack=0644/6BF8 p=00/00/01 tgt=4162 irq=231 active=02 first=00 player=00 xy=8,80
BP_RESIDENT_RET_FROM_TARGET pc=C1E1 op=F308F1 sp=F370 stack=0644/6B68 p=00/00/01 tgt=53B4 irq=232 active=02 first=00 player=00 xy=8,80
BP_RESIDENT_RET_FROM_TARGET pc=C1E1 op=F308F1 sp=F36E stack=0644/6BF8 p=00/00/01 tgt=4162 irq=232 active=02 first=00 player=00 xy=8,80
BP_RESIDENT_RET_FROM_TARGET pc=C1E1 op=F308F1 sp=F370 stack=0644/6B68 p=00/00/01 tgt=53B4 irq=233 active=02 first=00 player=00 xy=8,80
BP_RESIDENT_RET_FROM_TARGET pc=C1E1 op=F308F1 sp=F36E stack=0644/6BF8 p=00/00/01 tgt=4162 irq=233 active=02 first=00 player=00 xy=8,80
BP_RESIDENT_RET_FROM_TARGET pc=C1E1 op=F308F1 sp=F370 stack=0644/6B68 p=00/00/01 tgt=53B4 irq=234 active=02 first=00 player=00 xy=8,80
BP_RESIDENT_RET_FROM_TARGET pc=C1E1 op=F308F1 sp=F36E stack=0644/6BF8 p=00/00/01 tgt=4162 irq=234 active=02 first=00 player=00 xy=8,80
BP_RESIDENT_RET_FROM_TARGET pc=C1E1 op=F308F1 sp=F370 stack=0644/6B68 p=00/00/01 tgt=53B4 irq=235 active=02 first=00 player=00 xy=8,80
BP_RESIDENT_RET_FROM_TARGET pc=C1E1 op=F308F1 sp=F36E stack=0644/6BF8 p=00/00/01 tgt=4162 irq=235 active=02 first=00 player=00 xy=8,80
BP_RESIDENT_RET_FROM_TARGET pc=C1E1 op=F308F1 sp=F370 stack=0644/6B68 p=00/00/01 tgt=53B4 irq=236 active=02 first=00 player=00 xy=8,80
BP_RESIDENT_RET_FROM_TARGET pc=C1E1 op=F308F1 sp=F36E stack=0644/6BF8 p=00/00/01 tgt=4162 irq=236 active=02 first=00 player=00 xy=8,80
BP_RESIDENT_RET_FROM_TARGET pc=C1E1 op=F308F1 sp=F370 stack=0644/6B68 p=00/00/01 tgt=53B4 irq=237 active=02 first=00 player=00 xy=8,80
BP_RESIDENT_RET_FROM_TARGET pc=C1E1 op=F308F1 sp=F36E stack=0644/6BF8 p=00/00/01 tgt=4162 irq=237 active=02 first=00 player=00 xy=8,80
BP_RESIDENT_RET_FROM_TARGET pc=C1E1 op=F308F1 sp=F370 stack=0644/6B68 p=00/00/01 tgt=53B4 irq=238 active=02 first=00 player=00 xy=8,80
BP_RESIDENT_RET_FROM_TARGET pc=C1E1 op=F308F1 sp=F36E stack=0644/6BF8 p=00/00/01 tgt=4162 irq=238 active=02 first=00 player=00 xy=8,80
BP_RESIDENT_RET_FROM_TARGET pc=C1E1 op=F308F1 sp=F370 stack=0644/6B68 p=00/00/01 tgt=53B4 irq=239 active=02 first=00 player=00 xy=8,80
BP_RESIDENT_RET_FROM_TARGET pc=C1E1 op=F308F1 sp=F36E stack=0644/6BF8 p=00/00/01 tgt=4162 irq=239 active=02 first=00 player=00 xy=8,80
BP_RESIDENT_RET_FROM_TARGET pc=C1E1 op=F308F1 sp=F370 stack=0644/6B68 p=00/00/01 tgt=53B4 irq=240 active=02 first=00 player=00 xy=8,80
BP_RESIDENT_RET_FROM_TARGET pc=C1E1 op=F308F1 sp=F36E stack=0644/6BF8 p=00/00/01 tgt=4162 irq=240 active=02 first=00 player=00 xy=8,80
BP_RESIDENT_RET_FROM_TARGET pc=C1E1 op=F308F1 sp=F370 stack=0644/6B68 p=00/00/01 tgt=53B4 irq=241 active=02 first=00 player=00 xy=8,80
BP_RESIDENT_RET_FROM_TARGET pc=C1E1 op=F308F1 sp=F36E stack=0644/6BF8 p=00/00/01 tgt=4162 irq=241 active=02 first=00 player=00 xy=8,80
BP_RESIDENT_RET_FROM_TARGET pc=C1E1 op=F308F1 sp=F370 stack=0644/6B68 p=00/00/01 tgt=53B4 irq=242 active=02 first=00 player=00 xy=8,80
BP_RESIDENT_RET_FROM_TARGET pc=C1E1 op=F308F1 sp=F36E stack=0644/6BF8 p=00/00/01 tgt=4162 irq=242 active=02 first=00 player=00 xy=8,80
BP_RESIDENT_RET_FROM_TARGET pc=C1E1 op=F308F1 sp=F370 stack=0644/6B68 p=00/00/01 tgt=53B4 irq=243 active=02 first=00 player=00 xy=8,80
BP_RESIDENT_RET_FROM_TARGET pc=C1E1 op=F308F1 sp=F36E stack=0644/6BF8 p=00/00/01 tgt=4162 irq=243 active=02 first=00 player=00 xy=8,80
BP_RESIDENT_RET_FROM_TARGET pc=C1E1 op=F308F1 sp=F370 stack=0644/6B68 p=00/00/01 tgt=53B4 irq=244 active=02 first=00 player=00 xy=8,80
BP_RESIDENT_RET_FROM_TARGET pc=C1E1 op=F308F1 sp=F36E stack=0644/6BF8 p=00/00/01 tgt=4162 irq=244 active=02 first=00 player=00 xy=8,80
BP_RESIDENT_RET_FROM_TARGET pc=C1E1 op=F308F1 sp=F370 stack=0644/6B68 p=00/00/01 tgt=53B4 irq=245 active=02 first=00 player=00 xy=8,80
BP_RESIDENT_RET_FROM_TARGET pc=C1E1 op=F308F1 sp=F36E stack=0644/6BF8 p=00/00/01 tgt=4162 irq=245 active=02 first=00 player=00 xy=8,80
BP_RESIDENT_RET_FROM_TARGET pc=C1E1 op=F308F1 sp=F370 stack=0644/6B68 p=00/00/01 tgt=53B4 irq=246 active=02 first=00 player=00 xy=8,80
BP_RESIDENT_RET_FROM_TARGET pc=C1E1 op=F308F1 sp=F36E stack=0644/6BF8 p=00/00/01 tgt=4162 irq=246 active=02 first=00 player=00 xy=8,80
BP_RESIDENT_RET_FROM_TARGET pc=C1E1 op=F308F1 sp=F370 stack=0644/6B68 p=00/00/01 tgt=53B4 irq=247 active=02 first=00 player=00 xy=8,80
BP_RESIDENT_RET_FROM_TARGET pc=C1E1 op=F308F1 sp=F36E stack=0644/6BF8 p=00/00/01 tgt=4162 irq=247 active=02 first=00 player=00 xy=8,80
BP_RESIDENT_RET_FROM_TARGET pc=C1E1 op=F308F1 sp=F370 stack=0644/6B68 p=00/00/01 tgt=53B4 irq=248 active=02 first=00 player=00 xy=8,80
BP_RESIDENT_RET_FROM_TARGET pc=C1E1 op=F308F1 sp=F36E stack=0644/6BF8 p=00/00/01 tgt=4162 irq=248 active=02 first=00 player=00 xy=8,80
BP_RESIDENT_RET_FROM_TARGET pc=C1E1 op=F308F1 sp=F370 stack=0644/6B68 p=00/00/01 tgt=53B4 irq=249 active=02 first=00 player=00 xy=8,80
BP_RESIDENT_RET_FROM_TARGET pc=C1E1 op=F308F1 sp=F36E stack=0644/6BF8 p=00/00/01 tgt=4162 irq=249 active=02 first=00 player=00 xy=8,80
BP_RESIDENT_RET_FROM_TARGET pc=C1E1 op=F308F1 sp=F370 stack=0644/6B68 p=00/00/01 tgt=53B4 irq=250 active=02 first=00 player=00 xy=8,80
BP_RESIDENT_RET_FROM_TARGET pc=C1E1 op=F308F1 sp=F36E stack=0644/6BF8 p=00/00/01 tgt=4162 irq=250 active=02 first=00 player=00 xy=8,80
BP_RESIDENT_RET_FROM_TARGET pc=C1E1 op=F308F1 sp=F370 stack=0644/6B68 p=00/00/01 tgt=53B4 irq=251 active=02 first=00 player=00 xy=8,80
BP_RESIDENT_RET_FROM_TARGET pc=C1E1 op=F308F1 sp=F36E stack=0644/6BF8 p=00/00/01 tgt=4162 irq=251 active=02 first=00 player=00 xy=8,80
BP_RESIDENT_RET_FROM_TARGET pc=C1E1 op=F308F1 sp=F370 stack=0644/6B68 p=00/00/01 tgt=53B4 irq=252 active=02 first=00 player=00 xy=8,80
BP_RESIDENT_RET_FROM_TARGET pc=C1E1 op=F308F1 sp=F36E stack=0644/6BF8 p=00/00/01 tgt=4162 irq=252 active=02 first=00 player=00 xy=8,80
BP_RESIDENT_RET_FROM_TARGET pc=C1E1 op=F308F1 sp=F370 stack=0644/6B68 p=00/00/01 tgt=53B4 irq=253 active=02 first=00 player=00 xy=8,80
BP_RESIDENT_RET_FROM_TARGET pc=C1E1 op=F308F1 sp=F36E stack=0644/6BF8 p=00/00/01 tgt=4162 irq=253 active=02 first=00 player=00 xy=8,80
BP_RESIDENT_RET_FROM_TARGET pc=C1E1 op=F308F1 sp=F370 stack=0644/6B68 p=00/00/01 tgt=53B4 irq=254 active=02 first=00 player=00 xy=8,80
BP_RESIDENT_RET_FROM_TARGET pc=C1E1 op=F308F1 sp=F36E stack=0644/6BF8 p=00/00/01 tgt=4162 irq=254 active=02 first=00 player=00 xy=8,80
BP_RESIDENT_RET_FROM_TARGET pc=C1E1 op=F308F1 sp=F370 stack=0644/6B68 p=00/00/01 tgt=53B4 irq=255 active=02 first=00 player=00 xy=8,80
BP_RESIDENT_RET_FROM_TARGET pc=C1E1 op=F308F1 sp=F36E stack=0644/6BF8 p=00/00/01 tgt=4162 irq=255 active=02 first=00 player=00 xy=8,80
BP_RESIDENT_RET_FROM_TARGET pc=C1E1 op=F308F1 sp=F370 stack=0644/6B68 p=00/00/01 tgt=53B4 irq=256 active=02 first=00 player=00 xy=8,80
BP_RESIDENT_RET_FROM_TARGET pc=C1E1 op=F308F1 sp=F36E stack=0644/6BF8 p=00/00/01 tgt=4162 irq=256 active=02 first=00 player=00 xy=8,80
BP_RESIDENT_RET_FROM_TARGET pc=C1E1 op=F308F1 sp=F370 stack=0644/6B68 p=00/00/01 tgt=53B4 irq=257 active=02 first=00 player=00 xy=8,80
BP_RESIDENT_RET_FROM_TARGET pc=C1E1 op=F308F1 sp=F36E stack=0644/6BF8 p=00/00/01 tgt=4162 irq=257 active=02 first=00 player=00 xy=8,80
BP_RESIDENT_RET_FROM_TARGET pc=C1E1 op=F308F1 sp=F370 stack=0644/6B68 p=00/00/01 tgt=53B4 irq=258 active=02 first=00 player=00 xy=8,80
BP_RESIDENT_RET_FROM_TARGET pc=C1E1 op=F308F1 sp=F36E stack=0644/6BF8 p=00/00/01 tgt=4162 irq=258 active=02 first=00 player=00 xy=8,80
BP_RESIDENT_RET_FROM_TARGET pc=C1E1 op=F308F1 sp=F370 stack=0644/6B68 p=00/00/01 tgt=53B4 irq=259 active=02 first=00 player=00 xy=8,80
BP_RESIDENT_RET_FROM_TARGET pc=C1E1 op=F308F1 sp=F36E stack=0644/6BF8 p=00/00/01 tgt=4162 irq=259 active=02 first=00 player=00 xy=8,80
BP_RESIDENT_RET_FROM_TARGET pc=C1E1 op=F308F1 sp=F370 stack=0644/6B68 p=00/00/01 tgt=53B4 irq=260 active=02 first=00 player=00 xy=8,80
BP_RESIDENT_RET_FROM_TARGET pc=C1E1 op=F308F1 sp=F36E stack=0644/6BF8 p=00/00/01 tgt=4162 irq=260 active=02 first=00 player=00 xy=8,80
BP_RESIDENT_RET_FROM_TARGET pc=C1E1 op=F308F1 sp=F370 stack=0644/6B68 p=00/00/01 tgt=53B4 irq=261 active=02 first=00 player=00 xy=8,80
BP_RESIDENT_RET_FROM_TARGET pc=C1E1 op=F308F1 sp=F36E stack=0644/6BF8 p=00/00/01 tgt=4162 irq=261 active=02 first=00 player=00 xy=8,80
BP_RESIDENT_RET_FROM_TARGET pc=C1E1 op=F308F1 sp=F370 stack=0644/6B68 p=00/00/01 tgt=53B4 irq=262 active=02 first=00 player=00 xy=8,80
BP_RESIDENT_RET_FROM_TARGET pc=C1E1 op=F308F1 sp=F36E stack=0644/6BF8 p=00/00/01 tgt=4162 irq=262 active=02 first=00 player=00 xy=8,80
BP_RESIDENT_RET_FROM_TARGET pc=C1E1 op=F308F1 sp=F370 stack=0644/6B68 p=00/00/01 tgt=53B4 irq=263 active=02 first=00 player=00 xy=8,80
BP_RESIDENT_RET_FROM_TARGET pc=C1E1 op=F308F1 sp=F36E stack=0644/6BF8 p=00/00/01 tgt=4162 irq=263 active=02 first=00 player=00 xy=8,80
BP_RESIDENT_RET_FROM_TARGET pc=C1E1 op=F308F1 sp=F370 stack=0644/6B68 p=00/00/01 tgt=53B4 irq=264 active=02 first=00 player=00 xy=8,80
BP_RESIDENT_RET_FROM_TARGET pc=C1E1 op=F308F1 sp=F36E stack=0644/6BF8 p=00/00/01 tgt=4162 irq=264 active=02 first=00 player=00 xy=8,80
BP_RESIDENT_RET_FROM_TARGET pc=C1E1 op=F308F1 sp=F370 stack=0644/6B68 p=00/00/01 tgt=53B4 irq=265 active=02 first=00 player=00 xy=8,80
BP_RESIDENT_RET_FROM_TARGET pc=C1E1 op=F308F1 sp=F36E stack=0644/6BF8 p=00/00/01 tgt=4162 irq=265 active=02 first=00 player=00 xy=8,80
BP_RESIDENT_RET_FROM_TARGET pc=C1E1 op=F308F1 sp=F370 stack=0644/6B68 p=00/00/01 tgt=53B4 irq=266 active=02 first=00 player=00 xy=8,80
BP_RESIDENT_RET_FROM_TARGET pc=C1E1 op=F308F1 sp=F36E stack=0644/6BF8 p=00/00/01 tgt=4162 irq=266 active=02 first=00 player=00 xy=8,80
BP_RESIDENT_RET_FROM_TARGET pc=C1E1 op=F308F1 sp=F370 stack=0644/6B68 p=00/00/01 tgt=53B4 irq=267 active=02 first=00 player=00 xy=8,80
BP_RESIDENT_RET_FROM_TARGET pc=C1E1 op=F308F1 sp=F36E stack=0644/6BF8 p=00/00/01 tgt=4162 irq=267 active=02 first=00 player=00 xy=8,80
BP_RESIDENT_RET_FROM_TARGET pc=C1E1 op=F308F1 sp=F370 stack=0644/6B68 p=00/00/01 tgt=53B4 irq=268 active=02 first=00 player=00 xy=8,80
BP_RESIDENT_RET_FROM_TARGET pc=C1E1 op=F308F1 sp=F36E stack=0644/6BF8 p=00/00/01 tgt=4162 irq=268 active=02 first=00 player=00 xy=8,80
BP_RESIDENT_RET_FROM_TARGET pc=C1E1 op=F308F1 sp=F370 stack=0644/6B68 p=00/00/01 tgt=53B4 irq=269 active=02 first=00 player=00 xy=8,80
BP_RESIDENT_RET_FROM_TARGET pc=C1E1 op=F308F1 sp=F36E stack=0644/6BF8 p=00/00/01 tgt=4162 irq=269 active=02 first=00 player=00 xy=8,80
BP_RESIDENT_RET_FROM_TARGET pc=C1E1 op=F308F1 sp=F370 stack=0644/6B68 p=00/00/01 tgt=53B4 irq=270 active=02 first=00 player=00 xy=8,80
BP_RESIDENT_RET_FROM_TARGET pc=C1E1 op=F308F1 sp=F36E stack=0644/6BF8 p=00/00/01 tgt=4162 irq=270 active=02 first=00 player=00 xy=8,80
BP_RESIDENT_RET_FROM_TARGET pc=C1E1 op=F308F1 sp=F370 stack=0644/6B68 p=00/00/01 tgt=53B4 irq=271 active=02 first=00 player=00 xy=8,80
BP_RESIDENT_RET_FROM_TARGET pc=C1E1 op=F308F1 sp=F36E stack=0644/6BF8 p=00/00/01 tgt=4162 irq=271 active=02 first=00 player=00 xy=8,80
BP_RESIDENT_RET_FROM_TARGET pc=C1E1 op=F308F1 sp=F370 stack=0644/6B68 p=00/00/01 tgt=53B4 irq=272 active=02 first=00 player=00 xy=8,80
BP_RESIDENT_RET_FROM_TARGET pc=C1E1 op=F308F1 sp=F36E stack=0644/6BF8 p=00/00/01 tgt=4162 irq=272 active=02 first=00 player=00 xy=8,80
BP_RESIDENT_RET_FROM_TARGET pc=C1E1 op=F308F1 sp=F370 stack=0644/6B68 p=00/00/01 tgt=53B4 irq=273 active=02 first=00 player=00 xy=8,80
BP_RESIDENT_RET_FROM_TARGET pc=C1E1 op=F308F1 sp=F36E stack=0644/6BF8 p=00/00/01 tgt=4162 irq=273 active=02 first=00 player=00 xy=8,80
BP_RESIDENT_RET_FROM_TARGET pc=C1E1 op=F308F1 sp=F370 stack=0644/6B68 p=00/00/01 tgt=53B4 irq=274 active=02 first=00 player=00 xy=8,80
BP_RESIDENT_RET_FROM_TARGET pc=C1E1 op=F308F1 sp=F36E stack=0644/6BF8 p=00/00/01 tgt=4162 irq=274 active=02 first=00 player=00 xy=8,80
BP_RESIDENT_RET_FROM_TARGET pc=C1E1 op=F308F1 sp=F370 stack=0644/6B68 p=00/00/01 tgt=53B4 irq=275 active=02 first=00 player=00 xy=8,80
BP_RESIDENT_RET_FROM_TARGET pc=C1E1 op=F308F1 sp=F36E stack=0644/6BF8 p=00/00/01 tgt=4162 irq=275 active=02 first=00 player=00 xy=8,80
BP_RESIDENT_RET_FROM_TARGET pc=C1E1 op=F308F1 sp=F370 stack=0644/6B68 p=00/00/01 tgt=53B4 irq=276 active=02 first=00 player=00 xy=8,80
BP_RESIDENT_RET_FROM_TARGET pc=C1E1 op=F308F1 sp=F36E stack=0644/6BF8 p=00/00/01 tgt=4162 irq=276 active=02 first=00 player=00 xy=8,80
BP_RESIDENT_RET_FROM_TARGET pc=C1E1 op=F308F1 sp=F370 stack=0644/6B68 p=00/00/01 tgt=53B4 irq=277 active=02 first=00 player=00 xy=8,80
BP_RESIDENT_RET_FROM_TARGET pc=C1E1 op=F308F1 sp=F36E stack=0644/6BF8 p=00/00/01 tgt=4162 irq=277 active=02 first=00 player=00 xy=8,80
BP_RESIDENT_RET_FROM_TARGET pc=C1E1 op=F308F1 sp=F370 stack=0644/6B68 p=00/00/01 tgt=53B4 irq=278 active=02 first=00 player=00 xy=8,80
BP_RESIDENT_RET_FROM_TARGET pc=C1E1 op=F308F1 sp=F36E stack=0644/6BF8 p=00/00/01 tgt=4162 irq=278 active=02 first=00 player=00 xy=8,80
BP_RESIDENT_RET_FROM_TARGET pc=C1E1 op=F308F1 sp=F370 stack=0644/6B68 p=00/00/01 tgt=53B4 irq=279 active=02 first=00 player=00 xy=8,80
BP_RESIDENT_RET_FROM_TARGET pc=C1E1 op=F308F1 sp=F36E stack=0644/6BF8 p=00/00/01 tgt=4162 irq=279 active=02 first=00 player=00 xy=8,80
BP_RESIDENT_RET_FROM_TARGET pc=C1E1 op=F308F1 sp=F370 stack=0644/6B68 p=00/00/01 tgt=53B4 irq=280 active=02 first=00 player=00 xy=8,80
BP_RESIDENT_RET_FROM_TARGET pc=C1E1 op=F308F1 sp=F36E stack=0644/6BF8 p=00/00/01 tgt=4162 irq=280 active=02 first=00 player=00 xy=8,80
BP_RESIDENT_RET_FROM_TARGET pc=C1E1 op=F308F1 sp=F370 stack=0644/6B68 p=00/00/01 tgt=53B4 irq=281 active=02 first=00 player=00 xy=8,80
BP_RESIDENT_RET_FROM_TARGET pc=C1E1 op=F308F1 sp=F36E stack=0644/6BF8 p=00/00/01 tgt=4162 irq=281 active=02 first=00 player=00 xy=8,80
BP_RESIDENT_RET_FROM_TARGET pc=C1E1 op=F308F1 sp=F370 stack=0644/6B68 p=00/00/01 tgt=53B4 irq=282 active=02 first=00 player=00 xy=8,80
BP_RESIDENT_RET_FROM_TARGET pc=C1E1 op=F308F1 sp=F36E stack=0644/6BF8 p=00/00/01 tgt=4162 irq=282 active=02 first=00 player=00 xy=8,80
BP_RESIDENT_RET_FROM_TARGET pc=C1E1 op=F308F1 sp=F370 stack=0644/6B68 p=00/00/01 tgt=53B4 irq=283 active=02 first=00 player=00 xy=8,80
BP_RESIDENT_RET_FROM_TARGET pc=C1E1 op=F308F1 sp=F36E stack=0644/6BF8 p=00/00/01 tgt=4162 irq=283 active=02 first=00 player=00 xy=8,80
BP_RESIDENT_RET_FROM_TARGET pc=C1E1 op=F308F1 sp=F370 stack=0644/6B68 p=00/00/01 tgt=53B4 irq=284 active=02 first=00 player=00 xy=8,80
BP_RESIDENT_RET_FROM_TARGET pc=C1E1 op=F308F1 sp=F36E stack=0644/6BF8 p=00/00/01 tgt=4162 irq=284 active=02 first=00 player=00 xy=8,80
BP_RESIDENT_RET_FROM_TARGET pc=C1E1 op=F308F1 sp=F370 stack=0644/6B68 p=00/00/01 tgt=53B4 irq=285 active=02 first=00 player=00 xy=8,80
BP_RESIDENT_RET_FROM_TARGET pc=C1E1 op=F308F1 sp=F36E stack=0644/6BF8 p=00/00/01 tgt=4162 irq=285 active=02 first=00 player=00 xy=8,80
BP_RESIDENT_RET_FROM_TARGET pc=C1E1 op=F308F1 sp=F370 stack=0644/6B68 p=00/00/01 tgt=53B4 irq=286 active=02 first=00 player=00 xy=8,80
BP_RESIDENT_RET_FROM_TARGET pc=C1E1 op=F308F1 sp=F36E stack=0644/6BF8 p=00/00/01 tgt=4162 irq=286 active=02 first=00 player=00 xy=8,80
BP_RESIDENT_RET_FROM_TARGET pc=C1E1 op=F308F1 sp=F370 stack=0644/6B68 p=00/00/01 tgt=53B4 irq=287 active=02 first=00 player=00 xy=8,80
BP_RESIDENT_RET_FROM_TARGET pc=C1E1 op=F308F1 sp=F36E stack=0644/6BF8 p=00/00/01 tgt=4162 irq=287 active=02 first=00 player=00 xy=8,80
BP_RESIDENT_RET_FROM_TARGET pc=C1E1 op=F308F1 sp=F370 stack=0644/6B68 p=00/00/01 tgt=53B4 irq=288 active=02 first=00 player=00 xy=8,80
BP_RESIDENT_RET_FROM_TARGET pc=C1E1 op=F308F1 sp=F36E stack=0644/6BF8 p=00/00/01 tgt=4162 irq=288 active=02 first=00 player=00 xy=8,80
BP_RESIDENT_RET_FROM_TARGET pc=C1E1 op=F308F1 sp=F370 stack=0644/6B68 p=00/00/01 tgt=53B4 irq=289 active=02 first=00 player=00 xy=8,80
BP_RESIDENT_RET_FROM_TARGET pc=C1E1 op=F308F1 sp=F36E stack=0644/6BF8 p=00/00/01 tgt=4162 irq=289 active=02 first=00 player=00 xy=8,80
BP_RESIDENT_RET_FROM_TARGET pc=C1E1 op=F308F1 sp=F370 stack=0644/6B68 p=00/00/01 tgt=53B4 irq=290 active=02 first=00 player=00 xy=8,80
BP_RESIDENT_RET_FROM_TARGET pc=C1E1 op=F308F1 sp=F36E stack=0644/6BF8 p=00/00/01 tgt=4162 irq=290 active=02 first=00 player=00 xy=8,80
BP_RESIDENT_RET_FROM_TARGET pc=C1E1 op=F308F1 sp=F370 stack=0644/6B68 p=00/00/01 tgt=53B4 irq=291 active=02 first=00 player=00 xy=8,80
BP_RESIDENT_RET_FROM_TARGET pc=C1E1 op=F308F1 sp=F36E stack=0644/6BF8 p=00/00/01 tgt=4162 irq=291 active=02 first=00 player=00 xy=8,80
BP_RESIDENT_RET_FROM_TARGET pc=C1E1 op=F308F1 sp=F370 stack=0644/6B68 p=00/00/01 tgt=53B4 irq=292 active=02 first=00 player=00 xy=8,80
BP_RESIDENT_RET_FROM_TARGET pc=C1E1 op=F308F1 sp=F36E stack=0644/6BF8 p=00/00/01 tgt=4162 irq=292 active=02 first=00 player=00 xy=8,80
BP_RESIDENT_RET_FROM_TARGET pc=C1E1 op=F308F1 sp=F370 stack=0644/6B68 p=00/00/01 tgt=53B4 irq=293 active=02 first=00 player=00 xy=8,80
BP_RESIDENT_RET_FROM_TARGET pc=C1E1 op=F308F1 sp=F36E stack=0644/6BF8 p=00/00/01 tgt=4162 irq=293 active=02 first=00 player=00 xy=8,80
BP_RESIDENT_RET_FROM_TARGET pc=C1E1 op=F308F1 sp=F370 stack=0644/6B68 p=00/00/01 tgt=53B4 irq=294 active=02 first=00 player=00 xy=8,80
BP_RESIDENT_RET_FROM_TARGET pc=C1E1 op=F308F1 sp=F36E stack=0644/6BF8 p=00/00/01 tgt=4162 irq=294 active=02 first=00 player=00 xy=8,80
BP_RESIDENT_RET_FROM_TARGET pc=C1E1 op=F308F1 sp=F370 stack=0644/6B68 p=00/00/01 tgt=53B4 irq=295 active=02 first=00 player=00 xy=8,80
BP_RESIDENT_RET_FROM_TARGET pc=C1E1 op=F308F1 sp=F36E stack=0644/6BF8 p=00/00/01 tgt=4162 irq=295 active=02 first=00 player=00 xy=8,80
BP_RESIDENT_RET_FROM_TARGET pc=C1E1 op=F308F1 sp=F370 stack=0644/6B68 p=00/00/01 tgt=53B4 irq=296 active=02 first=00 player=00 xy=8,80
BP_RESIDENT_RET_FROM_TARGET pc=C1E1 op=F308F1 sp=F36E stack=0644/6BF8 p=00/00/01 tgt=4162 irq=296 active=02 first=00 player=00 xy=8,80
BP_RESIDENT_RET_FROM_TARGET pc=C1E1 op=F308F1 sp=F370 stack=0644/6B68 p=00/00/01 tgt=53B4 irq=297 active=02 first=00 player=00 xy=8,80
BP_RESIDENT_RET_FROM_TARGET pc=C1E1 op=F308F1 sp=F36E stack=0644/6BF8 p=00/00/01 tgt=4162 irq=297 active=02 first=00 player=00 xy=8,80
BP_RESIDENT_RET_FROM_TARGET pc=C1E1 op=F308F1 sp=F370 stack=0644/6B68 p=00/00/01 tgt=53B4 irq=298 active=02 first=00 player=00 xy=8,80
BP_RESIDENT_RET_FROM_TARGET pc=C1E1 op=F308F1 sp=F36E stack=0644/6BF8 p=00/00/01 tgt=4162 irq=298 active=02 first=00 player=00 xy=8,80
BP_RESIDENT_RET_FROM_TARGET pc=C1E1 op=F308F1 sp=F370 stack=0644/6B68 p=00/00/01 tgt=53B4 irq=299 active=02 first=00 player=00 xy=8,80
BP_RESIDENT_RET_FROM_TARGET pc=C1E1 op=F308F1 sp=F36E stack=0644/6BF8 p=00/00/01 tgt=4162 irq=299 active=02 first=00 player=00 xy=8,80
BP_RESIDENT_RET_FROM_TARGET pc=C1E1 op=F308F1 sp=F370 stack=0644/6B68 p=00/00/01 tgt=53B4 irq=300 active=02 first=00 player=00 xy=8,80
BP_RESIDENT_RET_FROM_TARGET pc=C1E1 op=F308F1 sp=F36E stack=0644/6BF8 p=00/00/01 tgt=4162 irq=300 active=02 first=00 player=00 xy=8,80
BP_RESIDENT_RET_FROM_TARGET pc=C1E1 op=F308F1 sp=F370 stack=0644/6B68 p=00/00/01 tgt=53B4 irq=301 active=02 first=00 player=00 xy=8,80
BP_RESIDENT_RET_FROM_TARGET pc=C1E1 op=F308F1 sp=F36E stack=0644/6BF8 p=00/00/01 tgt=4162 irq=301 active=02 first=00 player=00 xy=8,80
BP_RESIDENT_RET_FROM_TARGET pc=C1E1 op=F308F1 sp=F370 stack=0644/6B68 p=00/00/01 tgt=53B4 irq=302 active=02 first=00 player=00 xy=8,80
BP_RESIDENT_RET_FROM_TARGET pc=C1E1 op=F308F1 sp=F36E stack=0644/6BF8 p=00/00/01 tgt=4162 irq=302 active=02 first=00 player=00 xy=8,80
BP_RESIDENT_RET_FROM_TARGET pc=C1E1 op=F308F1 sp=F370 stack=0644/6B68 p=00/00/01 tgt=53B4 irq=303 active=02 first=00 player=00 xy=8,80
BP_RESIDENT_RET_FROM_TARGET pc=C1E1 op=F308F1 sp=F36E stack=0644/6BF8 p=00/00/01 tgt=4162 irq=303 active=02 first=00 player=00 xy=8,80
BP_RESIDENT_RET_FROM_TARGET pc=C1E1 op=F308F1 sp=F370 stack=0644/6B68 p=00/00/01 tgt=53B4 irq=304 active=02 first=00 player=00 xy=8,80
BP_RESIDENT_RET_FROM_TARGET pc=C1E1 op=F308F1 sp=F36E stack=0644/6BF8 p=00/00/01 tgt=4162 irq=304 active=02 first=00 player=00 xy=8,80
BP_RESIDENT_RET_FROM_TARGET pc=C1E1 op=F308F1 sp=F370 stack=0644/6B68 p=00/00/01 tgt=53B4 irq=305 active=02 first=00 player=00 xy=8,80
BP_RESIDENT_RET_FROM_TARGET pc=C1E1 op=F308F1 sp=F36E stack=0644/6BF8 p=00/00/01 tgt=4162 irq=305 active=02 first=00 player=00 xy=8,80
BP_RESIDENT_RET_FROM_TARGET pc=C1E1 op=F308F1 sp=F370 stack=0644/6B68 p=00/00/01 tgt=53B4 irq=306 active=02 first=00 player=00 xy=8,80
BP_RESIDENT_RET_FROM_TARGET pc=C1E1 op=F308F1 sp=F36E stack=0644/6BF8 p=00/00/01 tgt=4162 irq=306 active=02 first=00 player=00 xy=8,80
BP_RESIDENT_RET_FROM_TARGET pc=C1E1 op=F308F1 sp=F370 stack=0644/6B68 p=00/00/01 tgt=53B4 irq=307 active=02 first=00 player=00 xy=8,80
BP_RESIDENT_RET_FROM_TARGET pc=C1E1 op=F308F1 sp=F36E stack=0644/6BF8 p=00/00/01 tgt=4162 irq=307 active=02 first=00 player=00 xy=8,80
BP_RESIDENT_RET_FROM_TARGET pc=C1E1 op=F308F1 sp=F370 stack=0644/6B68 p=00/00/01 tgt=53B4 irq=308 active=02 first=00 player=00 xy=8,80
BP_RESIDENT_RET_FROM_TARGET pc=C1E1 op=F308F1 sp=F36E stack=0644/6BF8 p=00/00/01 tgt=4162 irq=308 active=02 first=00 player=00 xy=8,80
BP_RESIDENT_RET_FROM_TARGET pc=C1E1 op=F308F1 sp=F370 stack=0644/6B68 p=00/00/01 tgt=53B4 irq=309 active=02 first=00 player=00 xy=8,80
BP_RESIDENT_RET_FROM_TARGET pc=C1E1 op=F308F1 sp=F36E stack=0644/6BF8 p=00/00/01 tgt=4162 irq=309 active=02 first=00 player=00 xy=8,80
BP_RESIDENT_RET_FROM_TARGET pc=C1E1 op=F308F1 sp=F370 stack=0644/6B68 p=00/00/01 tgt=53B4 irq=310 active=02 first=00 player=00 xy=8,80
BP_RESIDENT_RET_FROM_TARGET pc=C1E1 op=F308F1 sp=F36E stack=0644/6BF8 p=00/00/01 tgt=4162 irq=310 active=02 first=00 player=00 xy=8,80
BP_RESIDENT_RET_FROM_TARGET pc=C1E1 op=F308F1 sp=F370 stack=0644/6B68 p=00/00/01 tgt=53B4 irq=311 active=02 first=00 player=00 xy=8,80
BP_RESIDENT_RET_FROM_TARGET pc=C1E1 op=F308F1 sp=F36E stack=0644/6BF8 p=00/00/01 tgt=4162 irq=311 active=02 first=00 player=00 xy=8,80
BP_RESIDENT_RET_FROM_TARGET pc=C1E1 op=F308F1 sp=F370 stack=0644/6B68 p=00/00/01 tgt=53B4 irq=312 active=02 first=00 player=00 xy=8,80
BP_RESIDENT_RET_FROM_TARGET pc=C1E1 op=F308F1 sp=F36E stack=0644/6BF8 p=00/00/01 tgt=4162 irq=312 active=02 first=00 player=00 xy=8,80
BP_RESIDENT_RET_FROM_TARGET pc=C1E1 op=F308F1 sp=F370 stack=0644/6B68 p=00/00/01 tgt=53B4 irq=313 active=02 first=00 player=00 xy=8,80
BP_RESIDENT_RET_FROM_TARGET pc=C1E1 op=F308F1 sp=F36E stack=0644/6BF8 p=00/00/01 tgt=4162 irq=313 active=02 first=00 player=00 xy=8,80
BP_RESIDENT_RET_FROM_TARGET pc=C1E1 op=F308F1 sp=F370 stack=0644/6B68 p=00/00/01 tgt=53B4 irq=314 active=02 first=00 player=00 xy=8,80
BP_RESIDENT_RET_FROM_TARGET pc=C1E1 op=F308F1 sp=F36E stack=0644/6BF8 p=00/00/01 tgt=4162 irq=314 active=02 first=00 player=00 xy=8,80
BP_RESIDENT_RET_FROM_TARGET pc=C1E1 op=F308F1 sp=F370 stack=0644/6B68 p=00/00/01 tgt=53B4 irq=315 active=02 first=00 player=00 xy=8,80
BP_RESIDENT_RET_FROM_TARGET pc=C1E1 op=F308F1 sp=F36E stack=0644/6BF8 p=00/00/01 tgt=4162 irq=315 active=02 first=00 player=00 xy=8,80
BP_RESIDENT_RET_FROM_TARGET pc=C1E1 op=F308F1 sp=F370 stack=0644/6B68 p=00/00/01 tgt=53B4 irq=316 active=02 first=00 player=00 xy=8,80
BP_RESIDENT_RET_FROM_TARGET pc=C1E1 op=F308F1 sp=F36E stack=0644/6BF8 p=00/00/01 tgt=4162 irq=316 active=02 first=00 player=00 xy=8,80
BP_RESIDENT_RET_FROM_TARGET pc=C1E1 op=F308F1 sp=F370 stack=0644/6B68 p=00/00/01 tgt=53B4 irq=317 active=02 first=00 player=00 xy=8,80
BP_RESIDENT_RET_FROM_TARGET pc=C1E1 op=F308F1 sp=F36E stack=0644/6BF8 p=00/00/01 tgt=4162 irq=317 active=02 first=00 player=00 xy=8,80
BP_RESIDENT_RET_FROM_TARGET pc=C1E1 op=F308F1 sp=F370 stack=0644/6B68 p=00/00/01 tgt=53B4 irq=318 active=02 first=00 player=00 xy=8,80
BP_RESIDENT_RET_FROM_TARGET pc=C1E1 op=F308F1 sp=F36E stack=0644/6BF8 p=00/00/01 tgt=4162 irq=318 active=02 first=00 player=00 xy=8,80
BP_RESIDENT_RET_FROM_TARGET pc=C1E1 op=F308F1 sp=F370 stack=0644/6B68 p=00/00/01 tgt=53B4 irq=319 active=02 first=00 player=00 xy=8,80
BP_RESIDENT_RET_FROM_TARGET pc=C1E1 op=F308F1 sp=F36E stack=0644/6BF8 p=00/00/01 tgt=4162 irq=319 active=02 first=00 player=00 xy=8,80
BP_RESIDENT_RET_FROM_TARGET pc=C1E1 op=F308F1 sp=F370 stack=0644/6B68 p=00/00/01 tgt=53B4 irq=320 active=02 first=00 player=00 xy=8,80
BP_RESIDENT_RET_FROM_TARGET pc=C1E1 op=F308F1 sp=F36E stack=0644/6BF8 p=00/00/01 tgt=4162 irq=320 active=02 first=00 player=00 xy=8,80
BP_RESIDENT_RET_FROM_TARGET pc=C1E1 op=F308F1 sp=F370 stack=0644/6B68 p=00/00/01 tgt=53B4 irq=321 active=02 first=00 player=00 xy=8,80
BP_RESIDENT_RET_FROM_TARGET pc=C1E1 op=F308F1 sp=F36E stack=0644/6BF8 p=00/00/01 tgt=4162 irq=321 active=02 first=00 player=00 xy=8,80
BP_RESIDENT_RET_FROM_TARGET pc=C1E1 op=F308F1 sp=F370 stack=0644/6B68 p=00/00/01 tgt=53B4 irq=322 active=02 first=00 player=00 xy=8,80
BP_RESIDENT_RET_FROM_TARGET pc=C1E1 op=F308F1 sp=F36E stack=0644/6BF8 p=00/00/01 tgt=4162 irq=322 active=02 first=00 player=00 xy=8,80
BP_RESIDENT_RET_FROM_TARGET pc=C1E1 op=F308F1 sp=F370 stack=0644/6B68 p=00/00/01 tgt=53B4 irq=323 active=02 first=00 player=00 xy=8,80
BP_RESIDENT_RET_FROM_TARGET pc=C1E1 op=F308F1 sp=F36E stack=0644/6BF8 p=00/00/01 tgt=4162 irq=323 active=02 first=00 player=00 xy=8,80
BP_RESIDENT_RET_FROM_TARGET pc=C1E1 op=F308F1 sp=F370 stack=0644/6B68 p=00/00/01 tgt=53B4 irq=324 active=02 first=00 player=00 xy=8,80
BP_RESIDENT_RET_FROM_TARGET pc=C1E1 op=F308F1 sp=F36E stack=0644/6BF8 p=00/00/01 tgt=4162 irq=324 active=02 first=00 player=00 xy=8,80
BP_RESIDENT_RET_FROM_TARGET pc=C1E1 op=F308F1 sp=F370 stack=0644/6B68 p=00/00/01 tgt=53B4 irq=325 active=02 first=00 player=00 xy=8,80
BP_RESIDENT_RET_FROM_TARGET pc=C1E1 op=F308F1 sp=F36E stack=0644/6BF8 p=00/00/01 tgt=4162 irq=325 active=02 first=00 player=00 xy=8,80
BP_RESIDENT_RET_FROM_TARGET pc=C1E1 op=F308F1 sp=F370 stack=0644/6B68 p=00/00/01 tgt=53B4 irq=326 active=02 first=00 player=00 xy=8,80
BP_RESIDENT_RET_FROM_TARGET pc=C1E1 op=F308F1 sp=F36E stack=0644/6BF8 p=00/00/01 tgt=4162 irq=326 active=02 first=00 player=00 xy=8,80
BP_RESIDENT_RET_FROM_TARGET pc=C1E1 op=F308F1 sp=F370 stack=0644/6B68 p=00/00/01 tgt=53B4 irq=327 active=02 first=00 player=00 xy=8,80
BP_RESIDENT_RET_FROM_TARGET pc=C1E1 op=F308F1 sp=F36E stack=0644/6BF8 p=00/00/01 tgt=4162 irq=327 active=02 first=00 player=00 xy=8,80
BP_RESIDENT_RET_FROM_TARGET pc=C1E1 op=F308F1 sp=F370 stack=0644/6B68 p=00/00/01 tgt=53B4 irq=328 active=02 first=00 player=00 xy=8,80
BP_RESIDENT_RET_FROM_TARGET pc=C1E1 op=F308F1 sp=F36E stack=0644/6BF8 p=00/00/01 tgt=4162 irq=328 active=02 first=00 player=00 xy=8,80
BP_RESIDENT_RET_FROM_TARGET pc=C1E1 op=F308F1 sp=F370 stack=0644/6B68 p=00/00/01 tgt=53B4 irq=329 active=02 first=00 player=00 xy=8,80
BP_RESIDENT_RET_FROM_TARGET pc=C1E1 op=F308F1 sp=F36E stack=0644/6BF8 p=00/00/01 tgt=4162 irq=329 active=02 first=00 player=00 xy=8,80
BP_RESIDENT_RET_FROM_TARGET pc=C1E1 op=F308F1 sp=F370 stack=0644/6B68 p=00/00/01 tgt=53B4 irq=330 active=02 first=00 player=00 xy=8,80
BP_RESIDENT_RET_FROM_TARGET pc=C1E1 op=F308F1 sp=F36E stack=0644/6BF8 p=00/00/01 tgt=4162 irq=330 active=02 first=00 player=00 xy=8,80
BP_RESIDENT_RET_FROM_TARGET pc=C1E1 op=F308F1 sp=F370 stack=0644/6B68 p=00/00/01 tgt=53B4 irq=331 active=02 first=00 player=00 xy=8,80
BP_RESIDENT_RET_FROM_TARGET pc=C1E1 op=F308F1 sp=F36E stack=0644/6BF8 p=00/00/01 tgt=4162 irq=331 active=02 first=00 player=00 xy=8,80
BP_RESIDENT_RET_FROM_TARGET pc=C1E1 op=F308F1 sp=F370 stack=0644/6B68 p=00/00/01 tgt=53B4 irq=332 active=02 first=00 player=00 xy=8,80
BP_RESIDENT_RET_FROM_TARGET pc=C1E1 op=F308F1 sp=F36E stack=0644/6BF8 p=00/00/01 tgt=4162 irq=332 active=02 first=00 player=00 xy=8,80
BP_RESIDENT_RET_FROM_TARGET pc=C1E1 op=F308F1 sp=F370 stack=0644/6B68 p=00/00/01 tgt=53B4 irq=333 active=02 first=00 player=00 xy=8,80
BP_RESIDENT_RET_FROM_TARGET pc=C1E1 op=F308F1 sp=F36E stack=0644/6BF8 p=00/00/01 tgt=4162 irq=333 active=02 first=00 player=00 xy=8,80
BP_RESIDENT_RET_FROM_TARGET pc=C1E1 op=F308F1 sp=F370 stack=0644/6B68 p=00/00/01 tgt=53B4 irq=334 active=02 first=00 player=00 xy=8,80
BP_RESIDENT_RET_FROM_TARGET pc=C1E1 op=F308F1 sp=F36E stack=0644/6BF8 p=00/00/01 tgt=4162 irq=334 active=02 first=00 player=00 xy=8,80
BP_RESIDENT_RET_FROM_TARGET pc=C1E1 op=F308F1 sp=F370 stack=0644/6B68 p=00/00/01 tgt=53B4 irq=335 active=02 first=00 player=00 xy=8,80
BP_RESIDENT_RET_FROM_TARGET pc=C1E1 op=F308F1 sp=F36E stack=0644/6BF8 p=00/00/01 tgt=4162 irq=335 active=02 first=00 player=00 xy=8,80
BP_RESIDENT_RET_FROM_TARGET pc=C1E1 op=F308F1 sp=F370 stack=0644/6B68 p=00/00/01 tgt=53B4 irq=336 active=02 first=00 player=00 xy=8,80
BP_RESIDENT_RET_FROM_TARGET pc=C1E1 op=F308F1 sp=F36E stack=0644/6BF8 p=00/00/01 tgt=4162 irq=336 active=02 first=00 player=00 xy=8,80
BP_RESIDENT_RET_FROM_TARGET pc=C1E1 op=F308F1 sp=F370 stack=0644/6B68 p=00/00/01 tgt=53B4 irq=337 active=02 first=00 player=00 xy=8,80
BP_RESIDENT_RET_FROM_TARGET pc=C1E1 op=F308F1 sp=F36E stack=0644/6BF8 p=00/00/01 tgt=4162 irq=337 active=02 first=00 player=00 xy=8,80
BP_RESIDENT_RET_FROM_TARGET pc=C1E1 op=F308F1 sp=F370 stack=0644/6B68 p=00/00/01 tgt=53B4 irq=338 active=02 first=00 player=00 xy=8,80
BP_RESIDENT_RET_FROM_TARGET pc=C1E1 op=F308F1 sp=F36E stack=0644/6BF8 p=00/00/01 tgt=4162 irq=338 active=02 first=00 player=00 xy=8,80
BP_RESIDENT_RET_FROM_TARGET pc=C1E1 op=F308F1 sp=F370 stack=0644/6B68 p=00/00/01 tgt=53B4 irq=339 active=02 first=00 player=00 xy=8,80
BP_RESIDENT_RET_FROM_TARGET pc=C1E1 op=F308F1 sp=F36E stack=0644/6BF8 p=00/00/01 tgt=4162 irq=339 active=02 first=00 player=00 xy=8,80
BP_RESIDENT_RET_FROM_TARGET pc=C1E1 op=F308F1 sp=F370 stack=0644/6B68 p=00/00/01 tgt=53B4 irq=340 active=02 first=00 player=00 xy=8,80
BP_RESIDENT_RET_FROM_TARGET pc=C1E1 op=F308F1 sp=F36E stack=0644/6BF8 p=00/00/01 tgt=4162 irq=340 active=02 first=00 player=00 xy=8,80
BP_RESIDENT_RET_FROM_TARGET pc=C1E1 op=F308F1 sp=F370 stack=0644/6B68 p=00/00/01 tgt=53B4 irq=341 active=02 first=00 player=00 xy=8,80
BP_RESIDENT_RET_FROM_TARGET pc=C1E1 op=F308F1 sp=F36E stack=0644/6BF8 p=00/00/01 tgt=4162 irq=341 active=02 first=00 player=00 xy=8,80
BP_RESIDENT_RET_FROM_TARGET pc=C1E1 op=F308F1 sp=F370 stack=0644/6B68 p=00/00/01 tgt=53B4 irq=342 active=02 first=00 player=00 xy=8,80
BP_RESIDENT_RET_FROM_TARGET pc=C1E1 op=F308F1 sp=F36E stack=0644/6BF8 p=00/00/01 tgt=4162 irq=342 active=02 first=00 player=00 xy=8,80
BP_RESIDENT_RET_FROM_TARGET pc=C1E1 op=F308F1 sp=F370 stack=0644/6B68 p=00/00/01 tgt=53B4 irq=343 active=02 first=00 player=00 xy=8,80
BP_RESIDENT_RET_FROM_TARGET pc=C1E1 op=F308F1 sp=F36E stack=0644/6BF8 p=00/00/01 tgt=4162 irq=343 active=02 first=00 player=00 xy=8,80
BP_RESIDENT_RET_FROM_TARGET pc=C1E1 op=F308F1 sp=F370 stack=0644/6B68 p=00/00/01 tgt=53B4 irq=344 active=02 first=00 player=00 xy=8,80
BP_RESIDENT_RET_FROM_TARGET pc=C1E1 op=F308F1 sp=F36E stack=0644/6BF8 p=00/00/01 tgt=4162 irq=344 active=02 first=00 player=00 xy=8,80
BP_RESIDENT_RET_FROM_TARGET pc=C1E1 op=F308F1 sp=F370 stack=0644/6B68 p=00/00/01 tgt=53B4 irq=345 active=02 first=00 player=00 xy=8,80
BP_RESIDENT_RET_FROM_TARGET pc=C1E1 op=F308F1 sp=F36E stack=0644/6BF8 p=00/00/01 tgt=4162 irq=345 active=02 first=00 player=00 xy=8,80
BP_RESIDENT_RET_FROM_TARGET pc=C1E1 op=F308F1 sp=F370 stack=0644/6B68 p=00/00/01 tgt=53B4 irq=346 active=02 first=00 player=00 xy=8,80
BP_RESIDENT_RET_FROM_TARGET pc=C1E1 op=F308F1 sp=F36E stack=0644/6BF8 p=00/00/01 tgt=4162 irq=346 active=02 first=00 player=00 xy=8,80
BP_RESIDENT_RET_FROM_TARGET pc=C1E1 op=F308F1 sp=F370 stack=0644/6B68 p=00/00/01 tgt=53B4 irq=347 active=02 first=00 player=00 xy=8,80
BP_RESIDENT_RET_FROM_TARGET pc=C1E1 op=F308F1 sp=F36E stack=0644/6BF8 p=00/00/01 tgt=4162 irq=347 active=02 first=00 player=00 xy=8,80
BP_RESIDENT_RET_FROM_TARGET pc=C1E1 op=F308F1 sp=F370 stack=0644/6B68 p=00/00/01 tgt=53B4 irq=348 active=02 first=00 player=00 xy=8,80
BP_RESIDENT_RET_FROM_TARGET pc=C1E1 op=F308F1 sp=F36E stack=0644/6BF8 p=00/00/01 tgt=4162 irq=348 active=02 first=00 player=00 xy=8,80
BP_RESIDENT_RET_FROM_TARGET pc=C1E1 op=F308F1 sp=F370 stack=0644/6B68 p=00/00/01 tgt=53B4 irq=349 active=02 first=00 player=00 xy=8,80
BP_RESIDENT_RET_FROM_TARGET pc=C1E1 op=F308F1 sp=F36E stack=0644/6BF8 p=00/00/01 tgt=4162 irq=349 active=02 first=00 player=00 xy=8,80
BP_RESIDENT_RET_FROM_TARGET pc=C1E1 op=F308F1 sp=F370 stack=0644/6B68 p=00/00/01 tgt=53B4 irq=350 active=02 first=00 player=00 xy=8,80
BP_RESIDENT_RET_FROM_TARGET pc=C1E1 op=F308F1 sp=F36E stack=0644/6BF8 p=00/00/01 tgt=4162 irq=350 active=02 first=00 player=00 xy=8,80
BP_RESIDENT_RET_FROM_TARGET pc=C1E1 op=F308F1 sp=F370 stack=0644/6B68 p=00/00/01 tgt=53B4 irq=351 active=02 first=00 player=00 xy=8,80
BP_RESIDENT_RET_FROM_TARGET pc=C1E1 op=F308F1 sp=F36E stack=0644/6BF8 p=00/00/01 tgt=4162 irq=351 active=02 first=00 player=00 xy=8,80
BP_RESIDENT_RET_FROM_TARGET pc=C1E1 op=F308F1 sp=F370 stack=0644/6B68 p=00/00/01 tgt=53B4 irq=352 active=02 first=00 player=00 xy=8,80
BP_RESIDENT_RET_FROM_TARGET pc=C1E1 op=F308F1 sp=F36E stack=0644/6BF8 p=00/00/01 tgt=4162 irq=352 active=02 first=00 player=00 xy=8,80
BP_RESIDENT_RET_FROM_TARGET pc=C1E1 op=F308F1 sp=F370 stack=0644/6B68 p=00/00/01 tgt=53B4 irq=353 active=02 first=00 player=00 xy=8,80
BP_RESIDENT_RET_FROM_TARGET pc=C1E1 op=F308F1 sp=F36E stack=0644/6BF8 p=00/00/01 tgt=4162 irq=353 active=02 first=00 player=00 xy=8,80
BP_RESIDENT_RET_FROM_TARGET pc=C1E1 op=F308F1 sp=F370 stack=0644/6B68 p=00/00/01 tgt=53B4 irq=354 active=02 first=00 player=00 xy=8,80
BP_RESIDENT_RET_FROM_TARGET pc=C1E1 op=F308F1 sp=F36E stack=0644/6BF8 p=00/00/01 tgt=4162 irq=354 active=02 first=00 player=00 xy=8,80
BP_RESIDENT_RET_FROM_TARGET pc=C1E1 op=F308F1 sp=F370 stack=0644/6B68 p=00/00/01 tgt=53B4 irq=355 active=02 first=00 player=00 xy=8,80
BP_RESIDENT_RET_FROM_TARGET pc=C1E1 op=F308F1 sp=F36E stack=0644/6BF8 p=00/00/01 tgt=4162 irq=355 active=02 first=00 player=00 xy=8,80
BP_RESIDENT_RET_FROM_TARGET pc=C1E1 op=F308F1 sp=F370 stack=0644/6B68 p=00/00/01 tgt=53B4 irq=356 active=02 first=00 player=00 xy=8,80
BP_RESIDENT_RET_FROM_TARGET pc=C1E1 op=F308F1 sp=F36E stack=0644/6BF8 p=00/00/01 tgt=4162 irq=356 active=02 first=00 player=00 xy=8,80
BP_RESIDENT_RET_FROM_TARGET pc=C1E1 op=F308F1 sp=F370 stack=0644/6B68 p=00/00/01 tgt=53B4 irq=357 active=02 first=00 player=00 xy=8,80
BP_RESIDENT_RET_FROM_TARGET pc=C1E1 op=F308F1 sp=F36E stack=0644/6BF8 p=00/00/01 tgt=4162 irq=357 active=02 first=00 player=00 xy=8,80
BP_RESIDENT_RET_FROM_TARGET pc=C1E1 op=F308F1 sp=F370 stack=0644/6B68 p=00/00/01 tgt=53B4 irq=358 active=02 first=00 player=00 xy=8,80
BP_RESIDENT_RET_FROM_TARGET pc=C1E1 op=F308F1 sp=F36E stack=0644/6BF8 p=00/00/01 tgt=4162 irq=358 active=02 first=00 player=00 xy=8,80
BP_RESIDENT_RET_FROM_TARGET pc=C1E1 op=F308F1 sp=F370 stack=0644/6B68 p=00/00/01 tgt=53B4 irq=359 active=02 first=00 player=00 xy=8,80
BP_RESIDENT_RET_FROM_TARGET pc=C1E1 op=F308F1 sp=F36E stack=0644/6BF8 p=00/00/01 tgt=4162 irq=359 active=02 first=00 player=00 xy=8,80
BP_RESIDENT_RET_FROM_TARGET pc=C1E1 op=F308F1 sp=F370 stack=0644/6B68 p=00/00/01 tgt=53B4 irq=360 active=02 first=00 player=00 xy=8,80
BP_RESIDENT_RET_FROM_TARGET pc=C1E1 op=F308F1 sp=F36E stack=0644/6BF8 p=00/00/01 tgt=4162 irq=360 active=02 first=00 player=00 xy=8,80
BP_RESIDENT_RET_FROM_TARGET pc=C1E1 op=F308F1 sp=F370 stack=0644/6B68 p=00/00/01 tgt=53B4 irq=361 active=02 first=00 player=00 xy=8,80
BP_RESIDENT_RET_FROM_TARGET pc=C1E1 op=F308F1 sp=F36E stack=0644/6BF8 p=00/00/01 tgt=4162 irq=361 active=02 first=00 player=00 xy=8,80
BP_RESIDENT_RET_FROM_TARGET pc=C1E1 op=F308F1 sp=F370 stack=0644/6B68 p=00/00/01 tgt=53B4 irq=362 active=02 first=00 player=00 xy=8,80
BP_RESIDENT_RET_FROM_TARGET pc=C1E1 op=F308F1 sp=F36E stack=0644/6BF8 p=00/00/01 tgt=4162 irq=362 active=02 first=00 player=00 xy=8,80
BP_RESIDENT_RET_FROM_TARGET pc=C1E1 op=F308F1 sp=F370 stack=0644/6B68 p=00/00/01 tgt=53B4 irq=363 active=02 first=00 player=00 xy=8,80
BP_RESIDENT_RET_FROM_TARGET pc=C1E1 op=F308F1 sp=F36E stack=0644/6BF8 p=00/00/01 tgt=4162 irq=363 active=02 first=00 player=00 xy=8,80
BP_RESIDENT_RET_FROM_TARGET pc=C1E1 op=F308F1 sp=F370 stack=0644/6B68 p=00/00/01 tgt=53B4 irq=364 active=02 first=00 player=00 xy=8,80
BP_RESIDENT_RET_FROM_TARGET pc=C1E1 op=F308F1 sp=F36E stack=0644/6BF8 p=00/00/01 tgt=4162 irq=364 active=02 first=00 player=00 xy=8,80
BP_RESIDENT_RET_FROM_TARGET pc=C1E1 op=F308F1 sp=F370 stack=0644/6B68 p=00/00/01 tgt=53B4 irq=365 active=02 first=00 player=00 xy=8,80
BP_RESIDENT_RET_FROM_TARGET pc=C1E1 op=F308F1 sp=F36E stack=0644/6BF8 p=00/00/01 tgt=4162 irq=365 active=02 first=00 player=00 xy=8,80
BP_RESIDENT_RET_FROM_TARGET pc=C1E1 op=F308F1 sp=F370 stack=0644/6B68 p=00/00/01 tgt=53B4 irq=366 active=02 first=00 player=00 xy=8,80
BP_RESIDENT_RET_FROM_TARGET pc=C1E1 op=F308F1 sp=F36E stack=0644/6BF8 p=00/00/01 tgt=4162 irq=366 active=02 first=00 player=00 xy=8,80
BP_RESIDENT_RET_FROM_TARGET pc=C1E1 op=F308F1 sp=F370 stack=0644/6B68 p=00/00/01 tgt=53B4 irq=367 active=02 first=00 player=00 xy=8,80
BP_RESIDENT_RET_FROM_TARGET pc=C1E1 op=F308F1 sp=F36E stack=0644/6BF8 p=00/00/01 tgt=4162 irq=367 active=02 first=00 player=00 xy=8,80
BP_RESIDENT_RET_FROM_TARGET pc=C1E1 op=F308F1 sp=F370 stack=0644/6B68 p=00/00/01 tgt=53B4 irq=368 active=02 first=00 player=00 xy=8,80
BP_RESIDENT_RET_FROM_TARGET pc=C1E1 op=F308F1 sp=F36E stack=0644/6BF8 p=00/00/01 tgt=4162 irq=368 active=02 first=00 player=00 xy=8,80
BP_RESIDENT_RET_FROM_TARGET pc=C1E1 op=F308F1 sp=F370 stack=0644/6B68 p=00/00/01 tgt=53B4 irq=369 active=02 first=00 player=00 xy=8,80
BP_RESIDENT_RET_FROM_TARGET pc=C1E1 op=F308F1 sp=F36E stack=0644/6BF8 p=00/00/01 tgt=4162 irq=369 active=02 first=00 player=00 xy=8,80
BP_RESIDENT_RET_FROM_TARGET pc=C1E1 op=F308F1 sp=F370 stack=0644/6B68 p=00/00/01 tgt=53B4 irq=370 active=02 first=00 player=00 xy=8,80
BP_RESIDENT_RET_FROM_TARGET pc=C1E1 op=F308F1 sp=F36E stack=0644/6BF8 p=00/00/01 tgt=4162 irq=370 active=02 first=00 player=00 xy=8,80
BP_RESIDENT_RET_FROM_TARGET pc=C1E1 op=F308F1 sp=F370 stack=0644/6B68 p=00/00/01 tgt=53B4 irq=371 active=02 first=00 player=00 xy=8,80
BP_RESIDENT_RET_FROM_TARGET pc=C1E1 op=F308F1 sp=F36E stack=0644/6BF8 p=00/00/01 tgt=4162 irq=371 active=02 first=00 player=00 xy=8,80
BP_RESIDENT_RET_FROM_TARGET pc=C1E1 op=F308F1 sp=F370 stack=0644/6B68 p=00/00/01 tgt=53B4 irq=372 active=02 first=00 player=00 xy=8,80
BP_RESIDENT_RET_FROM_TARGET pc=C1E1 op=F308F1 sp=F36E stack=0644/6BF8 p=00/00/01 tgt=4162 irq=372 active=02 first=00 player=00 xy=8,80
BP_RESIDENT_RET_FROM_TARGET pc=C1E1 op=F308F1 sp=F370 stack=0644/6B68 p=00/00/01 tgt=53B4 irq=373 active=02 first=00 player=00 xy=8,80
BP_RESIDENT_RET_FROM_TARGET pc=C1E1 op=F308F1 sp=F36E stack=0644/6BF8 p=00/00/01 tgt=4162 irq=373 active=02 first=00 player=00 xy=8,80
BP_RESIDENT_RET_FROM_TARGET pc=C1E1 op=F308F1 sp=F370 stack=0644/6B68 p=00/00/01 tgt=53B4 irq=374 active=02 first=00 player=00 xy=8,80
BP_RESIDENT_RET_FROM_TARGET pc=C1E1 op=F308F1 sp=F36E stack=0644/6BF8 p=00/00/01 tgt=4162 irq=374 active=02 first=00 player=00 xy=8,80
BP_RESIDENT_RET_FROM_TARGET pc=C1E1 op=F308F1 sp=F370 stack=0644/6B68 p=00/00/01 tgt=53B4 irq=375 active=02 first=00 player=00 xy=8,80
BP_RESIDENT_RET_FROM_TARGET pc=C1E1 op=F308F1 sp=F36E stack=0644/6BF8 p=00/00/01 tgt=4162 irq=375 active=02 first=00 player=00 xy=8,80
BP_RESIDENT_RET_FROM_TARGET pc=C1E1 op=F308F1 sp=F370 stack=0644/6B68 p=00/00/01 tgt=53B4 irq=376 active=02 first=00 player=00 xy=8,80
BP_RESIDENT_RET_FROM_TARGET pc=C1E1 op=F308F1 sp=F36E stack=0644/6BF8 p=00/00/01 tgt=4162 irq=376 active=02 first=00 player=00 xy=8,80
BP_RESIDENT_RET_FROM_TARGET pc=C1E1 op=F308F1 sp=F370 stack=0644/6B68 p=00/00/01 tgt=53B4 irq=377 active=02 first=00 player=00 xy=8,80
BP_RESIDENT_RET_FROM_TARGET pc=C1E1 op=F308F1 sp=F36E stack=0644/6BF8 p=00/00/01 tgt=4162 irq=377 active=02 first=00 player=00 xy=8,80
BP_RESIDENT_RET_FROM_TARGET pc=C1E1 op=F308F1 sp=F370 stack=0644/6B68 p=00/00/01 tgt=53B4 irq=378 active=02 first=00 player=00 xy=8,80
BP_RESIDENT_RET_FROM_TARGET pc=C1E1 op=F308F1 sp=F36E stack=0644/6BF8 p=00/00/01 tgt=4162 irq=378 active=02 first=00 player=00 xy=8,80
BP_RESIDENT_RET_FROM_TARGET pc=C1E1 op=F308F1 sp=F370 stack=0644/6B68 p=00/00/01 tgt=53B4 irq=379 active=02 first=00 player=00 xy=8,80
BP_RESIDENT_RET_FROM_TARGET pc=C1E1 op=F308F1 sp=F36E stack=0644/6BF8 p=00/00/01 tgt=4162 irq=379 active=02 first=00 player=00 xy=8,80
BP_RESIDENT_RET_FROM_TARGET pc=C1E1 op=F308F1 sp=F370 stack=0644/6B68 p=00/00/01 tgt=53B4 irq=380 active=02 first=00 player=00 xy=8,80
BP_RESIDENT_RET_FROM_TARGET pc=C1E1 op=F308F1 sp=F36E stack=0644/6BF8 p=00/00/01 tgt=4162 irq=380 active=02 first=00 player=00 xy=8,80
BP_RESIDENT_RET_FROM_TARGET pc=C1E1 op=F308F1 sp=F370 stack=0644/6B68 p=00/00/01 tgt=53B4 irq=381 active=02 first=00 player=00 xy=8,80
BP_RESIDENT_RET_FROM_TARGET pc=C1E1 op=F308F1 sp=F36E stack=0644/6BF8 p=00/00/01 tgt=4162 irq=381 active=02 first=00 player=00 xy=8,80
BP_RESIDENT_RET_FROM_TARGET pc=C1E1 op=F308F1 sp=F370 stack=0644/6B68 p=00/00/01 tgt=53B4 irq=382 active=02 first=00 player=00 xy=8,80
BP_RESIDENT_RET_FROM_TARGET pc=C1E1 op=F308F1 sp=F36E stack=0644/6BF8 p=00/00/01 tgt=4162 irq=382 active=02 first=00 player=00 xy=8,80
BP_RESIDENT_RET_FROM_TARGET pc=C1E1 op=F308F1 sp=F370 stack=0644/6B68 p=00/00/01 tgt=53B4 irq=383 active=02 first=00 player=00 xy=8,80
BP_RESIDENT_RET_FROM_TARGET pc=C1E1 op=F308F1 sp=F36E stack=0644/6BF8 p=00/00/01 tgt=4162 irq=383 active=02 first=00 player=00 xy=8,80
BP_RESIDENT_RET_FROM_TARGET pc=C1E1 op=F308F1 sp=F370 stack=0644/6B68 p=00/00/01 tgt=53B4 irq=384 active=02 first=00 player=00 xy=8,80
BP_RESIDENT_RET_FROM_TARGET pc=C1E1 op=F308F1 sp=F36E stack=0644/6BF8 p=00/00/01 tgt=4162 irq=384 active=02 first=00 player=00 xy=8,80
BP_RESIDENT_RET_FROM_TARGET pc=C1E1 op=F308F1 sp=F370 stack=0644/6B68 p=00/00/01 tgt=53B4 irq=385 active=02 first=00 player=00 xy=8,80
BP_RESIDENT_RET_FROM_TARGET pc=C1E1 op=F308F1 sp=F36E stack=0644/6BF8 p=00/00/01 tgt=4162 irq=385 active=02 first=00 player=00 xy=8,80
BP_RESIDENT_RET_FROM_TARGET pc=C1E1 op=F308F1 sp=F370 stack=0644/6B68 p=00/00/01 tgt=53B4 irq=386 active=02 first=00 player=00 xy=8,80
BP_RESIDENT_RET_FROM_TARGET pc=C1E1 op=F308F1 sp=F36E stack=0644/6BF8 p=00/00/01 tgt=4162 irq=386 active=02 first=00 player=00 xy=8,80
BP_RESIDENT_RET_FROM_TARGET pc=C1E1 op=F308F1 sp=F370 stack=0644/6B68 p=00/00/01 tgt=53B4 irq=387 active=02 first=00 player=00 xy=8,80
BP_RESIDENT_RET_FROM_TARGET pc=C1E1 op=F308F1 sp=F36E stack=0644/6BF8 p=00/00/01 tgt=4162 irq=387 active=02 first=00 player=00 xy=8,80
BP_RESIDENT_RET_FROM_TARGET pc=C1E1 op=F308F1 sp=F370 stack=0644/6B68 p=00/00/01 tgt=53B4 irq=388 active=02 first=00 player=00 xy=8,80
BP_RESIDENT_RET_FROM_TARGET pc=C1E1 op=F308F1 sp=F36E stack=0644/6BF8 p=00/00/01 tgt=4162 irq=388 active=02 first=00 player=00 xy=8,80
BP_RESIDENT_RET_FROM_TARGET pc=C1E1 op=F308F1 sp=F370 stack=0644/6B68 p=00/00/01 tgt=53B4 irq=389 active=02 first=00 player=00 xy=8,80
BP_RESIDENT_RET_FROM_TARGET pc=C1E1 op=F308F1 sp=F36E stack=0644/6BF8 p=00/00/01 tgt=4162 irq=389 active=02 first=00 player=00 xy=8,80
BP_RESIDENT_RET_FROM_TARGET pc=C1E1 op=F308F1 sp=F370 stack=0644/6B68 p=00/00/01 tgt=53B4 irq=390 active=02 first=00 player=00 xy=8,80
BP_RESIDENT_RET_FROM_TARGET pc=C1E1 op=F308F1 sp=F36E stack=0644/6BF8 p=00/00/01 tgt=4162 irq=390 active=02 first=00 player=00 xy=8,80
BP_RESIDENT_RET_FROM_TARGET pc=C1E1 op=F308F1 sp=F370 stack=0644/6B68 p=00/00/01 tgt=53B4 irq=391 active=02 first=00 player=00 xy=8,80
BP_RESIDENT_RET_FROM_TARGET pc=C1E1 op=F308F1 sp=F36E stack=0644/6BF8 p=00/00/01 tgt=4162 irq=391 active=02 first=00 player=00 xy=8,80
BP_RESIDENT_RET_FROM_TARGET pc=C1E1 op=F308F1 sp=F370 stack=0644/6B68 p=00/00/01 tgt=53B4 irq=392 active=02 first=00 player=00 xy=8,80
BP_RESIDENT_RET_FROM_TARGET pc=C1E1 op=F308F1 sp=F36E stack=0644/6BF8 p=00/00/01 tgt=4162 irq=392 active=02 first=00 player=00 xy=8,80
BP_RESIDENT_RET_FROM_TARGET pc=C1E1 op=F308F1 sp=F370 stack=0644/6B68 p=00/00/01 tgt=53B4 irq=393 active=02 first=00 player=00 xy=8,80
BP_RESIDENT_RET_FROM_TARGET pc=C1E1 op=F308F1 sp=F36E stack=0644/6BF8 p=00/00/01 tgt=4162 irq=393 active=02 first=00 player=00 xy=8,80
BP_RESIDENT_RET_FROM_TARGET pc=C1E1 op=F308F1 sp=F370 stack=0644/6B68 p=00/00/01 tgt=53B4 irq=394 active=02 first=00 player=00 xy=8,80
BP_RESIDENT_RET_FROM_TARGET pc=C1E1 op=F308F1 sp=F36E stack=0644/6BF8 p=00/00/01 tgt=4162 irq=394 active=02 first=00 player=00 xy=8,80
BP_RESIDENT_RET_FROM_TARGET pc=C1E1 op=F308F1 sp=F370 stack=0644/6B68 p=00/00/01 tgt=53B4 irq=395 active=02 first=00 player=00 xy=8,80
BP_RESIDENT_RET_FROM_TARGET pc=C1E1 op=F308F1 sp=F36E stack=0644/6BF8 p=00/00/01 tgt=4162 irq=395 active=02 first=00 player=00 xy=8,80
BP_RESIDENT_RET_FROM_TARGET pc=C1E1 op=F308F1 sp=F370 stack=0644/6B68 p=00/00/01 tgt=53B4 irq=396 active=02 first=00 player=00 xy=8,80
BP_RESIDENT_RET_FROM_TARGET pc=C1E1 op=F308F1 sp=F36E stack=0644/6BF8 p=00/00/01 tgt=4162 irq=396 active=02 first=00 player=00 xy=8,80
BP_RESIDENT_RET_FROM_TARGET pc=C1E1 op=F308F1 sp=F370 stack=0644/6B68 p=00/00/01 tgt=53B4 irq=397 active=02 first=00 player=00 xy=8,80
BP_RESIDENT_RET_FROM_TARGET pc=C1E1 op=F308F1 sp=F36E stack=0644/6BF8 p=00/00/01 tgt=4162 irq=397 active=02 first=00 player=00 xy=8,80
BP_RESIDENT_RET_FROM_TARGET pc=C1E1 op=F308F1 sp=F370 stack=0644/6B68 p=00/00/01 tgt=53B4 irq=398 active=02 first=00 player=00 xy=8,80
BP_RESIDENT_RET_FROM_TARGET pc=C1E1 op=F308F1 sp=F36E stack=0644/6BF8 p=00/00/01 tgt=4162 irq=398 active=02 first=00 player=00 xy=8,80
BP_RESIDENT_RET_FROM_TARGET pc=C1E1 op=F308F1 sp=F370 stack=0644/6B68 p=00/00/01 tgt=53B4 irq=399 active=02 first=00 player=00 xy=8,80
BP_RESIDENT_RET_FROM_TARGET pc=C1E1 op=F308F1 sp=F36E stack=0644/6BF8 p=00/00/01 tgt=4162 irq=399 active=02 first=00 player=00 xy=8,80
BP_RESIDENT_RET_FROM_TARGET pc=C1E1 op=F308F1 sp=F370 stack=0644/6B68 p=00/00/01 tgt=53B4 irq=400 active=02 first=00 player=00 xy=8,80
BP_RESIDENT_RET_FROM_TARGET pc=C1E1 op=F308F1 sp=F36E stack=0644/6BF8 p=00/00/01 tgt=4162 irq=400 active=02 first=00 player=00 xy=8,80
BP_RESIDENT_RET_FROM_TARGET pc=C1E1 op=F308F1 sp=F370 stack=0644/6B68 p=00/00/01 tgt=53B4 irq=401 active=02 first=00 player=00 xy=8,80
BP_RESIDENT_RET_FROM_TARGET pc=C1E1 op=F308F1 sp=F36E stack=0644/6BF8 p=00/00/01 tgt=4162 irq=401 active=02 first=00 player=00 xy=8,80
BP_RESIDENT_RET_FROM_TARGET pc=C1E1 op=F308F1 sp=F370 stack=0644/6B68 p=00/00/01 tgt=53B4 irq=402 active=02 first=00 player=00 xy=8,80
BP_RESIDENT_RET_FROM_TARGET pc=C1E1 op=F308F1 sp=F36E stack=0644/6BF8 p=00/00/01 tgt=4162 irq=402 active=02 first=00 player=00 xy=8,80
BP_RESIDENT_RET_FROM_TARGET pc=C1E1 op=F308F1 sp=F370 stack=0644/6B68 p=00/00/01 tgt=53B4 irq=403 active=02 first=00 player=00 xy=8,80
BP_RESIDENT_RET_FROM_TARGET pc=C1E1 op=F308F1 sp=F36E stack=0644/6BF8 p=00/00/01 tgt=4162 irq=403 active=02 first=00 player=00 xy=8,80
BP_RESIDENT_RET_FROM_TARGET pc=C1E1 op=F308F1 sp=F370 stack=0644/6B68 p=00/00/01 tgt=53B4 irq=404 active=02 first=00 player=00 xy=8,80
BP_RESIDENT_RET_FROM_TARGET pc=C1E1 op=F308F1 sp=F36E stack=0644/6BF8 p=00/00/01 tgt=4162 irq=404 active=02 first=00 player=00 xy=8,80
BP_RESIDENT_RET_FROM_TARGET pc=C1E1 op=F308F1 sp=F370 stack=0644/6B68 p=00/00/01 tgt=53B4 irq=405 active=02 first=00 player=00 xy=8,80
BP_RESIDENT_RET_FROM_TARGET pc=C1E1 op=F308F1 sp=F36E stack=0644/6BF8 p=00/00/01 tgt=4162 irq=405 active=02 first=00 player=00 xy=8,80
BP_RESIDENT_RET_FROM_TARGET pc=C1E1 op=F308F1 sp=F370 stack=0644/6B68 p=00/00/01 tgt=53B4 irq=406 active=02 first=00 player=00 xy=8,80
BP_RESIDENT_RET_FROM_TARGET pc=C1E1 op=F308F1 sp=F36E stack=0644/6BF8 p=00/00/01 tgt=4162 irq=406 active=02 first=00 player=00 xy=8,80
BP_RESIDENT_RET_FROM_TARGET pc=C1E1 op=F308F1 sp=F370 stack=0644/6B68 p=00/00/01 tgt=53B4 irq=407 active=02 first=00 player=00 xy=8,80
BP_RESIDENT_RET_FROM_TARGET pc=C1E1 op=F308F1 sp=F36E stack=0644/6BF8 p=00/00/01 tgt=4162 irq=407 active=02 first=00 player=00 xy=8,80
BP_RESIDENT_RET_FROM_TARGET pc=C1E1 op=F308F1 sp=F370 stack=0644/6B68 p=00/00/01 tgt=53B4 irq=408 active=02 first=00 player=00 xy=8,80
BP_RESIDENT_RET_FROM_TARGET pc=C1E1 op=F308F1 sp=F36E stack=0644/6BF8 p=00/00/01 tgt=4162 irq=408 active=02 first=00 player=00 xy=8,80
BP_RESIDENT_RET_FROM_TARGET pc=C1E1 op=F308F1 sp=F370 stack=0644/6B68 p=00/00/01 tgt=53B4 irq=409 active=02 first=00 player=00 xy=8,80
BP_RESIDENT_RET_FROM_TARGET pc=C1E1 op=F308F1 sp=F36E stack=0644/6BF8 p=00/00/01 tgt=4162 irq=409 active=02 first=00 player=00 xy=8,80
BP_RESIDENT_RET_FROM_TARGET pc=C1E1 op=F308F1 sp=F370 stack=0644/6B68 p=00/00/01 tgt=53B4 irq=410 active=02 first=00 player=00 xy=8,80
BP_RESIDENT_RET_FROM_TARGET pc=C1E1 op=F308F1 sp=F36E stack=0644/6BF8 p=00/00/01 tgt=4162 irq=410 active=02 first=00 player=00 xy=8,80
BP_RESIDENT_RET_FROM_TARGET pc=C1E1 op=F308F1 sp=F370 stack=0644/6B68 p=00/00/01 tgt=53B4 irq=411 active=02 first=00 player=00 xy=8,80
BP_RESIDENT_RET_FROM_TARGET pc=C1E1 op=F308F1 sp=F36E stack=0644/6BF8 p=00/00/01 tgt=4162 irq=411 active=02 first=00 player=00 xy=8,80
BP_RESIDENT_RET_FROM_TARGET pc=C1E1 op=F308F1 sp=F370 stack=0644/6B68 p=00/00/01 tgt=53B4 irq=412 active=02 first=00 player=00 xy=8,80
BP_RESIDENT_RET_FROM_TARGET pc=C1E1 op=F308F1 sp=F36E stack=0644/6BF8 p=00/00/01 tgt=4162 irq=412 active=02 first=00 player=00 xy=8,80
BP_RESIDENT_RET_FROM_TARGET pc=C1E1 op=F308F1 sp=F370 stack=0644/6B68 p=00/00/01 tgt=53B4 irq=413 active=02 first=00 player=00 xy=8,80
BP_RESIDENT_RET_FROM_TARGET pc=C1E1 op=F308F1 sp=F36E stack=0644/6BF8 p=00/00/01 tgt=4162 irq=413 active=02 first=00 player=00 xy=8,80
BP_RESIDENT_RET_FROM_TARGET pc=C1E1 op=F308F1 sp=F370 stack=0644/6B68 p=00/00/01 tgt=53B4 irq=414 active=02 first=00 player=00 xy=8,80
BP_RESIDENT_RET_FROM_TARGET pc=C1E1 op=F308F1 sp=F36E stack=0644/6BF8 p=00/00/01 tgt=4162 irq=414 active=02 first=00 player=00 xy=8,80
BP_RESIDENT_RET_FROM_TARGET pc=C1E1 op=F308F1 sp=F370 stack=0644/6B68 p=00/00/01 tgt=53B4 irq=415 active=02 first=00 player=00 xy=8,80
BP_RESIDENT_RET_FROM_TARGET pc=C1E1 op=F308F1 sp=F36E stack=0644/6BF8 p=00/00/01 tgt=4162 irq=415 active=02 first=00 player=00 xy=8,80
BP_RESIDENT_RET_FROM_TARGET pc=C1E1 op=F308F1 sp=F370 stack=0644/6B68 p=00/00/01 tgt=53B4 irq=416 active=02 first=00 player=00 xy=8,80
BP_RESIDENT_RET_FROM_TARGET pc=C1E1 op=F308F1 sp=F36E stack=0644/6BF8 p=00/00/01 tgt=4162 irq=416 active=02 first=00 player=00 xy=8,80
BP_RESIDENT_RET_FROM_TARGET pc=C1E1 op=F308F1 sp=F370 stack=0644/6B68 p=00/00/01 tgt=53B4 irq=417 active=02 first=00 player=00 xy=8,80
BP_RESIDENT_RET_FROM_TARGET pc=C1E1 op=F308F1 sp=F36E stack=0644/6BF8 p=00/00/01 tgt=4162 irq=417 active=02 first=00 player=00 xy=8,80
BP_RESIDENT_RET_FROM_TARGET pc=C1E1 op=F308F1 sp=F370 stack=0644/6B68 p=00/00/01 tgt=53B4 irq=418 active=02 first=00 player=00 xy=8,80
BP_RESIDENT_RET_FROM_TARGET pc=C1E1 op=F308F1 sp=F36E stack=0644/6BF8 p=00/00/01 tgt=4162 irq=418 active=02 first=00 player=00 xy=8,80
BP_RESIDENT_RET_FROM_TARGET pc=C1E1 op=F308F1 sp=F370 stack=0644/6B68 p=00/00/01 tgt=53B4 irq=419 active=02 first=00 player=00 xy=8,80
BP_RESIDENT_RET_FROM_TARGET pc=C1E1 op=F308F1 sp=F36E stack=0644/6BF8 p=00/00/01 tgt=4162 irq=419 active=02 first=00 player=00 xy=8,80
BP_RESIDENT_RET_FROM_TARGET pc=C1E1 op=F308F1 sp=F370 stack=0644/6B68 p=00/00/01 tgt=53B4 irq=420 active=02 first=00 player=00 xy=8,80
BP_RESIDENT_RET_FROM_TARGET pc=C1E1 op=F308F1 sp=F36E stack=0644/6BF8 p=00/00/01 tgt=4162 irq=420 active=02 first=00 player=00 xy=8,80
BP_RESIDENT_RET_FROM_TARGET pc=C1E1 op=F308F1 sp=F370 stack=0644/6B68 p=00/00/01 tgt=53B4 irq=421 active=02 first=00 player=00 xy=8,80
BP_RESIDENT_RET_FROM_TARGET pc=C1E1 op=F308F1 sp=F36E stack=0644/6BF8 p=00/00/01 tgt=4162 irq=421 active=02 first=00 player=00 xy=8,80
BP_RESIDENT_RET_FROM_TARGET pc=C1E1 op=F308F1 sp=F370 stack=0644/6B68 p=00/00/01 tgt=53B4 irq=422 active=02 first=00 player=00 xy=8,80
BP_RESIDENT_RET_FROM_TARGET pc=C1E1 op=F308F1 sp=F36E stack=0644/6BF8 p=00/00/01 tgt=4162 irq=422 active=02 first=00 player=00 xy=8,80
BP_RESIDENT_RET_FROM_TARGET pc=C1E1 op=F308F1 sp=F370 stack=0644/6B68 p=00/00/01 tgt=53B4 irq=423 active=02 first=00 player=00 xy=8,80
BP_RESIDENT_RET_FROM_TARGET pc=C1E1 op=F308F1 sp=F36E stack=0644/6BF8 p=00/00/01 tgt=4162 irq=423 active=02 first=00 player=00 xy=8,80
BP_RESIDENT_RET_FROM_TARGET pc=C1E1 op=F308F1 sp=F370 stack=0644/6B68 p=00/00/01 tgt=53B4 irq=424 active=02 first=00 player=00 xy=8,80
BP_RESIDENT_RET_FROM_TARGET pc=C1E1 op=F308F1 sp=F36E stack=0644/6BF8 p=00/00/01 tgt=4162 irq=424 active=02 first=00 player=00 xy=8,80
BP_RESIDENT_RET_FROM_TARGET pc=C1E1 op=F308F1 sp=F370 stack=0644/6B68 p=00/00/01 tgt=53B4 irq=425 active=02 first=00 player=00 xy=8,80
BP_RESIDENT_RET_FROM_TARGET pc=C1E1 op=F308F1 sp=F36E stack=0644/6BF8 p=00/00/01 tgt=4162 irq=425 active=02 first=00 player=00 xy=8,80
BP_RESIDENT_RET_FROM_TARGET pc=C1E1 op=F308F1 sp=F370 stack=0644/6B68 p=00/00/01 tgt=53B4 irq=426 active=02 first=00 player=00 xy=8,80
BP_RESIDENT_RET_FROM_TARGET pc=C1E1 op=F308F1 sp=F36E stack=0644/6BF8 p=00/00/01 tgt=4162 irq=426 active=02 first=00 player=00 xy=8,80
BP_RESIDENT_RET_FROM_TARGET pc=C1E1 op=F308F1 sp=F370 stack=0644/6B68 p=00/00/01 tgt=53B4 irq=427 active=02 first=00 player=00 xy=8,80
BP_RESIDENT_RET_FROM_TARGET pc=C1E1 op=F308F1 sp=F36E stack=0644/6BF8 p=00/00/01 tgt=4162 irq=427 active=02 first=00 player=00 xy=8,80
BP_RESIDENT_RET_FROM_TARGET pc=C1E1 op=F308F1 sp=F370 stack=0644/6B68 p=00/00/01 tgt=53B4 irq=428 active=02 first=00 player=00 xy=8,80
BP_RESIDENT_RET_FROM_TARGET pc=C1E1 op=F308F1 sp=F36E stack=0644/6BF8 p=00/00/01 tgt=4162 irq=428 active=02 first=00 player=00 xy=8,80
BP_RESIDENT_RET_FROM_TARGET pc=C1E1 op=F308F1 sp=F370 stack=0644/6B68 p=00/00/01 tgt=53B4 irq=429 active=02 first=00 player=00 xy=8,80
BP_RESIDENT_RET_FROM_TARGET pc=C1E1 op=F308F1 sp=F36E stack=0644/6BF8 p=00/00/01 tgt=4162 irq=429 active=02 first=00 player=00 xy=8,80
BP_RESIDENT_RET_FROM_TARGET pc=C1E1 op=F308F1 sp=F370 stack=0644/6B68 p=00/00/01 tgt=53B4 irq=430 active=02 first=00 player=00 xy=8,80
BP_RESIDENT_RET_FROM_TARGET pc=C1E1 op=F308F1 sp=F36E stack=0644/6BF8 p=00/00/01 tgt=4162 irq=430 active=02 first=00 player=00 xy=8,80
BP_RESIDENT_RET_FROM_TARGET pc=C1E1 op=F308F1 sp=F370 stack=0644/6B68 p=00/00/01 tgt=53B4 irq=431 active=02 first=00 player=00 xy=8,80
BP_RESIDENT_RET_FROM_TARGET pc=C1E1 op=F308F1 sp=F36E stack=0644/6BF8 p=00/00/01 tgt=4162 irq=431 active=02 first=00 player=00 xy=8,80
BP_RESIDENT_RET_FROM_TARGET pc=C1E1 op=F308F1 sp=F370 stack=0644/6B68 p=00/00/01 tgt=53B4 irq=432 active=02 first=00 player=00 xy=8,80
BP_RESIDENT_RET_FROM_TARGET pc=C1E1 op=F308F1 sp=F36E stack=0644/6BF8 p=00/00/01 tgt=4162 irq=432 active=02 first=00 player=00 xy=8,80
BP_RESIDENT_RET_FROM_TARGET pc=C1E1 op=F308F1 sp=F370 stack=0644/6B68 p=00/00/01 tgt=53B4 irq=433 active=02 first=00 player=00 xy=8,80
BP_RESIDENT_RET_FROM_TARGET pc=C1E1 op=F308F1 sp=F36E stack=0644/6BF8 p=00/00/01 tgt=4162 irq=433 active=02 first=00 player=00 xy=8,80
BP_RESIDENT_RET_FROM_TARGET pc=C1E1 op=F308F1 sp=F370 stack=0644/6B68 p=00/00/01 tgt=53B4 irq=434 active=02 first=00 player=00 xy=8,80
BP_RESIDENT_RET_FROM_TARGET pc=C1E1 op=F308F1 sp=F36E stack=0644/6BF8 p=00/00/01 tgt=4162 irq=434 active=02 first=00 player=00 xy=8,80
BP_RESIDENT_RET_FROM_TARGET pc=C1E1 op=F308F1 sp=F370 stack=0644/6B68 p=00/00/01 tgt=53B4 irq=435 active=02 first=00 player=00 xy=8,80
BP_RESIDENT_RET_FROM_TARGET pc=C1E1 op=F308F1 sp=F36E stack=0644/6BF8 p=00/00/01 tgt=4162 irq=435 active=02 first=00 player=00 xy=8,80
BP_RESIDENT_RET_FROM_TARGET pc=C1E1 op=F308F1 sp=F370 stack=0644/6B68 p=00/00/01 tgt=53B4 irq=436 active=02 first=00 player=00 xy=8,80
BP_RESIDENT_RET_FROM_TARGET pc=C1E1 op=F308F1 sp=F36E stack=0644/6BF8 p=00/00/01 tgt=4162 irq=436 active=02 first=00 player=00 xy=8,80
BP_RESIDENT_RET_FROM_TARGET pc=C1E1 op=F308F1 sp=F370 stack=0644/6B68 p=00/00/01 tgt=53B4 irq=437 active=02 first=00 player=00 xy=8,80
BP_RESIDENT_RET_FROM_TARGET pc=C1E1 op=F308F1 sp=F36E stack=0644/6BF8 p=00/00/01 tgt=4162 irq=437 active=02 first=00 player=00 xy=8,80
BP_RESIDENT_RET_FROM_TARGET pc=C1E1 op=F308F1 sp=F370 stack=0644/6B68 p=00/00/01 tgt=53B4 irq=438 active=02 first=00 player=00 xy=8,80
BP_RESIDENT_RET_FROM_TARGET pc=C1E1 op=F308F1 sp=F36E stack=0644/6BF8 p=00/00/01 tgt=4162 irq=438 active=02 first=00 player=00 xy=8,80
BP_RESIDENT_RET_FROM_TARGET pc=C1E1 op=F308F1 sp=F370 stack=0644/6B68 p=00/00/01 tgt=53B4 irq=439 active=02 first=00 player=00 xy=8,80
BP_RESIDENT_RET_FROM_TARGET pc=C1E1 op=F308F1 sp=F36E stack=0644/6BF8 p=00/00/01 tgt=4162 irq=439 active=02 first=00 player=00 xy=8,80
BP_RESIDENT_RET_FROM_TARGET pc=C1E1 op=F308F1 sp=F370 stack=0644/6B68 p=00/00/01 tgt=53B4 irq=440 active=02 first=00 player=00 xy=8,80
BP_RESIDENT_RET_FROM_TARGET pc=C1E1 op=F308F1 sp=F36E stack=0644/6BF8 p=00/00/01 tgt=4162 irq=440 active=02 first=00 player=00 xy=8,80
BP_RESIDENT_RET_FROM_TARGET pc=C1E1 op=F308F1 sp=F370 stack=0644/6B68 p=00/00/01 tgt=53B4 irq=441 active=02 first=00 player=00 xy=8,80
BP_RESIDENT_RET_FROM_TARGET pc=C1E1 op=F308F1 sp=F36E stack=0644/6BF8 p=00/00/01 tgt=4162 irq=441 active=02 first=00 player=00 xy=8,80
BP_RESIDENT_RET_FROM_TARGET pc=C1E1 op=F308F1 sp=F370 stack=0644/6B68 p=00/00/01 tgt=53B4 irq=442 active=02 first=00 player=00 xy=8,80
BP_RESIDENT_RET_FROM_TARGET pc=C1E1 op=F308F1 sp=F36E stack=0644/6BF8 p=00/00/01 tgt=4162 irq=442 active=02 first=00 player=00 xy=8,80
BP_RESIDENT_RET_FROM_TARGET pc=C1E1 op=F308F1 sp=F370 stack=0644/6B68 p=00/00/01 tgt=53B4 irq=443 active=02 first=00 player=00 xy=8,80
BP_RESIDENT_RET_FROM_TARGET pc=C1E1 op=F308F1 sp=F36E stack=0644/6BF8 p=00/00/01 tgt=4162 irq=443 active=02 first=00 player=00 xy=8,80
BP_RESIDENT_RET_FROM_TARGET pc=C1E1 op=F308F1 sp=F370 stack=0644/6B68 p=00/00/01 tgt=53B4 irq=444 active=02 first=00 player=00 xy=8,80
BP_RESIDENT_RET_FROM_TARGET pc=C1E1 op=F308F1 sp=F36E stack=0644/6BF8 p=00/00/01 tgt=4162 irq=444 active=02 first=00 player=00 xy=8,80
BP_RESIDENT_RET_FROM_TARGET pc=C1E1 op=F308F1 sp=F370 stack=0644/6B68 p=00/00/01 tgt=53B4 irq=445 active=02 first=00 player=00 xy=8,80
BP_RESIDENT_RET_FROM_TARGET pc=C1E1 op=F308F1 sp=F36E stack=0644/6BF8 p=00/00/01 tgt=4162 irq=445 active=02 first=00 player=00 xy=8,80
BP_RESIDENT_RET_FROM_TARGET pc=C1E1 op=F308F1 sp=F370 stack=0644/6B68 p=00/00/01 tgt=53B4 irq=446 active=02 first=00 player=00 xy=8,80
BP_RESIDENT_RET_FROM_TARGET pc=C1E1 op=F308F1 sp=F36E stack=0644/6BF8 p=00/00/01 tgt=4162 irq=446 active=02 first=00 player=00 xy=8,80
BP_RESIDENT_RET_FROM_TARGET pc=C1E1 op=F308F1 sp=F370 stack=0644/6B68 p=00/00/01 tgt=53B4 irq=447 active=02 first=00 player=00 xy=8,80
BP_RESIDENT_RET_FROM_TARGET pc=C1E1 op=F308F1 sp=F36E stack=0644/6BF8 p=00/00/01 tgt=4162 irq=447 active=02 first=00 player=00 xy=8,80
BP_RESIDENT_RET_FROM_TARGET pc=C1E1 op=F308F1 sp=F370 stack=0644/6B68 p=00/00/01 tgt=53B4 irq=448 active=02 first=00 player=00 xy=8,80
BP_RESIDENT_RET_FROM_TARGET pc=C1E1 op=F308F1 sp=F36E stack=0644/6BF8 p=00/00/01 tgt=4162 irq=448 active=02 first=00 player=00 xy=8,80
BP_RESIDENT_RET_FROM_TARGET pc=C1E1 op=F308F1 sp=F370 stack=0644/6B68 p=00/00/01 tgt=53B4 irq=449 active=02 first=00 player=00 xy=8,80
BP_RESIDENT_RET_FROM_TARGET pc=C1E1 op=F308F1 sp=F36E stack=0644/6BF8 p=00/00/01 tgt=4162 irq=449 active=02 first=00 player=00 xy=8,80
BP_RESIDENT_RET_FROM_TARGET pc=C1E1 op=F308F1 sp=F370 stack=0644/6B68 p=00/00/01 tgt=53B4 irq=450 active=02 first=00 player=00 xy=8,80
BP_RESIDENT_RET_FROM_TARGET pc=C1E1 op=F308F1 sp=F36E stack=0644/6BF8 p=00/00/01 tgt=4162 irq=450 active=02 first=00 player=00 xy=8,80
BP_RESIDENT_RET_FROM_TARGET pc=C1E1 op=F308F1 sp=F370 stack=0644/6B68 p=00/00/01 tgt=53B4 irq=451 active=02 first=00 player=00 xy=8,80
BP_RESIDENT_RET_FROM_TARGET pc=C1E1 op=F308F1 sp=F36E stack=0644/6BF8 p=00/00/01 tgt=4162 irq=451 active=02 first=00 player=00 xy=8,80
BP_RESIDENT_RET_FROM_TARGET pc=C1E1 op=F308F1 sp=F370 stack=0644/6B68 p=00/00/01 tgt=53B4 irq=452 active=02 first=00 player=00 xy=8,80
BP_RESIDENT_RET_FROM_TARGET pc=C1E1 op=F308F1 sp=F36E stack=0644/6BF8 p=00/00/01 tgt=4162 irq=452 active=02 first=00 player=00 xy=8,80
BP_RESIDENT_RET_FROM_TARGET pc=C1E1 op=F308F1 sp=F370 stack=0644/6B68 p=00/00/01 tgt=53B4 irq=453 active=02 first=00 player=00 xy=8,80
BP_RESIDENT_RET_FROM_TARGET pc=C1E1 op=F308F1 sp=F36E stack=0644/6BF8 p=00/00/01 tgt=4162 irq=453 active=02 first=00 player=00 xy=8,80
BP_RESIDENT_RET_FROM_TARGET pc=C1E1 op=F308F1 sp=F370 stack=0644/6B68 p=00/00/01 tgt=53B4 irq=454 active=02 first=00 player=00 xy=8,80
BP_RESIDENT_RET_FROM_TARGET pc=C1E1 op=F308F1 sp=F36E stack=0644/6BF8 p=00/00/01 tgt=4162 irq=454 active=02 first=00 player=00 xy=8,80
BP_RESIDENT_RET_FROM_TARGET pc=C1E1 op=F308F1 sp=F370 stack=0644/6B68 p=00/00/01 tgt=53B4 irq=455 active=02 first=00 player=00 xy=8,80
BP_RESIDENT_RET_FROM_TARGET pc=C1E1 op=F308F1 sp=F36E stack=0644/6BF8 p=00/00/01 tgt=4162 irq=455 active=02 first=00 player=00 xy=8,80
BP_RESIDENT_RET_FROM_TARGET pc=C1E1 op=F308F1 sp=F370 stack=0644/6B68 p=00/00/01 tgt=53B4 irq=456 active=02 first=00 player=00 xy=8,80
BP_RESIDENT_RET_FROM_TARGET pc=C1E1 op=F308F1 sp=F36E stack=0644/6BF8 p=00/00/01 tgt=4162 irq=456 active=02 first=00 player=00 xy=8,80
BP_RESIDENT_RET_FROM_TARGET pc=C1E1 op=F308F1 sp=F370 stack=0644/6B68 p=00/00/01 tgt=53B4 irq=457 active=02 first=00 player=00 xy=8,80
BP_RESIDENT_RET_FROM_TARGET pc=C1E1 op=F308F1 sp=F36E stack=0644/6BF8 p=00/00/01 tgt=4162 irq=457 active=02 first=00 player=00 xy=8,80
BP_RESIDENT_RET_FROM_TARGET pc=C1E1 op=F308F1 sp=F370 stack=0644/6B68 p=00/00/01 tgt=53B4 irq=458 active=02 first=00 player=00 xy=8,80
BP_RESIDENT_RET_FROM_TARGET pc=C1E1 op=F308F1 sp=F36E stack=0644/6BF8 p=00/00/01 tgt=4162 irq=458 active=02 first=00 player=00 xy=8,80
BP_RESIDENT_RET_FROM_TARGET pc=C1E1 op=F308F1 sp=F370 stack=0644/6B68 p=00/00/01 tgt=53B4 irq=459 active=02 first=00 player=00 xy=8,80
BP_RESIDENT_RET_FROM_TARGET pc=C1E1 op=F308F1 sp=F36E stack=0644/6BF8 p=00/00/01 tgt=4162 irq=459 active=02 first=00 player=00 xy=8,80
BP_RESIDENT_RET_FROM_TARGET pc=C1E1 op=F308F1 sp=F370 stack=0644/6B68 p=00/00/01 tgt=53B4 irq=460 active=02 first=00 player=00 xy=8,80
BP_RESIDENT_RET_FROM_TARGET pc=C1E1 op=F308F1 sp=F36E stack=0644/6BF8 p=00/00/01 tgt=4162 irq=460 active=02 first=00 player=00 xy=8,80
BP_RESIDENT_RET_FROM_TARGET pc=C1E1 op=F308F1 sp=F370 stack=0644/6B68 p=00/00/01 tgt=53B4 irq=461 active=02 first=00 player=00 xy=8,80
BP_RESIDENT_RET_FROM_TARGET pc=C1E1 op=F308F1 sp=F36E stack=0644/6BF8 p=00/00/01 tgt=4162 irq=461 active=02 first=00 player=00 xy=8,80
BP_RESIDENT_RET_FROM_TARGET pc=C1E1 op=F308F1 sp=F370 stack=0644/6B68 p=00/00/01 tgt=53B4 irq=462 active=02 first=00 player=00 xy=8,80
BP_RESIDENT_RET_FROM_TARGET pc=C1E1 op=F308F1 sp=F36E stack=0644/6BF8 p=00/00/01 tgt=4162 irq=462 active=02 first=00 player=00 xy=8,80
BP_RESIDENT_RET_FROM_TARGET pc=C1E1 op=F308F1 sp=F370 stack=0644/6B68 p=00/00/01 tgt=53B4 irq=463 active=02 first=00 player=00 xy=8,80
BP_RESIDENT_RET_FROM_TARGET pc=C1E1 op=F308F1 sp=F36E stack=0644/6BF8 p=00/00/01 tgt=4162 irq=463 active=02 first=00 player=00 xy=8,80
BP_RESIDENT_RET_FROM_TARGET pc=C1E1 op=F308F1 sp=F370 stack=0644/6B68 p=00/00/01 tgt=53B4 irq=464 active=02 first=00 player=00 xy=8,80
BP_RESIDENT_RET_FROM_TARGET pc=C1E1 op=F308F1 sp=F36E stack=0644/6BF8 p=00/00/01 tgt=4162 irq=464 active=02 first=00 player=00 xy=8,80
BP_RESIDENT_RET_FROM_TARGET pc=C1E1 op=F308F1 sp=F370 stack=0644/6B68 p=00/00/01 tgt=53B4 irq=465 active=02 first=00 player=00 xy=8,80
BP_RESIDENT_RET_FROM_TARGET pc=C1E1 op=F308F1 sp=F36E stack=0644/6BF8 p=00/00/01 tgt=4162 irq=465 active=02 first=00 player=00 xy=8,80
BP_RESIDENT_RET_FROM_TARGET pc=C1E1 op=F308F1 sp=F370 stack=0644/6B68 p=00/00/01 tgt=53B4 irq=466 active=02 first=00 player=00 xy=8,80
BP_RESIDENT_RET_FROM_TARGET pc=C1E1 op=F308F1 sp=F36E stack=0644/6BF8 p=00/00/01 tgt=4162 irq=466 active=02 first=00 player=00 xy=8,80
BP_RESIDENT_RET_FROM_TARGET pc=C1E1 op=F308F1 sp=F370 stack=0644/6B68 p=00/00/01 tgt=53B4 irq=467 active=02 first=00 player=00 xy=8,80
BP_RESIDENT_RET_FROM_TARGET pc=C1E1 op=F308F1 sp=F36E stack=0644/6BF8 p=00/00/01 tgt=4162 irq=467 active=02 first=00 player=00 xy=8,80
BP_RESIDENT_RET_FROM_TARGET pc=C1E1 op=F308F1 sp=F370 stack=0644/6B68 p=00/00/01 tgt=53B4 irq=468 active=02 first=00 player=00 xy=8,80
BP_RESIDENT_RET_FROM_TARGET pc=C1E1 op=F308F1 sp=F36E stack=0644/6BF8 p=00/00/01 tgt=4162 irq=468 active=02 first=00 player=00 xy=8,80
BP_RESIDENT_RET_FROM_TARGET pc=C1E1 op=F308F1 sp=F370 stack=0644/6B68 p=00/00/01 tgt=53B4 irq=469 active=02 first=00 player=00 xy=8,80
BP_RESIDENT_RET_FROM_TARGET pc=C1E1 op=F308F1 sp=F36E stack=0644/6BF8 p=00/00/01 tgt=4162 irq=469 active=02 first=00 player=00 xy=8,80
BP_RESIDENT_RET_FROM_TARGET pc=C1E1 op=F308F1 sp=F370 stack=0644/6B68 p=00/00/01 tgt=53B4 irq=470 active=02 first=00 player=00 xy=8,80
BP_RESIDENT_RET_FROM_TARGET pc=C1E1 op=F308F1 sp=F36E stack=0644/6BF8 p=00/00/01 tgt=4162 irq=470 active=02 first=00 player=00 xy=8,80
BP_RESIDENT_RET_FROM_TARGET pc=C1E1 op=F308F1 sp=F370 stack=0644/6B68 p=00/00/01 tgt=53B4 irq=471 active=02 first=00 player=00 xy=8,80
BP_RESIDENT_RET_FROM_TARGET pc=C1E1 op=F308F1 sp=F36E stack=0644/6BF8 p=00/00/01 tgt=4162 irq=471 active=02 first=00 player=00 xy=8,80
BP_RESIDENT_RET_FROM_TARGET pc=C1E1 op=F308F1 sp=F370 stack=0644/6B68 p=00/00/01 tgt=53B4 irq=472 active=02 first=00 player=00 xy=8,80
BP_RESIDENT_RET_FROM_TARGET pc=C1E1 op=F308F1 sp=F36E stack=0644/6BF8 p=00/00/01 tgt=4162 irq=472 active=02 first=00 player=00 xy=8,80
BP_RESIDENT_RET_FROM_TARGET pc=C1E1 op=F308F1 sp=F370 stack=0644/6B68 p=00/00/01 tgt=53B4 irq=473 active=02 first=00 player=00 xy=8,80
BP_RESIDENT_RET_FROM_TARGET pc=C1E1 op=F308F1 sp=F36E stack=0644/6BF8 p=00/00/01 tgt=4162 irq=473 active=02 first=00 player=00 xy=8,80
BP_RESIDENT_RET_FROM_TARGET pc=C1E1 op=F308F1 sp=F370 stack=0644/6B68 p=00/00/01 tgt=53B4 irq=474 active=02 first=00 player=00 xy=8,80
BP_RESIDENT_RET_FROM_TARGET pc=C1E1 op=F308F1 sp=F36E stack=0644/6BF8 p=00/00/01 tgt=4162 irq=474 active=02 first=00 player=00 xy=8,80
BP_RESIDENT_RET_FROM_TARGET pc=C1E1 op=F308F1 sp=F370 stack=0644/6B68 p=00/00/01 tgt=53B4 irq=475 active=02 first=00 player=00 xy=8,80
BP_RESIDENT_RET_FROM_TARGET pc=C1E1 op=F308F1 sp=F36E stack=0644/6BF8 p=00/00/01 tgt=4162 irq=475 active=02 first=00 player=00 xy=8,80
BP_RESIDENT_RET_FROM_TARGET pc=C1E1 op=F308F1 sp=F370 stack=0644/6B68 p=00/00/01 tgt=53B4 irq=476 active=02 first=00 player=00 xy=8,80
BP_RESIDENT_RET_FROM_TARGET pc=C1E1 op=F308F1 sp=F36E stack=0644/6BF8 p=00/00/01 tgt=4162 irq=476 active=02 first=00 player=00 xy=8,80
BP_RESIDENT_RET_FROM_TARGET pc=C1E1 op=F308F1 sp=F370 stack=0644/6B68 p=00/00/01 tgt=53B4 irq=477 active=02 first=00 player=00 xy=8,80
BP_RESIDENT_RET_FROM_TARGET pc=C1E1 op=F308F1 sp=F36E stack=0644/6BF8 p=00/00/01 tgt=4162 irq=477 active=02 first=00 player=00 xy=8,80
BP_RESIDENT_RET_FROM_TARGET pc=C1E1 op=F308F1 sp=F370 stack=0644/6B68 p=00/00/01 tgt=53B4 irq=478 active=02 first=00 player=00 xy=8,80
BP_RESIDENT_RET_FROM_TARGET pc=C1E1 op=F308F1 sp=F36E stack=0644/6BF8 p=00/00/01 tgt=4162 irq=478 active=02 first=00 player=00 xy=8,80
BP_RESIDENT_RET_FROM_TARGET pc=C1E1 op=F308F1 sp=F370 stack=0644/6B68 p=00/00/01 tgt=53B4 irq=479 active=02 first=00 player=00 xy=8,80
BP_RESIDENT_RET_FROM_TARGET pc=C1E1 op=F308F1 sp=F36E stack=0644/6BF8 p=00/00/01 tgt=4162 irq=479 active=02 first=00 player=00 xy=8,80
BP_RESIDENT_RET_FROM_TARGET pc=C1E1 op=F308F1 sp=F370 stack=0644/6B68 p=00/00/01 tgt=53B4 irq=480 active=02 first=00 player=00 xy=8,80
BP_RESIDENT_RET_FROM_TARGET pc=C1E1 op=F308F1 sp=F36E stack=0644/6BF8 p=00/00/01 tgt=4162 irq=480 active=02 first=00 player=00 xy=8,80
BP_RESIDENT_RET_FROM_TARGET pc=C1E1 op=F308F1 sp=F370 stack=0644/6B68 p=00/00/01 tgt=53B4 irq=481 active=02 first=00 player=00 xy=8,80
BP_RESIDENT_RET_FROM_TARGET pc=C1E1 op=F308F1 sp=F36E stack=0644/6BF8 p=00/00/01 tgt=4162 irq=481 active=02 first=00 player=00 xy=8,80
BP_RESIDENT_RET_FROM_TARGET pc=C1E1 op=F308F1 sp=F370 stack=0644/6B68 p=00/00/01 tgt=53B4 irq=482 active=02 first=00 player=00 xy=8,80
BP_RESIDENT_RET_FROM_TARGET pc=C1E1 op=F308F1 sp=F36E stack=0644/6BF8 p=00/00/01 tgt=4162 irq=482 active=02 first=00 player=00 xy=8,80
SPC2_before pc=6140 op=CD596B sp=F376 stack=68CD/68CE p=06/06/01 tgt=4162 irq=482 active=02 first=00 player=00 xy=8,80
BP_RESIDENT_RET_FROM_TARGET pc=C1E1 op=F308F1 sp=F370 stack=0644/6B68 p=00/00/01 tgt=53B4 irq=483 active=02 first=00 player=00 xy=8,80
BP_RESIDENT_RET_FROM_TARGET pc=C1E1 op=F308F1 sp=F36E stack=0644/6BF8 p=00/00/01 tgt=4162 irq=483 active=02 first=00 player=00 xy=8,80
BP_RESIDENT_RET_FROM_TARGET pc=C1E1 op=F308F1 sp=F370 stack=0644/6B68 p=00/00/01 tgt=53B4 irq=484 active=02 first=00 player=00 xy=8,80
BP_RESIDENT_RET_FROM_TARGET pc=C1E1 op=F308F1 sp=F36E stack=0644/6BF8 p=00/00/01 tgt=4162 irq=484 active=02 first=00 player=00 xy=8,80
BP_RESIDENT_RET_FROM_TARGET pc=C1E1 op=F308F1 sp=F370 stack=0644/6B68 p=00/00/01 tgt=53B4 irq=485 active=02 first=00 player=00 xy=8,80
BP_RESIDENT_RET_FROM_TARGET pc=C1E1 op=F308F1 sp=F36E stack=0644/6BF8 p=00/00/01 tgt=4162 irq=485 active=02 first=00 player=00 xy=8,80
BP_RESIDENT_RET_FROM_TARGET pc=C1E1 op=F308F1 sp=F370 stack=0644/6B68 p=00/00/01 tgt=53B4 irq=486 active=02 first=00 player=00 xy=8,80
BP_RESIDENT_RET_FROM_TARGET pc=C1E1 op=F308F1 sp=F36E stack=0644/6BF8 p=00/00/01 tgt=4162 irq=486 active=02 first=00 player=00 xy=8,80
BP_RESIDENT_RET_FROM_TARGET pc=C1E1 op=F308F1 sp=F370 stack=0644/6B68 p=00/00/01 tgt=53B4 irq=487 active=02 first=00 player=00 xy=8,80
BP_RESIDENT_RET_FROM_TARGET pc=C1E1 op=F308F1 sp=F36E stack=0644/6BF8 p=00/00/01 tgt=4162 irq=487 active=02 first=00 player=00 xy=8,80
BP_RESIDENT_RET_FROM_TARGET pc=C1E1 op=F308F1 sp=F370 stack=0644/6B68 p=00/00/01 tgt=53B4 irq=488 active=02 first=00 player=00 xy=8,80
BP_RESIDENT_RET_FROM_TARGET pc=C1E1 op=F308F1 sp=F36E stack=0644/6BF8 p=00/00/01 tgt=4162 irq=488 active=02 first=00 player=00 xy=8,80
BP_RESIDENT_RET_FROM_TARGET pc=C1E1 op=F308F1 sp=F370 stack=0644/6B68 p=00/00/01 tgt=53B4 irq=489 active=02 first=00 player=00 xy=8,80
BP_RESIDENT_RET_FROM_TARGET pc=C1E1 op=F308F1 sp=F36E stack=0644/6BF8 p=00/00/01 tgt=4162 irq=489 active=02 first=00 player=00 xy=8,80
BP_RESIDENT_RET_FROM_TARGET pc=C1E1 op=F308F1 sp=F370 stack=0644/6B68 p=00/00/01 tgt=53B4 irq=490 active=02 first=00 player=00 xy=8,80
BP_RESIDENT_RET_FROM_TARGET pc=C1E1 op=F308F1 sp=F36E stack=0644/6BF8 p=00/00/01 tgt=4162 irq=490 active=02 first=00 player=00 xy=8,80
BP_RESIDENT_RET_FROM_TARGET pc=C1E1 op=F308F1 sp=F370 stack=0644/6B68 p=00/00/01 tgt=53B4 irq=491 active=02 first=00 player=00 xy=8,80
BP_RESIDENT_RET_FROM_TARGET pc=C1E1 op=F308F1 sp=F36E stack=0644/6BF8 p=00/00/01 tgt=4162 irq=491 active=02 first=00 player=00 xy=8,80
BP_RESIDENT_RET_FROM_TARGET pc=C1E1 op=F308F1 sp=F370 stack=0644/6B68 p=00/00/01 tgt=53B4 irq=492 active=02 first=00 player=00 xy=8,80
BP_RESIDENT_RET_FROM_TARGET pc=C1E1 op=F308F1 sp=F36E stack=0644/6BF8 p=00/00/01 tgt=4162 irq=492 active=02 first=00 player=00 xy=8,80
BP_RESIDENT_RET_FROM_TARGET pc=C1E1 op=F308F1 sp=F370 stack=0644/6B68 p=00/00/01 tgt=53B4 irq=493 active=02 first=00 player=00 xy=8,80
BP_RESIDENT_RET_FROM_TARGET pc=C1E1 op=F308F1 sp=F36E stack=0644/6BF8 p=00/00/01 tgt=4162 irq=493 active=02 first=00 player=00 xy=8,80
BP_RESIDENT_RET_FROM_TARGET pc=C1E1 op=F308F1 sp=F370 stack=0644/6B68 p=00/00/01 tgt=53B4 irq=494 active=02 first=00 player=00 xy=8,80
BP_RESIDENT_RET_FROM_TARGET pc=C1E1 op=F308F1 sp=F36E stack=0644/6BF8 p=00/00/01 tgt=4162 irq=494 active=02 first=00 player=00 xy=8,80
BP_RESIDENT_RET_FROM_TARGET pc=C1E1 op=F308F1 sp=F370 stack=0644/6B68 p=00/00/01 tgt=53B4 irq=495 active=02 first=00 player=00 xy=8,80
BP_RESIDENT_RET_FROM_TARGET pc=C1E1 op=F308F1 sp=F36E stack=0644/6BF8 p=00/00/01 tgt=4162 irq=495 active=02 first=00 player=00 xy=8,80
BP_RESIDENT_RET_FROM_TARGET pc=C1E1 op=F308F1 sp=F370 stack=0644/6B68 p=00/00/01 tgt=53B4 irq=496 active=02 first=00 player=00 xy=8,80
BP_RESIDENT_RET_FROM_TARGET pc=C1E1 op=F308F1 sp=F36E stack=0644/6BF8 p=00/00/01 tgt=4162 irq=496 active=02 first=00 player=00 xy=8,80
BP_RESIDENT_RET_FROM_TARGET pc=C1E1 op=F308F1 sp=F36A stack=0644/6BC8 p=00/00/01 tgt=5450 irq=496 active=02 first=00 player=00 xy=8,80
BP_RESIDENT_RET_FROM_TARGET pc=C1E1 op=F308F1 sp=F36A stack=0644/6BC8 p=00/00/01 tgt=5450 irq=496 active=02 first=00 player=00 xy=8,80
BP_RESIDENT_RET_FROM_TARGET pc=C1E1 op=F308F1 sp=F36A stack=0644/6BC8 p=00/00/01 tgt=5450 irq=496 active=02 first=00 player=00 xy=8,80
BP_RESIDENT_RET_FROM_TARGET pc=C1E1 op=F308F1 sp=F36A stack=0644/6BC8 p=00/00/01 tgt=5450 irq=496 active=02 first=00 player=00 xy=8,80
BP_RESIDENT_RET_FROM_TARGET pc=C1E1 op=F308F1 sp=F36A stack=0644/6B88 p=00/00/01 tgt=5426 irq=496 active=02 first=00 player=00 xy=8,80
BP_RESIDENT_RET_FROM_TARGET pc=C1E1 op=F308F1 sp=F370 stack=0644/6B78 p=00/00/01 tgt=543C irq=496 active=02 first=00 player=00 xy=8,80
BP_RESIDENT_RET_FROM_TARGET pc=C1E1 op=F308F1 sp=F370 stack=0644/6B88 p=00/00/01 tgt=5426 irq=496 active=02 first=00 player=00 xy=8,80
SPC2_after pc=63D3 op=1910F3 sp=F34C stack=0011/623A p=0A/0A/01 tgt=53DE irq=496 active=02 first=00 player=00 xy=8,80
BP_RESIDENT_RET_FROM_TARGET pc=C1E1 op=F308F1 sp=F35E stack=0944/6652 p=00/00/01 tgt=53DE irq=497 active=02 first=00 player=00 xy=8,80
BP_RESIDENT_RET_FROM_TARGET pc=C1E1 op=F308F1 sp=F34E stack=0844/66CC p=00/00/01 tgt=48BD irq=497 active=02 first=00 player=00 xy=8,80
BP_RESIDENT_RET_FROM_TARGET pc=C1E1 op=F308F1 sp=F34E stack=0844/66CC p=00/00/01 tgt=48BD irq=497 active=02 first=00 player=00 xy=8,80
BP_RESIDENT_RET_FROM_TARGET pc=C1E1 op=F308F1 sp=F34E stack=0844/66CC p=00/00/01 tgt=48BD irq=497 active=02 first=00 player=00 xy=8,80
BP_RESIDENT_RET_FROM_TARGET pc=C1E1 op=F308F1 sp=F34E stack=0844/66CC p=00/00/01 tgt=48BD irq=497 active=02 first=00 player=00 xy=8,80
BP_RESIDENT_RET_FROM_TARGET pc=C1E1 op=F308F1 sp=F34E stack=0844/66CC p=00/00/01 tgt=48BD irq=497 active=02 first=00 player=00 xy=8,80
BP_RESIDENT_RET_FROM_TARGET pc=C1E1 op=F308F1 sp=F34E stack=0844/66CC p=00/00/01 tgt=48BD irq=498 active=02 first=00 player=00 xy=8,80
BP_RESIDENT_RET_FROM_TARGET pc=C1E1 op=F308F1 sp=F34E stack=0844/66CC p=00/00/01 tgt=48BD irq=498 active=02 first=00 player=00 xy=8,80
BP_RESIDENT_RET_FROM_TARGET pc=C1E1 op=F308F1 sp=F34E stack=0844/66CC p=00/00/01 tgt=48BD irq=498 active=02 first=00 player=00 xy=8,80
BP_RESIDENT_RET_FROM_TARGET pc=C1E1 op=F308F1 sp=F34E stack=0844/66CC p=00/00/01 tgt=48BD irq=498 active=02 first=00 player=00 xy=8,80
BP_RESIDENT_RET_FROM_TARGET pc=C1E1 op=F308F1 sp=F34E stack=0844/66CC p=00/00/01 tgt=48BD irq=498 active=02 first=00 player=00 xy=8,80
BP_RESIDENT_RET_FROM_TARGET pc=C1E1 op=F308F1 sp=F34E stack=0844/66CC p=00/00/01 tgt=48BD irq=498 active=02 first=00 player=00 xy=8,80
BP_RESIDENT_RET_FROM_TARGET pc=C1E1 op=F308F1 sp=F34E stack=0844/66CC p=00/00/01 tgt=48BD irq=498 active=02 first=00 player=00 xy=8,80
BP_RESIDENT_RET_FROM_TARGET pc=C1E1 op=F308F1 sp=F34E stack=0844/66CC p=00/00/01 tgt=48BD irq=498 active=02 first=00 player=00 xy=8,80
BP_RESIDENT_RET_FROM_TARGET pc=C1E1 op=F308F1 sp=F34E stack=0844/66CC p=00/00/01 tgt=48BD irq=499 active=02 first=00 player=00 xy=8,80
BP_RESIDENT_RET_FROM_TARGET pc=C1E1 op=F308F1 sp=F34E stack=0844/66CC p=00/00/01 tgt=48BD irq=499 active=02 first=00 player=00 xy=8,80
BP_RESIDENT_RET_FROM_TARGET pc=C1E1 op=F308F1 sp=F34E stack=0844/66CC p=00/00/01 tgt=48BD irq=499 active=02 first=00 player=00 xy=8,80
BP_RESIDENT_RET_FROM_TARGET pc=C1E1 op=F308F1 sp=F34E stack=0844/66CC p=00/00/01 tgt=48BD irq=499 active=02 first=00 player=00 xy=8,80
BP_RESIDENT_RET_FROM_TARGET pc=C1E1 op=F308F1 sp=F34E stack=0844/66CC p=00/00/01 tgt=48BD irq=499 active=02 first=00 player=00 xy=8,80
BP_RESIDENT_RET_FROM_TARGET pc=C1E1 op=F308F1 sp=F34E stack=0844/66CC p=00/00/01 tgt=48BD irq=499 active=02 first=00 player=00 xy=8,80
BP_RESIDENT_RET_FROM_TARGET pc=C1E1 op=F308F1 sp=F34E stack=0844/66CC p=00/00/01 tgt=48BD irq=499 active=02 first=00 player=00 xy=8,80
BP_RESIDENT_RET_FROM_TARGET pc=C1E1 op=F308F1 sp=F34E stack=0844/66CC p=00/00/01 tgt=48BD irq=499 active=02 first=00 player=00 xy=8,80
BP_RESIDENT_RET_FROM_TARGET pc=C1E1 op=F308F1 sp=F34E stack=0844/66CC p=00/00/01 tgt=48BD irq=499 active=02 first=00 player=00 xy=8,80
BP_RESIDENT_RET_FROM_TARGET pc=C1E1 op=F308F1 sp=F34E stack=0844/66CC p=00/00/01 tgt=48BD irq=500 active=02 first=00 player=00 xy=8,80
BP_RESIDENT_RET_FROM_TARGET pc=C1E1 op=F308F1 sp=F34E stack=0844/66CC p=00/00/01 tgt=48BD irq=500 active=02 first=00 player=00 xy=8,80
BP_RESIDENT_RET_FROM_TARGET pc=C1E1 op=F308F1 sp=F34E stack=0844/66CC p=00/00/01 tgt=48BD irq=500 active=02 first=00 player=00 xy=8,80
BP_RESIDENT_RET_FROM_TARGET pc=C1E1 op=F308F1 sp=F34E stack=0844/66CC p=00/00/01 tgt=48BD irq=500 active=02 first=00 player=00 xy=8,80
BP_RESIDENT_RET_FROM_TARGET pc=C1E1 op=F308F1 sp=F34E stack=0844/66CC p=00/00/01 tgt=48BD irq=500 active=02 first=00 player=00 xy=8,80
BP_RESIDENT_RET_FROM_TARGET pc=C1E1 op=F308F1 sp=F34E stack=0844/66CC p=00/00/01 tgt=48BD irq=500 active=02 first=00 player=00 xy=8,80
BP_RESIDENT_RET_FROM_TARGET pc=C1E1 op=F308F1 sp=F34E stack=0844/66CC p=00/00/01 tgt=48BD irq=500 active=02 first=00 player=00 xy=8,80
BP_RESIDENT_RET_FROM_TARGET pc=C1E1 op=F308F1 sp=F34E stack=0844/66CC p=00/00/01 tgt=48BD irq=500 active=02 first=00 player=00 xy=8,80
BP_RESIDENT_RET_FROM_TARGET pc=C1E1 op=F308F1 sp=F34E stack=0844/66CC p=00/00/01 tgt=48BD irq=501 active=02 first=00 player=00 xy=8,80
BP_RESIDENT_RET_FROM_TARGET pc=C1E1 op=F308F1 sp=F34E stack=0844/66CC p=00/00/01 tgt=48BD irq=501 active=02 first=00 player=00 xy=8,80
BP_RESIDENT_RET_FROM_TARGET pc=C1E1 op=F308F1 sp=F34E stack=0844/66CC p=00/00/01 tgt=48BD irq=501 active=02 first=00 player=00 xy=8,80
BP_RESIDENT_RET_FROM_TARGET pc=C1E1 op=F308F1 sp=F34E stack=0844/66CC p=00/00/01 tgt=48BD irq=501 active=02 first=00 player=00 xy=8,80
BP_RESIDENT_RET_FROM_TARGET pc=C1E1 op=F308F1 sp=F34E stack=0844/66CC p=00/00/01 tgt=48BD irq=501 active=02 first=00 player=00 xy=8,80
BP_RESIDENT_RET_FROM_TARGET pc=C1E1 op=F308F1 sp=F34E stack=0844/66CC p=00/00/01 tgt=48BD irq=501 active=02 first=00 player=00 xy=8,80
BP_RESIDENT_RET_FROM_TARGET pc=C1E1 op=F308F1 sp=F34E stack=0844/66CC p=00/00/01 tgt=48BD irq=501 active=02 first=00 player=00 xy=8,80
BP_RESIDENT_RET_FROM_TARGET pc=C1E1 op=F308F1 sp=F34E stack=0844/66CC p=00/00/01 tgt=48BD irq=501 active=02 first=00 player=00 xy=8,80
BP_RESIDENT_RET_FROM_TARGET pc=C1E1 op=F308F1 sp=F34E stack=0844/66CC p=00/00/01 tgt=48BD irq=502 active=02 first=00 player=00 xy=8,80
BP_RESIDENT_RET_FROM_TARGET pc=C1E1 op=F308F1 sp=F34E stack=0844/66CC p=00/00/01 tgt=48BD irq=502 active=02 first=00 player=00 xy=8,80
BP_RESIDENT_RET_FROM_TARGET pc=C1E1 op=F308F1 sp=F34E stack=0844/66CC p=00/00/01 tgt=48BD irq=502 active=02 first=00 player=00 xy=8,80
BP_RESIDENT_RET_FROM_TARGET pc=C1E1 op=F308F1 sp=F34E stack=0844/66CC p=00/00/01 tgt=48BD irq=502 active=02 first=00 player=00 xy=8,80
BP_RESIDENT_RET_FROM_TARGET pc=C1E1 op=F308F1 sp=F34E stack=0844/66CC p=00/00/01 tgt=48BD irq=502 active=02 first=00 player=00 xy=8,80
BP_RESIDENT_RET_FROM_TARGET pc=C1E1 op=F308F1 sp=F34E stack=0844/66CC p=00/00/01 tgt=48BD irq=502 active=02 first=00 player=00 xy=8,80
BP_RESIDENT_RET_FROM_TARGET pc=C1E1 op=F308F1 sp=F34E stack=0844/66CC p=00/00/01 tgt=48BD irq=502 active=02 first=00 player=00 xy=8,80
BP_RESIDENT_RET_FROM_TARGET pc=C1E1 op=F308F1 sp=F34E stack=0844/66CC p=00/00/01 tgt=48BD irq=502 active=02 first=00 player=00 xy=8,80
BP_RESIDENT_RET_FROM_TARGET pc=C1E1 op=F308F1 sp=F34E stack=0844/66CC p=00/00/01 tgt=48BD irq=502 active=02 first=00 player=00 xy=8,80
BP_RESIDENT_RET_FROM_TARGET pc=C1E1 op=F308F1 sp=F34E stack=0844/66CC p=00/00/01 tgt=48BD irq=503 active=02 first=00 player=00 xy=8,80
BP_RESIDENT_RET_FROM_TARGET pc=C1E1 op=F308F1 sp=F34E stack=0844/66CC p=00/00/01 tgt=48BD irq=503 active=02 first=00 player=00 xy=8,80
BP_RESIDENT_RET_FROM_TARGET pc=C1E1 op=F308F1 sp=F34E stack=0844/66CC p=00/00/01 tgt=48BD irq=503 active=02 first=00 player=00 xy=8,80
BP_RESIDENT_RET_FROM_TARGET pc=C1E1 op=F308F1 sp=F34E stack=0844/66CC p=00/00/01 tgt=48BD irq=503 active=02 first=00 player=00 xy=8,80
BP_RESIDENT_RET_FROM_TARGET pc=C1E1 op=F308F1 sp=F34E stack=0844/66CC p=00/00/01 tgt=48BD irq=503 active=02 first=00 player=00 xy=8,80
BP_RESIDENT_RET_FROM_TARGET pc=C1E1 op=F308F1 sp=F34E stack=0844/66CC p=00/00/01 tgt=48BD irq=503 active=02 first=00 player=00 xy=8,80
BP_RESIDENT_RET_FROM_TARGET pc=C1E1 op=F308F1 sp=F34E stack=0844/66CC p=00/00/01 tgt=48BD irq=503 active=02 first=00 player=00 xy=8,80
BP_RESIDENT_RET_FROM_TARGET pc=C1E1 op=F308F1 sp=F34E stack=0844/66CC p=00/00/01 tgt=48BD irq=503 active=02 first=00 player=00 xy=8,80
BP_RESIDENT_RET_FROM_TARGET pc=C1E1 op=F308F1 sp=F34E stack=0844/66CC p=00/00/01 tgt=48BD irq=504 active=02 first=00 player=00 xy=8,80
BP_RESIDENT_RET_FROM_TARGET pc=C1E1 op=F308F1 sp=F34E stack=0844/66CC p=00/00/01 tgt=48BD irq=504 active=02 first=00 player=00 xy=8,80
BP_RESIDENT_RET_FROM_TARGET pc=C1E1 op=F308F1 sp=F34E stack=0844/66CC p=00/00/01 tgt=48BD irq=504 active=02 first=00 player=00 xy=8,80
BP_RESIDENT_RET_FROM_TARGET pc=C1E1 op=F308F1 sp=F34E stack=0844/66CC p=00/00/01 tgt=48BD irq=504 active=02 first=00 player=00 xy=8,80
BP_RESIDENT_RET_FROM_TARGET pc=C1E1 op=F308F1 sp=F35E stack=0944/6662 p=00/00/01 tgt=48BD irq=504 active=02 first=00 player=00 xy=8,80
BP_RESIDENT_RET_FROM_TARGET pc=C1E1 op=F308F1 sp=F336 stack=0544/70DF p=00/00/01 tgt=411E irq=504 active=02 first=00 player=00 xy=8,80
BP_RESIDENT_RET_FROM_TARGET pc=C1E1 op=F308F1 sp=F34C stack=0544/711F p=00/00/01 tgt=411E irq=504 active=02 first=00 player=00 xy=8,80
BP_RESIDENT_RET_FROM_TARGET pc=C1E1 op=F308F1 sp=F334 stack=0544/70EF p=00/00/01 tgt=40E0 irq=504 active=02 first=00 player=00 xy=8,80
BP_RESIDENT_RET_FROM_TARGET pc=C1E1 op=F308F1 sp=F334 stack=0544/70EF p=00/00/01 tgt=40E0 irq=504 active=02 first=00 player=00 xy=8,80
BP_RESIDENT_RET_FROM_TARGET pc=C1E1 op=F308F1 sp=F334 stack=0544/70EF p=00/00/01 tgt=40E0 irq=504 active=02 first=00 player=00 xy=8,80
BP_RESIDENT_RET_FROM_TARGET pc=C1E1 op=F308F1 sp=F334 stack=0544/70EF p=00/00/01 tgt=40E0 irq=504 active=02 first=00 player=00 xy=8,80
BP_RESIDENT_RET_FROM_TARGET pc=C1E1 op=F308F1 sp=F334 stack=0544/70EF p=00/00/01 tgt=40E0 irq=504 active=02 first=00 player=00 xy=8,80
BP_RESIDENT_RET_FROM_TARGET pc=C1E1 op=F308F1 sp=F334 stack=0544/70EF p=00/00/01 tgt=40E0 irq=504 active=02 first=00 player=00 xy=8,80
BP_RESIDENT_RET_FROM_TARGET pc=C1E1 op=F308F1 sp=F334 stack=0544/70EF p=00/00/01 tgt=40E0 irq=504 active=02 first=00 player=00 xy=8,80
BP_RESIDENT_RET_FROM_TARGET pc=C1E1 op=F308F1 sp=F334 stack=0544/70EF p=00/00/01 tgt=40E0 irq=504 active=02 first=00 player=00 xy=8,80
BP_RESIDENT_RET_FROM_TARGET pc=C1E1 op=F308F1 sp=F334 stack=0544/70EF p=00/00/01 tgt=40E0 irq=504 active=02 first=00 player=00 xy=8,80
BP_RESIDENT_RET_FROM_TARGET pc=C1E1 op=F308F1 sp=F334 stack=0544/70EF p=00/00/01 tgt=40E0 irq=504 active=02 first=00 player=00 xy=8,80
BP_RESIDENT_RET_FROM_TARGET pc=C1E1 op=F308F1 sp=F334 stack=0544/70EF p=00/00/01 tgt=40E0 irq=504 active=02 first=00 player=00 xy=8,80
BP_RESIDENT_RET_FROM_TARGET pc=C1E1 op=F308F1 sp=F334 stack=0544/70EF p=00/00/01 tgt=40E0 irq=504 active=02 first=00 player=00 xy=8,80
BP_RESIDENT_RET_FROM_TARGET pc=C1E1 op=F308F1 sp=F34C stack=0544/712F p=00/00/01 tgt=40E0 irq=504 active=02 first=00 player=00 xy=8,80
BP_RESIDENT_RET_FROM_TARGET pc=C1E1 op=F308F1 sp=F338 stack=1044/6063 p=00/00/01 tgt=48BD irq=505 active=02 first=00 player=00 xy=8,80
BP_RESIDENT_RET_FROM_TARGET pc=C1E1 op=F308F1 sp=F338 stack=1044/6063 p=00/00/01 tgt=48BD irq=506 active=02 first=00 player=00 xy=8,80
BP_RESIDENT_RET_FROM_TARGET pc=C1E1 op=F308F1 sp=F338 stack=1044/6063 p=00/00/01 tgt=48BD irq=507 active=02 first=00 player=00 xy=8,80
BP_RESIDENT_RET_FROM_TARGET pc=C1E1 op=F308F1 sp=F34C stack=0544/713F p=00/00/01 tgt=48BD irq=507 active=02 first=00 player=00 xy=8,80
BP_RESIDENT_RET_FROM_TARGET pc=C1E1 op=F308F1 sp=F338 stack=1144/6063 p=00/00/01 tgt=48BD irq=508 active=02 first=00 player=00 xy=8,80
BP_RESIDENT_RET_FROM_TARGET pc=C1E1 op=F308F1 sp=F338 stack=1144/6063 p=00/00/01 tgt=48BD irq=508 active=02 first=00 player=00 xy=8,80
BP_RESIDENT_RET_FROM_TARGET pc=C1E1 op=F308F1 sp=F338 stack=1144/6063 p=00/00/01 tgt=48BD irq=509 active=02 first=00 player=00 xy=8,80
BP_RESIDENT_RET_FROM_TARGET pc=C1E1 op=F308F1 sp=F34C stack=0544/714F p=00/00/01 tgt=48BD irq=509 active=02 first=00 player=00 xy=8,80
BP_RESIDENT_RET_FROM_TARGET pc=C1E1 op=F308F1 sp=F330 stack=0E44/63D5 p=00/00/01 tgt=40CA irq=509 active=02 first=00 player=00 xy=8,80
BP_RESIDENT_RET_FROM_TARGET pc=C1E1 op=F308F1 sp=F330 stack=0E44/63D5 p=00/00/01 tgt=40CA irq=509 active=02 first=00 player=00 xy=8,80
BP_RESIDENT_RET_FROM_TARGET pc=C1E1 op=F308F1 sp=F330 stack=0E44/63D5 p=00/00/01 tgt=40CA irq=510 active=02 first=00 player=00 xy=8,80
BP_RESIDENT_RET_FROM_TARGET pc=C1E1 op=F308F1 sp=F330 stack=0E44/63D5 p=00/00/01 tgt=40CA irq=510 active=02 first=00 player=00 xy=8,80
BP_RESIDENT_RET_FROM_TARGET pc=C1E1 op=F308F1 sp=F330 stack=0E44/63D5 p=00/00/01 tgt=40CA irq=510 active=02 first=00 player=00 xy=8,80
BP_RESIDENT_RET_FROM_TARGET pc=C1E1 op=F308F1 sp=F330 stack=0E44/63D5 p=00/00/01 tgt=40CA irq=510 active=02 first=00 player=00 xy=8,80
BP_RESIDENT_RET_FROM_TARGET pc=C1E1 op=F308F1 sp=F330 stack=0E44/63D5 p=00/00/01 tgt=40CA irq=510 active=02 first=00 player=00 xy=8,80
BP_RESIDENT_RET_FROM_TARGET pc=C1E1 op=F308F1 sp=F330 stack=0E44/63D5 p=00/00/01 tgt=40CA irq=510 active=02 first=00 player=00 xy=8,80
BP_RESIDENT_RET_FROM_TARGET pc=C1E1 op=F308F1 sp=F330 stack=0E44/63D5 p=00/00/01 tgt=40CA irq=510 active=02 first=00 player=00 xy=8,80
BP_RESIDENT_RET_FROM_TARGET pc=C1E1 op=F308F1 sp=F330 stack=0E44/63D5 p=00/00/01 tgt=40CA irq=510 active=02 first=00 player=00 xy=8,80
BP_RESIDENT_RET_FROM_TARGET pc=C1E1 op=F308F1 sp=F330 stack=0E44/63D5 p=00/00/01 tgt=40CA irq=510 active=02 first=00 player=00 xy=8,80
BP_RESIDENT_RET_FROM_TARGET pc=C1E1 op=F308F1 sp=F330 stack=0E44/63D5 p=00/00/01 tgt=40CA irq=510 active=02 first=00 player=00 xy=8,80
BP_RESIDENT_RET_FROM_TARGET pc=C1E1 op=F308F1 sp=F330 stack=0E44/63D5 p=00/00/01 tgt=40CA irq=510 active=02 first=00 player=00 xy=8,80
BP_RESIDENT_RET_FROM_TARGET pc=C1E1 op=F308F1 sp=F330 stack=0E44/63D5 p=00/00/01 tgt=40CA irq=510 active=02 first=00 player=00 xy=8,80
BP_RESIDENT_RET_FROM_TARGET pc=C1E1 op=F308F1 sp=F330 stack=0E44/63D5 p=00/00/01 tgt=40CA irq=510 active=02 first=00 player=00 xy=8,80
BP_RESIDENT_RET_FROM_TARGET pc=C1E1 op=F308F1 sp=F330 stack=0E44/63D5 p=00/00/01 tgt=40CA irq=510 active=02 first=00 player=00 xy=8,80
BP_RESIDENT_RET_FROM_TARGET pc=C1E1 op=F308F1 sp=F330 stack=0E44/63D5 p=00/00/01 tgt=40CA irq=510 active=02 first=00 player=00 xy=8,80
BP_RESIDENT_RET_FROM_TARGET pc=C1E1 op=F308F1 sp=F330 stack=0E44/63D5 p=00/00/01 tgt=40CA irq=510 active=02 first=00 player=00 xy=8,80
BP_RESIDENT_RET_FROM_TARGET pc=C1E1 op=F308F1 sp=F330 stack=0E44/63D5 p=00/00/01 tgt=40CA irq=510 active=02 first=00 player=00 xy=8,80
BP_RESIDENT_RET_FROM_TARGET pc=C1E1 op=F308F1 sp=F330 stack=0E44/63D5 p=00/00/01 tgt=40CA irq=510 active=02 first=00 player=00 xy=8,80
BP_RESIDENT_RET_FROM_TARGET pc=C1E1 op=F308F1 sp=F330 stack=0E44/63D5 p=00/00/01 tgt=40CA irq=510 active=02 first=00 player=00 xy=8,80
BP_RESIDENT_RET_FROM_TARGET pc=C1E1 op=F308F1 sp=F330 stack=0E44/63D5 p=00/00/01 tgt=40CA irq=510 active=02 first=00 player=00 xy=8,80
BP_RESIDENT_RET_FROM_TARGET pc=C1E1 op=F308F1 sp=F330 stack=0E44/63D5 p=00/00/01 tgt=40CA irq=510 active=02 first=00 player=00 xy=8,80
BP_RESIDENT_RET_FROM_TARGET pc=C1E1 op=F308F1 sp=F330 stack=0E44/63D5 p=00/00/01 tgt=40CA irq=510 active=02 first=00 player=00 xy=8,80
BP_RESIDENT_RET_FROM_TARGET pc=C1E1 op=F308F1 sp=F330 stack=0E44/63D5 p=00/00/01 tgt=40CA irq=510 active=02 first=00 player=00 xy=8,80
BP_RESIDENT_RET_FROM_TARGET pc=C1E1 op=F308F1 sp=F330 stack=0E44/63D5 p=00/00/01 tgt=40CA irq=510 active=02 first=00 player=00 xy=8,80
BP_RESIDENT_RET_FROM_TARGET pc=C1E1 op=F308F1 sp=F330 stack=0E44/63D5 p=00/00/01 tgt=40CA irq=510 active=02 first=00 player=00 xy=8,80
BP_RESIDENT_RET_FROM_TARGET pc=C1E1 op=F308F1 sp=F330 stack=0E44/63D5 p=00/00/01 tgt=40CA irq=510 active=02 first=00 player=00 xy=8,80
BP_RESIDENT_RET_FROM_TARGET pc=C1E1 op=F308F1 sp=F330 stack=0E44/63D5 p=00/00/01 tgt=40CA irq=510 active=02 first=00 player=00 xy=8,80
BP_RESIDENT_RET_FROM_TARGET pc=C1E1 op=F308F1 sp=F330 stack=0E44/63D5 p=00/00/01 tgt=40CA irq=510 active=02 first=00 player=00 xy=8,80
BP_RESIDENT_RET_FROM_TARGET pc=C1E1 op=F308F1 sp=F330 stack=0E44/63D5 p=00/00/01 tgt=40CA irq=510 active=02 first=00 player=00 xy=8,80
BP_RESIDENT_RET_FROM_TARGET pc=C1E1 op=F308F1 sp=F330 stack=0E44/63D5 p=00/00/01 tgt=40CA irq=510 active=02 first=00 player=00 xy=8,80
BP_RESIDENT_RET_FROM_TARGET pc=C1E1 op=F308F1 sp=F330 stack=0E44/63D5 p=00/00/01 tgt=40CA irq=510 active=02 first=00 player=00 xy=8,80
BP_RESIDENT_RET_FROM_TARGET pc=C1E1 op=F308F1 sp=F330 stack=0E44/63D5 p=00/00/01 tgt=40CA irq=510 active=02 first=00 player=00 xy=8,80
BP_RESIDENT_RET_FROM_TARGET pc=C1E1 op=F308F1 sp=F330 stack=0E44/63D5 p=00/00/01 tgt=40CA irq=510 active=02 first=00 player=00 xy=8,80
BP_RESIDENT_RET_FROM_TARGET pc=C1E1 op=F308F1 sp=F330 stack=0E44/63D5 p=00/00/01 tgt=40CA irq=510 active=02 first=00 player=00 xy=8,80
BP_RESIDENT_RET_FROM_TARGET pc=C1E1 op=F308F1 sp=F330 stack=0E44/63D5 p=00/00/01 tgt=40CA irq=510 active=02 first=00 player=00 xy=8,80
BP_RESIDENT_RET_FROM_TARGET pc=C1E1 op=F308F1 sp=F330 stack=0E44/63D5 p=00/00/01 tgt=40CA irq=510 active=02 first=00 player=00 xy=8,80
BP_RESIDENT_RET_FROM_TARGET pc=C1E1 op=F308F1 sp=F330 stack=0E44/63D5 p=00/00/01 tgt=40CA irq=510 active=02 first=00 player=00 xy=8,80
BP_RESIDENT_RET_FROM_TARGET pc=C1E1 op=F308F1 sp=F330 stack=0E44/63D5 p=00/00/01 tgt=40CA irq=510 active=02 first=00 player=00 xy=8,80
BP_RESIDENT_RET_FROM_TARGET pc=C1E1 op=F308F1 sp=F330 stack=0E44/63D5 p=00/00/01 tgt=40CA irq=510 active=02 first=00 player=00 xy=8,80
BP_RESIDENT_RET_FROM_TARGET pc=C1E1 op=F308F1 sp=F330 stack=0E44/63D5 p=00/00/01 tgt=40CA irq=510 active=02 first=00 player=00 xy=8,80
BP_RESIDENT_RET_FROM_TARGET pc=C1E1 op=F308F1 sp=F330 stack=0E44/63D5 p=00/00/01 tgt=40CA irq=510 active=02 first=00 player=00 xy=8,80
BP_RESIDENT_RET_FROM_TARGET pc=C1E1 op=F308F1 sp=F330 stack=0E44/63D5 p=00/00/01 tgt=40CA irq=510 active=02 first=00 player=00 xy=8,80
BP_RESIDENT_RET_FROM_TARGET pc=C1E1 op=F308F1 sp=F330 stack=0E44/63D5 p=00/00/01 tgt=40CA irq=510 active=02 first=00 player=00 xy=8,80
BP_RESIDENT_RET_FROM_TARGET pc=C1E1 op=F308F1 sp=F330 stack=0E44/63D5 p=00/00/01 tgt=40CA irq=510 active=02 first=00 player=00 xy=8,80
BP_RESIDENT_RET_FROM_TARGET pc=C1E1 op=F308F1 sp=F330 stack=0E44/63D5 p=00/00/01 tgt=40CA irq=511 active=02 first=00 player=00 xy=8,80
BP_RESIDENT_RET_FROM_TARGET pc=C1E1 op=F308F1 sp=F330 stack=0E44/63D5 p=00/00/01 tgt=40CA irq=511 active=02 first=00 player=00 xy=8,80
BP_RESIDENT_RET_FROM_TARGET pc=C1E1 op=F308F1 sp=F330 stack=0E44/63D5 p=00/00/01 tgt=40CA irq=511 active=02 first=00 player=00 xy=8,80
BP_RESIDENT_RET_FROM_TARGET pc=C1E1 op=F308F1 sp=F330 stack=0E44/63D5 p=00/00/01 tgt=40CA irq=511 active=02 first=00 player=00 xy=8,80
BP_RESIDENT_RET_FROM_TARGET pc=C1E1 op=F308F1 sp=F330 stack=0E44/63D5 p=00/00/01 tgt=40CA irq=511 active=02 first=00 player=00 xy=8,80
BP_RESIDENT_RET_FROM_TARGET pc=C1E1 op=F308F1 sp=F330 stack=0E44/63D5 p=00/00/01 tgt=40CA irq=511 active=02 first=00 player=00 xy=8,80
BP_RESIDENT_RET_FROM_TARGET pc=C1E1 op=F308F1 sp=F330 stack=0E44/63D5 p=00/00/01 tgt=40CA irq=511 active=02 first=00 player=00 xy=8,80
BP_RESIDENT_RET_FROM_TARGET pc=C1E1 op=F308F1 sp=F330 stack=0E44/63D5 p=00/00/01 tgt=40CA irq=511 active=02 first=00 player=00 xy=8,80
BP_RESIDENT_RET_FROM_TARGET pc=C1E1 op=F308F1 sp=F330 stack=0E44/63D5 p=00/00/01 tgt=40CA irq=511 active=02 first=00 player=00 xy=8,80
BP_RESIDENT_RET_FROM_TARGET pc=C1E1 op=F308F1 sp=F330 stack=0E44/63D5 p=00/00/01 tgt=40CA irq=511 active=02 first=00 player=00 xy=8,80
BP_RESIDENT_RET_FROM_TARGET pc=C1E1 op=F308F1 sp=F330 stack=0E44/63D5 p=00/00/01 tgt=40CA irq=511 active=02 first=00 player=00 xy=8,80
BP_RESIDENT_RET_FROM_TARGET pc=C1E1 op=F308F1 sp=F330 stack=0E44/63D5 p=00/00/01 tgt=40CA irq=511 active=02 first=00 player=00 xy=8,80
BP_RESIDENT_RET_FROM_TARGET pc=C1E1 op=F308F1 sp=F330 stack=0E44/63D5 p=00/00/01 tgt=40CA irq=511 active=02 first=00 player=00 xy=8,80
BP_RESIDENT_RET_FROM_TARGET pc=C1E1 op=F308F1 sp=F330 stack=0E44/63D5 p=00/00/01 tgt=40CA irq=511 active=02 first=00 player=00 xy=8,80
BP_RESIDENT_RET_FROM_TARGET pc=C1E1 op=F308F1 sp=F330 stack=0E44/63D5 p=00/00/01 tgt=40CA irq=511 active=02 first=00 player=00 xy=8,80
BP_RESIDENT_RET_FROM_TARGET pc=C1E1 op=F308F1 sp=F330 stack=0E44/63D5 p=00/00/01 tgt=40CA irq=511 active=02 first=00 player=00 xy=8,80
BP_RESIDENT_RET_FROM_TARGET pc=C1E1 op=F308F1 sp=F330 stack=0E44/63D5 p=00/00/01 tgt=40CA irq=511 active=02 first=00 player=00 xy=8,80
BP_RESIDENT_RET_FROM_TARGET pc=C1E1 op=F308F1 sp=F330 stack=0E44/63D5 p=00/00/01 tgt=40CA irq=511 active=02 first=00 player=00 xy=8,80
BP_RESIDENT_RET_FROM_TARGET pc=C1E1 op=F308F1 sp=F330 stack=0E44/63D5 p=00/00/01 tgt=40CA irq=511 active=02 first=00 player=00 xy=8,80
BP_RESIDENT_RET_FROM_TARGET pc=C1E1 op=F308F1 sp=F330 stack=0E44/63D5 p=00/00/01 tgt=40CA irq=511 active=02 first=00 player=00 xy=8,80
BP_RESIDENT_RET_FROM_TARGET pc=C1E1 op=F308F1 sp=F330 stack=0E44/63D5 p=00/00/01 tgt=40CA irq=511 active=02 first=00 player=00 xy=8,80
BP_RESIDENT_RET_FROM_TARGET pc=C1E1 op=F308F1 sp=F330 stack=0E44/63D5 p=00/00/01 tgt=40CA irq=511 active=02 first=00 player=00 xy=8,80
BP_RESIDENT_RET_FROM_TARGET pc=C1E1 op=F308F1 sp=F330 stack=0E44/63D5 p=00/00/01 tgt=40CA irq=511 active=02 first=00 player=00 xy=8,80
BP_RESIDENT_RET_FROM_TARGET pc=C1E1 op=F308F1 sp=F330 stack=0E44/63D5 p=00/00/01 tgt=40CA irq=511 active=02 first=00 player=00 xy=8,80
BP_RESIDENT_RET_FROM_TARGET pc=C1E1 op=F308F1 sp=F330 stack=0E44/63D5 p=00/00/01 tgt=40CA irq=511 active=02 first=00 player=00 xy=8,80
BP_RESIDENT_RET_FROM_TARGET pc=C1E1 op=F308F1 sp=F330 stack=0E44/63D5 p=00/00/01 tgt=40CA irq=511 active=02 first=00 player=00 xy=8,80
BP_RESIDENT_RET_FROM_TARGET pc=C1E1 op=F308F1 sp=F330 stack=0E44/63D5 p=00/00/01 tgt=40CA irq=511 active=02 first=00 player=00 xy=8,80
BP_RESIDENT_RET_FROM_TARGET pc=C1E1 op=F308F1 sp=F330 stack=0E44/63D5 p=00/00/01 tgt=40CA irq=511 active=02 first=00 player=00 xy=8,80
BP_RESIDENT_RET_FROM_TARGET pc=C1E1 op=F308F1 sp=F330 stack=0E44/63D5 p=00/00/01 tgt=40CA irq=511 active=02 first=00 player=00 xy=8,80
BP_RESIDENT_RET_FROM_TARGET pc=C1E1 op=F308F1 sp=F330 stack=0E44/63D5 p=00/00/01 tgt=40CA irq=511 active=02 first=00 player=00 xy=8,80
BP_RESIDENT_RET_FROM_TARGET pc=C1E1 op=F308F1 sp=F330 stack=0E44/63D5 p=00/00/01 tgt=40CA irq=511 active=02 first=00 player=00 xy=8,80
BP_RESIDENT_RET_FROM_TARGET pc=C1E1 op=F308F1 sp=F330 stack=0E44/63D5 p=00/00/01 tgt=40CA irq=511 active=02 first=00 player=00 xy=8,80
BP_RESIDENT_RET_FROM_TARGET pc=C1E1 op=F308F1 sp=F330 stack=0E44/63D5 p=00/00/01 tgt=40CA irq=511 active=02 first=00 player=00 xy=8,80
BP_RESIDENT_RET_FROM_TARGET pc=C1E1 op=F308F1 sp=F330 stack=0E44/63D5 p=00/00/01 tgt=40CA irq=511 active=02 first=00 player=00 xy=8,80
BP_RESIDENT_RET_FROM_TARGET pc=C1E1 op=F308F1 sp=F330 stack=0E44/63D5 p=00/00/01 tgt=40CA irq=511 active=02 first=00 player=00 xy=8,80
BP_RESIDENT_RET_FROM_TARGET pc=C1E1 op=F308F1 sp=F330 stack=0E44/63D5 p=00/00/01 tgt=40CA irq=511 active=02 first=00 player=00 xy=8,80
BP_RESIDENT_RET_FROM_TARGET pc=C1E1 op=F308F1 sp=F330 stack=0E44/63D5 p=00/00/01 tgt=40CA irq=511 active=02 first=00 player=00 xy=8,80
BP_RESIDENT_RET_FROM_TARGET pc=C1E1 op=F308F1 sp=F330 stack=0E44/63D5 p=00/00/01 tgt=40CA irq=511 active=02 first=00 player=00 xy=8,80
BP_RESIDENT_RET_FROM_TARGET pc=C1E1 op=F308F1 sp=F330 stack=0E44/63D5 p=00/00/01 tgt=40CA irq=511 active=02 first=00 player=00 xy=8,80
BP_RESIDENT_RET_FROM_TARGET pc=C1E1 op=F308F1 sp=F330 stack=0E44/63D5 p=00/00/01 tgt=40CA irq=511 active=02 first=00 player=00 xy=8,80
BP_RESIDENT_RET_FROM_TARGET pc=C1E1 op=F308F1 sp=F330 stack=0E44/63D5 p=00/00/01 tgt=40CA irq=511 active=02 first=00 player=00 xy=8,80
BP_RESIDENT_RET_FROM_TARGET pc=C1E1 op=F308F1 sp=F330 stack=0E44/63D5 p=00/00/01 tgt=40CA irq=511 active=02 first=00 player=00 xy=8,80
BP_RESIDENT_RET_FROM_TARGET pc=C1E1 op=F308F1 sp=F330 stack=0E44/63D5 p=00/00/01 tgt=40CA irq=511 active=02 first=00 player=00 xy=8,80
BP_RESIDENT_RET_FROM_TARGET pc=C1E1 op=F308F1 sp=F330 stack=0E44/63D5 p=00/00/01 tgt=40CA irq=511 active=02 first=00 player=00 xy=8,80
BP_RESIDENT_RET_FROM_TARGET pc=C1E1 op=F308F1 sp=F330 stack=0E44/63D5 p=00/00/01 tgt=40CA irq=511 active=02 first=00 player=00 xy=8,80
BP_RESIDENT_RET_FROM_TARGET pc=C1E1 op=F308F1 sp=F330 stack=0E44/63D5 p=00/00/01 tgt=40CA irq=512 active=02 first=00 player=00 xy=8,80
BP_RESIDENT_RET_FROM_TARGET pc=C1E1 op=F308F1 sp=F330 stack=0E44/63D5 p=00/00/01 tgt=40CA irq=512 active=02 first=00 player=00 xy=8,80
BP_RESIDENT_RET_FROM_TARGET pc=C1E1 op=F308F1 sp=F330 stack=0E44/63D5 p=00/00/01 tgt=40CA irq=512 active=02 first=00 player=00 xy=8,80
BP_RESIDENT_RET_FROM_TARGET pc=C1E1 op=F308F1 sp=F330 stack=0E44/63D5 p=00/00/01 tgt=40CA irq=512 active=02 first=00 player=00 xy=8,80
BP_RESIDENT_RET_FROM_TARGET pc=C1E1 op=F308F1 sp=F330 stack=0E44/63D5 p=00/00/01 tgt=40CA irq=512 active=02 first=00 player=00 xy=8,80
BP_RESIDENT_RET_FROM_TARGET pc=C1E1 op=F308F1 sp=F330 stack=0E44/63D5 p=00/00/01 tgt=40CA irq=512 active=02 first=00 player=00 xy=8,80
BP_RESIDENT_RET_FROM_TARGET pc=C1E1 op=F308F1 sp=F330 stack=0E44/63D5 p=00/00/01 tgt=40CA irq=512 active=02 first=00 player=00 xy=8,80
BP_RESIDENT_RET_FROM_TARGET pc=C1E1 op=F308F1 sp=F330 stack=0E44/63D5 p=00/00/01 tgt=40CA irq=512 active=02 first=00 player=00 xy=8,80
BP_RESIDENT_RET_FROM_TARGET pc=C1E1 op=F308F1 sp=F330 stack=0E44/63D5 p=00/00/01 tgt=40CA irq=512 active=02 first=00 player=00 xy=8,80
BP_RESIDENT_RET_FROM_TARGET pc=C1E1 op=F308F1 sp=F330 stack=0E44/63D5 p=00/00/01 tgt=40CA irq=512 active=02 first=00 player=00 xy=8,80
BP_RESIDENT_RET_FROM_TARGET pc=C1E1 op=F308F1 sp=F330 stack=0E44/63D5 p=00/00/01 tgt=40CA irq=512 active=02 first=00 player=00 xy=8,80
BP_RESIDENT_RET_FROM_TARGET pc=C1E1 op=F308F1 sp=F330 stack=0E44/63D5 p=00/00/01 tgt=40CA irq=512 active=02 first=00 player=00 xy=8,80
BP_RESIDENT_RET_FROM_TARGET pc=C1E1 op=F308F1 sp=F330 stack=0E44/63D5 p=00/00/01 tgt=40CA irq=512 active=02 first=00 player=00 xy=8,80
BP_RESIDENT_RET_FROM_TARGET pc=C1E1 op=F308F1 sp=F330 stack=0E44/63D5 p=00/00/01 tgt=40CA irq=512 active=02 first=00 player=00 xy=8,80
BP_RESIDENT_RET_FROM_TARGET pc=C1E1 op=F308F1 sp=F330 stack=0E44/63D5 p=00/00/01 tgt=40CA irq=512 active=02 first=00 player=00 xy=8,80
BP_RESIDENT_RET_FROM_TARGET pc=C1E1 op=F308F1 sp=F330 stack=0E44/63D5 p=00/00/01 tgt=40CA irq=512 active=02 first=00 player=00 xy=8,80
BP_RESIDENT_RET_FROM_TARGET pc=C1E1 op=F308F1 sp=F330 stack=0E44/63D5 p=00/00/01 tgt=40CA irq=512 active=02 first=00 player=00 xy=8,80
BP_RESIDENT_RET_FROM_TARGET pc=C1E1 op=F308F1 sp=F330 stack=0E44/63D5 p=00/00/01 tgt=40CA irq=512 active=02 first=00 player=00 xy=8,80
BP_RESIDENT_RET_FROM_TARGET pc=C1E1 op=F308F1 sp=F330 stack=0E44/63D5 p=00/00/01 tgt=40CA irq=512 active=02 first=00 player=00 xy=8,80
BP_RESIDENT_RET_FROM_TARGET pc=C1E1 op=F308F1 sp=F330 stack=0E44/63D5 p=00/00/01 tgt=40CA irq=512 active=02 first=00 player=00 xy=8,80
BP_RESIDENT_RET_FROM_TARGET pc=C1E1 op=F308F1 sp=F330 stack=0E44/63D5 p=00/00/01 tgt=40CA irq=512 active=02 first=00 player=00 xy=8,80
BP_RESIDENT_RET_FROM_TARGET pc=C1E1 op=F308F1 sp=F330 stack=0E44/63D5 p=00/00/01 tgt=40CA irq=512 active=02 first=00 player=00 xy=8,80
BP_RESIDENT_RET_FROM_TARGET pc=C1E1 op=F308F1 sp=F330 stack=0E44/63D5 p=00/00/01 tgt=40CA irq=512 active=02 first=00 player=00 xy=8,80
BP_RESIDENT_RET_FROM_TARGET pc=C1E1 op=F308F1 sp=F330 stack=0E44/63D5 p=00/00/01 tgt=40CA irq=512 active=02 first=00 player=00 xy=8,80
BP_RESIDENT_RET_FROM_TARGET pc=C1E1 op=F308F1 sp=F330 stack=0E44/63D5 p=00/00/01 tgt=40CA irq=512 active=02 first=00 player=00 xy=8,80
BP_RESIDENT_RET_FROM_TARGET pc=C1E1 op=F308F1 sp=F330 stack=0E44/63D5 p=00/00/01 tgt=40CA irq=512 active=02 first=00 player=00 xy=8,80
BP_RESIDENT_RET_FROM_TARGET pc=C1E1 op=F308F1 sp=F330 stack=0E44/63D5 p=00/00/01 tgt=40CA irq=512 active=02 first=00 player=00 xy=8,80
BP_RESIDENT_RET_FROM_TARGET pc=C1E1 op=F308F1 sp=F330 stack=0E44/63D5 p=00/00/01 tgt=40CA irq=512 active=02 first=00 player=00 xy=8,80
BP_RESIDENT_RET_FROM_TARGET pc=C1E1 op=F308F1 sp=F330 stack=0E44/63D5 p=00/00/01 tgt=40CA irq=512 active=02 first=00 player=00 xy=8,80
BP_RESIDENT_RET_FROM_TARGET pc=C1E1 op=F308F1 sp=F330 stack=0E44/63D5 p=00/00/01 tgt=40CA irq=512 active=02 first=00 player=00 xy=8,80
BP_RESIDENT_RET_FROM_TARGET pc=C1E1 op=F308F1 sp=F330 stack=0E44/63D5 p=00/00/01 tgt=40CA irq=512 active=02 first=00 player=00 xy=8,80
BP_RESIDENT_RET_FROM_TARGET pc=C1E1 op=F308F1 sp=F330 stack=0E44/63D5 p=00/00/01 tgt=40CA irq=512 active=02 first=00 player=00 xy=8,80
BP_RESIDENT_RET_FROM_TARGET pc=C1E1 op=F308F1 sp=F330 stack=0E44/63D5 p=00/00/01 tgt=40CA irq=512 active=02 first=00 player=00 xy=8,80
BP_RESIDENT_RET_FROM_TARGET pc=C1E1 op=F308F1 sp=F330 stack=0E44/63D5 p=00/00/01 tgt=40CA irq=512 active=02 first=00 player=00 xy=8,80
BP_RESIDENT_RET_FROM_TARGET pc=C1E1 op=F308F1 sp=F330 stack=0E44/63D5 p=00/00/01 tgt=40CA irq=512 active=02 first=00 player=00 xy=8,80
BP_RESIDENT_RET_FROM_TARGET pc=C1E1 op=F308F1 sp=F330 stack=0E44/63D5 p=00/00/01 tgt=40CA irq=512 active=02 first=00 player=00 xy=8,80
BP_RESIDENT_RET_FROM_TARGET pc=C1E1 op=F308F1 sp=F330 stack=0E44/63D5 p=00/00/01 tgt=40CA irq=512 active=02 first=00 player=00 xy=8,80
BP_RESIDENT_RET_FROM_TARGET pc=C1E1 op=F308F1 sp=F330 stack=0E44/63D5 p=00/00/01 tgt=40CA irq=512 active=02 first=00 player=00 xy=8,80
BP_RESIDENT_RET_FROM_TARGET pc=C1E1 op=F308F1 sp=F330 stack=0E44/63D5 p=00/00/01 tgt=40CA irq=512 active=02 first=00 player=00 xy=8,80
BP_RESIDENT_RET_FROM_TARGET pc=C1E1 op=F308F1 sp=F330 stack=0E44/63D5 p=00/00/01 tgt=40CA irq=512 active=02 first=00 player=00 xy=8,80
BP_RESIDENT_RET_FROM_TARGET pc=C1E1 op=F308F1 sp=F330 stack=0E44/63D5 p=00/00/01 tgt=40CA irq=513 active=02 first=00 player=00 xy=8,80
BP_RESIDENT_RET_FROM_TARGET pc=C1E1 op=F308F1 sp=F330 stack=0E44/63D5 p=00/00/01 tgt=40CA irq=513 active=02 first=00 player=00 xy=8,80
BP_RESIDENT_RET_FROM_TARGET pc=C1E1 op=F308F1 sp=F330 stack=0E44/63D5 p=00/00/01 tgt=40CA irq=513 active=02 first=00 player=00 xy=8,80
BP_RESIDENT_RET_FROM_TARGET pc=C1E1 op=F308F1 sp=F330 stack=0E44/63D5 p=00/00/01 tgt=40CA irq=513 active=02 first=00 player=00 xy=8,80
BP_RESIDENT_RET_FROM_TARGET pc=C1E1 op=F308F1 sp=F332 stack=0E44/63D5 p=00/00/01 tgt=40CA irq=513 active=02 first=00 player=00 xy=8,80
BP_RESIDENT_RET_FROM_TARGET pc=C1E1 op=F308F1 sp=F332 stack=0E44/63D5 p=00/00/01 tgt=40CA irq=513 active=02 first=00 player=00 xy=8,80
BP_RESIDENT_RET_FROM_TARGET pc=C1E1 op=F308F1 sp=F332 stack=0E44/63D5 p=00/00/01 tgt=40CA irq=513 active=02 first=00 player=00 xy=8,80
BP_RESIDENT_RET_FROM_TARGET pc=C1E1 op=F308F1 sp=F332 stack=0E44/63D5 p=00/00/01 tgt=40CA irq=513 active=02 first=00 player=00 xy=8,80
BP_RESIDENT_RET_FROM_TARGET pc=C1E1 op=F308F1 sp=F332 stack=0E44/63D5 p=00/00/01 tgt=40CA irq=513 active=02 first=00 player=00 xy=8,80
BP_RESIDENT_RET_FROM_TARGET pc=C1E1 op=F308F1 sp=F332 stack=0E44/63D5 p=00/00/01 tgt=40CA irq=513 active=02 first=00 player=00 xy=8,80
BP_RESIDENT_RET_FROM_TARGET pc=C1E1 op=F308F1 sp=F332 stack=0E44/63D5 p=00/00/01 tgt=40CA irq=513 active=02 first=00 player=00 xy=8,80
BP_RESIDENT_RET_FROM_TARGET pc=C1E1 op=F308F1 sp=F332 stack=0E44/63D5 p=00/00/01 tgt=40CA irq=513 active=02 first=00 player=00 xy=8,80
BP_RESIDENT_RET_FROM_TARGET pc=C1E1 op=F308F1 sp=F332 stack=0E44/63D5 p=00/00/01 tgt=40CA irq=513 active=02 first=00 player=00 xy=8,80
BP_RESIDENT_RET_FROM_TARGET pc=C1E1 op=F308F1 sp=F332 stack=0E44/63D5 p=00/00/01 tgt=40CA irq=513 active=02 first=00 player=00 xy=8,80
BP_RESIDENT_RET_FROM_TARGET pc=C1E1 op=F308F1 sp=F332 stack=0E44/63D5 p=00/00/01 tgt=40CA irq=513 active=02 first=00 player=00 xy=8,80
BP_RESIDENT_RET_FROM_TARGET pc=C1E1 op=F308F1 sp=F332 stack=0E44/63D5 p=00/00/01 tgt=40CA irq=513 active=02 first=00 player=00 xy=8,80
BP_RESIDENT_RET_FROM_TARGET pc=C1E1 op=F308F1 sp=F332 stack=0E44/63D5 p=00/00/01 tgt=40CA irq=513 active=02 first=00 player=00 xy=8,80
BP_RESIDENT_RET_FROM_TARGET pc=C1E1 op=F308F1 sp=F332 stack=0E44/63D5 p=00/00/01 tgt=40CA irq=513 active=02 first=00 player=00 xy=8,80
BP_RESIDENT_RET_FROM_TARGET pc=C1E1 op=F308F1 sp=F332 stack=0E44/63D5 p=00/00/01 tgt=40CA irq=513 active=02 first=00 player=00 xy=8,80
BP_RESIDENT_RET_FROM_TARGET pc=C1E1 op=F308F1 sp=F332 stack=0E44/63D5 p=00/00/01 tgt=40CA irq=513 active=02 first=00 player=00 xy=8,80
BP_RESIDENT_RET_FROM_TARGET pc=C1E1 op=F308F1 sp=F332 stack=0E44/63D5 p=00/00/01 tgt=40CA irq=513 active=02 first=00 player=00 xy=8,80
BP_RESIDENT_RET_FROM_TARGET pc=C1E1 op=F308F1 sp=F332 stack=0E44/63D5 p=00/00/01 tgt=40CA irq=513 active=02 first=00 player=00 xy=8,80
BP_RESIDENT_RET_FROM_TARGET pc=C1E1 op=F308F1 sp=F332 stack=0E44/63D5 p=00/00/01 tgt=40CA irq=513 active=02 first=00 player=00 xy=8,80
BP_RESIDENT_RET_FROM_TARGET pc=C1E1 op=F308F1 sp=F332 stack=0E44/63D5 p=00/00/01 tgt=40CA irq=513 active=02 first=00 player=00 xy=8,80
BP_RESIDENT_RET_FROM_TARGET pc=C1E1 op=F308F1 sp=F332 stack=0E44/63D5 p=00/00/01 tgt=40CA irq=513 active=02 first=00 player=00 xy=8,80
BP_RESIDENT_RET_FROM_TARGET pc=C1E1 op=F308F1 sp=F332 stack=0E44/63D5 p=00/00/01 tgt=40CA irq=513 active=02 first=00 player=00 xy=8,80
BP_RESIDENT_RET_FROM_TARGET pc=C1E1 op=F308F1 sp=F332 stack=0E44/63D5 p=00/00/01 tgt=40CA irq=513 active=02 first=00 player=00 xy=8,80
BP_RESIDENT_RET_FROM_TARGET pc=C1E1 op=F308F1 sp=F332 stack=0E44/63D5 p=00/00/01 tgt=40CA irq=513 active=02 first=00 player=00 xy=8,80
BP_RESIDENT_RET_FROM_TARGET pc=C1E1 op=F308F1 sp=F332 stack=0E44/63D5 p=00/00/01 tgt=40CA irq=513 active=02 first=00 player=00 xy=8,80
BP_RESIDENT_RET_FROM_TARGET pc=C1E1 op=F308F1 sp=F332 stack=0E44/63D5 p=00/00/01 tgt=40CA irq=513 active=02 first=00 player=00 xy=8,80
BP_RESIDENT_RET_FROM_TARGET pc=C1E1 op=F308F1 sp=F332 stack=0E44/63D5 p=00/00/01 tgt=40CA irq=513 active=02 first=00 player=00 xy=8,80
BP_RESIDENT_RET_FROM_TARGET pc=C1E1 op=F308F1 sp=F332 stack=0E44/63D5 p=00/00/01 tgt=40CA irq=513 active=02 first=00 player=00 xy=8,80
BP_RESIDENT_RET_FROM_TARGET pc=C1E1 op=F308F1 sp=F332 stack=0E44/63D5 p=00/00/01 tgt=40CA irq=513 active=02 first=00 player=00 xy=8,80
BP_RESIDENT_RET_FROM_TARGET pc=C1E1 op=F308F1 sp=F332 stack=0E44/63D5 p=00/00/01 tgt=40CA irq=513 active=02 first=00 player=00 xy=8,80
BP_RESIDENT_RET_FROM_TARGET pc=C1E1 op=F308F1 sp=F332 stack=0E44/63D5 p=00/00/01 tgt=40CA irq=513 active=02 first=00 player=00 xy=8,80
BP_RESIDENT_RET_FROM_TARGET pc=C1E1 op=F308F1 sp=F332 stack=0E44/63D5 p=00/00/01 tgt=40CA irq=513 active=02 first=00 player=00 xy=8,80
BP_RESIDENT_RET_FROM_TARGET pc=C1E1 op=F308F1 sp=F332 stack=0E44/63D5 p=00/00/01 tgt=40CA irq=513 active=02 first=00 player=00 xy=8,80
BP_RESIDENT_RET_FROM_TARGET pc=C1E1 op=F308F1 sp=F332 stack=0E44/63D5 p=00/00/01 tgt=40CA irq=513 active=02 first=00 player=00 xy=8,80
BP_RESIDENT_RET_FROM_TARGET pc=C1E1 op=F308F1 sp=F332 stack=0E44/63D5 p=00/00/01 tgt=40CA irq=513 active=02 first=00 player=00 xy=8,80
BP_RESIDENT_RET_FROM_TARGET pc=C1E1 op=F308F1 sp=F332 stack=0E44/63D5 p=00/00/01 tgt=40CA irq=513 active=02 first=00 player=00 xy=8,80
BP_RESIDENT_RET_FROM_TARGET pc=C1E1 op=F308F1 sp=F332 stack=0E44/63D5 p=00/00/01 tgt=40CA irq=513 active=02 first=00 player=00 xy=8,80
BP_RESIDENT_RET_FROM_TARGET pc=C1E1 op=F308F1 sp=F332 stack=0E44/63D5 p=00/00/01 tgt=40CA irq=513 active=02 first=00 player=00 xy=8,80
BP_RESIDENT_RET_FROM_TARGET pc=C1E1 op=F308F1 sp=F332 stack=0E44/63D5 p=00/00/01 tgt=40CA irq=513 active=02 first=00 player=00 xy=8,80
BP_RESIDENT_RET_FROM_TARGET pc=C1E1 op=F308F1 sp=F332 stack=0E44/63D5 p=00/00/01 tgt=40CA irq=513 active=02 first=00 player=00 xy=8,80
BP_RESIDENT_RET_FROM_TARGET pc=C1E1 op=F308F1 sp=F332 stack=0E44/63D5 p=00/00/01 tgt=40CA irq=513 active=02 first=00 player=00 xy=8,80
BP_RESIDENT_RET_FROM_TARGET pc=C1E1 op=F308F1 sp=F332 stack=0E44/63D5 p=00/00/01 tgt=40CA irq=514 active=02 first=00 player=00 xy=8,80
BP_RESIDENT_RET_FROM_TARGET pc=C1E1 op=F308F1 sp=F332 stack=0E44/63D5 p=00/00/01 tgt=40CA irq=514 active=02 first=00 player=00 xy=8,80
BP_RESIDENT_RET_FROM_TARGET pc=C1E1 op=F308F1 sp=F332 stack=0E44/63D5 p=00/00/01 tgt=40CA irq=514 active=02 first=00 player=00 xy=8,80
BP_RESIDENT_RET_FROM_TARGET pc=C1E1 op=F308F1 sp=F332 stack=0E44/63D5 p=00/00/01 tgt=40CA irq=514 active=02 first=00 player=00 xy=8,80
BP_RESIDENT_RET_FROM_TARGET pc=C1E1 op=F308F1 sp=F332 stack=0E44/63D5 p=00/00/01 tgt=40CA irq=514 active=02 first=00 player=00 xy=8,80
BP_RESIDENT_RET_FROM_TARGET pc=C1E1 op=F308F1 sp=F332 stack=0E44/63D5 p=00/00/01 tgt=40CA irq=514 active=02 first=00 player=00 xy=8,80
BP_RESIDENT_RET_FROM_TARGET pc=C1E1 op=F308F1 sp=F332 stack=0E44/63D5 p=00/00/01 tgt=40CA irq=514 active=02 first=00 player=00 xy=8,80
BP_RESIDENT_RET_FROM_TARGET pc=C1E1 op=F308F1 sp=F332 stack=0E44/63D5 p=00/00/01 tgt=40CA irq=514 active=02 first=00 player=00 xy=8,80
BP_RESIDENT_RET_FROM_TARGET pc=C1E1 op=F308F1 sp=F332 stack=0E44/63D5 p=00/00/01 tgt=40CA irq=514 active=02 first=00 player=00 xy=8,80
BP_RESIDENT_RET_FROM_TARGET pc=C1E1 op=F308F1 sp=F332 stack=0E44/63D5 p=00/00/01 tgt=40CA irq=514 active=02 first=00 player=00 xy=8,80
BP_RESIDENT_RET_FROM_TARGET pc=C1E1 op=F308F1 sp=F332 stack=0E44/63D5 p=00/00/01 tgt=40CA irq=514 active=02 first=00 player=00 xy=8,80
BP_RESIDENT_RET_FROM_TARGET pc=C1E1 op=F308F1 sp=F332 stack=0E44/63D5 p=00/00/01 tgt=40CA irq=514 active=02 first=00 player=00 xy=8,80
BP_RESIDENT_RET_FROM_TARGET pc=C1E1 op=F308F1 sp=F332 stack=0E44/63D5 p=00/00/01 tgt=40CA irq=514 active=02 first=00 player=00 xy=8,80
BP_RESIDENT_RET_FROM_TARGET pc=C1E1 op=F308F1 sp=F332 stack=0E44/63D5 p=00/00/01 tgt=40CA irq=514 active=02 first=00 player=00 xy=8,80
BP_RESIDENT_RET_FROM_TARGET pc=C1E1 op=F308F1 sp=F332 stack=0E44/63D5 p=00/00/01 tgt=40CA irq=514 active=02 first=00 player=00 xy=8,80
BP_RESIDENT_RET_FROM_TARGET pc=C1E1 op=F308F1 sp=F332 stack=0E44/63D5 p=00/00/01 tgt=40CA irq=514 active=02 first=00 player=00 xy=8,80
BP_RESIDENT_RET_FROM_TARGET pc=C1E1 op=F308F1 sp=F332 stack=0E44/63D5 p=00/00/01 tgt=40CA irq=514 active=02 first=00 player=00 xy=8,80
BP_RESIDENT_RET_FROM_TARGET pc=C1E1 op=F308F1 sp=F332 stack=0E44/63D5 p=00/00/01 tgt=40CA irq=514 active=02 first=00 player=00 xy=8,80
BP_RESIDENT_RET_FROM_TARGET pc=C1E1 op=F308F1 sp=F332 stack=0E44/63D5 p=00/00/01 tgt=40CA irq=514 active=02 first=00 player=00 xy=8,80
BP_RESIDENT_RET_FROM_TARGET pc=C1E1 op=F308F1 sp=F332 stack=0E44/63D5 p=00/00/01 tgt=40CA irq=514 active=02 first=00 player=00 xy=8,80
BP_RESIDENT_RET_FROM_TARGET pc=C1E1 op=F308F1 sp=F332 stack=0E44/63D5 p=00/00/01 tgt=40CA irq=514 active=02 first=00 player=00 xy=8,80
BP_RESIDENT_RET_FROM_TARGET pc=C1E1 op=F308F1 sp=F332 stack=0E44/63D5 p=00/00/01 tgt=40CA irq=514 active=02 first=00 player=00 xy=8,80
BP_RESIDENT_RET_FROM_TARGET pc=C1E1 op=F308F1 sp=F332 stack=0E44/63D5 p=00/00/01 tgt=40CA irq=514 active=02 first=00 player=00 xy=8,80
BP_RESIDENT_RET_FROM_TARGET pc=C1E1 op=F308F1 sp=F332 stack=0E44/63D5 p=00/00/01 tgt=40CA irq=514 active=02 first=00 player=00 xy=8,80
BP_RESIDENT_RET_FROM_TARGET pc=C1E1 op=F308F1 sp=F332 stack=0E44/63D5 p=00/00/01 tgt=40CA irq=514 active=02 first=00 player=00 xy=8,80
BP_RESIDENT_RET_FROM_TARGET pc=C1E1 op=F308F1 sp=F332 stack=0E44/63D5 p=00/00/01 tgt=40CA irq=514 active=02 first=00 player=00 xy=8,80
BP_RESIDENT_RET_FROM_TARGET pc=C1E1 op=F308F1 sp=F332 stack=0E44/63D5 p=00/00/01 tgt=40CA irq=514 active=02 first=00 player=00 xy=8,80
BP_RESIDENT_RET_FROM_TARGET pc=C1E1 op=F308F1 sp=F332 stack=0E44/63D5 p=00/00/01 tgt=40CA irq=514 active=02 first=00 player=00 xy=8,80
BP_RESIDENT_RET_FROM_TARGET pc=C1E1 op=F308F1 sp=F332 stack=0E44/63D5 p=00/00/01 tgt=40CA irq=514 active=02 first=00 player=00 xy=8,80
BP_RESIDENT_RET_FROM_TARGET pc=C1E1 op=F308F1 sp=F332 stack=0E44/63D5 p=00/00/01 tgt=40CA irq=514 active=02 first=00 player=00 xy=8,80
BP_RESIDENT_RET_FROM_TARGET pc=C1E1 op=F308F1 sp=F332 stack=0E44/63D5 p=00/00/01 tgt=40CA irq=514 active=02 first=00 player=00 xy=8,80
BP_RESIDENT_RET_FROM_TARGET pc=C1E1 op=F308F1 sp=F332 stack=0E44/63D5 p=00/00/01 tgt=40CA irq=514 active=02 first=00 player=00 xy=8,80
BP_RESIDENT_RET_FROM_TARGET pc=C1E1 op=F308F1 sp=F332 stack=0E44/63D5 p=00/00/01 tgt=40CA irq=514 active=02 first=00 player=00 xy=8,80
BP_RESIDENT_RET_FROM_TARGET pc=C1E1 op=F308F1 sp=F332 stack=0E44/63D5 p=00/00/01 tgt=40CA irq=514 active=02 first=00 player=00 xy=8,80
BP_RESIDENT_RET_FROM_TARGET pc=C1E1 op=F308F1 sp=F332 stack=0E44/63D5 p=00/00/01 tgt=40CA irq=514 active=02 first=00 player=00 xy=8,80
BP_RESIDENT_RET_FROM_TARGET pc=C1E1 op=F308F1 sp=F332 stack=0E44/63D5 p=00/00/01 tgt=40CA irq=514 active=02 first=00 player=00 xy=8,80
BP_RESIDENT_RET_FROM_TARGET pc=C1E1 op=F308F1 sp=F332 stack=0E44/63D5 p=00/00/01 tgt=40CA irq=514 active=02 first=00 player=00 xy=8,80
BP_RESIDENT_RET_FROM_TARGET pc=C1E1 op=F308F1 sp=F332 stack=0E44/63D5 p=00/00/01 tgt=40CA irq=514 active=02 first=00 player=00 xy=8,80
BP_RESIDENT_RET_FROM_TARGET pc=C1E1 op=F308F1 sp=F332 stack=0E44/63D5 p=00/00/01 tgt=40CA irq=514 active=02 first=00 player=00 xy=8,80
BP_RESIDENT_RET_FROM_TARGET pc=C1E1 op=F308F1 sp=F332 stack=0E44/63D5 p=00/00/01 tgt=40CA irq=514 active=02 first=00 player=00 xy=8,80
BP_RESIDENT_RET_FROM_TARGET pc=C1E1 op=F308F1 sp=F332 stack=0E44/63D5 p=00/00/01 tgt=40CA irq=514 active=02 first=00 player=00 xy=8,80
BP_RESIDENT_RET_FROM_TARGET pc=C1E1 op=F308F1 sp=F332 stack=0E44/63D5 p=00/00/01 tgt=40CA irq=514 active=02 first=00 player=00 xy=8,80
BP_RESIDENT_RET_FROM_TARGET pc=C1E1 op=F308F1 sp=F332 stack=0E44/63D5 p=00/00/01 tgt=40CA irq=514 active=02 first=00 player=00 xy=8,80
BP_RESIDENT_RET_FROM_TARGET pc=C1E1 op=F308F1 sp=F332 stack=0E44/63D5 p=00/00/01 tgt=40CA irq=514 active=02 first=00 player=00 xy=8,80
BP_RESIDENT_RET_FROM_TARGET pc=C1E1 op=F308F1 sp=F332 stack=0E44/63D5 p=00/00/01 tgt=40CA irq=515 active=02 first=00 player=00 xy=8,80
BP_RESIDENT_RET_FROM_TARGET pc=C1E1 op=F308F1 sp=F332 stack=0E44/63D5 p=00/00/01 tgt=40CA irq=515 active=02 first=00 player=00 xy=8,80
BP_RESIDENT_RET_FROM_TARGET pc=C1E1 op=F308F1 sp=F332 stack=0E44/63D5 p=00/00/01 tgt=40CA irq=515 active=02 first=00 player=00 xy=8,80
BP_RESIDENT_RET_FROM_TARGET pc=C1E1 op=F308F1 sp=F332 stack=0E44/63D5 p=00/00/01 tgt=40CA irq=515 active=02 first=00 player=00 xy=8,80
BP_RESIDENT_RET_FROM_TARGET pc=C1E1 op=F308F1 sp=F332 stack=0E44/63D5 p=00/00/01 tgt=40CA irq=515 active=02 first=00 player=00 xy=8,80
BP_RESIDENT_RET_FROM_TARGET pc=C1E1 op=F308F1 sp=F332 stack=0E44/63D5 p=00/00/01 tgt=40CA irq=515 active=02 first=00 player=00 xy=8,80
BP_RESIDENT_RET_FROM_TARGET pc=C1E1 op=F308F1 sp=F332 stack=0E44/63D5 p=00/00/01 tgt=40CA irq=515 active=02 first=00 player=00 xy=8,80
BP_RESIDENT_RET_FROM_TARGET pc=C1E1 op=F308F1 sp=F332 stack=0E44/63D5 p=00/00/01 tgt=40CA irq=515 active=02 first=00 player=00 xy=8,80
BP_RESIDENT_RET_FROM_TARGET pc=C1E1 op=F308F1 sp=F332 stack=0E44/63D5 p=00/00/01 tgt=40CA irq=515 active=02 first=00 player=00 xy=8,80
BP_RESIDENT_RET_FROM_TARGET pc=C1E1 op=F308F1 sp=F332 stack=0E44/63D5 p=00/00/01 tgt=40CA irq=515 active=02 first=00 player=00 xy=8,80
BP_RESIDENT_RET_FROM_TARGET pc=C1E1 op=F308F1 sp=F332 stack=0E44/63D5 p=00/00/01 tgt=40CA irq=515 active=02 first=00 player=00 xy=8,80
BP_RESIDENT_RET_FROM_TARGET pc=C1E1 op=F308F1 sp=F332 stack=0E44/63D5 p=00/00/01 tgt=40CA irq=515 active=02 first=00 player=00 xy=8,80
BP_RESIDENT_RET_FROM_TARGET pc=C1E1 op=F308F1 sp=F332 stack=0E44/63D5 p=00/00/01 tgt=40CA irq=515 active=02 first=00 player=00 xy=8,80
BP_RESIDENT_RET_FROM_TARGET pc=C1E1 op=F308F1 sp=F332 stack=0E44/63D5 p=00/00/01 tgt=40CA irq=515 active=02 first=00 player=00 xy=8,80
BP_RESIDENT_RET_FROM_TARGET pc=C1E1 op=F308F1 sp=F332 stack=0E44/63D5 p=00/00/01 tgt=40CA irq=515 active=02 first=00 player=00 xy=8,80
BP_RESIDENT_RET_FROM_TARGET pc=C1E1 op=F308F1 sp=F332 stack=0E44/63D5 p=00/00/01 tgt=40CA irq=515 active=02 first=00 player=00 xy=8,80
BP_RESIDENT_RET_FROM_TARGET pc=C1E1 op=F308F1 sp=F332 stack=0E44/63D5 p=00/00/01 tgt=40CA irq=515 active=02 first=00 player=00 xy=8,80
BP_RESIDENT_RET_FROM_TARGET pc=C1E1 op=F308F1 sp=F332 stack=0E44/63D5 p=00/00/01 tgt=40CA irq=515 active=02 first=00 player=00 xy=8,80
BP_RESIDENT_RET_FROM_TARGET pc=C1E1 op=F308F1 sp=F332 stack=0E44/63D5 p=00/00/01 tgt=40CA irq=515 active=02 first=00 player=00 xy=8,80
BP_RESIDENT_RET_FROM_TARGET pc=C1E1 op=F308F1 sp=F332 stack=0E44/63D5 p=00/00/01 tgt=40CA irq=515 active=02 first=00 player=00 xy=8,80
BP_RESIDENT_RET_FROM_TARGET pc=C1E1 op=F308F1 sp=F332 stack=0E44/63D5 p=00/00/01 tgt=40CA irq=515 active=02 first=00 player=00 xy=8,80
BP_RESIDENT_RET_FROM_TARGET pc=C1E1 op=F308F1 sp=F332 stack=0E44/63D5 p=00/00/01 tgt=40CA irq=515 active=02 first=00 player=00 xy=8,80
BP_RESIDENT_RET_FROM_TARGET pc=C1E1 op=F308F1 sp=F332 stack=0E44/63D5 p=00/00/01 tgt=40CA irq=515 active=02 first=00 player=00 xy=8,80
BP_RESIDENT_RET_FROM_TARGET pc=C1E1 op=F308F1 sp=F332 stack=0E44/63D5 p=00/00/01 tgt=40CA irq=515 active=02 first=00 player=00 xy=8,80
BP_RESIDENT_RET_FROM_TARGET pc=C1E1 op=F308F1 sp=F332 stack=0E44/63D5 p=00/00/01 tgt=40CA irq=515 active=02 first=00 player=00 xy=8,80
BP_RESIDENT_RET_FROM_TARGET pc=C1E1 op=F308F1 sp=F332 stack=0E44/63D5 p=00/00/01 tgt=40CA irq=515 active=02 first=00 player=00 xy=8,80
BP_RESIDENT_RET_FROM_TARGET pc=C1E1 op=F308F1 sp=F332 stack=0E44/63D5 p=00/00/01 tgt=40CA irq=515 active=02 first=00 player=00 xy=8,80
BP_RESIDENT_RET_FROM_TARGET pc=C1E1 op=F308F1 sp=F332 stack=0E44/63D5 p=00/00/01 tgt=40CA irq=515 active=02 first=00 player=00 xy=8,80
BP_RESIDENT_RET_FROM_TARGET pc=C1E1 op=F308F1 sp=F332 stack=0E44/63D5 p=00/00/01 tgt=40CA irq=515 active=02 first=00 player=00 xy=8,80
BP_RESIDENT_RET_FROM_TARGET pc=C1E1 op=F308F1 sp=F332 stack=0E44/63D5 p=00/00/01 tgt=40CA irq=515 active=02 first=00 player=00 xy=8,80
BP_RESIDENT_RET_FROM_TARGET pc=C1E1 op=F308F1 sp=F332 stack=0E44/63D5 p=00/00/01 tgt=40CA irq=515 active=02 first=00 player=00 xy=8,80
BP_RESIDENT_RET_FROM_TARGET pc=C1E1 op=F308F1 sp=F332 stack=0E44/63D5 p=00/00/01 tgt=40CA irq=515 active=02 first=00 player=00 xy=8,80
BP_RESIDENT_RET_FROM_TARGET pc=C1E1 op=F308F1 sp=F332 stack=0E44/63D5 p=00/00/01 tgt=40CA irq=515 active=02 first=00 player=00 xy=8,80
BP_RESIDENT_RET_FROM_TARGET pc=C1E1 op=F308F1 sp=F332 stack=0E44/63D5 p=00/00/01 tgt=40CA irq=515 active=02 first=00 player=00 xy=8,80
BP_RESIDENT_RET_FROM_TARGET pc=C1E1 op=F308F1 sp=F332 stack=0E44/63D5 p=00/00/01 tgt=40CA irq=515 active=02 first=00 player=00 xy=8,80
BP_RESIDENT_RET_FROM_TARGET pc=C1E1 op=F308F1 sp=F332 stack=0E44/63D5 p=00/00/01 tgt=40CA irq=515 active=02 first=00 player=00 xy=8,80
BP_RESIDENT_RET_FROM_TARGET pc=C1E1 op=F308F1 sp=F332 stack=0E44/63D5 p=00/00/01 tgt=40CA irq=515 active=02 first=00 player=00 xy=8,80
BP_RESIDENT_RET_FROM_TARGET pc=C1E1 op=F308F1 sp=F332 stack=0E44/63D5 p=00/00/01 tgt=40CA irq=515 active=02 first=00 player=00 xy=8,80
BP_RESIDENT_RET_FROM_TARGET pc=C1E1 op=F308F1 sp=F332 stack=0E44/63D5 p=00/00/01 tgt=40CA irq=515 active=02 first=00 player=00 xy=8,80
BP_RESIDENT_RET_FROM_TARGET pc=C1E1 op=F308F1 sp=F332 stack=0E44/63D5 p=00/00/01 tgt=40CA irq=515 active=02 first=00 player=00 xy=8,80
BP_RESIDENT_RET_FROM_TARGET pc=C1E1 op=F308F1 sp=F332 stack=0E44/63D5 p=00/00/01 tgt=40CA irq=516 active=02 first=00 player=00 xy=8,80
BP_RESIDENT_RET_FROM_TARGET pc=C1E1 op=F308F1 sp=F332 stack=0E44/63D5 p=00/00/01 tgt=40CA irq=516 active=02 first=00 player=00 xy=8,80
BP_RESIDENT_RET_FROM_TARGET pc=C1E1 op=F308F1 sp=F332 stack=0E44/63D5 p=00/00/01 tgt=40CA irq=516 active=02 first=00 player=00 xy=8,80
BP_RESIDENT_RET_FROM_TARGET pc=C1E1 op=F308F1 sp=F332 stack=0E44/63D5 p=00/00/01 tgt=40CA irq=516 active=02 first=00 player=00 xy=8,80
BP_RESIDENT_RET_FROM_TARGET pc=C1E1 op=F308F1 sp=F332 stack=0E44/63D5 p=00/00/01 tgt=40CA irq=516 active=02 first=00 player=00 xy=8,80
BP_RESIDENT_RET_FROM_TARGET pc=C1E1 op=F308F1 sp=F332 stack=0E44/63D5 p=00/00/01 tgt=40CA irq=516 active=02 first=00 player=00 xy=8,80
BP_RESIDENT_RET_FROM_TARGET pc=C1E1 op=F308F1 sp=F332 stack=0E44/63D5 p=00/00/01 tgt=40CA irq=516 active=02 first=00 player=00 xy=8,80
BP_RESIDENT_RET_FROM_TARGET pc=C1E1 op=F308F1 sp=F332 stack=0E44/63D5 p=00/00/01 tgt=40CA irq=516 active=02 first=00 player=00 xy=8,80
BP_RESIDENT_RET_FROM_TARGET pc=C1E1 op=F308F1 sp=F332 stack=0E44/63D5 p=00/00/01 tgt=40CA irq=516 active=02 first=00 player=00 xy=8,80
BP_RESIDENT_RET_FROM_TARGET pc=C1E1 op=F308F1 sp=F332 stack=0E44/63D5 p=00/00/01 tgt=40CA irq=516 active=02 first=00 player=00 xy=8,80
BP_RESIDENT_RET_FROM_TARGET pc=C1E1 op=F308F1 sp=F34C stack=0544/715F p=00/00/01 tgt=40CA irq=516 active=02 first=00 player=00 xy=8,80
BP_RESIDENT_RET_FROM_TARGET pc=C1E1 op=F308F1 sp=F34C stack=0544/70AF p=00/00/01 tgt=543C irq=516 active=02 first=00 player=00 xy=8,80
BP_RESIDENT_RET_FROM_TARGET pc=C1E1 op=F308F1 sp=F34C stack=0544/70BF p=00/00/01 tgt=5426 irq=516 active=02 first=00 player=00 xy=8,80
BP_RESIDENT_RET_FROM_TARGET pc=C1E1 op=F308F1 sp=F34C stack=0544/716F p=00/00/01 tgt=48E4 irq=517 active=02 first=00 player=00 xy=8,80
BP_RESIDENT_RET_FROM_TARGET pc=C1E1 op=F308F1 sp=F34C stack=0544/717F p=00/00/01 tgt=4906 irq=517 active=02 first=00 player=00 xy=8,80
BP_RESIDENT_RET_FROM_TARGET pc=C1E1 op=F308F1 sp=F34C stack=0544/718F p=00/00/01 tgt=491D irq=518 active=02 first=00 player=00 xy=8,80
BP_RESIDENT_RET_FROM_TARGET pc=C1E1 op=F308F1 sp=F34C stack=0544/719F p=00/00/01 tgt=489E irq=519 active=02 first=00 player=00 xy=8,80
BP_RESIDENT_RET_FROM_TARGET pc=C1E1 op=F308F1 sp=F34C stack=0544/719F p=00/00/01 tgt=489E irq=519 active=02 first=00 player=00 xy=8,80
BP_RESIDENT_RET_FROM_TARGET pc=C1E1 op=F308F1 sp=F34C stack=0544/719F p=00/00/01 tgt=489E irq=520 active=02 first=00 player=00 xy=8,80
BP_RESIDENT_RET_FROM_TARGET pc=C1E1 op=F308F1 sp=F34C stack=0544/70FF p=00/00/01 tgt=40CA irq=520 active=02 first=00 player=00 xy=8,80
BP_RESIDENT_RET_FROM_TARGET pc=C1E1 op=F308F1 sp=F326 stack=0D44/62A6 p=00/00/01 tgt=40CA irq=520 active=02 first=00 player=00 xy=8,80
BP_RESIDENT_RET_FROM_TARGET pc=C1E1 op=F308F1 sp=F326 stack=0D44/62A6 p=00/00/01 tgt=40CA irq=520 active=02 first=00 player=00 xy=8,80
BP_RESIDENT_RET_FROM_TARGET pc=C1E1 op=F308F1 sp=F328 stack=0D44/62A6 p=00/00/01 tgt=40CA irq=520 active=02 first=00 player=00 xy=8,80
BP_RESIDENT_RET_FROM_TARGET pc=C1E1 op=F308F1 sp=F326 stack=0D44/62A6 p=00/00/01 tgt=40CA irq=520 active=02 first=00 player=00 xy=8,80
BP_RESIDENT_RET_FROM_TARGET pc=C1E1 op=F308F1 sp=F326 stack=0D44/62A6 p=00/00/01 tgt=40CA irq=520 active=02 first=00 player=00 xy=8,80
BP_RESIDENT_RET_FROM_TARGET pc=C1E1 op=F308F1 sp=F328 stack=0D44/62A6 p=00/00/01 tgt=40CA irq=521 active=02 first=00 player=00 xy=8,80
BP_RESIDENT_RET_FROM_TARGET pc=C1E1 op=F308F1 sp=F326 stack=0D44/62A6 p=00/00/01 tgt=40CA irq=521 active=02 first=00 player=00 xy=8,80
BP_RESIDENT_RET_FROM_TARGET pc=C1E1 op=F308F1 sp=F326 stack=0D44/62A6 p=00/00/01 tgt=40CA irq=521 active=02 first=00 player=00 xy=8,80
BP_RESIDENT_RET_FROM_TARGET pc=C1E1 op=F308F1 sp=F328 stack=0D44/62A6 p=00/00/01 tgt=40CA irq=521 active=02 first=00 player=00 xy=8,80
BP_RESIDENT_RET_FROM_TARGET pc=C1E1 op=F308F1 sp=F326 stack=0D44/62A6 p=00/00/01 tgt=40CA irq=521 active=02 first=00 player=00 xy=8,80
BP_RESIDENT_RET_FROM_TARGET pc=C1E1 op=F308F1 sp=F326 stack=0D44/62A6 p=00/00/01 tgt=40CA irq=521 active=02 first=00 player=00 xy=8,80
BP_RESIDENT_RET_FROM_TARGET pc=C1E1 op=F308F1 sp=F328 stack=0D44/62A6 p=00/00/01 tgt=40CA irq=521 active=02 first=00 player=00 xy=8,80
BP_RESIDENT_RET_FROM_TARGET pc=C1E1 op=F308F1 sp=F326 stack=0D44/62A6 p=00/00/01 tgt=40CA irq=521 active=02 first=00 player=00 xy=8,80
BP_RESIDENT_RET_FROM_TARGET pc=C1E1 op=F308F1 sp=F326 stack=0D44/62A6 p=00/00/01 tgt=40CA irq=521 active=02 first=00 player=00 xy=8,80
BP_RESIDENT_RET_FROM_TARGET pc=C1E1 op=F308F1 sp=F328 stack=0D44/62A6 p=00/00/01 tgt=40CA irq=521 active=02 first=00 player=00 xy=8,80
BP_RESIDENT_RET_FROM_TARGET pc=C1E1 op=F308F1 sp=F326 stack=0D44/62A6 p=00/00/01 tgt=40CA irq=521 active=02 first=00 player=00 xy=8,80
BP_RESIDENT_RET_FROM_TARGET pc=C1E1 op=F308F1 sp=F326 stack=0D44/62A6 p=00/00/01 tgt=40CA irq=521 active=02 first=00 player=00 xy=8,80
BP_RESIDENT_RET_FROM_TARGET pc=C1E1 op=F308F1 sp=F328 stack=0D44/62A6 p=00/00/01 tgt=40CA irq=521 active=02 first=00 player=00 xy=8,80
BP_RESIDENT_RET_FROM_TARGET pc=C1E1 op=F308F1 sp=F326 stack=0D44/62A6 p=00/00/01 tgt=40CA irq=521 active=02 first=00 player=00 xy=8,80
BP_RESIDENT_RET_FROM_TARGET pc=C1E1 op=F308F1 sp=F326 stack=0D44/62A6 p=00/00/01 tgt=40CA irq=521 active=02 first=00 player=00 xy=8,80
BP_RESIDENT_RET_FROM_TARGET pc=C1E1 op=F308F1 sp=F328 stack=0D44/62A6 p=00/00/01 tgt=40CA irq=521 active=02 first=00 player=00 xy=8,80
BP_RESIDENT_RET_FROM_TARGET pc=C1E1 op=F308F1 sp=F326 stack=0D44/62A6 p=00/00/01 tgt=40CA irq=521 active=02 first=00 player=00 xy=8,80
BP_RESIDENT_RET_FROM_TARGET pc=C1E1 op=F308F1 sp=F326 stack=0D44/62A6 p=00/00/01 tgt=40CA irq=521 active=02 first=00 player=00 xy=8,80
BP_RESIDENT_RET_FROM_TARGET pc=C1E1 op=F308F1 sp=F328 stack=0D44/62A6 p=00/00/01 tgt=40CA irq=521 active=02 first=00 player=00 xy=8,80
BP_RESIDENT_RET_FROM_TARGET pc=C1E1 op=F308F1 sp=F34C stack=0544/71BF p=00/00/01 tgt=40CA irq=521 active=02 first=00 player=00 xy=8,80
BP_RESIDENT_RET_FROM_TARGET pc=C1E1 op=F308F1 sp=F34C stack=0544/71CF p=00/00/01 tgt=5470 irq=521 active=02 first=00 player=00 xy=8,80
BP_RESIDENT_RET_FROM_TARGET pc=C1E1 op=F308F1 sp=F35E stack=0944/6672 p=00/00/01 tgt=5470 irq=521 active=02 first=00 player=00 xy=8,80
BP_RESIDENT_RET_FROM_TARGET pc=C1E1 op=F308F1 sp=F34A stack=0544/710F p=00/00/01 tgt=40FD irq=521 active=02 first=00 player=00 xy=8,80
BP_RESIDENT_RET_FROM_TARGET pc=C1E1 op=F308F1 sp=F34A stack=0544/710F p=00/00/01 tgt=40FD irq=521 active=02 first=00 player=00 xy=8,80
BP_RESIDENT_RET_FROM_TARGET pc=C1E1 op=F308F1 sp=F34A stack=0544/710F p=00/00/01 tgt=40FD irq=521 active=02 first=00 player=00 xy=8,80
BP_RESIDENT_RET_FROM_TARGET pc=C1E1 op=F308F1 sp=F34A stack=0544/710F p=00/00/01 tgt=40FD irq=521 active=02 first=00 player=00 xy=8,80
BP_RESIDENT_RET_FROM_TARGET pc=C1E1 op=F308F1 sp=F34A stack=0544/710F p=00/00/01 tgt=40FD irq=521 active=02 first=00 player=00 xy=8,80
BP_RESIDENT_RET_FROM_TARGET pc=C1E1 op=F308F1 sp=F34A stack=0544/710F p=00/00/01 tgt=40FD irq=521 active=02 first=00 player=00 xy=8,80
BP_RESIDENT_RET_FROM_TARGET pc=C1E1 op=F308F1 sp=F34A stack=0544/710F p=00/00/01 tgt=40FD irq=521 active=02 first=00 player=00 xy=8,80
BP_RESIDENT_RET_FROM_TARGET pc=C1E1 op=F308F1 sp=F34A stack=0544/710F p=00/00/01 tgt=40FD irq=521 active=02 first=00 player=00 xy=8,80
BP_RESIDENT_RET_FROM_TARGET pc=C1E1 op=F308F1 sp=F34A stack=0544/710F p=00/00/01 tgt=40FD irq=521 active=02 first=00 player=00 xy=8,80
BP_RESIDENT_RET_FROM_TARGET pc=C1E1 op=F308F1 sp=F34A stack=0544/710F p=00/00/01 tgt=40FD irq=521 active=02 first=00 player=00 xy=8,80
BP_RESIDENT_RET_FROM_TARGET pc=C1E1 op=F308F1 sp=F34A stack=0544/710F p=00/00/01 tgt=40FD irq=521 active=02 first=00 player=00 xy=8,80
BP_RESIDENT_RET_FROM_TARGET pc=C1E1 op=F308F1 sp=F34A stack=0544/710F p=00/00/01 tgt=40FD irq=521 active=02 first=00 player=00 xy=8,80
BP_RESIDENT_RET_FROM_TARGET pc=C1E1 op=F308F1 sp=F34A stack=0544/710F p=00/00/01 tgt=40FD irq=521 active=02 first=00 player=00 xy=8,80
BP_RESIDENT_RET_FROM_TARGET pc=C1E1 op=F308F1 sp=F34A stack=0544/710F p=00/00/01 tgt=40FD irq=521 active=02 first=00 player=00 xy=8,80
BP_RESIDENT_RET_FROM_TARGET pc=C1E1 op=F308F1 sp=F34A stack=0544/710F p=00/00/01 tgt=40FD irq=521 active=02 first=00 player=00 xy=8,80
BP_RESIDENT_RET_FROM_TARGET pc=C1E1 op=F308F1 sp=F34A stack=0544/710F p=00/00/01 tgt=40FD irq=521 active=02 first=00 player=00 xy=8,80
BP_RESIDENT_RET_FROM_TARGET pc=C1E1 op=F308F1 sp=F34A stack=0544/710F p=00/00/01 tgt=40FD irq=521 active=02 first=00 player=00 xy=8,80
BP_RESIDENT_RET_FROM_TARGET pc=C1E1 op=F308F1 sp=F34A stack=0544/710F p=00/00/01 tgt=40FD irq=521 active=02 first=00 player=00 xy=8,80
BP_RESIDENT_RET_FROM_TARGET pc=C1E1 op=F308F1 sp=F34A stack=0544/710F p=00/00/01 tgt=40FD irq=521 active=02 first=00 player=00 xy=8,80
BP_RESIDENT_RET_FROM_TARGET pc=C1E1 op=F308F1 sp=F34A stack=0544/710F p=00/00/01 tgt=40FD irq=521 active=02 first=00 player=00 xy=8,80
BP_RESIDENT_RET_FROM_TARGET pc=C1E1 op=F308F1 sp=F34A stack=0544/710F p=00/00/01 tgt=40FD irq=521 active=02 first=00 player=00 xy=8,80
BP_RESIDENT_RET_FROM_TARGET pc=C1E1 op=F308F1 sp=F34A stack=0544/710F p=00/00/01 tgt=40FD irq=521 active=02 first=00 player=00 xy=8,80
BP_RESIDENT_RET_FROM_TARGET pc=C1E1 op=F308F1 sp=F34A stack=0544/710F p=00/00/01 tgt=40FD irq=521 active=02 first=00 player=00 xy=8,80
BP_RESIDENT_RET_FROM_TARGET pc=C1E1 op=F308F1 sp=F34A stack=0544/710F p=00/00/01 tgt=40FD irq=521 active=02 first=00 player=00 xy=8,80
BP_RESIDENT_RET_FROM_TARGET pc=C1E1 op=F308F1 sp=F34A stack=0544/710F p=00/00/01 tgt=40FD irq=521 active=02 first=00 player=00 xy=8,80
BP_RESIDENT_RET_FROM_TARGET pc=C1E1 op=F308F1 sp=F34A stack=0544/710F p=00/00/01 tgt=40FD irq=521 active=02 first=00 player=00 xy=8,80
BP_RESIDENT_RET_FROM_TARGET pc=C1E1 op=F308F1 sp=F34A stack=0544/710F p=00/00/01 tgt=40FD irq=521 active=02 first=00 player=00 xy=8,80
BP_RESIDENT_RET_FROM_TARGET pc=C1E1 op=F308F1 sp=F34A stack=0544/710F p=00/00/01 tgt=40FD irq=522 active=02 first=00 player=00 xy=8,80
BP_RESIDENT_RET_FROM_TARGET pc=C1E1 op=F308F1 sp=F34A stack=0544/710F p=00/00/01 tgt=40FD irq=522 active=02 first=00 player=00 xy=8,80
BP_RESIDENT_RET_FROM_TARGET pc=C1E1 op=F308F1 sp=F34A stack=0544/710F p=00/00/01 tgt=40FD irq=522 active=02 first=00 player=00 xy=8,80
BP_RESIDENT_RET_FROM_TARGET pc=C1E1 op=F308F1 sp=F34A stack=0544/710F p=00/00/01 tgt=40FD irq=522 active=02 first=00 player=00 xy=8,80
BP_RESIDENT_RET_FROM_TARGET pc=C1E1 op=F308F1 sp=F34A stack=0544/710F p=00/00/01 tgt=40FD irq=522 active=02 first=00 player=00 xy=8,80
BP_RESIDENT_RET_FROM_TARGET pc=C1E1 op=F308F1 sp=F34A stack=0544/710F p=00/00/01 tgt=40FD irq=522 active=02 first=00 player=00 xy=8,80
BP_RESIDENT_RET_FROM_TARGET pc=C1E1 op=F308F1 sp=F34A stack=0544/710F p=00/00/01 tgt=40FD irq=522 active=02 first=00 player=00 xy=8,80
BP_RESIDENT_RET_FROM_TARGET pc=C1E1 op=F308F1 sp=F34A stack=0544/710F p=00/00/01 tgt=40FD irq=522 active=02 first=00 player=00 xy=8,80
BP_RESIDENT_RET_FROM_TARGET pc=C1E1 op=F308F1 sp=F34A stack=0544/710F p=00/00/01 tgt=40FD irq=522 active=02 first=00 player=00 xy=8,80
BP_RESIDENT_RET_FROM_TARGET pc=C1E1 op=F308F1 sp=F34A stack=0544/710F p=00/00/01 tgt=40FD irq=522 active=02 first=00 player=00 xy=8,80
BP_RESIDENT_RET_FROM_TARGET pc=C1E1 op=F308F1 sp=F34A stack=0544/710F p=00/00/01 tgt=40FD irq=522 active=02 first=00 player=00 xy=8,80
BP_RESIDENT_RET_FROM_TARGET pc=C1E1 op=F308F1 sp=F34A stack=0544/710F p=00/00/01 tgt=40FD irq=522 active=02 first=00 player=00 xy=8,80
BP_RESIDENT_RET_FROM_TARGET pc=C1E1 op=F308F1 sp=F34A stack=0544/710F p=00/00/01 tgt=40FD irq=522 active=02 first=00 player=00 xy=8,80
BP_RESIDENT_RET_FROM_TARGET pc=C1E1 op=F308F1 sp=F34A stack=0544/710F p=00/00/01 tgt=40FD irq=522 active=02 first=00 player=00 xy=8,80
BP_RESIDENT_RET_FROM_TARGET pc=C1E1 op=F308F1 sp=F34A stack=0544/710F p=00/00/01 tgt=40FD irq=522 active=02 first=00 player=00 xy=8,80
BP_RESIDENT_RET_FROM_TARGET pc=C1E1 op=F308F1 sp=F34A stack=0544/710F p=00/00/01 tgt=40FD irq=522 active=02 first=00 player=00 xy=8,80
BP_RESIDENT_RET_FROM_TARGET pc=C1E1 op=F308F1 sp=F34A stack=0544/710F p=00/00/01 tgt=40FD irq=522 active=02 first=00 player=00 xy=8,80
BP_RESIDENT_RET_FROM_TARGET pc=C1E1 op=F308F1 sp=F34A stack=0544/710F p=00/00/01 tgt=40FD irq=522 active=02 first=00 player=00 xy=8,80
BP_RESIDENT_RET_FROM_TARGET pc=C1E1 op=F308F1 sp=F34A stack=0544/710F p=00/00/01 tgt=40FD irq=522 active=02 first=00 player=00 xy=8,80
BP_RESIDENT_RET_FROM_TARGET pc=C1E1 op=F308F1 sp=F34A stack=0544/710F p=00/00/01 tgt=40FD irq=522 active=02 first=00 player=00 xy=8,80
BP_RESIDENT_RET_FROM_TARGET pc=C1E1 op=F308F1 sp=F34A stack=0544/710F p=00/00/01 tgt=40FD irq=522 active=02 first=00 player=00 xy=8,80
BP_RESIDENT_RET_FROM_TARGET pc=C1E1 op=F308F1 sp=F34A stack=0544/710F p=00/00/01 tgt=40FD irq=522 active=02 first=00 player=00 xy=8,80
BP_RESIDENT_RET_FROM_TARGET pc=C1E1 op=F308F1 sp=F34A stack=0544/710F p=00/00/01 tgt=40FD irq=522 active=02 first=00 player=00 xy=8,80
BP_RESIDENT_RET_FROM_TARGET pc=C1E1 op=F308F1 sp=F34A stack=0544/710F p=00/00/01 tgt=40FD irq=522 active=02 first=00 player=00 xy=8,80
BP_RESIDENT_RET_FROM_TARGET pc=C1E1 op=F308F1 sp=F34A stack=0544/710F p=00/00/01 tgt=40FD irq=522 active=02 first=00 player=00 xy=8,80
BP_RESIDENT_RET_FROM_TARGET pc=C1E1 op=F308F1 sp=F34A stack=0544/710F p=00/00/01 tgt=40FD irq=522 active=02 first=00 player=00 xy=8,80
BP_RESIDENT_RET_FROM_TARGET pc=C1E1 op=F308F1 sp=F34A stack=0544/710F p=00/00/01 tgt=40FD irq=522 active=02 first=00 player=00 xy=8,80
BP_RESIDENT_RET_FROM_TARGET pc=C1E1 op=F308F1 sp=F34A stack=0544/710F p=00/00/01 tgt=40FD irq=522 active=02 first=00 player=00 xy=8,80
BP_RESIDENT_RET_FROM_TARGET pc=C1E1 op=F308F1 sp=F34A stack=0544/710F p=00/00/01 tgt=40FD irq=522 active=02 first=00 player=00 xy=8,80
BP_RESIDENT_RET_FROM_TARGET pc=C1E1 op=F308F1 sp=F34A stack=0544/710F p=00/00/01 tgt=40FD irq=522 active=02 first=00 player=00 xy=8,80
BP_RESIDENT_RET_FROM_TARGET pc=C1E1 op=F308F1 sp=F34A stack=0544/710F p=00/00/01 tgt=40FD irq=522 active=02 first=00 player=00 xy=8,80
BP_RESIDENT_RET_FROM_TARGET pc=C1E1 op=F308F1 sp=F34A stack=0544/710F p=00/00/01 tgt=40FD irq=522 active=02 first=00 player=00 xy=8,80
BP_RESIDENT_RET_FROM_TARGET pc=C1E1 op=F308F1 sp=F34A stack=0544/710F p=00/00/01 tgt=40FD irq=522 active=02 first=00 player=00 xy=8,80
BP_RESIDENT_RET_FROM_TARGET pc=C1E1 op=F308F1 sp=F34A stack=0544/710F p=00/00/01 tgt=40FD irq=522 active=02 first=00 player=00 xy=8,80
BP_RESIDENT_RET_FROM_TARGET pc=C1E1 op=F308F1 sp=F34A stack=0544/710F p=00/00/01 tgt=40FD irq=522 active=02 first=00 player=00 xy=8,80
BP_RESIDENT_RET_FROM_TARGET pc=C1E1 op=F308F1 sp=F34A stack=0544/710F p=00/00/01 tgt=40FD irq=522 active=02 first=00 player=00 xy=8,80
BP_RESIDENT_RET_FROM_TARGET pc=C1E1 op=F308F1 sp=F34A stack=0544/710F p=00/00/01 tgt=40FD irq=522 active=02 first=00 player=00 xy=8,80
BP_RESIDENT_RET_FROM_TARGET pc=C1E1 op=F308F1 sp=F34A stack=0544/710F p=00/00/01 tgt=40FD irq=522 active=02 first=00 player=00 xy=8,80
BP_RESIDENT_RET_FROM_TARGET pc=C1E1 op=F308F1 sp=F34A stack=0544/710F p=00/00/01 tgt=40FD irq=522 active=02 first=00 player=00 xy=8,80
BP_RESIDENT_RET_FROM_TARGET pc=C1E1 op=F308F1 sp=F34A stack=0544/710F p=00/00/01 tgt=40FD irq=522 active=02 first=00 player=00 xy=8,80
BP_RESIDENT_RET_FROM_TARGET pc=C1E1 op=F308F1 sp=F34A stack=0544/710F p=00/00/01 tgt=40FD irq=522 active=02 first=00 player=00 xy=8,80
BP_RESIDENT_RET_FROM_TARGET pc=C1E1 op=F308F1 sp=F34A stack=0544/710F p=00/00/01 tgt=40FD irq=522 active=02 first=00 player=00 xy=8,80
BP_RESIDENT_RET_FROM_TARGET pc=C1E1 op=F308F1 sp=F34A stack=0544/710F p=00/00/01 tgt=40FD irq=522 active=02 first=00 player=00 xy=8,80
BP_RESIDENT_RET_FROM_TARGET pc=C1E1 op=F308F1 sp=F34A stack=0544/710F p=00/00/01 tgt=40FD irq=522 active=02 first=00 player=00 xy=8,80
BP_RESIDENT_RET_FROM_TARGET pc=C1E1 op=F308F1 sp=F34A stack=0544/710F p=00/00/01 tgt=40FD irq=522 active=02 first=00 player=00 xy=8,80
BP_RESIDENT_RET_FROM_TARGET pc=C1E1 op=F308F1 sp=F34A stack=0544/710F p=00/00/01 tgt=40FD irq=522 active=02 first=00 player=00 xy=8,80
BP_RESIDENT_RET_FROM_TARGET pc=C1E1 op=F308F1 sp=F34A stack=0544/710F p=00/00/01 tgt=40FD irq=522 active=02 first=00 player=00 xy=8,80
BP_RESIDENT_RET_FROM_TARGET pc=C1E1 op=F308F1 sp=F34A stack=0544/710F p=00/00/01 tgt=40FD irq=522 active=02 first=00 player=00 xy=8,80
BP_RESIDENT_RET_FROM_TARGET pc=C1E1 op=F308F1 sp=F34A stack=0544/710F p=00/00/01 tgt=40FD irq=522 active=02 first=00 player=00 xy=8,80
BP_RESIDENT_RET_FROM_TARGET pc=C1E1 op=F308F1 sp=F34A stack=0544/710F p=00/00/01 tgt=40FD irq=522 active=02 first=00 player=00 xy=8,80
BP_RESIDENT_RET_FROM_TARGET pc=C1E1 op=F308F1 sp=F34A stack=0544/710F p=00/00/01 tgt=40FD irq=522 active=02 first=00 player=00 xy=8,80
BP_RESIDENT_RET_FROM_TARGET pc=C1E1 op=F308F1 sp=F34A stack=0544/710F p=00/00/01 tgt=40FD irq=522 active=02 first=00 player=00 xy=8,80
BP_RESIDENT_RET_FROM_TARGET pc=C1E1 op=F308F1 sp=F34A stack=0544/710F p=00/00/01 tgt=40FD irq=522 active=02 first=00 player=00 xy=8,80
BP_RESIDENT_RET_FROM_TARGET pc=C1E1 op=F308F1 sp=F34A stack=0544/710F p=00/00/01 tgt=40FD irq=522 active=02 first=00 player=00 xy=8,80
BP_RESIDENT_RET_FROM_TARGET pc=C1E1 op=F308F1 sp=F34A stack=0544/710F p=00/00/01 tgt=40FD irq=522 active=02 first=00 player=00 xy=8,80
BP_RESIDENT_RET_FROM_TARGET pc=C1E1 op=F308F1 sp=F34A stack=0544/710F p=00/00/01 tgt=40FD irq=522 active=02 first=00 player=00 xy=8,80
BP_RESIDENT_RET_FROM_TARGET pc=C1E1 op=F308F1 sp=F34A stack=0544/710F p=00/00/01 tgt=40FD irq=522 active=02 first=00 player=00 xy=8,80
BP_RESIDENT_RET_FROM_TARGET pc=C1E1 op=F308F1 sp=F34A stack=0544/710F p=00/00/01 tgt=40FD irq=522 active=02 first=00 player=00 xy=8,80
BP_RESIDENT_RET_FROM_TARGET pc=C1E1 op=F308F1 sp=F34A stack=0544/710F p=00/00/01 tgt=40FD irq=522 active=02 first=00 player=00 xy=8,80
BP_RESIDENT_RET_FROM_TARGET pc=C1E1 op=F308F1 sp=F34A stack=0544/710F p=00/00/01 tgt=40FD irq=522 active=02 first=00 player=00 xy=8,80
BP_RESIDENT_RET_FROM_TARGET pc=C1E1 op=F308F1 sp=F34A stack=0544/710F p=00/00/01 tgt=40FD irq=522 active=02 first=00 player=00 xy=8,80
BP_RESIDENT_RET_FROM_TARGET pc=C1E1 op=F308F1 sp=F34A stack=0544/710F p=00/00/01 tgt=40FD irq=522 active=02 first=00 player=00 xy=8,80
BP_RESIDENT_RET_FROM_TARGET pc=C1E1 op=F308F1 sp=F34A stack=0544/710F p=00/00/01 tgt=40FD irq=522 active=02 first=00 player=00 xy=8,80
BP_RESIDENT_RET_FROM_TARGET pc=C1E1 op=F308F1 sp=F34A stack=0544/710F p=00/00/01 tgt=40FD irq=522 active=02 first=00 player=00 xy=8,80
BP_RESIDENT_RET_FROM_TARGET pc=C1E1 op=F308F1 sp=F34A stack=0544/710F p=00/00/01 tgt=40FD irq=522 active=02 first=00 player=00 xy=8,80
BP_RESIDENT_RET_FROM_TARGET pc=C1E1 op=F308F1 sp=F34A stack=0544/710F p=00/00/01 tgt=40FD irq=522 active=02 first=00 player=00 xy=8,80
BP_RESIDENT_RET_FROM_TARGET pc=C1E1 op=F308F1 sp=F34A stack=0544/710F p=00/00/01 tgt=40FD irq=522 active=02 first=00 player=00 xy=8,80
BP_RESIDENT_RET_FROM_TARGET pc=C1E1 op=F308F1 sp=F34A stack=0544/710F p=00/00/01 tgt=40FD irq=522 active=02 first=00 player=00 xy=8,80
BP_RESIDENT_RET_FROM_TARGET pc=C1E1 op=F308F1 sp=F34A stack=0544/710F p=00/00/01 tgt=40FD irq=522 active=02 first=00 player=00 xy=8,80
BP_RESIDENT_RET_FROM_TARGET pc=C1E1 op=F308F1 sp=F35E stack=0944/6682 p=00/00/01 tgt=40FD irq=522 active=02 first=00 player=00 xy=8,80
BP_RESIDENT_RET_FROM_TARGET pc=C1E1 op=F308F1 sp=F35E stack=0944/6692 p=00/00/01 tgt=51E6 irq=522 active=02 first=00 player=00 xy=8,80
BP_RESIDENT_RET_FROM_TARGET pc=C1E1 op=F308F1 sp=F35E stack=0944/66A2 p=00/00/01 tgt=54E4 irq=523 active=03 first=00 player=00 xy=8,80
BP_RESIDENT_RET_FROM_TARGET pc=C1E1 op=F308F1 sp=F35E stack=0944/66B2 p=00/00/01 tgt=54FF irq=523 active=03 first=00 player=00 xy=8,80
BP_RESIDENT_RET_FROM_TARGET pc=C1E1 op=F308F1 sp=F376 stack=0644/6B28 p=00/00/01 tgt=54FF irq=523 active=03 first=00 player=00 xy=8,80
BP_RESIDENT_RET_FROM_TARGET pc=C1E1 op=F308F1 sp=F378 stack=0644/6C18 p=00/00/01 tgt=60F9 irq=523 active=03 first=00 player=00 xy=8,80
BP_RESIDENT_RET_FROM_TARGET pc=C1E1 op=F308F1 sp=F378 stack=0644/6B88 p=00/00/01 tgt=5426 irq=523 active=03 first=00 player=00 xy=8,80
BP_RESIDENT_RET_FROM_TARGET pc=C1E1 op=F308F1 sp=F34E stack=0C44/62C3 p=00/00/01 tgt=40FD irq=523 active=03 first=00 player=00 xy=8,80
BP_RESIDENT_RET_FROM_TARGET pc=C1E1 op=F308F1 sp=F34E stack=0C44/62C3 p=00/00/01 tgt=40FD irq=523 active=03 first=00 player=00 xy=8,80
BP_RESIDENT_RET_FROM_TARGET pc=C1E1 op=F308F1 sp=F34E stack=0C44/62C3 p=00/00/01 tgt=40FD irq=523 active=03 first=00 player=00 xy=8,80
BP_RESIDENT_RET_FROM_TARGET pc=C1E1 op=F308F1 sp=F34E stack=0C44/62C3 p=00/00/01 tgt=40FD irq=523 active=03 first=00 player=00 xy=8,80
BP_RESIDENT_RET_FROM_TARGET pc=C1E1 op=F308F1 sp=F34E stack=0C44/62C3 p=00/00/01 tgt=40FD irq=523 active=03 first=00 player=00 xy=8,80
BP_RESIDENT_RET_FROM_TARGET pc=C1E1 op=F308F1 sp=F34E stack=0C44/62C3 p=00/00/01 tgt=40FD irq=523 active=03 first=00 player=00 xy=8,80
BP_RESIDENT_RET_FROM_TARGET pc=C1E1 op=F308F1 sp=F34E stack=0C44/62C3 p=00/00/01 tgt=40FD irq=523 active=03 first=00 player=00 xy=8,80
BP_RESIDENT_RET_FROM_TARGET pc=C1E1 op=F308F1 sp=F34E stack=0C44/62C3 p=00/00/01 tgt=40FD irq=523 active=03 first=00 player=00 xy=8,80
BP_RESIDENT_RET_FROM_TARGET pc=C1E1 op=F308F1 sp=F34E stack=0C44/62C3 p=00/00/01 tgt=40FD irq=523 active=03 first=00 player=00 xy=8,80
BP_RESIDENT_RET_FROM_TARGET pc=C1E1 op=F308F1 sp=F34E stack=0C44/62C3 p=00/00/01 tgt=40FD irq=523 active=03 first=00 player=00 xy=8,80
BP_RESIDENT_RET_FROM_TARGET pc=C1E1 op=F308F1 sp=F34E stack=0C44/62C3 p=00/00/01 tgt=40FD irq=523 active=03 first=00 player=00 xy=8,80
BP_RESIDENT_RET_FROM_TARGET pc=C1E1 op=F308F1 sp=F34E stack=0C44/62C3 p=00/00/01 tgt=40FD irq=523 active=03 first=00 player=00 xy=8,80
BP_RESIDENT_RET_FROM_TARGET pc=C1E1 op=F308F1 sp=F34E stack=0C44/62C3 p=00/00/01 tgt=40FD irq=523 active=03 first=00 player=00 xy=8,80
BP_RESIDENT_RET_FROM_TARGET pc=C1E1 op=F308F1 sp=F34E stack=0C44/62C3 p=00/00/01 tgt=40FD irq=523 active=03 first=00 player=00 xy=8,80
BP_RESIDENT_RET_FROM_TARGET pc=C1E1 op=F308F1 sp=F34E stack=0C44/62C3 p=00/00/01 tgt=40FD irq=523 active=03 first=00 player=00 xy=8,80
BP_RESIDENT_RET_FROM_TARGET pc=C1E1 op=F308F1 sp=F34E stack=0C44/62C3 p=00/00/01 tgt=40FD irq=523 active=03 first=00 player=00 xy=8,80
BP_RESIDENT_RET_FROM_TARGET pc=C1E1 op=F308F1 sp=F34E stack=0C44/62C3 p=00/00/01 tgt=40FD irq=523 active=03 first=00 player=00 xy=8,80
BP_RESIDENT_RET_FROM_TARGET pc=C1E1 op=F308F1 sp=F34E stack=0C44/62C3 p=00/00/01 tgt=40FD irq=523 active=03 first=00 player=00 xy=8,80
BP_RESIDENT_RET_FROM_TARGET pc=C1E1 op=F308F1 sp=F34E stack=0C44/62C3 p=00/00/01 tgt=40FD irq=523 active=03 first=00 player=00 xy=8,80
BP_RESIDENT_RET_FROM_TARGET pc=C1E1 op=F308F1 sp=F34E stack=0C44/62C3 p=00/00/01 tgt=40FD irq=523 active=03 first=00 player=00 xy=8,80
BP_RESIDENT_RET_FROM_TARGET pc=C1E1 op=F308F1 sp=F34E stack=0C44/62C3 p=00/00/01 tgt=40FD irq=523 active=03 first=00 player=00 xy=8,80
BP_RESIDENT_RET_FROM_TARGET pc=C1E1 op=F308F1 sp=F34E stack=0C44/62C3 p=00/00/01 tgt=40FD irq=523 active=03 first=00 player=00 xy=8,80
BP_RESIDENT_RET_FROM_TARGET pc=C1E1 op=F308F1 sp=F34E stack=0C44/62C3 p=00/00/01 tgt=40FD irq=523 active=03 first=00 player=00 xy=8,80
BP_RESIDENT_RET_FROM_TARGET pc=C1E1 op=F308F1 sp=F350 stack=0C44/62C3 p=00/00/01 tgt=40FD irq=523 active=03 first=00 player=00 xy=8,80
BP_RESIDENT_RET_FROM_TARGET pc=C1E1 op=F308F1 sp=F350 stack=0C44/62C3 p=00/00/01 tgt=40FD irq=523 active=03 first=00 player=00 xy=8,80
BP_RESIDENT_RET_FROM_TARGET pc=C1E1 op=F308F1 sp=F350 stack=0C44/62C3 p=00/00/01 tgt=40FD irq=523 active=03 first=00 player=00 xy=8,80
BP_RESIDENT_RET_FROM_TARGET pc=C1E1 op=F308F1 sp=F350 stack=0C44/62C3 p=00/00/01 tgt=40FD irq=523 active=03 first=00 player=00 xy=8,80
BP_RESIDENT_RET_FROM_TARGET pc=C1E1 op=F308F1 sp=F350 stack=0C44/62C3 p=00/00/01 tgt=40FD irq=523 active=03 first=00 player=00 xy=8,80
BP_RESIDENT_RET_FROM_TARGET pc=C1E1 op=F308F1 sp=F356 stack=0C44/62C3 p=00/00/01 tgt=40FD irq=523 active=03 first=00 player=00 xy=8,80
BP_RESIDENT_RET_FROM_TARGET pc=C1E1 op=F308F1 sp=F350 stack=0C44/62C3 p=00/00/01 tgt=40FD irq=523 active=03 first=00 player=00 xy=8,80
BP_RESIDENT_RET_FROM_TARGET pc=C1E1 op=F308F1 sp=F350 stack=0C44/62C3 p=00/00/01 tgt=40FD irq=523 active=03 first=00 player=00 xy=8,80
BP_RESIDENT_RET_FROM_TARGET pc=C1E1 op=F308F1 sp=F350 stack=0C44/62C3 p=00/00/01 tgt=40FD irq=523 active=03 first=00 player=00 xy=8,80
BP_RESIDENT_RET_FROM_TARGET pc=C1E1 op=F308F1 sp=F350 stack=0C44/62C3 p=00/00/01 tgt=40FD irq=523 active=03 first=00 player=00 xy=8,80
BP_RESIDENT_RET_FROM_TARGET pc=C1E1 op=F308F1 sp=F378 stack=0644/6C28 p=00/00/01 tgt=40FD irq=523 active=03 first=00 player=00 xy=8,80
BP_RESIDENT_RET_FROM_TARGET pc=C1E1 op=F308F1 sp=F376 stack=0644/6C48 p=00/00/01 tgt=4A34 irq=524 active=03 first=00 player=00 xy=8,80
BP_A16R8_UPDATE_PLAYER pc=6C49 op=AF3295 sp=F37A stack=673E/663A p=06/06/01 tgt=4A34 irq=524 active=03 first=00 player=00 xy=8,80
BP_RESIDENT_RET_FROM_TARGET pc=C1E1 op=F308F1 sp=F376 stack=0644/6C62 p=00/00/01 tgt=53B1 irq=524 active=03 first=00 player=FF xy=8,80
FINAL pc=1A04 op=FDE1F1 sp=C4E0 stack=634F/EBAC p=00/00/01 tgt=7759 irq=43563 active=A9 first=A9 player=06 xy=27137,39593
resident_ret_count=2251
