BP_RESET_4010 pc=4010 op=F3ED56 sp=F2EC stack=F392/F043 p=00/04/33 tgt=0000 irq=0 active=00 first=FF player=FF runtime=FF xy=17220,40761
BP_A16R8_UPDATE_ALL_ENTITIES pc=6BF5 op=C93A46 sp=F362 stack=6069/C158 p=00/00/01 tgt=5583 irq=0 active=00 first=FF player=FF runtime=FF xy=17220,40761
BP_RESIDENT_RET_FROM_TARGET pc=C1E1 op=F308F1 sp=F35C stack=1044/6063 p=00/00/01 tgt=48BD irq=1 active=00 first=FF player=FF runtime=FF xy=17220,40761
BP_RESIDENT_RET_FROM_TARGET pc=C1E1 op=F308F1 sp=F35C stack=1044/6063 p=00/00/01 tgt=48BD irq=2 active=00 first=FF player=FF runtime=FF xy=17220,40761
BP_RESIDENT_RET_FROM_TARGET pc=C1E1 op=F308F1 sp=F35C stack=1044/6063 p=00/00/01 tgt=48BD irq=3 active=00 first=FF player=FF runtime=FF xy=17220,40761
BP_RESIDENT_RET_FROM_TARGET pc=C1E1 op=F308F1 sp=F35C stack=1144/6063 p=00/00/01 tgt=48BD irq=4 active=00 first=FF player=FF runtime=FF xy=17220,40761
BP_RESIDENT_RET_FROM_TARGET pc=C1E1 op=F308F1 sp=F35C stack=1144/6063 p=00/00/01 tgt=48BD irq=5 active=00 first=FF player=FF runtime=FF xy=17220,40761
BP_RESIDENT_RET_FROM_TARGET pc=C1E1 op=F308F1 sp=F35C stack=1144/6063 p=00/00/01 tgt=48BD irq=5 active=00 first=FF player=FF runtime=FF xy=17220,40761
BP_RESIDENT_RET_FROM_TARGET pc=C1E1 op=F308F1 sp=F338 stack=0D44/62A6 p=00/00/01 tgt=40CA irq=5 active=00 first=FF player=FF runtime=FF xy=17220,40761
BP_RESIDENT_RET_FROM_TARGET pc=C1E1 op=F308F1 sp=F338 stack=0D44/62A6 p=00/00/01 tgt=40CA irq=5 active=00 first=FF player=FF runtime=FF xy=17220,40761
BP_RESIDENT_RET_FROM_TARGET pc=C1E1 op=F308F1 sp=F33A stack=0D44/62A6 p=00/00/01 tgt=40CA irq=5 active=00 first=FF player=FF runtime=FF xy=17220,40761
BP_RESIDENT_RET_FROM_TARGET pc=C1E1 op=F308F1 sp=F338 stack=0D44/62A6 p=00/00/01 tgt=40CA irq=5 active=00 first=FF player=FF runtime=FF xy=17220,40761
BP_RESIDENT_RET_FROM_TARGET pc=C1E1 op=F308F1 sp=F338 stack=0D44/62A6 p=00/00/01 tgt=40CA irq=5 active=00 first=FF player=FF runtime=FF xy=17220,40761
BP_RESIDENT_RET_FROM_TARGET pc=C1E1 op=F308F1 sp=F33A stack=0D44/62A6 p=00/00/01 tgt=40CA irq=5 active=00 first=FF player=FF runtime=FF xy=17220,40761
SPC1_before pc=65AF op=CDBD65 sp=F37C stack=6597/6988 p=06/06/01 tgt=4162 irq=182 active=02 first=00 player=00 runtime=01 xy=8,80
BP_A16R8_UPDATE_ALL_ENTITIES pc=6BF5 op=C93A46 sp=F368 stack=6069/C158 p=00/00/01 tgt=5583 irq=196 active=02 first=00 player=00 runtime=01 xy=8,80
SPC1_after pc=1A02 op=DDE1FD sp=F344 stack=6195/634F p=00/00/01 tgt=48BD irq=197 active=02 first=00 player=00 runtime=01 xy=8,80
SPC2_before pc=6140 op=CDE56A sp=F376 stack=68CD/68CE p=06/06/01 tgt=4162 irq=482 active=02 first=00 player=00 runtime=01 xy=8,80
SPC2_after pc=63D3 op=1910F3 sp=F34C stack=0011/623A p=0A/0A/01 tgt=5452 irq=496 active=02 first=00 player=00 runtime=01 xy=8,80
BP_A16R8_UPDATE_PLAYER pc=6BD5 op=F53EB0 sp=F37A stack=673E/663A p=06/06/01 tgt=4AA8 irq=524 active=03 first=00 player=00 runtime=01 xy=8,80
BP_UPDATE_PLAYER_ENTRY pc=7AB0 op=CDE678 sp=F374 stack=C1E1/0644 p=00/00/01 tgt=7AB0 irq=524 active=03 first=00 player=00 runtime=01 xy=8,80
BP_COMPONENT_TRIGGER_EDGE pc=494C op=FE02CA sp=F372 stack=7CB3/C1E1 p=00/00/01 tgt=7AB0 irq=524 active=03 first=00 player=00 runtime=01 xy=8,80
BP_RESIDENT_RET_FROM_TARGET pc=C1E1 op=F308F1 sp=F376 stack=0644/6BE4 p=00/00/01 tgt=7AB0 irq=524 active=03 first=00 player=00 runtime=01 xy=8,80
BP_A16R8_UPDATE_ALL_ENTITIES pc=6BF5 op=F53E59 sp=F37A stack=6747/663A p=06/06/01 tgt=5425 irq=524 active=03 first=00 player=00 runtime=01 xy=8,80
BP_UPDATE_ALL_ENTITIES_ENTRY pc=7759 op=3A0ADC sp=F374 stack=C1E1/0644 p=00/00/01 tgt=7759 irq=524 active=03 first=00 player=00 runtime=01 xy=8,80
BP_RESIDENT_RET_FROM_TARGET pc=C1E1 op=F308F1 sp=F376 stack=0644/6C04 p=00/00/01 tgt=7759 irq=524 active=02 first=00 player=00 runtime=01 xy=8,80
BP_A16R8_UPDATE_PLAYER pc=6BD5 op=F53EB0 sp=F37A stack=673E/663A p=06/06/01 tgt=4AA8 irq=525 active=02 first=00 player=00 runtime=01 xy=8,80
BP_UPDATE_PLAYER_ENTRY pc=7AB0 op=CDE678 sp=F374 stack=C1E1/0644 p=00/00/01 tgt=7AB0 irq=525 active=02 first=00 player=00 runtime=01 xy=8,80
BP_COMPONENT_TRIGGER_EDGE pc=494C op=FE02CA sp=F372 stack=7CB3/C1E1 p=00/00/01 tgt=7AB0 irq=525 active=02 first=00 player=00 runtime=01 xy=8,80
BP_RESIDENT_RET_FROM_TARGET pc=C1E1 op=F308F1 sp=F376 stack=0644/6BE4 p=00/00/01 tgt=7AB0 irq=525 active=02 first=00 player=00 runtime=01 xy=8,80
BP_A16R8_UPDATE_ALL_ENTITIES pc=6BF5 op=F53E59 sp=F37A stack=6747/663A p=06/06/01 tgt=5425 irq=525 active=02 first=00 player=00 runtime=01 xy=8,80
BP_UPDATE_ALL_ENTITIES_ENTRY pc=7759 op=3A0ADC sp=F374 stack=C1E1/0644 p=00/00/01 tgt=7759 irq=525 active=02 first=00 player=00 runtime=01 xy=8,80
BP_RESIDENT_RET_FROM_TARGET pc=C1E1 op=F308F1 sp=F376 stack=0644/6C04 p=00/00/01 tgt=7759 irq=525 active=03 first=00 player=00 runtime=01 xy=8,80
BP_A16R8_UPDATE_PLAYER pc=6BD5 op=F53EB0 sp=F37A stack=673E/663A p=06/06/01 tgt=4AA8 irq=526 active=03 first=00 player=00 runtime=01 xy=8,80
BP_UPDATE_PLAYER_ENTRY pc=7AB0 op=CDE678 sp=F374 stack=C1E1/0644 p=00/00/01 tgt=7AB0 irq=526 active=03 first=00 player=00 runtime=01 xy=8,80
BP_COMPONENT_TRIGGER_EDGE pc=494C op=FE02CA sp=F372 stack=7CB3/C1E1 p=00/00/01 tgt=7AB0 irq=526 active=03 first=00 player=00 runtime=01 xy=8,80
BP_RESIDENT_RET_FROM_TARGET pc=C1E1 op=F308F1 sp=F376 stack=0644/6BE4 p=00/00/01 tgt=7AB0 irq=526 active=03 first=00 player=00 runtime=01 xy=8,80
BP_A16R8_UPDATE_ALL_ENTITIES pc=6BF5 op=F53E59 sp=F37A stack=6747/663A p=06/06/01 tgt=5425 irq=526 active=03 first=00 player=00 runtime=01 xy=8,80
BP_UPDATE_ALL_ENTITIES_ENTRY pc=7759 op=3A0ADC sp=F374 stack=C1E1/0644 p=00/00/01 tgt=7759 irq=526 active=03 first=00 player=00 runtime=01 xy=8,80
BP_RESIDENT_RET_FROM_TARGET pc=C1E1 op=F308F1 sp=F376 stack=0644/6C04 p=00/00/01 tgt=7759 irq=526 active=02 first=00 player=00 runtime=01 xy=8,80
BP_A16R8_UPDATE_PLAYER pc=6BD5 op=F53EB0 sp=F37A stack=673E/663A p=06/06/01 tgt=4AA8 irq=527 active=02 first=00 player=00 runtime=01 xy=8,80
BP_UPDATE_PLAYER_ENTRY pc=7AB0 op=CDE678 sp=F374 stack=C1E1/0644 p=00/00/01 tgt=7AB0 irq=527 active=02 first=00 player=00 runtime=01 xy=8,80
BP_COMPONENT_TRIGGER_EDGE pc=494C op=FE02CA sp=F372 stack=7CB3/C1E1 p=00/00/01 tgt=7AB0 irq=527 active=02 first=00 player=00 runtime=01 xy=8,80
BP_RESIDENT_RET_FROM_TARGET pc=C1E1 op=F308F1 sp=F376 stack=0644/6BE4 p=00/00/01 tgt=7AB0 irq=527 active=02 first=00 player=00 runtime=01 xy=8,80
BP_A16R8_UPDATE_ALL_ENTITIES pc=6BF5 op=F53E59 sp=F37A stack=6747/663A p=06/06/01 tgt=5425 irq=527 active=02 first=00 player=00 runtime=01 xy=8,80
BP_UPDATE_ALL_ENTITIES_ENTRY pc=7759 op=3A0ADC sp=F374 stack=C1E1/0644 p=00/00/01 tgt=7759 irq=527 active=02 first=00 player=00 runtime=01 xy=8,80
BP_RESIDENT_RET_FROM_TARGET pc=C1E1 op=F308F1 sp=F376 stack=0644/6C04 p=00/00/01 tgt=7759 irq=527 active=02 first=00 player=00 runtime=01 xy=8,80
BP_A16R8_UPDATE_PLAYER pc=6BD5 op=F53EB0 sp=F37A stack=673E/663A p=06/06/01 tgt=4AA8 irq=528 active=02 first=00 player=00 runtime=01 xy=8,80
BP_UPDATE_PLAYER_ENTRY pc=7AB0 op=CDE678 sp=F374 stack=C1E1/0644 p=00/00/01 tgt=7AB0 irq=528 active=02 first=00 player=00 runtime=01 xy=8,80
BP_COMPONENT_TRIGGER_EDGE pc=494C op=FE02CA sp=F372 stack=7CB3/C1E1 p=00/00/01 tgt=7AB0 irq=528 active=02 first=00 player=00 runtime=01 xy=8,80
BP_RESIDENT_RET_FROM_TARGET pc=C1E1 op=F308F1 sp=F376 stack=0644/6BE4 p=00/00/01 tgt=7AB0 irq=528 active=02 first=00 player=00 runtime=01 xy=8,80
BP_A16R8_UPDATE_ALL_ENTITIES pc=6BF5 op=F53E59 sp=F37A stack=6747/663A p=06/06/01 tgt=5425 irq=528 active=02 first=00 player=00 runtime=01 xy=8,80
BP_UPDATE_ALL_ENTITIES_ENTRY pc=7759 op=3A0ADC sp=F374 stack=C1E1/0644 p=00/00/01 tgt=7759 irq=528 active=02 first=00 player=00 runtime=01 xy=8,80
BP_RESIDENT_RET_FROM_TARGET pc=C1E1 op=F308F1 sp=F376 stack=0644/6C04 p=00/00/01 tgt=7759 irq=528 active=03 first=00 player=00 runtime=01 xy=8,80
BP_A16R8_UPDATE_PLAYER pc=6BD5 op=F53EB0 sp=F37A stack=673E/663A p=06/06/01 tgt=4AA8 irq=529 active=03 first=00 player=00 runtime=01 xy=8,80
BP_UPDATE_PLAYER_ENTRY pc=7AB0 op=CDE678 sp=F374 stack=C1E1/0644 p=00/00/01 tgt=7AB0 irq=529 active=03 first=00 player=00 runtime=01 xy=8,80
BP_COMPONENT_TRIGGER_EDGE pc=494C op=FE02CA sp=F372 stack=7CB3/C1E1 p=00/00/01 tgt=7AB0 irq=529 active=03 first=00 player=00 runtime=01 xy=8,80
BP_RESIDENT_RET_FROM_TARGET pc=C1E1 op=F308F1 sp=F376 stack=0644/6BE4 p=00/00/01 tgt=7AB0 irq=529 active=03 first=00 player=00 runtime=01 xy=8,80
BP_A16R8_UPDATE_ALL_ENTITIES pc=6BF5 op=F53E59 sp=F37A stack=6747/663A p=06/06/01 tgt=5425 irq=529 active=03 first=00 player=00 runtime=01 xy=8,80
BP_UPDATE_ALL_ENTITIES_ENTRY pc=7759 op=3A0ADC sp=F374 stack=C1E1/0644 p=00/00/01 tgt=7759 irq=529 active=03 first=00 player=00 runtime=01 xy=8,80
BP_RESIDENT_RET_FROM_TARGET pc=C1E1 op=F308F1 sp=F376 stack=0644/6C04 p=00/00/01 tgt=7759 irq=529 active=02 first=00 player=00 runtime=01 xy=8,80
BP_A16R8_UPDATE_PLAYER pc=6BD5 op=F53EB0 sp=F37A stack=673E/663A p=06/06/01 tgt=4AA8 irq=530 active=02 first=00 player=00 runtime=01 xy=8,80
BP_UPDATE_PLAYER_ENTRY pc=7AB0 op=CDE678 sp=F374 stack=C1E1/0644 p=00/00/01 tgt=7AB0 irq=530 active=02 first=00 player=00 runtime=01 xy=8,80
BP_COMPONENT_TRIGGER_EDGE pc=494C op=FE02CA sp=F372 stack=7CB3/C1E1 p=00/00/01 tgt=7AB0 irq=530 active=02 first=00 player=00 runtime=01 xy=8,80
BP_RESIDENT_RET_FROM_TARGET pc=C1E1 op=F308F1 sp=F376 stack=0644/6BE4 p=00/00/01 tgt=7AB0 irq=530 active=02 first=00 player=00 runtime=01 xy=8,80
BP_A16R8_UPDATE_ALL_ENTITIES pc=6BF5 op=F53E59 sp=F37A stack=6747/663A p=06/06/01 tgt=5425 irq=530 active=02 first=00 player=00 runtime=01 xy=8,80
BP_UPDATE_ALL_ENTITIES_ENTRY pc=7759 op=3A0ADC sp=F374 stack=C1E1/0644 p=00/00/01 tgt=7759 irq=530 active=02 first=00 player=00 runtime=01 xy=8,80
BP_RESIDENT_RET_FROM_TARGET pc=C1E1 op=F308F1 sp=F376 stack=0644/6C04 p=00/00/01 tgt=7759 irq=530 active=02 first=00 player=00 runtime=01 xy=8,80
BP_A16R8_UPDATE_PLAYER pc=6BD5 op=F53EB0 sp=F37A stack=673E/663A p=06/06/01 tgt=4AA8 irq=531 active=02 first=00 player=00 runtime=01 xy=8,80
BP_UPDATE_PLAYER_ENTRY pc=7AB0 op=CDE678 sp=F374 stack=C1E1/0644 p=00/00/01 tgt=7AB0 irq=531 active=02 first=00 player=00 runtime=01 xy=8,80
BP_COMPONENT_TRIGGER_EDGE pc=494C op=FE02CA sp=F372 stack=7CB3/C1E1 p=00/00/01 tgt=7AB0 irq=531 active=02 first=00 player=00 runtime=01 xy=8,80
BP_RESIDENT_RET_FROM_TARGET pc=C1E1 op=F308F1 sp=F376 stack=0644/6BE4 p=00/00/01 tgt=7AB0 irq=531 active=02 first=00 player=00 runtime=01 xy=8,80
BP_A16R8_UPDATE_ALL_ENTITIES pc=6BF5 op=F53E59 sp=F37A stack=6747/663A p=06/06/01 tgt=5425 irq=531 active=02 first=00 player=00 runtime=01 xy=8,80
BP_UPDATE_ALL_ENTITIES_ENTRY pc=7759 op=3A0ADC sp=F374 stack=C1E1/0644 p=00/00/01 tgt=7759 irq=531 active=02 first=00 player=00 runtime=01 xy=8,80
BP_RESIDENT_RET_FROM_TARGET pc=C1E1 op=F308F1 sp=F376 stack=0644/6C04 p=00/00/01 tgt=7759 irq=531 active=03 first=00 player=00 runtime=01 xy=8,80
BP_A16R8_UPDATE_PLAYER pc=6BD5 op=F53EB0 sp=F37A stack=673E/663A p=06/06/01 tgt=4AA8 irq=532 active=03 first=00 player=00 runtime=01 xy=8,80
BP_UPDATE_PLAYER_ENTRY pc=7AB0 op=CDE678 sp=F374 stack=C1E1/0644 p=00/00/01 tgt=7AB0 irq=532 active=03 first=00 player=00 runtime=01 xy=8,80
BP_COMPONENT_TRIGGER_EDGE pc=494C op=FE02CA sp=F372 stack=7CB3/C1E1 p=00/00/01 tgt=7AB0 irq=532 active=03 first=00 player=00 runtime=01 xy=8,80
BP_RESIDENT_RET_FROM_TARGET pc=C1E1 op=F308F1 sp=F376 stack=0644/6BE4 p=00/00/01 tgt=7AB0 irq=532 active=03 first=00 player=00 runtime=01 xy=8,80
BP_A16R8_UPDATE_ALL_ENTITIES pc=6BF5 op=F53E59 sp=F37A stack=6747/663A p=06/06/01 tgt=5425 irq=532 active=03 first=00 player=00 runtime=01 xy=8,80
BP_UPDATE_ALL_ENTITIES_ENTRY pc=7759 op=3A0ADC sp=F374 stack=C1E1/0644 p=00/00/01 tgt=7759 irq=532 active=03 first=00 player=00 runtime=01 xy=8,80
BP_RESIDENT_RET_FROM_TARGET pc=C1E1 op=F308F1 sp=F376 stack=0644/6C04 p=00/00/01 tgt=7759 irq=532 active=02 first=00 player=00 runtime=01 xy=8,80
BP_A16R8_UPDATE_PLAYER pc=6BD5 op=F53EB0 sp=F37A stack=673E/663A p=06/06/01 tgt=4AA8 irq=534 active=02 first=00 player=00 runtime=01 xy=8,80
BP_UPDATE_PLAYER_ENTRY pc=7AB0 op=CDE678 sp=F374 stack=C1E1/0644 p=00/00/01 tgt=7AB0 irq=534 active=02 first=00 player=00 runtime=01 xy=8,80
BP_COMPONENT_TRIGGER_EDGE pc=494C op=FE02CA sp=F372 stack=7CB3/C1E1 p=00/00/01 tgt=7AB0 irq=534 active=02 first=00 player=00 runtime=01 xy=8,80
BP_RESIDENT_RET_FROM_TARGET pc=C1E1 op=F308F1 sp=F376 stack=0644/6BE4 p=00/00/01 tgt=7AB0 irq=534 active=02 first=00 player=00 runtime=01 xy=8,80
BP_A16R8_UPDATE_ALL_ENTITIES pc=6BF5 op=F53E59 sp=F37A stack=6747/663A p=06/06/01 tgt=5425 irq=534 active=02 first=00 player=00 runtime=01 xy=8,80
BP_UPDATE_ALL_ENTITIES_ENTRY pc=7759 op=3A0ADC sp=F374 stack=C1E1/0644 p=00/00/01 tgt=7759 irq=534 active=02 first=00 player=00 runtime=01 xy=8,80
BP_RESIDENT_RET_FROM_TARGET pc=C1E1 op=F308F1 sp=F376 stack=0644/6C04 p=00/00/01 tgt=7759 irq=534 active=03 first=00 player=00 runtime=01 xy=8,80
BP_A16R8_UPDATE_PLAYER pc=6BD5 op=F53EB0 sp=F37A stack=673E/663A p=06/06/01 tgt=4AA8 irq=535 active=03 first=00 player=00 runtime=01 xy=8,80
BP_UPDATE_PLAYER_ENTRY pc=7AB0 op=CDE678 sp=F374 stack=C1E1/0644 p=00/00/01 tgt=7AB0 irq=535 active=03 first=00 player=00 runtime=01 xy=8,80
BP_COMPONENT_TRIGGER_EDGE pc=494C op=FE02CA sp=F372 stack=7CB3/C1E1 p=00/00/01 tgt=7AB0 irq=535 active=03 first=00 player=00 runtime=01 xy=8,80
BP_RESIDENT_RET_FROM_TARGET pc=C1E1 op=F308F1 sp=F376 stack=0644/6BE4 p=00/00/01 tgt=7AB0 irq=535 active=03 first=00 player=00 runtime=01 xy=8,80
BP_A16R8_UPDATE_ALL_ENTITIES pc=6BF5 op=F53E59 sp=F37A stack=6747/663A p=06/06/01 tgt=5425 irq=535 active=03 first=00 player=00 runtime=01 xy=8,80
BP_UPDATE_ALL_ENTITIES_ENTRY pc=7759 op=3A0ADC sp=F374 stack=C1E1/0644 p=00/00/01 tgt=7759 irq=535 active=03 first=00 player=00 runtime=01 xy=8,80
BP_RESIDENT_RET_FROM_TARGET pc=C1E1 op=F308F1 sp=F376 stack=0644/6C04 p=00/00/01 tgt=7759 irq=535 active=02 first=00 player=00 runtime=01 xy=8,80
BP_A16R8_UPDATE_PLAYER pc=6BD5 op=F53EB0 sp=F37A stack=673E/663A p=06/06/01 tgt=4AA8 irq=536 active=02 first=00 player=00 runtime=01 xy=8,80
BP_UPDATE_PLAYER_ENTRY pc=7AB0 op=CDE678 sp=F374 stack=C1E1/0644 p=00/00/01 tgt=7AB0 irq=536 active=02 first=00 player=00 runtime=01 xy=8,80
BP_COMPONENT_TRIGGER_EDGE pc=494C op=FE02CA sp=F372 stack=7CB3/C1E1 p=00/00/01 tgt=7AB0 irq=536 active=02 first=00 player=00 runtime=01 xy=8,80
BP_RESIDENT_RET_FROM_TARGET pc=C1E1 op=F308F1 sp=F376 stack=0644/6BE4 p=00/00/01 tgt=7AB0 irq=536 active=02 first=00 player=00 runtime=01 xy=8,80
BP_A16R8_UPDATE_ALL_ENTITIES pc=6BF5 op=F53E59 sp=F37A stack=6747/663A p=06/06/01 tgt=5425 irq=536 active=02 first=00 player=00 runtime=01 xy=8,80
BP_UPDATE_ALL_ENTITIES_ENTRY pc=7759 op=3A0ADC sp=F374 stack=C1E1/0644 p=00/00/01 tgt=7759 irq=536 active=02 first=00 player=00 runtime=01 xy=8,80
BP_RESIDENT_RET_FROM_TARGET pc=C1E1 op=F308F1 sp=F376 stack=0644/6C04 p=00/00/01 tgt=7759 irq=536 active=02 first=00 player=00 runtime=01 xy=8,80
BP_A16R8_UPDATE_PLAYER pc=6BD5 op=F53EB0 sp=F37A stack=673E/663A p=06/06/01 tgt=4AA8 irq=537 active=02 first=00 player=00 runtime=01 xy=8,80
BP_UPDATE_PLAYER_ENTRY pc=7AB0 op=CDE678 sp=F374 stack=C1E1/0644 p=00/00/01 tgt=7AB0 irq=537 active=02 first=00 player=00 runtime=01 xy=8,80
BP_RESIDENT_RET_FROM_TARGET pc=C1E1 op=F308F1 sp=F376 stack=0644/6BE4 p=00/00/01 tgt=7AB0 irq=537 active=02 first=00 player=00 runtime=01 xy=8,80
BP_A16R8_UPDATE_ALL_ENTITIES pc=6BF5 op=F53E59 sp=F37A stack=6747/663A p=06/06/01 tgt=5425 irq=537 active=02 first=00 player=00 runtime=01 xy=8,80
BP_UPDATE_ALL_ENTITIES_ENTRY pc=7759 op=3A0ADC sp=F374 stack=C1E1/0644 p=00/00/01 tgt=7759 irq=537 active=02 first=00 player=00 runtime=01 xy=8,80
BP_RESIDENT_RET_FROM_TARGET pc=C1E1 op=F308F1 sp=F376 stack=0644/6C04 p=00/00/01 tgt=7759 irq=537 active=03 first=00 player=00 runtime=01 xy=8,80
BP_A16R8_UPDATE_PLAYER pc=6BD5 op=F53EB0 sp=F37A stack=673E/663A p=06/06/01 tgt=4AA8 irq=538 active=03 first=00 player=00 runtime=01 xy=8,80
BP_UPDATE_PLAYER_ENTRY pc=7AB0 op=CDE678 sp=F374 stack=C1E1/0644 p=00/00/01 tgt=7AB0 irq=538 active=03 first=00 player=00 runtime=01 xy=8,80
BP_RESIDENT_RET_FROM_TARGET pc=C1E1 op=F308F1 sp=F376 stack=0644/6BE4 p=00/00/01 tgt=7AB0 irq=538 active=03 first=00 player=00 runtime=01 xy=8,80
BP_A16R8_UPDATE_ALL_ENTITIES pc=6BF5 op=F53E59 sp=F37A stack=6747/663A p=06/06/01 tgt=5425 irq=538 active=03 first=00 player=00 runtime=01 xy=8,80
BP_UPDATE_ALL_ENTITIES_ENTRY pc=7759 op=3A0ADC sp=F374 stack=C1E1/0644 p=00/00/01 tgt=7759 irq=538 active=03 first=00 player=00 runtime=01 xy=8,80
BP_RESIDENT_RET_FROM_TARGET pc=C1E1 op=F308F1 sp=F376 stack=0644/6C04 p=00/00/01 tgt=7759 irq=538 active=02 first=00 player=00 runtime=01 xy=8,80
BP_A16R8_UPDATE_PLAYER pc=6BD5 op=F53EB0 sp=F37A stack=673E/663A p=06/06/01 tgt=4AA8 irq=539 active=02 first=00 player=00 runtime=01 xy=8,80
BP_UPDATE_PLAYER_ENTRY pc=7AB0 op=CDE678 sp=F374 stack=C1E1/0644 p=00/00/01 tgt=7AB0 irq=539 active=02 first=00 player=00 runtime=01 xy=8,80
BP_RESIDENT_RET_FROM_TARGET pc=C1E1 op=F308F1 sp=F376 stack=0644/6BE4 p=00/00/01 tgt=7AB0 irq=539 active=02 first=00 player=00 runtime=01 xy=8,80
BP_A16R8_UPDATE_ALL_ENTITIES pc=6BF5 op=F53E59 sp=F37A stack=6747/663A p=06/06/01 tgt=5425 irq=539 active=02 first=00 player=00 runtime=01 xy=8,80
BP_UPDATE_ALL_ENTITIES_ENTRY pc=7759 op=3A0ADC sp=F374 stack=C1E1/0644 p=00/00/01 tgt=7759 irq=539 active=02 first=00 player=00 runtime=01 xy=8,80
BP_RESIDENT_RET_FROM_TARGET pc=C1E1 op=F308F1 sp=F376 stack=0644/6C04 p=00/00/01 tgt=7759 irq=539 active=02 first=00 player=00 runtime=01 xy=8,80
BP_A16R8_UPDATE_PLAYER pc=6BD5 op=F53EB0 sp=F37A stack=673E/663A p=06/06/01 tgt=4AA8 irq=540 active=02 first=00 player=00 runtime=01 xy=8,80
BP_UPDATE_PLAYER_ENTRY pc=7AB0 op=CDE678 sp=F374 stack=C1E1/0644 p=00/00/01 tgt=7AB0 irq=540 active=02 first=00 player=00 runtime=01 xy=8,80
BP_RESIDENT_RET_FROM_TARGET pc=C1E1 op=F308F1 sp=F376 stack=0644/6BE4 p=00/00/01 tgt=7AB0 irq=540 active=02 first=00 player=00 runtime=01 xy=8,80
BP_A16R8_UPDATE_ALL_ENTITIES pc=6BF5 op=F53E59 sp=F37A stack=6747/663A p=06/06/01 tgt=5425 irq=540 active=02 first=00 player=00 runtime=01 xy=8,80
BP_UPDATE_ALL_ENTITIES_ENTRY pc=7759 op=3A0ADC sp=F374 stack=C1E1/0644 p=00/00/01 tgt=7759 irq=540 active=02 first=00 player=00 runtime=01 xy=8,80
BP_RESIDENT_RET_FROM_TARGET pc=C1E1 op=F308F1 sp=F376 stack=0644/6C04 p=00/00/01 tgt=7759 irq=540 active=03 first=00 player=00 runtime=01 xy=8,80
BP_A16R8_UPDATE_PLAYER pc=6BD5 op=F53EB0 sp=F37A stack=673E/663A p=06/06/01 tgt=4AA8 irq=541 active=03 first=00 player=00 runtime=01 xy=8,80
BP_UPDATE_PLAYER_ENTRY pc=7AB0 op=CDE678 sp=F374 stack=C1E1/0644 p=00/00/01 tgt=7AB0 irq=541 active=03 first=00 player=00 runtime=01 xy=8,80
BP_RESIDENT_RET_FROM_TARGET pc=C1E1 op=F308F1 sp=F376 stack=0644/6BE4 p=00/00/01 tgt=7AB0 irq=541 active=03 first=00 player=00 runtime=01 xy=8,80
BP_A16R8_UPDATE_ALL_ENTITIES pc=6BF5 op=F53E59 sp=F37A stack=6747/663A p=06/06/01 tgt=5425 irq=541 active=03 first=00 player=00 runtime=01 xy=8,80
BP_UPDATE_ALL_ENTITIES_ENTRY pc=7759 op=3A0ADC sp=F374 stack=C1E1/0644 p=00/00/01 tgt=7759 irq=541 active=03 first=00 player=00 runtime=01 xy=8,80
BP_RESIDENT_RET_FROM_TARGET pc=C1E1 op=F308F1 sp=F376 stack=0644/6C04 p=00/00/01 tgt=7759 irq=541 active=02 first=00 player=00 runtime=01 xy=8,80
BP_A16R8_UPDATE_PLAYER pc=6BD5 op=F53EB0 sp=F37A stack=673E/663A p=06/06/01 tgt=4AA8 irq=542 active=02 first=00 player=00 runtime=01 xy=8,80
BP_UPDATE_PLAYER_ENTRY pc=7AB0 op=CDE678 sp=F374 stack=C1E1/0644 p=00/00/01 tgt=7AB0 irq=542 active=02 first=00 player=00 runtime=01 xy=8,80
BP_RESIDENT_RET_FROM_TARGET pc=C1E1 op=F308F1 sp=F376 stack=0644/6BE4 p=00/00/01 tgt=7AB0 irq=542 active=02 first=00 player=00 runtime=01 xy=8,80
BP_A16R8_UPDATE_ALL_ENTITIES pc=6BF5 op=F53E59 sp=F37A stack=6747/663A p=06/06/01 tgt=5425 irq=542 active=02 first=00 player=00 runtime=01 xy=8,80
BP_UPDATE_ALL_ENTITIES_ENTRY pc=7759 op=3A0ADC sp=F374 stack=C1E1/0644 p=00/00/01 tgt=7759 irq=542 active=02 first=00 player=00 runtime=01 xy=8,80
BP_RESIDENT_RET_FROM_TARGET pc=C1E1 op=F308F1 sp=F376 stack=0644/6C04 p=00/00/01 tgt=7759 irq=542 active=02 first=00 player=00 runtime=01 xy=8,80
BP_A16R8_UPDATE_PLAYER pc=6BD5 op=F53EB0 sp=F37A stack=673E/663A p=06/06/01 tgt=4AA8 irq=544 active=02 first=00 player=00 runtime=01 xy=8,80
BP_UPDATE_PLAYER_ENTRY pc=7AB0 op=CDE678 sp=F374 stack=C1E1/0644 p=00/00/01 tgt=7AB0 irq=544 active=02 first=00 player=00 runtime=01 xy=8,80
BP_RESIDENT_RET_FROM_TARGET pc=C1E1 op=F308F1 sp=F376 stack=0644/6BE4 p=00/00/01 tgt=7AB0 irq=544 active=02 first=00 player=00 runtime=01 xy=8,80
BP_A16R8_UPDATE_ALL_ENTITIES pc=6BF5 op=F53E59 sp=F37A stack=6747/663A p=06/06/01 tgt=5425 irq=544 active=02 first=00 player=00 runtime=01 xy=8,80
BP_UPDATE_ALL_ENTITIES_ENTRY pc=7759 op=3A0ADC sp=F374 stack=C1E1/0644 p=00/00/01 tgt=7759 irq=544 active=02 first=00 player=00 runtime=01 xy=8,80
BP_RESIDENT_RET_FROM_TARGET pc=C1E1 op=F308F1 sp=F376 stack=0644/6C04 p=00/00/01 tgt=7759 irq=544 active=02 first=00 player=00 runtime=01 xy=8,80
BP_A16R8_UPDATE_PLAYER pc=6BD5 op=F53EB0 sp=F37A stack=673E/663A p=06/06/01 tgt=4AA8 irq=545 active=02 first=00 player=00 runtime=01 xy=8,80
BP_UPDATE_PLAYER_ENTRY pc=7AB0 op=CDE678 sp=F374 stack=C1E1/0644 p=00/00/01 tgt=7AB0 irq=545 active=02 first=00 player=00 runtime=01 xy=8,80
BP_RESIDENT_RET_FROM_TARGET pc=C1E1 op=F308F1 sp=F376 stack=0644/6BE4 p=00/00/01 tgt=7AB0 irq=545 active=02 first=00 player=00 runtime=01 xy=8,80
BP_A16R8_UPDATE_ALL_ENTITIES pc=6BF5 op=F53E59 sp=F37A stack=6747/663A p=06/06/01 tgt=5425 irq=545 active=02 first=00 player=00 runtime=01 xy=8,80
BP_UPDATE_ALL_ENTITIES_ENTRY pc=7759 op=3A0ADC sp=F374 stack=C1E1/0644 p=00/00/01 tgt=7759 irq=545 active=02 first=00 player=00 runtime=01 xy=8,80
BP_RESIDENT_RET_FROM_TARGET pc=C1E1 op=F308F1 sp=F376 stack=0644/6C04 p=00/00/01 tgt=7759 irq=545 active=02 first=00 player=00 runtime=01 xy=8,80
BP_A16R8_UPDATE_PLAYER pc=6BD5 op=F53EB0 sp=F37A stack=673E/663A p=06/06/01 tgt=4AA8 irq=546 active=02 first=00 player=00 runtime=01 xy=8,80
BP_UPDATE_PLAYER_ENTRY pc=7AB0 op=CDE678 sp=F374 stack=C1E1/0644 p=00/00/01 tgt=7AB0 irq=546 active=02 first=00 player=00 runtime=01 xy=8,80
BP_RESIDENT_RET_FROM_TARGET pc=C1E1 op=F308F1 sp=F376 stack=0644/6BE4 p=00/00/01 tgt=7AB0 irq=546 active=02 first=00 player=00 runtime=01 xy=8,80
BP_A16R8_UPDATE_ALL_ENTITIES pc=6BF5 op=F53E59 sp=F37A stack=6747/663A p=06/06/01 tgt=5425 irq=546 active=02 first=00 player=00 runtime=01 xy=8,80
BP_UPDATE_ALL_ENTITIES_ENTRY pc=7759 op=3A0ADC sp=F374 stack=C1E1/0644 p=00/00/01 tgt=7759 irq=546 active=02 first=00 player=00 runtime=01 xy=8,80
BP_RESIDENT_RET_FROM_TARGET pc=C1E1 op=F308F1 sp=F376 stack=0644/6C04 p=00/00/01 tgt=7759 irq=546 active=03 first=00 player=00 runtime=01 xy=8,80
BP_A16R8_UPDATE_PLAYER pc=6BD5 op=F53EB0 sp=F37A stack=673E/663A p=06/06/01 tgt=4AA8 irq=547 active=03 first=00 player=00 runtime=01 xy=8,80
BP_UPDATE_PLAYER_ENTRY pc=7AB0 op=CDE678 sp=F374 stack=C1E1/0644 p=00/00/01 tgt=7AB0 irq=547 active=03 first=00 player=00 runtime=01 xy=8,80
BP_RESIDENT_RET_FROM_TARGET pc=C1E1 op=F308F1 sp=F376 stack=0644/6BE4 p=00/00/01 tgt=7AB0 irq=547 active=03 first=00 player=00 runtime=01 xy=8,80
BP_A16R8_UPDATE_ALL_ENTITIES pc=6BF5 op=F53E59 sp=F37A stack=6747/663A p=06/06/01 tgt=5425 irq=547 active=03 first=00 player=00 runtime=01 xy=8,80
BP_UPDATE_ALL_ENTITIES_ENTRY pc=7759 op=3A0ADC sp=F374 stack=C1E1/0644 p=00/00/01 tgt=7759 irq=547 active=03 first=00 player=00 runtime=01 xy=8,80
BP_RESIDENT_RET_FROM_TARGET pc=C1E1 op=F308F1 sp=F376 stack=0644/6C04 p=00/00/01 tgt=7759 irq=547 active=02 first=00 player=00 runtime=01 xy=8,80
BP_A16R8_UPDATE_PLAYER pc=6BD5 op=F53EB0 sp=F37A stack=673E/663A p=06/06/01 tgt=4AA8 irq=548 active=02 first=00 player=00 runtime=01 xy=8,80
BP_UPDATE_PLAYER_ENTRY pc=7AB0 op=CDE678 sp=F374 stack=C1E1/0644 p=00/00/01 tgt=7AB0 irq=548 active=02 first=00 player=00 runtime=01 xy=8,80
BP_RESIDENT_RET_FROM_TARGET pc=C1E1 op=F308F1 sp=F376 stack=0644/6BE4 p=00/00/01 tgt=7AB0 irq=548 active=02 first=00 player=00 runtime=01 xy=8,80
BP_A16R8_UPDATE_ALL_ENTITIES pc=6BF5 op=F53E59 sp=F37A stack=6747/663A p=06/06/01 tgt=5425 irq=548 active=02 first=00 player=00 runtime=01 xy=8,80
BP_UPDATE_ALL_ENTITIES_ENTRY pc=7759 op=3A0ADC sp=F374 stack=C1E1/0644 p=00/00/01 tgt=7759 irq=548 active=02 first=00 player=00 runtime=01 xy=8,80
BP_RESIDENT_RET_FROM_TARGET pc=C1E1 op=F308F1 sp=F376 stack=0644/6C04 p=00/00/01 tgt=7759 irq=548 active=02 first=00 player=00 runtime=01 xy=8,80
BP_A16R8_UPDATE_PLAYER pc=6BD5 op=F53EB0 sp=F37A stack=673E/663A p=06/06/01 tgt=4AA8 irq=549 active=02 first=00 player=00 runtime=01 xy=8,80
BP_UPDATE_PLAYER_ENTRY pc=7AB0 op=CDE678 sp=F374 stack=C1E1/0644 p=00/00/01 tgt=7AB0 irq=549 active=02 first=00 player=00 runtime=01 xy=8,80
BP_RESIDENT_RET_FROM_TARGET pc=C1E1 op=F308F1 sp=F376 stack=0644/6BE4 p=00/00/01 tgt=7AB0 irq=549 active=02 first=00 player=00 runtime=01 xy=8,80
BP_A16R8_UPDATE_ALL_ENTITIES pc=6BF5 op=F53E59 sp=F37A stack=6747/663A p=06/06/01 tgt=5425 irq=549 active=02 first=00 player=00 runtime=01 xy=8,80
BP_UPDATE_ALL_ENTITIES_ENTRY pc=7759 op=3A0ADC sp=F374 stack=C1E1/0644 p=00/00/01 tgt=7759 irq=549 active=02 first=00 player=00 runtime=01 xy=8,80
BP_RESIDENT_RET_FROM_TARGET pc=C1E1 op=F308F1 sp=F376 stack=0644/6C04 p=00/00/01 tgt=7759 irq=549 active=03 first=00 player=00 runtime=01 xy=8,80
BP_A16R8_UPDATE_PLAYER pc=6BD5 op=F53EB0 sp=F37A stack=673E/663A p=06/06/01 tgt=4AA8 irq=550 active=03 first=00 player=00 runtime=01 xy=8,80
BP_UPDATE_PLAYER_ENTRY pc=7AB0 op=CDE678 sp=F374 stack=C1E1/0644 p=00/00/01 tgt=7AB0 irq=550 active=03 first=00 player=00 runtime=01 xy=8,80
BP_RESIDENT_RET_FROM_TARGET pc=C1E1 op=F308F1 sp=F376 stack=0644/6BE4 p=00/00/01 tgt=7AB0 irq=550 active=03 first=00 player=00 runtime=01 xy=8,80
BP_A16R8_UPDATE_ALL_ENTITIES pc=6BF5 op=F53E59 sp=F37A stack=6747/663A p=06/06/01 tgt=5425 irq=550 active=03 first=00 player=00 runtime=01 xy=8,80
BP_UPDATE_ALL_ENTITIES_ENTRY pc=7759 op=3A0ADC sp=F374 stack=C1E1/0644 p=00/00/01 tgt=7759 irq=550 active=03 first=00 player=00 runtime=01 xy=8,80
BP_RESIDENT_RET_FROM_TARGET pc=C1E1 op=F308F1 sp=F376 stack=0644/6C04 p=00/00/01 tgt=7759 irq=550 active=02 first=00 player=00 runtime=01 xy=8,80
BP_A16R8_UPDATE_PLAYER pc=6BD5 op=F53EB0 sp=F37A stack=673E/663A p=06/06/01 tgt=4AA8 irq=551 active=02 first=00 player=00 runtime=01 xy=8,80
BP_UPDATE_PLAYER_ENTRY pc=7AB0 op=CDE678 sp=F374 stack=C1E1/0644 p=00/00/01 tgt=7AB0 irq=551 active=02 first=00 player=00 runtime=01 xy=8,80
BP_RESIDENT_RET_FROM_TARGET pc=C1E1 op=F308F1 sp=F376 stack=0644/6BE4 p=00/00/01 tgt=7AB0 irq=551 active=02 first=00 player=00 runtime=01 xy=8,80
BP_A16R8_UPDATE_ALL_ENTITIES pc=6BF5 op=F53E59 sp=F37A stack=6747/663A p=06/06/01 tgt=5425 irq=551 active=02 first=00 player=00 runtime=01 xy=8,80
BP_UPDATE_ALL_ENTITIES_ENTRY pc=7759 op=3A0ADC sp=F374 stack=C1E1/0644 p=00/00/01 tgt=7759 irq=551 active=02 first=00 player=00 runtime=01 xy=8,80
BP_RESIDENT_RET_FROM_TARGET pc=C1E1 op=F308F1 sp=F376 stack=0644/6C04 p=00/00/01 tgt=7759 irq=551 active=02 first=00 player=00 runtime=01 xy=8,80
BP_A16R8_UPDATE_PLAYER pc=6BD5 op=F53EB0 sp=F37A stack=673E/663A p=06/06/01 tgt=4AA8 irq=552 active=02 first=00 player=00 runtime=01 xy=8,80
BP_UPDATE_PLAYER_ENTRY pc=7AB0 op=CDE678 sp=F374 stack=C1E1/0644 p=00/00/01 tgt=7AB0 irq=552 active=02 first=00 player=00 runtime=01 xy=8,80
BP_RESIDENT_RET_FROM_TARGET pc=C1E1 op=F308F1 sp=F376 stack=0644/6BE4 p=00/00/01 tgt=7AB0 irq=552 active=02 first=00 player=00 runtime=01 xy=8,80
BP_A16R8_UPDATE_ALL_ENTITIES pc=6BF5 op=F53E59 sp=F37A stack=6747/663A p=06/06/01 tgt=5425 irq=552 active=02 first=00 player=00 runtime=01 xy=8,80
BP_UPDATE_ALL_ENTITIES_ENTRY pc=7759 op=3A0ADC sp=F374 stack=C1E1/0644 p=00/00/01 tgt=7759 irq=552 active=02 first=00 player=00 runtime=01 xy=8,80
BP_RESIDENT_RET_FROM_TARGET pc=C1E1 op=F308F1 sp=F376 stack=0644/6C04 p=00/00/01 tgt=7759 irq=552 active=03 first=00 player=00 runtime=01 xy=8,80
BP_A16R8_UPDATE_PLAYER pc=6BD5 op=F53EB0 sp=F37A stack=673E/663A p=06/06/01 tgt=4AA8 irq=554 active=03 first=00 player=00 runtime=01 xy=8,80
BP_UPDATE_PLAYER_ENTRY pc=7AB0 op=CDE678 sp=F374 stack=C1E1/0644 p=00/00/01 tgt=7AB0 irq=554 active=03 first=00 player=00 runtime=01 xy=8,80
BP_RESIDENT_RET_FROM_TARGET pc=C1E1 op=F308F1 sp=F376 stack=0644/6BE4 p=00/00/01 tgt=7AB0 irq=554 active=03 first=00 player=00 runtime=01 xy=8,80
BP_A16R8_UPDATE_ALL_ENTITIES pc=6BF5 op=F53E59 sp=F37A stack=6747/663A p=06/06/01 tgt=5425 irq=554 active=03 first=00 player=00 runtime=01 xy=8,80
BP_UPDATE_ALL_ENTITIES_ENTRY pc=7759 op=3A0ADC sp=F374 stack=C1E1/0644 p=00/00/01 tgt=7759 irq=554 active=03 first=00 player=00 runtime=01 xy=8,80
BP_RESIDENT_RET_FROM_TARGET pc=C1E1 op=F308F1 sp=F376 stack=0644/6C04 p=00/00/01 tgt=7759 irq=554 active=02 first=00 player=00 runtime=01 xy=8,80
BP_A16R8_UPDATE_PLAYER pc=6BD5 op=F53EB0 sp=F37A stack=673E/663A p=06/06/01 tgt=4AA8 irq=555 active=02 first=00 player=00 runtime=01 xy=8,80
BP_UPDATE_PLAYER_ENTRY pc=7AB0 op=CDE678 sp=F374 stack=C1E1/0644 p=00/00/01 tgt=7AB0 irq=555 active=02 first=00 player=00 runtime=01 xy=8,80
BP_RESIDENT_RET_FROM_TARGET pc=C1E1 op=F308F1 sp=F376 stack=0644/6BE4 p=00/00/01 tgt=7AB0 irq=555 active=02 first=00 player=00 runtime=01 xy=8,80
BP_A16R8_UPDATE_ALL_ENTITIES pc=6BF5 op=F53E59 sp=F37A stack=6747/663A p=06/06/01 tgt=5425 irq=555 active=02 first=00 player=00 runtime=01 xy=8,80
BP_UPDATE_ALL_ENTITIES_ENTRY pc=7759 op=3A0ADC sp=F374 stack=C1E1/0644 p=00/00/01 tgt=7759 irq=555 active=02 first=00 player=00 runtime=01 xy=8,80
BP_RESIDENT_RET_FROM_TARGET pc=C1E1 op=F308F1 sp=F376 stack=0644/6C04 p=00/00/01 tgt=7759 irq=555 active=03 first=00 player=00 runtime=01 xy=8,80
BP_A16R8_UPDATE_PLAYER pc=6BD5 op=F53EB0 sp=F37A stack=673E/663A p=06/06/01 tgt=4AA8 irq=556 active=03 first=00 player=00 runtime=01 xy=8,80
BP_UPDATE_PLAYER_ENTRY pc=7AB0 op=CDE678 sp=F374 stack=C1E1/0644 p=00/00/01 tgt=7AB0 irq=556 active=03 first=00 player=00 runtime=01 xy=8,80
BP_RESIDENT_RET_FROM_TARGET pc=C1E1 op=F308F1 sp=F376 stack=0644/6BE4 p=00/00/01 tgt=7AB0 irq=556 active=03 first=00 player=00 runtime=01 xy=8,80
BP_A16R8_UPDATE_ALL_ENTITIES pc=6BF5 op=F53E59 sp=F37A stack=6747/663A p=06/06/01 tgt=5425 irq=556 active=03 first=00 player=00 runtime=01 xy=8,80
BP_UPDATE_ALL_ENTITIES_ENTRY pc=7759 op=3A0ADC sp=F374 stack=C1E1/0644 p=00/00/01 tgt=7759 irq=556 active=03 first=00 player=00 runtime=01 xy=8,80
BP_RESIDENT_RET_FROM_TARGET pc=C1E1 op=F308F1 sp=F376 stack=0644/6C04 p=00/00/01 tgt=7759 irq=556 active=02 first=00 player=00 runtime=01 xy=8,80
BP_A16R8_UPDATE_PLAYER pc=6BD5 op=F53EB0 sp=F37A stack=673E/663A p=06/06/01 tgt=4AA8 irq=557 active=02 first=00 player=00 runtime=01 xy=8,80
BP_UPDATE_PLAYER_ENTRY pc=7AB0 op=CDE678 sp=F374 stack=C1E1/0644 p=00/00/01 tgt=7AB0 irq=557 active=02 first=00 player=00 runtime=01 xy=8,80
BP_RESIDENT_RET_FROM_TARGET pc=C1E1 op=F308F1 sp=F376 stack=0644/6BE4 p=00/00/01 tgt=7AB0 irq=557 active=02 first=00 player=00 runtime=01 xy=8,80
BP_A16R8_UPDATE_ALL_ENTITIES pc=6BF5 op=F53E59 sp=F37A stack=6747/663A p=06/06/01 tgt=5425 irq=557 active=02 first=00 player=00 runtime=01 xy=8,80
BP_UPDATE_ALL_ENTITIES_ENTRY pc=7759 op=3A0ADC sp=F374 stack=C1E1/0644 p=00/00/01 tgt=7759 irq=557 active=02 first=00 player=00 runtime=01 xy=8,80
BP_RESIDENT_RET_FROM_TARGET pc=C1E1 op=F308F1 sp=F376 stack=0644/6C04 p=00/00/01 tgt=7759 irq=557 active=02 first=00 player=00 runtime=01 xy=8,80
BP_A16R8_UPDATE_PLAYER pc=6BD5 op=F53EB0 sp=F37A stack=673E/663A p=06/06/01 tgt=4AA8 irq=558 active=02 first=00 player=00 runtime=01 xy=8,80
BP_UPDATE_PLAYER_ENTRY pc=7AB0 op=CDE678 sp=F374 stack=C1E1/0644 p=00/00/01 tgt=7AB0 irq=558 active=02 first=00 player=00 runtime=01 xy=8,80
BP_RESIDENT_RET_FROM_TARGET pc=C1E1 op=F308F1 sp=F376 stack=0644/6BE4 p=00/00/01 tgt=7AB0 irq=558 active=02 first=00 player=00 runtime=01 xy=8,80
BP_A16R8_UPDATE_ALL_ENTITIES pc=6BF5 op=F53E59 sp=F37A stack=6747/663A p=06/06/01 tgt=5425 irq=558 active=02 first=00 player=00 runtime=01 xy=8,80
BP_UPDATE_ALL_ENTITIES_ENTRY pc=7759 op=3A0ADC sp=F374 stack=C1E1/0644 p=00/00/01 tgt=7759 irq=558 active=02 first=00 player=00 runtime=01 xy=8,80
BP_RESIDENT_RET_FROM_TARGET pc=C1E1 op=F308F1 sp=F376 stack=0644/6C04 p=00/00/01 tgt=7759 irq=558 active=03 first=00 player=00 runtime=01 xy=8,80
BP_A16R8_UPDATE_PLAYER pc=6BD5 op=F53EB0 sp=F37A stack=673E/663A p=06/06/01 tgt=4AA8 irq=559 active=03 first=00 player=00 runtime=01 xy=8,80
BP_UPDATE_PLAYER_ENTRY pc=7AB0 op=CDE678 sp=F374 stack=C1E1/0644 p=00/00/01 tgt=7AB0 irq=559 active=03 first=00 player=00 runtime=01 xy=8,80
BP_RESIDENT_RET_FROM_TARGET pc=C1E1 op=F308F1 sp=F376 stack=0644/6BE4 p=00/00/01 tgt=7AB0 irq=559 active=03 first=00 player=00 runtime=01 xy=8,80
BP_A16R8_UPDATE_ALL_ENTITIES pc=6BF5 op=F53E59 sp=F37A stack=6747/663A p=06/06/01 tgt=5425 irq=559 active=03 first=00 player=00 runtime=01 xy=8,80
BP_UPDATE_ALL_ENTITIES_ENTRY pc=7759 op=3A0ADC sp=F374 stack=C1E1/0644 p=00/00/01 tgt=7759 irq=559 active=03 first=00 player=00 runtime=01 xy=8,80
BP_RESIDENT_RET_FROM_TARGET pc=C1E1 op=F308F1 sp=F376 stack=0644/6C04 p=00/00/01 tgt=7759 irq=559 active=02 first=00 player=00 runtime=01 xy=8,80
BP_A16R8_UPDATE_PLAYER pc=6BD5 op=F53EB0 sp=F37A stack=673E/663A p=06/06/01 tgt=4AA8 irq=560 active=02 first=00 player=00 runtime=01 xy=8,80
BP_UPDATE_PLAYER_ENTRY pc=7AB0 op=CDE678 sp=F374 stack=C1E1/0644 p=00/00/01 tgt=7AB0 irq=560 active=02 first=00 player=00 runtime=01 xy=8,80
BP_RESIDENT_RET_FROM_TARGET pc=C1E1 op=F308F1 sp=F376 stack=0644/6BE4 p=00/00/01 tgt=7AB0 irq=560 active=02 first=00 player=00 runtime=01 xy=8,80
BP_A16R8_UPDATE_ALL_ENTITIES pc=6BF5 op=F53E59 sp=F37A stack=6747/663A p=06/06/01 tgt=5425 irq=560 active=02 first=00 player=00 runtime=01 xy=8,80
BP_UPDATE_ALL_ENTITIES_ENTRY pc=7759 op=3A0ADC sp=F374 stack=C1E1/0644 p=00/00/01 tgt=7759 irq=560 active=02 first=00 player=00 runtime=01 xy=8,80
BP_RESIDENT_RET_FROM_TARGET pc=C1E1 op=F308F1 sp=F376 stack=0644/6C04 p=00/00/01 tgt=7759 irq=560 active=02 first=00 player=00 runtime=01 xy=8,80
BP_A16R8_UPDATE_PLAYER pc=6BD5 op=F53EB0 sp=F37A stack=673E/663A p=06/06/01 tgt=4AA8 irq=561 active=02 first=00 player=00 runtime=01 xy=8,80
BP_UPDATE_PLAYER_ENTRY pc=7AB0 op=CDE678 sp=F374 stack=C1E1/0644 p=00/00/01 tgt=7AB0 irq=561 active=02 first=00 player=00 runtime=01 xy=8,80
BP_RESIDENT_RET_FROM_TARGET pc=C1E1 op=F308F1 sp=F376 stack=0644/6BE4 p=00/00/01 tgt=7AB0 irq=561 active=02 first=00 player=00 runtime=01 xy=8,80
BP_A16R8_UPDATE_ALL_ENTITIES pc=6BF5 op=F53E59 sp=F37A stack=6747/663A p=06/06/01 tgt=5425 irq=561 active=02 first=00 player=00 runtime=01 xy=8,80
BP_UPDATE_ALL_ENTITIES_ENTRY pc=7759 op=3A0ADC sp=F374 stack=C1E1/0644 p=00/00/01 tgt=7759 irq=561 active=02 first=00 player=00 runtime=01 xy=8,80
BP_RESIDENT_RET_FROM_TARGET pc=C1E1 op=F308F1 sp=F376 stack=0644/6C04 p=00/00/01 tgt=7759 irq=561 active=03 first=00 player=00 runtime=01 xy=8,80
BP_A16R8_UPDATE_PLAYER pc=6BD5 op=F53EB0 sp=F37A stack=673E/663A p=06/06/01 tgt=4AA8 irq=562 active=03 first=00 player=00 runtime=01 xy=8,80
BP_UPDATE_PLAYER_ENTRY pc=7AB0 op=CDE678 sp=F374 stack=C1E1/0644 p=00/00/01 tgt=7AB0 irq=562 active=03 first=00 player=00 runtime=01 xy=8,80
BP_RESIDENT_RET_FROM_TARGET pc=C1E1 op=F308F1 sp=F376 stack=0644/6BE4 p=00/00/01 tgt=7AB0 irq=562 active=03 first=00 player=00 runtime=01 xy=8,80
BP_A16R8_UPDATE_ALL_ENTITIES pc=6BF5 op=F53E59 sp=F37A stack=6747/663A p=06/06/01 tgt=5425 irq=562 active=03 first=00 player=00 runtime=01 xy=8,80
BP_UPDATE_ALL_ENTITIES_ENTRY pc=7759 op=3A0ADC sp=F374 stack=C1E1/0644 p=00/00/01 tgt=7759 irq=562 active=03 first=00 player=00 runtime=01 xy=8,80
BP_RESIDENT_RET_FROM_TARGET pc=C1E1 op=F308F1 sp=F376 stack=0644/6C04 p=00/00/01 tgt=7759 irq=562 active=02 first=00 player=00 runtime=01 xy=8,80
BP_A16R8_UPDATE_PLAYER pc=6BD5 op=F53EB0 sp=F37A stack=673E/663A p=06/06/01 tgt=4AA8 irq=564 active=02 first=00 player=00 runtime=01 xy=8,80
BP_UPDATE_PLAYER_ENTRY pc=7AB0 op=CDE678 sp=F374 stack=C1E1/0644 p=00/00/01 tgt=7AB0 irq=564 active=02 first=00 player=00 runtime=01 xy=8,80
BP_RESIDENT_RET_FROM_TARGET pc=C1E1 op=F308F1 sp=F376 stack=0644/6BE4 p=00/00/01 tgt=7AB0 irq=564 active=02 first=00 player=00 runtime=01 xy=8,80
BP_A16R8_UPDATE_ALL_ENTITIES pc=6BF5 op=F53E59 sp=F37A stack=6747/663A p=06/06/01 tgt=5425 irq=564 active=02 first=00 player=00 runtime=01 xy=8,80
BP_UPDATE_ALL_ENTITIES_ENTRY pc=7759 op=3A0ADC sp=F374 stack=C1E1/0644 p=00/00/01 tgt=7759 irq=564 active=02 first=00 player=00 runtime=01 xy=8,80
BP_RESIDENT_RET_FROM_TARGET pc=C1E1 op=F308F1 sp=F376 stack=0644/6C04 p=00/00/01 tgt=7759 irq=564 active=03 first=00 player=00 runtime=01 xy=8,80
BP_A16R8_UPDATE_PLAYER pc=6BD5 op=F53EB0 sp=F37A stack=673E/663A p=06/06/01 tgt=4AA8 irq=565 active=03 first=00 player=00 runtime=01 xy=8,80
BP_UPDATE_PLAYER_ENTRY pc=7AB0 op=CDE678 sp=F374 stack=C1E1/0644 p=00/00/01 tgt=7AB0 irq=565 active=03 first=00 player=00 runtime=01 xy=8,80
BP_RESIDENT_RET_FROM_TARGET pc=C1E1 op=F308F1 sp=F376 stack=0644/6BE4 p=00/00/01 tgt=7AB0 irq=565 active=03 first=00 player=00 runtime=01 xy=8,80
BP_A16R8_UPDATE_ALL_ENTITIES pc=6BF5 op=F53E59 sp=F37A stack=6747/663A p=06/06/01 tgt=5425 irq=565 active=03 first=00 player=00 runtime=01 xy=8,80
BP_UPDATE_ALL_ENTITIES_ENTRY pc=7759 op=3A0ADC sp=F374 stack=C1E1/0644 p=00/00/01 tgt=7759 irq=565 active=03 first=00 player=00 runtime=01 xy=8,80
BP_RESIDENT_RET_FROM_TARGET pc=C1E1 op=F308F1 sp=F376 stack=0644/6C04 p=00/00/01 tgt=7759 irq=565 active=02 first=00 player=00 runtime=01 xy=8,80
BP_A16R8_UPDATE_PLAYER pc=6BD5 op=F53EB0 sp=F37A stack=673E/663A p=06/06/01 tgt=4AA8 irq=566 active=02 first=00 player=00 runtime=01 xy=8,80
BP_UPDATE_PLAYER_ENTRY pc=7AB0 op=CDE678 sp=F374 stack=C1E1/0644 p=00/00/01 tgt=7AB0 irq=566 active=02 first=00 player=00 runtime=01 xy=8,80
BP_RESIDENT_RET_FROM_TARGET pc=C1E1 op=F308F1 sp=F376 stack=0644/6BE4 p=00/00/01 tgt=7AB0 irq=566 active=02 first=00 player=00 runtime=01 xy=8,80
BP_A16R8_UPDATE_ALL_ENTITIES pc=6BF5 op=F53E59 sp=F37A stack=6747/663A p=06/06/01 tgt=5425 irq=566 active=02 first=00 player=00 runtime=01 xy=8,80
BP_UPDATE_ALL_ENTITIES_ENTRY pc=7759 op=3A0ADC sp=F374 stack=C1E1/0644 p=00/00/01 tgt=7759 irq=566 active=02 first=00 player=00 runtime=01 xy=8,80
BP_RESIDENT_RET_FROM_TARGET pc=C1E1 op=F308F1 sp=F376 stack=0644/6C04 p=00/00/01 tgt=7759 irq=566 active=02 first=00 player=00 runtime=01 xy=8,80
BP_A16R8_UPDATE_PLAYER pc=6BD5 op=F53EB0 sp=F37A stack=673E/663A p=06/06/01 tgt=4AA8 irq=567 active=02 first=00 player=00 runtime=01 xy=8,80
BP_UPDATE_PLAYER_ENTRY pc=7AB0 op=CDE678 sp=F374 stack=C1E1/0644 p=00/00/01 tgt=7AB0 irq=567 active=02 first=00 player=00 runtime=01 xy=8,80
BP_RESIDENT_RET_FROM_TARGET pc=C1E1 op=F308F1 sp=F376 stack=0644/6BE4 p=00/00/01 tgt=7AB0 irq=567 active=02 first=00 player=00 runtime=01 xy=8,80
BP_A16R8_UPDATE_ALL_ENTITIES pc=6BF5 op=F53E59 sp=F37A stack=6747/663A p=06/06/01 tgt=5425 irq=567 active=02 first=00 player=00 runtime=01 xy=8,80
BP_UPDATE_ALL_ENTITIES_ENTRY pc=7759 op=3A0ADC sp=F374 stack=C1E1/0644 p=00/00/01 tgt=7759 irq=567 active=02 first=00 player=00 runtime=01 xy=8,80
BP_RESIDENT_RET_FROM_TARGET pc=C1E1 op=F308F1 sp=F376 stack=0644/6C04 p=00/00/01 tgt=7759 irq=567 active=03 first=00 player=00 runtime=01 xy=8,80
BP_A16R8_UPDATE_PLAYER pc=6BD5 op=F53EB0 sp=F37A stack=673E/663A p=06/06/01 tgt=4AA8 irq=568 active=03 first=00 player=00 runtime=01 xy=8,80
BP_UPDATE_PLAYER_ENTRY pc=7AB0 op=CDE678 sp=F374 stack=C1E1/0644 p=00/00/01 tgt=7AB0 irq=568 active=03 first=00 player=00 runtime=01 xy=8,80
BP_RESIDENT_RET_FROM_TARGET pc=C1E1 op=F308F1 sp=F376 stack=0644/6BE4 p=00/00/01 tgt=7AB0 irq=568 active=03 first=00 player=00 runtime=01 xy=8,80
BP_A16R8_UPDATE_ALL_ENTITIES pc=6BF5 op=F53E59 sp=F37A stack=6747/663A p=06/06/01 tgt=5425 irq=568 active=03 first=00 player=00 runtime=01 xy=8,80
BP_UPDATE_ALL_ENTITIES_ENTRY pc=7759 op=3A0ADC sp=F374 stack=C1E1/0644 p=00/00/01 tgt=7759 irq=568 active=03 first=00 player=00 runtime=01 xy=8,80
BP_RESIDENT_RET_FROM_TARGET pc=C1E1 op=F308F1 sp=F376 stack=0644/6C04 p=00/00/01 tgt=7759 irq=568 active=02 first=00 player=00 runtime=01 xy=8,80
BP_A16R8_UPDATE_PLAYER pc=6BD5 op=F53EB0 sp=F37A stack=673E/663A p=06/06/01 tgt=4AA8 irq=569 active=02 first=00 player=00 runtime=01 xy=8,80
BP_UPDATE_PLAYER_ENTRY pc=7AB0 op=CDE678 sp=F374 stack=C1E1/0644 p=00/00/01 tgt=7AB0 irq=569 active=02 first=00 player=00 runtime=01 xy=8,80
BP_RESIDENT_RET_FROM_TARGET pc=C1E1 op=F308F1 sp=F376 stack=0644/6BE4 p=00/00/01 tgt=7AB0 irq=569 active=02 first=00 player=00 runtime=01 xy=8,80
BP_A16R8_UPDATE_ALL_ENTITIES pc=6BF5 op=F53E59 sp=F37A stack=6747/663A p=06/06/01 tgt=5425 irq=569 active=02 first=00 player=00 runtime=01 xy=8,80
BP_UPDATE_ALL_ENTITIES_ENTRY pc=7759 op=3A0ADC sp=F374 stack=C1E1/0644 p=00/00/01 tgt=7759 irq=569 active=02 first=00 player=00 runtime=01 xy=8,80
BP_RESIDENT_RET_FROM_TARGET pc=C1E1 op=F308F1 sp=F376 stack=0644/6C04 p=00/00/01 tgt=7759 irq=569 active=02 first=00 player=00 runtime=01 xy=8,80
BP_A16R8_UPDATE_PLAYER pc=6BD5 op=F53EB0 sp=F37A stack=673E/663A p=06/06/01 tgt=4AA8 irq=570 active=02 first=00 player=00 runtime=01 xy=8,80
BP_UPDATE_PLAYER_ENTRY pc=7AB0 op=CDE678 sp=F374 stack=C1E1/0644 p=00/00/01 tgt=7AB0 irq=570 active=02 first=00 player=00 runtime=01 xy=8,80
BP_RESIDENT_RET_FROM_TARGET pc=C1E1 op=F308F1 sp=F376 stack=0644/6BE4 p=00/00/01 tgt=7AB0 irq=570 active=02 first=00 player=00 runtime=01 xy=8,80
BP_A16R8_UPDATE_ALL_ENTITIES pc=6BF5 op=F53E59 sp=F37A stack=6747/663A p=06/06/01 tgt=5425 irq=570 active=02 first=00 player=00 runtime=01 xy=8,80
BP_UPDATE_ALL_ENTITIES_ENTRY pc=7759 op=3A0ADC sp=F374 stack=C1E1/0644 p=00/00/01 tgt=7759 irq=570 active=02 first=00 player=00 runtime=01 xy=8,80
BP_RESIDENT_RET_FROM_TARGET pc=C1E1 op=F308F1 sp=F376 stack=0644/6C04 p=00/00/01 tgt=7759 irq=570 active=03 first=00 player=00 runtime=01 xy=8,80
BP_A16R8_UPDATE_PLAYER pc=6BD5 op=F53EB0 sp=F37A stack=673E/663A p=06/06/01 tgt=4AA8 irq=571 active=03 first=00 player=00 runtime=01 xy=8,80
BP_UPDATE_PLAYER_ENTRY pc=7AB0 op=CDE678 sp=F374 stack=C1E1/0644 p=00/00/01 tgt=7AB0 irq=571 active=03 first=00 player=00 runtime=01 xy=8,80
BP_RESIDENT_RET_FROM_TARGET pc=C1E1 op=F308F1 sp=F376 stack=0644/6BE4 p=00/00/01 tgt=7AB0 irq=571 active=03 first=00 player=00 runtime=01 xy=8,80
BP_A16R8_UPDATE_ALL_ENTITIES pc=6BF5 op=F53E59 sp=F37A stack=6747/663A p=06/06/01 tgt=5425 irq=571 active=03 first=00 player=00 runtime=01 xy=8,80
BP_UPDATE_ALL_ENTITIES_ENTRY pc=7759 op=3A0ADC sp=F374 stack=C1E1/0644 p=00/00/01 tgt=7759 irq=571 active=03 first=00 player=00 runtime=01 xy=8,80
BP_RESIDENT_RET_FROM_TARGET pc=C1E1 op=F308F1 sp=F376 stack=0644/6C04 p=00/00/01 tgt=7759 irq=571 active=02 first=00 player=00 runtime=01 xy=8,80
BP_A16R8_UPDATE_PLAYER pc=6BD5 op=F53EB0 sp=F37A stack=673E/663A p=06/06/01 tgt=4AA8 irq=572 active=02 first=00 player=00 runtime=01 xy=8,80
BP_UPDATE_PLAYER_ENTRY pc=7AB0 op=CDE678 sp=F374 stack=C1E1/0644 p=00/00/01 tgt=7AB0 irq=572 active=02 first=00 player=00 runtime=01 xy=8,80
BP_RESIDENT_RET_FROM_TARGET pc=C1E1 op=F308F1 sp=F376 stack=0644/6BE4 p=00/00/01 tgt=7AB0 irq=572 active=02 first=00 player=00 runtime=01 xy=8,80
BP_A16R8_UPDATE_ALL_ENTITIES pc=6BF5 op=F53E59 sp=F37A stack=6747/663A p=06/06/01 tgt=5425 irq=572 active=02 first=00 player=00 runtime=01 xy=8,80
BP_UPDATE_ALL_ENTITIES_ENTRY pc=7759 op=3A0ADC sp=F374 stack=C1E1/0644 p=00/00/01 tgt=7759 irq=572 active=02 first=00 player=00 runtime=01 xy=8,80
BP_RESIDENT_RET_FROM_TARGET pc=C1E1 op=F308F1 sp=F376 stack=0644/6C04 p=00/00/01 tgt=7759 irq=572 active=02 first=00 player=00 runtime=01 xy=8,80
BP_A16R8_UPDATE_PLAYER pc=6BD5 op=F53EB0 sp=F37A stack=673E/663A p=06/06/01 tgt=4AA8 irq=574 active=02 first=00 player=00 runtime=01 xy=8,80
BP_UPDATE_PLAYER_ENTRY pc=7AB0 op=CDE678 sp=F374 stack=C1E1/0644 p=00/00/01 tgt=7AB0 irq=574 active=02 first=00 player=00 runtime=01 xy=8,80
BP_RESIDENT_RET_FROM_TARGET pc=C1E1 op=F308F1 sp=F376 stack=0644/6BE4 p=00/00/01 tgt=7AB0 irq=574 active=02 first=00 player=00 runtime=01 xy=8,80
BP_A16R8_UPDATE_ALL_ENTITIES pc=6BF5 op=F53E59 sp=F37A stack=6747/663A p=06/06/01 tgt=5425 irq=574 active=02 first=00 player=00 runtime=01 xy=8,80
BP_UPDATE_ALL_ENTITIES_ENTRY pc=7759 op=3A0ADC sp=F374 stack=C1E1/0644 p=00/00/01 tgt=7759 irq=574 active=02 first=00 player=00 runtime=01 xy=8,80
BP_RESIDENT_RET_FROM_TARGET pc=C1E1 op=F308F1 sp=F376 stack=0644/6C04 p=00/00/01 tgt=7759 irq=574 active=02 first=00 player=00 runtime=01 xy=8,80
BP_A16R8_UPDATE_PLAYER pc=6BD5 op=F53EB0 sp=F37A stack=673E/663A p=06/06/01 tgt=4AA8 irq=575 active=02 first=00 player=00 runtime=01 xy=8,80
BP_UPDATE_PLAYER_ENTRY pc=7AB0 op=CDE678 sp=F374 stack=C1E1/0644 p=00/00/01 tgt=7AB0 irq=575 active=02 first=00 player=00 runtime=01 xy=8,80
BP_RESIDENT_RET_FROM_TARGET pc=C1E1 op=F308F1 sp=F376 stack=0644/6BE4 p=00/00/01 tgt=7AB0 irq=575 active=02 first=00 player=00 runtime=01 xy=8,80
BP_A16R8_UPDATE_ALL_ENTITIES pc=6BF5 op=F53E59 sp=F37A stack=6747/663A p=06/06/01 tgt=5425 irq=575 active=02 first=00 player=00 runtime=01 xy=8,80
BP_UPDATE_ALL_ENTITIES_ENTRY pc=7759 op=3A0ADC sp=F374 stack=C1E1/0644 p=00/00/01 tgt=7759 irq=575 active=02 first=00 player=00 runtime=01 xy=8,80
BP_RESIDENT_RET_FROM_TARGET pc=C1E1 op=F308F1 sp=F376 stack=0644/6C04 p=00/00/01 tgt=7759 irq=575 active=02 first=00 player=00 runtime=01 xy=8,80
BP_A16R8_UPDATE_PLAYER pc=6BD5 op=F53EB0 sp=F37A stack=673E/663A p=06/06/01 tgt=4AA8 irq=576 active=02 first=00 player=00 runtime=01 xy=8,80
BP_UPDATE_PLAYER_ENTRY pc=7AB0 op=CDE678 sp=F374 stack=C1E1/0644 p=00/00/01 tgt=7AB0 irq=576 active=02 first=00 player=00 runtime=01 xy=8,80
BP_RESIDENT_RET_FROM_TARGET pc=C1E1 op=F308F1 sp=F376 stack=0644/6BE4 p=00/00/01 tgt=7AB0 irq=576 active=02 first=00 player=00 runtime=01 xy=8,80
BP_A16R8_UPDATE_ALL_ENTITIES pc=6BF5 op=F53E59 sp=F37A stack=6747/663A p=06/06/01 tgt=5425 irq=576 active=02 first=00 player=00 runtime=01 xy=8,80
BP_UPDATE_ALL_ENTITIES_ENTRY pc=7759 op=3A0ADC sp=F374 stack=C1E1/0644 p=00/00/01 tgt=7759 irq=576 active=02 first=00 player=00 runtime=01 xy=8,80
BP_RESIDENT_RET_FROM_TARGET pc=C1E1 op=F308F1 sp=F376 stack=0644/6C04 p=00/00/01 tgt=7759 irq=576 active=03 first=00 player=00 runtime=01 xy=8,80
BP_A16R8_UPDATE_PLAYER pc=6BD5 op=F53EB0 sp=F37A stack=673E/663A p=06/06/01 tgt=4AA8 irq=577 active=03 first=00 player=00 runtime=01 xy=8,80
BP_UPDATE_PLAYER_ENTRY pc=7AB0 op=CDE678 sp=F374 stack=C1E1/0644 p=00/00/01 tgt=7AB0 irq=577 active=03 first=00 player=00 runtime=01 xy=8,80
BP_RESIDENT_RET_FROM_TARGET pc=C1E1 op=F308F1 sp=F376 stack=0644/6BE4 p=00/00/01 tgt=7AB0 irq=577 active=03 first=00 player=00 runtime=01 xy=8,80
BP_A16R8_UPDATE_ALL_ENTITIES pc=6BF5 op=F53E59 sp=F37A stack=6747/663A p=06/06/01 tgt=5425 irq=577 active=03 first=00 player=00 runtime=01 xy=8,80
BP_UPDATE_ALL_ENTITIES_ENTRY pc=7759 op=3A0ADC sp=F374 stack=C1E1/0644 p=00/00/01 tgt=7759 irq=577 active=03 first=00 player=00 runtime=01 xy=8,80
BP_RESIDENT_RET_FROM_TARGET pc=C1E1 op=F308F1 sp=F376 stack=0644/6C04 p=00/00/01 tgt=7759 irq=577 active=02 first=00 player=00 runtime=01 xy=8,80
BP_A16R8_UPDATE_PLAYER pc=6BD5 op=F53EB0 sp=F37A stack=673E/663A p=06/06/01 tgt=4AA8 irq=578 active=02 first=00 player=00 runtime=01 xy=8,80
BP_UPDATE_PLAYER_ENTRY pc=7AB0 op=CDE678 sp=F374 stack=C1E1/0644 p=00/00/01 tgt=7AB0 irq=578 active=02 first=00 player=00 runtime=01 xy=8,80
BP_RESIDENT_RET_FROM_TARGET pc=C1E1 op=F308F1 sp=F376 stack=0644/6BE4 p=00/00/01 tgt=7AB0 irq=578 active=02 first=00 player=00 runtime=01 xy=8,80
BP_A16R8_UPDATE_ALL_ENTITIES pc=6BF5 op=F53E59 sp=F37A stack=6747/663A p=06/06/01 tgt=5425 irq=578 active=02 first=00 player=00 runtime=01 xy=8,80
BP_UPDATE_ALL_ENTITIES_ENTRY pc=7759 op=3A0ADC sp=F374 stack=C1E1/0644 p=00/00/01 tgt=7759 irq=578 active=02 first=00 player=00 runtime=01 xy=8,80
BP_RESIDENT_RET_FROM_TARGET pc=C1E1 op=F308F1 sp=F376 stack=0644/6C04 p=00/00/01 tgt=7759 irq=578 active=02 first=00 player=00 runtime=01 xy=8,80
BP_A16R8_UPDATE_PLAYER pc=6BD5 op=F53EB0 sp=F37A stack=673E/663A p=06/06/01 tgt=4AA8 irq=579 active=02 first=00 player=00 runtime=01 xy=8,80
BP_UPDATE_PLAYER_ENTRY pc=7AB0 op=CDE678 sp=F374 stack=C1E1/0644 p=00/00/01 tgt=7AB0 irq=579 active=02 first=00 player=00 runtime=01 xy=8,80
BP_RESIDENT_RET_FROM_TARGET pc=C1E1 op=F308F1 sp=F376 stack=0644/6BE4 p=00/00/01 tgt=7AB0 irq=579 active=02 first=00 player=00 runtime=01 xy=8,80
BP_A16R8_UPDATE_ALL_ENTITIES pc=6BF5 op=F53E59 sp=F37A stack=6747/663A p=06/06/01 tgt=5425 irq=579 active=02 first=00 player=00 runtime=01 xy=8,80
BP_UPDATE_ALL_ENTITIES_ENTRY pc=7759 op=3A0ADC sp=F374 stack=C1E1/0644 p=00/00/01 tgt=7759 irq=579 active=02 first=00 player=00 runtime=01 xy=8,80
BP_RESIDENT_RET_FROM_TARGET pc=C1E1 op=F308F1 sp=F376 stack=0644/6C04 p=00/00/01 tgt=7759 irq=579 active=03 first=00 player=00 runtime=01 xy=8,80
BP_A16R8_UPDATE_PLAYER pc=6BD5 op=F53EB0 sp=F37A stack=673E/663A p=06/06/01 tgt=4AA8 irq=580 active=03 first=00 player=00 runtime=01 xy=8,80
BP_UPDATE_PLAYER_ENTRY pc=7AB0 op=CDE678 sp=F374 stack=C1E1/0644 p=00/00/01 tgt=7AB0 irq=580 active=03 first=00 player=00 runtime=01 xy=8,80
BP_RESIDENT_RET_FROM_TARGET pc=C1E1 op=F308F1 sp=F376 stack=0644/6BE4 p=00/00/01 tgt=7AB0 irq=580 active=03 first=00 player=00 runtime=01 xy=8,80
BP_A16R8_UPDATE_ALL_ENTITIES pc=6BF5 op=F53E59 sp=F37A stack=6747/663A p=06/06/01 tgt=5425 irq=580 active=03 first=00 player=00 runtime=01 xy=8,80
BP_UPDATE_ALL_ENTITIES_ENTRY pc=7759 op=3A0ADC sp=F374 stack=C1E1/0644 p=00/00/01 tgt=7759 irq=580 active=03 first=00 player=00 runtime=01 xy=8,80
BP_RESIDENT_RET_FROM_TARGET pc=C1E1 op=F308F1 sp=F376 stack=0644/6C04 p=00/00/01 tgt=7759 irq=580 active=02 first=00 player=00 runtime=01 xy=8,80
BP_A16R8_UPDATE_PLAYER pc=6BD5 op=F53EB0 sp=F37A stack=673E/663A p=06/06/01 tgt=4AA8 irq=581 active=02 first=00 player=00 runtime=01 xy=8,80
BP_UPDATE_PLAYER_ENTRY pc=7AB0 op=CDE678 sp=F374 stack=C1E1/0644 p=00/00/01 tgt=7AB0 irq=581 active=02 first=00 player=00 runtime=01 xy=8,80
BP_RESIDENT_RET_FROM_TARGET pc=C1E1 op=F308F1 sp=F376 stack=0644/6BE4 p=00/00/01 tgt=7AB0 irq=581 active=02 first=00 player=00 runtime=01 xy=8,80
BP_A16R8_UPDATE_ALL_ENTITIES pc=6BF5 op=F53E59 sp=F37A stack=6747/663A p=06/06/01 tgt=5425 irq=581 active=02 first=00 player=00 runtime=01 xy=8,80
BP_UPDATE_ALL_ENTITIES_ENTRY pc=7759 op=3A0ADC sp=F374 stack=C1E1/0644 p=00/00/01 tgt=7759 irq=581 active=02 first=00 player=00 runtime=01 xy=8,80
BP_RESIDENT_RET_FROM_TARGET pc=C1E1 op=F308F1 sp=F376 stack=0644/6C04 p=00/00/01 tgt=7759 irq=581 active=02 first=00 player=00 runtime=01 xy=8,80
BP_A16R8_UPDATE_PLAYER pc=6BD5 op=F53EB0 sp=F37A stack=673E/663A p=06/06/01 tgt=4AA8 irq=582 active=02 first=00 player=00 runtime=01 xy=8,80
BP_UPDATE_PLAYER_ENTRY pc=7AB0 op=CDE678 sp=F374 stack=C1E1/0644 p=00/00/01 tgt=7AB0 irq=582 active=02 first=00 player=00 runtime=01 xy=8,80
BP_RESIDENT_RET_FROM_TARGET pc=C1E1 op=F308F1 sp=F376 stack=0644/6BE4 p=00/00/01 tgt=7AB0 irq=582 active=02 first=00 player=00 runtime=01 xy=8,80
BP_A16R8_UPDATE_ALL_ENTITIES pc=6BF5 op=F53E59 sp=F37A stack=6747/663A p=06/06/01 tgt=5425 irq=582 active=02 first=00 player=00 runtime=01 xy=8,80
BP_UPDATE_ALL_ENTITIES_ENTRY pc=7759 op=3A0ADC sp=F374 stack=C1E1/0644 p=00/00/01 tgt=7759 irq=582 active=02 first=00 player=00 runtime=01 xy=8,80
BP_RESIDENT_RET_FROM_TARGET pc=C1E1 op=F308F1 sp=F376 stack=0644/6C04 p=00/00/01 tgt=7759 irq=582 active=03 first=00 player=00 runtime=01 xy=8,80
BP_A16R8_UPDATE_PLAYER pc=6BD5 op=F53EB0 sp=F37A stack=673E/663A p=06/06/01 tgt=4AA8 irq=585 active=03 first=00 player=00 runtime=01 xy=8,80
BP_UPDATE_PLAYER_ENTRY pc=7AB0 op=CDE678 sp=F374 stack=C1E1/0644 p=00/00/01 tgt=7AB0 irq=585 active=03 first=00 player=00 runtime=01 xy=8,80
BP_RESIDENT_RET_FROM_TARGET pc=C1E1 op=F308F1 sp=F376 stack=0644/6BE4 p=00/00/01 tgt=7AB0 irq=585 active=03 first=00 player=00 runtime=01 xy=8,80
BP_A16R8_UPDATE_ALL_ENTITIES pc=6BF5 op=F53E59 sp=F37A stack=6747/663A p=06/06/01 tgt=5425 irq=585 active=03 first=00 player=00 runtime=01 xy=8,80
BP_UPDATE_ALL_ENTITIES_ENTRY pc=7759 op=3A0ADC sp=F374 stack=C1E1/0644 p=00/00/01 tgt=7759 irq=585 active=03 first=00 player=00 runtime=01 xy=8,80
BP_RESIDENT_RET_FROM_TARGET pc=C1E1 op=F308F1 sp=F376 stack=0644/6C04 p=00/00/01 tgt=7759 irq=585 active=03 first=00 player=00 runtime=01 xy=8,80
BP_A16R8_UPDATE_PLAYER pc=6BD5 op=F53EB0 sp=F37A stack=673E/663A p=06/06/01 tgt=4AA8 irq=586 active=03 first=00 player=00 runtime=01 xy=8,80
BP_UPDATE_PLAYER_ENTRY pc=7AB0 op=CDE678 sp=F374 stack=C1E1/0644 p=00/00/01 tgt=7AB0 irq=586 active=03 first=00 player=00 runtime=01 xy=8,80
BP_RESIDENT_RET_FROM_TARGET pc=C1E1 op=F308F1 sp=F376 stack=0644/6BE4 p=00/00/01 tgt=7AB0 irq=586 active=03 first=00 player=00 runtime=01 xy=8,80
BP_A16R8_UPDATE_ALL_ENTITIES pc=6BF5 op=F53E59 sp=F37A stack=6747/663A p=06/06/01 tgt=5425 irq=586 active=03 first=00 player=00 runtime=01 xy=8,80
BP_UPDATE_ALL_ENTITIES_ENTRY pc=7759 op=3A0ADC sp=F374 stack=C1E1/0644 p=00/00/01 tgt=7759 irq=586 active=03 first=00 player=00 runtime=01 xy=8,80
BP_RESIDENT_RET_FROM_TARGET pc=C1E1 op=F308F1 sp=F376 stack=0644/6C04 p=00/00/01 tgt=7759 irq=586 active=02 first=00 player=00 runtime=01 xy=8,80
BP_A16R8_UPDATE_PLAYER pc=6BD5 op=F53EB0 sp=F37A stack=673E/663A p=06/06/01 tgt=4AA8 irq=587 active=02 first=00 player=00 runtime=01 xy=8,80
BP_UPDATE_PLAYER_ENTRY pc=7AB0 op=CDE678 sp=F374 stack=C1E1/0644 p=00/00/01 tgt=7AB0 irq=587 active=02 first=00 player=00 runtime=01 xy=8,80
BP_RESIDENT_RET_FROM_TARGET pc=C1E1 op=F308F1 sp=F376 stack=0644/6BE4 p=00/00/01 tgt=7AB0 irq=587 active=02 first=00 player=00 runtime=01 xy=8,80
BP_A16R8_UPDATE_ALL_ENTITIES pc=6BF5 op=F53E59 sp=F37A stack=6747/663A p=06/06/01 tgt=5425 irq=587 active=02 first=00 player=00 runtime=01 xy=8,80
BP_UPDATE_ALL_ENTITIES_ENTRY pc=7759 op=3A0ADC sp=F374 stack=C1E1/0644 p=00/00/01 tgt=7759 irq=587 active=02 first=00 player=00 runtime=01 xy=8,80
BP_RESIDENT_RET_FROM_TARGET pc=C1E1 op=F308F1 sp=F376 stack=0644/6C04 p=00/00/01 tgt=7759 irq=587 active=02 first=00 player=00 runtime=01 xy=8,80
BP_A16R8_UPDATE_PLAYER pc=6BD5 op=F53EB0 sp=F37A stack=673E/663A p=06/06/01 tgt=4AA8 irq=588 active=02 first=00 player=00 runtime=01 xy=8,80
BP_UPDATE_PLAYER_ENTRY pc=7AB0 op=CDE678 sp=F374 stack=C1E1/0644 p=00/00/01 tgt=7AB0 irq=588 active=02 first=00 player=00 runtime=01 xy=8,80
BP_RESIDENT_RET_FROM_TARGET pc=C1E1 op=F308F1 sp=F376 stack=0644/6BE4 p=00/00/01 tgt=7AB0 irq=588 active=02 first=00 player=00 runtime=01 xy=8,80
BP_A16R8_UPDATE_ALL_ENTITIES pc=6BF5 op=F53E59 sp=F37A stack=6747/663A p=06/06/01 tgt=5425 irq=588 active=02 first=00 player=00 runtime=01 xy=8,80
BP_UPDATE_ALL_ENTITIES_ENTRY pc=7759 op=3A0ADC sp=F374 stack=C1E1/0644 p=00/00/01 tgt=7759 irq=588 active=02 first=00 player=00 runtime=01 xy=8,80
BP_RESIDENT_RET_FROM_TARGET pc=C1E1 op=F308F1 sp=F376 stack=0644/6C04 p=00/00/01 tgt=7759 irq=588 active=03 first=00 player=00 runtime=01 xy=8,80
BP_A16R8_UPDATE_PLAYER pc=6BD5 op=F53EB0 sp=F37A stack=673E/663A p=06/06/01 tgt=4AA8 irq=589 active=03 first=00 player=00 runtime=01 xy=8,80
BP_UPDATE_PLAYER_ENTRY pc=7AB0 op=CDE678 sp=F374 stack=C1E1/0644 p=00/00/01 tgt=7AB0 irq=589 active=03 first=00 player=00 runtime=01 xy=8,80
BP_RESIDENT_RET_FROM_TARGET pc=C1E1 op=F308F1 sp=F376 stack=0644/6BE4 p=00/00/01 tgt=7AB0 irq=589 active=03 first=00 player=00 runtime=01 xy=8,80
BP_A16R8_UPDATE_ALL_ENTITIES pc=6BF5 op=F53E59 sp=F37A stack=6747/663A p=06/06/01 tgt=5425 irq=589 active=03 first=00 player=00 runtime=01 xy=8,80
BP_UPDATE_ALL_ENTITIES_ENTRY pc=7759 op=3A0ADC sp=F374 stack=C1E1/0644 p=00/00/01 tgt=7759 irq=589 active=03 first=00 player=00 runtime=01 xy=8,80
BP_RESIDENT_RET_FROM_TARGET pc=C1E1 op=F308F1 sp=F376 stack=0644/6C04 p=00/00/01 tgt=7759 irq=589 active=02 first=00 player=00 runtime=01 xy=8,80
BP_A16R8_UPDATE_PLAYER pc=6BD5 op=F53EB0 sp=F37A stack=673E/663A p=06/06/01 tgt=4AA8 irq=590 active=02 first=00 player=00 runtime=01 xy=8,80
BP_UPDATE_PLAYER_ENTRY pc=7AB0 op=CDE678 sp=F374 stack=C1E1/0644 p=00/00/01 tgt=7AB0 irq=590 active=02 first=00 player=00 runtime=01 xy=8,80
BP_RESIDENT_RET_FROM_TARGET pc=C1E1 op=F308F1 sp=F376 stack=0644/6BE4 p=00/00/01 tgt=7AB0 irq=590 active=02 first=00 player=00 runtime=01 xy=8,80
BP_A16R8_UPDATE_ALL_ENTITIES pc=6BF5 op=F53E59 sp=F37A stack=6747/663A p=06/06/01 tgt=5425 irq=590 active=02 first=00 player=00 runtime=01 xy=8,80
BP_UPDATE_ALL_ENTITIES_ENTRY pc=7759 op=3A0ADC sp=F374 stack=C1E1/0644 p=00/00/01 tgt=7759 irq=590 active=02 first=00 player=00 runtime=01 xy=8,80
BP_RESIDENT_RET_FROM_TARGET pc=C1E1 op=F308F1 sp=F376 stack=0644/6C04 p=00/00/01 tgt=7759 irq=590 active=02 first=00 player=00 runtime=01 xy=8,80
BP_A16R8_UPDATE_PLAYER pc=6BD5 op=F53EB0 sp=F37A stack=673E/663A p=06/06/01 tgt=4AA8 irq=591 active=02 first=00 player=00 runtime=01 xy=8,80
BP_UPDATE_PLAYER_ENTRY pc=7AB0 op=CDE678 sp=F374 stack=C1E1/0644 p=00/00/01 tgt=7AB0 irq=591 active=02 first=00 player=00 runtime=01 xy=8,80
BP_RESIDENT_RET_FROM_TARGET pc=C1E1 op=F308F1 sp=F376 stack=0644/6BE4 p=00/00/01 tgt=7AB0 irq=591 active=02 first=00 player=00 runtime=01 xy=8,80
BP_A16R8_UPDATE_ALL_ENTITIES pc=6BF5 op=F53E59 sp=F37A stack=6747/663A p=06/06/01 tgt=5425 irq=591 active=02 first=00 player=00 runtime=01 xy=8,80
BP_UPDATE_ALL_ENTITIES_ENTRY pc=7759 op=3A0ADC sp=F374 stack=C1E1/0644 p=00/00/01 tgt=7759 irq=591 active=02 first=00 player=00 runtime=01 xy=8,80
BP_RESIDENT_RET_FROM_TARGET pc=C1E1 op=F308F1 sp=F376 stack=0644/6C04 p=00/00/01 tgt=7759 irq=591 active=03 first=00 player=00 runtime=01 xy=8,80
BP_A16R8_UPDATE_PLAYER pc=6BD5 op=F53EB0 sp=F37A stack=673E/663A p=06/06/01 tgt=4AA8 irq=592 active=03 first=00 player=00 runtime=01 xy=8,80
BP_UPDATE_PLAYER_ENTRY pc=7AB0 op=CDE678 sp=F374 stack=C1E1/0644 p=00/00/01 tgt=7AB0 irq=592 active=03 first=00 player=00 runtime=01 xy=8,80
BP_RESIDENT_RET_FROM_TARGET pc=C1E1 op=F308F1 sp=F376 stack=0644/6BE4 p=00/00/01 tgt=7AB0 irq=592 active=03 first=00 player=00 runtime=01 xy=8,80
BP_A16R8_UPDATE_ALL_ENTITIES pc=6BF5 op=F53E59 sp=F37A stack=6747/663A p=06/06/01 tgt=5425 irq=592 active=03 first=00 player=00 runtime=01 xy=8,80
BP_UPDATE_ALL_ENTITIES_ENTRY pc=7759 op=3A0ADC sp=F374 stack=C1E1/0644 p=00/00/01 tgt=7759 irq=592 active=03 first=00 player=00 runtime=01 xy=8,80
BP_RESIDENT_RET_FROM_TARGET pc=C1E1 op=F308F1 sp=F376 stack=0644/6C04 p=00/00/01 tgt=7759 irq=592 active=02 first=00 player=00 runtime=01 xy=8,80
BP_A16R8_UPDATE_PLAYER pc=6BD5 op=F53EB0 sp=F37A stack=673E/663A p=06/06/01 tgt=4AA8 irq=593 active=02 first=00 player=00 runtime=01 xy=8,80
BP_UPDATE_PLAYER_ENTRY pc=7AB0 op=CDE678 sp=F374 stack=C1E1/0644 p=00/00/01 tgt=7AB0 irq=593 active=02 first=00 player=00 runtime=01 xy=8,80
BP_RESIDENT_RET_FROM_TARGET pc=C1E1 op=F308F1 sp=F376 stack=0644/6BE4 p=00/00/01 tgt=7AB0 irq=593 active=02 first=00 player=00 runtime=01 xy=8,80
BP_A16R8_UPDATE_ALL_ENTITIES pc=6BF5 op=F53E59 sp=F37A stack=6747/663A p=06/06/01 tgt=5425 irq=593 active=02 first=00 player=00 runtime=01 xy=8,80
BP_UPDATE_ALL_ENTITIES_ENTRY pc=7759 op=3A0ADC sp=F374 stack=C1E1/0644 p=00/00/01 tgt=7759 irq=593 active=02 first=00 player=00 runtime=01 xy=8,80
BP_RESIDENT_RET_FROM_TARGET pc=C1E1 op=F308F1 sp=F376 stack=0644/6C04 p=00/00/01 tgt=7759 irq=593 active=02 first=00 player=00 runtime=01 xy=8,80
BP_A16R8_UPDATE_PLAYER pc=6BD5 op=F53EB0 sp=F37A stack=673E/663A p=06/06/01 tgt=4AA8 irq=595 active=02 first=00 player=00 runtime=01 xy=8,80
BP_UPDATE_PLAYER_ENTRY pc=7AB0 op=CDE678 sp=F374 stack=C1E1/0644 p=00/00/01 tgt=7AB0 irq=595 active=02 first=00 player=00 runtime=01 xy=8,80
BP_RESIDENT_RET_FROM_TARGET pc=C1E1 op=F308F1 sp=F376 stack=0644/6BE4 p=00/00/01 tgt=7AB0 irq=595 active=02 first=00 player=00 runtime=01 xy=8,80
BP_A16R8_UPDATE_ALL_ENTITIES pc=6BF5 op=F53E59 sp=F37A stack=6747/663A p=06/06/01 tgt=5425 irq=595 active=02 first=00 player=00 runtime=01 xy=8,80
BP_UPDATE_ALL_ENTITIES_ENTRY pc=7759 op=3A0ADC sp=F374 stack=C1E1/0644 p=00/00/01 tgt=7759 irq=595 active=02 first=00 player=00 runtime=01 xy=8,80
BP_RESIDENT_RET_FROM_TARGET pc=C1E1 op=F308F1 sp=F376 stack=0644/6C04 p=00/00/01 tgt=7759 irq=595 active=02 first=00 player=00 runtime=01 xy=8,80
BP_A16R8_UPDATE_PLAYER pc=6BD5 op=F53EB0 sp=F37A stack=673E/663A p=06/06/01 tgt=4AA8 irq=596 active=02 first=00 player=00 runtime=01 xy=8,80
BP_UPDATE_PLAYER_ENTRY pc=7AB0 op=CDE678 sp=F374 stack=C1E1/0644 p=00/00/01 tgt=7AB0 irq=596 active=02 first=00 player=00 runtime=01 xy=8,80
BP_RESIDENT_RET_FROM_TARGET pc=C1E1 op=F308F1 sp=F376 stack=0644/6BE4 p=00/00/01 tgt=7AB0 irq=596 active=02 first=00 player=00 runtime=01 xy=8,80
BP_A16R8_UPDATE_ALL_ENTITIES pc=6BF5 op=F53E59 sp=F37A stack=6747/663A p=06/06/01 tgt=5425 irq=596 active=02 first=00 player=00 runtime=01 xy=8,80
BP_UPDATE_ALL_ENTITIES_ENTRY pc=7759 op=3A0ADC sp=F374 stack=C1E1/0644 p=00/00/01 tgt=7759 irq=596 active=02 first=00 player=00 runtime=01 xy=8,80
BP_RESIDENT_RET_FROM_TARGET pc=C1E1 op=F308F1 sp=F376 stack=0644/6C04 p=00/00/01 tgt=7759 irq=596 active=02 first=00 player=00 runtime=01 xy=8,80
BP_A16R8_UPDATE_PLAYER pc=6BD5 op=F53EB0 sp=F37A stack=673E/663A p=06/06/01 tgt=4AA8 irq=598 active=02 first=00 player=00 runtime=01 xy=8,80
BP_UPDATE_PLAYER_ENTRY pc=7AB0 op=CDE678 sp=F374 stack=C1E1/0644 p=00/00/01 tgt=7AB0 irq=598 active=02 first=00 player=00 runtime=01 xy=8,80
BP_RESIDENT_RET_FROM_TARGET pc=C1E1 op=F308F1 sp=F376 stack=0644/6BE4 p=00/00/01 tgt=7AB0 irq=598 active=02 first=00 player=00 runtime=01 xy=8,80
BP_A16R8_UPDATE_ALL_ENTITIES pc=6BF5 op=F53E59 sp=F37A stack=6747/663A p=06/06/01 tgt=5425 irq=598 active=02 first=00 player=00 runtime=01 xy=8,80
BP_UPDATE_ALL_ENTITIES_ENTRY pc=7759 op=3A0ADC sp=F374 stack=C1E1/0644 p=00/00/01 tgt=7759 irq=598 active=02 first=00 player=00 runtime=01 xy=8,80
BP_RESIDENT_RET_FROM_TARGET pc=C1E1 op=F308F1 sp=F376 stack=0644/6C04 p=00/00/01 tgt=7759 irq=598 active=02 first=00 player=00 runtime=01 xy=8,80
BP_A16R8_UPDATE_PLAYER pc=6BD5 op=F53EB0 sp=F37A stack=673E/663A p=06/06/01 tgt=4AA8 irq=599 active=02 first=00 player=00 runtime=01 xy=8,80
BP_UPDATE_PLAYER_ENTRY pc=7AB0 op=CDE678 sp=F374 stack=C1E1/0644 p=00/00/01 tgt=7AB0 irq=599 active=02 first=00 player=00 runtime=01 xy=8,80
BP_RESIDENT_RET_FROM_TARGET pc=C1E1 op=F308F1 sp=F376 stack=0644/6BE4 p=00/00/01 tgt=7AB0 irq=599 active=02 first=00 player=00 runtime=01 xy=8,80
BP_A16R8_UPDATE_ALL_ENTITIES pc=6BF5 op=F53E59 sp=F37A stack=6747/663A p=06/06/01 tgt=5425 irq=599 active=02 first=00 player=00 runtime=01 xy=8,80
BP_UPDATE_ALL_ENTITIES_ENTRY pc=7759 op=3A0ADC sp=F374 stack=C1E1/0644 p=00/00/01 tgt=7759 irq=599 active=02 first=00 player=00 runtime=01 xy=8,80
BP_RESIDENT_RET_FROM_TARGET pc=C1E1 op=F308F1 sp=F376 stack=0644/6C04 p=00/00/01 tgt=7759 irq=599 active=02 first=00 player=00 runtime=01 xy=8,80
BP_A16R8_UPDATE_PLAYER pc=6BD5 op=F53EB0 sp=F37A stack=673E/663A p=06/06/01 tgt=4AA8 irq=600 active=02 first=00 player=00 runtime=01 xy=8,80
BP_UPDATE_PLAYER_ENTRY pc=7AB0 op=CDE678 sp=F374 stack=C1E1/0644 p=00/00/01 tgt=7AB0 irq=600 active=02 first=00 player=00 runtime=01 xy=8,80
BP_RESIDENT_RET_FROM_TARGET pc=C1E1 op=F308F1 sp=F376 stack=0644/6BE4 p=00/00/01 tgt=7AB0 irq=600 active=02 first=00 player=00 runtime=01 xy=8,80
BP_A16R8_UPDATE_ALL_ENTITIES pc=6BF5 op=F53E59 sp=F37A stack=6747/663A p=06/06/01 tgt=5425 irq=600 active=02 first=00 player=00 runtime=01 xy=8,80
BP_UPDATE_ALL_ENTITIES_ENTRY pc=7759 op=3A0ADC sp=F374 stack=C1E1/0644 p=00/00/01 tgt=7759 irq=600 active=02 first=00 player=00 runtime=01 xy=8,80
BP_RESIDENT_RET_FROM_TARGET pc=C1E1 op=F308F1 sp=F376 stack=0644/6C04 p=00/00/01 tgt=7759 irq=600 active=03 first=00 player=00 runtime=01 xy=8,80
BP_A16R8_UPDATE_PLAYER pc=6BD5 op=F53EB0 sp=F37A stack=673E/663A p=06/06/01 tgt=4AA8 irq=602 active=03 first=00 player=00 runtime=01 xy=8,80
BP_UPDATE_PLAYER_ENTRY pc=7AB0 op=CDE678 sp=F374 stack=C1E1/0644 p=00/00/01 tgt=7AB0 irq=602 active=03 first=00 player=00 runtime=01 xy=8,80
BP_RESIDENT_RET_FROM_TARGET pc=C1E1 op=F308F1 sp=F376 stack=0644/6BE4 p=00/00/01 tgt=7AB0 irq=602 active=03 first=00 player=00 runtime=01 xy=8,80
BP_A16R8_UPDATE_ALL_ENTITIES pc=6BF5 op=F53E59 sp=F37A stack=6747/663A p=06/06/01 tgt=5425 irq=602 active=03 first=00 player=00 runtime=01 xy=8,80
BP_UPDATE_ALL_ENTITIES_ENTRY pc=7759 op=3A0ADC sp=F374 stack=C1E1/0644 p=00/00/01 tgt=7759 irq=602 active=03 first=00 player=00 runtime=01 xy=8,80
BP_RESIDENT_RET_FROM_TARGET pc=C1E1 op=F308F1 sp=F376 stack=0644/6C04 p=00/00/01 tgt=7759 irq=602 active=02 first=00 player=00 runtime=01 xy=8,80
BP_A16R8_UPDATE_PLAYER pc=6BD5 op=F53EB0 sp=F37A stack=673E/663A p=06/06/01 tgt=4AA8 irq=604 active=02 first=00 player=00 runtime=01 xy=8,80
BP_UPDATE_PLAYER_ENTRY pc=7AB0 op=CDE678 sp=F374 stack=C1E1/0644 p=00/00/01 tgt=7AB0 irq=604 active=02 first=00 player=00 runtime=01 xy=8,80
BP_RESIDENT_RET_FROM_TARGET pc=C1E1 op=F308F1 sp=F376 stack=0644/6BE4 p=00/00/01 tgt=7AB0 irq=604 active=02 first=00 player=00 runtime=01 xy=8,80
BP_A16R8_UPDATE_ALL_ENTITIES pc=6BF5 op=F53E59 sp=F37A stack=6747/663A p=06/06/01 tgt=5425 irq=604 active=02 first=00 player=00 runtime=01 xy=8,80
BP_UPDATE_ALL_ENTITIES_ENTRY pc=7759 op=3A0ADC sp=F374 stack=C1E1/0644 p=00/00/01 tgt=7759 irq=604 active=02 first=00 player=00 runtime=01 xy=8,80
BP_RESIDENT_RET_FROM_TARGET pc=C1E1 op=F308F1 sp=F376 stack=0644/6C04 p=00/00/01 tgt=7759 irq=604 active=02 first=00 player=00 runtime=01 xy=8,80
BP_A16R8_UPDATE_PLAYER pc=6BD5 op=F53EB0 sp=F37A stack=673E/663A p=06/06/01 tgt=4AA8 irq=605 active=02 first=00 player=00 runtime=01 xy=8,80
BP_UPDATE_PLAYER_ENTRY pc=7AB0 op=CDE678 sp=F374 stack=C1E1/0644 p=00/00/01 tgt=7AB0 irq=605 active=02 first=00 player=00 runtime=01 xy=8,80
BP_RESIDENT_RET_FROM_TARGET pc=C1E1 op=F308F1 sp=F376 stack=0644/6BE4 p=00/00/01 tgt=7AB0 irq=605 active=02 first=00 player=00 runtime=01 xy=8,80
BP_A16R8_UPDATE_ALL_ENTITIES pc=6BF5 op=F53E59 sp=F37A stack=6747/663A p=06/06/01 tgt=5425 irq=605 active=02 first=00 player=00 runtime=01 xy=8,80
BP_UPDATE_ALL_ENTITIES_ENTRY pc=7759 op=3A0ADC sp=F374 stack=C1E1/0644 p=00/00/01 tgt=7759 irq=605 active=02 first=00 player=00 runtime=01 xy=8,80
BP_RESIDENT_RET_FROM_TARGET pc=C1E1 op=F308F1 sp=F376 stack=0644/6C04 p=00/00/01 tgt=7759 irq=605 active=02 first=00 player=00 runtime=01 xy=8,80
BP_A16R8_UPDATE_PLAYER pc=6BD5 op=F53EB0 sp=F37A stack=673E/663A p=06/06/01 tgt=4AA8 irq=607 active=02 first=00 player=00 runtime=01 xy=8,80
BP_UPDATE_PLAYER_ENTRY pc=7AB0 op=CDE678 sp=F374 stack=C1E1/0644 p=00/00/01 tgt=7AB0 irq=607 active=02 first=00 player=00 runtime=01 xy=8,80
BP_RESIDENT_RET_FROM_TARGET pc=C1E1 op=F308F1 sp=F376 stack=0644/6BE4 p=00/00/01 tgt=7AB0 irq=607 active=02 first=00 player=00 runtime=01 xy=8,80
BP_A16R8_UPDATE_ALL_ENTITIES pc=6BF5 op=F53E59 sp=F37A stack=6747/663A p=06/06/01 tgt=5425 irq=607 active=02 first=00 player=00 runtime=01 xy=8,80
BP_UPDATE_ALL_ENTITIES_ENTRY pc=7759 op=3A0ADC sp=F374 stack=C1E1/0644 p=00/00/01 tgt=7759 irq=607 active=02 first=00 player=00 runtime=01 xy=8,80
BP_RESIDENT_RET_FROM_TARGET pc=C1E1 op=F308F1 sp=F376 stack=0644/6C04 p=00/00/01 tgt=7759 irq=607 active=02 first=00 player=00 runtime=01 xy=8,80
BP_A16R8_UPDATE_PLAYER pc=6BD5 op=F53EB0 sp=F37A stack=673E/663A p=06/06/01 tgt=4AA8 irq=609 active=02 first=00 player=00 runtime=01 xy=8,80
BP_UPDATE_PLAYER_ENTRY pc=7AB0 op=CDE678 sp=F374 stack=C1E1/0644 p=00/00/01 tgt=7AB0 irq=609 active=02 first=00 player=00 runtime=01 xy=8,80
BP_RESIDENT_RET_FROM_TARGET pc=C1E1 op=F308F1 sp=F376 stack=0644/6BE4 p=00/00/01 tgt=7AB0 irq=609 active=02 first=00 player=00 runtime=01 xy=8,80
BP_A16R8_UPDATE_ALL_ENTITIES pc=6BF5 op=F53E59 sp=F37A stack=6747/663A p=06/06/01 tgt=5425 irq=609 active=02 first=00 player=00 runtime=01 xy=8,80
BP_UPDATE_ALL_ENTITIES_ENTRY pc=7759 op=3A0ADC sp=F374 stack=C1E1/0644 p=00/00/01 tgt=7759 irq=609 active=02 first=00 player=00 runtime=01 xy=8,80
BP_RESIDENT_RET_FROM_TARGET pc=C1E1 op=F308F1 sp=F376 stack=0644/6C04 p=00/00/01 tgt=7759 irq=609 active=03 first=00 player=00 runtime=01 xy=8,80
BP_A16R8_UPDATE_PLAYER pc=6BD5 op=F53EB0 sp=F37A stack=673E/663A p=06/06/01 tgt=4AA8 irq=610 active=03 first=00 player=00 runtime=01 xy=8,80
BP_UPDATE_PLAYER_ENTRY pc=7AB0 op=CDE678 sp=F374 stack=C1E1/0644 p=00/00/01 tgt=7AB0 irq=610 active=03 first=00 player=00 runtime=01 xy=8,80
BP_RESIDENT_RET_FROM_TARGET pc=C1E1 op=F308F1 sp=F376 stack=0644/6BE4 p=00/00/01 tgt=7AB0 irq=610 active=03 first=00 player=00 runtime=01 xy=8,80
BP_A16R8_UPDATE_ALL_ENTITIES pc=6BF5 op=F53E59 sp=F37A stack=6747/663A p=06/06/01 tgt=5425 irq=610 active=03 first=00 player=00 runtime=01 xy=8,80
BP_UPDATE_ALL_ENTITIES_ENTRY pc=7759 op=3A0ADC sp=F374 stack=C1E1/0644 p=00/00/01 tgt=7759 irq=610 active=03 first=00 player=00 runtime=01 xy=8,80
BP_RESIDENT_RET_FROM_TARGET pc=C1E1 op=F308F1 sp=F376 stack=0644/6C04 p=00/00/01 tgt=7759 irq=610 active=02 first=00 player=00 runtime=01 xy=8,80
BP_A16R8_UPDATE_PLAYER pc=6BD5 op=F53EB0 sp=F37A stack=673E/663A p=06/06/01 tgt=4AA8 irq=611 active=02 first=00 player=00 runtime=01 xy=8,80
BP_UPDATE_PLAYER_ENTRY pc=7AB0 op=CDE678 sp=F374 stack=C1E1/0644 p=00/00/01 tgt=7AB0 irq=611 active=02 first=00 player=00 runtime=01 xy=8,80
BP_RESIDENT_RET_FROM_TARGET pc=C1E1 op=F308F1 sp=F376 stack=0644/6BE4 p=00/00/01 tgt=7AB0 irq=611 active=02 first=00 player=00 runtime=01 xy=8,80
BP_A16R8_UPDATE_ALL_ENTITIES pc=6BF5 op=F53E59 sp=F37A stack=6747/663A p=06/06/01 tgt=5425 irq=611 active=02 first=00 player=00 runtime=01 xy=8,80
BP_UPDATE_ALL_ENTITIES_ENTRY pc=7759 op=3A0ADC sp=F374 stack=C1E1/0644 p=00/00/01 tgt=7759 irq=611 active=02 first=00 player=00 runtime=01 xy=8,80
BP_RESIDENT_RET_FROM_TARGET pc=C1E1 op=F308F1 sp=F376 stack=0644/6C04 p=00/00/01 tgt=7759 irq=611 active=02 first=00 player=00 runtime=01 xy=8,80
BP_A16R8_UPDATE_PLAYER pc=6BD5 op=F53EB0 sp=F37A stack=673E/663A p=06/06/01 tgt=4AA8 irq=612 active=02 first=00 player=00 runtime=01 xy=8,80
BP_UPDATE_PLAYER_ENTRY pc=7AB0 op=CDE678 sp=F374 stack=C1E1/0644 p=00/00/01 tgt=7AB0 irq=612 active=02 first=00 player=00 runtime=01 xy=8,80
BP_RESIDENT_RET_FROM_TARGET pc=C1E1 op=F308F1 sp=F376 stack=0644/6BE4 p=00/00/01 tgt=7AB0 irq=612 active=02 first=00 player=00 runtime=01 xy=8,80
BP_A16R8_UPDATE_ALL_ENTITIES pc=6BF5 op=F53E59 sp=F37A stack=6747/663A p=06/06/01 tgt=5425 irq=612 active=02 first=00 player=00 runtime=01 xy=8,80
BP_UPDATE_ALL_ENTITIES_ENTRY pc=7759 op=3A0ADC sp=F374 stack=C1E1/0644 p=00/00/01 tgt=7759 irq=612 active=02 first=00 player=00 runtime=01 xy=8,80
BP_RESIDENT_RET_FROM_TARGET pc=C1E1 op=F308F1 sp=F376 stack=0644/6C04 p=00/00/01 tgt=7759 irq=612 active=03 first=00 player=00 runtime=01 xy=8,80
BP_A16R8_UPDATE_PLAYER pc=6BD5 op=F53EB0 sp=F37A stack=673E/663A p=06/06/01 tgt=4AA8 irq=614 active=03 first=00 player=00 runtime=01 xy=8,80
BP_UPDATE_PLAYER_ENTRY pc=7AB0 op=CDE678 sp=F374 stack=C1E1/0644 p=00/00/01 tgt=7AB0 irq=614 active=03 first=00 player=00 runtime=01 xy=8,80
BP_RESIDENT_RET_FROM_TARGET pc=C1E1 op=F308F1 sp=F376 stack=0644/6BE4 p=00/00/01 tgt=7AB0 irq=614 active=03 first=00 player=00 runtime=01 xy=8,80
BP_A16R8_UPDATE_ALL_ENTITIES pc=6BF5 op=F53E59 sp=F37A stack=6747/663A p=06/06/01 tgt=5425 irq=614 active=03 first=00 player=00 runtime=01 xy=8,80
BP_UPDATE_ALL_ENTITIES_ENTRY pc=7759 op=3A0ADC sp=F374 stack=C1E1/0644 p=00/00/01 tgt=7759 irq=614 active=03 first=00 player=00 runtime=01 xy=8,80
BP_RESIDENT_RET_FROM_TARGET pc=C1E1 op=F308F1 sp=F376 stack=0644/6C04 p=00/00/01 tgt=7759 irq=614 active=02 first=00 player=00 runtime=01 xy=8,80
BP_A16R8_UPDATE_PLAYER pc=6BD5 op=F53EB0 sp=F37A stack=673E/663A p=06/06/01 tgt=4AA8 irq=616 active=02 first=00 player=00 runtime=01 xy=8,80
BP_UPDATE_PLAYER_ENTRY pc=7AB0 op=CDE678 sp=F374 stack=C1E1/0644 p=00/00/01 tgt=7AB0 irq=616 active=02 first=00 player=00 runtime=01 xy=8,80
BP_RESIDENT_RET_FROM_TARGET pc=C1E1 op=F308F1 sp=F376 stack=0644/6BE4 p=00/00/01 tgt=7AB0 irq=616 active=02 first=00 player=00 runtime=01 xy=8,80
BP_A16R8_UPDATE_ALL_ENTITIES pc=6BF5 op=F53E59 sp=F37A stack=6747/663A p=06/06/01 tgt=5425 irq=616 active=02 first=00 player=00 runtime=01 xy=8,80
BP_UPDATE_ALL_ENTITIES_ENTRY pc=7759 op=3A0ADC sp=F374 stack=C1E1/0644 p=00/00/01 tgt=7759 irq=616 active=02 first=00 player=00 runtime=01 xy=8,80
BP_RESIDENT_RET_FROM_TARGET pc=C1E1 op=F308F1 sp=F376 stack=0644/6C04 p=00/00/01 tgt=7759 irq=616 active=02 first=00 player=00 runtime=01 xy=8,80
BP_A16R8_UPDATE_PLAYER pc=6BD5 op=F53EB0 sp=F37A stack=673E/663A p=06/06/01 tgt=4AA8 irq=617 active=02 first=00 player=00 runtime=01 xy=8,80
BP_UPDATE_PLAYER_ENTRY pc=7AB0 op=CDE678 sp=F374 stack=C1E1/0644 p=00/00/01 tgt=7AB0 irq=617 active=02 first=00 player=00 runtime=01 xy=8,80
BP_RESIDENT_RET_FROM_TARGET pc=C1E1 op=F308F1 sp=F376 stack=0644/6BE4 p=00/00/01 tgt=7AB0 irq=617 active=02 first=00 player=00 runtime=01 xy=8,80
BP_A16R8_UPDATE_ALL_ENTITIES pc=6BF5 op=F53E59 sp=F37A stack=6747/663A p=06/06/01 tgt=5425 irq=617 active=02 first=00 player=00 runtime=01 xy=8,80
BP_UPDATE_ALL_ENTITIES_ENTRY pc=7759 op=3A0ADC sp=F374 stack=C1E1/0644 p=00/00/01 tgt=7759 irq=617 active=02 first=00 player=00 runtime=01 xy=8,80
BP_RESIDENT_RET_FROM_TARGET pc=C1E1 op=F308F1 sp=F376 stack=0644/6C04 p=00/00/01 tgt=7759 irq=617 active=02 first=00 player=00 runtime=01 xy=8,80
BP_A16R8_UPDATE_PLAYER pc=6BD5 op=F53EB0 sp=F37A stack=673E/663A p=06/06/01 tgt=4AA8 irq=619 active=02 first=00 player=00 runtime=01 xy=8,80
BP_UPDATE_PLAYER_ENTRY pc=7AB0 op=CDE678 sp=F374 stack=C1E1/0644 p=00/00/01 tgt=7AB0 irq=619 active=02 first=00 player=00 runtime=01 xy=8,80
BP_RESIDENT_RET_FROM_TARGET pc=C1E1 op=F308F1 sp=F376 stack=0644/6BE4 p=00/00/01 tgt=7AB0 irq=619 active=02 first=00 player=00 runtime=01 xy=8,80
BP_A16R8_UPDATE_ALL_ENTITIES pc=6BF5 op=F53E59 sp=F37A stack=6747/663A p=06/06/01 tgt=5425 irq=619 active=02 first=00 player=00 runtime=01 xy=8,80
BP_UPDATE_ALL_ENTITIES_ENTRY pc=7759 op=3A0ADC sp=F374 stack=C1E1/0644 p=00/00/01 tgt=7759 irq=619 active=02 first=00 player=00 runtime=01 xy=8,80
BP_RESIDENT_RET_FROM_TARGET pc=C1E1 op=F308F1 sp=F376 stack=0644/6C04 p=00/00/01 tgt=7759 irq=619 active=02 first=00 player=00 runtime=01 xy=8,80
BP_A16R8_UPDATE_PLAYER pc=6BD5 op=F53EB0 sp=F37A stack=673E/663A p=06/06/01 tgt=4AA8 irq=620 active=02 first=00 player=00 runtime=01 xy=8,80
BP_UPDATE_PLAYER_ENTRY pc=7AB0 op=CDE678 sp=F374 stack=C1E1/0644 p=00/00/01 tgt=7AB0 irq=620 active=02 first=00 player=00 runtime=01 xy=8,80
BP_RESIDENT_RET_FROM_TARGET pc=C1E1 op=F308F1 sp=F376 stack=0644/6BE4 p=00/00/01 tgt=7AB0 irq=620 active=02 first=00 player=00 runtime=01 xy=8,80
BP_A16R8_UPDATE_ALL_ENTITIES pc=6BF5 op=F53E59 sp=F37A stack=6747/663A p=06/06/01 tgt=5425 irq=620 active=02 first=00 player=00 runtime=01 xy=8,80
BP_UPDATE_ALL_ENTITIES_ENTRY pc=7759 op=3A0ADC sp=F374 stack=C1E1/0644 p=00/00/01 tgt=7759 irq=620 active=02 first=00 player=00 runtime=01 xy=8,80
BP_RESIDENT_RET_FROM_TARGET pc=C1E1 op=F308F1 sp=F376 stack=0644/6C04 p=00/00/01 tgt=7759 irq=620 active=02 first=00 player=00 runtime=01 xy=8,80
BP_A16R8_UPDATE_PLAYER pc=6BD5 op=F53EB0 sp=F37A stack=673E/663A p=06/06/01 tgt=4AA8 irq=622 active=02 first=00 player=00 runtime=01 xy=8,80
BP_UPDATE_PLAYER_ENTRY pc=7AB0 op=CDE678 sp=F374 stack=C1E1/0644 p=00/00/01 tgt=7AB0 irq=622 active=02 first=00 player=00 runtime=01 xy=8,80
BP_RESIDENT_RET_FROM_TARGET pc=C1E1 op=F308F1 sp=F376 stack=0644/6BE4 p=00/00/01 tgt=7AB0 irq=622 active=02 first=00 player=00 runtime=01 xy=8,80
BP_A16R8_UPDATE_ALL_ENTITIES pc=6BF5 op=F53E59 sp=F37A stack=6747/663A p=06/06/01 tgt=5425 irq=622 active=02 first=00 player=00 runtime=01 xy=8,80
BP_UPDATE_ALL_ENTITIES_ENTRY pc=7759 op=3A0ADC sp=F374 stack=C1E1/0644 p=00/00/01 tgt=7759 irq=622 active=02 first=00 player=00 runtime=01 xy=8,80
BP_RESIDENT_RET_FROM_TARGET pc=C1E1 op=F308F1 sp=F376 stack=0644/6C04 p=00/00/01 tgt=7759 irq=622 active=02 first=00 player=00 runtime=01 xy=8,80
BP_A16R8_UPDATE_PLAYER pc=6BD5 op=F53EB0 sp=F37A stack=673E/663A p=06/06/01 tgt=4AA8 irq=623 active=02 first=00 player=00 runtime=01 xy=8,80
BP_UPDATE_PLAYER_ENTRY pc=7AB0 op=CDE678 sp=F374 stack=C1E1/0644 p=00/00/01 tgt=7AB0 irq=623 active=02 first=00 player=00 runtime=01 xy=8,80
BP_RESIDENT_RET_FROM_TARGET pc=C1E1 op=F308F1 sp=F376 stack=0644/6BE4 p=00/00/01 tgt=7AB0 irq=623 active=02 first=00 player=00 runtime=01 xy=8,80
BP_A16R8_UPDATE_ALL_ENTITIES pc=6BF5 op=F53E59 sp=F37A stack=6747/663A p=06/06/01 tgt=5425 irq=623 active=02 first=00 player=00 runtime=01 xy=8,80
BP_UPDATE_ALL_ENTITIES_ENTRY pc=7759 op=3A0ADC sp=F374 stack=C1E1/0644 p=00/00/01 tgt=7759 irq=623 active=02 first=00 player=00 runtime=01 xy=8,80
BP_RESIDENT_RET_FROM_TARGET pc=C1E1 op=F308F1 sp=F376 stack=0644/6C04 p=00/00/01 tgt=7759 irq=623 active=02 first=00 player=00 runtime=01 xy=8,80
BP_A16R8_UPDATE_PLAYER pc=6BD5 op=F53EB0 sp=F37A stack=673E/663A p=06/06/01 tgt=4AA8 irq=624 active=02 first=00 player=00 runtime=01 xy=8,80
BP_UPDATE_PLAYER_ENTRY pc=7AB0 op=CDE678 sp=F374 stack=C1E1/0644 p=00/00/01 tgt=7AB0 irq=624 active=02 first=00 player=00 runtime=01 xy=8,80
BP_RESIDENT_RET_FROM_TARGET pc=C1E1 op=F308F1 sp=F376 stack=0644/6BE4 p=00/00/01 tgt=7AB0 irq=624 active=02 first=00 player=00 runtime=01 xy=8,80
BP_A16R8_UPDATE_ALL_ENTITIES pc=6BF5 op=F53E59 sp=F37A stack=6747/663A p=06/06/01 tgt=5425 irq=624 active=02 first=00 player=00 runtime=01 xy=8,80
BP_UPDATE_ALL_ENTITIES_ENTRY pc=7759 op=3A0ADC sp=F374 stack=C1E1/0644 p=00/00/01 tgt=7759 irq=624 active=02 first=00 player=00 runtime=01 xy=8,80
BP_RESIDENT_RET_FROM_TARGET pc=C1E1 op=F308F1 sp=F376 stack=0644/6C04 p=00/00/01 tgt=7759 irq=624 active=03 first=00 player=00 runtime=01 xy=8,80
BP_A16R8_UPDATE_PLAYER pc=6BD5 op=F53EB0 sp=F37A stack=673E/663A p=06/06/01 tgt=4AA8 irq=626 active=03 first=00 player=00 runtime=01 xy=8,80
BP_UPDATE_PLAYER_ENTRY pc=7AB0 op=CDE678 sp=F374 stack=C1E1/0644 p=00/00/01 tgt=7AB0 irq=626 active=03 first=00 player=00 runtime=01 xy=8,80
BP_RESIDENT_RET_FROM_TARGET pc=C1E1 op=F308F1 sp=F376 stack=0644/6BE4 p=00/00/01 tgt=7AB0 irq=626 active=03 first=00 player=00 runtime=01 xy=8,80
BP_A16R8_UPDATE_ALL_ENTITIES pc=6BF5 op=F53E59 sp=F37A stack=6747/663A p=06/06/01 tgt=5425 irq=626 active=03 first=00 player=00 runtime=01 xy=8,80
BP_UPDATE_ALL_ENTITIES_ENTRY pc=7759 op=3A0ADC sp=F374 stack=C1E1/0644 p=00/00/01 tgt=7759 irq=626 active=03 first=00 player=00 runtime=01 xy=8,80
BP_RESIDENT_RET_FROM_TARGET pc=C1E1 op=F308F1 sp=F376 stack=0644/6C04 p=00/00/01 tgt=7759 irq=626 active=02 first=00 player=00 runtime=01 xy=8,80
BP_A16R8_UPDATE_PLAYER pc=6BD5 op=F53EB0 sp=F37A stack=673E/663A p=06/06/01 tgt=4AA8 irq=628 active=02 first=00 player=00 runtime=01 xy=8,80
BP_UPDATE_PLAYER_ENTRY pc=7AB0 op=CDE678 sp=F374 stack=C1E1/0644 p=00/00/01 tgt=7AB0 irq=628 active=02 first=00 player=00 runtime=01 xy=8,80
BP_RESIDENT_RET_FROM_TARGET pc=C1E1 op=F308F1 sp=F376 stack=0644/6BE4 p=00/00/01 tgt=7AB0 irq=628 active=02 first=00 player=00 runtime=01 xy=8,80
BP_A16R8_UPDATE_ALL_ENTITIES pc=6BF5 op=F53E59 sp=F37A stack=6747/663A p=06/06/01 tgt=5425 irq=628 active=02 first=00 player=00 runtime=01 xy=8,80
BP_UPDATE_ALL_ENTITIES_ENTRY pc=7759 op=3A0ADC sp=F374 stack=C1E1/0644 p=00/00/01 tgt=7759 irq=628 active=02 first=00 player=00 runtime=01 xy=8,80
BP_RESIDENT_RET_FROM_TARGET pc=C1E1 op=F308F1 sp=F376 stack=0644/6C04 p=00/00/01 tgt=7759 irq=628 active=02 first=00 player=00 runtime=01 xy=8,80
BP_A16R8_UPDATE_PLAYER pc=6BD5 op=F53EB0 sp=F37A stack=673E/663A p=06/06/01 tgt=4AA8 irq=629 active=02 first=00 player=00 runtime=01 xy=8,80
BP_UPDATE_PLAYER_ENTRY pc=7AB0 op=CDE678 sp=F374 stack=C1E1/0644 p=00/00/01 tgt=7AB0 irq=629 active=02 first=00 player=00 runtime=01 xy=8,80
BP_RESIDENT_RET_FROM_TARGET pc=C1E1 op=F308F1 sp=F376 stack=0644/6BE4 p=00/00/01 tgt=7AB0 irq=629 active=02 first=00 player=00 runtime=01 xy=8,80
BP_A16R8_UPDATE_ALL_ENTITIES pc=6BF5 op=F53E59 sp=F37A stack=6747/663A p=06/06/01 tgt=5425 irq=629 active=02 first=00 player=00 runtime=01 xy=8,80
BP_UPDATE_ALL_ENTITIES_ENTRY pc=7759 op=3A0ADC sp=F374 stack=C1E1/0644 p=00/00/01 tgt=7759 irq=629 active=02 first=00 player=00 runtime=01 xy=8,80
BP_RESIDENT_RET_FROM_TARGET pc=C1E1 op=F308F1 sp=F376 stack=0644/6C04 p=00/00/01 tgt=7759 irq=629 active=02 first=00 player=00 runtime=01 xy=8,80
BP_A16R8_UPDATE_PLAYER pc=6BD5 op=F53EB0 sp=F37A stack=673E/663A p=06/06/01 tgt=4AA8 irq=631 active=02 first=00 player=00 runtime=01 xy=8,80
BP_UPDATE_PLAYER_ENTRY pc=7AB0 op=CDE678 sp=F374 stack=C1E1/0644 p=00/00/01 tgt=7AB0 irq=631 active=02 first=00 player=00 runtime=01 xy=8,80
BP_RESIDENT_RET_FROM_TARGET pc=C1E1 op=F308F1 sp=F376 stack=0644/6BE4 p=00/00/01 tgt=7AB0 irq=631 active=02 first=00 player=00 runtime=01 xy=8,80
BP_A16R8_UPDATE_ALL_ENTITIES pc=6BF5 op=F53E59 sp=F37A stack=6747/663A p=06/06/01 tgt=5425 irq=631 active=02 first=00 player=00 runtime=01 xy=8,80
BP_UPDATE_ALL_ENTITIES_ENTRY pc=7759 op=3A0ADC sp=F374 stack=C1E1/0644 p=00/00/01 tgt=7759 irq=631 active=02 first=00 player=00 runtime=01 xy=8,80
BP_RESIDENT_RET_FROM_TARGET pc=C1E1 op=F308F1 sp=F376 stack=0644/6C04 p=00/00/01 tgt=7759 irq=631 active=02 first=00 player=00 runtime=01 xy=8,80
BP_A16R8_UPDATE_PLAYER pc=6BD5 op=F53EB0 sp=F37A stack=673E/663A p=06/06/01 tgt=4AA8 irq=632 active=02 first=00 player=00 runtime=01 xy=8,80
BP_UPDATE_PLAYER_ENTRY pc=7AB0 op=CDE678 sp=F374 stack=C1E1/0644 p=00/00/01 tgt=7AB0 irq=632 active=02 first=00 player=00 runtime=01 xy=8,80
BP_RESIDENT_RET_FROM_TARGET pc=C1E1 op=F308F1 sp=F376 stack=0644/6BE4 p=00/00/01 tgt=7AB0 irq=632 active=02 first=00 player=00 runtime=01 xy=8,80
BP_A16R8_UPDATE_ALL_ENTITIES pc=6BF5 op=F53E59 sp=F37A stack=6747/663A p=06/06/01 tgt=5425 irq=632 active=02 first=00 player=00 runtime=01 xy=8,80
BP_UPDATE_ALL_ENTITIES_ENTRY pc=7759 op=3A0ADC sp=F374 stack=C1E1/0644 p=00/00/01 tgt=7759 irq=632 active=02 first=00 player=00 runtime=01 xy=8,80
BP_RESIDENT_RET_FROM_TARGET pc=C1E1 op=F308F1 sp=F376 stack=0644/6C04 p=00/00/01 tgt=7759 irq=632 active=02 first=00 player=00 runtime=01 xy=8,80
BP_A16R8_UPDATE_PLAYER pc=6BD5 op=F53EB0 sp=F37A stack=673E/663A p=06/06/01 tgt=4AA8 irq=634 active=02 first=00 player=00 runtime=01 xy=8,80
BP_UPDATE_PLAYER_ENTRY pc=7AB0 op=CDE678 sp=F374 stack=C1E1/0644 p=00/00/01 tgt=7AB0 irq=634 active=02 first=00 player=00 runtime=01 xy=8,80
BP_RESIDENT_RET_FROM_TARGET pc=C1E1 op=F308F1 sp=F376 stack=0644/6BE4 p=00/00/01 tgt=7AB0 irq=634 active=02 first=00 player=00 runtime=01 xy=8,80
BP_A16R8_UPDATE_ALL_ENTITIES pc=6BF5 op=F53E59 sp=F37A stack=6747/663A p=06/06/01 tgt=5425 irq=634 active=02 first=00 player=00 runtime=01 xy=8,80
BP_UPDATE_ALL_ENTITIES_ENTRY pc=7759 op=3A0ADC sp=F374 stack=C1E1/0644 p=00/00/01 tgt=7759 irq=634 active=02 first=00 player=00 runtime=01 xy=8,80
BP_RESIDENT_RET_FROM_TARGET pc=C1E1 op=F308F1 sp=F376 stack=0644/6C04 p=00/00/01 tgt=7759 irq=634 active=02 first=00 player=00 runtime=01 xy=8,80
BP_A16R8_UPDATE_PLAYER pc=6BD5 op=F53EB0 sp=F37A stack=673E/663A p=06/06/01 tgt=4AA8 irq=636 active=02 first=00 player=00 runtime=01 xy=8,80
BP_UPDATE_PLAYER_ENTRY pc=7AB0 op=CDE678 sp=F374 stack=C1E1/0644 p=00/00/01 tgt=7AB0 irq=636 active=02 first=00 player=00 runtime=01 xy=8,80
BP_RESIDENT_RET_FROM_TARGET pc=C1E1 op=F308F1 sp=F376 stack=0644/6BE4 p=00/00/01 tgt=7AB0 irq=636 active=02 first=00 player=00 runtime=01 xy=8,80
BP_A16R8_UPDATE_ALL_ENTITIES pc=6BF5 op=F53E59 sp=F37A stack=6747/663A p=06/06/01 tgt=5425 irq=636 active=02 first=00 player=00 runtime=01 xy=8,80
BP_UPDATE_ALL_ENTITIES_ENTRY pc=7759 op=3A0ADC sp=F374 stack=C1E1/0644 p=00/00/01 tgt=7759 irq=636 active=02 first=00 player=00 runtime=01 xy=8,80
BP_RESIDENT_RET_FROM_TARGET pc=C1E1 op=F308F1 sp=F376 stack=0644/6C04 p=00/00/01 tgt=7759 irq=636 active=03 first=00 player=00 runtime=01 xy=8,80
BP_A16R8_UPDATE_PLAYER pc=6BD5 op=F53EB0 sp=F37A stack=673E/663A p=06/06/01 tgt=4AA8 irq=638 active=03 first=00 player=00 runtime=01 xy=8,80
BP_UPDATE_PLAYER_ENTRY pc=7AB0 op=CDE678 sp=F374 stack=C1E1/0644 p=00/00/01 tgt=7AB0 irq=638 active=03 first=00 player=00 runtime=01 xy=8,80
BP_RESIDENT_RET_FROM_TARGET pc=C1E1 op=F308F1 sp=F376 stack=0644/6BE4 p=00/00/01 tgt=7AB0 irq=638 active=03 first=00 player=00 runtime=01 xy=8,80
BP_A16R8_UPDATE_ALL_ENTITIES pc=6BF5 op=F53E59 sp=F37A stack=6747/663A p=06/06/01 tgt=5425 irq=638 active=03 first=00 player=00 runtime=01 xy=8,80
BP_UPDATE_ALL_ENTITIES_ENTRY pc=7759 op=3A0ADC sp=F374 stack=C1E1/0644 p=00/00/01 tgt=7759 irq=638 active=03 first=00 player=00 runtime=01 xy=8,80
BP_RESIDENT_RET_FROM_TARGET pc=C1E1 op=F308F1 sp=F376 stack=0644/6C04 p=00/00/01 tgt=7759 irq=638 active=02 first=00 player=00 runtime=01 xy=8,80
BP_A16R8_UPDATE_PLAYER pc=6BD5 op=F53EB0 sp=F37A stack=673E/663A p=06/06/01 tgt=4AA8 irq=640 active=02 first=00 player=00 runtime=01 xy=8,80
BP_UPDATE_PLAYER_ENTRY pc=7AB0 op=CDE678 sp=F374 stack=C1E1/0644 p=00/00/01 tgt=7AB0 irq=640 active=02 first=00 player=00 runtime=01 xy=8,80
BP_RESIDENT_RET_FROM_TARGET pc=C1E1 op=F308F1 sp=F376 stack=0644/6BE4 p=00/00/01 tgt=7AB0 irq=640 active=02 first=00 player=00 runtime=01 xy=8,80
BP_A16R8_UPDATE_ALL_ENTITIES pc=6BF5 op=F53E59 sp=F37A stack=6747/663A p=06/06/01 tgt=5425 irq=640 active=02 first=00 player=00 runtime=01 xy=8,80
BP_UPDATE_ALL_ENTITIES_ENTRY pc=7759 op=3A0ADC sp=F374 stack=C1E1/0644 p=00/00/01 tgt=7759 irq=640 active=02 first=00 player=00 runtime=01 xy=8,80
BP_RESIDENT_RET_FROM_TARGET pc=C1E1 op=F308F1 sp=F376 stack=0644/6C04 p=00/00/01 tgt=7759 irq=640 active=02 first=00 player=00 runtime=01 xy=8,80
BP_A16R8_UPDATE_PLAYER pc=6BD5 op=F53EB0 sp=F37A stack=673E/663A p=06/06/01 tgt=4AA8 irq=641 active=02 first=00 player=00 runtime=01 xy=8,80
BP_UPDATE_PLAYER_ENTRY pc=7AB0 op=CDE678 sp=F374 stack=C1E1/0644 p=00/00/01 tgt=7AB0 irq=641 active=02 first=00 player=00 runtime=01 xy=8,80
BP_RESIDENT_RET_FROM_TARGET pc=C1E1 op=F308F1 sp=F376 stack=0644/6BE4 p=00/00/01 tgt=7AB0 irq=641 active=02 first=00 player=00 runtime=01 xy=8,80
BP_A16R8_UPDATE_ALL_ENTITIES pc=6BF5 op=F53E59 sp=F37A stack=6747/663A p=06/06/01 tgt=5425 irq=641 active=02 first=00 player=00 runtime=01 xy=8,80
BP_UPDATE_ALL_ENTITIES_ENTRY pc=7759 op=3A0ADC sp=F374 stack=C1E1/0644 p=00/00/01 tgt=7759 irq=641 active=02 first=00 player=00 runtime=01 xy=8,80
BP_RESIDENT_RET_FROM_TARGET pc=C1E1 op=F308F1 sp=F376 stack=0644/6C04 p=00/00/01 tgt=7759 irq=641 active=02 first=00 player=00 runtime=01 xy=8,80
BP_A16R8_UPDATE_PLAYER pc=6BD5 op=F53EB0 sp=F37A stack=673E/663A p=06/06/01 tgt=4AA8 irq=643 active=02 first=00 player=00 runtime=01 xy=8,80
BP_UPDATE_PLAYER_ENTRY pc=7AB0 op=CDE678 sp=F374 stack=C1E1/0644 p=00/00/01 tgt=7AB0 irq=643 active=02 first=00 player=00 runtime=01 xy=8,80
BP_RESIDENT_RET_FROM_TARGET pc=C1E1 op=F308F1 sp=F376 stack=0644/6BE4 p=00/00/01 tgt=7AB0 irq=643 active=02 first=00 player=00 runtime=01 xy=8,80
BP_A16R8_UPDATE_ALL_ENTITIES pc=6BF5 op=F53E59 sp=F37A stack=6747/663A p=06/06/01 tgt=5425 irq=643 active=02 first=00 player=00 runtime=01 xy=8,80
BP_UPDATE_ALL_ENTITIES_ENTRY pc=7759 op=3A0ADC sp=F374 stack=C1E1/0644 p=00/00/01 tgt=7759 irq=643 active=02 first=00 player=00 runtime=01 xy=8,80
BP_RESIDENT_RET_FROM_TARGET pc=C1E1 op=F308F1 sp=F376 stack=0644/6C04 p=00/00/01 tgt=7759 irq=643 active=02 first=00 player=00 runtime=01 xy=8,80
BP_A16R8_UPDATE_PLAYER pc=6BD5 op=F53EB0 sp=F37A stack=673E/663A p=06/06/01 tgt=4AA8 irq=645 active=02 first=00 player=00 runtime=01 xy=8,80
BP_UPDATE_PLAYER_ENTRY pc=7AB0 op=CDE678 sp=F374 stack=C1E1/0644 p=00/00/01 tgt=7AB0 irq=645 active=02 first=00 player=00 runtime=01 xy=8,80
BP_RESIDENT_RET_FROM_TARGET pc=C1E1 op=F308F1 sp=F376 stack=0644/6BE4 p=00/00/01 tgt=7AB0 irq=645 active=02 first=00 player=00 runtime=01 xy=8,80
BP_A16R8_UPDATE_ALL_ENTITIES pc=6BF5 op=F53E59 sp=F37A stack=6747/663A p=06/06/01 tgt=5425 irq=645 active=02 first=00 player=00 runtime=01 xy=8,80
BP_UPDATE_ALL_ENTITIES_ENTRY pc=7759 op=3A0ADC sp=F374 stack=C1E1/0644 p=00/00/01 tgt=7759 irq=645 active=02 first=00 player=00 runtime=01 xy=8,80
BP_RESIDENT_RET_FROM_TARGET pc=C1E1 op=F308F1 sp=F376 stack=0644/6C04 p=00/00/01 tgt=7759 irq=645 active=03 first=00 player=00 runtime=01 xy=8,80
BP_A16R8_UPDATE_PLAYER pc=6BD5 op=F53EB0 sp=F37A stack=673E/663A p=06/06/01 tgt=4AA8 irq=646 active=03 first=00 player=00 runtime=01 xy=8,80
BP_UPDATE_PLAYER_ENTRY pc=7AB0 op=CDE678 sp=F374 stack=C1E1/0644 p=00/00/01 tgt=7AB0 irq=646 active=03 first=00 player=00 runtime=01 xy=8,80
BP_RESIDENT_RET_FROM_TARGET pc=C1E1 op=F308F1 sp=F376 stack=0644/6BE4 p=00/00/01 tgt=7AB0 irq=646 active=03 first=00 player=00 runtime=01 xy=8,80
BP_A16R8_UPDATE_ALL_ENTITIES pc=6BF5 op=F53E59 sp=F37A stack=6747/663A p=06/06/01 tgt=5425 irq=646 active=03 first=00 player=00 runtime=01 xy=8,80
BP_UPDATE_ALL_ENTITIES_ENTRY pc=7759 op=3A0ADC sp=F374 stack=C1E1/0644 p=00/00/01 tgt=7759 irq=646 active=03 first=00 player=00 runtime=01 xy=8,80
BP_RESIDENT_RET_FROM_TARGET pc=C1E1 op=F308F1 sp=F376 stack=0644/6C04 p=00/00/01 tgt=7759 irq=646 active=02 first=00 player=00 runtime=01 xy=8,80
BP_A16R8_UPDATE_PLAYER pc=6BD5 op=F53EB0 sp=F37A stack=673E/663A p=06/06/01 tgt=4AA8 irq=647 active=02 first=00 player=00 runtime=01 xy=8,80
BP_UPDATE_PLAYER_ENTRY pc=7AB0 op=CDE678 sp=F374 stack=C1E1/0644 p=00/00/01 tgt=7AB0 irq=647 active=02 first=00 player=00 runtime=01 xy=8,80
BP_RESIDENT_RET_FROM_TARGET pc=C1E1 op=F308F1 sp=F376 stack=0644/6BE4 p=00/00/01 tgt=7AB0 irq=647 active=02 first=00 player=00 runtime=01 xy=8,80
BP_A16R8_UPDATE_ALL_ENTITIES pc=6BF5 op=F53E59 sp=F37A stack=6747/663A p=06/06/01 tgt=5425 irq=647 active=02 first=00 player=00 runtime=01 xy=8,80
BP_UPDATE_ALL_ENTITIES_ENTRY pc=7759 op=3A0ADC sp=F374 stack=C1E1/0644 p=00/00/01 tgt=7759 irq=647 active=02 first=00 player=00 runtime=01 xy=8,80
BP_RESIDENT_RET_FROM_TARGET pc=C1E1 op=F308F1 sp=F376 stack=0644/6C04 p=00/00/01 tgt=7759 irq=647 active=02 first=00 player=00 runtime=01 xy=8,80
BP_A16R8_UPDATE_PLAYER pc=6BD5 op=F53EB0 sp=F37A stack=673E/663A p=06/06/01 tgt=4AA8 irq=648 active=02 first=00 player=00 runtime=01 xy=8,80
BP_UPDATE_PLAYER_ENTRY pc=7AB0 op=CDE678 sp=F374 stack=C1E1/0644 p=00/00/01 tgt=7AB0 irq=648 active=02 first=00 player=00 runtime=01 xy=8,80
BP_RESIDENT_RET_FROM_TARGET pc=C1E1 op=F308F1 sp=F376 stack=0644/6BE4 p=00/00/01 tgt=7AB0 irq=648 active=02 first=00 player=00 runtime=01 xy=8,80
BP_A16R8_UPDATE_ALL_ENTITIES pc=6BF5 op=F53E59 sp=F37A stack=6747/663A p=06/06/01 tgt=5425 irq=648 active=02 first=00 player=00 runtime=01 xy=8,80
BP_UPDATE_ALL_ENTITIES_ENTRY pc=7759 op=3A0ADC sp=F374 stack=C1E1/0644 p=00/00/01 tgt=7759 irq=648 active=02 first=00 player=00 runtime=01 xy=8,80
BP_RESIDENT_RET_FROM_TARGET pc=C1E1 op=F308F1 sp=F376 stack=0644/6C04 p=00/00/01 tgt=7759 irq=648 active=03 first=00 player=00 runtime=01 xy=8,80
BP_A16R8_UPDATE_PLAYER pc=6BD5 op=F53EB0 sp=F37A stack=673E/663A p=06/06/01 tgt=4AA8 irq=650 active=03 first=00 player=00 runtime=01 xy=8,80
BP_UPDATE_PLAYER_ENTRY pc=7AB0 op=CDE678 sp=F374 stack=C1E1/0644 p=00/00/01 tgt=7AB0 irq=650 active=03 first=00 player=00 runtime=01 xy=8,80
BP_RESIDENT_RET_FROM_TARGET pc=C1E1 op=F308F1 sp=F376 stack=0644/6BE4 p=00/00/01 tgt=7AB0 irq=650 active=03 first=00 player=00 runtime=01 xy=8,80
BP_A16R8_UPDATE_ALL_ENTITIES pc=6BF5 op=F53E59 sp=F37A stack=6747/663A p=06/06/01 tgt=5425 irq=650 active=03 first=00 player=00 runtime=01 xy=8,80
BP_UPDATE_ALL_ENTITIES_ENTRY pc=7759 op=3A0ADC sp=F374 stack=C1E1/0644 p=00/00/01 tgt=7759 irq=650 active=03 first=00 player=00 runtime=01 xy=8,80
BP_RESIDENT_RET_FROM_TARGET pc=C1E1 op=F308F1 sp=F376 stack=0644/6C04 p=00/00/01 tgt=7759 irq=650 active=02 first=00 player=00 runtime=01 xy=8,80
BP_A16R8_UPDATE_PLAYER pc=6BD5 op=F53EB0 sp=F37A stack=673E/663A p=06/06/01 tgt=4AA8 irq=652 active=02 first=00 player=00 runtime=01 xy=8,80
BP_UPDATE_PLAYER_ENTRY pc=7AB0 op=CDE678 sp=F374 stack=C1E1/0644 p=00/00/01 tgt=7AB0 irq=652 active=02 first=00 player=00 runtime=01 xy=8,80
BP_RESIDENT_RET_FROM_TARGET pc=C1E1 op=F308F1 sp=F376 stack=0644/6BE4 p=00/00/01 tgt=7AB0 irq=652 active=02 first=00 player=00 runtime=01 xy=8,80
BP_A16R8_UPDATE_ALL_ENTITIES pc=6BF5 op=F53E59 sp=F37A stack=6747/663A p=06/06/01 tgt=5425 irq=652 active=02 first=00 player=00 runtime=01 xy=8,80
BP_UPDATE_ALL_ENTITIES_ENTRY pc=7759 op=3A0ADC sp=F374 stack=C1E1/0644 p=00/00/01 tgt=7759 irq=652 active=02 first=00 player=00 runtime=01 xy=8,80
BP_RESIDENT_RET_FROM_TARGET pc=C1E1 op=F308F1 sp=F376 stack=0644/6C04 p=00/00/01 tgt=7759 irq=652 active=02 first=00 player=00 runtime=01 xy=8,80
BP_A16R8_UPDATE_PLAYER pc=6BD5 op=F53EB0 sp=F37A stack=673E/663A p=06/06/01 tgt=4AA8 irq=653 active=02 first=00 player=00 runtime=01 xy=8,80
BP_UPDATE_PLAYER_ENTRY pc=7AB0 op=CDE678 sp=F374 stack=C1E1/0644 p=00/00/01 tgt=7AB0 irq=653 active=02 first=00 player=00 runtime=01 xy=8,80
BP_RESIDENT_RET_FROM_TARGET pc=C1E1 op=F308F1 sp=F376 stack=0644/6BE4 p=00/00/01 tgt=7AB0 irq=653 active=02 first=00 player=00 runtime=01 xy=8,80
BP_A16R8_UPDATE_ALL_ENTITIES pc=6BF5 op=F53E59 sp=F37A stack=6747/663A p=06/06/01 tgt=5425 irq=653 active=02 first=00 player=00 runtime=01 xy=8,80
BP_UPDATE_ALL_ENTITIES_ENTRY pc=7759 op=3A0ADC sp=F374 stack=C1E1/0644 p=00/00/01 tgt=7759 irq=653 active=02 first=00 player=00 runtime=01 xy=8,80
BP_RESIDENT_RET_FROM_TARGET pc=C1E1 op=F308F1 sp=F376 stack=0644/6C04 p=00/00/01 tgt=7759 irq=653 active=02 first=00 player=00 runtime=01 xy=8,80
BP_A16R8_UPDATE_PLAYER pc=6BD5 op=F53EB0 sp=F37A stack=673E/663A p=06/06/01 tgt=4AA8 irq=655 active=02 first=00 player=00 runtime=01 xy=8,80
BP_UPDATE_PLAYER_ENTRY pc=7AB0 op=CDE678 sp=F374 stack=C1E1/0644 p=00/00/01 tgt=7AB0 irq=655 active=02 first=00 player=00 runtime=01 xy=8,80
BP_RESIDENT_RET_FROM_TARGET pc=C1E1 op=F308F1 sp=F376 stack=0644/6BE4 p=00/00/01 tgt=7AB0 irq=655 active=02 first=00 player=00 runtime=01 xy=8,80
BP_A16R8_UPDATE_ALL_ENTITIES pc=6BF5 op=F53E59 sp=F37A stack=6747/663A p=06/06/01 tgt=5425 irq=655 active=02 first=00 player=00 runtime=01 xy=8,80
BP_UPDATE_ALL_ENTITIES_ENTRY pc=7759 op=3A0ADC sp=F374 stack=C1E1/0644 p=00/00/01 tgt=7759 irq=655 active=02 first=00 player=00 runtime=01 xy=8,80
BP_RESIDENT_RET_FROM_TARGET pc=C1E1 op=F308F1 sp=F376 stack=0644/6C04 p=00/00/01 tgt=7759 irq=655 active=02 first=00 player=00 runtime=01 xy=8,80
BP_A16R8_UPDATE_PLAYER pc=6BD5 op=F53EB0 sp=F37A stack=673E/663A p=06/06/01 tgt=4AA8 irq=656 active=02 first=00 player=00 runtime=01 xy=8,80
BP_UPDATE_PLAYER_ENTRY pc=7AB0 op=CDE678 sp=F374 stack=C1E1/0644 p=00/00/01 tgt=7AB0 irq=656 active=02 first=00 player=00 runtime=01 xy=8,80
BP_RESIDENT_RET_FROM_TARGET pc=C1E1 op=F308F1 sp=F376 stack=0644/6BE4 p=00/00/01 tgt=7AB0 irq=656 active=02 first=00 player=00 runtime=01 xy=8,80
BP_A16R8_UPDATE_ALL_ENTITIES pc=6BF5 op=F53E59 sp=F37A stack=6747/663A p=06/06/01 tgt=5425 irq=656 active=02 first=00 player=00 runtime=01 xy=8,80
BP_UPDATE_ALL_ENTITIES_ENTRY pc=7759 op=3A0ADC sp=F374 stack=C1E1/0644 p=00/00/01 tgt=7759 irq=656 active=02 first=00 player=00 runtime=01 xy=8,80
BP_RESIDENT_RET_FROM_TARGET pc=C1E1 op=F308F1 sp=F376 stack=0644/6C04 p=00/00/01 tgt=7759 irq=656 active=02 first=00 player=00 runtime=01 xy=8,80
BP_A16R8_UPDATE_PLAYER pc=6BD5 op=F53EB0 sp=F37A stack=673E/663A p=06/06/01 tgt=4AA8 irq=658 active=02 first=00 player=00 runtime=01 xy=8,80
BP_UPDATE_PLAYER_ENTRY pc=7AB0 op=CDE678 sp=F374 stack=C1E1/0644 p=00/00/01 tgt=7AB0 irq=658 active=02 first=00 player=00 runtime=01 xy=8,80
BP_RESIDENT_RET_FROM_TARGET pc=C1E1 op=F308F1 sp=F376 stack=0644/6BE4 p=00/00/01 tgt=7AB0 irq=658 active=02 first=00 player=00 runtime=01 xy=8,80
BP_A16R8_UPDATE_ALL_ENTITIES pc=6BF5 op=F53E59 sp=F37A stack=6747/663A p=06/06/01 tgt=5425 irq=658 active=02 first=00 player=00 runtime=01 xy=8,80
BP_UPDATE_ALL_ENTITIES_ENTRY pc=7759 op=3A0ADC sp=F374 stack=C1E1/0644 p=00/00/01 tgt=7759 irq=658 active=02 first=00 player=00 runtime=01 xy=8,80
BP_RESIDENT_RET_FROM_TARGET pc=C1E1 op=F308F1 sp=F376 stack=0644/6C04 p=00/00/01 tgt=7759 irq=658 active=02 first=00 player=00 runtime=01 xy=8,80
BP_A16R8_UPDATE_PLAYER pc=6BD5 op=F53EB0 sp=F37A stack=673E/663A p=06/06/01 tgt=4AA8 irq=659 active=02 first=00 player=00 runtime=01 xy=8,80
BP_UPDATE_PLAYER_ENTRY pc=7AB0 op=CDE678 sp=F374 stack=C1E1/0644 p=00/00/01 tgt=7AB0 irq=659 active=02 first=00 player=00 runtime=01 xy=8,80
BP_RESIDENT_RET_FROM_TARGET pc=C1E1 op=F308F1 sp=F376 stack=0644/6BE4 p=00/00/01 tgt=7AB0 irq=659 active=02 first=00 player=00 runtime=01 xy=8,80
BP_A16R8_UPDATE_ALL_ENTITIES pc=6BF5 op=F53E59 sp=F37A stack=6747/663A p=06/06/01 tgt=5425 irq=659 active=02 first=00 player=00 runtime=01 xy=8,80
BP_UPDATE_ALL_ENTITIES_ENTRY pc=7759 op=3A0ADC sp=F374 stack=C1E1/0644 p=00/00/01 tgt=7759 irq=659 active=02 first=00 player=00 runtime=01 xy=8,80
BP_RESIDENT_RET_FROM_TARGET pc=C1E1 op=F308F1 sp=F376 stack=0644/6C04 p=00/00/01 tgt=7759 irq=659 active=02 first=00 player=00 runtime=01 xy=8,80
BP_A16R8_UPDATE_PLAYER pc=6BD5 op=F53EB0 sp=F37A stack=673E/663A p=06/06/01 tgt=4AA8 irq=660 active=02 first=00 player=00 runtime=01 xy=8,80
BP_UPDATE_PLAYER_ENTRY pc=7AB0 op=CDE678 sp=F374 stack=C1E1/0644 p=00/00/01 tgt=7AB0 irq=660 active=02 first=00 player=00 runtime=01 xy=8,80
BP_RESIDENT_RET_FROM_TARGET pc=C1E1 op=F308F1 sp=F376 stack=0644/6BE4 p=00/00/01 tgt=7AB0 irq=660 active=02 first=00 player=00 runtime=01 xy=8,80
BP_A16R8_UPDATE_ALL_ENTITIES pc=6BF5 op=F53E59 sp=F37A stack=6747/663A p=06/06/01 tgt=5425 irq=660 active=02 first=00 player=00 runtime=01 xy=8,80
BP_UPDATE_ALL_ENTITIES_ENTRY pc=7759 op=3A0ADC sp=F374 stack=C1E1/0644 p=00/00/01 tgt=7759 irq=660 active=02 first=00 player=00 runtime=01 xy=8,80
BP_RESIDENT_RET_FROM_TARGET pc=C1E1 op=F308F1 sp=F376 stack=0644/6C04 p=00/00/01 tgt=7759 irq=660 active=03 first=00 player=00 runtime=01 xy=8,80
BP_A16R8_UPDATE_PLAYER pc=6BD5 op=F53EB0 sp=F37A stack=673E/663A p=06/06/01 tgt=4AA8 irq=662 active=03 first=00 player=00 runtime=01 xy=8,80
BP_UPDATE_PLAYER_ENTRY pc=7AB0 op=CDE678 sp=F374 stack=C1E1/0644 p=00/00/01 tgt=7AB0 irq=662 active=03 first=00 player=00 runtime=01 xy=8,80
BP_RESIDENT_RET_FROM_TARGET pc=C1E1 op=F308F1 sp=F376 stack=0644/6BE4 p=00/00/01 tgt=7AB0 irq=662 active=03 first=00 player=00 runtime=01 xy=8,80
BP_A16R8_UPDATE_ALL_ENTITIES pc=6BF5 op=F53E59 sp=F37A stack=6747/663A p=06/06/01 tgt=5425 irq=662 active=03 first=00 player=00 runtime=01 xy=8,80
BP_UPDATE_ALL_ENTITIES_ENTRY pc=7759 op=3A0ADC sp=F374 stack=C1E1/0644 p=00/00/01 tgt=7759 irq=662 active=03 first=00 player=00 runtime=01 xy=8,80
BP_RESIDENT_RET_FROM_TARGET pc=C1E1 op=F308F1 sp=F376 stack=0644/6C04 p=00/00/01 tgt=7759 irq=662 active=02 first=00 player=00 runtime=01 xy=8,80
BP_A16R8_UPDATE_PLAYER pc=6BD5 op=F53EB0 sp=F37A stack=673E/663A p=06/06/01 tgt=4AA8 irq=664 active=02 first=00 player=00 runtime=01 xy=8,80
BP_UPDATE_PLAYER_ENTRY pc=7AB0 op=CDE678 sp=F374 stack=C1E1/0644 p=00/00/01 tgt=7AB0 irq=664 active=02 first=00 player=00 runtime=01 xy=8,80
BP_RESIDENT_RET_FROM_TARGET pc=C1E1 op=F308F1 sp=F376 stack=0644/6BE4 p=00/00/01 tgt=7AB0 irq=664 active=02 first=00 player=00 runtime=01 xy=8,80
BP_A16R8_UPDATE_ALL_ENTITIES pc=6BF5 op=F53E59 sp=F37A stack=6747/663A p=06/06/01 tgt=5425 irq=664 active=02 first=00 player=00 runtime=01 xy=8,80
BP_UPDATE_ALL_ENTITIES_ENTRY pc=7759 op=3A0ADC sp=F374 stack=C1E1/0644 p=00/00/01 tgt=7759 irq=664 active=02 first=00 player=00 runtime=01 xy=8,80
BP_RESIDENT_RET_FROM_TARGET pc=C1E1 op=F308F1 sp=F376 stack=0644/6C04 p=00/00/01 tgt=7759 irq=664 active=02 first=00 player=00 runtime=01 xy=8,80
BP_A16R8_UPDATE_PLAYER pc=6BD5 op=F53EB0 sp=F37A stack=673E/663A p=06/06/01 tgt=4AA8 irq=665 active=02 first=00 player=00 runtime=01 xy=8,80
BP_UPDATE_PLAYER_ENTRY pc=7AB0 op=CDE678 sp=F374 stack=C1E1/0644 p=00/00/01 tgt=7AB0 irq=665 active=02 first=00 player=00 runtime=01 xy=8,80
BP_RESIDENT_RET_FROM_TARGET pc=C1E1 op=F308F1 sp=F376 stack=0644/6BE4 p=00/00/01 tgt=7AB0 irq=665 active=02 first=00 player=00 runtime=01 xy=8,80
BP_A16R8_UPDATE_ALL_ENTITIES pc=6BF5 op=F53E59 sp=F37A stack=6747/663A p=06/06/01 tgt=5425 irq=665 active=02 first=00 player=00 runtime=01 xy=8,80
BP_UPDATE_ALL_ENTITIES_ENTRY pc=7759 op=3A0ADC sp=F374 stack=C1E1/0644 p=00/00/01 tgt=7759 irq=665 active=02 first=00 player=00 runtime=01 xy=8,80
BP_RESIDENT_RET_FROM_TARGET pc=C1E1 op=F308F1 sp=F376 stack=0644/6C04 p=00/00/01 tgt=7759 irq=665 active=02 first=00 player=00 runtime=01 xy=8,80
BP_A16R8_UPDATE_PLAYER pc=6BD5 op=F53EB0 sp=F37A stack=673E/663A p=06/06/01 tgt=4AA8 irq=667 active=02 first=00 player=00 runtime=01 xy=8,80
BP_UPDATE_PLAYER_ENTRY pc=7AB0 op=CDE678 sp=F374 stack=C1E1/0644 p=00/00/01 tgt=7AB0 irq=667 active=02 first=00 player=00 runtime=01 xy=8,80
BP_RESIDENT_RET_FROM_TARGET pc=C1E1 op=F308F1 sp=F376 stack=0644/6BE4 p=00/00/01 tgt=7AB0 irq=667 active=02 first=00 player=00 runtime=01 xy=8,80
BP_A16R8_UPDATE_ALL_ENTITIES pc=6BF5 op=F53E59 sp=F37A stack=6747/663A p=06/06/01 tgt=5425 irq=667 active=02 first=00 player=00 runtime=01 xy=8,80
BP_UPDATE_ALL_ENTITIES_ENTRY pc=7759 op=3A0ADC sp=F374 stack=C1E1/0644 p=00/00/01 tgt=7759 irq=667 active=02 first=00 player=00 runtime=01 xy=8,80
BP_RESIDENT_RET_FROM_TARGET pc=C1E1 op=F308F1 sp=F376 stack=0644/6C04 p=00/00/01 tgt=7759 irq=667 active=02 first=00 player=00 runtime=01 xy=8,80
BP_A16R8_UPDATE_PLAYER pc=6BD5 op=F53EB0 sp=F37A stack=673E/663A p=06/06/01 tgt=4AA8 irq=668 active=02 first=00 player=00 runtime=01 xy=8,80
BP_UPDATE_PLAYER_ENTRY pc=7AB0 op=CDE678 sp=F374 stack=C1E1/0644 p=00/00/01 tgt=7AB0 irq=668 active=02 first=00 player=00 runtime=01 xy=8,80
BP_RESIDENT_RET_FROM_TARGET pc=C1E1 op=F308F1 sp=F376 stack=0644/6BE4 p=00/00/01 tgt=7AB0 irq=668 active=02 first=00 player=00 runtime=01 xy=8,80
BP_A16R8_UPDATE_ALL_ENTITIES pc=6BF5 op=F53E59 sp=F37A stack=6747/663A p=06/06/01 tgt=5425 irq=668 active=02 first=00 player=00 runtime=01 xy=8,80
BP_UPDATE_ALL_ENTITIES_ENTRY pc=7759 op=3A0ADC sp=F374 stack=C1E1/0644 p=00/00/01 tgt=7759 irq=668 active=02 first=00 player=00 runtime=01 xy=8,80
BP_RESIDENT_RET_FROM_TARGET pc=C1E1 op=F308F1 sp=F376 stack=0644/6C04 p=00/00/01 tgt=7759 irq=668 active=02 first=00 player=00 runtime=01 xy=8,80
BP_A16R8_UPDATE_PLAYER pc=6BD5 op=F53EB0 sp=F37A stack=673E/663A p=06/06/01 tgt=4AA8 irq=670 active=02 first=00 player=00 runtime=01 xy=8,80
BP_UPDATE_PLAYER_ENTRY pc=7AB0 op=CDE678 sp=F374 stack=C1E1/0644 p=00/00/01 tgt=7AB0 irq=670 active=02 first=00 player=00 runtime=01 xy=8,80
BP_RESIDENT_RET_FROM_TARGET pc=C1E1 op=F308F1 sp=F376 stack=0644/6BE4 p=00/00/01 tgt=7AB0 irq=670 active=02 first=00 player=00 runtime=01 xy=8,80
BP_A16R8_UPDATE_ALL_ENTITIES pc=6BF5 op=F53E59 sp=F37A stack=6747/663A p=06/06/01 tgt=5425 irq=670 active=02 first=00 player=00 runtime=01 xy=8,80
BP_UPDATE_ALL_ENTITIES_ENTRY pc=7759 op=3A0ADC sp=F374 stack=C1E1/0644 p=00/00/01 tgt=7759 irq=670 active=02 first=00 player=00 runtime=01 xy=8,80
BP_RESIDENT_RET_FROM_TARGET pc=C1E1 op=F308F1 sp=F376 stack=0644/6C04 p=00/00/01 tgt=7759 irq=670 active=02 first=00 player=00 runtime=01 xy=8,80
BP_A16R8_UPDATE_PLAYER pc=6BD5 op=F53EB0 sp=F37A stack=673E/663A p=06/06/01 tgt=4AA8 irq=671 active=02 first=00 player=00 runtime=01 xy=8,80
BP_UPDATE_PLAYER_ENTRY pc=7AB0 op=CDE678 sp=F374 stack=C1E1/0644 p=00/00/01 tgt=7AB0 irq=671 active=02 first=00 player=00 runtime=01 xy=8,80
BP_RESIDENT_RET_FROM_TARGET pc=C1E1 op=F308F1 sp=F376 stack=0644/6BE4 p=00/00/01 tgt=7AB0 irq=671 active=02 first=00 player=00 runtime=01 xy=8,80
BP_A16R8_UPDATE_ALL_ENTITIES pc=6BF5 op=F53E59 sp=F37A stack=6747/663A p=06/06/01 tgt=5425 irq=671 active=02 first=00 player=00 runtime=01 xy=8,80
BP_UPDATE_ALL_ENTITIES_ENTRY pc=7759 op=3A0ADC sp=F374 stack=C1E1/0644 p=00/00/01 tgt=7759 irq=671 active=02 first=00 player=00 runtime=01 xy=8,80
BP_RESIDENT_RET_FROM_TARGET pc=C1E1 op=F308F1 sp=F376 stack=0644/6C04 p=00/00/01 tgt=7759 irq=671 active=02 first=00 player=00 runtime=01 xy=8,80
BP_A16R8_UPDATE_PLAYER pc=6BD5 op=F53EB0 sp=F37A stack=673E/663A p=06/06/01 tgt=4AA8 irq=672 active=02 first=00 player=00 runtime=01 xy=8,80
BP_UPDATE_PLAYER_ENTRY pc=7AB0 op=CDE678 sp=F374 stack=C1E1/0644 p=00/00/01 tgt=7AB0 irq=672 active=02 first=00 player=00 runtime=01 xy=8,80
BP_RESIDENT_RET_FROM_TARGET pc=C1E1 op=F308F1 sp=F376 stack=0644/6BE4 p=00/00/01 tgt=7AB0 irq=672 active=02 first=00 player=00 runtime=01 xy=8,80
BP_A16R8_UPDATE_ALL_ENTITIES pc=6BF5 op=F53E59 sp=F37A stack=6747/663A p=06/06/01 tgt=5425 irq=672 active=02 first=00 player=00 runtime=01 xy=8,80
BP_UPDATE_ALL_ENTITIES_ENTRY pc=7759 op=3A0ADC sp=F374 stack=C1E1/0644 p=00/00/01 tgt=7759 irq=672 active=02 first=00 player=00 runtime=01 xy=8,80
BP_RESIDENT_RET_FROM_TARGET pc=C1E1 op=F308F1 sp=F376 stack=0644/6C04 p=00/00/01 tgt=7759 irq=672 active=03 first=00 player=00 runtime=01 xy=8,80
BP_A16R8_UPDATE_PLAYER pc=6BD5 op=F53EB0 sp=F37A stack=673E/663A p=06/06/01 tgt=4AA8 irq=674 active=03 first=00 player=00 runtime=01 xy=8,80
BP_UPDATE_PLAYER_ENTRY pc=7AB0 op=CDE678 sp=F374 stack=C1E1/0644 p=00/00/01 tgt=7AB0 irq=674 active=03 first=00 player=00 runtime=01 xy=8,80
BP_RESIDENT_RET_FROM_TARGET pc=C1E1 op=F308F1 sp=F376 stack=0644/6BE4 p=00/00/01 tgt=7AB0 irq=674 active=03 first=00 player=00 runtime=01 xy=8,80
BP_A16R8_UPDATE_ALL_ENTITIES pc=6BF5 op=F53E59 sp=F37A stack=6747/663A p=06/06/01 tgt=5425 irq=674 active=03 first=00 player=00 runtime=01 xy=8,80
BP_UPDATE_ALL_ENTITIES_ENTRY pc=7759 op=3A0ADC sp=F374 stack=C1E1/0644 p=00/00/01 tgt=7759 irq=674 active=03 first=00 player=00 runtime=01 xy=8,80
BP_RESIDENT_RET_FROM_TARGET pc=C1E1 op=F308F1 sp=F376 stack=0644/6C04 p=00/00/01 tgt=7759 irq=674 active=02 first=00 player=00 runtime=01 xy=8,80
BP_A16R8_UPDATE_PLAYER pc=6BD5 op=F53EB0 sp=F37A stack=673E/663A p=06/06/01 tgt=4AA8 irq=676 active=02 first=00 player=00 runtime=01 xy=8,80
BP_UPDATE_PLAYER_ENTRY pc=7AB0 op=CDE678 sp=F374 stack=C1E1/0644 p=00/00/01 tgt=7AB0 irq=676 active=02 first=00 player=00 runtime=01 xy=8,80
BP_RESIDENT_RET_FROM_TARGET pc=C1E1 op=F308F1 sp=F376 stack=0644/6BE4 p=00/00/01 tgt=7AB0 irq=676 active=02 first=00 player=00 runtime=01 xy=8,80
BP_A16R8_UPDATE_ALL_ENTITIES pc=6BF5 op=F53E59 sp=F37A stack=6747/663A p=06/06/01 tgt=5425 irq=676 active=02 first=00 player=00 runtime=01 xy=8,80
BP_UPDATE_ALL_ENTITIES_ENTRY pc=7759 op=3A0ADC sp=F374 stack=C1E1/0644 p=00/00/01 tgt=7759 irq=676 active=02 first=00 player=00 runtime=01 xy=8,80
BP_RESIDENT_RET_FROM_TARGET pc=C1E1 op=F308F1 sp=F376 stack=0644/6C04 p=00/00/01 tgt=7759 irq=676 active=02 first=00 player=00 runtime=01 xy=8,80
BP_A16R8_UPDATE_PLAYER pc=6BD5 op=F53EB0 sp=F37A stack=673E/663A p=06/06/01 tgt=4AA8 irq=678 active=02 first=00 player=00 runtime=01 xy=8,80
BP_UPDATE_PLAYER_ENTRY pc=7AB0 op=CDE678 sp=F374 stack=C1E1/0644 p=00/00/01 tgt=7AB0 irq=678 active=02 first=00 player=00 runtime=01 xy=8,80
BP_RESIDENT_RET_FROM_TARGET pc=C1E1 op=F308F1 sp=F376 stack=0644/6BE4 p=00/00/01 tgt=7AB0 irq=678 active=02 first=00 player=00 runtime=01 xy=8,80
BP_A16R8_UPDATE_ALL_ENTITIES pc=6BF5 op=F53E59 sp=F37A stack=6747/663A p=06/06/01 tgt=5425 irq=678 active=02 first=00 player=00 runtime=01 xy=8,80
BP_UPDATE_ALL_ENTITIES_ENTRY pc=7759 op=3A0ADC sp=F374 stack=C1E1/0644 p=00/00/01 tgt=7759 irq=678 active=02 first=00 player=00 runtime=01 xy=8,80
BP_RESIDENT_RET_FROM_TARGET pc=C1E1 op=F308F1 sp=F376 stack=0644/6C04 p=00/00/01 tgt=7759 irq=678 active=03 first=00 player=00 runtime=01 xy=8,80
BP_A16R8_UPDATE_PLAYER pc=6BD5 op=F53EB0 sp=F37A stack=673E/663A p=06/06/01 tgt=4AA8 irq=680 active=03 first=00 player=00 runtime=01 xy=8,80
BP_UPDATE_PLAYER_ENTRY pc=7AB0 op=CDE678 sp=F374 stack=C1E1/0644 p=00/00/01 tgt=7AB0 irq=680 active=03 first=00 player=00 runtime=01 xy=8,80
BP_RESIDENT_RET_FROM_TARGET pc=C1E1 op=F308F1 sp=F376 stack=0644/6BE4 p=00/00/01 tgt=7AB0 irq=680 active=03 first=00 player=00 runtime=01 xy=8,80
BP_A16R8_UPDATE_ALL_ENTITIES pc=6BF5 op=F53E59 sp=F37A stack=6747/663A p=06/06/01 tgt=5425 irq=680 active=03 first=00 player=00 runtime=01 xy=8,80
BP_UPDATE_ALL_ENTITIES_ENTRY pc=7759 op=3A0ADC sp=F374 stack=C1E1/0644 p=00/00/01 tgt=7759 irq=680 active=03 first=00 player=00 runtime=01 xy=8,80
BP_RESIDENT_RET_FROM_TARGET pc=C1E1 op=F308F1 sp=F376 stack=0644/6C04 p=00/00/01 tgt=7759 irq=680 active=02 first=00 player=00 runtime=01 xy=8,80
BP_A16R8_UPDATE_PLAYER pc=6BD5 op=F53EB0 sp=F37A stack=673E/663A p=06/06/01 tgt=4AA8 irq=682 active=02 first=00 player=00 runtime=01 xy=8,80
BP_UPDATE_PLAYER_ENTRY pc=7AB0 op=CDE678 sp=F374 stack=C1E1/0644 p=00/00/01 tgt=7AB0 irq=682 active=02 first=00 player=00 runtime=01 xy=8,80
BP_RESIDENT_RET_FROM_TARGET pc=C1E1 op=F308F1 sp=F376 stack=0644/6BE4 p=00/00/01 tgt=7AB0 irq=682 active=02 first=00 player=00 runtime=01 xy=8,80
BP_A16R8_UPDATE_ALL_ENTITIES pc=6BF5 op=F53E59 sp=F37A stack=6747/663A p=06/06/01 tgt=5425 irq=682 active=02 first=00 player=00 runtime=01 xy=8,80
BP_UPDATE_ALL_ENTITIES_ENTRY pc=7759 op=3A0ADC sp=F374 stack=C1E1/0644 p=00/00/01 tgt=7759 irq=682 active=02 first=00 player=00 runtime=01 xy=8,80
BP_RESIDENT_RET_FROM_TARGET pc=C1E1 op=F308F1 sp=F376 stack=0644/6C04 p=00/00/01 tgt=7759 irq=682 active=02 first=00 player=00 runtime=01 xy=8,80
BP_A16R8_UPDATE_PLAYER pc=6BD5 op=F53EB0 sp=F37A stack=673E/663A p=06/06/01 tgt=4AA8 irq=683 active=02 first=00 player=00 runtime=01 xy=8,80
BP_UPDATE_PLAYER_ENTRY pc=7AB0 op=CDE678 sp=F374 stack=C1E1/0644 p=00/00/01 tgt=7AB0 irq=683 active=02 first=00 player=00 runtime=01 xy=8,80
BP_RESIDENT_RET_FROM_TARGET pc=C1E1 op=F308F1 sp=F376 stack=0644/6BE4 p=00/00/01 tgt=7AB0 irq=683 active=02 first=00 player=00 runtime=01 xy=8,80
BP_A16R8_UPDATE_ALL_ENTITIES pc=6BF5 op=F53E59 sp=F37A stack=6747/663A p=06/06/01 tgt=5425 irq=683 active=02 first=00 player=00 runtime=01 xy=8,80
BP_UPDATE_ALL_ENTITIES_ENTRY pc=7759 op=3A0ADC sp=F374 stack=C1E1/0644 p=00/00/01 tgt=7759 irq=683 active=02 first=00 player=00 runtime=01 xy=8,80
BP_RESIDENT_RET_FROM_TARGET pc=C1E1 op=F308F1 sp=F376 stack=0644/6C04 p=00/00/01 tgt=7759 irq=683 active=02 first=00 player=00 runtime=01 xy=8,80
BP_A16R8_UPDATE_PLAYER pc=6BD5 op=F53EB0 sp=F37A stack=673E/663A p=06/06/01 tgt=4AA8 irq=684 active=02 first=00 player=00 runtime=01 xy=8,80
BP_UPDATE_PLAYER_ENTRY pc=7AB0 op=CDE678 sp=F374 stack=C1E1/0644 p=00/00/01 tgt=7AB0 irq=684 active=02 first=00 player=00 runtime=01 xy=8,80
BP_RESIDENT_RET_FROM_TARGET pc=C1E1 op=F308F1 sp=F376 stack=0644/6BE4 p=00/00/01 tgt=7AB0 irq=684 active=02 first=00 player=00 runtime=01 xy=8,80
BP_A16R8_UPDATE_ALL_ENTITIES pc=6BF5 op=F53E59 sp=F37A stack=6747/663A p=06/06/01 tgt=5425 irq=684 active=02 first=00 player=00 runtime=01 xy=8,80
BP_UPDATE_ALL_ENTITIES_ENTRY pc=7759 op=3A0ADC sp=F374 stack=C1E1/0644 p=00/00/01 tgt=7759 irq=684 active=02 first=00 player=00 runtime=01 xy=8,80
BP_RESIDENT_RET_FROM_TARGET pc=C1E1 op=F308F1 sp=F376 stack=0644/6C04 p=00/00/01 tgt=7759 irq=684 active=03 first=00 player=00 runtime=01 xy=8,80
BP_A16R8_UPDATE_PLAYER pc=6BD5 op=F53EB0 sp=F37A stack=673E/663A p=06/06/01 tgt=4AA8 irq=686 active=03 first=00 player=00 runtime=01 xy=8,80
BP_UPDATE_PLAYER_ENTRY pc=7AB0 op=CDE678 sp=F374 stack=C1E1/0644 p=00/00/01 tgt=7AB0 irq=686 active=03 first=00 player=00 runtime=01 xy=8,80
BP_RESIDENT_RET_FROM_TARGET pc=C1E1 op=F308F1 sp=F376 stack=0644/6BE4 p=00/00/01 tgt=7AB0 irq=686 active=03 first=00 player=00 runtime=01 xy=8,80
BP_A16R8_UPDATE_ALL_ENTITIES pc=6BF5 op=F53E59 sp=F37A stack=6747/663A p=06/06/01 tgt=5425 irq=686 active=03 first=00 player=00 runtime=01 xy=8,80
BP_UPDATE_ALL_ENTITIES_ENTRY pc=7759 op=3A0ADC sp=F374 stack=C1E1/0644 p=00/00/01 tgt=7759 irq=686 active=03 first=00 player=00 runtime=01 xy=8,80
BP_RESIDENT_RET_FROM_TARGET pc=C1E1 op=F308F1 sp=F376 stack=0644/6C04 p=00/00/01 tgt=7759 irq=686 active=02 first=00 player=00 runtime=01 xy=8,80
BP_A16R8_UPDATE_PLAYER pc=6BD5 op=F53EB0 sp=F37A stack=673E/663A p=06/06/01 tgt=4AA8 irq=688 active=02 first=00 player=00 runtime=01 xy=8,80
BP_UPDATE_PLAYER_ENTRY pc=7AB0 op=CDE678 sp=F374 stack=C1E1/0644 p=00/00/01 tgt=7AB0 irq=688 active=02 first=00 player=00 runtime=01 xy=8,80
BP_RESIDENT_RET_FROM_TARGET pc=C1E1 op=F308F1 sp=F376 stack=0644/6BE4 p=00/00/01 tgt=7AB0 irq=688 active=02 first=00 player=00 runtime=01 xy=8,80
BP_A16R8_UPDATE_ALL_ENTITIES pc=6BF5 op=F53E59 sp=F37A stack=6747/663A p=06/06/01 tgt=5425 irq=688 active=02 first=00 player=00 runtime=01 xy=8,80
BP_UPDATE_ALL_ENTITIES_ENTRY pc=7759 op=3A0ADC sp=F374 stack=C1E1/0644 p=00/00/01 tgt=7759 irq=688 active=02 first=00 player=00 runtime=01 xy=8,80
BP_RESIDENT_RET_FROM_TARGET pc=C1E1 op=F308F1 sp=F376 stack=0644/6C04 p=00/00/01 tgt=7759 irq=688 active=02 first=00 player=00 runtime=01 xy=8,80
BP_A16R8_UPDATE_PLAYER pc=6BD5 op=F53EB0 sp=F37A stack=673E/663A p=06/06/01 tgt=4AA8 irq=689 active=02 first=00 player=00 runtime=01 xy=8,80
BP_UPDATE_PLAYER_ENTRY pc=7AB0 op=CDE678 sp=F374 stack=C1E1/0644 p=00/00/01 tgt=7AB0 irq=689 active=02 first=00 player=00 runtime=01 xy=8,80
BP_RESIDENT_RET_FROM_TARGET pc=C1E1 op=F308F1 sp=F376 stack=0644/6BE4 p=00/00/01 tgt=7AB0 irq=689 active=02 first=00 player=00 runtime=01 xy=8,80
BP_A16R8_UPDATE_ALL_ENTITIES pc=6BF5 op=F53E59 sp=F37A stack=6747/663A p=06/06/01 tgt=5425 irq=689 active=02 first=00 player=00 runtime=01 xy=8,80
BP_UPDATE_ALL_ENTITIES_ENTRY pc=7759 op=3A0ADC sp=F374 stack=C1E1/0644 p=00/00/01 tgt=7759 irq=689 active=02 first=00 player=00 runtime=01 xy=8,80
BP_RESIDENT_RET_FROM_TARGET pc=C1E1 op=F308F1 sp=F376 stack=0644/6C04 p=00/00/01 tgt=7759 irq=689 active=02 first=00 player=00 runtime=01 xy=8,80
BP_A16R8_UPDATE_PLAYER pc=6BD5 op=F53EB0 sp=F37A stack=673E/663A p=06/06/01 tgt=4AA8 irq=691 active=02 first=00 player=00 runtime=01 xy=8,80
BP_UPDATE_PLAYER_ENTRY pc=7AB0 op=CDE678 sp=F374 stack=C1E1/0644 p=00/00/01 tgt=7AB0 irq=691 active=02 first=00 player=00 runtime=01 xy=8,80
BP_RESIDENT_RET_FROM_TARGET pc=C1E1 op=F308F1 sp=F376 stack=0644/6BE4 p=00/00/01 tgt=7AB0 irq=691 active=02 first=00 player=00 runtime=01 xy=8,80
BP_A16R8_UPDATE_ALL_ENTITIES pc=6BF5 op=F53E59 sp=F37A stack=6747/663A p=06/06/01 tgt=5425 irq=691 active=02 first=00 player=00 runtime=01 xy=8,80
BP_UPDATE_ALL_ENTITIES_ENTRY pc=7759 op=3A0ADC sp=F374 stack=C1E1/0644 p=00/00/01 tgt=7759 irq=691 active=02 first=00 player=00 runtime=01 xy=8,80
BP_RESIDENT_RET_FROM_TARGET pc=C1E1 op=F308F1 sp=F376 stack=0644/6C04 p=00/00/01 tgt=7759 irq=691 active=02 first=00 player=00 runtime=01 xy=8,80
BP_A16R8_UPDATE_PLAYER pc=6BD5 op=F53EB0 sp=F37A stack=673E/663A p=06/06/01 tgt=4AA8 irq=693 active=02 first=00 player=00 runtime=01 xy=8,80
BP_UPDATE_PLAYER_ENTRY pc=7AB0 op=CDE678 sp=F374 stack=C1E1/0644 p=00/00/01 tgt=7AB0 irq=693 active=02 first=00 player=00 runtime=01 xy=8,80
BP_RESIDENT_RET_FROM_TARGET pc=C1E1 op=F308F1 sp=F376 stack=0644/6BE4 p=00/00/01 tgt=7AB0 irq=693 active=02 first=00 player=00 runtime=01 xy=8,80
BP_A16R8_UPDATE_ALL_ENTITIES pc=6BF5 op=F53E59 sp=F37A stack=6747/663A p=06/06/01 tgt=5425 irq=693 active=02 first=00 player=00 runtime=01 xy=8,80
BP_UPDATE_ALL_ENTITIES_ENTRY pc=7759 op=3A0ADC sp=F374 stack=C1E1/0644 p=00/00/01 tgt=7759 irq=693 active=02 first=00 player=00 runtime=01 xy=8,80
BP_RESIDENT_RET_FROM_TARGET pc=C1E1 op=F308F1 sp=F376 stack=0644/6C04 p=00/00/01 tgt=7759 irq=693 active=03 first=00 player=00 runtime=01 xy=8,80
BP_A16R8_UPDATE_PLAYER pc=6BD5 op=F53EB0 sp=F37A stack=673E/663A p=06/06/01 tgt=4AA8 irq=694 active=03 first=00 player=00 runtime=01 xy=8,80
BP_UPDATE_PLAYER_ENTRY pc=7AB0 op=CDE678 sp=F374 stack=C1E1/0644 p=00/00/01 tgt=7AB0 irq=694 active=03 first=00 player=00 runtime=01 xy=8,80
BP_RESIDENT_RET_FROM_TARGET pc=C1E1 op=F308F1 sp=F376 stack=0644/6BE4 p=00/00/01 tgt=7AB0 irq=694 active=03 first=00 player=00 runtime=01 xy=8,80
BP_A16R8_UPDATE_ALL_ENTITIES pc=6BF5 op=F53E59 sp=F37A stack=6747/663A p=06/06/01 tgt=5425 irq=694 active=03 first=00 player=00 runtime=01 xy=8,80
BP_UPDATE_ALL_ENTITIES_ENTRY pc=7759 op=3A0ADC sp=F374 stack=C1E1/0644 p=00/00/01 tgt=7759 irq=694 active=03 first=00 player=00 runtime=01 xy=8,80
BP_RESIDENT_RET_FROM_TARGET pc=C1E1 op=F308F1 sp=F376 stack=0644/6C04 p=00/00/01 tgt=7759 irq=694 active=02 first=00 player=00 runtime=01 xy=8,80
BP_A16R8_UPDATE_PLAYER pc=6BD5 op=F53EB0 sp=F37A stack=673E/663A p=06/06/01 tgt=4AA8 irq=695 active=02 first=00 player=00 runtime=01 xy=8,80
BP_UPDATE_PLAYER_ENTRY pc=7AB0 op=CDE678 sp=F374 stack=C1E1/0644 p=00/00/01 tgt=7AB0 irq=695 active=02 first=00 player=00 runtime=01 xy=8,80
BP_RESIDENT_RET_FROM_TARGET pc=C1E1 op=F308F1 sp=F376 stack=0644/6BE4 p=00/00/01 tgt=7AB0 irq=695 active=02 first=00 player=00 runtime=01 xy=8,80
BP_A16R8_UPDATE_ALL_ENTITIES pc=6BF5 op=F53E59 sp=F37A stack=6747/663A p=06/06/01 tgt=5425 irq=695 active=02 first=00 player=00 runtime=01 xy=8,80
BP_UPDATE_ALL_ENTITIES_ENTRY pc=7759 op=3A0ADC sp=F374 stack=C1E1/0644 p=00/00/01 tgt=7759 irq=695 active=02 first=00 player=00 runtime=01 xy=8,80
BP_RESIDENT_RET_FROM_TARGET pc=C1E1 op=F308F1 sp=F376 stack=0644/6C04 p=00/00/01 tgt=7759 irq=695 active=02 first=00 player=00 runtime=01 xy=8,80
BP_A16R8_UPDATE_PLAYER pc=6BD5 op=F53EB0 sp=F37A stack=673E/663A p=06/06/01 tgt=4AA8 irq=696 active=02 first=00 player=00 runtime=01 xy=8,80
BP_UPDATE_PLAYER_ENTRY pc=7AB0 op=CDE678 sp=F374 stack=C1E1/0644 p=00/00/01 tgt=7AB0 irq=696 active=02 first=00 player=00 runtime=01 xy=8,80
BP_RESIDENT_RET_FROM_TARGET pc=C1E1 op=F308F1 sp=F376 stack=0644/6BE4 p=00/00/01 tgt=7AB0 irq=696 active=02 first=00 player=00 runtime=01 xy=8,80
BP_A16R8_UPDATE_ALL_ENTITIES pc=6BF5 op=F53E59 sp=F37A stack=6747/663A p=06/06/01 tgt=5425 irq=696 active=02 first=00 player=00 runtime=01 xy=8,80
BP_UPDATE_ALL_ENTITIES_ENTRY pc=7759 op=3A0ADC sp=F374 stack=C1E1/0644 p=00/00/01 tgt=7759 irq=696 active=02 first=00 player=00 runtime=01 xy=8,80
BP_RESIDENT_RET_FROM_TARGET pc=C1E1 op=F308F1 sp=F376 stack=0644/6C04 p=00/00/01 tgt=7759 irq=696 active=03 first=00 player=00 runtime=01 xy=8,80
BP_A16R8_UPDATE_PLAYER pc=6BD5 op=F53EB0 sp=F37A stack=673E/663A p=06/06/01 tgt=4AA8 irq=698 active=03 first=00 player=00 runtime=01 xy=8,80
BP_UPDATE_PLAYER_ENTRY pc=7AB0 op=CDE678 sp=F374 stack=C1E1/0644 p=00/00/01 tgt=7AB0 irq=698 active=03 first=00 player=00 runtime=01 xy=8,80
BP_RESIDENT_RET_FROM_TARGET pc=C1E1 op=F308F1 sp=F376 stack=0644/6BE4 p=00/00/01 tgt=7AB0 irq=698 active=03 first=00 player=00 runtime=01 xy=8,80
BP_A16R8_UPDATE_ALL_ENTITIES pc=6BF5 op=F53E59 sp=F37A stack=6747/663A p=06/06/01 tgt=5425 irq=698 active=03 first=00 player=00 runtime=01 xy=8,80
BP_UPDATE_ALL_ENTITIES_ENTRY pc=7759 op=3A0ADC sp=F374 stack=C1E1/0644 p=00/00/01 tgt=7759 irq=698 active=03 first=00 player=00 runtime=01 xy=8,80
BP_RESIDENT_RET_FROM_TARGET pc=C1E1 op=F308F1 sp=F376 stack=0644/6C04 p=00/00/01 tgt=7759 irq=698 active=02 first=00 player=00 runtime=01 xy=8,80
BP_A16R8_UPDATE_PLAYER pc=6BD5 op=F53EB0 sp=F37A stack=673E/663A p=06/06/01 tgt=4AA8 irq=700 active=02 first=00 player=00 runtime=01 xy=8,80
BP_UPDATE_PLAYER_ENTRY pc=7AB0 op=CDE678 sp=F374 stack=C1E1/0644 p=00/00/01 tgt=7AB0 irq=700 active=02 first=00 player=00 runtime=01 xy=8,80
BP_RESIDENT_RET_FROM_TARGET pc=C1E1 op=F308F1 sp=F376 stack=0644/6BE4 p=00/00/01 tgt=7AB0 irq=700 active=02 first=00 player=00 runtime=01 xy=8,80
BP_A16R8_UPDATE_ALL_ENTITIES pc=6BF5 op=F53E59 sp=F37A stack=6747/663A p=06/06/01 tgt=5425 irq=700 active=02 first=00 player=00 runtime=01 xy=8,80
BP_UPDATE_ALL_ENTITIES_ENTRY pc=7759 op=3A0ADC sp=F374 stack=C1E1/0644 p=00/00/01 tgt=7759 irq=700 active=02 first=00 player=00 runtime=01 xy=8,80
BP_RESIDENT_RET_FROM_TARGET pc=C1E1 op=F308F1 sp=F376 stack=0644/6C04 p=00/00/01 tgt=7759 irq=700 active=02 first=00 player=00 runtime=01 xy=8,80
BP_A16R8_UPDATE_PLAYER pc=6BD5 op=F53EB0 sp=F37A stack=673E/663A p=06/06/01 tgt=4AA8 irq=701 active=02 first=00 player=00 runtime=01 xy=8,80
BP_UPDATE_PLAYER_ENTRY pc=7AB0 op=CDE678 sp=F374 stack=C1E1/0644 p=00/00/01 tgt=7AB0 irq=701 active=02 first=00 player=00 runtime=01 xy=8,80
BP_RESIDENT_RET_FROM_TARGET pc=C1E1 op=F308F1 sp=F376 stack=0644/6BE4 p=00/00/01 tgt=7AB0 irq=701 active=02 first=00 player=00 runtime=01 xy=8,80
BP_A16R8_UPDATE_ALL_ENTITIES pc=6BF5 op=F53E59 sp=F37A stack=6747/663A p=06/06/01 tgt=5425 irq=701 active=02 first=00 player=00 runtime=01 xy=8,80
BP_UPDATE_ALL_ENTITIES_ENTRY pc=7759 op=3A0ADC sp=F374 stack=C1E1/0644 p=00/00/01 tgt=7759 irq=701 active=02 first=00 player=00 runtime=01 xy=8,80
BP_RESIDENT_RET_FROM_TARGET pc=C1E1 op=F308F1 sp=F376 stack=0644/6C04 p=00/00/01 tgt=7759 irq=701 active=02 first=00 player=00 runtime=01 xy=8,80
BP_A16R8_UPDATE_PLAYER pc=6BD5 op=F53EB0 sp=F37A stack=673E/663A p=06/06/01 tgt=4AA8 irq=703 active=02 first=00 player=00 runtime=01 xy=8,80
BP_UPDATE_PLAYER_ENTRY pc=7AB0 op=CDE678 sp=F374 stack=C1E1/0644 p=00/00/01 tgt=7AB0 irq=703 active=02 first=00 player=00 runtime=01 xy=8,80
BP_RESIDENT_RET_FROM_TARGET pc=C1E1 op=F308F1 sp=F376 stack=0644/6BE4 p=00/00/01 tgt=7AB0 irq=703 active=02 first=00 player=00 runtime=01 xy=8,80
BP_A16R8_UPDATE_ALL_ENTITIES pc=6BF5 op=F53E59 sp=F37A stack=6747/663A p=06/06/01 tgt=5425 irq=703 active=02 first=00 player=00 runtime=01 xy=8,80
BP_UPDATE_ALL_ENTITIES_ENTRY pc=7759 op=3A0ADC sp=F374 stack=C1E1/0644 p=00/00/01 tgt=7759 irq=703 active=02 first=00 player=00 runtime=01 xy=8,80
BP_RESIDENT_RET_FROM_TARGET pc=C1E1 op=F308F1 sp=F376 stack=0644/6C04 p=00/00/01 tgt=7759 irq=703 active=02 first=00 player=00 runtime=01 xy=8,80
BP_A16R8_UPDATE_PLAYER pc=6BD5 op=F53EB0 sp=F37A stack=673E/663A p=06/06/01 tgt=4AA8 irq=705 active=02 first=00 player=00 runtime=01 xy=8,80
BP_UPDATE_PLAYER_ENTRY pc=7AB0 op=CDE678 sp=F374 stack=C1E1/0644 p=00/00/01 tgt=7AB0 irq=705 active=02 first=00 player=00 runtime=01 xy=8,80
BP_RESIDENT_RET_FROM_TARGET pc=C1E1 op=F308F1 sp=F376 stack=0644/6BE4 p=00/00/01 tgt=7AB0 irq=705 active=02 first=00 player=00 runtime=01 xy=8,80
BP_A16R8_UPDATE_ALL_ENTITIES pc=6BF5 op=F53E59 sp=F37A stack=6747/663A p=06/06/01 tgt=5425 irq=705 active=02 first=00 player=00 runtime=01 xy=8,80
BP_UPDATE_ALL_ENTITIES_ENTRY pc=7759 op=3A0ADC sp=F374 stack=C1E1/0644 p=00/00/01 tgt=7759 irq=705 active=02 first=00 player=00 runtime=01 xy=8,80
BP_RESIDENT_RET_FROM_TARGET pc=C1E1 op=F308F1 sp=F376 stack=0644/6C04 p=00/00/01 tgt=7759 irq=705 active=03 first=00 player=00 runtime=01 xy=8,80
BP_A16R8_UPDATE_PLAYER pc=6BD5 op=F53EB0 sp=F37A stack=673E/663A p=06/06/01 tgt=4AA8 irq=707 active=03 first=00 player=00 runtime=01 xy=8,80
BP_UPDATE_PLAYER_ENTRY pc=7AB0 op=CDE678 sp=F374 stack=C1E1/0644 p=00/00/01 tgt=7AB0 irq=707 active=03 first=00 player=00 runtime=01 xy=8,80
BP_RESIDENT_RET_FROM_TARGET pc=C1E1 op=F308F1 sp=F376 stack=0644/6BE4 p=00/00/01 tgt=7AB0 irq=707 active=03 first=00 player=00 runtime=01 xy=8,80
BP_A16R8_UPDATE_ALL_ENTITIES pc=6BF5 op=F53E59 sp=F37A stack=6747/663A p=06/06/01 tgt=5425 irq=707 active=03 first=00 player=00 runtime=01 xy=8,80
BP_UPDATE_ALL_ENTITIES_ENTRY pc=7759 op=3A0ADC sp=F374 stack=C1E1/0644 p=00/00/01 tgt=7759 irq=707 active=03 first=00 player=00 runtime=01 xy=8,80
BP_RESIDENT_RET_FROM_TARGET pc=C1E1 op=F308F1 sp=F376 stack=0644/6C04 p=00/00/01 tgt=7759 irq=707 active=02 first=00 player=00 runtime=01 xy=8,80
BP_A16R8_UPDATE_PLAYER pc=6BD5 op=F53EB0 sp=F37A stack=673E/663A p=06/06/01 tgt=4AA8 irq=708 active=02 first=00 player=00 runtime=01 xy=8,80
BP_UPDATE_PLAYER_ENTRY pc=7AB0 op=CDE678 sp=F374 stack=C1E1/0644 p=00/00/01 tgt=7AB0 irq=708 active=02 first=00 player=00 runtime=01 xy=8,80
BP_RESIDENT_RET_FROM_TARGET pc=C1E1 op=F308F1 sp=F376 stack=0644/6BE4 p=00/00/01 tgt=7AB0 irq=708 active=02 first=00 player=00 runtime=01 xy=8,80
BP_A16R8_UPDATE_ALL_ENTITIES pc=6BF5 op=F53E59 sp=F37A stack=6747/663A p=06/06/01 tgt=5425 irq=708 active=02 first=00 player=00 runtime=01 xy=8,80
BP_UPDATE_ALL_ENTITIES_ENTRY pc=7759 op=3A0ADC sp=F374 stack=C1E1/0644 p=00/00/01 tgt=7759 irq=708 active=02 first=00 player=00 runtime=01 xy=8,80
BP_RESIDENT_RET_FROM_TARGET pc=C1E1 op=F308F1 sp=F376 stack=0644/6C04 p=00/00/01 tgt=7759 irq=708 active=03 first=00 player=00 runtime=01 xy=8,80
BP_A16R8_UPDATE_PLAYER pc=6BD5 op=F53EB0 sp=F37A stack=673E/663A p=06/06/01 tgt=4AA8 irq=710 active=03 first=00 player=00 runtime=01 xy=8,80
BP_UPDATE_PLAYER_ENTRY pc=7AB0 op=CDE678 sp=F374 stack=C1E1/0644 p=00/00/01 tgt=7AB0 irq=710 active=03 first=00 player=00 runtime=01 xy=8,80
BP_RESIDENT_RET_FROM_TARGET pc=C1E1 op=F308F1 sp=F376 stack=0644/6BE4 p=00/00/01 tgt=7AB0 irq=710 active=03 first=00 player=00 runtime=01 xy=8,80
BP_A16R8_UPDATE_ALL_ENTITIES pc=6BF5 op=F53E59 sp=F37A stack=6747/663A p=06/06/01 tgt=5425 irq=710 active=03 first=00 player=00 runtime=01 xy=8,80
BP_UPDATE_ALL_ENTITIES_ENTRY pc=7759 op=3A0ADC sp=F374 stack=C1E1/0644 p=00/00/01 tgt=7759 irq=710 active=03 first=00 player=00 runtime=01 xy=8,80
BP_RESIDENT_RET_FROM_TARGET pc=C1E1 op=F308F1 sp=F376 stack=0644/6C04 p=00/00/01 tgt=7759 irq=710 active=02 first=00 player=00 runtime=01 xy=8,80
BP_A16R8_UPDATE_PLAYER pc=6BD5 op=F53EB0 sp=F37A stack=673E/663A p=06/06/01 tgt=4AA8 irq=712 active=02 first=00 player=00 runtime=01 xy=8,80
BP_UPDATE_PLAYER_ENTRY pc=7AB0 op=CDE678 sp=F374 stack=C1E1/0644 p=00/00/01 tgt=7AB0 irq=712 active=02 first=00 player=00 runtime=01 xy=8,80
BP_RESIDENT_RET_FROM_TARGET pc=C1E1 op=F308F1 sp=F376 stack=0644/6BE4 p=00/00/01 tgt=7AB0 irq=712 active=02 first=00 player=00 runtime=01 xy=8,80
BP_A16R8_UPDATE_ALL_ENTITIES pc=6BF5 op=F53E59 sp=F37A stack=6747/663A p=06/06/01 tgt=5425 irq=712 active=02 first=00 player=00 runtime=01 xy=8,80
BP_UPDATE_ALL_ENTITIES_ENTRY pc=7759 op=3A0ADC sp=F374 stack=C1E1/0644 p=00/00/01 tgt=7759 irq=712 active=02 first=00 player=00 runtime=01 xy=8,80
BP_RESIDENT_RET_FROM_TARGET pc=C1E1 op=F308F1 sp=F376 stack=0644/6C04 p=00/00/01 tgt=7759 irq=712 active=02 first=00 player=00 runtime=01 xy=8,80
BP_A16R8_UPDATE_PLAYER pc=6BD5 op=F53EB0 sp=F37A stack=673E/663A p=06/06/01 tgt=4AA8 irq=713 active=02 first=00 player=00 runtime=01 xy=8,80
BP_UPDATE_PLAYER_ENTRY pc=7AB0 op=CDE678 sp=F374 stack=C1E1/0644 p=00/00/01 tgt=7AB0 irq=713 active=02 first=00 player=00 runtime=01 xy=8,80
BP_RESIDENT_RET_FROM_TARGET pc=C1E1 op=F308F1 sp=F376 stack=0644/6BE4 p=00/00/01 tgt=7AB0 irq=713 active=02 first=00 player=00 runtime=01 xy=8,80
BP_A16R8_UPDATE_ALL_ENTITIES pc=6BF5 op=F53E59 sp=F37A stack=6747/663A p=06/06/01 tgt=5425 irq=713 active=02 first=00 player=00 runtime=01 xy=8,80
BP_UPDATE_ALL_ENTITIES_ENTRY pc=7759 op=3A0ADC sp=F374 stack=C1E1/0644 p=00/00/01 tgt=7759 irq=713 active=02 first=00 player=00 runtime=01 xy=8,80
BP_RESIDENT_RET_FROM_TARGET pc=C1E1 op=F308F1 sp=F376 stack=0644/6C04 p=00/00/01 tgt=7759 irq=713 active=02 first=00 player=00 runtime=01 xy=8,80
BP_A16R8_UPDATE_PLAYER pc=6BD5 op=F53EB0 sp=F37A stack=673E/663A p=06/06/01 tgt=4AA8 irq=715 active=02 first=00 player=00 runtime=01 xy=8,80
BP_UPDATE_PLAYER_ENTRY pc=7AB0 op=CDE678 sp=F374 stack=C1E1/0644 p=00/00/01 tgt=7AB0 irq=715 active=02 first=00 player=00 runtime=01 xy=8,80
BP_RESIDENT_RET_FROM_TARGET pc=C1E1 op=F308F1 sp=F376 stack=0644/6BE4 p=00/00/01 tgt=7AB0 irq=715 active=02 first=00 player=00 runtime=01 xy=8,80
BP_A16R8_UPDATE_ALL_ENTITIES pc=6BF5 op=F53E59 sp=F37A stack=6747/663A p=06/06/01 tgt=5425 irq=715 active=02 first=00 player=00 runtime=01 xy=8,80
BP_UPDATE_ALL_ENTITIES_ENTRY pc=7759 op=3A0ADC sp=F374 stack=C1E1/0644 p=00/00/01 tgt=7759 irq=715 active=02 first=00 player=00 runtime=01 xy=8,80
BP_RESIDENT_RET_FROM_TARGET pc=C1E1 op=F308F1 sp=F376 stack=0644/6C04 p=00/00/01 tgt=7759 irq=715 active=02 first=00 player=00 runtime=01 xy=8,80
BP_A16R8_UPDATE_PLAYER pc=6BD5 op=F53EB0 sp=F37A stack=673E/663A p=06/06/01 tgt=4AA8 irq=716 active=02 first=00 player=00 runtime=01 xy=8,80
BP_UPDATE_PLAYER_ENTRY pc=7AB0 op=CDE678 sp=F374 stack=C1E1/0644 p=00/00/01 tgt=7AB0 irq=716 active=02 first=00 player=00 runtime=01 xy=8,80
BP_RESIDENT_RET_FROM_TARGET pc=C1E1 op=F308F1 sp=F376 stack=0644/6BE4 p=00/00/01 tgt=7AB0 irq=716 active=02 first=00 player=00 runtime=01 xy=8,80
BP_A16R8_UPDATE_ALL_ENTITIES pc=6BF5 op=F53E59 sp=F37A stack=6747/663A p=06/06/01 tgt=5425 irq=716 active=02 first=00 player=00 runtime=01 xy=8,80
BP_UPDATE_ALL_ENTITIES_ENTRY pc=7759 op=3A0ADC sp=F374 stack=C1E1/0644 p=00/00/01 tgt=7759 irq=716 active=02 first=00 player=00 runtime=01 xy=8,80
BP_RESIDENT_RET_FROM_TARGET pc=C1E1 op=F308F1 sp=F376 stack=0644/6C04 p=00/00/01 tgt=7759 irq=716 active=02 first=00 player=00 runtime=01 xy=8,80
BP_A16R8_UPDATE_PLAYER pc=6BD5 op=F53EB0 sp=F37A stack=673E/663A p=06/06/01 tgt=4AA8 irq=718 active=02 first=00 player=00 runtime=01 xy=8,80
BP_UPDATE_PLAYER_ENTRY pc=7AB0 op=CDE678 sp=F374 stack=C1E1/0644 p=00/00/01 tgt=7AB0 irq=718 active=02 first=00 player=00 runtime=01 xy=8,80
BP_RESIDENT_RET_FROM_TARGET pc=C1E1 op=F308F1 sp=F376 stack=0644/6BE4 p=00/00/01 tgt=7AB0 irq=718 active=02 first=00 player=00 runtime=01 xy=8,80
BP_A16R8_UPDATE_ALL_ENTITIES pc=6BF5 op=F53E59 sp=F37A stack=6747/663A p=06/06/01 tgt=5425 irq=718 active=02 first=00 player=00 runtime=01 xy=8,80
BP_UPDATE_ALL_ENTITIES_ENTRY pc=7759 op=3A0ADC sp=F374 stack=C1E1/0644 p=00/00/01 tgt=7759 irq=718 active=02 first=00 player=00 runtime=01 xy=8,80
BP_RESIDENT_RET_FROM_TARGET pc=C1E1 op=F308F1 sp=F376 stack=0644/6C04 p=00/00/01 tgt=7759 irq=718 active=02 first=00 player=00 runtime=01 xy=8,80
BP_A16R8_UPDATE_PLAYER pc=6BD5 op=F53EB0 sp=F37A stack=673E/663A p=06/06/01 tgt=4AA8 irq=719 active=02 first=00 player=00 runtime=01 xy=8,80
BP_UPDATE_PLAYER_ENTRY pc=7AB0 op=CDE678 sp=F374 stack=C1E1/0644 p=00/00/01 tgt=7AB0 irq=719 active=02 first=00 player=00 runtime=01 xy=8,80
BP_RESIDENT_RET_FROM_TARGET pc=C1E1 op=F308F1 sp=F376 stack=0644/6BE4 p=00/00/01 tgt=7AB0 irq=719 active=02 first=00 player=00 runtime=01 xy=8,80
BP_A16R8_UPDATE_ALL_ENTITIES pc=6BF5 op=F53E59 sp=F37A stack=6747/663A p=06/06/01 tgt=5425 irq=719 active=02 first=00 player=00 runtime=01 xy=8,80
BP_UPDATE_ALL_ENTITIES_ENTRY pc=7759 op=3A0ADC sp=F374 stack=C1E1/0644 p=00/00/01 tgt=7759 irq=719 active=02 first=00 player=00 runtime=01 xy=8,80
BP_RESIDENT_RET_FROM_TARGET pc=C1E1 op=F308F1 sp=F376 stack=0644/6C04 p=00/00/01 tgt=7759 irq=719 active=02 first=00 player=00 runtime=01 xy=8,80
BP_A16R8_UPDATE_PLAYER pc=6BD5 op=F53EB0 sp=F37A stack=673E/663A p=06/06/01 tgt=4AA8 irq=721 active=02 first=00 player=00 runtime=01 xy=8,80
BP_UPDATE_PLAYER_ENTRY pc=7AB0 op=CDE678 sp=F374 stack=C1E1/0644 p=00/00/01 tgt=7AB0 irq=721 active=02 first=00 player=00 runtime=01 xy=8,80
BP_RESIDENT_RET_FROM_TARGET pc=C1E1 op=F308F1 sp=F376 stack=0644/6BE4 p=00/00/01 tgt=7AB0 irq=721 active=02 first=00 player=00 runtime=01 xy=8,80
BP_A16R8_UPDATE_ALL_ENTITIES pc=6BF5 op=F53E59 sp=F37A stack=6747/663A p=06/06/01 tgt=5425 irq=721 active=02 first=00 player=00 runtime=01 xy=8,80
BP_UPDATE_ALL_ENTITIES_ENTRY pc=7759 op=3A0ADC sp=F374 stack=C1E1/0644 p=00/00/01 tgt=7759 irq=721 active=02 first=00 player=00 runtime=01 xy=8,80
BP_RESIDENT_RET_FROM_TARGET pc=C1E1 op=F308F1 sp=F376 stack=0644/6C04 p=00/00/01 tgt=7759 irq=721 active=02 first=00 player=00 runtime=01 xy=8,80
FINAL pc=C13D op=32B9C2 sp=F36E stack=1B00/522E p=00/00/01 tgt=5431 irq=721 active=02 first=00 player=00 runtime=01 xy=8,80
resident_ret_count=5212 trigger_count=145
