? Generating modular ASM files...
? Project: joc52, Assets: 99, Config: {
  generateUnified: true,
  romMode: 'megarom',
  targetFormat: 'ascii8',
  executionMode: 'interruptTaskManager',
  autoMegaROM: false
}
? Analysis complete: 6 sprites, 32 tiles
? Analyzing component usage...
? Total entities in project: 2
  - Entity: Player 1 (template: tpl_player)
  - Entity: FakePlayer 1 (template: tpl_fake_player)
? Active entities: 2
? Used templates: tpl_player, tpl_fake_player
  ? Analyzing template "Player" for entity "Player 1"
    - Component: comp_pos ? Position
    - Component: comp_render ? Sprite
    - Component: comp_behavior ? Behavior
    - Component: comp_health ? Health
    - Component: comp_deadly_tiles ? DeadlyTiles
    - Component: comp_tile_collector ? TileInteraction
    - Component: comp_jump ? Jump
    - Component: comp_gravity ? Gravity
    - Component: comp_animation ? Animation
    - Component: comp_collision ? Collision
    - Component: comp_carry ? Carry
    - Component: comp_player_input ? Input
    - Component: comp_statemachine ? StateMachine
    - Component: comp_cursors ? Cursors
    - Component: comp_wall_collision ? WallCollision
    - Override: comp_render ? Sprite
    - Override: comp_tile_collector ? TileInteraction
    - Override: comp_statemachine ? StateMachine
    - Override: comp_jump ? Jump
  ? Analyzing template "FakePlayer" for entity "FakePlayer 1"
    - Component: comp_pos ? Position
    - Component: comp_render ? Sprite
    - Component: comp_animation ? Animation
    - Component: comp_auto_control_script ? AutoControlScript
    - Override: comp_render ? Sprite
? Component usage summary:
  - Total used components: 16
    • Position: 2 entities
    • Sprite: 2 entities
    • Behavior: 1 entities
    • Health: 1 entities
    • DeadlyTiles: 1 entities
    • TileInteraction: 1 entities
    • Jump: 1 entities
    • Gravity: 1 entities
    • Animation: 2 entities
    • Collision: 1 entities
    • Carry: 1 entities
    • Input: 1 entities
    • StateMachine: 1 entities
    • Cursors: 1 entities
    • WallCollision: 1 entities
    • AutoControlScript: 1 entities
? [MSX GENERATOR] Generating all ASM files...
? Hardware Mode: HYBRID, Optimize: safe
[MSX GENERATOR] ROM config: mode=megarom, mapper=ascii8, autoMegaROM=false
ÐYZî [INTERRUPT GENERATOR] Generating interrupt.asm...
ƒo. [INTERRUPT GENERATOR] Generated interrupt.asm (19993 chars)
? Analyzing component usage...
? Total entities in project: 2
  - Entity: Player 1 (template: tpl_player)
  - Entity: FakePlayer 1 (template: tpl_fake_player)
? Active entities: 2
? Used templates: tpl_player, tpl_fake_player
  ? Analyzing template "Player" for entity "Player 1"
    - Component: comp_pos ? Position
    - Component: comp_render ? Sprite
    - Component: comp_behavior ? Behavior
    - Component: comp_health ? Health
    - Component: comp_deadly_tiles ? DeadlyTiles
    - Component: comp_tile_collector ? TileInteraction
    - Component: comp_jump ? Jump
    - Component: comp_gravity ? Gravity
    - Component: comp_animation ? Animation
    - Component: comp_collision ? Collision
    - Component: comp_carry ? Carry
    - Component: comp_player_input ? Input
    - Component: comp_statemachine ? StateMachine
    - Component: comp_cursors ? Cursors
    - Component: comp_wall_collision ? WallCollision
    - Override: comp_render ? Sprite
    - Override: comp_tile_collector ? TileInteraction
    - Override: comp_statemachine ? StateMachine
    - Override: comp_jump ? Jump
  ? Analyzing template "FakePlayer" for entity "FakePlayer 1"
    - Component: comp_pos ? Position
    - Component: comp_render ? Sprite
    - Component: comp_animation ? Animation
    - Component: comp_auto_control_script ? AutoControlScript
    - Override: comp_render ? Sprite
? Component usage summary:
  - Total used components: 16
    • Position: 2 entities
    • Sprite: 2 entities
    • Behavior: 1 entities
    • Health: 1 entities
    • DeadlyTiles: 1 entities
    • TileInteraction: 1 entities
    • Jump: 1 entities
    • Gravity: 1 entities
    • Animation: 2 entities
    • Collision: 1 entities
    • Carry: 1 entities
    • Input: 1 entities
    • StateMachine: 1 entities
    • Cursors: 1 entities
    • WallCollision: 1 entities
    • AutoControlScript: 1 entities
? Generating optimized components.asm...
  - Active entities: 2 
  - Used components: Position, Sprite, Behavior, Health, DeadlyTiles, TileInteraction, Jump, Gravity, Animation, Collision, Carry, Input, StateMachine, Cursors, WallCollision, AutoControlScript 
  - Filtered out: 10 unused components
  - Tile Interaction system: ENABLED (interactable tiles detected)
? Analyzing component usage...
? Total entities in project: 2
  - Entity: Player 1 (template: tpl_player)
  - Entity: FakePlayer 1 (template: tpl_fake_player)
? Active entities: 2
? Used templates: tpl_player, tpl_fake_player
  ? Analyzing template "Player" for entity "Player 1"
    - Component: comp_pos ? Position
    - Component: comp_render ? Sprite
    - Component: comp_behavior ? Behavior
    - Component: comp_health ? Health
    - Component: comp_deadly_tiles ? DeadlyTiles
    - Component: comp_tile_collector ? TileInteraction
    - Component: comp_jump ? Jump
    - Component: comp_gravity ? Gravity
    - Component: comp_animation ? Animation
    - Component: comp_collision ? Collision
    - Component: comp_carry ? Carry
    - Component: comp_player_input ? Input
    - Component: comp_statemachine ? StateMachine
    - Component: comp_cursors ? Cursors
    - Component: comp_wall_collision ? WallCollision
    - Override: comp_render ? Sprite
    - Override: comp_tile_collector ? TileInteraction
    - Override: comp_statemachine ? StateMachine
    - Override: comp_jump ? Jump
  ? Analyzing template "FakePlayer" for entity "FakePlayer 1"
    - Component: comp_pos ? Position
    - Component: comp_render ? Sprite
    - Component: comp_animation ? Animation
    - Component: comp_auto_control_script ? AutoControlScript
    - Override: comp_render ? Sprite
? Component usage summary:
  - Total used components: 16
    • Position: 2 entities
    • Sprite: 2 entities
    • Behavior: 1 entities
    • Health: 1 entities
    • DeadlyTiles: 1 entities
    • TileInteraction: 1 entities
    • Jump: 1 entities
    • Gravity: 1 entities
    • Animation: 2 entities
    • Collision: 1 entities
    • Carry: 1 entities
    • Input: 1 entities
    • StateMachine: 1 entities
    • Cursors: 1 entities
    • WallCollision: 1 entities
    • AutoControlScript: 1 entities
? Generating optimized entities.asm...
  - Total entity templates in JSON: 17
  - Actually instantiated entities: 2
  - Used entity templates: 2
  - Filtered out: 15 unused templates
? First tile structure check: {
  tileId: 'tile_1772960221849',
  position: { x: 0, y: 4 },
  banksCount: 3,
  banks: [
    {
      name: 'Bank 0 - HUD/Fonts',
      assignedTileIds: [Array],
      hasThisTile: true,
      assignedTilesType: 'object',
      assignedTilesSample: [Array]
    },
    {
      name: 'Bank 1 - Game Tileset',
      assignedTileIds: [Array],
      hasThisTile: true,
      assignedTilesType: 'object',
      assignedTilesSample: [Array]
    },
    {
      name: 'Bank 2 - Background/Status',
      assignedTileIds: [Array],
      hasThisTile: true,
      assignedTilesType: 'object',
      assignedTilesSample: [Array]
    }
  ]
}
? generateSpritesFile() called:
  - analysis.sprites.length: 6
  - expandedSprites.length: 11
  - analysis.entities.length: 2
  - analysis.templates.length: 17
? Analyzing component usage...
? Total entities in project: 2
  - Entity: Player 1 (template: tpl_player)
  - Entity: FakePlayer 1 (template: tpl_fake_player)
? Active entities: 2
? Used templates: tpl_player, tpl_fake_player
  ? Analyzing template "Player" for entity "Player 1"
    - Component: comp_pos ? Position
    - Component: comp_render ? Sprite
    - Component: comp_behavior ? Behavior
    - Component: comp_health ? Health
    - Component: comp_deadly_tiles ? DeadlyTiles
    - Component: comp_tile_collector ? TileInteraction
    - Component: comp_jump ? Jump
    - Component: comp_gravity ? Gravity
    - Component: comp_animation ? Animation
    - Component: comp_collision ? Collision
    - Component: comp_carry ? Carry
    - Component: comp_player_input ? Input
    - Component: comp_statemachine ? StateMachine
    - Component: comp_cursors ? Cursors
    - Component: comp_wall_collision ? WallCollision
    - Override: comp_render ? Sprite
    - Override: comp_tile_collector ? TileInteraction
    - Override: comp_statemachine ? StateMachine
    - Override: comp_jump ? Jump
  ? Analyzing template "FakePlayer" for entity "FakePlayer 1"
    - Component: comp_pos ? Position
    - Component: comp_render ? Sprite
    - Component: comp_animation ? Animation
    - Component: comp_auto_control_script ? AutoControlScript
    - Override: comp_render ? Sprite
? Component usage summary:
  - Total used components: 16
    • Position: 2 entities
    • Sprite: 2 entities
    • Behavior: 1 entities
    • Health: 1 entities
    • DeadlyTiles: 1 entities
    • TileInteraction: 1 entities
    • Jump: 1 entities
    • Gravity: 1 entities
    • Animation: 2 entities
    • Collision: 1 entities
    • Carry: 1 entities
    • Input: 1 entities
    • StateMachine: 1 entities
    • Cursors: 1 entities
    • WallCollision: 1 entities
    • AutoControlScript: 1 entities
  - activeEntities.length: 2

? getEntitySpriteInfo for entity: "Player 1" (template: tpl_player)
   Available sprites: "nina_walk_right" (sprite_imported_1777108028410), "nina_grub_right" (sprite_1777116668193), "New Sprite" (sprite_1777119798213), "nina_jump_right" (sprite_imported_1777119814582), "nina_idle_right" (sprite_from_frame_1777201250019), "New Sprite_right" (sprite_1777226660609), "nina_walk_left" (sprite_imported_1777108028410__auto_left), "nina_grub_left" (sprite_1777116668193__auto_left), "nina_jump_left" (sprite_imported_1777119814582__auto_left), "nina_idle_left" (sprite_from_frame_1777201250019__auto_left), "New Sprite_left" (sprite_1777226660609__auto_left)
   Template found: "Player"
   Template components: comp_pos, comp_render, comp_behavior, comp_health, comp_deadly_tiles, comp_tile_collector, comp_jump, comp_gravity, comp_animation, comp_collision, comp_carry, comp_player_input, comp_statemachine, comp_cursors, comp_wall_collision
   ? Found spriteAssetId in overrides: "sprite_imported_1777108028410"
   Resolved spriteAssetId: "sprite_imported_1777108028410"
   ? Found sprite "nina_walk_right" at index 0

? getEntitySpriteInfo for entity: "FakePlayer 1" (template: tpl_fake_player)
   Available sprites: "nina_walk_right" (sprite_imported_1777108028410), "nina_grub_right" (sprite_1777116668193), "New Sprite" (sprite_1777119798213), "nina_jump_right" (sprite_imported_1777119814582), "nina_idle_right" (sprite_from_frame_1777201250019), "New Sprite_right" (sprite_1777226660609), "nina_walk_left" (sprite_imported_1777108028410__auto_left), "nina_grub_left" (sprite_1777116668193__auto_left), "nina_jump_left" (sprite_imported_1777119814582__auto_left), "nina_idle_left" (sprite_from_frame_1777201250019__auto_left), "New Sprite_left" (sprite_1777226660609__auto_left)
   Template found: "FakePlayer"
   Template components: comp_pos, comp_render, comp_animation, comp_auto_control_script
   ? Found spriteAssetId in overrides: "sprite_imported_1777108028410"
   Resolved spriteAssetId: "sprite_imported_1777108028410"
   ? Found sprite "nina_walk_right" at index 0
? [HUD Generator] Total screens: 2
  ? Screen "pan1" (screenmap_1776511902784): hudConfiguration=true, elements=4
    ? Element[0]: type=Score, name="Score 1", text="SCORE: 000000" pos=(0,0) visible=true
    ? Element[1]: type=NumericField, name="Timer 1", text="TIME: 30" pos=(112,0) visible=true
    ? Element[2]: type=SceneName, name="Scene Name Display 1", text="STAGE: 00" pos=(0,8) visible=true
    ? Element[3]: type=NumericField, name="Custom Numeric Field 2", text="REST: 000" pos=(184,0) visible=true
  ? Screen "New Dialog Screen" (screenmap_1777377884059): hudConfiguration=true, elements=0
? [HUD Generator] Total HUD elements found: 4
? Modular ASM files generated successfully!
? Generated 28 files
? [DEBUG] Files generated: [
  'page0.asm',          'bios.asm',
  'constants.asm',      'variables.asm',
  'mapper.asm',         'resource_ids.asm',
  'resource_table.asm', 'resource_manager.asm',
  'interrupt.asm',      'header.asm',
  'patterns.asm',       'colors.asm',
  'components.asm',     'entities.asm',
  'worlds.asm',         'screens.asm',
  'sprites.asm',        'font.asm',
  'hud.asm',            'menus.asm',
  'sound.asm',          'scroll.asm',
  'animtiles.asm',      'bosses.asm',
  'statemachine.asm',   'gameflow.asm',
  'main.asm',           'unitedFiles.asm'
]
? [DEBUG] interrupt.asm length: 19993
ASM generated: C:\Users\salam\Documents\Programacion\Mideas\server\temp\joc52_matrix_megarom_ascii8.asm
Project: joc52
Assets: 99
ASM chars: 919101
ROM config: mode=megarom, mapper=ascii8, engine=interruptTaskManager, autoMegaROM=false
Running: C:\Program Files\nodejs\npx.cmd tsc --pretty false --module commonjs --target ES2020 --outDir C:\Users\salam\Documents\Programacion\Mideas\server\temp\tsbuild_skill --moduleResolution node --skipLibCheck --noEmitOnError false utils\msxGenerator\index.ts
Running: node C:\Users\salam\AppData\Local\Temp\tmpw0fmd5ij.cjs C:\Users\salam\Documents\Programacion\Mideas\server\temp\tsbuild_skill\utils\msxGenerator\index.js C:\Users\salam\Downloads\joc52.json C:\Users\salam\Documents\Programacion\Mideas\server\temp\joc52_matrix_megarom_ascii8.asm joc52 megarom ascii8 interruptTaskManager false
Entity FakePlayer 1 position clamped: (800,144) ? (240,144)
?? Tile not found in valid range: {
  tileId: 'tile_1776511854312',
  position: { x: 4, y: 4 },
  attempts: [
    {
      bankName: 'Bank 0 - HUD/Fonts',
      reason: 'Tile not assigned to this bank'
    },
    {
      bankName: 'Bank 1 - Game Tileset',
      reason: 'Tile not assigned to this bank'
    },
    {
      bankName: 'Bank 2 - Background/Status',
      reason: 'Tile not assigned to this bank'
    }
  ],
  banksReceived: 3
}
?? Tile not found in valid range: {
  tileId: 'tile_1776511854312',
  position: { x: 5, y: 4 },
  attempts: [
    {
      bankName: 'Bank 0 - HUD/Fonts',
      reason: 'Tile not assigned to this bank'
    },
    {
      bankName: 'Bank 1 - Game Tileset',
      reason: 'Tile not assigned to this bank'
    },
    {
      bankName: 'Bank 2 - Background/Status',
      reason: 'Tile not assigned to this bank'
    }
  ],
  banksReceived: 3
}
?? Tile not found in valid range: {
  tileId: 'tile_1776511854312',
  position: { x: 6, y: 4 },
  attempts: [
    {
      bankName: 'Bank 0 - HUD/Fonts',
      reason: 'Tile not assigned to this bank'
    },
    {
      bankName: 'Bank 1 - Game Tileset',
      reason: 'Tile not assigned to this bank'
    },
    {
      bankName: 'Bank 2 - Background/Status',
      reason: 'Tile not assigned to this bank'
    }
  ],
  banksReceived: 3
}
?? Tile not found in valid range: {
  tileId: 'tile_1776511854312',
  position: { x: 7, y: 4 },
  attempts: [
    {
      bankName: 'Bank 0 - HUD/Fonts',
      reason: 'Tile not assigned to this bank'
    },
    {
      bankName: 'Bank 1 - Game Tileset',
      reason: 'Tile not assigned to this bank'
    },
    {
      bankName: 'Bank 2 - Background/Status',
      reason: 'Tile not assigned to this bank'
    }
  ],
  banksReceived: 3
}
?? Tile not found in valid range: {
  tileId: 'tile_1776511854312',
  position: { x: 8, y: 4 },
  attempts: [
    {
      bankName: 'Bank 0 - HUD/Fonts',
      reason: 'Tile not assigned to this bank'
    },
    {
      bankName: 'Bank 1 - Game Tileset',
      reason: 'Tile not assigned to this bank'
    },
    {
      bankName: 'Bank 2 - Background/Status',
      reason: 'Tile not assigned to this bank'
    }
  ],
  banksReceived: 3
}
?? Tile not found in valid range: {
  tileId: 'tile_1776511854312',
  position: { x: 9, y: 4 },
  attempts: [
    {
      bankName: 'Bank 0 - HUD/Fonts',
      reason: 'Tile not assigned to this bank'
    },
    {
      bankName: 'Bank 1 - Game Tileset',
      reason: 'Tile not assigned to this bank'
    },
    {
      bankName: 'Bank 2 - Background/Status',
      reason: 'Tile not assigned to this bank'
    }
  ],
  banksReceived: 3
}
?? Tile not found in valid range: {
  tileId: 'tile_1776511854312',
  position: { x: 10, y: 4 },
  attempts: [
    {
      bankName: 'Bank 0 - HUD/Fonts',
      reason: 'Tile not assigned to this bank'
    },
    {
      bankName: 'Bank 1 - Game Tileset',
      reason: 'Tile not assigned to this bank'
    },
    {
      bankName: 'Bank 2 - Background/Status',
      reason: 'Tile not assigned to this bank'
    }
  ],
  banksReceived: 3
}
?? Tile not found in valid range: {
  tileId: 'tile_1776511854312',
  position: { x: 11, y: 4 },
  attempts: [
    {
      bankName: 'Bank 0 - HUD/Fonts',
      reason: 'Tile not assigned to this bank'
    },
    {
      bankName: 'Bank 1 - Game Tileset',
      reason: 'Tile not assigned to this bank'
    },
    {
      bankName: 'Bank 2 - Background/Status',
      reason: 'Tile not assigned to this bank'
    }
  ],
  banksReceived: 3
}
?? Tile not found in valid range: {
  tileId: 'tile_1776511854312',
  position: { x: 12, y: 4 },
  attempts: [
    {
      bankName: 'Bank 0 - HUD/Fonts',
      reason: 'Tile not assigned to this bank'
    },
    {
      bankName: 'Bank 1 - Game Tileset',
      reason: 'Tile not assigned to this bank'
    },
    {
      bankName: 'Bank 2 - Background/Status',
      reason: 'Tile not assigned to this bank'
    }
  ],
  banksReceived: 3
}
?? Tile not found in valid range: {
  tileId: 'tile_1776511854312',
  position: { x: 13, y: 4 },
  attempts: [
    {
      bankName: 'Bank 0 - HUD/Fonts',
      reason: 'Tile not assigned to this bank'
    },
    {
      bankName: 'Bank 1 - Game Tileset',
      reason: 'Tile not assigned to this bank'
    },
    {
      bankName: 'Bank 2 - Background/Status',
      reason: 'Tile not assigned to this bank'
    }
  ],
  banksReceived: 3
}
?? Tile not found in valid range: {
  tileId: 'tile_1776511854312',
  position: { x: 14, y: 4 },
  attempts: [
    {
      bankName: 'Bank 0 - HUD/Fonts',
      reason: 'Tile not assigned to this bank'
    },
    {
      bankName: 'Bank 1 - Game Tileset',
      reason: 'Tile not assigned to this bank'
    },
    {
      bankName: 'Bank 2 - Background/Status',
      reason: 'Tile not assigned to this bank'
    }
  ],
  banksReceived: 3
}
?? Tile not found in valid range: {
  tileId: 'tile_1776511854312',
  position: { x: 15, y: 4 },
  attempts: [
    {
      bankName: 'Bank 0 - HUD/Fonts',
      reason: 'Tile not assigned to this bank'
    },
    {
      bankName: 'Bank 1 - Game Tileset',
      reason: 'Tile not assigned to this bank'
    },
    {
      bankName: 'Bank 2 - Background/Status',
      reason: 'Tile not assigned to this bank'
    }
  ],
  banksReceived: 3
}
?? Tile not found in valid range: {
  tileId: 'tile_1776511854312',
  position: { x: 16, y: 4 },
  attempts: [
    {
      bankName: 'Bank 0 - HUD/Fonts',
      reason: 'Tile not assigned to this bank'
    },
    {
      bankName: 'Bank 1 - Game Tileset',
      reason: 'Tile not assigned to this bank'
    },
    {
      bankName: 'Bank 2 - Background/Status',
      reason: 'Tile not assigned to this bank'
    }
  ],
  banksReceived: 3
}
?? Tile not found in valid range: {
  tileId: 'tile_1776511854312',
  position: { x: 17, y: 4 },
  attempts: [
    {
      bankName: 'Bank 0 - HUD/Fonts',
      reason: 'Tile not assigned to this bank'
    },
    {
      bankName: 'Bank 1 - Game Tileset',
      reason: 'Tile not assigned to this bank'
    },
    {
      bankName: 'Bank 2 - Background/Status',
      reason: 'Tile not assigned to this bank'
    }
  ],
  banksReceived: 3
}
?? Tile not found in valid range: {
  tileId: 'tile_1776511854312',
  position: { x: 18, y: 4 },
  attempts: [
    {
      bankName: 'Bank 0 - HUD/Fonts',
      reason: 'Tile not assigned to this bank'
    },
    {
      bankName: 'Bank 1 - Game Tileset',
      reason: 'Tile not assigned to this bank'
    },
    {
      bankName: 'Bank 2 - Background/Status',
      reason: 'Tile not assigned to this bank'
    }
  ],
  banksReceived: 3
}
?? Tile not found in valid range: {
  tileId: 'tile_1776511854312',
  position: { x: 19, y: 4 },
  attempts: [
    {
      bankName: 'Bank 0 - HUD/Fonts',
      reason: 'Tile not assigned to this bank'
    },
    {
      bankName: 'Bank 1 - Game Tileset',
      reason: 'Tile not assigned to this bank'
    },
    {
      bankName: 'Bank 2 - Background/Status',
      reason: 'Tile not assigned to this bank'
    }
  ],
  banksReceived: 3
}
?? Tile not found in valid range: {
  tileId: 'tile_1776511854312',
  position: { x: 20, y: 4 },
  attempts: [
    {
      bankName: 'Bank 0 - HUD/Fonts',
      reason: 'Tile not assigned to this bank'
    },
    {
      bankName: 'Bank 1 - Game Tileset',
      reason: 'Tile not assigned to this bank'
    },
    {
      bankName: 'Bank 2 - Background/Status',
      reason: 'Tile not assigned to this bank'
    }
  ],
  banksReceived: 3
}
?? Tile not found in valid range: {
  tileId: 'tile_1776511854312',
  position: { x: 21, y: 4 },
  attempts: [
    {
      bankName: 'Bank 0 - HUD/Fonts',
      reason: 'Tile not assigned to this bank'
    },
    {
      bankName: 'Bank 1 - Game Tileset',
      reason: 'Tile not assigned to this bank'
    },
    {
      bankName: 'Bank 2 - Background/Status',
      reason: 'Tile not assigned to this bank'
    }
  ],
  banksReceived: 3
}
?? Tile not found in valid range: {
  tileId: 'tile_1776511854312',
  position: { x: 22, y: 4 },
  attempts: [
    {
      bankName: 'Bank 0 - HUD/Fonts',
      reason: 'Tile not assigned to this bank'
    },
    {
      bankName: 'Bank 1 - Game Tileset',
      reason: 'Tile not assigned to this bank'
    },
    {
      bankName: 'Bank 2 - Background/Status',
      reason: 'Tile not assigned to this bank'
    }
  ],
  banksReceived: 3
}
?? Tile not found in valid range: {
  tileId: 'tile_1776511854312',
  position: { x: 23, y: 4 },
  attempts: [
    {
      bankName: 'Bank 0 - HUD/Fonts',
      reason: 'Tile not assigned to this bank'
    },
    {
      bankName: 'Bank 1 - Game Tileset',
      reason: 'Tile not assigned to this bank'
    },
    {
      bankName: 'Bank 2 - Background/Status',
      reason: 'Tile not assigned to this bank'
    }
  ],
  banksReceived: 3
}
?? Tile not found in valid range: {
  tileId: 'tile_1776511854312',
  position: { x: 24, y: 4 },
  attempts: [
    {
      bankName: 'Bank 0 - HUD/Fonts',
      reason: 'Tile not assigned to this bank'
    },
    {
      bankName: 'Bank 1 - Game Tileset',
      reason: 'Tile not assigned to this bank'
    },
    {
      bankName: 'Bank 2 - Background/Status',
      reason: 'Tile not assigned to this bank'
    }
  ],
  banksReceived: 3
}
?? Tile not found in valid range: {
  tileId: 'tile_1776511854312',
  position: { x: 25, y: 4 },
  attempts: [
    {
      bankName: 'Bank 0 - HUD/Fonts',
      reason: 'Tile not assigned to this bank'
    },
    {
      bankName: 'Bank 1 - Game Tileset',
      reason: 'Tile not assigned to this bank'
    },
    {
      bankName: 'Bank 2 - Background/Status',
      reason: 'Tile not assigned to this bank'
    }
  ],
  banksReceived: 3
}
?? Tile not found in valid range: {
  tileId: 'tile_1776511854312',
  position: { x: 26, y: 4 },
  attempts: [
    {
      bankName: 'Bank 0 - HUD/Fonts',
      reason: 'Tile not assigned to this bank'
    },
    {
      bankName: 'Bank 1 - Game Tileset',
      reason: 'Tile not assigned to this bank'
    },
    {
      bankName: 'Bank 2 - Background/Status',
      reason: 'Tile not assigned to this bank'
    }
  ],
  banksReceived: 3
}
?? Tile not found in valid range: {
  tileId: 'tile_1776511854312',
  position: { x: 27, y: 4 },
  attempts: [
    {
      bankName: 'Bank 0 - HUD/Fonts',
      reason: 'Tile not assigned to this bank'
    },
    {
      bankName: 'Bank 1 - Game Tileset',
      reason: 'Tile not assigned to this bank'
    },
    {
      bankName: 'Bank 2 - Background/Status',
      reason: 'Tile not assigned to this bank'
    }
  ],
  banksReceived: 3
}
?? Tile not found in valid range: {
  tileId: 'tile_1776511854312',
  position: { x: 28, y: 4 },
  attempts: [
    {
      bankName: 'Bank 0 - HUD/Fonts',
      reason: 'Tile not assigned to this bank'
    },
    {
      bankName: 'Bank 1 - Game Tileset',
      reason: 'Tile not assigned to this bank'
    },
    {
      bankName: 'Bank 2 - Background/Status',
      reason: 'Tile not assigned to this bank'
    }
  ],
  banksReceived: 3
}
?? Tile not found in valid range: {
  tileId: 'tile_1776511854312',
  position: { x: 29, y: 4 },
  attempts: [
    {
      bankName: 'Bank 0 - HUD/Fonts',
      reason: 'Tile not assigned to this bank'
    },
    {
      bankName: 'Bank 1 - Game Tileset',
      reason: 'Tile not assigned to this bank'
    },
    {
      bankName: 'Bank 2 - Background/Status',
      reason: 'Tile not assigned to this bank'
    }
  ],
  banksReceived: 3
}
?? Tile not found in valid range: {
  tileId: 'tile_1776511854312',
  position: { x: 30, y: 4 },
  attempts: [
    {
      bankName: 'Bank 0 - HUD/Fonts',
      reason: 'Tile not assigned to this bank'
    },
    {
      bankName: 'Bank 1 - Game Tileset',
      reason: 'Tile not assigned to this bank'
    },
    {
      bankName: 'Bank 2 - Background/Status',
      reason: 'Tile not assigned to this bank'
    }
  ],
  banksReceived: 3
}
?? Tile not found in valid range: {
  tileId: 'tile_1776511854312',
  position: { x: 31, y: 4 },
  attempts: [
    {
      bankName: 'Bank 0 - HUD/Fonts',
      reason: 'Tile not assigned to this bank'
    },
    {
      bankName: 'Bank 1 - Game Tileset',
      reason: 'Tile not assigned to this bank'
    },
    {
      bankName: 'Bank 2 - Background/Status',
      reason: 'Tile not assigned to this bank'
    }
  ],
  banksReceived: 3
}
?? Tile not found in valid range: {
  tileId: 'tile_1776511854312',
  position: { x: 31, y: 5 },
  attempts: [
    {
      bankName: 'Bank 0 - HUD/Fonts',
      reason: 'Tile not assigned to this bank'
    },
    {
      bankName: 'Bank 1 - Game Tileset',
      reason: 'Tile not assigned to this bank'
    },
    {
      bankName: 'Bank 2 - Background/Status',
      reason: 'Tile not assigned to this bank'
    }
  ],
  banksReceived: 3
}
?? Tile not found in valid range: {
  tileId: 'tile_1776777705689',
  position: { x: 2, y: 6 },
  attempts: [
    {
      bankName: 'Bank 0 - HUD/Fonts',
      reason: 'Tile not assigned to this bank'
    },
    {
      bankName: 'Bank 1 - Game Tileset',
      reason: 'Tile not assigned to this bank'
    },
    {
      bankName: 'Bank 2 - Background/Status',
      reason: 'Tile not assigned to this bank'
    }
  ],
  banksReceived: 3
}
?? Tile not found in valid range: {
  tileId: 'tile_1776511854312',
  position: { x: 31, y: 6 },
  attempts: [
    {
      bankName: 'Bank 0 - HUD/Fonts',
      reason: 'Tile not assigned to this bank'
    },
    {
      bankName: 'Bank 1 - Game Tileset',
      reason: 'Tile not assigned to this bank'
    },
    {
      bankName: 'Bank 2 - Background/Status',
      reason: 'Tile not assigned to this bank'
    }
  ],
  banksReceived: 3
}
?? Tile not found in valid range: {
  tileId: 'tile_split_tile_1776511854312_1_1_1776878629578',
  position: { x: 1, y: 7 },
  attempts: [
    {
      bankName: 'Bank 0 - HUD/Fonts',
      reason: 'Tile not assigned to this bank'
    },
    {
      bankName: 'Bank 1 - Game Tileset',
      reason: 'Tile not assigned to this bank'
    },
    {
      bankName: 'Bank 2 - Background/Status',
      reason: 'Tile not assigned to this bank'
    }
  ],
  banksReceived: 3
}
?? Tile not found in valid range: {
  tileId: 'tile_split_tile_1776511854312_1_1_1776878629578',
  position: { x: 2, y: 7 },
  attempts: [
    {
      bankName: 'Bank 0 - HUD/Fonts',
      reason: 'Tile not assigned to this bank'
    },
    {
      bankName: 'Bank 1 - Game Tileset',
      reason: 'Tile not assigned to this bank'
    },
    {
      bankName: 'Bank 2 - Background/Status',
      reason: 'Tile not assigned to this bank'
    }
  ],
  banksReceived: 3
}
?? Tile not found in valid range: {
  tileId: 'tile_split_tile_1776511854312_1_1_1776878629578',
  position: { x: 3, y: 7 },
  attempts: [
    {
      bankName: 'Bank 0 - HUD/Fonts',
      reason: 'Tile not assigned to this bank'
    },
    {
      bankName: 'Bank 1 - Game Tileset',
      reason: 'Tile not assigned to this bank'
    },
    {
      bankName: 'Bank 2 - Background/Status',
      reason: 'Tile not assigned to this bank'
    }
  ],
  banksReceived: 3
}
?? Tile not found in valid range: {
  tileId: 'tile_1776878493940',
  position: { x: 31, y: 7 },
  attempts: [
    {
      bankName: 'Bank 0 - HUD/Fonts',
      reason: 'Tile not assigned to this bank'
    },
    {
      bankName: 'Bank 1 - Game Tileset',
      reason: 'Tile not assigned to this bank'
    },
    {
      bankName: 'Bank 2 - Background/Status',
      reason: 'Tile not assigned to this bank'
    }
  ],
  banksReceived: 3
}
?? Tile not found in valid range: {
  tileId: 'tile_1776777705689',
  position: { x: 27, y: 8 },
  attempts: [
    {
      bankName: 'Bank 0 - HUD/Fonts',
      reason: 'Tile not assigned to this bank'
    },
    {
      bankName: 'Bank 1 - Game Tileset',
      reason: 'Tile not assigned to this bank'
    },
    {
      bankName: 'Bank 2 - Background/Status',
      reason: 'Tile not assigned to this bank'
    }
  ],
  banksReceived: 3
}
?? Tile not found in valid range: {
  tileId: 'tile_1776878493940',
  position: { x: 31, y: 8 },
  attempts: [
    {
      bankName: 'Bank 0 - HUD/Fonts',
      reason: 'Tile not assigned to this bank'
    },
    {
      bankName: 'Bank 1 - Game Tileset',
      reason: 'Tile not assigned to this bank'
    },
    {
      bankName: 'Bank 2 - Background/Status',
      reason: 'Tile not assigned to this bank'
    }
  ],
  banksReceived: 3
}
?? Tile not found in valid range: {
  tileId: 'tile_1776511854312',
  position: { x: 26, y: 9 },
  attempts: [
    {
      bankName: 'Bank 0 - HUD/Fonts',
      reason: 'Tile not assigned to this bank'
    },
    {
      bankName: 'Bank 1 - Game Tileset',
      reason: 'Tile not assigned to this bank'
    },
    {
      bankName: 'Bank 2 - Background/Status',
      reason: 'Tile not assigned to this bank'
    }
  ],
  banksReceived: 3
}
?? Tile not found in valid range: {
  tileId: 'tile_1776511854312',
  position: { x: 27, y: 9 },
  attempts: [
    {
      bankName: 'Bank 0 - HUD/Fonts',
      reason: 'Tile not assigned to this bank'
    },
    {
      bankName: 'Bank 1 - Game Tileset',
      reason: 'Tile not assigned to this bank'
    },
    {
      bankName: 'Bank 2 - Background/Status',
      reason: 'Tile not assigned to this bank'
    }
  ],
  banksReceived: 3
}
?? Tile not found in valid range: {
  tileId: 'tile_1776511854312',
  position: { x: 28, y: 9 },
  attempts: [
    {
      bankName: 'Bank 0 - HUD/Fonts',
      reason: 'Tile not assigned to this bank'
    },
    {
      bankName: 'Bank 1 - Game Tileset',
      reason: 'Tile not assigned to this bank'
    },
    {
      bankName: 'Bank 2 - Background/Status',
      reason: 'Tile not assigned to this bank'
    }
  ],
  banksReceived: 3
}
?? Tile not found in valid range: {
  tileId: 'tile_1776511854312',
  position: { x: 29, y: 9 },
  attempts: [
    {
      bankName: 'Bank 0 - HUD/Fonts',
      reason: 'Tile not assigned to this bank'
    },
    {
      bankName: 'Bank 1 - Game Tileset',
      reason: 'Tile not assigned to this bank'
    },
    {
      bankName: 'Bank 2 - Background/Status',
      reason: 'Tile not assigned to this bank'
    }
  ],
  banksReceived: 3
}
?? Tile not found in valid range: {
  tileId: 'tile_split_tile_1776511854312_0_0_1776878629578',
  position: { x: 30, y: 9 },
  attempts: [
    {
      bankName: 'Bank 0 - HUD/Fonts',
      reason: 'Tile not assigned to this bank'
    },
    {
      bankName: 'Bank 1 - Game Tileset',
      reason: 'Tile not assigned to this bank'
    },
    {
      bankName: 'Bank 2 - Background/Status',
      reason: 'Tile not assigned to this bank'
    }
  ],
  banksReceived: 3
}
?? Tile not found in valid range: {
  tileId: 'tile_1776511854312',
  position: { x: 31, y: 9 },
  attempts: [
    {
      bankName: 'Bank 0 - HUD/Fonts',
      reason: 'Tile not assigned to this bank'
    },
    {
      bankName: 'Bank 1 - Game Tileset',
      reason: 'Tile not assigned to this bank'
    },
    {
      bankName: 'Bank 2 - Background/Status',
      reason: 'Tile not assigned to this bank'
    }
  ],
  banksReceived: 3
}
?? Tile not found in valid range: {
  tileId: 'tile_1776514675238',
  position: { x: 8, y: 10 },
  attempts: [
    {
      bankName: 'Bank 0 - HUD/Fonts',
      reason: 'Tile not assigned to this bank'
    },
    {
      bankName: 'Bank 1 - Game Tileset',
      reason: 'Tile not assigned to this bank'
    },
    {
      bankName: 'Bank 2 - Background/Status',
      reason: 'Tile not assigned to this bank'
    }
  ],
  banksReceived: 3
}
?? Tile not found in valid range: {
  tileId: 'tile_1776787618678',
  position: { x: 10, y: 10 },
  attempts: [
    {
      bankName: 'Bank 0 - HUD/Fonts',
      reason: 'Tile not assigned to this bank'
    },
    {
      bankName: 'Bank 1 - Game Tileset',
      reason: 'Tile not assigned to this bank'
    },
    {
      bankName: 'Bank 2 - Background/Status',
      reason: 'Tile not assigned to this bank'
    }
  ],
  banksReceived: 3
}
?? Tile not found in valid range: {
  tileId: 'tile_1776777705689',
  position: { x: 18, y: 10 },
  attempts: [
    {
      bankName: 'Bank 0 - HUD/Fonts',
      reason: 'Tile not assigned to this bank'
    },
    {
      bankName: 'Bank 1 - Game Tileset',
      reason: 'Tile not assigned to this bank'
    },
    {
      bankName: 'Bank 2 - Background/Status',
      reason: 'Tile not assigned to this bank'
    }
  ],
  banksReceived: 3
}
?? Tile not found in valid range: {
  tileId: 'tile_1776511854312',
  position: { x: 31, y: 10 },
  attempts: [
    {
      bankName: 'Bank 0 - HUD/Fonts',
      reason: 'Tile not assigned to this bank'
    },
    {
      bankName: 'Bank 1 - Game Tileset',
      reason: 'Tile not assigned to this bank'
    },
    {
      bankName: 'Bank 2 - Background/Status',
      reason: 'Tile not assigned to this bank'
    }
  ],
  banksReceived: 3
}
?? Tile not found in valid range: {
  tileId: 'tile_1776514675238',
  position: { x: 8, y: 11 },
  attempts: [
    {
      bankName: 'Bank 0 - HUD/Fonts',
      reason: 'Tile not assigned to this bank'
    },
    {
      bankName: 'Bank 1 - Game Tileset',
      reason: 'Tile not assigned to this bank'
    },
    {
      bankName: 'Bank 2 - Background/Status',
      reason: 'Tile not assigned to this bank'
    }
  ],
  banksReceived: 3
}
?? Tile not found in valid range: {
  tileId: 'tile_1776511854312',
  position: { x: 9, y: 11 },
  attempts: [
    {
      bankName: 'Bank 0 - HUD/Fonts',
      reason: 'Tile not assigned to this bank'
    },
    {
      bankName: 'Bank 1 - Game Tileset',
      reason: 'Tile not assigned to this bank'
    },
    {
      bankName: 'Bank 2 - Background/Status',
      reason: 'Tile not assigned to this bank'
    }
  ],
  banksReceived: 3
}
?? Tile not found in valid range: {
  tileId: 'tile_1776511854312',
  position: { x: 10, y: 11 },
  attempts: [
    {
      bankName: 'Bank 0 - HUD/Fonts',
      reason: 'Tile not assigned to this bank'
    },
    {
      bankName: 'Bank 1 - Game Tileset',
      reason: 'Tile not assigned to this bank'
    },
    {
      bankName: 'Bank 2 - Background/Status',
      reason: 'Tile not assigned to this bank'
    }
  ],
  banksReceived: 3
}
?? Tile not found in valid range: {
  tileId: 'tile_1776511854312',
  position: { x: 18, y: 11 },
  attempts: [
    {
      bankName: 'Bank 0 - HUD/Fonts',
      reason: 'Tile not assigned to this bank'
    },
    {
      bankName: 'Bank 1 - Game Tileset',
      reason: 'Tile not assigned to this bank'
    },
    {
      bankName: 'Bank 2 - Background/Status',
      reason: 'Tile not assigned to this bank'
    }
  ],
  banksReceived: 3
}
?? Tile not found in valid range: {
  tileId: 'tile_1776511854312',
  position: { x: 19, y: 11 },
  attempts: [
    {
      bankName: 'Bank 0 - HUD/Fonts',
      reason: 'Tile not assigned to this bank'
    },
    {
      bankName: 'Bank 1 - Game Tileset',
      reason: 'Tile not assigned to this bank'
    },
    {
      bankName: 'Bank 2 - Background/Status',
      reason: 'Tile not assigned to this bank'
    }
  ],
  banksReceived: 3
}
?? Tile not found in valid range: {
  tileId: 'tile_1776511854312',
  position: { x: 31, y: 11 },
  attempts: [
    {
      bankName: 'Bank 0 - HUD/Fonts',
      reason: 'Tile not assigned to this bank'
    },
    {
      bankName: 'Bank 1 - Game Tileset',
      reason: 'Tile not assigned to this bank'
    },
    {
      bankName: 'Bank 2 - Background/Status',
      reason: 'Tile not assigned to this bank'
    }
  ],
  banksReceived: 3
}
?? Tile not found in valid range: {
  tileId: 'tile_1776787618678',
  position: { x: 3, y: 12 },
  attempts: [
    {
      bankName: 'Bank 0 - HUD/Fonts',
      reason: 'Tile not assigned to this bank'
    },
    {
      bankName: 'Bank 1 - Game Tileset',
      reason: 'Tile not assigned to this bank'
    },
    {
      bankName: 'Bank 2 - Background/Status',
      reason: 'Tile not assigned to this bank'
    }
  ],
  banksReceived: 3
}
?? Tile not found in valid range: {
  tileId: 'tile_1776514675238',
  position: { x: 8, y: 12 },
  attempts: [
    {
      bankName: 'Bank 0 - HUD/Fonts',
      reason: 'Tile not assigned to this bank'
    },
    {
      bankName: 'Bank 1 - Game Tileset',
      reason: 'Tile not assigned to this bank'
    },
    {
      bankName: 'Bank 2 - Background/Status',
      reason: 'Tile not assigned to this bank'
    }
  ],
  banksReceived: 3
}
?? Tile not found in valid range: {
  tileId: 'tile_1776511854312',
  position: { x: 9, y: 12 },
  attempts: [
    {
      bankName: 'Bank 0 - HUD/Fonts',
      reason: 'Tile not assigned to this bank'
    },
    {
      bankName: 'Bank 1 - Game Tileset',
      reason: 'Tile not assigned to this bank'
    },
    {
      bankName: 'Bank 2 - Background/Status',
      reason: 'Tile not assigned to this bank'
    }
  ],
  banksReceived: 3
}
?? Tile not found in valid range: {
  tileId: 'tile_1776511854312',
  position: { x: 10, y: 12 },
  attempts: [
    {
      bankName: 'Bank 0 - HUD/Fonts',
      reason: 'Tile not assigned to this bank'
    },
    {
      bankName: 'Bank 1 - Game Tileset',
      reason: 'Tile not assigned to this bank'
    },
    {
      bankName: 'Bank 2 - Background/Status',
      reason: 'Tile not assigned to this bank'
    }
  ],
  banksReceived: 3
}
?? Tile not found in valid range: {
  tileId: 'tile_1776514675238',
  position: { x: 13, y: 12 },
  attempts: [
    {
      bankName: 'Bank 0 - HUD/Fonts',
      reason: 'Tile not assigned to this bank'
    },
    {
      bankName: 'Bank 1 - Game Tileset',
      reason: 'Tile not assigned to this bank'
    },
    {
      bankName: 'Bank 2 - Background/Status',
      reason: 'Tile not assigned to this bank'
    }
  ],
  banksReceived: 3
}
?? Tile not found in valid range: {
  tileId: 'tile_1776787618678',
  position: { x: 15, y: 12 },
  attempts: [
    {
      bankName: 'Bank 0 - HUD/Fonts',
      reason: 'Tile not assigned to this bank'
    },
    {
      bankName: 'Bank 1 - Game Tileset',
      reason: 'Tile not assigned to this bank'
    },
    {
      bankName: 'Bank 2 - Background/Status',
      reason: 'Tile not assigned to this bank'
    }
  ],
  banksReceived: 3
}
?? Tile not found in valid range: {
  tileId: 'tile_1776511854312',
  position: { x: 31, y: 12 },
  attempts: [
    {
      bankName: 'Bank 0 - HUD/Fonts',
      reason: 'Tile not assigned to this bank'
    },
    {
      bankName: 'Bank 1 - Game Tileset',
      reason: 'Tile not assigned to this bank'
    },
    {
      bankName: 'Bank 2 - Background/Status',
      reason: 'Tile not assigned to this bank'
    }
  ],
  banksReceived: 3
}
?? Tile not found in valid range: {
  tileId: 'tile_split_tile_1776511854312_0_0_1776878629578',
  position: { x: 1, y: 13 },
  attempts: [
    {
      bankName: 'Bank 0 - HUD/Fonts',
      reason: 'Tile not assigned to this bank'
    },
    {
      bankName: 'Bank 1 - Game Tileset',
      reason: 'Tile not assigned to this bank'
    },
    {
      bankName: 'Bank 2 - Background/Status',
      reason: 'Tile not assigned to this bank'
    }
  ],
  banksReceived: 3
}
?? Tile not found in valid range: {
  tileId: 'tile_split_tile_1776511854312_1_1_1776878629578',
  position: { x: 2, y: 13 },
  attempts: [
    {
      bankName: 'Bank 0 - HUD/Fonts',
      reason: 'Tile not assigned to this bank'
    },
    {
      bankName: 'Bank 1 - Game Tileset',
      reason: 'Tile not assigned to this bank'
    },
    {
      bankName: 'Bank 2 - Background/Status',
      reason: 'Tile not assigned to this bank'
    }
  ],
  banksReceived: 3
}
?? Tile not found in valid range: {
  tileId: 'tile_split_tile_1776511854312_1_1_1776878629578',
  position: { x: 3, y: 13 },
  attempts: [
    {
      bankName: 'Bank 0 - HUD/Fonts',
      reason: 'Tile not assigned to this bank'
    },
    {
      bankName: 'Bank 1 - Game Tileset',
      reason: 'Tile not assigned to this bank'
    },
    {
      bankName: 'Bank 2 - Background/Status',
      reason: 'Tile not assigned to this bank'
    }
  ],
  banksReceived: 3
}
?? Tile not found in valid range: {
  tileId: 'tile_1776514675238',
  position: { x: 8, y: 13 },
  attempts: [
    {
      bankName: 'Bank 0 - HUD/Fonts',
      reason: 'Tile not assigned to this bank'
    },
    {
      bankName: 'Bank 1 - Game Tileset',
      reason: 'Tile not assigned to this bank'
    },
    {
      bankName: 'Bank 2 - Background/Status',
      reason: 'Tile not assigned to this bank'
    }
  ],
  banksReceived: 3
}
?? Tile not found in valid range: {
  tileId: 'tile_1776514675238',
  position: { x: 13, y: 13 },
  attempts: [
    {
      bankName: 'Bank 0 - HUD/Fonts',
      reason: 'Tile not assigned to this bank'
    },
    {
      bankName: 'Bank 1 - Game Tileset',
      reason: 'Tile not assigned to this bank'
    },
    {
      bankName: 'Bank 2 - Background/Status',
      reason: 'Tile not assigned to this bank'
    }
  ],
  banksReceived: 3
}
?? Tile not found in valid range: {
  tileId: 'tile_1776511854312',
  position: { x: 14, y: 13 },
  attempts: [
    {
      bankName: 'Bank 0 - HUD/Fonts',
      reason: 'Tile not assigned to this bank'
    },
    {
      bankName: 'Bank 1 - Game Tileset',
      reason: 'Tile not assigned to this bank'
    },
    {
      bankName: 'Bank 2 - Background/Status',
      reason: 'Tile not assigned to this bank'
    }
  ],
  banksReceived: 3
}
?? Tile not found in valid range: {
  tileId: 'tile_1776511854312',
  position: { x: 15, y: 13 },
  attempts: [
    {
      bankName: 'Bank 0 - HUD/Fonts',
      reason: 'Tile not assigned to this bank'
    },
    {
      bankName: 'Bank 1 - Game Tileset',
      reason: 'Tile not assigned to this bank'
    },
    {
      bankName: 'Bank 2 - Background/Status',
      reason: 'Tile not assigned to this bank'
    }
  ],
  banksReceived: 3
}
?? Tile not found in valid range: {
  tileId: 'tile_1776511854312',
  position: { x: 31, y: 13 },
  attempts: [
    {
      bankName: 'Bank 0 - HUD/Fonts',
      reason: 'Tile not assigned to this bank'
    },
    {
      bankName: 'Bank 1 - Game Tileset',
      reason: 'Tile not assigned to this bank'
    },
    {
      bankName: 'Bank 2 - Background/Status',
      reason: 'Tile not assigned to this bank'
    }
  ],
  banksReceived: 3
}
?? Tile not found in valid range: {
  tileId: 'tile_split_tile_1776511854312_1_1_1776878629578',
  position: { x: 3, y: 14 },
  attempts: [
    {
      bankName: 'Bank 0 - HUD/Fonts',
      reason: 'Tile not assigned to this bank'
    },
    {
      bankName: 'Bank 1 - Game Tileset',
      reason: 'Tile not assigned to this bank'
    },
    {
      bankName: 'Bank 2 - Background/Status',
      reason: 'Tile not assigned to this bank'
    }
  ],
  banksReceived: 3
}
?? Tile not found in valid range: {
  tileId: 'tile_split_tile_1776511854312_0_0_1776878629578',
  position: { x: 4, y: 14 },
  attempts: [
    {
      bankName: 'Bank 0 - HUD/Fonts',
      reason: 'Tile not assigned to this bank'
    },
    {
      bankName: 'Bank 1 - Game Tileset',
      reason: 'Tile not assigned to this bank'
    },
    {
      bankName: 'Bank 2 - Background/Status',
      reason: 'Tile not assigned to this bank'
    }
  ],
  banksReceived: 3
}
?? Tile not found in valid range: {
  tileId: 'tile_split_tile_1776511854312_0_0_1776878629578',
  position: { x: 5, y: 14 },
  attempts: [
    {
      bankName: 'Bank 0 - HUD/Fonts',
      reason: 'Tile not assigned to this bank'
    },
    {
      bankName: 'Bank 1 - Game Tileset',
      reason: 'Tile not assigned to this bank'
    },
    {
      bankName: 'Bank 2 - Background/Status',
      reason: 'Tile not assigned to this bank'
    }
  ],
  banksReceived: 3
}
?? Tile not found in valid range: {
  tileId: 'tile_split_tile_1776511854312_1_1_1776878629578',
  position: { x: 6, y: 14 },
  attempts: [
    {
      bankName: 'Bank 0 - HUD/Fonts',
      reason: 'Tile not assigned to this bank'
    },
    {
      bankName: 'Bank 1 - Game Tileset',
      reason: 'Tile not assigned to this bank'
    },
    {
      bankName: 'Bank 2 - Background/Status',
      reason: 'Tile not assigned to this bank'
    }
  ],
  banksReceived: 3
}
?? Tile not found in valid range: {
  tileId: 'tile_1776514675238',
  position: { x: 8, y: 14 },
  attempts: [
    {
      bankName: 'Bank 0 - HUD/Fonts',
      reason: 'Tile not assigned to this bank'
    },
    {
      bankName: 'Bank 1 - Game Tileset',
      reason: 'Tile not assigned to this bank'
    },
    {
      bankName: 'Bank 2 - Background/Status',
      reason: 'Tile not assigned to this bank'
    }
  ],
  banksReceived: 3
}
?? Tile not found in valid range: {
  tileId: 'tile_1776514675238',
  position: { x: 13, y: 14 },
  attempts: [
    {
      bankName: 'Bank 0 - HUD/Fonts',
      reason: 'Tile not assigned to this bank'
    },
    {
      bankName: 'Bank 1 - Game Tileset',
      reason: 'Tile not assigned to this bank'
    },
    {
      bankName: 'Bank 2 - Background/Status',
      reason: 'Tile not assigned to this bank'
    }
  ],
  banksReceived: 3
}
?? Tile not found in valid range: {
  tileId: 'tile_1776511854312',
  position: { x: 31, y: 14 },
  attempts: [
    {
      bankName: 'Bank 0 - HUD/Fonts',
      reason: 'Tile not assigned to this bank'
    },
    {
      bankName: 'Bank 1 - Game Tileset',
      reason: 'Tile not assigned to this bank'
    },
    {
      bankName: 'Bank 2 - Background/Status',
      reason: 'Tile not assigned to this bank'
    }
  ],
  banksReceived: 3
}
?? Tile not found in valid range: {
  tileId: 'tile_1776514675238',
  position: { x: 8, y: 15 },
  attempts: [
    {
      bankName: 'Bank 0 - HUD/Fonts',
      reason: 'Tile not assigned to this bank'
    },
    {
      bankName: 'Bank 1 - Game Tileset',
      reason: 'Tile not assigned to this bank'
    },
    {
      bankName: 'Bank 2 - Background/Status',
      reason: 'Tile not assigned to this bank'
    }
  ],
  banksReceived: 3
}
?? Tile not found in valid range: {
  tileId: 'tile_1776514675238',
  position: { x: 13, y: 15 },
  attempts: [
    {
      bankName: 'Bank 0 - HUD/Fonts',
      reason: 'Tile not assigned to this bank'
    },
    {
      bankName: 'Bank 1 - Game Tileset',
      reason: 'Tile not assigned to this bank'
    },
    {
      bankName: 'Bank 2 - Background/Status',
      reason: 'Tile not assigned to this bank'
    }
  ],
  banksReceived: 3
}
?? Tile not found in valid range: {
  tileId: 'tile_1776511854312',
  position: { x: 31, y: 15 },
  attempts: [
    {
      bankName: 'Bank 0 - HUD/Fonts',
      reason: 'Tile not assigned to this bank'
    },
    {
      bankName: 'Bank 1 - Game Tileset',
      reason: 'Tile not assigned to this bank'
    },
    {
      bankName: 'Bank 2 - Background/Status',
      reason: 'Tile not assigned to this bank'
    }
  ],
  banksReceived: 3
}
?? Tile not found in valid range: {
  tileId: 'tile_1776514675238',
  position: { x: 8, y: 16 },
  attempts: [
    {
      bankName: 'Bank 0 - HUD/Fonts',
      reason: 'Tile not assigned to this bank'
    },
    {
      bankName: 'Bank 1 - Game Tileset',
      reason: 'Tile not assigned to this bank'
    },
    {
      bankName: 'Bank 2 - Background/Status',
      reason: 'Tile not assigned to this bank'
    }
  ],
  banksReceived: 3
}
?? Tile not found in valid range: {
  tileId: 'tile_1776514675238',
  position: { x: 13, y: 16 },
  attempts: [
    {
      bankName: 'Bank 0 - HUD/Fonts',
      reason: 'Tile not assigned to this bank'
    },
    {
      bankName: 'Bank 1 - Game Tileset',
      reason: 'Tile not assigned to this bank'
    },
    {
      bankName: 'Bank 2 - Background/Status',
      reason: 'Tile not assigned to this bank'
    }
  ],
  banksReceived: 3
}
?? Tile not found in valid range: {
  tileId: 'tile_1776511854312',
  position: { x: 31, y: 16 },
  attempts: [
    {
      bankName: 'Bank 0 - HUD/Fonts',
      reason: 'Tile not assigned to this bank'
    },
    {
      bankName: 'Bank 1 - Game Tileset',
      reason: 'Tile not assigned to this bank'
    },
    {
      bankName: 'Bank 2 - Background/Status',
      reason: 'Tile not assigned to this bank'
    }
  ],
  banksReceived: 3
}
?? Tile not found in valid range: {
  tileId: 'tile_1776514675238',
  position: { x: 8, y: 17 },
  attempts: [
    {
      bankName: 'Bank 0 - HUD/Fonts',
      reason: 'Tile not assigned to this bank'
    },
    {
      bankName: 'Bank 1 - Game Tileset',
      reason: 'Tile not assigned to this bank'
    },
    {
      bankName: 'Bank 2 - Background/Status',
      reason: 'Tile not assigned to this bank'
    }
  ],
  banksReceived: 3
}
?? Tile not found in valid range: {
  tileId: 'tile_1776514675238',
  position: { x: 13, y: 17 },
  attempts: [
    {
      bankName: 'Bank 0 - HUD/Fonts',
      reason: 'Tile not assigned to this bank'
    },
    {
      bankName: 'Bank 1 - Game Tileset',
      reason: 'Tile not assigned to this bank'
    },
    {
      bankName: 'Bank 2 - Background/Status',
      reason: 'Tile not assigned to this bank'
    }
  ],
  banksReceived: 3
}
?? Tile not found in valid range: {
  tileId: 'tile_1776511854312',
  position: { x: 19, y: 17 },
  attempts: [
    {
      bankName: 'Bank 0 - HUD/Fonts',
      reason: 'Tile not assigned to this bank'
    },
    {
      bankName: 'Bank 1 - Game Tileset',
      reason: 'Tile not assigned to this bank'
    },
    {
      bankName: 'Bank 2 - Background/Status',
      reason: 'Tile not assigned to this bank'
    }
  ],
  banksReceived: 3
}
?? Tile not found in valid range: {
  tileId: 'tile_1776511854312',
  position: { x: 31, y: 17 },
  attempts: [
    {
      bankName: 'Bank 0 - HUD/Fonts',
      reason: 'Tile not assigned to this bank'
    },
    {
      bankName: 'Bank 1 - Game Tileset',
      reason: 'Tile not assigned to this bank'
    },
    {
      bankName: 'Bank 2 - Background/Status',
      reason: 'Tile not assigned to this bank'
    }
  ],
  banksReceived: 3
}
?? Tile not found in valid range: {
  tileId: 'tile_1776514675238',
  position: { x: 8, y: 18 },
  attempts: [
    {
      bankName: 'Bank 0 - HUD/Fonts',
      reason: 'Tile not assigned to this bank'
    },
    {
      bankName: 'Bank 1 - Game Tileset',
      reason: 'Tile not assigned to this bank'
    },
    {
      bankName: 'Bank 2 - Background/Status',
      reason: 'Tile not assigned to this bank'
    }
  ],
  banksReceived: 3
}
?? Tile not found in valid range: {
  tileId: 'tile_1776511854312',
  position: { x: 9, y: 18 },
  attempts: [
    {
      bankName: 'Bank 0 - HUD/Fonts',
      reason: 'Tile not assigned to this bank'
    },
    {
      bankName: 'Bank 1 - Game Tileset',
      reason: 'Tile not assigned to this bank'
    },
    {
      bankName: 'Bank 2 - Background/Status',
      reason: 'Tile not assigned to this bank'
    }
  ],
  banksReceived: 3
}
?? Tile not found in valid range: {
  tileId: 'tile_1776511854312',
  position: { x: 10, y: 18 },
  attempts: [
    {
      bankName: 'Bank 0 - HUD/Fonts',
      reason: 'Tile not assigned to this bank'
    },
    {
      bankName: 'Bank 1 - Game Tileset',
      reason: 'Tile not assigned to this bank'
    },
    {
      bankName: 'Bank 2 - Background/Status',
      reason: 'Tile not assigned to this bank'
    }
  ],
  banksReceived: 3
}
?? Tile not found in valid range: {
  tileId: 'tile_1776514675238',
  position: { x: 13, y: 18 },
  attempts: [
    {
      bankName: 'Bank 0 - HUD/Fonts',
      reason: 'Tile not assigned to this bank'
    },
    {
      bankName: 'Bank 1 - Game Tileset',
      reason: 'Tile not assigned to this bank'
    },
    {
      bankName: 'Bank 2 - Background/Status',
      reason: 'Tile not assigned to this bank'
    }
  ],
  banksReceived: 3
}
?? Tile not found in valid range: {
  tileId: 'tile_1776511854312',
  position: { x: 19, y: 18 },
  attempts: [
    {
      bankName: 'Bank 0 - HUD/Fonts',
      reason: 'Tile not assigned to this bank'
    },
    {
      bankName: 'Bank 1 - Game Tileset',
      reason: 'Tile not assigned to this bank'
    },
    {
      bankName: 'Bank 2 - Background/Status',
      reason: 'Tile not assigned to this bank'
    }
  ],
  banksReceived: 3
}
?? Tile not found in valid range: {
  tileId: 'tile_1776511854312',
  position: { x: 31, y: 18 },
  attempts: [
    {
      bankName: 'Bank 0 - HUD/Fonts',
      reason: 'Tile not assigned to this bank'
    },
    {
      bankName: 'Bank 1 - Game Tileset',
      reason: 'Tile not assigned to this bank'
    },
    {
      bankName: 'Bank 2 - Background/Status',
      reason: 'Tile not assigned to this bank'
    }
  ],
  banksReceived: 3
}
?? Tile not found in valid range: {
  tileId: 'tile_1776514675238',
  position: { x: 8, y: 19 },
  attempts: [
    {
      bankName: 'Bank 0 - HUD/Fonts',
      reason: 'Tile not assigned to this bank'
    },
    {
      bankName: 'Bank 1 - Game Tileset',
      reason: 'Tile not assigned to this bank'
    },
    {
      bankName: 'Bank 2 - Background/Status',
      reason: 'Tile not assigned to this bank'
    }
  ],
  banksReceived: 3
}
?? Tile not found in valid range: {
  tileId: 'tile_1776511854312',
  position: { x: 9, y: 19 },
  attempts: [
    {
      bankName: 'Bank 0 - HUD/Fonts',
      reason: 'Tile not assigned to this bank'
    },
    {
      bankName: 'Bank 1 - Game Tileset',
      reason: 'Tile not assigned to this bank'
    },
    {
      bankName: 'Bank 2 - Background/Status',
      reason: 'Tile not assigned to this bank'
    }
  ],
  banksReceived: 3
}
?? Tile not found in valid range: {
  tileId: 'tile_1776511854312',
  position: { x: 10, y: 19 },
  attempts: [
    {
      bankName: 'Bank 0 - HUD/Fonts',
      reason: 'Tile not assigned to this bank'
    },
    {
      bankName: 'Bank 1 - Game Tileset',
      reason: 'Tile not assigned to this bank'
    },
    {
      bankName: 'Bank 2 - Background/Status',
      reason: 'Tile not assigned to this bank'
    }
  ],
  banksReceived: 3
}
?? Tile not found in valid range: {
  tileId: 'tile_1776514675238',
  position: { x: 13, y: 19 },
  attempts: [
    {
      bankName: 'Bank 0 - HUD/Fonts',
      reason: 'Tile not assigned to this bank'
    },
    {
      bankName: 'Bank 1 - Game Tileset',
      reason: 'Tile not assigned to this bank'
    },
    {
      bankName: 'Bank 2 - Background/Status',
      reason: 'Tile not assigned to this bank'
    }
  ],
  banksReceived: 3
}
?? Tile not found in valid range: {
  tileId: 'tile_1776511854312',
  position: { x: 31, y: 19 },
  attempts: [
    {
      bankName: 'Bank 0 - HUD/Fonts',
      reason: 'Tile not assigned to this bank'
    },
    {
      bankName: 'Bank 1 - Game Tileset',
      reason: 'Tile not assigned to this bank'
    },
    {
      bankName: 'Bank 2 - Background/Status',
      reason: 'Tile not assigned to this bank'
    }
  ],
  banksReceived: 3
}
?? Tile not found in valid range: {
  tileId: 'tile_1776511854312',
  position: { x: 4, y: 4 },
  attempts: [
    {
      bankName: 'Bank 0 - HUD/Fonts',
      reason: 'Tile not assigned to this bank'
    },
    {
      bankName: 'Bank 1 - Game Tileset',
      reason: 'Tile not assigned to this bank'
    },
    {
      bankName: 'Bank 2 - Background/Status',
      reason: 'Tile not assigned to this bank'
    }
  ],
  banksReceived: 3
}
?? Tile not found in valid range: {
  tileId: 'tile_1776511854312',
  position: { x: 5, y: 4 },
  attempts: [
    {
      bankName: 'Bank 0 - HUD/Fonts',
      reason: 'Tile not assigned to this bank'
    },
    {
      bankName: 'Bank 1 - Game Tileset',
      reason: 'Tile not assigned to this bank'
    },
    {
      bankName: 'Bank 2 - Background/Status',
      reason: 'Tile not assigned to this bank'
    }
  ],
  banksReceived: 3
}
?? Tile not found in valid range: {
  tileId: 'tile_1776511854312',
  position: { x: 6, y: 4 },
  attempts: [
    {
      bankName: 'Bank 0 - HUD/Fonts',
      reason: 'Tile not assigned to this bank'
    },
    {
      bankName: 'Bank 1 - Game Tileset',
      reason: 'Tile not assigned to this bank'
    },
    {
      bankName: 'Bank 2 - Background/Status',
      reason: 'Tile not assigned to this bank'
    }
  ],
  banksReceived: 3
}
?? Tile not found in valid range: {
  tileId: 'tile_1776511854312',
  position: { x: 7, y: 4 },
  attempts: [
    {
      bankName: 'Bank 0 - HUD/Fonts',
      reason: 'Tile not assigned to this bank'
    },
    {
      bankName: 'Bank 1 - Game Tileset',
      reason: 'Tile not assigned to this bank'
    },
    {
      bankName: 'Bank 2 - Background/Status',
      reason: 'Tile not assigned to this bank'
    }
  ],
  banksReceived: 3
}
?? Tile not found in valid range: {
  tileId: 'tile_1776511854312',
  position: { x: 8, y: 4 },
  attempts: [
    {
      bankName: 'Bank 0 - HUD/Fonts',
      reason: 'Tile not assigned to this bank'
    },
    {
      bankName: 'Bank 1 - Game Tileset',
      reason: 'Tile not assigned to this bank'
    },
    {
      bankName: 'Bank 2 - Background/Status',
      reason: 'Tile not assigned to this bank'
    }
  ],
  banksReceived: 3
}
?? Tile not found in valid range: {
  tileId: 'tile_1776511854312',
  position: { x: 9, y: 4 },
  attempts: [
    {
      bankName: 'Bank 0 - HUD/Fonts',
      reason: 'Tile not assigned to this bank'
    },
    {
      bankName: 'Bank 1 - Game Tileset',
      reason: 'Tile not assigned to this bank'
    },
    {
      bankName: 'Bank 2 - Background/Status',
      reason: 'Tile not assigned to this bank'
    }
  ],
  banksReceived: 3
}
?? Tile not found in valid range: {
  tileId: 'tile_1776511854312',
  position: { x: 10, y: 4 },
  attempts: [
    {
      bankName: 'Bank 0 - HUD/Fonts',
      reason: 'Tile not assigned to this bank'
    },
    {
      bankName: 'Bank 1 - Game Tileset',
      reason: 'Tile not assigned to this bank'
    },
    {
      bankName: 'Bank 2 - Background/Status',
      reason: 'Tile not assigned to this bank'
    }
  ],
  banksReceived: 3
}
?? Tile not found in valid range: {
  tileId: 'tile_1776511854312',
  position: { x: 11, y: 4 },
  attempts: [
    {
      bankName: 'Bank 0 - HUD/Fonts',
      reason: 'Tile not assigned to this bank'
    },
    {
      bankName: 'Bank 1 - Game Tileset',
      reason: 'Tile not assigned to this bank'
    },
    {
      bankName: 'Bank 2 - Background/Status',
      reason: 'Tile not assigned to this bank'
    }
  ],
  banksReceived: 3
}
?? Tile not found in valid range: {
  tileId: 'tile_1776511854312',
  position: { x: 12, y: 4 },
  attempts: [
    {
      bankName: 'Bank 0 - HUD/Fonts',
      reason: 'Tile not assigned to this bank'
    },
    {
      bankName: 'Bank 1 - Game Tileset',
      reason: 'Tile not assigned to this bank'
    },
    {
      bankName: 'Bank 2 - Background/Status',
      reason: 'Tile not assigned to this bank'
    }
  ],
  banksReceived: 3
}
?? Tile not found in valid range: {
  tileId: 'tile_1776511854312',
  position: { x: 13, y: 4 },
  attempts: [
    {
      bankName: 'Bank 0 - HUD/Fonts',
      reason: 'Tile not assigned to this bank'
    },
    {
      bankName: 'Bank 1 - Game Tileset',
      reason: 'Tile not assigned to this bank'
    },
    {
      bankName: 'Bank 2 - Background/Status',
      reason: 'Tile not assigned to this bank'
    }
  ],
  banksReceived: 3
}
?? Tile not found in valid range: {
  tileId: 'tile_1776511854312',
  position: { x: 14, y: 4 },
  attempts: [
    {
      bankName: 'Bank 0 - HUD/Fonts',
      reason: 'Tile not assigned to this bank'
    },
    {
      bankName: 'Bank 1 - Game Tileset',
      reason: 'Tile not assigned to this bank'
    },
    {
      bankName: 'Bank 2 - Background/Status',
      reason: 'Tile not assigned to this bank'
    }
  ],
  banksReceived: 3
}
?? Tile not found in valid range: {
  tileId: 'tile_1776511854312',
  position: { x: 15, y: 4 },
  attempts: [
    {
      bankName: 'Bank 0 - HUD/Fonts',
      reason: 'Tile not assigned to this bank'
    },
    {
      bankName: 'Bank 1 - Game Tileset',
      reason: 'Tile not assigned to this bank'
    },
    {
      bankName: 'Bank 2 - Background/Status',
      reason: 'Tile not assigned to this bank'
    }
  ],
  banksReceived: 3
}
?? Tile not found in valid range: {
  tileId: 'tile_1776511854312',
  position: { x: 16, y: 4 },
  attempts: [
    {
      bankName: 'Bank 0 - HUD/Fonts',
      reason: 'Tile not assigned to this bank'
    },
    {
      bankName: 'Bank 1 - Game Tileset',
      reason: 'Tile not assigned to this bank'
    },
    {
      bankName: 'Bank 2 - Background/Status',
      reason: 'Tile not assigned to this bank'
    }
  ],
  banksReceived: 3
}
?? Tile not found in valid range: {
  tileId: 'tile_1776511854312',
  position: { x: 17, y: 4 },
  attempts: [
    {
      bankName: 'Bank 0 - HUD/Fonts',
      reason: 'Tile not assigned to this bank'
    },
    {
      bankName: 'Bank 1 - Game Tileset',
      reason: 'Tile not assigned to this bank'
    },
    {
      bankName: 'Bank 2 - Background/Status',
      reason: 'Tile not assigned to this bank'
    }
  ],
  banksReceived: 3
}
?? Tile not found in valid range: {
  tileId: 'tile_1776511854312',
  position: { x: 18, y: 4 },
  attempts: [
    {
      bankName: 'Bank 0 - HUD/Fonts',
      reason: 'Tile not assigned to this bank'
    },
    {
      bankName: 'Bank 1 - Game Tileset',
      reason: 'Tile not assigned to this bank'
    },
    {
      bankName: 'Bank 2 - Background/Status',
      reason: 'Tile not assigned to this bank'
    }
  ],
  banksReceived: 3
}
?? Tile not found in valid range: {
  tileId: 'tile_1776511854312',
  position: { x: 19, y: 4 },
  attempts: [
    {
      bankName: 'Bank 0 - HUD/Fonts',
      reason: 'Tile not assigned to this bank'
    },
    {
      bankName: 'Bank 1 - Game Tileset',
      reason: 'Tile not assigned to this bank'
    },
    {
      bankName: 'Bank 2 - Background/Status',
      reason: 'Tile not assigned to this bank'
    }
  ],
  banksReceived: 3
}
?? Tile not found in valid range: {
  tileId: 'tile_1776511854312',
  position: { x: 20, y: 4 },
  attempts: [
    {
      bankName: 'Bank 0 - HUD/Fonts',
      reason: 'Tile not assigned to this bank'
    },
    {
      bankName: 'Bank 1 - Game Tileset',
      reason: 'Tile not assigned to this bank'
    },
    {
      bankName: 'Bank 2 - Background/Status',
      reason: 'Tile not assigned to this bank'
    }
  ],
  banksReceived: 3
}
?? Tile not found in valid range: {
  tileId: 'tile_1776511854312',
  position: { x: 21, y: 4 },
  attempts: [
    {
      bankName: 'Bank 0 - HUD/Fonts',
      reason: 'Tile not assigned to this bank'
    },
    {
      bankName: 'Bank 1 - Game Tileset',
      reason: 'Tile not assigned to this bank'
    },
    {
      bankName: 'Bank 2 - Background/Status',
      reason: 'Tile not assigned to this bank'
    }
  ],
  banksReceived: 3
}
?? Tile not found in valid range: {
  tileId: 'tile_1776511854312',
  position: { x: 22, y: 4 },
  attempts: [
    {
      bankName: 'Bank 0 - HUD/Fonts',
      reason: 'Tile not assigned to this bank'
    },
    {
      bankName: 'Bank 1 - Game Tileset',
      reason: 'Tile not assigned to this bank'
    },
    {
      bankName: 'Bank 2 - Background/Status',
      reason: 'Tile not assigned to this bank'
    }
  ],
  banksReceived: 3
}
?? Tile not found in valid range: {
  tileId: 'tile_1776511854312',
  position: { x: 23, y: 4 },
  attempts: [
    {
      bankName: 'Bank 0 - HUD/Fonts',
      reason: 'Tile not assigned to this bank'
    },
    {
      bankName: 'Bank 1 - Game Tileset',
      reason: 'Tile not assigned to this bank'
    },
    {
      bankName: 'Bank 2 - Background/Status',
      reason: 'Tile not assigned to this bank'
    }
  ],
  banksReceived: 3
}
?? Tile not found in valid range: {
  tileId: 'tile_1776511854312',
  position: { x: 24, y: 4 },
  attempts: [
    {
      bankName: 'Bank 0 - HUD/Fonts',
      reason: 'Tile not assigned to this bank'
    },
    {
      bankName: 'Bank 1 - Game Tileset',
      reason: 'Tile not assigned to this bank'
    },
    {
      bankName: 'Bank 2 - Background/Status',
      reason: 'Tile not assigned to this bank'
    }
  ],
  banksReceived: 3
}
?? Tile not found in valid range: {
  tileId: 'tile_1776511854312',
  position: { x: 25, y: 4 },
  attempts: [
    {
      bankName: 'Bank 0 - HUD/Fonts',
      reason: 'Tile not assigned to this bank'
    },
    {
      bankName: 'Bank 1 - Game Tileset',
      reason: 'Tile not assigned to this bank'
    },
    {
      bankName: 'Bank 2 - Background/Status',
      reason: 'Tile not assigned to this bank'
    }
  ],
  banksReceived: 3
}
?? Tile not found in valid range: {
  tileId: 'tile_1776511854312',
  position: { x: 26, y: 4 },
  attempts: [
    {
      bankName: 'Bank 0 - HUD/Fonts',
      reason: 'Tile not assigned to this bank'
    },
    {
      bankName: 'Bank 1 - Game Tileset',
      reason: 'Tile not assigned to this bank'
    },
    {
      bankName: 'Bank 2 - Background/Status',
      reason: 'Tile not assigned to this bank'
    }
  ],
  banksReceived: 3
}
?? Tile not found in valid range: {
  tileId: 'tile_1776511854312',
  position: { x: 27, y: 4 },
  attempts: [
    {
      bankName: 'Bank 0 - HUD/Fonts',
      reason: 'Tile not assigned to this bank'
    },
    {
      bankName: 'Bank 1 - Game Tileset',
      reason: 'Tile not assigned to this bank'
    },
    {
      bankName: 'Bank 2 - Background/Status',
      reason: 'Tile not assigned to this bank'
    }
  ],
  banksReceived: 3
}
?? Tile not found in valid range: {
  tileId: 'tile_1776511854312',
  position: { x: 28, y: 4 },
  attempts: [
    {
      bankName: 'Bank 0 - HUD/Fonts',
      reason: 'Tile not assigned to this bank'
    },
    {
      bankName: 'Bank 1 - Game Tileset',
      reason: 'Tile not assigned to this bank'
    },
    {
      bankName: 'Bank 2 - Background/Status',
      reason: 'Tile not assigned to this bank'
    }
  ],
  banksReceived: 3
}
?? Tile not found in valid range: {
  tileId: 'tile_1776511854312',
  position: { x: 29, y: 4 },
  attempts: [
    {
      bankName: 'Bank 0 - HUD/Fonts',
      reason: 'Tile not assigned to this bank'
    },
    {
      bankName: 'Bank 1 - Game Tileset',
      reason: 'Tile not assigned to this bank'
    },
    {
      bankName: 'Bank 2 - Background/Status',
      reason: 'Tile not assigned to this bank'
    }
  ],
  banksReceived: 3
}
?? Tile not found in valid range: {
  tileId: 'tile_1776511854312',
  position: { x: 30, y: 4 },
  attempts: [
    {
      bankName: 'Bank 0 - HUD/Fonts',
      reason: 'Tile not assigned to this bank'
    },
    {
      bankName: 'Bank 1 - Game Tileset',
      reason: 'Tile not assigned to this bank'
    },
    {
      bankName: 'Bank 2 - Background/Status',
      reason: 'Tile not assigned to this bank'
    }
  ],
  banksReceived: 3
}
?? Tile not found in valid range: {
  tileId: 'tile_1776511854312',
  position: { x: 31, y: 4 },
  attempts: [
    {
      bankName: 'Bank 0 - HUD/Fonts',
      reason: 'Tile not assigned to this bank'
    },
    {
      bankName: 'Bank 1 - Game Tileset',
      reason: 'Tile not assigned to this bank'
    },
    {
      bankName: 'Bank 2 - Background/Status',
      reason: 'Tile not assigned to this bank'
    }
  ],
  banksReceived: 3
}
?? Tile not found in valid range: {
  tileId: 'tile_1776511854312',
  position: { x: 31, y: 5 },
  attempts: [
    {
      bankName: 'Bank 0 - HUD/Fonts',
      reason: 'Tile not assigned to this bank'
    },
    {
      bankName: 'Bank 1 - Game Tileset',
      reason: 'Tile not assigned to this bank'
    },
    {
      bankName: 'Bank 2 - Background/Status',
      reason: 'Tile not assigned to this bank'
    }
  ],
  banksReceived: 3
}
?? Tile not found in valid range: {
  tileId: 'tile_1776777705689',
  position: { x: 2, y: 6 },
  attempts: [
    {
      bankName: 'Bank 0 - HUD/Fonts',
      reason: 'Tile not assigned to this bank'
    },
    {
      bankName: 'Bank 1 - Game Tileset',
      reason: 'Tile not assigned to this bank'
    },
    {
      bankName: 'Bank 2 - Background/Status',
      reason: 'Tile not assigned to this bank'
    }
  ],
  banksReceived: 3
}
?? Tile not found in valid range: {
  tileId: 'tile_1776511854312',
  position: { x: 31, y: 6 },
  attempts: [
    {
      bankName: 'Bank 0 - HUD/Fonts',
      reason: 'Tile not assigned to this bank'
    },
    {
      bankName: 'Bank 1 - Game Tileset',
      reason: 'Tile not assigned to this bank'
    },
    {
      bankName: 'Bank 2 - Background/Status',
      reason: 'Tile not assigned to this bank'
    }
  ],
  banksReceived: 3
}
?? Tile not found in valid range: {
  tileId: 'tile_split_tile_1776511854312_1_1_1776878629578',
  position: { x: 1, y: 7 },
  attempts: [
    {
      bankName: 'Bank 0 - HUD/Fonts',
      reason: 'Tile not assigned to this bank'
    },
    {
      bankName: 'Bank 1 - Game Tileset',
      reason: 'Tile not assigned to this bank'
    },
    {
      bankName: 'Bank 2 - Background/Status',
      reason: 'Tile not assigned to this bank'
    }
  ],
  banksReceived: 3
}
?? Tile not found in valid range: {
  tileId: 'tile_split_tile_1776511854312_1_1_1776878629578',
  position: { x: 2, y: 7 },
  attempts: [
    {
      bankName: 'Bank 0 - HUD/Fonts',
      reason: 'Tile not assigned to this bank'
    },
    {
      bankName: 'Bank 1 - Game Tileset',
      reason: 'Tile not assigned to this bank'
    },
    {
      bankName: 'Bank 2 - Background/Status',
      reason: 'Tile not assigned to this bank'
    }
  ],
  banksReceived: 3
}
?? Tile not found in valid range: {
  tileId: 'tile_split_tile_1776511854312_1_1_1776878629578',
  position: { x: 3, y: 7 },
  attempts: [
    {
      bankName: 'Bank 0 - HUD/Fonts',
      reason: 'Tile not assigned to this bank'
    },
    {
      bankName: 'Bank 1 - Game Tileset',
      reason: 'Tile not assigned to this bank'
    },
    {
      bankName: 'Bank 2 - Background/Status',
      reason: 'Tile not assigned to this bank'
    }
  ],
  banksReceived: 3
}
?? Tile not found in valid range: {
  tileId: 'tile_1776878493940',
  position: { x: 31, y: 7 },
  attempts: [
    {
      bankName: 'Bank 0 - HUD/Fonts',
      reason: 'Tile not assigned to this bank'
    },
    {
      bankName: 'Bank 1 - Game Tileset',
      reason: 'Tile not assigned to this bank'
    },
    {
      bankName: 'Bank 2 - Background/Status',
      reason: 'Tile not assigned to this bank'
    }
  ],
  banksReceived: 3
}
?? Tile not found in valid range: {
  tileId: 'tile_1776777705689',
  position: { x: 27, y: 8 },
  attempts: [
    {
      bankName: 'Bank 0 - HUD/Fonts',
      reason: 'Tile not assigned to this bank'
    },
    {
      bankName: 'Bank 1 - Game Tileset',
      reason: 'Tile not assigned to this bank'
    },
    {
      bankName: 'Bank 2 - Background/Status',
      reason: 'Tile not assigned to this bank'
    }
  ],
  banksReceived: 3
}
?? Tile not found in valid range: {
  tileId: 'tile_1776878493940',
  position: { x: 31, y: 8 },
  attempts: [
    {
      bankName: 'Bank 0 - HUD/Fonts',
      reason: 'Tile not assigned to this bank'
    },
    {
      bankName: 'Bank 1 - Game Tileset',
      reason: 'Tile not assigned to this bank'
    },
    {
      bankName: 'Bank 2 - Background/Status',
      reason: 'Tile not assigned to this bank'
    }
  ],
  banksReceived: 3
}
?? Tile not found in valid range: {
  tileId: 'tile_1776511854312',
  position: { x: 26, y: 9 },
  attempts: [
    {
      bankName: 'Bank 0 - HUD/Fonts',
      reason: 'Tile not assigned to this bank'
    },
    {
      bankName: 'Bank 1 - Game Tileset',
      reason: 'Tile not assigned to this bank'
    },
    {
      bankName: 'Bank 2 - Background/Status',
      reason: 'Tile not assigned to this bank'
    }
  ],
  banksReceived: 3
}
?? Tile not found in valid range: {
  tileId: 'tile_1776511854312',
  position: { x: 27, y: 9 },
  attempts: [
    {
      bankName: 'Bank 0 - HUD/Fonts',
      reason: 'Tile not assigned to this bank'
    },
    {
      bankName: 'Bank 1 - Game Tileset',
      reason: 'Tile not assigned to this bank'
    },
    {
      bankName: 'Bank 2 - Background/Status',
      reason: 'Tile not assigned to this bank'
    }
  ],
  banksReceived: 3
}
?? Tile not found in valid range: {
  tileId: 'tile_1776511854312',
  position: { x: 28, y: 9 },
  attempts: [
    {
      bankName: 'Bank 0 - HUD/Fonts',
      reason: 'Tile not assigned to this bank'
    },
    {
      bankName: 'Bank 1 - Game Tileset',
      reason: 'Tile not assigned to this bank'
    },
    {
      bankName: 'Bank 2 - Background/Status',
      reason: 'Tile not assigned to this bank'
    }
  ],
  banksReceived: 3
}
?? Tile not found in valid range: {
  tileId: 'tile_1776511854312',
  position: { x: 29, y: 9 },
  attempts: [
    {
      bankName: 'Bank 0 - HUD/Fonts',
      reason: 'Tile not assigned to this bank'
    },
    {
      bankName: 'Bank 1 - Game Tileset',
      reason: 'Tile not assigned to this bank'
    },
    {
      bankName: 'Bank 2 - Background/Status',
      reason: 'Tile not assigned to this bank'
    }
  ],
  banksReceived: 3
}
?? Tile not found in valid range: {
  tileId: 'tile_split_tile_1776511854312_0_0_1776878629578',
  position: { x: 30, y: 9 },
  attempts: [
    {
      bankName: 'Bank 0 - HUD/Fonts',
      reason: 'Tile not assigned to this bank'
    },
    {
      bankName: 'Bank 1 - Game Tileset',
      reason: 'Tile not assigned to this bank'
    },
    {
      bankName: 'Bank 2 - Background/Status',
      reason: 'Tile not assigned to this bank'
    }
  ],
  banksReceived: 3
}
?? Tile not found in valid range: {
  tileId: 'tile_1776511854312',
  position: { x: 31, y: 9 },
  attempts: [
    {
      bankName: 'Bank 0 - HUD/Fonts',
      reason: 'Tile not assigned to this bank'
    },
    {
      bankName: 'Bank 1 - Game Tileset',
      reason: 'Tile not assigned to this bank'
    },
    {
      bankName: 'Bank 2 - Background/Status',
      reason: 'Tile not assigned to this bank'
    }
  ],
  banksReceived: 3
}
?? Tile not found in valid range: {
  tileId: 'tile_1776514675238',
  position: { x: 8, y: 10 },
  attempts: [
    {
      bankName: 'Bank 0 - HUD/Fonts',
      reason: 'Tile not assigned to this bank'
    },
    {
      bankName: 'Bank 1 - Game Tileset',
      reason: 'Tile not assigned to this bank'
    },
    {
      bankName: 'Bank 2 - Background/Status',
      reason: 'Tile not assigned to this bank'
    }
  ],
  banksReceived: 3
}
?? Tile not found in valid range: {
  tileId: 'tile_1776787618678',
  position: { x: 10, y: 10 },
  attempts: [
    {
      bankName: 'Bank 0 - HUD/Fonts',
      reason: 'Tile not assigned to this bank'
    },
    {
      bankName: 'Bank 1 - Game Tileset',
      reason: 'Tile not assigned to this bank'
    },
    {
      bankName: 'Bank 2 - Background/Status',
      reason: 'Tile not assigned to this bank'
    }
  ],
  banksReceived: 3
}
?? Tile not found in valid range: {
  tileId: 'tile_1776777705689',
  position: { x: 18, y: 10 },
  attempts: [
    {
      bankName: 'Bank 0 - HUD/Fonts',
      reason: 'Tile not assigned to this bank'
    },
    {
      bankName: 'Bank 1 - Game Tileset',
      reason: 'Tile not assigned to this bank'
    },
    {
      bankName: 'Bank 2 - Background/Status',
      reason: 'Tile not assigned to this bank'
    }
  ],
  banksReceived: 3
}
?? Tile not found in valid range: {
  tileId: 'tile_1776511854312',
  position: { x: 31, y: 10 },
  attempts: [
    {
      bankName: 'Bank 0 - HUD/Fonts',
      reason: 'Tile not assigned to this bank'
    },
    {
      bankName: 'Bank 1 - Game Tileset',
      reason: 'Tile not assigned to this bank'
    },
    {
      bankName: 'Bank 2 - Background/Status',
      reason: 'Tile not assigned to this bank'
    }
  ],
  banksReceived: 3
}
?? Tile not found in valid range: {
  tileId: 'tile_1776514675238',
  position: { x: 8, y: 11 },
  attempts: [
    {
      bankName: 'Bank 0 - HUD/Fonts',
      reason: 'Tile not assigned to this bank'
    },
    {
      bankName: 'Bank 1 - Game Tileset',
      reason: 'Tile not assigned to this bank'
    },
    {
      bankName: 'Bank 2 - Background/Status',
      reason: 'Tile not assigned to this bank'
    }
  ],
  banksReceived: 3
}
?? Tile not found in valid range: {
  tileId: 'tile_1776511854312',
  position: { x: 9, y: 11 },
  attempts: [
    {
      bankName: 'Bank 0 - HUD/Fonts',
      reason: 'Tile not assigned to this bank'
    },
    {
      bankName: 'Bank 1 - Game Tileset',
      reason: 'Tile not assigned to this bank'
    },
    {
      bankName: 'Bank 2 - Background/Status',
      reason: 'Tile not assigned to this bank'
    }
  ],
  banksReceived: 3
}
?? Tile not found in valid range: {
  tileId: 'tile_1776511854312',
  position: { x: 10, y: 11 },
  attempts: [
    {
      bankName: 'Bank 0 - HUD/Fonts',
      reason: 'Tile not assigned to this bank'
    },
    {
      bankName: 'Bank 1 - Game Tileset',
      reason: 'Tile not assigned to this bank'
    },
    {
      bankName: 'Bank 2 - Background/Status',
      reason: 'Tile not assigned to this bank'
    }
  ],
  banksReceived: 3
}
?? Tile not found in valid range: {
  tileId: 'tile_1776511854312',
  position: { x: 18, y: 11 },
  attempts: [
    {
      bankName: 'Bank 0 - HUD/Fonts',
      reason: 'Tile not assigned to this bank'
    },
    {
      bankName: 'Bank 1 - Game Tileset',
      reason: 'Tile not assigned to this bank'
    },
    {
      bankName: 'Bank 2 - Background/Status',
      reason: 'Tile not assigned to this bank'
    }
  ],
  banksReceived: 3
}
?? Tile not found in valid range: {
  tileId: 'tile_1776511854312',
  position: { x: 19, y: 11 },
  attempts: [
    {
      bankName: 'Bank 0 - HUD/Fonts',
      reason: 'Tile not assigned to this bank'
    },
    {
      bankName: 'Bank 1 - Game Tileset',
      reason: 'Tile not assigned to this bank'
    },
    {
      bankName: 'Bank 2 - Background/Status',
      reason: 'Tile not assigned to this bank'
    }
  ],
  banksReceived: 3
}
?? Tile not found in valid range: {
  tileId: 'tile_1776511854312',
  position: { x: 31, y: 11 },
  attempts: [
    {
      bankName: 'Bank 0 - HUD/Fonts',
      reason: 'Tile not assigned to this bank'
    },
    {
      bankName: 'Bank 1 - Game Tileset',
      reason: 'Tile not assigned to this bank'
    },
    {
      bankName: 'Bank 2 - Background/Status',
      reason: 'Tile not assigned to this bank'
    }
  ],
  banksReceived: 3
}
?? Tile not found in valid range: {
  tileId: 'tile_1776787618678',
  position: { x: 3, y: 12 },
  attempts: [
    {
      bankName: 'Bank 0 - HUD/Fonts',
      reason: 'Tile not assigned to this bank'
    },
    {
      bankName: 'Bank 1 - Game Tileset',
      reason: 'Tile not assigned to this bank'
    },
    {
      bankName: 'Bank 2 - Background/Status',
      reason: 'Tile not assigned to this bank'
    }
  ],
  banksReceived: 3
}
?? Tile not found in valid range: {
  tileId: 'tile_1776514675238',
  position: { x: 8, y: 12 },
  attempts: [
    {
      bankName: 'Bank 0 - HUD/Fonts',
      reason: 'Tile not assigned to this bank'
    },
    {
      bankName: 'Bank 1 - Game Tileset',
      reason: 'Tile not assigned to this bank'
    },
    {
      bankName: 'Bank 2 - Background/Status',
      reason: 'Tile not assigned to this bank'
    }
  ],
  banksReceived: 3
}
?? Tile not found in valid range: {
  tileId: 'tile_1776511854312',
  position: { x: 9, y: 12 },
  attempts: [
    {
      bankName: 'Bank 0 - HUD/Fonts',
      reason: 'Tile not assigned to this bank'
    },
    {
      bankName: 'Bank 1 - Game Tileset',
      reason: 'Tile not assigned to this bank'
    },
    {
      bankName: 'Bank 2 - Background/Status',
      reason: 'Tile not assigned to this bank'
    }
  ],
  banksReceived: 3
}
?? Tile not found in valid range: {
  tileId: 'tile_1776511854312',
  position: { x: 10, y: 12 },
  attempts: [
    {
      bankName: 'Bank 0 - HUD/Fonts',
      reason: 'Tile not assigned to this bank'
    },
    {
      bankName: 'Bank 1 - Game Tileset',
      reason: 'Tile not assigned to this bank'
    },
    {
      bankName: 'Bank 2 - Background/Status',
      reason: 'Tile not assigned to this bank'
    }
  ],
  banksReceived: 3
}
?? Tile not found in valid range: {
  tileId: 'tile_1776514675238',
  position: { x: 13, y: 12 },
  attempts: [
    {
      bankName: 'Bank 0 - HUD/Fonts',
      reason: 'Tile not assigned to this bank'
    },
    {
      bankName: 'Bank 1 - Game Tileset',
      reason: 'Tile not assigned to this bank'
    },
    {
      bankName: 'Bank 2 - Background/Status',
      reason: 'Tile not assigned to this bank'
    }
  ],
  banksReceived: 3
}
?? Tile not found in valid range: {
  tileId: 'tile_1776787618678',
  position: { x: 15, y: 12 },
  attempts: [
    {
      bankName: 'Bank 0 - HUD/Fonts',
      reason: 'Tile not assigned to this bank'
    },
    {
      bankName: 'Bank 1 - Game Tileset',
      reason: 'Tile not assigned to this bank'
    },
    {
      bankName: 'Bank 2 - Background/Status',
      reason: 'Tile not assigned to this bank'
    }
  ],
  banksReceived: 3
}
?? Tile not found in valid range: {
  tileId: 'tile_1776511854312',
  position: { x: 31, y: 12 },
  attempts: [
    {
      bankName: 'Bank 0 - HUD/Fonts',
      reason: 'Tile not assigned to this bank'
    },
    {
      bankName: 'Bank 1 - Game Tileset',
      reason: 'Tile not assigned to this bank'
    },
    {
      bankName: 'Bank 2 - Background/Status',
      reason: 'Tile not assigned to this bank'
    }
  ],
  banksReceived: 3
}
?? Tile not found in valid range: {
  tileId: 'tile_split_tile_1776511854312_0_0_1776878629578',
  position: { x: 1, y: 13 },
  attempts: [
    {
      bankName: 'Bank 0 - HUD/Fonts',
      reason: 'Tile not assigned to this bank'
    },
    {
      bankName: 'Bank 1 - Game Tileset',
      reason: 'Tile not assigned to this bank'
    },
    {
      bankName: 'Bank 2 - Background/Status',
      reason: 'Tile not assigned to this bank'
    }
  ],
  banksReceived: 3
}
?? Tile not found in valid range: {
  tileId: 'tile_split_tile_1776511854312_1_1_1776878629578',
  position: { x: 2, y: 13 },
  attempts: [
    {
      bankName: 'Bank 0 - HUD/Fonts',
      reason: 'Tile not assigned to this bank'
    },
    {
      bankName: 'Bank 1 - Game Tileset',
      reason: 'Tile not assigned to this bank'
    },
    {
      bankName: 'Bank 2 - Background/Status',
      reason: 'Tile not assigned to this bank'
    }
  ],
  banksReceived: 3
}
?? Tile not found in valid range: {
  tileId: 'tile_split_tile_1776511854312_1_1_1776878629578',
  position: { x: 3, y: 13 },
  attempts: [
    {
      bankName: 'Bank 0 - HUD/Fonts',
      reason: 'Tile not assigned to this bank'
    },
    {
      bankName: 'Bank 1 - Game Tileset',
      reason: 'Tile not assigned to this bank'
    },
    {
      bankName: 'Bank 2 - Background/Status',
      reason: 'Tile not assigned to this bank'
    }
  ],
  banksReceived: 3
}
?? Tile not found in valid range: {
  tileId: 'tile_1776514675238',
  position: { x: 8, y: 13 },
  attempts: [
    {
      bankName: 'Bank 0 - HUD/Fonts',
      reason: 'Tile not assigned to this bank'
    },
    {
      bankName: 'Bank 1 - Game Tileset',
      reason: 'Tile not assigned to this bank'
    },
    {
      bankName: 'Bank 2 - Background/Status',
      reason: 'Tile not assigned to this bank'
    }
  ],
  banksReceived: 3
}
?? Tile not found in valid range: {
  tileId: 'tile_1776514675238',
  position: { x: 13, y: 13 },
  attempts: [
    {
      bankName: 'Bank 0 - HUD/Fonts',
      reason: 'Tile not assigned to this bank'
    },
    {
      bankName: 'Bank 1 - Game Tileset',
      reason: 'Tile not assigned to this bank'
    },
    {
      bankName: 'Bank 2 - Background/Status',
      reason: 'Tile not assigned to this bank'
    }
  ],
  banksReceived: 3
}
?? Tile not found in valid range: {
  tileId: 'tile_1776511854312',
  position: { x: 14, y: 13 },
  attempts: [
    {
      bankName: 'Bank 0 - HUD/Fonts',
      reason: 'Tile not assigned to this bank'
    },
    {
      bankName: 'Bank 1 - Game Tileset',
      reason: 'Tile not assigned to this bank'
    },
    {
      bankName: 'Bank 2 - Background/Status',
      reason: 'Tile not assigned to this bank'
    }
  ],
  banksReceived: 3
}
?? Tile not found in valid range: {
  tileId: 'tile_1776511854312',
  position: { x: 15, y: 13 },
  attempts: [
    {
      bankName: 'Bank 0 - HUD/Fonts',
      reason: 'Tile not assigned to this bank'
    },
    {
      bankName: 'Bank 1 - Game Tileset',
      reason: 'Tile not assigned to this bank'
    },
    {
      bankName: 'Bank 2 - Background/Status',
      reason: 'Tile not assigned to this bank'
    }
  ],
  banksReceived: 3
}
?? Tile not found in valid range: {
  tileId: 'tile_1776511854312',
  position: { x: 31, y: 13 },
  attempts: [
    {
      bankName: 'Bank 0 - HUD/Fonts',
      reason: 'Tile not assigned to this bank'
    },
    {
      bankName: 'Bank 1 - Game Tileset',
      reason: 'Tile not assigned to this bank'
    },
    {
      bankName: 'Bank 2 - Background/Status',
      reason: 'Tile not assigned to this bank'
    }
  ],
  banksReceived: 3
}
?? Tile not found in valid range: {
  tileId: 'tile_split_tile_1776511854312_1_1_1776878629578',
  position: { x: 3, y: 14 },
  attempts: [
    {
      bankName: 'Bank 0 - HUD/Fonts',
      reason: 'Tile not assigned to this bank'
    },
    {
      bankName: 'Bank 1 - Game Tileset',
      reason: 'Tile not assigned to this bank'
    },
    {
      bankName: 'Bank 2 - Background/Status',
      reason: 'Tile not assigned to this bank'
    }
  ],
  banksReceived: 3
}
?? Tile not found in valid range: {
  tileId: 'tile_split_tile_1776511854312_0_0_1776878629578',
  position: { x: 4, y: 14 },
  attempts: [
    {
      bankName: 'Bank 0 - HUD/Fonts',
      reason: 'Tile not assigned to this bank'
    },
    {
      bankName: 'Bank 1 - Game Tileset',
      reason: 'Tile not assigned to this bank'
    },
    {
      bankName: 'Bank 2 - Background/Status',
      reason: 'Tile not assigned to this bank'
    }
  ],
  banksReceived: 3
}
?? Tile not found in valid range: {
  tileId: 'tile_split_tile_1776511854312_0_0_1776878629578',
  position: { x: 5, y: 14 },
  attempts: [
    {
      bankName: 'Bank 0 - HUD/Fonts',
      reason: 'Tile not assigned to this bank'
    },
    {
      bankName: 'Bank 1 - Game Tileset',
      reason: 'Tile not assigned to this bank'
    },
    {
      bankName: 'Bank 2 - Background/Status',
      reason: 'Tile not assigned to this bank'
    }
  ],
  banksReceived: 3
}
?? Tile not found in valid range: {
  tileId: 'tile_split_tile_1776511854312_1_1_1776878629578',
  position: { x: 6, y: 14 },
  attempts: [
    {
      bankName: 'Bank 0 - HUD/Fonts',
      reason: 'Tile not assigned to this bank'
    },
    {
      bankName: 'Bank 1 - Game Tileset',
      reason: 'Tile not assigned to this bank'
    },
    {
      bankName: 'Bank 2 - Background/Status',
      reason: 'Tile not assigned to this bank'
    }
  ],
  banksReceived: 3
}
?? Tile not found in valid range: {
  tileId: 'tile_1776514675238',
  position: { x: 8, y: 14 },
  attempts: [
    {
      bankName: 'Bank 0 - HUD/Fonts',
      reason: 'Tile not assigned to this bank'
    },
    {
      bankName: 'Bank 1 - Game Tileset',
      reason: 'Tile not assigned to this bank'
    },
    {
      bankName: 'Bank 2 - Background/Status',
      reason: 'Tile not assigned to this bank'
    }
  ],
  banksReceived: 3
}
?? Tile not found in valid range: {
  tileId: 'tile_1776514675238',
  position: { x: 13, y: 14 },
  attempts: [
    {
      bankName: 'Bank 0 - HUD/Fonts',
      reason: 'Tile not assigned to this bank'
    },
    {
      bankName: 'Bank 1 - Game Tileset',
      reason: 'Tile not assigned to this bank'
    },
    {
      bankName: 'Bank 2 - Background/Status',
      reason: 'Tile not assigned to this bank'
    }
  ],
  banksReceived: 3
}
?? Tile not found in valid range: {
  tileId: 'tile_1776511854312',
  position: { x: 31, y: 14 },
  attempts: [
    {
      bankName: 'Bank 0 - HUD/Fonts',
      reason: 'Tile not assigned to this bank'
    },
    {
      bankName: 'Bank 1 - Game Tileset',
      reason: 'Tile not assigned to this bank'
    },
    {
      bankName: 'Bank 2 - Background/Status',
      reason: 'Tile not assigned to this bank'
    }
  ],
  banksReceived: 3
}
?? Tile not found in valid range: {
  tileId: 'tile_1776514675238',
  position: { x: 8, y: 15 },
  attempts: [
    {
      bankName: 'Bank 0 - HUD/Fonts',
      reason: 'Tile not assigned to this bank'
    },
    {
      bankName: 'Bank 1 - Game Tileset',
      reason: 'Tile not assigned to this bank'
    },
    {
      bankName: 'Bank 2 - Background/Status',
      reason: 'Tile not assigned to this bank'
    }
  ],
  banksReceived: 3
}
?? Tile not found in valid range: {
  tileId: 'tile_1776514675238',
  position: { x: 13, y: 15 },
  attempts: [
    {
      bankName: 'Bank 0 - HUD/Fonts',
      reason: 'Tile not assigned to this bank'
    },
    {
      bankName: 'Bank 1 - Game Tileset',
      reason: 'Tile not assigned to this bank'
    },
    {
      bankName: 'Bank 2 - Background/Status',
      reason: 'Tile not assigned to this bank'
    }
  ],
  banksReceived: 3
}
?? Tile not found in valid range: {
  tileId: 'tile_1776511854312',
  position: { x: 31, y: 15 },
  attempts: [
    {
      bankName: 'Bank 0 - HUD/Fonts',
      reason: 'Tile not assigned to this bank'
    },
    {
      bankName: 'Bank 1 - Game Tileset',
      reason: 'Tile not assigned to this bank'
    },
    {
      bankName: 'Bank 2 - Background/Status',
      reason: 'Tile not assigned to this bank'
    }
  ],
  banksReceived: 3
}
?? Tile not found in valid range: {
  tileId: 'tile_1776514675238',
  position: { x: 8, y: 16 },
  attempts: [
    {
      bankName: 'Bank 0 - HUD/Fonts',
      reason: 'Tile not assigned to this bank'
    },
    {
      bankName: 'Bank 1 - Game Tileset',
      reason: 'Tile not assigned to this bank'
    },
    {
      bankName: 'Bank 2 - Background/Status',
      reason: 'Tile not assigned to this bank'
    }
  ],
  banksReceived: 3
}
?? Tile not found in valid range: {
  tileId: 'tile_1776514675238',
  position: { x: 13, y: 16 },
  attempts: [
    {
      bankName: 'Bank 0 - HUD/Fonts',
      reason: 'Tile not assigned to this bank'
    },
    {
      bankName: 'Bank 1 - Game Tileset',
      reason: 'Tile not assigned to this bank'
    },
    {
      bankName: 'Bank 2 - Background/Status',
      reason: 'Tile not assigned to this bank'
    }
  ],
  banksReceived: 3
}
?? Tile not found in valid range: {
  tileId: 'tile_1776511854312',
  position: { x: 31, y: 16 },
  attempts: [
    {
      bankName: 'Bank 0 - HUD/Fonts',
      reason: 'Tile not assigned to this bank'
    },
    {
      bankName: 'Bank 1 - Game Tileset',
      reason: 'Tile not assigned to this bank'
    },
    {
      bankName: 'Bank 2 - Background/Status',
      reason: 'Tile not assigned to this bank'
    }
  ],
  banksReceived: 3
}
?? Tile not found in valid range: {
  tileId: 'tile_1776514675238',
  position: { x: 8, y: 17 },
  attempts: [
    {
      bankName: 'Bank 0 - HUD/Fonts',
      reason: 'Tile not assigned to this bank'
    },
    {
      bankName: 'Bank 1 - Game Tileset',
      reason: 'Tile not assigned to this bank'
    },
    {
      bankName: 'Bank 2 - Background/Status',
      reason: 'Tile not assigned to this bank'
    }
  ],
  banksReceived: 3
}
?? Tile not found in valid range: {
  tileId: 'tile_1776514675238',
  position: { x: 13, y: 17 },
  attempts: [
    {
      bankName: 'Bank 0 - HUD/Fonts',
      reason: 'Tile not assigned to this bank'
    },
    {
      bankName: 'Bank 1 - Game Tileset',
      reason: 'Tile not assigned to this bank'
    },
    {
      bankName: 'Bank 2 - Background/Status',
      reason: 'Tile not assigned to this bank'
    }
  ],
  banksReceived: 3
}
?? Tile not found in valid range: {
  tileId: 'tile_1776511854312',
  position: { x: 19, y: 17 },
  attempts: [
    {
      bankName: 'Bank 0 - HUD/Fonts',
      reason: 'Tile not assigned to this bank'
    },
    {
      bankName: 'Bank 1 - Game Tileset',
      reason: 'Tile not assigned to this bank'
    },
    {
      bankName: 'Bank 2 - Background/Status',
      reason: 'Tile not assigned to this bank'
    }
  ],
  banksReceived: 3
}
?? Tile not found in valid range: {
  tileId: 'tile_1776511854312',
  position: { x: 31, y: 17 },
  attempts: [
    {
      bankName: 'Bank 0 - HUD/Fonts',
      reason: 'Tile not assigned to this bank'
    },
    {
      bankName: 'Bank 1 - Game Tileset',
      reason: 'Tile not assigned to this bank'
    },
    {
      bankName: 'Bank 2 - Background/Status',
      reason: 'Tile not assigned to this bank'
    }
  ],
  banksReceived: 3
}
?? Tile not found in valid range: {
  tileId: 'tile_1776514675238',
  position: { x: 8, y: 18 },
  attempts: [
    {
      bankName: 'Bank 0 - HUD/Fonts',
      reason: 'Tile not assigned to this bank'
    },
    {
      bankName: 'Bank 1 - Game Tileset',
      reason: 'Tile not assigned to this bank'
    },
    {
      bankName: 'Bank 2 - Background/Status',
      reason: 'Tile not assigned to this bank'
    }
  ],
  banksReceived: 3
}
?? Tile not found in valid range: {
  tileId: 'tile_1776511854312',
  position: { x: 9, y: 18 },
  attempts: [
    {
      bankName: 'Bank 0 - HUD/Fonts',
      reason: 'Tile not assigned to this bank'
    },
    {
      bankName: 'Bank 1 - Game Tileset',
      reason: 'Tile not assigned to this bank'
    },
    {
      bankName: 'Bank 2 - Background/Status',
      reason: 'Tile not assigned to this bank'
    }
  ],
  banksReceived: 3
}
?? Tile not found in valid range: {
  tileId: 'tile_1776511854312',
  position: { x: 10, y: 18 },
  attempts: [
    {
      bankName: 'Bank 0 - HUD/Fonts',
      reason: 'Tile not assigned to this bank'
    },
    {
      bankName: 'Bank 1 - Game Tileset',
      reason: 'Tile not assigned to this bank'
    },
    {
      bankName: 'Bank 2 - Background/Status',
      reason: 'Tile not assigned to this bank'
    }
  ],
  banksReceived: 3
}
?? Tile not found in valid range: {
  tileId: 'tile_1776514675238',
  position: { x: 13, y: 18 },
  attempts: [
    {
      bankName: 'Bank 0 - HUD/Fonts',
      reason: 'Tile not assigned to this bank'
    },
    {
      bankName: 'Bank 1 - Game Tileset',
      reason: 'Tile not assigned to this bank'
    },
    {
      bankName: 'Bank 2 - Background/Status',
      reason: 'Tile not assigned to this bank'
    }
  ],
  banksReceived: 3
}
?? Tile not found in valid range: {
  tileId: 'tile_1776511854312',
  position: { x: 19, y: 18 },
  attempts: [
    {
      bankName: 'Bank 0 - HUD/Fonts',
      reason: 'Tile not assigned to this bank'
    },
    {
      bankName: 'Bank 1 - Game Tileset',
      reason: 'Tile not assigned to this bank'
    },
    {
      bankName: 'Bank 2 - Background/Status',
      reason: 'Tile not assigned to this bank'
    }
  ],
  banksReceived: 3
}
?? Tile not found in valid range: {
  tileId: 'tile_1776511854312',
  position: { x: 31, y: 18 },
  attempts: [
    {
      bankName: 'Bank 0 - HUD/Fonts',
      reason: 'Tile not assigned to this bank'
    },
    {
      bankName: 'Bank 1 - Game Tileset',
      reason: 'Tile not assigned to this bank'
    },
    {
      bankName: 'Bank 2 - Background/Status',
      reason: 'Tile not assigned to this bank'
    }
  ],
  banksReceived: 3
}
?? Tile not found in valid range: {
  tileId: 'tile_1776514675238',
  position: { x: 8, y: 19 },
  attempts: [
    {
      bankName: 'Bank 0 - HUD/Fonts',
      reason: 'Tile not assigned to this bank'
    },
    {
      bankName: 'Bank 1 - Game Tileset',
      reason: 'Tile not assigned to this bank'
    },
    {
      bankName: 'Bank 2 - Background/Status',
      reason: 'Tile not assigned to this bank'
    }
  ],
  banksReceived: 3
}
?? Tile not found in valid range: {
  tileId: 'tile_1776511854312',
  position: { x: 9, y: 19 },
  attempts: [
    {
      bankName: 'Bank 0 - HUD/Fonts',
      reason: 'Tile not assigned to this bank'
    },
    {
      bankName: 'Bank 1 - Game Tileset',
      reason: 'Tile not assigned to this bank'
    },
    {
      bankName: 'Bank 2 - Background/Status',
      reason: 'Tile not assigned to this bank'
    }
  ],
  banksReceived: 3
}
?? Tile not found in valid range: {
  tileId: 'tile_1776511854312',
  position: { x: 10, y: 19 },
  attempts: [
    {
      bankName: 'Bank 0 - HUD/Fonts',
      reason: 'Tile not assigned to this bank'
    },
    {
      bankName: 'Bank 1 - Game Tileset',
      reason: 'Tile not assigned to this bank'
    },
    {
      bankName: 'Bank 2 - Background/Status',
      reason: 'Tile not assigned to this bank'
    }
  ],
  banksReceived: 3
}
?? Tile not found in valid range: {
  tileId: 'tile_1776514675238',
  position: { x: 13, y: 19 },
  attempts: [
    {
      bankName: 'Bank 0 - HUD/Fonts',
      reason: 'Tile not assigned to this bank'
    },
    {
      bankName: 'Bank 1 - Game Tileset',
      reason: 'Tile not assigned to this bank'
    },
    {
      bankName: 'Bank 2 - Background/Status',
      reason: 'Tile not assigned to this bank'
    }
  ],
  banksReceived: 3
}
?? Tile not found in valid range: {
  tileId: 'tile_1776511854312',
  position: { x: 31, y: 19 },
  attempts: [
    {
      bankName: 'Bank 0 - HUD/Fonts',
      reason: 'Tile not assigned to this bank'
    },
    {
      bankName: 'Bank 1 - Game Tileset',
      reason: 'Tile not assigned to this bank'
    },
    {
      bankName: 'Bank 2 - Background/Status',
      reason: 'Tile not assigned to this bank'
    }
  ],
  banksReceived: 3
}
[Sprites Generator] Auto-generated "nina_walk_left" from "nina_walk_right" using horizontal mirror.
[Sprites Generator] Auto-generated "nina_grub_left" from "nina_grub_right" using horizontal mirror.
[Sprites Generator] Auto-generated "nina_jump_left" from "nina_jump_right" using horizontal mirror.
[Sprites Generator] Auto-generated "nina_idle_left" from "nina_idle_right" using horizontal mirror.
[Sprites Generator] Auto-generated "New Sprite_left" from "New Sprite_right" using horizontal mirror.
[Sprites Generator] Name alias collision for "New Sprite" between indexes 2 and 5. Keeping first mapping.
[Sprites Generator] Name alias collision for "new sprite" between indexes 2 and 5. Keeping first mapping.
[State Machine Generator] Auto-generated "nina_walk_left" from "nina_walk_right" using horizontal mirror.
[State Machine Generator] Auto-generated "nina_grub_left" from "nina_grub_right" using horizontal mirror.
[State Machine Generator] Auto-generated "nina_jump_left" from "nina_jump_right" using horizontal mirror.
[State Machine Generator] Auto-generated "nina_idle_left" from "nina_idle_right" using horizontal mirror.
[State Machine Generator] Auto-generated "New Sprite_left" from "New Sprite_right" using horizontal mirror.
[State Machine Generator] Name alias collision for "New Sprite" between indexes 2 and 5. Keeping first mapping.
[State Machine Generator] Name alias collision for "new sprite" between indexes 2 and 5. Keeping first mapping.
?? Tile not found in valid range: {
  tileId: 'tile_1776511854312',
  position: { x: 4, y: 4 },
  attempts: [
    {
      bankName: 'Bank 0 - HUD/Fonts',
      reason: 'Tile not assigned to this bank'
    },
    {
      bankName: 'Bank 1 - Game Tileset',
      reason: 'Tile not assigned to this bank'
    },
    {
      bankName: 'Bank 2 - Background/Status',
      reason: 'Tile not assigned to this bank'
    }
  ],
  banksReceived: 3
}
?? Tile not found in valid range: {
  tileId: 'tile_1776511854312',
  position: { x: 5, y: 4 },
  attempts: [
    {
      bankName: 'Bank 0 - HUD/Fonts',
      reason: 'Tile not assigned to this bank'
    },
    {
      bankName: 'Bank 1 - Game Tileset',
      reason: 'Tile not assigned to this bank'
    },
    {
      bankName: 'Bank 2 - Background/Status',
      reason: 'Tile not assigned to this bank'
    }
  ],
  banksReceived: 3
}
?? Tile not found in valid range: {
  tileId: 'tile_1776511854312',
  position: { x: 6, y: 4 },
  attempts: [
    {
      bankName: 'Bank 0 - HUD/Fonts',
      reason: 'Tile not assigned to this bank'
    },
    {
      bankName: 'Bank 1 - Game Tileset',
      reason: 'Tile not assigned to this bank'
    },
    {
      bankName: 'Bank 2 - Background/Status',
      reason: 'Tile not assigned to this bank'
    }
  ],
  banksReceived: 3
}
?? Tile not found in valid range: {
  tileId: 'tile_1776511854312',
  position: { x: 7, y: 4 },
  attempts: [
    {
      bankName: 'Bank 0 - HUD/Fonts',
      reason: 'Tile not assigned to this bank'
    },
    {
      bankName: 'Bank 1 - Game Tileset',
      reason: 'Tile not assigned to this bank'
    },
    {
      bankName: 'Bank 2 - Background/Status',
      reason: 'Tile not assigned to this bank'
    }
  ],
  banksReceived: 3
}
?? Tile not found in valid range: {
  tileId: 'tile_1776511854312',
  position: { x: 8, y: 4 },
  attempts: [
    {
      bankName: 'Bank 0 - HUD/Fonts',
      reason: 'Tile not assigned to this bank'
    },
    {
      bankName: 'Bank 1 - Game Tileset',
      reason: 'Tile not assigned to this bank'
    },
    {
      bankName: 'Bank 2 - Background/Status',
      reason: 'Tile not assigned to this bank'
    }
  ],
  banksReceived: 3
}
?? Tile not found in valid range: {
  tileId: 'tile_1776511854312',
  position: { x: 9, y: 4 },
  attempts: [
    {
      bankName: 'Bank 0 - HUD/Fonts',
      reason: 'Tile not assigned to this bank'
    },
    {
      bankName: 'Bank 1 - Game Tileset',
      reason: 'Tile not assigned to this bank'
    },
    {
      bankName: 'Bank 2 - Background/Status',
      reason: 'Tile not assigned to this bank'
    }
  ],
  banksReceived: 3
}
?? Tile not found in valid range: {
  tileId: 'tile_1776511854312',
  position: { x: 10, y: 4 },
  attempts: [
    {
      bankName: 'Bank 0 - HUD/Fonts',
      reason: 'Tile not assigned to this bank'
    },
    {
      bankName: 'Bank 1 - Game Tileset',
      reason: 'Tile not assigned to this bank'
    },
    {
      bankName: 'Bank 2 - Background/Status',
      reason: 'Tile not assigned to this bank'
    }
  ],
  banksReceived: 3
}
?? Tile not found in valid range: {
  tileId: 'tile_1776511854312',
  position: { x: 11, y: 4 },
  attempts: [
    {
      bankName: 'Bank 0 - HUD/Fonts',
      reason: 'Tile not assigned to this bank'
    },
    {
      bankName: 'Bank 1 - Game Tileset',
      reason: 'Tile not assigned to this bank'
    },
    {
      bankName: 'Bank 2 - Background/Status',
      reason: 'Tile not assigned to this bank'
    }
  ],
  banksReceived: 3
}
?? Tile not found in valid range: {
  tileId: 'tile_1776511854312',
  position: { x: 12, y: 4 },
  attempts: [
    {
      bankName: 'Bank 0 - HUD/Fonts',
      reason: 'Tile not assigned to this bank'
    },
    {
      bankName: 'Bank 1 - Game Tileset',
      reason: 'Tile not assigned to this bank'
    },
    {
      bankName: 'Bank 2 - Background/Status',
      reason: 'Tile not assigned to this bank'
    }
  ],
  banksReceived: 3
}
?? Tile not found in valid range: {
  tileId: 'tile_1776511854312',
  position: { x: 13, y: 4 },
  attempts: [
    {
      bankName: 'Bank 0 - HUD/Fonts',
      reason: 'Tile not assigned to this bank'
    },
    {
      bankName: 'Bank 1 - Game Tileset',
      reason: 'Tile not assigned to this bank'
    },
    {
      bankName: 'Bank 2 - Background/Status',
      reason: 'Tile not assigned to this bank'
    }
  ],
  banksReceived: 3
}
?? Tile not found in valid range: {
  tileId: 'tile_1776511854312',
  position: { x: 14, y: 4 },
  attempts: [
    {
      bankName: 'Bank 0 - HUD/Fonts',
      reason: 'Tile not assigned to this bank'
    },
    {
      bankName: 'Bank 1 - Game Tileset',
      reason: 'Tile not assigned to this bank'
    },
    {
      bankName: 'Bank 2 - Background/Status',
      reason: 'Tile not assigned to this bank'
    }
  ],
  banksReceived: 3
}
?? Tile not found in valid range: {
  tileId: 'tile_1776511854312',
  position: { x: 15, y: 4 },
  attempts: [
    {
      bankName: 'Bank 0 - HUD/Fonts',
      reason: 'Tile not assigned to this bank'
    },
    {
      bankName: 'Bank 1 - Game Tileset',
      reason: 'Tile not assigned to this bank'
    },
    {
      bankName: 'Bank 2 - Background/Status',
      reason: 'Tile not assigned to this bank'
    }
  ],
  banksReceived: 3
}
?? Tile not found in valid range: {
  tileId: 'tile_1776511854312',
  position: { x: 16, y: 4 },
  attempts: [
    {
      bankName: 'Bank 0 - HUD/Fonts',
      reason: 'Tile not assigned to this bank'
    },
    {
      bankName: 'Bank 1 - Game Tileset',
      reason: 'Tile not assigned to this bank'
    },
    {
      bankName: 'Bank 2 - Background/Status',
      reason: 'Tile not assigned to this bank'
    }
  ],
  banksReceived: 3
}
?? Tile not found in valid range: {
  tileId: 'tile_1776511854312',
  position: { x: 17, y: 4 },
  attempts: [
    {
      bankName: 'Bank 0 - HUD/Fonts',
      reason: 'Tile not assigned to this bank'
    },
    {
      bankName: 'Bank 1 - Game Tileset',
      reason: 'Tile not assigned to this bank'
    },
    {
      bankName: 'Bank 2 - Background/Status',
      reason: 'Tile not assigned to this bank'
    }
  ],
  banksReceived: 3
}
?? Tile not found in valid range: {
  tileId: 'tile_1776511854312',
  position: { x: 18, y: 4 },
  attempts: [
    {
      bankName: 'Bank 0 - HUD/Fonts',
      reason: 'Tile not assigned to this bank'
    },
    {
      bankName: 'Bank 1 - Game Tileset',
      reason: 'Tile not assigned to this bank'
    },
    {
      bankName: 'Bank 2 - Background/Status',
      reason: 'Tile not assigned to this bank'
    }
  ],
  banksReceived: 3
}
?? Tile not found in valid range: {
  tileId: 'tile_1776511854312',
  position: { x: 19, y: 4 },
  attempts: [
    {
      bankName: 'Bank 0 - HUD/Fonts',
      reason: 'Tile not assigned to this bank'
    },
    {
      bankName: 'Bank 1 - Game Tileset',
      reason: 'Tile not assigned to this bank'
    },
    {
      bankName: 'Bank 2 - Background/Status',
      reason: 'Tile not assigned to this bank'
    }
  ],
  banksReceived: 3
}
?? Tile not found in valid range: {
  tileId: 'tile_1776511854312',
  position: { x: 20, y: 4 },
  attempts: [
    {
      bankName: 'Bank 0 - HUD/Fonts',
      reason: 'Tile not assigned to this bank'
    },
    {
      bankName: 'Bank 1 - Game Tileset',
      reason: 'Tile not assigned to this bank'
    },
    {
      bankName: 'Bank 2 - Background/Status',
      reason: 'Tile not assigned to this bank'
    }
  ],
  banksReceived: 3
}
?? Tile not found in valid range: {
  tileId: 'tile_1776511854312',
  position: { x: 21, y: 4 },
  attempts: [
    {
      bankName: 'Bank 0 - HUD/Fonts',
      reason: 'Tile not assigned to this bank'
    },
    {
      bankName: 'Bank 1 - Game Tileset',
      reason: 'Tile not assigned to this bank'
    },
    {
      bankName: 'Bank 2 - Background/Status',
      reason: 'Tile not assigned to this bank'
    }
  ],
  banksReceived: 3
}
?? Tile not found in valid range: {
  tileId: 'tile_1776511854312',
  position: { x: 22, y: 4 },
  attempts: [
    {
      bankName: 'Bank 0 - HUD/Fonts',
      reason: 'Tile not assigned to this bank'
    },
    {
      bankName: 'Bank 1 - Game Tileset',
      reason: 'Tile not assigned to this bank'
    },
    {
      bankName: 'Bank 2 - Background/Status',
      reason: 'Tile not assigned to this bank'
    }
  ],
  banksReceived: 3
}
?? Tile not found in valid range: {
  tileId: 'tile_1776511854312',
  position: { x: 23, y: 4 },
  attempts: [
    {
      bankName: 'Bank 0 - HUD/Fonts',
      reason: 'Tile not assigned to this bank'
    },
    {
      bankName: 'Bank 1 - Game Tileset',
      reason: 'Tile not assigned to this bank'
    },
    {
      bankName: 'Bank 2 - Background/Status',
      reason: 'Tile not assigned to this bank'
    }
  ],
  banksReceived: 3
}
?? Tile not found in valid range: {
  tileId: 'tile_1776511854312',
  position: { x: 24, y: 4 },
  attempts: [
    {
      bankName: 'Bank 0 - HUD/Fonts',
      reason: 'Tile not assigned to this bank'
    },
    {
      bankName: 'Bank 1 - Game Tileset',
      reason: 'Tile not assigned to this bank'
    },
    {
      bankName: 'Bank 2 - Background/Status',
      reason: 'Tile not assigned to this bank'
    }
  ],
  banksReceived: 3
}
?? Tile not found in valid range: {
  tileId: 'tile_1776511854312',
  position: { x: 25, y: 4 },
  attempts: [
    {
      bankName: 'Bank 0 - HUD/Fonts',
      reason: 'Tile not assigned to this bank'
    },
    {
      bankName: 'Bank 1 - Game Tileset',
      reason: 'Tile not assigned to this bank'
    },
    {
      bankName: 'Bank 2 - Background/Status',
      reason: 'Tile not assigned to this bank'
    }
  ],
  banksReceived: 3
}
?? Tile not found in valid range: {
  tileId: 'tile_1776511854312',
  position: { x: 26, y: 4 },
  attempts: [
    {
      bankName: 'Bank 0 - HUD/Fonts',
      reason: 'Tile not assigned to this bank'
    },
    {
      bankName: 'Bank 1 - Game Tileset',
      reason: 'Tile not assigned to this bank'
    },
    {
      bankName: 'Bank 2 - Background/Status',
      reason: 'Tile not assigned to this bank'
    }
  ],
  banksReceived: 3
}
?? Tile not found in valid range: {
  tileId: 'tile_1776511854312',
  position: { x: 27, y: 4 },
  attempts: [
    {
      bankName: 'Bank 0 - HUD/Fonts',
      reason: 'Tile not assigned to this bank'
    },
    {
      bankName: 'Bank 1 - Game Tileset',
      reason: 'Tile not assigned to this bank'
    },
    {
      bankName: 'Bank 2 - Background/Status',
      reason: 'Tile not assigned to this bank'
    }
  ],
  banksReceived: 3
}
?? Tile not found in valid range: {
  tileId: 'tile_1776511854312',
  position: { x: 28, y: 4 },
  attempts: [
    {
      bankName: 'Bank 0 - HUD/Fonts',
      reason: 'Tile not assigned to this bank'
    },
    {
      bankName: 'Bank 1 - Game Tileset',
      reason: 'Tile not assigned to this bank'
    },
    {
      bankName: 'Bank 2 - Background/Status',
      reason: 'Tile not assigned to this bank'
    }
  ],
  banksReceived: 3
}
?? Tile not found in valid range: {
  tileId: 'tile_1776511854312',
  position: { x: 29, y: 4 },
  attempts: [
    {
      bankName: 'Bank 0 - HUD/Fonts',
      reason: 'Tile not assigned to this bank'
    },
    {
      bankName: 'Bank 1 - Game Tileset',
      reason: 'Tile not assigned to this bank'
    },
    {
      bankName: 'Bank 2 - Background/Status',
      reason: 'Tile not assigned to this bank'
    }
  ],
  banksReceived: 3
}
?? Tile not found in valid range: {
  tileId: 'tile_1776511854312',
  position: { x: 30, y: 4 },
  attempts: [
    {
      bankName: 'Bank 0 - HUD/Fonts',
      reason: 'Tile not assigned to this bank'
    },
    {
      bankName: 'Bank 1 - Game Tileset',
      reason: 'Tile not assigned to this bank'
    },
    {
      bankName: 'Bank 2 - Background/Status',
      reason: 'Tile not assigned to this bank'
    }
  ],
  banksReceived: 3
}
?? Tile not found in valid range: {
  tileId: 'tile_1776511854312',
  position: { x: 31, y: 4 },
  attempts: [
    {
      bankName: 'Bank 0 - HUD/Fonts',
      reason: 'Tile not assigned to this bank'
    },
    {
      bankName: 'Bank 1 - Game Tileset',
      reason: 'Tile not assigned to this bank'
    },
    {
      bankName: 'Bank 2 - Background/Status',
      reason: 'Tile not assigned to this bank'
    }
  ],
  banksReceived: 3
}
?? Tile not found in valid range: {
  tileId: 'tile_1776511854312',
  position: { x: 31, y: 5 },
  attempts: [
    {
      bankName: 'Bank 0 - HUD/Fonts',
      reason: 'Tile not assigned to this bank'
    },
    {
      bankName: 'Bank 1 - Game Tileset',
      reason: 'Tile not assigned to this bank'
    },
    {
      bankName: 'Bank 2 - Background/Status',
      reason: 'Tile not assigned to this bank'
    }
  ],
  banksReceived: 3
}
?? Tile not found in valid range: {
  tileId: 'tile_1776777705689',
  position: { x: 2, y: 6 },
  attempts: [
    {
      bankName: 'Bank 0 - HUD/Fonts',
      reason: 'Tile not assigned to this bank'
    },
    {
      bankName: 'Bank 1 - Game Tileset',
      reason: 'Tile not assigned to this bank'
    },
    {
      bankName: 'Bank 2 - Background/Status',
      reason: 'Tile not assigned to this bank'
    }
  ],
  banksReceived: 3
}
?? Tile not found in valid range: {
  tileId: 'tile_1776511854312',
  position: { x: 31, y: 6 },
  attempts: [
    {
      bankName: 'Bank 0 - HUD/Fonts',
      reason: 'Tile not assigned to this bank'
    },
    {
      bankName: 'Bank 1 - Game Tileset',
      reason: 'Tile not assigned to this bank'
    },
    {
      bankName: 'Bank 2 - Background/Status',
      reason: 'Tile not assigned to this bank'
    }
  ],
  banksReceived: 3
}
?? Tile not found in valid range: {
  tileId: 'tile_split_tile_1776511854312_1_1_1776878629578',
  position: { x: 1, y: 7 },
  attempts: [
    {
      bankName: 'Bank 0 - HUD/Fonts',
      reason: 'Tile not assigned to this bank'
    },
    {
      bankName: 'Bank 1 - Game Tileset',
      reason: 'Tile not assigned to this bank'
    },
    {
      bankName: 'Bank 2 - Background/Status',
      reason: 'Tile not assigned to this bank'
    }
  ],
  banksReceived: 3
}
?? Tile not found in valid range: {
  tileId: 'tile_split_tile_1776511854312_1_1_1776878629578',
  position: { x: 2, y: 7 },
  attempts: [
    {
      bankName: 'Bank 0 - HUD/Fonts',
      reason: 'Tile not assigned to this bank'
    },
    {
      bankName: 'Bank 1 - Game Tileset',
      reason: 'Tile not assigned to this bank'
    },
    {
      bankName: 'Bank 2 - Background/Status',
      reason: 'Tile not assigned to this bank'
    }
  ],
  banksReceived: 3
}
?? Tile not found in valid range: {
  tileId: 'tile_split_tile_1776511854312_1_1_1776878629578',
  position: { x: 3, y: 7 },
  attempts: [
    {
      bankName: 'Bank 0 - HUD/Fonts',
      reason: 'Tile not assigned to this bank'
    },
    {
      bankName: 'Bank 1 - Game Tileset',
      reason: 'Tile not assigned to this bank'
    },
    {
      bankName: 'Bank 2 - Background/Status',
      reason: 'Tile not assigned to this bank'
    }
  ],
  banksReceived: 3
}
?? Tile not found in valid range: {
  tileId: 'tile_1776878493940',
  position: { x: 31, y: 7 },
  attempts: [
    {
      bankName: 'Bank 0 - HUD/Fonts',
      reason: 'Tile not assigned to this bank'
    },
    {
      bankName: 'Bank 1 - Game Tileset',
      reason: 'Tile not assigned to this bank'
    },
    {
      bankName: 'Bank 2 - Background/Status',
      reason: 'Tile not assigned to this bank'
    }
  ],
  banksReceived: 3
}
?? Tile not found in valid range: {
  tileId: 'tile_1776777705689',
  position: { x: 27, y: 8 },
  attempts: [
    {
      bankName: 'Bank 0 - HUD/Fonts',
      reason: 'Tile not assigned to this bank'
    },
    {
      bankName: 'Bank 1 - Game Tileset',
      reason: 'Tile not assigned to this bank'
    },
    {
      bankName: 'Bank 2 - Background/Status',
      reason: 'Tile not assigned to this bank'
    }
  ],
  banksReceived: 3
}
?? Tile not found in valid range: {
  tileId: 'tile_1776878493940',
  position: { x: 31, y: 8 },
  attempts: [
    {
      bankName: 'Bank 0 - HUD/Fonts',
      reason: 'Tile not assigned to this bank'
    },
    {
      bankName: 'Bank 1 - Game Tileset',
      reason: 'Tile not assigned to this bank'
    },
    {
      bankName: 'Bank 2 - Background/Status',
      reason: 'Tile not assigned to this bank'
    }
  ],
  banksReceived: 3
}
?? Tile not found in valid range: {
  tileId: 'tile_1776511854312',
  position: { x: 26, y: 9 },
  attempts: [
    {
      bankName: 'Bank 0 - HUD/Fonts',
      reason: 'Tile not assigned to this bank'
    },
    {
      bankName: 'Bank 1 - Game Tileset',
      reason: 'Tile not assigned to this bank'
    },
    {
      bankName: 'Bank 2 - Background/Status',
      reason: 'Tile not assigned to this bank'
    }
  ],
  banksReceived: 3
}
?? Tile not found in valid range: {
  tileId: 'tile_1776511854312',
  position: { x: 27, y: 9 },
  attempts: [
    {
      bankName: 'Bank 0 - HUD/Fonts',
      reason: 'Tile not assigned to this bank'
    },
    {
      bankName: 'Bank 1 - Game Tileset',
      reason: 'Tile not assigned to this bank'
    },
    {
      bankName: 'Bank 2 - Background/Status',
      reason: 'Tile not assigned to this bank'
    }
  ],
  banksReceived: 3
}
?? Tile not found in valid range: {
  tileId: 'tile_1776511854312',
  position: { x: 28, y: 9 },
  attempts: [
    {
      bankName: 'Bank 0 - HUD/Fonts',
      reason: 'Tile not assigned to this bank'
    },
    {
      bankName: 'Bank 1 - Game Tileset',
      reason: 'Tile not assigned to this bank'
    },
    {
      bankName: 'Bank 2 - Background/Status',
      reason: 'Tile not assigned to this bank'
    }
  ],
  banksReceived: 3
}
?? Tile not found in valid range: {
  tileId: 'tile_1776511854312',
  position: { x: 29, y: 9 },
  attempts: [
    {
      bankName: 'Bank 0 - HUD/Fonts',
      reason: 'Tile not assigned to this bank'
    },
    {
      bankName: 'Bank 1 - Game Tileset',
      reason: 'Tile not assigned to this bank'
    },
    {
      bankName: 'Bank 2 - Background/Status',
      reason: 'Tile not assigned to this bank'
    }
  ],
  banksReceived: 3
}
?? Tile not found in valid range: {
  tileId: 'tile_split_tile_1776511854312_0_0_1776878629578',
  position: { x: 30, y: 9 },
  attempts: [
    {
      bankName: 'Bank 0 - HUD/Fonts',
      reason: 'Tile not assigned to this bank'
    },
    {
      bankName: 'Bank 1 - Game Tileset',
      reason: 'Tile not assigned to this bank'
    },
    {
      bankName: 'Bank 2 - Background/Status',
      reason: 'Tile not assigned to this bank'
    }
  ],
  banksReceived: 3
}
?? Tile not found in valid range: {
  tileId: 'tile_1776511854312',
  position: { x: 31, y: 9 },
  attempts: [
    {
      bankName: 'Bank 0 - HUD/Fonts',
      reason: 'Tile not assigned to this bank'
    },
    {
      bankName: 'Bank 1 - Game Tileset',
      reason: 'Tile not assigned to this bank'
    },
    {
      bankName: 'Bank 2 - Background/Status',
      reason: 'Tile not assigned to this bank'
    }
  ],
  banksReceived: 3
}
?? Tile not found in valid range: {
  tileId: 'tile_1776514675238',
  position: { x: 8, y: 10 },
  attempts: [
    {
      bankName: 'Bank 0 - HUD/Fonts',
      reason: 'Tile not assigned to this bank'
    },
    {
      bankName: 'Bank 1 - Game Tileset',
      reason: 'Tile not assigned to this bank'
    },
    {
      bankName: 'Bank 2 - Background/Status',
      reason: 'Tile not assigned to this bank'
    }
  ],
  banksReceived: 3
}
?? Tile not found in valid range: {
  tileId: 'tile_1776787618678',
  position: { x: 10, y: 10 },
  attempts: [
    {
      bankName: 'Bank 0 - HUD/Fonts',
      reason: 'Tile not assigned to this bank'
    },
    {
      bankName: 'Bank 1 - Game Tileset',
      reason: 'Tile not assigned to this bank'
    },
    {
      bankName: 'Bank 2 - Background/Status',
      reason: 'Tile not assigned to this bank'
    }
  ],
  banksReceived: 3
}
?? Tile not found in valid range: {
  tileId: 'tile_1776777705689',
  position: { x: 18, y: 10 },
  attempts: [
    {
      bankName: 'Bank 0 - HUD/Fonts',
      reason: 'Tile not assigned to this bank'
    },
    {
      bankName: 'Bank 1 - Game Tileset',
      reason: 'Tile not assigned to this bank'
    },
    {
      bankName: 'Bank 2 - Background/Status',
      reason: 'Tile not assigned to this bank'
    }
  ],
  banksReceived: 3
}
?? Tile not found in valid range: {
  tileId: 'tile_1776511854312',
  position: { x: 31, y: 10 },
  attempts: [
    {
      bankName: 'Bank 0 - HUD/Fonts',
      reason: 'Tile not assigned to this bank'
    },
    {
      bankName: 'Bank 1 - Game Tileset',
      reason: 'Tile not assigned to this bank'
    },
    {
      bankName: 'Bank 2 - Background/Status',
      reason: 'Tile not assigned to this bank'
    }
  ],
  banksReceived: 3
}
?? Tile not found in valid range: {
  tileId: 'tile_1776514675238',
  position: { x: 8, y: 11 },
  attempts: [
    {
      bankName: 'Bank 0 - HUD/Fonts',
      reason: 'Tile not assigned to this bank'
    },
    {
      bankName: 'Bank 1 - Game Tileset',
      reason: 'Tile not assigned to this bank'
    },
    {
      bankName: 'Bank 2 - Background/Status',
      reason: 'Tile not assigned to this bank'
    }
  ],
  banksReceived: 3
}
?? Tile not found in valid range: {
  tileId: 'tile_1776511854312',
  position: { x: 9, y: 11 },
  attempts: [
    {
      bankName: 'Bank 0 - HUD/Fonts',
      reason: 'Tile not assigned to this bank'
    },
    {
      bankName: 'Bank 1 - Game Tileset',
      reason: 'Tile not assigned to this bank'
    },
    {
      bankName: 'Bank 2 - Background/Status',
      reason: 'Tile not assigned to this bank'
    }
  ],
  banksReceived: 3
}
?? Tile not found in valid range: {
  tileId: 'tile_1776511854312',
  position: { x: 10, y: 11 },
  attempts: [
    {
      bankName: 'Bank 0 - HUD/Fonts',
      reason: 'Tile not assigned to this bank'
    },
    {
      bankName: 'Bank 1 - Game Tileset',
      reason: 'Tile not assigned to this bank'
    },
    {
      bankName: 'Bank 2 - Background/Status',
      reason: 'Tile not assigned to this bank'
    }
  ],
  banksReceived: 3
}
?? Tile not found in valid range: {
  tileId: 'tile_1776511854312',
  position: { x: 18, y: 11 },
  attempts: [
    {
      bankName: 'Bank 0 - HUD/Fonts',
      reason: 'Tile not assigned to this bank'
    },
    {
      bankName: 'Bank 1 - Game Tileset',
      reason: 'Tile not assigned to this bank'
    },
    {
      bankName: 'Bank 2 - Background/Status',
      reason: 'Tile not assigned to this bank'
    }
  ],
  banksReceived: 3
}
?? Tile not found in valid range: {
  tileId: 'tile_1776511854312',
  position: { x: 19, y: 11 },
  attempts: [
    {
      bankName: 'Bank 0 - HUD/Fonts',
      reason: 'Tile not assigned to this bank'
    },
    {
      bankName: 'Bank 1 - Game Tileset',
      reason: 'Tile not assigned to this bank'
    },
    {
      bankName: 'Bank 2 - Background/Status',
      reason: 'Tile not assigned to this bank'
    }
  ],
  banksReceived: 3
}
?? Tile not found in valid range: {
  tileId: 'tile_1776511854312',
  position: { x: 31, y: 11 },
  attempts: [
    {
      bankName: 'Bank 0 - HUD/Fonts',
      reason: 'Tile not assigned to this bank'
    },
    {
      bankName: 'Bank 1 - Game Tileset',
      reason: 'Tile not assigned to this bank'
    },
    {
      bankName: 'Bank 2 - Background/Status',
      reason: 'Tile not assigned to this bank'
    }
  ],
  banksReceived: 3
}
?? Tile not found in valid range: {
  tileId: 'tile_1776787618678',
  position: { x: 3, y: 12 },
  attempts: [
    {
      bankName: 'Bank 0 - HUD/Fonts',
      reason: 'Tile not assigned to this bank'
    },
    {
      bankName: 'Bank 1 - Game Tileset',
      reason: 'Tile not assigned to this bank'
    },
    {
      bankName: 'Bank 2 - Background/Status',
      reason: 'Tile not assigned to this bank'
    }
  ],
  banksReceived: 3
}
?? Tile not found in valid range: {
  tileId: 'tile_1776514675238',
  position: { x: 8, y: 12 },
  attempts: [
    {
      bankName: 'Bank 0 - HUD/Fonts',
      reason: 'Tile not assigned to this bank'
    },
    {
      bankName: 'Bank 1 - Game Tileset',
      reason: 'Tile not assigned to this bank'
    },
    {
      bankName: 'Bank 2 - Background/Status',
      reason: 'Tile not assigned to this bank'
    }
  ],
  banksReceived: 3
}
?? Tile not found in valid range: {
  tileId: 'tile_1776511854312',
  position: { x: 9, y: 12 },
  attempts: [
    {
      bankName: 'Bank 0 - HUD/Fonts',
      reason: 'Tile not assigned to this bank'
    },
    {
      bankName: 'Bank 1 - Game Tileset',
      reason: 'Tile not assigned to this bank'
    },
    {
      bankName: 'Bank 2 - Background/Status',
      reason: 'Tile not assigned to this bank'
    }
  ],
  banksReceived: 3
}
?? Tile not found in valid range: {
  tileId: 'tile_1776511854312',
  position: { x: 10, y: 12 },
  attempts: [
    {
      bankName: 'Bank 0 - HUD/Fonts',
      reason: 'Tile not assigned to this bank'
    },
    {
      bankName: 'Bank 1 - Game Tileset',
      reason: 'Tile not assigned to this bank'
    },
    {
      bankName: 'Bank 2 - Background/Status',
      reason: 'Tile not assigned to this bank'
    }
  ],
  banksReceived: 3
}
?? Tile not found in valid range: {
  tileId: 'tile_1776514675238',
  position: { x: 13, y: 12 },
  attempts: [
    {
      bankName: 'Bank 0 - HUD/Fonts',
      reason: 'Tile not assigned to this bank'
    },
    {
      bankName: 'Bank 1 - Game Tileset',
      reason: 'Tile not assigned to this bank'
    },
    {
      bankName: 'Bank 2 - Background/Status',
      reason: 'Tile not assigned to this bank'
    }
  ],
  banksReceived: 3
}
?? Tile not found in valid range: {
  tileId: 'tile_1776787618678',
  position: { x: 15, y: 12 },
  attempts: [
    {
      bankName: 'Bank 0 - HUD/Fonts',
      reason: 'Tile not assigned to this bank'
    },
    {
      bankName: 'Bank 1 - Game Tileset',
      reason: 'Tile not assigned to this bank'
    },
    {
      bankName: 'Bank 2 - Background/Status',
      reason: 'Tile not assigned to this bank'
    }
  ],
  banksReceived: 3
}
?? Tile not found in valid range: {
  tileId: 'tile_1776511854312',
  position: { x: 31, y: 12 },
  attempts: [
    {
      bankName: 'Bank 0 - HUD/Fonts',
      reason: 'Tile not assigned to this bank'
    },
    {
      bankName: 'Bank 1 - Game Tileset',
      reason: 'Tile not assigned to this bank'
    },
    {
      bankName: 'Bank 2 - Background/Status',
      reason: 'Tile not assigned to this bank'
    }
  ],
  banksReceived: 3
}
?? Tile not found in valid range: {
  tileId: 'tile_split_tile_1776511854312_0_0_1776878629578',
  position: { x: 1, y: 13 },
  attempts: [
    {
      bankName: 'Bank 0 - HUD/Fonts',
      reason: 'Tile not assigned to this bank'
    },
    {
      bankName: 'Bank 1 - Game Tileset',
      reason: 'Tile not assigned to this bank'
    },
    {
      bankName: 'Bank 2 - Background/Status',
      reason: 'Tile not assigned to this bank'
    }
  ],
  banksReceived: 3
}
?? Tile not found in valid range: {
  tileId: 'tile_split_tile_1776511854312_1_1_1776878629578',
  position: { x: 2, y: 13 },
  attempts: [
    {
      bankName: 'Bank 0 - HUD/Fonts',
      reason: 'Tile not assigned to this bank'
    },
    {
      bankName: 'Bank 1 - Game Tileset',
      reason: 'Tile not assigned to this bank'
    },
    {
      bankName: 'Bank 2 - Background/Status',
      reason: 'Tile not assigned to this bank'
    }
  ],
  banksReceived: 3
}
?? Tile not found in valid range: {
  tileId: 'tile_split_tile_1776511854312_1_1_1776878629578',
  position: { x: 3, y: 13 },
  attempts: [
    {
      bankName: 'Bank 0 - HUD/Fonts',
      reason: 'Tile not assigned to this bank'
    },
    {
      bankName: 'Bank 1 - Game Tileset',
      reason: 'Tile not assigned to this bank'
    },
    {
      bankName: 'Bank 2 - Background/Status',
      reason: 'Tile not assigned to this bank'
    }
  ],
  banksReceived: 3
}
?? Tile not found in valid range: {
  tileId: 'tile_1776514675238',
  position: { x: 8, y: 13 },
  attempts: [
    {
      bankName: 'Bank 0 - HUD/Fonts',
      reason: 'Tile not assigned to this bank'
    },
    {
      bankName: 'Bank 1 - Game Tileset',
      reason: 'Tile not assigned to this bank'
    },
    {
      bankName: 'Bank 2 - Background/Status',
      reason: 'Tile not assigned to this bank'
    }
  ],
  banksReceived: 3
}
?? Tile not found in valid range: {
  tileId: 'tile_1776514675238',
  position: { x: 13, y: 13 },
  attempts: [
    {
      bankName: 'Bank 0 - HUD/Fonts',
      reason: 'Tile not assigned to this bank'
    },
    {
      bankName: 'Bank 1 - Game Tileset',
      reason: 'Tile not assigned to this bank'
    },
    {
      bankName: 'Bank 2 - Background/Status',
      reason: 'Tile not assigned to this bank'
    }
  ],
  banksReceived: 3
}
?? Tile not found in valid range: {
  tileId: 'tile_1776511854312',
  position: { x: 14, y: 13 },
  attempts: [
    {
      bankName: 'Bank 0 - HUD/Fonts',
      reason: 'Tile not assigned to this bank'
    },
    {
      bankName: 'Bank 1 - Game Tileset',
      reason: 'Tile not assigned to this bank'
    },
    {
      bankName: 'Bank 2 - Background/Status',
      reason: 'Tile not assigned to this bank'
    }
  ],
  banksReceived: 3
}
?? Tile not found in valid range: {
  tileId: 'tile_1776511854312',
  position: { x: 15, y: 13 },
  attempts: [
    {
      bankName: 'Bank 0 - HUD/Fonts',
      reason: 'Tile not assigned to this bank'
    },
    {
      bankName: 'Bank 1 - Game Tileset',
      reason: 'Tile not assigned to this bank'
    },
    {
      bankName: 'Bank 2 - Background/Status',
      reason: 'Tile not assigned to this bank'
    }
  ],
  banksReceived: 3
}
?? Tile not found in valid range: {
  tileId: 'tile_1776511854312',
  position: { x: 31, y: 13 },
  attempts: [
    {
      bankName: 'Bank 0 - HUD/Fonts',
      reason: 'Tile not assigned to this bank'
    },
    {
      bankName: 'Bank 1 - Game Tileset',
      reason: 'Tile not assigned to this bank'
    },
    {
      bankName: 'Bank 2 - Background/Status',
      reason: 'Tile not assigned to this bank'
    }
  ],
  banksReceived: 3
}
?? Tile not found in valid range: {
  tileId: 'tile_split_tile_1776511854312_1_1_1776878629578',
  position: { x: 3, y: 14 },
  attempts: [
    {
      bankName: 'Bank 0 - HUD/Fonts',
      reason: 'Tile not assigned to this bank'
    },
    {
      bankName: 'Bank 1 - Game Tileset',
      reason: 'Tile not assigned to this bank'
    },
    {
      bankName: 'Bank 2 - Background/Status',
      reason: 'Tile not assigned to this bank'
    }
  ],
  banksReceived: 3
}
?? Tile not found in valid range: {
  tileId: 'tile_split_tile_1776511854312_0_0_1776878629578',
  position: { x: 4, y: 14 },
  attempts: [
    {
      bankName: 'Bank 0 - HUD/Fonts',
      reason: 'Tile not assigned to this bank'
    },
    {
      bankName: 'Bank 1 - Game Tileset',
      reason: 'Tile not assigned to this bank'
    },
    {
      bankName: 'Bank 2 - Background/Status',
      reason: 'Tile not assigned to this bank'
    }
  ],
  banksReceived: 3
}
?? Tile not found in valid range: {
  tileId: 'tile_split_tile_1776511854312_0_0_1776878629578',
  position: { x: 5, y: 14 },
  attempts: [
    {
      bankName: 'Bank 0 - HUD/Fonts',
      reason: 'Tile not assigned to this bank'
    },
    {
      bankName: 'Bank 1 - Game Tileset',
      reason: 'Tile not assigned to this bank'
    },
    {
      bankName: 'Bank 2 - Background/Status',
      reason: 'Tile not assigned to this bank'
    }
  ],
  banksReceived: 3
}
?? Tile not found in valid range: {
  tileId: 'tile_split_tile_1776511854312_1_1_1776878629578',
  position: { x: 6, y: 14 },
  attempts: [
    {
      bankName: 'Bank 0 - HUD/Fonts',
      reason: 'Tile not assigned to this bank'
    },
    {
      bankName: 'Bank 1 - Game Tileset',
      reason: 'Tile not assigned to this bank'
    },
    {
      bankName: 'Bank 2 - Background/Status',
      reason: 'Tile not assigned to this bank'
    }
  ],
  banksReceived: 3
}
?? Tile not found in valid range: {
  tileId: 'tile_1776514675238',
  position: { x: 8, y: 14 },
  attempts: [
    {
      bankName: 'Bank 0 - HUD/Fonts',
      reason: 'Tile not assigned to this bank'
    },
    {
      bankName: 'Bank 1 - Game Tileset',
      reason: 'Tile not assigned to this bank'
    },
    {
      bankName: 'Bank 2 - Background/Status',
      reason: 'Tile not assigned to this bank'
    }
  ],
  banksReceived: 3
}
?? Tile not found in valid range: {
  tileId: 'tile_1776514675238',
  position: { x: 13, y: 14 },
  attempts: [
    {
      bankName: 'Bank 0 - HUD/Fonts',
      reason: 'Tile not assigned to this bank'
    },
    {
      bankName: 'Bank 1 - Game Tileset',
      reason: 'Tile not assigned to this bank'
    },
    {
      bankName: 'Bank 2 - Background/Status',
      reason: 'Tile not assigned to this bank'
    }
  ],
  banksReceived: 3
}
?? Tile not found in valid range: {
  tileId: 'tile_1776511854312',
  position: { x: 31, y: 14 },
  attempts: [
    {
      bankName: 'Bank 0 - HUD/Fonts',
      reason: 'Tile not assigned to this bank'
    },
    {
      bankName: 'Bank 1 - Game Tileset',
      reason: 'Tile not assigned to this bank'
    },
    {
      bankName: 'Bank 2 - Background/Status',
      reason: 'Tile not assigned to this bank'
    }
  ],
  banksReceived: 3
}
?? Tile not found in valid range: {
  tileId: 'tile_1776514675238',
  position: { x: 8, y: 15 },
  attempts: [
    {
      bankName: 'Bank 0 - HUD/Fonts',
      reason: 'Tile not assigned to this bank'
    },
    {
      bankName: 'Bank 1 - Game Tileset',
      reason: 'Tile not assigned to this bank'
    },
    {
      bankName: 'Bank 2 - Background/Status',
      reason: 'Tile not assigned to this bank'
    }
  ],
  banksReceived: 3
}
?? Tile not found in valid range: {
  tileId: 'tile_1776514675238',
  position: { x: 13, y: 15 },
  attempts: [
    {
      bankName: 'Bank 0 - HUD/Fonts',
      reason: 'Tile not assigned to this bank'
    },
    {
      bankName: 'Bank 1 - Game Tileset',
      reason: 'Tile not assigned to this bank'
    },
    {
      bankName: 'Bank 2 - Background/Status',
      reason: 'Tile not assigned to this bank'
    }
  ],
  banksReceived: 3
}
?? Tile not found in valid range: {
  tileId: 'tile_1776511854312',
  position: { x: 31, y: 15 },
  attempts: [
    {
      bankName: 'Bank 0 - HUD/Fonts',
      reason: 'Tile not assigned to this bank'
    },
    {
      bankName: 'Bank 1 - Game Tileset',
      reason: 'Tile not assigned to this bank'
    },
    {
      bankName: 'Bank 2 - Background/Status',
      reason: 'Tile not assigned to this bank'
    }
  ],
  banksReceived: 3
}
?? Tile not found in valid range: {
  tileId: 'tile_1776514675238',
  position: { x: 8, y: 16 },
  attempts: [
    {
      bankName: 'Bank 0 - HUD/Fonts',
      reason: 'Tile not assigned to this bank'
    },
    {
      bankName: 'Bank 1 - Game Tileset',
      reason: 'Tile not assigned to this bank'
    },
    {
      bankName: 'Bank 2 - Background/Status',
      reason: 'Tile not assigned to this bank'
    }
  ],
  banksReceived: 3
}
?? Tile not found in valid range: {
  tileId: 'tile_1776514675238',
  position: { x: 13, y: 16 },
  attempts: [
    {
      bankName: 'Bank 0 - HUD/Fonts',
      reason: 'Tile not assigned to this bank'
    },
    {
      bankName: 'Bank 1 - Game Tileset',
      reason: 'Tile not assigned to this bank'
    },
    {
      bankName: 'Bank 2 - Background/Status',
      reason: 'Tile not assigned to this bank'
    }
  ],
  banksReceived: 3
}
?? Tile not found in valid range: {
  tileId: 'tile_1776511854312',
  position: { x: 31, y: 16 },
  attempts: [
    {
      bankName: 'Bank 0 - HUD/Fonts',
      reason: 'Tile not assigned to this bank'
    },
    {
      bankName: 'Bank 1 - Game Tileset',
      reason: 'Tile not assigned to this bank'
    },
    {
      bankName: 'Bank 2 - Background/Status',
      reason: 'Tile not assigned to this bank'
    }
  ],
  banksReceived: 3
}
?? Tile not found in valid range: {
  tileId: 'tile_1776514675238',
  position: { x: 8, y: 17 },
  attempts: [
    {
      bankName: 'Bank 0 - HUD/Fonts',
      reason: 'Tile not assigned to this bank'
    },
    {
      bankName: 'Bank 1 - Game Tileset',
      reason: 'Tile not assigned to this bank'
    },
    {
      bankName: 'Bank 2 - Background/Status',
      reason: 'Tile not assigned to this bank'
    }
  ],
  banksReceived: 3
}
?? Tile not found in valid range: {
  tileId: 'tile_1776514675238',
  position: { x: 13, y: 17 },
  attempts: [
    {
      bankName: 'Bank 0 - HUD/Fonts',
      reason: 'Tile not assigned to this bank'
    },
    {
      bankName: 'Bank 1 - Game Tileset',
      reason: 'Tile not assigned to this bank'
    },
    {
      bankName: 'Bank 2 - Background/Status',
      reason: 'Tile not assigned to this bank'
    }
  ],
  banksReceived: 3
}
?? Tile not found in valid range: {
  tileId: 'tile_1776511854312',
  position: { x: 19, y: 17 },
  attempts: [
    {
      bankName: 'Bank 0 - HUD/Fonts',
      reason: 'Tile not assigned to this bank'
    },
    {
      bankName: 'Bank 1 - Game Tileset',
      reason: 'Tile not assigned to this bank'
    },
    {
      bankName: 'Bank 2 - Background/Status',
      reason: 'Tile not assigned to this bank'
    }
  ],
  banksReceived: 3
}
?? Tile not found in valid range: {
  tileId: 'tile_1776511854312',
  position: { x: 31, y: 17 },
  attempts: [
    {
      bankName: 'Bank 0 - HUD/Fonts',
      reason: 'Tile not assigned to this bank'
    },
    {
      bankName: 'Bank 1 - Game Tileset',
      reason: 'Tile not assigned to this bank'
    },
    {
      bankName: 'Bank 2 - Background/Status',
      reason: 'Tile not assigned to this bank'
    }
  ],
  banksReceived: 3
}
?? Tile not found in valid range: {
  tileId: 'tile_1776514675238',
  position: { x: 8, y: 18 },
  attempts: [
    {
      bankName: 'Bank 0 - HUD/Fonts',
      reason: 'Tile not assigned to this bank'
    },
    {
      bankName: 'Bank 1 - Game Tileset',
      reason: 'Tile not assigned to this bank'
    },
    {
      bankName: 'Bank 2 - Background/Status',
      reason: 'Tile not assigned to this bank'
    }
  ],
  banksReceived: 3
}
?? Tile not found in valid range: {
  tileId: 'tile_1776511854312',
  position: { x: 9, y: 18 },
  attempts: [
    {
      bankName: 'Bank 0 - HUD/Fonts',
      reason: 'Tile not assigned to this bank'
    },
    {
      bankName: 'Bank 1 - Game Tileset',
      reason: 'Tile not assigned to this bank'
    },
    {
      bankName: 'Bank 2 - Background/Status',
      reason: 'Tile not assigned to this bank'
    }
  ],
  banksReceived: 3
}
?? Tile not found in valid range: {
  tileId: 'tile_1776511854312',
  position: { x: 10, y: 18 },
  attempts: [
    {
      bankName: 'Bank 0 - HUD/Fonts',
      reason: 'Tile not assigned to this bank'
    },
    {
      bankName: 'Bank 1 - Game Tileset',
      reason: 'Tile not assigned to this bank'
    },
    {
      bankName: 'Bank 2 - Background/Status',
      reason: 'Tile not assigned to this bank'
    }
  ],
  banksReceived: 3
}
?? Tile not found in valid range: {
  tileId: 'tile_1776514675238',
  position: { x: 13, y: 18 },
  attempts: [
    {
      bankName: 'Bank 0 - HUD/Fonts',
      reason: 'Tile not assigned to this bank'
    },
    {
      bankName: 'Bank 1 - Game Tileset',
      reason: 'Tile not assigned to this bank'
    },
    {
      bankName: 'Bank 2 - Background/Status',
      reason: 'Tile not assigned to this bank'
    }
  ],
  banksReceived: 3
}
?? Tile not found in valid range: {
  tileId: 'tile_1776511854312',
  position: { x: 19, y: 18 },
  attempts: [
    {
      bankName: 'Bank 0 - HUD/Fonts',
      reason: 'Tile not assigned to this bank'
    },
    {
      bankName: 'Bank 1 - Game Tileset',
      reason: 'Tile not assigned to this bank'
    },
    {
      bankName: 'Bank 2 - Background/Status',
      reason: 'Tile not assigned to this bank'
    }
  ],
  banksReceived: 3
}
?? Tile not found in valid range: {
  tileId: 'tile_1776511854312',
  position: { x: 31, y: 18 },
  attempts: [
    {
      bankName: 'Bank 0 - HUD/Fonts',
      reason: 'Tile not assigned to this bank'
    },
    {
      bankName: 'Bank 1 - Game Tileset',
      reason: 'Tile not assigned to this bank'
    },
    {
      bankName: 'Bank 2 - Background/Status',
      reason: 'Tile not assigned to this bank'
    }
  ],
  banksReceived: 3
}
?? Tile not found in valid range: {
  tileId: 'tile_1776514675238',
  position: { x: 8, y: 19 },
  attempts: [
    {
      bankName: 'Bank 0 - HUD/Fonts',
      reason: 'Tile not assigned to this bank'
    },
    {
      bankName: 'Bank 1 - Game Tileset',
      reason: 'Tile not assigned to this bank'
    },
    {
      bankName: 'Bank 2 - Background/Status',
      reason: 'Tile not assigned to this bank'
    }
  ],
  banksReceived: 3
}
?? Tile not found in valid range: {
  tileId: 'tile_1776511854312',
  position: { x: 9, y: 19 },
  attempts: [
    {
      bankName: 'Bank 0 - HUD/Fonts',
      reason: 'Tile not assigned to this bank'
    },
    {
      bankName: 'Bank 1 - Game Tileset',
      reason: 'Tile not assigned to this bank'
    },
    {
      bankName: 'Bank 2 - Background/Status',
      reason: 'Tile not assigned to this bank'
    }
  ],
  banksReceived: 3
}
?? Tile not found in valid range: {
  tileId: 'tile_1776511854312',
  position: { x: 10, y: 19 },
  attempts: [
    {
      bankName: 'Bank 0 - HUD/Fonts',
      reason: 'Tile not assigned to this bank'
    },
    {
      bankName: 'Bank 1 - Game Tileset',
      reason: 'Tile not assigned to this bank'
    },
    {
      bankName: 'Bank 2 - Background/Status',
      reason: 'Tile not assigned to this bank'
    }
  ],
  banksReceived: 3
}
?? Tile not found in valid range: {
  tileId: 'tile_1776514675238',
  position: { x: 13, y: 19 },
  attempts: [
    {
      bankName: 'Bank 0 - HUD/Fonts',
      reason: 'Tile not assigned to this bank'
    },
    {
      bankName: 'Bank 1 - Game Tileset',
      reason: 'Tile not assigned to this bank'
    },
    {
      bankName: 'Bank 2 - Background/Status',
      reason: 'Tile not assigned to this bank'
    }
  ],
  banksReceived: 3
}
?? Tile not found in valid range: {
  tileId: 'tile_1776511854312',
  position: { x: 31, y: 19 },
  attempts: [
    {
      bankName: 'Bank 0 - HUD/Fonts',
      reason: 'Tile not assigned to this bank'
    },
    {
      bankName: 'Bank 1 - Game Tileset',
      reason: 'Tile not assigned to this bank'
    },
    {
      bankName: 'Bank 2 - Background/Status',
      reason: 'Tile not assigned to this bank'
    }
  ],
  banksReceived: 3
}
?? Tile not found in valid range: {
  tileId: 'tile_1776511854312',
  position: { x: 4, y: 4 },
  attempts: [
    {
      bankName: 'Bank 0 - HUD/Fonts',
      reason: 'Tile not assigned to this bank'
    },
    {
      bankName: 'Bank 1 - Game Tileset',
      reason: 'Tile not assigned to this bank'
    },
    {
      bankName: 'Bank 2 - Background/Status',
      reason: 'Tile not assigned to this bank'
    }
  ],
  banksReceived: 3
}
?? Tile not found in valid range: {
  tileId: 'tile_1776511854312',
  position: { x: 5, y: 4 },
  attempts: [
    {
      bankName: 'Bank 0 - HUD/Fonts',
      reason: 'Tile not assigned to this bank'
    },
    {
      bankName: 'Bank 1 - Game Tileset',
      reason: 'Tile not assigned to this bank'
    },
    {
      bankName: 'Bank 2 - Background/Status',
      reason: 'Tile not assigned to this bank'
    }
  ],
  banksReceived: 3
}
?? Tile not found in valid range: {
  tileId: 'tile_1776511854312',
  position: { x: 6, y: 4 },
  attempts: [
    {
      bankName: 'Bank 0 - HUD/Fonts',
      reason: 'Tile not assigned to this bank'
    },
    {
      bankName: 'Bank 1 - Game Tileset',
      reason: 'Tile not assigned to this bank'
    },
    {
      bankName: 'Bank 2 - Background/Status',
      reason: 'Tile not assigned to this bank'
    }
  ],
  banksReceived: 3
}
?? Tile not found in valid range: {
  tileId: 'tile_1776511854312',
  position: { x: 7, y: 4 },
  attempts: [
    {
      bankName: 'Bank 0 - HUD/Fonts',
      reason: 'Tile not assigned to this bank'
    },
    {
      bankName: 'Bank 1 - Game Tileset',
      reason: 'Tile not assigned to this bank'
    },
    {
      bankName: 'Bank 2 - Background/Status',
      reason: 'Tile not assigned to this bank'
    }
  ],
  banksReceived: 3
}
?? Tile not found in valid range: {
  tileId: 'tile_1776511854312',
  position: { x: 8, y: 4 },
  attempts: [
    {
      bankName: 'Bank 0 - HUD/Fonts',
      reason: 'Tile not assigned to this bank'
    },
    {
      bankName: 'Bank 1 - Game Tileset',
      reason: 'Tile not assigned to this bank'
    },
    {
      bankName: 'Bank 2 - Background/Status',
      reason: 'Tile not assigned to this bank'
    }
  ],
  banksReceived: 3
}
?? Tile not found in valid range: {
  tileId: 'tile_1776511854312',
  position: { x: 9, y: 4 },
  attempts: [
    {
      bankName: 'Bank 0 - HUD/Fonts',
      reason: 'Tile not assigned to this bank'
    },
    {
      bankName: 'Bank 1 - Game Tileset',
      reason: 'Tile not assigned to this bank'
    },
    {
      bankName: 'Bank 2 - Background/Status',
      reason: 'Tile not assigned to this bank'
    }
  ],
  banksReceived: 3
}
?? Tile not found in valid range: {
  tileId: 'tile_1776511854312',
  position: { x: 10, y: 4 },
  attempts: [
    {
      bankName: 'Bank 0 - HUD/Fonts',
      reason: 'Tile not assigned to this bank'
    },
    {
      bankName: 'Bank 1 - Game Tileset',
      reason: 'Tile not assigned to this bank'
    },
    {
      bankName: 'Bank 2 - Background/Status',
      reason: 'Tile not assigned to this bank'
    }
  ],
  banksReceived: 3
}
?? Tile not found in valid range: {
  tileId: 'tile_1776511854312',
  position: { x: 11, y: 4 },
  attempts: [
    {
      bankName: 'Bank 0 - HUD/Fonts',
      reason: 'Tile not assigned to this bank'
    },
    {
      bankName: 'Bank 1 - Game Tileset',
      reason: 'Tile not assigned to this bank'
    },
    {
      bankName: 'Bank 2 - Background/Status',
      reason: 'Tile not assigned to this bank'
    }
  ],
  banksReceived: 3
}
?? Tile not found in valid range: {
  tileId: 'tile_1776511854312',
  position: { x: 12, y: 4 },
  attempts: [
    {
      bankName: 'Bank 0 - HUD/Fonts',
      reason: 'Tile not assigned to this bank'
    },
    {
      bankName: 'Bank 1 - Game Tileset',
      reason: 'Tile not assigned to this bank'
    },
    {
      bankName: 'Bank 2 - Background/Status',
      reason: 'Tile not assigned to this bank'
    }
  ],
  banksReceived: 3
}
?? Tile not found in valid range: {
  tileId: 'tile_1776511854312',
  position: { x: 13, y: 4 },
  attempts: [
    {
      bankName: 'Bank 0 - HUD/Fonts',
      reason: 'Tile not assigned to this bank'
    },
    {
      bankName: 'Bank 1 - Game Tileset',
      reason: 'Tile not assigned to this bank'
    },
    {
      bankName: 'Bank 2 - Background/Status',
      reason: 'Tile not assigned to this bank'
    }
  ],
  banksReceived: 3
}
?? Tile not found in valid range: {
  tileId: 'tile_1776511854312',
  position: { x: 14, y: 4 },
  attempts: [
    {
      bankName: 'Bank 0 - HUD/Fonts',
      reason: 'Tile not assigned to this bank'
    },
    {
      bankName: 'Bank 1 - Game Tileset',
      reason: 'Tile not assigned to this bank'
    },
    {
      bankName: 'Bank 2 - Background/Status',
      reason: 'Tile not assigned to this bank'
    }
  ],
  banksReceived: 3
}
?? Tile not found in valid range: {
  tileId: 'tile_1776511854312',
  position: { x: 15, y: 4 },
  attempts: [
    {
      bankName: 'Bank 0 - HUD/Fonts',
      reason: 'Tile not assigned to this bank'
    },
    {
      bankName: 'Bank 1 - Game Tileset',
      reason: 'Tile not assigned to this bank'
    },
    {
      bankName: 'Bank 2 - Background/Status',
      reason: 'Tile not assigned to this bank'
    }
  ],
  banksReceived: 3
}
?? Tile not found in valid range: {
  tileId: 'tile_1776511854312',
  position: { x: 16, y: 4 },
  attempts: [
    {
      bankName: 'Bank 0 - HUD/Fonts',
      reason: 'Tile not assigned to this bank'
    },
    {
      bankName: 'Bank 1 - Game Tileset',
      reason: 'Tile not assigned to this bank'
    },
    {
      bankName: 'Bank 2 - Background/Status',
      reason: 'Tile not assigned to this bank'
    }
  ],
  banksReceived: 3
}
?? Tile not found in valid range: {
  tileId: 'tile_1776511854312',
  position: { x: 17, y: 4 },
  attempts: [
    {
      bankName: 'Bank 0 - HUD/Fonts',
      reason: 'Tile not assigned to this bank'
    },
    {
      bankName: 'Bank 1 - Game Tileset',
      reason: 'Tile not assigned to this bank'
    },
    {
      bankName: 'Bank 2 - Background/Status',
      reason: 'Tile not assigned to this bank'
    }
  ],
  banksReceived: 3
}
?? Tile not found in valid range: {
  tileId: 'tile_1776511854312',
  position: { x: 18, y: 4 },
  attempts: [
    {
      bankName: 'Bank 0 - HUD/Fonts',
      reason: 'Tile not assigned to this bank'
    },
    {
      bankName: 'Bank 1 - Game Tileset',
      reason: 'Tile not assigned to this bank'
    },
    {
      bankName: 'Bank 2 - Background/Status',
      reason: 'Tile not assigned to this bank'
    }
  ],
  banksReceived: 3
}
?? Tile not found in valid range: {
  tileId: 'tile_1776511854312',
  position: { x: 19, y: 4 },
  attempts: [
    {
      bankName: 'Bank 0 - HUD/Fonts',
      reason: 'Tile not assigned to this bank'
    },
    {
      bankName: 'Bank 1 - Game Tileset',
      reason: 'Tile not assigned to this bank'
    },
    {
      bankName: 'Bank 2 - Background/Status',
      reason: 'Tile not assigned to this bank'
    }
  ],
  banksReceived: 3
}
?? Tile not found in valid range: {
  tileId: 'tile_1776511854312',
  position: { x: 20, y: 4 },
  attempts: [
    {
      bankName: 'Bank 0 - HUD/Fonts',
      reason: 'Tile not assigned to this bank'
    },
    {
      bankName: 'Bank 1 - Game Tileset',
      reason: 'Tile not assigned to this bank'
    },
    {
      bankName: 'Bank 2 - Background/Status',
      reason: 'Tile not assigned to this bank'
    }
  ],
  banksReceived: 3
}
?? Tile not found in valid range: {
  tileId: 'tile_1776511854312',
  position: { x: 21, y: 4 },
  attempts: [
    {
      bankName: 'Bank 0 - HUD/Fonts',
      reason: 'Tile not assigned to this bank'
    },
    {
      bankName: 'Bank 1 - Game Tileset',
      reason: 'Tile not assigned to this bank'
    },
    {
      bankName: 'Bank 2 - Background/Status',
      reason: 'Tile not assigned to this bank'
    }
  ],
  banksReceived: 3
}
?? Tile not found in valid range: {
  tileId: 'tile_1776511854312',
  position: { x: 22, y: 4 },
  attempts: [
    {
      bankName: 'Bank 0 - HUD/Fonts',
      reason: 'Tile not assigned to this bank'
    },
    {
      bankName: 'Bank 1 - Game Tileset',
      reason: 'Tile not assigned to this bank'
    },
    {
      bankName: 'Bank 2 - Background/Status',
      reason: 'Tile not assigned to this bank'
    }
  ],
  banksReceived: 3
}
?? Tile not found in valid range: {
  tileId: 'tile_1776511854312',
  position: { x: 23, y: 4 },
  attempts: [
    {
      bankName: 'Bank 0 - HUD/Fonts',
      reason: 'Tile not assigned to this bank'
    },
    {
      bankName: 'Bank 1 - Game Tileset',
      reason: 'Tile not assigned to this bank'
    },
    {
      bankName: 'Bank 2 - Background/Status',
      reason: 'Tile not assigned to this bank'
    }
  ],
  banksReceived: 3
}
?? Tile not found in valid range: {
  tileId: 'tile_1776511854312',
  position: { x: 24, y: 4 },
  attempts: [
    {
      bankName: 'Bank 0 - HUD/Fonts',
      reason: 'Tile not assigned to this bank'
    },
    {
      bankName: 'Bank 1 - Game Tileset',
      reason: 'Tile not assigned to this bank'
    },
    {
      bankName: 'Bank 2 - Background/Status',
      reason: 'Tile not assigned to this bank'
    }
  ],
  banksReceived: 3
}
?? Tile not found in valid range: {
  tileId: 'tile_1776511854312',
  position: { x: 25, y: 4 },
  attempts: [
    {
      bankName: 'Bank 0 - HUD/Fonts',
      reason: 'Tile not assigned to this bank'
    },
    {
      bankName: 'Bank 1 - Game Tileset',
      reason: 'Tile not assigned to this bank'
    },
    {
      bankName: 'Bank 2 - Background/Status',
      reason: 'Tile not assigned to this bank'
    }
  ],
  banksReceived: 3
}
?? Tile not found in valid range: {
  tileId: 'tile_1776511854312',
  position: { x: 26, y: 4 },
  attempts: [
    {
      bankName: 'Bank 0 - HUD/Fonts',
      reason: 'Tile not assigned to this bank'
    },
    {
      bankName: 'Bank 1 - Game Tileset',
      reason: 'Tile not assigned to this bank'
    },
    {
      bankName: 'Bank 2 - Background/Status',
      reason: 'Tile not assigned to this bank'
    }
  ],
  banksReceived: 3
}
?? Tile not found in valid range: {
  tileId: 'tile_1776511854312',
  position: { x: 27, y: 4 },
  attempts: [
    {
      bankName: 'Bank 0 - HUD/Fonts',
      reason: 'Tile not assigned to this bank'
    },
    {
      bankName: 'Bank 1 - Game Tileset',
      reason: 'Tile not assigned to this bank'
    },
    {
      bankName: 'Bank 2 - Background/Status',
      reason: 'Tile not assigned to this bank'
    }
  ],
  banksReceived: 3
}
?? Tile not found in valid range: {
  tileId: 'tile_1776511854312',
  position: { x: 28, y: 4 },
  attempts: [
    {
      bankName: 'Bank 0 - HUD/Fonts',
      reason: 'Tile not assigned to this bank'
    },
    {
      bankName: 'Bank 1 - Game Tileset',
      reason: 'Tile not assigned to this bank'
    },
    {
      bankName: 'Bank 2 - Background/Status',
      reason: 'Tile not assigned to this bank'
    }
  ],
  banksReceived: 3
}
?? Tile not found in valid range: {
  tileId: 'tile_1776511854312',
  position: { x: 29, y: 4 },
  attempts: [
    {
      bankName: 'Bank 0 - HUD/Fonts',
      reason: 'Tile not assigned to this bank'
    },
    {
      bankName: 'Bank 1 - Game Tileset',
      reason: 'Tile not assigned to this bank'
    },
    {
      bankName: 'Bank 2 - Background/Status',
      reason: 'Tile not assigned to this bank'
    }
  ],
  banksReceived: 3
}
?? Tile not found in valid range: {
  tileId: 'tile_1776511854312',
  position: { x: 30, y: 4 },
  attempts: [
    {
      bankName: 'Bank 0 - HUD/Fonts',
      reason: 'Tile not assigned to this bank'
    },
    {
      bankName: 'Bank 1 - Game Tileset',
      reason: 'Tile not assigned to this bank'
    },
    {
      bankName: 'Bank 2 - Background/Status',
      reason: 'Tile not assigned to this bank'
    }
  ],
  banksReceived: 3
}
?? Tile not found in valid range: {
  tileId: 'tile_1776511854312',
  position: { x: 31, y: 4 },
  attempts: [
    {
      bankName: 'Bank 0 - HUD/Fonts',
      reason: 'Tile not assigned to this bank'
    },
    {
      bankName: 'Bank 1 - Game Tileset',
      reason: 'Tile not assigned to this bank'
    },
    {
      bankName: 'Bank 2 - Background/Status',
      reason: 'Tile not assigned to this bank'
    }
  ],
  banksReceived: 3
}
?? Tile not found in valid range: {
  tileId: 'tile_1776511854312',
  position: { x: 31, y: 5 },
  attempts: [
    {
      bankName: 'Bank 0 - HUD/Fonts',
      reason: 'Tile not assigned to this bank'
    },
    {
      bankName: 'Bank 1 - Game Tileset',
      reason: 'Tile not assigned to this bank'
    },
    {
      bankName: 'Bank 2 - Background/Status',
      reason: 'Tile not assigned to this bank'
    }
  ],
  banksReceived: 3
}
?? Tile not found in valid range: {
  tileId: 'tile_1776777705689',
  position: { x: 2, y: 6 },
  attempts: [
    {
      bankName: 'Bank 0 - HUD/Fonts',
      reason: 'Tile not assigned to this bank'
    },
    {
      bankName: 'Bank 1 - Game Tileset',
      reason: 'Tile not assigned to this bank'
    },
    {
      bankName: 'Bank 2 - Background/Status',
      reason: 'Tile not assigned to this bank'
    }
  ],
  banksReceived: 3
}
?? Tile not found in valid range: {
  tileId: 'tile_1776511854312',
  position: { x: 31, y: 6 },
  attempts: [
    {
      bankName: 'Bank 0 - HUD/Fonts',
      reason: 'Tile not assigned to this bank'
    },
    {
      bankName: 'Bank 1 - Game Tileset',
      reason: 'Tile not assigned to this bank'
    },
    {
      bankName: 'Bank 2 - Background/Status',
      reason: 'Tile not assigned to this bank'
    }
  ],
  banksReceived: 3
}
?? Tile not found in valid range: {
  tileId: 'tile_split_tile_1776511854312_1_1_1776878629578',
  position: { x: 1, y: 7 },
  attempts: [
    {
      bankName: 'Bank 0 - HUD/Fonts',
      reason: 'Tile not assigned to this bank'
    },
    {
      bankName: 'Bank 1 - Game Tileset',
      reason: 'Tile not assigned to this bank'
    },
    {
      bankName: 'Bank 2 - Background/Status',
      reason: 'Tile not assigned to this bank'
    }
  ],
  banksReceived: 3
}
?? Tile not found in valid range: {
  tileId: 'tile_split_tile_1776511854312_1_1_1776878629578',
  position: { x: 2, y: 7 },
  attempts: [
    {
      bankName: 'Bank 0 - HUD/Fonts',
      reason: 'Tile not assigned to this bank'
    },
    {
      bankName: 'Bank 1 - Game Tileset',
      reason: 'Tile not assigned to this bank'
    },
    {
      bankName: 'Bank 2 - Background/Status',
      reason: 'Tile not assigned to this bank'
    }
  ],
  banksReceived: 3
}
?? Tile not found in valid range: {
  tileId: 'tile_split_tile_1776511854312_1_1_1776878629578',
  position: { x: 3, y: 7 },
  attempts: [
    {
      bankName: 'Bank 0 - HUD/Fonts',
      reason: 'Tile not assigned to this bank'
    },
    {
      bankName: 'Bank 1 - Game Tileset',
      reason: 'Tile not assigned to this bank'
    },
    {
      bankName: 'Bank 2 - Background/Status',
      reason: 'Tile not assigned to this bank'
    }
  ],
  banksReceived: 3
}
?? Tile not found in valid range: {
  tileId: 'tile_1776878493940',
  position: { x: 31, y: 7 },
  attempts: [
    {
      bankName: 'Bank 0 - HUD/Fonts',
      reason: 'Tile not assigned to this bank'
    },
    {
      bankName: 'Bank 1 - Game Tileset',
      reason: 'Tile not assigned to this bank'
    },
    {
      bankName: 'Bank 2 - Background/Status',
      reason: 'Tile not assigned to this bank'
    }
  ],
  banksReceived: 3
}
?? Tile not found in valid range: {
  tileId: 'tile_1776777705689',
  position: { x: 27, y: 8 },
  attempts: [
    {
      bankName: 'Bank 0 - HUD/Fonts',
      reason: 'Tile not assigned to this bank'
    },
    {
      bankName: 'Bank 1 - Game Tileset',
      reason: 'Tile not assigned to this bank'
    },
    {
      bankName: 'Bank 2 - Background/Status',
      reason: 'Tile not assigned to this bank'
    }
  ],
  banksReceived: 3
}
?? Tile not found in valid range: {
  tileId: 'tile_1776878493940',
  position: { x: 31, y: 8 },
  attempts: [
    {
      bankName: 'Bank 0 - HUD/Fonts',
      reason: 'Tile not assigned to this bank'
    },
    {
      bankName: 'Bank 1 - Game Tileset',
      reason: 'Tile not assigned to this bank'
    },
    {
      bankName: 'Bank 2 - Background/Status',
      reason: 'Tile not assigned to this bank'
    }
  ],
  banksReceived: 3
}
?? Tile not found in valid range: {
  tileId: 'tile_1776511854312',
  position: { x: 26, y: 9 },
  attempts: [
    {
      bankName: 'Bank 0 - HUD/Fonts',
      reason: 'Tile not assigned to this bank'
    },
    {
      bankName: 'Bank 1 - Game Tileset',
      reason: 'Tile not assigned to this bank'
    },
    {
      bankName: 'Bank 2 - Background/Status',
      reason: 'Tile not assigned to this bank'
    }
  ],
  banksReceived: 3
}
?? Tile not found in valid range: {
  tileId: 'tile_1776511854312',
  position: { x: 27, y: 9 },
  attempts: [
    {
      bankName: 'Bank 0 - HUD/Fonts',
      reason: 'Tile not assigned to this bank'
    },
    {
      bankName: 'Bank 1 - Game Tileset',
      reason: 'Tile not assigned to this bank'
    },
    {
      bankName: 'Bank 2 - Background/Status',
      reason: 'Tile not assigned to this bank'
    }
  ],
  banksReceived: 3
}
?? Tile not found in valid range: {
  tileId: 'tile_1776511854312',
  position: { x: 28, y: 9 },
  attempts: [
    {
      bankName: 'Bank 0 - HUD/Fonts',
      reason: 'Tile not assigned to this bank'
    },
    {
      bankName: 'Bank 1 - Game Tileset',
      reason: 'Tile not assigned to this bank'
    },
    {
      bankName: 'Bank 2 - Background/Status',
      reason: 'Tile not assigned to this bank'
    }
  ],
  banksReceived: 3
}
?? Tile not found in valid range: {
  tileId: 'tile_1776511854312',
  position: { x: 29, y: 9 },
  attempts: [
    {
      bankName: 'Bank 0 - HUD/Fonts',
      reason: 'Tile not assigned to this bank'
    },
    {
      bankName: 'Bank 1 - Game Tileset',
      reason: 'Tile not assigned to this bank'
    },
    {
      bankName: 'Bank 2 - Background/Status',
      reason: 'Tile not assigned to this bank'
    }
  ],
  banksReceived: 3
}
?? Tile not found in valid range: {
  tileId: 'tile_split_tile_1776511854312_0_0_1776878629578',
  position: { x: 30, y: 9 },
  attempts: [
    {
      bankName: 'Bank 0 - HUD/Fonts',
      reason: 'Tile not assigned to this bank'
    },
    {
      bankName: 'Bank 1 - Game Tileset',
      reason: 'Tile not assigned to this bank'
    },
    {
      bankName: 'Bank 2 - Background/Status',
      reason: 'Tile not assigned to this bank'
    }
  ],
  banksReceived: 3
}
?? Tile not found in valid range: {
  tileId: 'tile_1776511854312',
  position: { x: 31, y: 9 },
  attempts: [
    {
      bankName: 'Bank 0 - HUD/Fonts',
      reason: 'Tile not assigned to this bank'
    },
    {
      bankName: 'Bank 1 - Game Tileset',
      reason: 'Tile not assigned to this bank'
    },
    {
      bankName: 'Bank 2 - Background/Status',
      reason: 'Tile not assigned to this bank'
    }
  ],
  banksReceived: 3
}
?? Tile not found in valid range: {
  tileId: 'tile_1776514675238',
  position: { x: 8, y: 10 },
  attempts: [
    {
      bankName: 'Bank 0 - HUD/Fonts',
      reason: 'Tile not assigned to this bank'
    },
    {
      bankName: 'Bank 1 - Game Tileset',
      reason: 'Tile not assigned to this bank'
    },
    {
      bankName: 'Bank 2 - Background/Status',
      reason: 'Tile not assigned to this bank'
    }
  ],
  banksReceived: 3
}
?? Tile not found in valid range: {
  tileId: 'tile_1776787618678',
  position: { x: 10, y: 10 },
  attempts: [
    {
      bankName: 'Bank 0 - HUD/Fonts',
      reason: 'Tile not assigned to this bank'
    },
    {
      bankName: 'Bank 1 - Game Tileset',
      reason: 'Tile not assigned to this bank'
    },
    {
      bankName: 'Bank 2 - Background/Status',
      reason: 'Tile not assigned to this bank'
    }
  ],
  banksReceived: 3
}
?? Tile not found in valid range: {
  tileId: 'tile_1776777705689',
  position: { x: 18, y: 10 },
  attempts: [
    {
      bankName: 'Bank 0 - HUD/Fonts',
      reason: 'Tile not assigned to this bank'
    },
    {
      bankName: 'Bank 1 - Game Tileset',
      reason: 'Tile not assigned to this bank'
    },
    {
      bankName: 'Bank 2 - Background/Status',
      reason: 'Tile not assigned to this bank'
    }
  ],
  banksReceived: 3
}
?? Tile not found in valid range: {
  tileId: 'tile_1776511854312',
  position: { x: 31, y: 10 },
  attempts: [
    {
      bankName: 'Bank 0 - HUD/Fonts',
      reason: 'Tile not assigned to this bank'
    },
    {
      bankName: 'Bank 1 - Game Tileset',
      reason: 'Tile not assigned to this bank'
    },
    {
      bankName: 'Bank 2 - Background/Status',
      reason: 'Tile not assigned to this bank'
    }
  ],
  banksReceived: 3
}
?? Tile not found in valid range: {
  tileId: 'tile_1776514675238',
  position: { x: 8, y: 11 },
  attempts: [
    {
      bankName: 'Bank 0 - HUD/Fonts',
      reason: 'Tile not assigned to this bank'
    },
    {
      bankName: 'Bank 1 - Game Tileset',
      reason: 'Tile not assigned to this bank'
    },
    {
      bankName: 'Bank 2 - Background/Status',
      reason: 'Tile not assigned to this bank'
    }
  ],
  banksReceived: 3
}
?? Tile not found in valid range: {
  tileId: 'tile_1776511854312',
  position: { x: 9, y: 11 },
  attempts: [
    {
      bankName: 'Bank 0 - HUD/Fonts',
      reason: 'Tile not assigned to this bank'
    },
    {
      bankName: 'Bank 1 - Game Tileset',
      reason: 'Tile not assigned to this bank'
    },
    {
      bankName: 'Bank 2 - Background/Status',
      reason: 'Tile not assigned to this bank'
    }
  ],
  banksReceived: 3
}
?? Tile not found in valid range: {
  tileId: 'tile_1776511854312',
  position: { x: 10, y: 11 },
  attempts: [
    {
      bankName: 'Bank 0 - HUD/Fonts',
      reason: 'Tile not assigned to this bank'
    },
    {
      bankName: 'Bank 1 - Game Tileset',
      reason: 'Tile not assigned to this bank'
    },
    {
      bankName: 'Bank 2 - Background/Status',
      reason: 'Tile not assigned to this bank'
    }
  ],
  banksReceived: 3
}
?? Tile not found in valid range: {
  tileId: 'tile_1776511854312',
  position: { x: 18, y: 11 },
  attempts: [
    {
      bankName: 'Bank 0 - HUD/Fonts',
      reason: 'Tile not assigned to this bank'
    },
    {
      bankName: 'Bank 1 - Game Tileset',
      reason: 'Tile not assigned to this bank'
    },
    {
      bankName: 'Bank 2 - Background/Status',
      reason: 'Tile not assigned to this bank'
    }
  ],
  banksReceived: 3
}
?? Tile not found in valid range: {
  tileId: 'tile_1776511854312',
  position: { x: 19, y: 11 },
  attempts: [
    {
      bankName: 'Bank 0 - HUD/Fonts',
      reason: 'Tile not assigned to this bank'
    },
    {
      bankName: 'Bank 1 - Game Tileset',
      reason: 'Tile not assigned to this bank'
    },
    {
      bankName: 'Bank 2 - Background/Status',
      reason: 'Tile not assigned to this bank'
    }
  ],
  banksReceived: 3
}
?? Tile not found in valid range: {
  tileId: 'tile_1776511854312',
  position: { x: 31, y: 11 },
  attempts: [
    {
      bankName: 'Bank 0 - HUD/Fonts',
      reason: 'Tile not assigned to this bank'
    },
    {
      bankName: 'Bank 1 - Game Tileset',
      reason: 'Tile not assigned to this bank'
    },
    {
      bankName: 'Bank 2 - Background/Status',
      reason: 'Tile not assigned to this bank'
    }
  ],
  banksReceived: 3
}
?? Tile not found in valid range: {
  tileId: 'tile_1776787618678',
  position: { x: 3, y: 12 },
  attempts: [
    {
      bankName: 'Bank 0 - HUD/Fonts',
      reason: 'Tile not assigned to this bank'
    },
    {
      bankName: 'Bank 1 - Game Tileset',
      reason: 'Tile not assigned to this bank'
    },
    {
      bankName: 'Bank 2 - Background/Status',
      reason: 'Tile not assigned to this bank'
    }
  ],
  banksReceived: 3
}
?? Tile not found in valid range: {
  tileId: 'tile_1776514675238',
  position: { x: 8, y: 12 },
  attempts: [
    {
      bankName: 'Bank 0 - HUD/Fonts',
      reason: 'Tile not assigned to this bank'
    },
    {
      bankName: 'Bank 1 - Game Tileset',
      reason: 'Tile not assigned to this bank'
    },
    {
      bankName: 'Bank 2 - Background/Status',
      reason: 'Tile not assigned to this bank'
    }
  ],
  banksReceived: 3
}
?? Tile not found in valid range: {
  tileId: 'tile_1776511854312',
  position: { x: 9, y: 12 },
  attempts: [
    {
      bankName: 'Bank 0 - HUD/Fonts',
      reason: 'Tile not assigned to this bank'
    },
    {
      bankName: 'Bank 1 - Game Tileset',
      reason: 'Tile not assigned to this bank'
    },
    {
      bankName: 'Bank 2 - Background/Status',
      reason: 'Tile not assigned to this bank'
    }
  ],
  banksReceived: 3
}
?? Tile not found in valid range: {
  tileId: 'tile_1776511854312',
  position: { x: 10, y: 12 },
  attempts: [
    {
      bankName: 'Bank 0 - HUD/Fonts',
      reason: 'Tile not assigned to this bank'
    },
    {
      bankName: 'Bank 1 - Game Tileset',
      reason: 'Tile not assigned to this bank'
    },
    {
      bankName: 'Bank 2 - Background/Status',
      reason: 'Tile not assigned to this bank'
    }
  ],
  banksReceived: 3
}
?? Tile not found in valid range: {
  tileId: 'tile_1776514675238',
  position: { x: 13, y: 12 },
  attempts: [
    {
      bankName: 'Bank 0 - HUD/Fonts',
      reason: 'Tile not assigned to this bank'
    },
    {
      bankName: 'Bank 1 - Game Tileset',
      reason: 'Tile not assigned to this bank'
    },
    {
      bankName: 'Bank 2 - Background/Status',
      reason: 'Tile not assigned to this bank'
    }
  ],
  banksReceived: 3
}
?? Tile not found in valid range: {
  tileId: 'tile_1776787618678',
  position: { x: 15, y: 12 },
  attempts: [
    {
      bankName: 'Bank 0 - HUD/Fonts',
      reason: 'Tile not assigned to this bank'
    },
    {
      bankName: 'Bank 1 - Game Tileset',
      reason: 'Tile not assigned to this bank'
    },
    {
      bankName: 'Bank 2 - Background/Status',
      reason: 'Tile not assigned to this bank'
    }
  ],
  banksReceived: 3
}
?? Tile not found in valid range: {
  tileId: 'tile_1776511854312',
  position: { x: 31, y: 12 },
  attempts: [
    {
      bankName: 'Bank 0 - HUD/Fonts',
      reason: 'Tile not assigned to this bank'
    },
    {
      bankName: 'Bank 1 - Game Tileset',
      reason: 'Tile not assigned to this bank'
    },
    {
      bankName: 'Bank 2 - Background/Status',
      reason: 'Tile not assigned to this bank'
    }
  ],
  banksReceived: 3
}
?? Tile not found in valid range: {
  tileId: 'tile_split_tile_1776511854312_0_0_1776878629578',
  position: { x: 1, y: 13 },
  attempts: [
    {
      bankName: 'Bank 0 - HUD/Fonts',
      reason: 'Tile not assigned to this bank'
    },
    {
      bankName: 'Bank 1 - Game Tileset',
      reason: 'Tile not assigned to this bank'
    },
    {
      bankName: 'Bank 2 - Background/Status',
      reason: 'Tile not assigned to this bank'
    }
  ],
  banksReceived: 3
}
?? Tile not found in valid range: {
  tileId: 'tile_split_tile_1776511854312_1_1_1776878629578',
  position: { x: 2, y: 13 },
  attempts: [
    {
      bankName: 'Bank 0 - HUD/Fonts',
      reason: 'Tile not assigned to this bank'
    },
    {
      bankName: 'Bank 1 - Game Tileset',
      reason: 'Tile not assigned to this bank'
    },
    {
      bankName: 'Bank 2 - Background/Status',
      reason: 'Tile not assigned to this bank'
    }
  ],
  banksReceived: 3
}
?? Tile not found in valid range: {
  tileId: 'tile_split_tile_1776511854312_1_1_1776878629578',
  position: { x: 3, y: 13 },
  attempts: [
    {
      bankName: 'Bank 0 - HUD/Fonts',
      reason: 'Tile not assigned to this bank'
    },
    {
      bankName: 'Bank 1 - Game Tileset',
      reason: 'Tile not assigned to this bank'
    },
    {
      bankName: 'Bank 2 - Background/Status',
      reason: 'Tile not assigned to this bank'
    }
  ],
  banksReceived: 3
}
?? Tile not found in valid range: {
  tileId: 'tile_1776514675238',
  position: { x: 8, y: 13 },
  attempts: [
    {
      bankName: 'Bank 0 - HUD/Fonts',
      reason: 'Tile not assigned to this bank'
    },
    {
      bankName: 'Bank 1 - Game Tileset',
      reason: 'Tile not assigned to this bank'
    },
    {
      bankName: 'Bank 2 - Background/Status',
      reason: 'Tile not assigned to this bank'
    }
  ],
  banksReceived: 3
}
?? Tile not found in valid range: {
  tileId: 'tile_1776514675238',
  position: { x: 13, y: 13 },
  attempts: [
    {
      bankName: 'Bank 0 - HUD/Fonts',
      reason: 'Tile not assigned to this bank'
    },
    {
      bankName: 'Bank 1 - Game Tileset',
      reason: 'Tile not assigned to this bank'
    },
    {
      bankName: 'Bank 2 - Background/Status',
      reason: 'Tile not assigned to this bank'
    }
  ],
  banksReceived: 3
}
?? Tile not found in valid range: {
  tileId: 'tile_1776511854312',
  position: { x: 14, y: 13 },
  attempts: [
    {
      bankName: 'Bank 0 - HUD/Fonts',
      reason: 'Tile not assigned to this bank'
    },
    {
      bankName: 'Bank 1 - Game Tileset',
      reason: 'Tile not assigned to this bank'
    },
    {
      bankName: 'Bank 2 - Background/Status',
      reason: 'Tile not assigned to this bank'
    }
  ],
  banksReceived: 3
}
?? Tile not found in valid range: {
  tileId: 'tile_1776511854312',
  position: { x: 15, y: 13 },
  attempts: [
    {
      bankName: 'Bank 0 - HUD/Fonts',
      reason: 'Tile not assigned to this bank'
    },
    {
      bankName: 'Bank 1 - Game Tileset',
      reason: 'Tile not assigned to this bank'
    },
    {
      bankName: 'Bank 2 - Background/Status',
      reason: 'Tile not assigned to this bank'
    }
  ],
  banksReceived: 3
}
?? Tile not found in valid range: {
  tileId: 'tile_1776511854312',
  position: { x: 31, y: 13 },
  attempts: [
    {
      bankName: 'Bank 0 - HUD/Fonts',
      reason: 'Tile not assigned to this bank'
    },
    {
      bankName: 'Bank 1 - Game Tileset',
      reason: 'Tile not assigned to this bank'
    },
    {
      bankName: 'Bank 2 - Background/Status',
      reason: 'Tile not assigned to this bank'
    }
  ],
  banksReceived: 3
}
?? Tile not found in valid range: {
  tileId: 'tile_split_tile_1776511854312_1_1_1776878629578',
  position: { x: 3, y: 14 },
  attempts: [
    {
      bankName: 'Bank 0 - HUD/Fonts',
      reason: 'Tile not assigned to this bank'
    },
    {
      bankName: 'Bank 1 - Game Tileset',
      reason: 'Tile not assigned to this bank'
    },
    {
      bankName: 'Bank 2 - Background/Status',
      reason: 'Tile not assigned to this bank'
    }
  ],
  banksReceived: 3
}
?? Tile not found in valid range: {
  tileId: 'tile_split_tile_1776511854312_0_0_1776878629578',
  position: { x: 4, y: 14 },
  attempts: [
    {
      bankName: 'Bank 0 - HUD/Fonts',
      reason: 'Tile not assigned to this bank'
    },
    {
      bankName: 'Bank 1 - Game Tileset',
      reason: 'Tile not assigned to this bank'
    },
    {
      bankName: 'Bank 2 - Background/Status',
      reason: 'Tile not assigned to this bank'
    }
  ],
  banksReceived: 3
}
?? Tile not found in valid range: {
  tileId: 'tile_split_tile_1776511854312_0_0_1776878629578',
  position: { x: 5, y: 14 },
  attempts: [
    {
      bankName: 'Bank 0 - HUD/Fonts',
      reason: 'Tile not assigned to this bank'
    },
    {
      bankName: 'Bank 1 - Game Tileset',
      reason: 'Tile not assigned to this bank'
    },
    {
      bankName: 'Bank 2 - Background/Status',
      reason: 'Tile not assigned to this bank'
    }
  ],
  banksReceived: 3
}
?? Tile not found in valid range: {
  tileId: 'tile_split_tile_1776511854312_1_1_1776878629578',
  position: { x: 6, y: 14 },
  attempts: [
    {
      bankName: 'Bank 0 - HUD/Fonts',
      reason: 'Tile not assigned to this bank'
    },
    {
      bankName: 'Bank 1 - Game Tileset',
      reason: 'Tile not assigned to this bank'
    },
    {
      bankName: 'Bank 2 - Background/Status',
      reason: 'Tile not assigned to this bank'
    }
  ],
  banksReceived: 3
}
?? Tile not found in valid range: {
  tileId: 'tile_1776514675238',
  position: { x: 8, y: 14 },
  attempts: [
    {
      bankName: 'Bank 0 - HUD/Fonts',
      reason: 'Tile not assigned to this bank'
    },
    {
      bankName: 'Bank 1 - Game Tileset',
      reason: 'Tile not assigned to this bank'
    },
    {
      bankName: 'Bank 2 - Background/Status',
      reason: 'Tile not assigned to this bank'
    }
  ],
  banksReceived: 3
}
?? Tile not found in valid range: {
  tileId: 'tile_1776514675238',
  position: { x: 13, y: 14 },
  attempts: [
    {
      bankName: 'Bank 0 - HUD/Fonts',
      reason: 'Tile not assigned to this bank'
    },
    {
      bankName: 'Bank 1 - Game Tileset',
      reason: 'Tile not assigned to this bank'
    },
    {
      bankName: 'Bank 2 - Background/Status',
      reason: 'Tile not assigned to this bank'
    }
  ],
  banksReceived: 3
}
?? Tile not found in valid range: {
  tileId: 'tile_1776511854312',
  position: { x: 31, y: 14 },
  attempts: [
    {
      bankName: 'Bank 0 - HUD/Fonts',
      reason: 'Tile not assigned to this bank'
    },
    {
      bankName: 'Bank 1 - Game Tileset',
      reason: 'Tile not assigned to this bank'
    },
    {
      bankName: 'Bank 2 - Background/Status',
      reason: 'Tile not assigned to this bank'
    }
  ],
  banksReceived: 3
}
?? Tile not found in valid range: {
  tileId: 'tile_1776514675238',
  position: { x: 8, y: 15 },
  attempts: [
    {
      bankName: 'Bank 0 - HUD/Fonts',
      reason: 'Tile not assigned to this bank'
    },
    {
      bankName: 'Bank 1 - Game Tileset',
      reason: 'Tile not assigned to this bank'
    },
    {
      bankName: 'Bank 2 - Background/Status',
      reason: 'Tile not assigned to this bank'
    }
  ],
  banksReceived: 3
}
?? Tile not found in valid range: {
  tileId: 'tile_1776514675238',
  position: { x: 13, y: 15 },
  attempts: [
    {
      bankName: 'Bank 0 - HUD/Fonts',
      reason: 'Tile not assigned to this bank'
    },
    {
      bankName: 'Bank 1 - Game Tileset',
      reason: 'Tile not assigned to this bank'
    },
    {
      bankName: 'Bank 2 - Background/Status',
      reason: 'Tile not assigned to this bank'
    }
  ],
  banksReceived: 3
}
?? Tile not found in valid range: {
  tileId: 'tile_1776511854312',
  position: { x: 31, y: 15 },
  attempts: [
    {
      bankName: 'Bank 0 - HUD/Fonts',
      reason: 'Tile not assigned to this bank'
    },
    {
      bankName: 'Bank 1 - Game Tileset',
      reason: 'Tile not assigned to this bank'
    },
    {
      bankName: 'Bank 2 - Background/Status',
      reason: 'Tile not assigned to this bank'
    }
  ],
  banksReceived: 3
}
?? Tile not found in valid range: {
  tileId: 'tile_1776514675238',
  position: { x: 8, y: 16 },
  attempts: [
    {
      bankName: 'Bank 0 - HUD/Fonts',
      reason: 'Tile not assigned to this bank'
    },
    {
      bankName: 'Bank 1 - Game Tileset',
      reason: 'Tile not assigned to this bank'
    },
    {
      bankName: 'Bank 2 - Background/Status',
      reason: 'Tile not assigned to this bank'
    }
  ],
  banksReceived: 3
}
?? Tile not found in valid range: {
  tileId: 'tile_1776514675238',
  position: { x: 13, y: 16 },
  attempts: [
    {
      bankName: 'Bank 0 - HUD/Fonts',
      reason: 'Tile not assigned to this bank'
    },
    {
      bankName: 'Bank 1 - Game Tileset',
      reason: 'Tile not assigned to this bank'
    },
    {
      bankName: 'Bank 2 - Background/Status',
      reason: 'Tile not assigned to this bank'
    }
  ],
  banksReceived: 3
}
?? Tile not found in valid range: {
  tileId: 'tile_1776511854312',
  position: { x: 31, y: 16 },
  attempts: [
    {
      bankName: 'Bank 0 - HUD/Fonts',
      reason: 'Tile not assigned to this bank'
    },
    {
      bankName: 'Bank 1 - Game Tileset',
      reason: 'Tile not assigned to this bank'
    },
    {
      bankName: 'Bank 2 - Background/Status',
      reason: 'Tile not assigned to this bank'
    }
  ],
  banksReceived: 3
}
?? Tile not found in valid range: {
  tileId: 'tile_1776514675238',
  position: { x: 8, y: 17 },
  attempts: [
    {
      bankName: 'Bank 0 - HUD/Fonts',
      reason: 'Tile not assigned to this bank'
    },
    {
      bankName: 'Bank 1 - Game Tileset',
      reason: 'Tile not assigned to this bank'
    },
    {
      bankName: 'Bank 2 - Background/Status',
      reason: 'Tile not assigned to this bank'
    }
  ],
  banksReceived: 3
}
?? Tile not found in valid range: {
  tileId: 'tile_1776514675238',
  position: { x: 13, y: 17 },
  attempts: [
    {
      bankName: 'Bank 0 - HUD/Fonts',
      reason: 'Tile not assigned to this bank'
    },
    {
      bankName: 'Bank 1 - Game Tileset',
      reason: 'Tile not assigned to this bank'
    },
    {
      bankName: 'Bank 2 - Background/Status',
      reason: 'Tile not assigned to this bank'
    }
  ],
  banksReceived: 3
}
?? Tile not found in valid range: {
  tileId: 'tile_1776511854312',
  position: { x: 19, y: 17 },
  attempts: [
    {
      bankName: 'Bank 0 - HUD/Fonts',
      reason: 'Tile not assigned to this bank'
    },
    {
      bankName: 'Bank 1 - Game Tileset',
      reason: 'Tile not assigned to this bank'
    },
    {
      bankName: 'Bank 2 - Background/Status',
      reason: 'Tile not assigned to this bank'
    }
  ],
  banksReceived: 3
}
?? Tile not found in valid range: {
  tileId: 'tile_1776511854312',
  position: { x: 31, y: 17 },
  attempts: [
    {
      bankName: 'Bank 0 - HUD/Fonts',
      reason: 'Tile not assigned to this bank'
    },
    {
      bankName: 'Bank 1 - Game Tileset',
      reason: 'Tile not assigned to this bank'
    },
    {
      bankName: 'Bank 2 - Background/Status',
      reason: 'Tile not assigned to this bank'
    }
  ],
  banksReceived: 3
}
?? Tile not found in valid range: {
  tileId: 'tile_1776514675238',
  position: { x: 8, y: 18 },
  attempts: [
    {
      bankName: 'Bank 0 - HUD/Fonts',
      reason: 'Tile not assigned to this bank'
    },
    {
      bankName: 'Bank 1 - Game Tileset',
      reason: 'Tile not assigned to this bank'
    },
    {
      bankName: 'Bank 2 - Background/Status',
      reason: 'Tile not assigned to this bank'
    }
  ],
  banksReceived: 3
}
?? Tile not found in valid range: {
  tileId: 'tile_1776511854312',
  position: { x: 9, y: 18 },
  attempts: [
    {
      bankName: 'Bank 0 - HUD/Fonts',
      reason: 'Tile not assigned to this bank'
    },
    {
      bankName: 'Bank 1 - Game Tileset',
      reason: 'Tile not assigned to this bank'
    },
    {
      bankName: 'Bank 2 - Background/Status',
      reason: 'Tile not assigned to this bank'
    }
  ],
  banksReceived: 3
}
?? Tile not found in valid range: {
  tileId: 'tile_1776511854312',
  position: { x: 10, y: 18 },
  attempts: [
    {
      bankName: 'Bank 0 - HUD/Fonts',
      reason: 'Tile not assigned to this bank'
    },
    {
      bankName: 'Bank 1 - Game Tileset',
      reason: 'Tile not assigned to this bank'
    },
    {
      bankName: 'Bank 2 - Background/Status',
      reason: 'Tile not assigned to this bank'
    }
  ],
  banksReceived: 3
}
?? Tile not found in valid range: {
  tileId: 'tile_1776514675238',
  position: { x: 13, y: 18 },
  attempts: [
    {
      bankName: 'Bank 0 - HUD/Fonts',
      reason: 'Tile not assigned to this bank'
    },
    {
      bankName: 'Bank 1 - Game Tileset',
      reason: 'Tile not assigned to this bank'
    },
    {
      bankName: 'Bank 2 - Background/Status',
      reason: 'Tile not assigned to this bank'
    }
  ],
  banksReceived: 3
}
?? Tile not found in valid range: {
  tileId: 'tile_1776511854312',
  position: { x: 19, y: 18 },
  attempts: [
    {
      bankName: 'Bank 0 - HUD/Fonts',
      reason: 'Tile not assigned to this bank'
    },
    {
      bankName: 'Bank 1 - Game Tileset',
      reason: 'Tile not assigned to this bank'
    },
    {
      bankName: 'Bank 2 - Background/Status',
      reason: 'Tile not assigned to this bank'
    }
  ],
  banksReceived: 3
}
?? Tile not found in valid range: {
  tileId: 'tile_1776511854312',
  position: { x: 31, y: 18 },
  attempts: [
    {
      bankName: 'Bank 0 - HUD/Fonts',
      reason: 'Tile not assigned to this bank'
    },
    {
      bankName: 'Bank 1 - Game Tileset',
      reason: 'Tile not assigned to this bank'
    },
    {
      bankName: 'Bank 2 - Background/Status',
      reason: 'Tile not assigned to this bank'
    }
  ],
  banksReceived: 3
}
?? Tile not found in valid range: {
  tileId: 'tile_1776514675238',
  position: { x: 8, y: 19 },
  attempts: [
    {
      bankName: 'Bank 0 - HUD/Fonts',
      reason: 'Tile not assigned to this bank'
    },
    {
      bankName: 'Bank 1 - Game Tileset',
      reason: 'Tile not assigned to this bank'
    },
    {
      bankName: 'Bank 2 - Background/Status',
      reason: 'Tile not assigned to this bank'
    }
  ],
  banksReceived: 3
}
?? Tile not found in valid range: {
  tileId: 'tile_1776511854312',
  position: { x: 9, y: 19 },
  attempts: [
    {
      bankName: 'Bank 0 - HUD/Fonts',
      reason: 'Tile not assigned to this bank'
    },
    {
      bankName: 'Bank 1 - Game Tileset',
      reason: 'Tile not assigned to this bank'
    },
    {
      bankName: 'Bank 2 - Background/Status',
      reason: 'Tile not assigned to this bank'
    }
  ],
  banksReceived: 3
}
?? Tile not found in valid range: {
  tileId: 'tile_1776511854312',
  position: { x: 10, y: 19 },
  attempts: [
    {
      bankName: 'Bank 0 - HUD/Fonts',
      reason: 'Tile not assigned to this bank'
    },
    {
      bankName: 'Bank 1 - Game Tileset',
      reason: 'Tile not assigned to this bank'
    },
    {
      bankName: 'Bank 2 - Background/Status',
      reason: 'Tile not assigned to this bank'
    }
  ],
  banksReceived: 3
}
?? Tile not found in valid range: {
  tileId: 'tile_1776514675238',
  position: { x: 13, y: 19 },
  attempts: [
    {
      bankName: 'Bank 0 - HUD/Fonts',
      reason: 'Tile not assigned to this bank'
    },
    {
      bankName: 'Bank 1 - Game Tileset',
      reason: 'Tile not assigned to this bank'
    },
    {
      bankName: 'Bank 2 - Background/Status',
      reason: 'Tile not assigned to this bank'
    }
  ],
  banksReceived: 3
}
?? Tile not found in valid range: {
  tileId: 'tile_1776511854312',
  position: { x: 31, y: 19 },
  attempts: [
    {
      bankName: 'Bank 0 - HUD/Fonts',
      reason: 'Tile not assigned to this bank'
    },
    {
      bankName: 'Bank 1 - Game Tileset',
      reason: 'Tile not assigned to this bank'
    },
    {
      bankName: 'Bank 2 - Background/Status',
      reason: 'Tile not assigned to this bank'
    }
  ],
  banksReceived: 3
}
{"outputPath":"C:\\Users\\salam\\Documents\\Programacion\\Mideas\\server\\temp\\joc52_matrix_megarom_ascii8_compressed.asm","info":{"attempted":true,"applied":true,"method":"ZX0","candidateScreens":17,"candidateScreenBlockMaps":0,"candidateEffects":0,"candidateBehaviorMaps":0,"candidateTilePatterns":3,"candidateTileColors":3,"candidateFontPatterns":0,"candidateFontColors":0,"candidateSpritePatterns":32,"compressedScreens":13,"compressedScreenBlockMaps":0,"compressedEffects":0,"compressedBehaviorMaps":0,"compressedTilePatterns":3,"compressedTileColors":3,"compressedFontPatterns":0,"compressedFontColors":0,"compressedSpritePatterns":32,"originalBytes":10830,"compressedBytes":1897,"savedBytes":8933,"netSavedBytes":8933,"warning":null,"screenBufferSymbol":null,"effectsBufferSymbol":"runtime_effects_layout","behaviorBufferSymbol":null,"tilePatternBufferSymbol":null,"tileColorBufferSymbol":null,"fontPatternBufferSymbol":null,"fontColorBufferSymbol":null,"spritePatternBufferSymbol":null}}
Running: node C:\Users\salam\AppData\Local\Temp\tmp3c95b_9h.cjs C:\Users\salam\Documents\Programacion\Mideas\server\server.js C:\Users\salam\Documents\Programacion\Mideas\server\temp\joc52_matrix_megarom_ascii8.asm C:\Users\salam\Documents\Programacion\Mideas\server\temp\joc52_matrix_megarom_ascii8_compressed.asm C:\Users\salam\Documents\Programacion\Mideas\server\temp
Running: java -jar C:\Users\salam\Documents\Programacion\Mideas\server\glass.jar -I C:\Users\salam\Documents\Programacion\Mideas\server C:\Users\salam\Documents\Programacion\Mideas\server\temp\joc52_matrix_megarom_ascii8_compressed.asm C:\Users\salam\Documents\Programacion\Mideas\server\temp\joc52_matrix_megarom_ascii8.rom C:\Users\salam\Documents\Programacion\Mideas\server\temp\joc52_matrix_megarom_ascii8.sym

Done.
Project: joc52
JSON: C:\Users\salam\Downloads\joc52.json
ASM: C:\Users\salam\Documents\Programacion\Mideas\server\temp\joc52_matrix_megarom_ascii8.asm (919101 chars)
Generated artifacts: C:\Users\salam\Documents\Programacion\Mideas\server\temp\joc52_matrix_megarom_ascii8_compressed_generated
ZX0 ASM: C:\Users\salam\Documents\Programacion\Mideas\server\temp\joc52_matrix_megarom_ascii8_compressed.asm
ZX0: applied=True, netSavedBytes=8933, warning=none
ROM: C:\Users\salam\Documents\Programacion\Mideas\server\temp\joc52_matrix_megarom_ascii8.rom (original=139264 bytes, padded=262144 bytes)
MegaROM mapper artifacts: format=ascii8, segmentSize=8192, window=p3/#8000, banks=2, resources=55
Glass: C:\Users\salam\Documents\Programacion\Mideas\server\glass.jar
Generator config: mode=megarom, mapper=ascii8, engine=interruptTaskManager, autoMegaROM=False
