t2 pc=1130 sp=F2FE banks=00/00/00 flow=00 screen=33 engine=33 screenEnt=33 active=FF input=22 render=22 hero=FF prt=33 pei=33 pxy=13107,13107 e0=a00 pEE sEE xy51,0 spr33 cfg33 e1=a00 pEE sEE xy51,0
BP_4010 pc=4010 sp=F2EC banks=00/00/00 flow=00 screen=33 engine=33 screenEnt=33 active=FF input=22 render=22 hero=FF prt=33 pei=33 pxy=13107,13107 e0=a00 pEE sEE xy51,0 spr33 cfg33 e1=a00 pEE sEE xy51,0
BP_init_game_systems pc=4F2D sp=F376 banks=01/02/03 flow=00 screen=33 engine=33 screenEnt=33 active=FF input=22 render=22 hero=FF prt=33 pei=33 pxy=13107,13107 e0=a00 pEE sEE xy51,0 spr33 cfg33 e1=a00 pEE sEE xy51,0
BP_init_player_1 pc=60C7 sp=F354 banks=0B/02/03 flow=00 screen=00 engine=33 screenEnt=33 active=FF input=22 render=22 hero=FF prt=33 pei=33 pxy=13107,13107 e0=a00 pEE sEE xy0,0 spr19 cfg33 e1=a00 pEE sEE xy0,0
BP_init_player_1 pc=60C7 sp=F354 banks=0B/02/03 flow=00 screen=00 engine=33 screenEnt=33 active=FF input=22 render=22 hero=FF prt=33 pei=33 pxy=13107,13107 e0=a00 pEE sEE xy0,0 spr19 cfg33 e1=a00 pEE sEE xy0,0
BP_init_player_1 pc=60C7 sp=F354 banks=0B/02/03 flow=00 screen=00 engine=33 screenEnt=33 active=FF input=22 render=22 hero=FF prt=33 pei=33 pxy=13107,13107 e0=a00 pEE sEE xy0,0 spr19 cfg33 e1=a00 pEE sEE xy0,0
BP_init_entities_far pc=49D0 sp=F374 banks=01/02/03 flow=00 screen=00 engine=33 screenEnt=33 active=FF input=22 render=22 hero=FF prt=33 pei=33 pxy=13107,13107 e0=a00 pEE sEE xy0,0 spr19 cfg33 e1=a00 pEE sEE xy0,0
BP_init_player_1 pc=60C7 sp=F36C banks=06/02/03 flow=00 screen=00 engine=33 screenEnt=33 active=FF input=22 render=22 hero=FF prt=00 pei=FF pxy=0,0 e0=a00 p00 s00 xy0,0 spr00 cfg00 e1=a00 p00 s00 xy0,0
BP_create_entity pc=74E0 sp=F368 banks=01/02/03 flow=00 screen=00 engine=33 screenEnt=33 active=FF input=22 render=22 hero=FF prt=00 pei=FF pxy=0,0 e0=a00 p00 s00 xy0,0 spr00 cfg00 e1=a00 p00 s00 xy0,0
BP_create_entity pc=74E0 sp=F368 banks=01/02/03 flow=00 screen=00 engine=33 screenEnt=33 active=FF input=22 render=22 hero=FF prt=00 pei=FF pxy=0,0 e0=a01 p01 s00 xy16,144 spr00 cfg00 e1=a00 p00 s00 xy0,0
BP_init_player_1 pc=60C7 sp=F35E banks=04/02/03 flow=00 screen=00 engine=00 screenEnt=01 active=01 input=01 render=01 hero=00 prt=00 pei=FF pxy=0,0 e0=a01 p01 s00 xy16,144 spr00 cfg00 e1=a01 p00 s01 xy240,144
BP_init_player_1 pc=60C7 sp=F374 banks=0D/02/03 flow=01 screen=00 engine=00 screenEnt=01 active=01 input=01 render=01 hero=00 prt=01 pei=00 pxy=16,144 e0=a01 p01 s00 xy16,144 spr00 cfg00 e1=a01 p00 s01 xy240,144
BP_init_player_1 pc=60C7 sp=F374 banks=0D/02/03 flow=01 screen=00 engine=00 screenEnt=01 active=01 input=01 render=01 hero=00 prt=01 pei=00 pxy=16,144 e0=a01 p01 s00 xy16,144 spr00 cfg00 e1=a01 p00 s01 xy240,144
BP_init_player_1 pc=60C7 sp=F374 banks=0D/02/03 flow=01 screen=00 engine=00 screenEnt=01 active=01 input=01 render=01 hero=00 prt=01 pei=00 pxy=16,144 e0=a01 p01 s00 xy16,144 spr00 cfg00 e1=a01 p00 s01 xy240,144
BP_init_player_1 pc=60C7 sp=F374 banks=0D/02/03 flow=01 screen=00 engine=00 screenEnt=01 active=01 input=01 render=01 hero=00 prt=01 pei=00 pxy=16,144 e0=a01 p01 s00 xy16,144 spr00 cfg00 e1=a01 p00 s01 xy240,144
BP_init_player_1 pc=60C7 sp=F374 banks=0D/02/03 flow=01 screen=00 engine=00 screenEnt=01 active=01 input=01 render=01 hero=00 prt=01 pei=00 pxy=16,144 e0=a01 p01 s00 xy16,144 spr00 cfg00 e1=a01 p00 s01 xy240,144
BP_init_player_1 pc=60C7 sp=F374 banks=0D/02/03 flow=01 screen=00 engine=00 screenEnt=01 active=01 input=01 render=01 hero=00 prt=01 pei=00 pxy=16,144 e0=a01 p01 s00 xy16,144 spr00 cfg00 e1=a01 p00 s01 xy240,144
BP_init_player_1 pc=60C7 sp=F374 banks=0D/02/03 flow=01 screen=00 engine=00 screenEnt=01 active=01 input=01 render=01 hero=00 prt=01 pei=00 pxy=16,144 e0=a01 p01 s00 xy16,144 spr00 cfg00 e1=a01 p00 s01 xy240,144
BP_init_player_1 pc=60C7 sp=F374 banks=0D/02/03 flow=01 screen=00 engine=00 screenEnt=01 active=01 input=01 render=01 hero=00 prt=01 pei=00 pxy=16,144 e0=a01 p01 s00 xy16,144 spr00 cfg00 e1=a01 p00 s01 xy240,144
BP_init_player_1 pc=60C7 sp=F374 banks=0D/02/03 flow=01 screen=00 engine=00 screenEnt=01 active=01 input=01 render=01 hero=00 prt=01 pei=00 pxy=16,144 e0=a01 p01 s00 xy16,144 spr00 cfg00 e1=a01 p00 s01 xy240,144
BP_init_player_1 pc=60C7 sp=F374 banks=0D/02/03 flow=01 screen=00 engine=00 screenEnt=01 active=01 input=01 render=01 hero=00 prt=01 pei=00 pxy=16,144 e0=a01 p01 s00 xy16,144 spr00 cfg00 e1=a01 p00 s01 xy240,144
BP_init_player_1 pc=60C7 sp=F374 banks=0D/02/03 flow=01 screen=00 engine=00 screenEnt=01 active=01 input=01 render=01 hero=00 prt=01 pei=00 pxy=16,144 e0=a01 p01 s00 xy16,144 spr00 cfg00 e1=a01 p00 s01 xy240,144
BP_init_player_1 pc=60C7 sp=F374 banks=0D/02/03 flow=01 screen=00 engine=00 screenEnt=01 active=01 input=01 render=01 hero=00 prt=01 pei=00 pxy=16,144 e0=a01 p01 s00 xy16,144 spr00 cfg00 e1=a01 p00 s01 xy240,144
BP_init_player_1 pc=60C7 sp=F374 banks=0D/02/03 flow=01 screen=00 engine=00 screenEnt=01 active=01 input=01 render=01 hero=00 prt=01 pei=00 pxy=16,144 e0=a01 p01 s00 xy16,144 spr00 cfg00 e1=a01 p00 s01 xy240,144
BP_init_player_1 pc=60C7 sp=F374 banks=0D/02/03 flow=01 screen=00 engine=00 screenEnt=01 active=01 input=01 render=01 hero=00 prt=01 pei=00 pxy=16,144 e0=a01 p01 s00 xy16,144 spr00 cfg00 e1=a01 p00 s01 xy240,144
BP_init_player_1 pc=60C7 sp=F374 banks=0D/02/03 flow=01 screen=00 engine=00 screenEnt=01 active=01 input=01 render=01 hero=00 prt=01 pei=00 pxy=16,144 e0=a01 p01 s00 xy16,144 spr00 cfg00 e1=a01 p00 s01 xy240,144
BP_init_player_1 pc=60C7 sp=F374 banks=0D/02/03 flow=01 screen=00 engine=00 screenEnt=01 active=01 input=01 render=01 hero=00 prt=01 pei=00 pxy=16,144 e0=a01 p01 s00 xy16,144 spr00 cfg00 e1=a01 p00 s01 xy240,144
BP_init_player_1 pc=60C7 sp=F374 banks=0D/02/03 flow=01 screen=00 engine=00 screenEnt=01 active=01 input=01 render=01 hero=00 prt=01 pei=00 pxy=16,144 e0=a01 p01 s00 xy16,144 spr00 cfg00 e1=a01 p00 s01 xy240,144
BP_init_player_1 pc=60C7 sp=F374 banks=0D/02/03 flow=01 screen=00 engine=00 screenEnt=01 active=01 input=01 render=01 hero=00 prt=01 pei=00 pxy=16,144 e0=a01 p01 s00 xy16,144 spr00 cfg00 e1=a01 p00 s01 xy240,144
BP_init_player_1 pc=60C7 sp=F374 banks=0D/02/03 flow=01 screen=00 engine=00 screenEnt=01 active=01 input=01 render=01 hero=00 prt=01 pei=00 pxy=16,144 e0=a01 p01 s00 xy16,144 spr00 cfg00 e1=a01 p00 s01 xy240,144
BP_init_player_1 pc=60C7 sp=F374 banks=0D/02/03 flow=01 screen=00 engine=00 screenEnt=01 active=01 input=01 render=01 hero=00 prt=01 pei=00 pxy=16,144 e0=a01 p01 s00 xy16,144 spr00 cfg00 e1=a01 p00 s01 xy240,144
BP_init_player_1 pc=60C7 sp=F374 banks=0D/02/03 flow=01 screen=00 engine=00 screenEnt=01 active=01 input=01 render=01 hero=00 prt=01 pei=00 pxy=16,144 e0=a01 p01 s00 xy16,144 spr00 cfg00 e1=a01 p00 s01 xy240,144
BP_init_player_1 pc=60C7 sp=F374 banks=0D/02/03 flow=01 screen=00 engine=00 screenEnt=01 active=01 input=01 render=01 hero=00 prt=01 pei=00 pxy=16,144 e0=a01 p01 s00 xy16,144 spr00 cfg00 e1=a01 p00 s01 xy240,144
BP_init_player_1 pc=60C7 sp=F374 banks=0D/02/03 flow=01 screen=00 engine=00 screenEnt=01 active=01 input=01 render=01 hero=00 prt=01 pei=00 pxy=16,144 e0=a01 p01 s00 xy16,144 spr00 cfg00 e1=a01 p00 s01 xy240,144
BP_init_player_1 pc=60C7 sp=F374 banks=0D/02/03 flow=01 screen=00 engine=00 screenEnt=01 active=01 input=01 render=01 hero=00 prt=01 pei=00 pxy=16,144 e0=a01 p01 s00 xy16,144 spr00 cfg00 e1=a01 p00 s01 xy240,144
BP_init_player_1 pc=60C7 sp=F374 banks=0D/02/03 flow=01 screen=00 engine=00 screenEnt=01 active=01 input=01 render=01 hero=00 prt=01 pei=00 pxy=16,144 e0=a01 p01 s00 xy16,144 spr00 cfg00 e1=a01 p00 s01 xy240,144
BP_init_player_1 pc=60C7 sp=F374 banks=0D/02/03 flow=01 screen=00 engine=00 screenEnt=01 active=01 input=01 render=01 hero=00 prt=01 pei=00 pxy=16,144 e0=a01 p01 s00 xy16,144 spr00 cfg00 e1=a01 p00 s01 xy240,144
BP_init_player_1 pc=60C7 sp=F374 banks=0D/02/03 flow=01 screen=00 engine=00 screenEnt=01 active=01 input=01 render=01 hero=00 prt=01 pei=00 pxy=16,144 e0=a01 p01 s00 xy16,144 spr00 cfg00 e1=a01 p00 s01 xy240,144
BP_init_player_1 pc=60C7 sp=F374 banks=0D/02/03 flow=01 screen=00 engine=00 screenEnt=01 active=01 input=01 render=01 hero=00 prt=01 pei=00 pxy=16,144 e0=a01 p01 s00 xy16,144 spr00 cfg00 e1=a01 p00 s01 xy240,144
BP_init_player_1 pc=60C7 sp=F374 banks=0D/02/03 flow=01 screen=00 engine=00 screenEnt=01 active=01 input=01 render=01 hero=00 prt=01 pei=00 pxy=16,144 e0=a01 p01 s00 xy16,144 spr00 cfg00 e1=a01 p00 s01 xy240,144
BP_init_player_1 pc=60C7 sp=F374 banks=0D/02/03 flow=01 screen=00 engine=00 screenEnt=01 active=01 input=01 render=01 hero=00 prt=01 pei=00 pxy=16,144 e0=a01 p01 s00 xy16,144 spr00 cfg00 e1=a01 p00 s01 xy240,144
BP_init_player_1 pc=60C7 sp=F374 banks=0D/02/03 flow=01 screen=00 engine=00 screenEnt=01 active=01 input=01 render=01 hero=00 prt=01 pei=00 pxy=16,144 e0=a01 p01 s00 xy16,144 spr00 cfg00 e1=a01 p00 s01 xy240,144
BP_init_player_1 pc=60C7 sp=F374 banks=0D/02/03 flow=01 screen=00 engine=00 screenEnt=01 active=01 input=01 render=01 hero=00 prt=01 pei=00 pxy=16,144 e0=a01 p01 s00 xy16,144 spr00 cfg00 e1=a01 p00 s01 xy240,144
BP_init_player_1 pc=60C7 sp=F374 banks=0D/02/03 flow=01 screen=00 engine=00 screenEnt=01 active=01 input=01 render=01 hero=00 prt=01 pei=00 pxy=16,144 e0=a01 p01 s00 xy16,144 spr00 cfg00 e1=a01 p00 s01 xy240,144
BP_init_player_1 pc=60C7 sp=F374 banks=0D/02/03 flow=01 screen=00 engine=00 screenEnt=01 active=01 input=01 render=01 hero=00 prt=01 pei=00 pxy=16,144 e0=a01 p01 s00 xy16,144 spr00 cfg00 e1=a01 p00 s01 xy240,144
BP_init_player_1 pc=60C7 sp=F374 banks=0D/02/03 flow=01 screen=00 engine=00 screenEnt=01 active=01 input=01 render=01 hero=00 prt=01 pei=00 pxy=16,144 e0=a01 p01 s00 xy16,144 spr00 cfg00 e1=a01 p00 s01 xy240,144
BP_init_player_1 pc=60C7 sp=F374 banks=0D/02/03 flow=01 screen=00 engine=00 screenEnt=01 active=01 input=01 render=01 hero=00 prt=01 pei=00 pxy=16,144 e0=a01 p01 s00 xy16,144 spr00 cfg00 e1=a01 p00 s01 xy240,144
BP_init_player_1 pc=60C7 sp=F374 banks=0D/02/03 flow=01 screen=00 engine=00 screenEnt=01 active=01 input=01 render=01 hero=00 prt=01 pei=00 pxy=16,144 e0=a01 p01 s00 xy16,144 spr00 cfg00 e1=a01 p00 s01 xy240,144
BP_init_player_1 pc=60C7 sp=F374 banks=0D/02/03 flow=01 screen=00 engine=00 screenEnt=01 active=01 input=01 render=01 hero=00 prt=01 pei=00 pxy=16,144 e0=a01 p01 s00 xy16,144 spr00 cfg00 e1=a01 p00 s01 xy240,144
BP_init_player_1 pc=60C7 sp=F374 banks=0D/02/03 flow=01 screen=00 engine=00 screenEnt=01 active=01 input=01 render=01 hero=00 prt=01 pei=00 pxy=16,144 e0=a01 p01 s00 xy16,144 spr00 cfg00 e1=a01 p00 s01 xy240,144
BP_init_player_1 pc=60C7 sp=F374 banks=0D/02/03 flow=01 screen=00 engine=00 screenEnt=01 active=01 input=01 render=01 hero=00 prt=01 pei=00 pxy=16,144 e0=a01 p01 s00 xy16,144 spr00 cfg00 e1=a01 p00 s01 xy240,144
BP_init_player_1 pc=60C7 sp=F374 banks=0D/02/03 flow=01 screen=00 engine=00 screenEnt=01 active=01 input=01 render=01 hero=00 prt=01 pei=00 pxy=16,144 e0=a01 p01 s00 xy16,144 spr00 cfg00 e1=a01 p00 s01 xy240,144
BP_init_player_1 pc=60C7 sp=F374 banks=0D/02/03 flow=01 screen=00 engine=00 screenEnt=01 active=01 input=01 render=01 hero=00 prt=01 pei=00 pxy=16,144 e0=a01 p01 s00 xy16,144 spr00 cfg00 e1=a01 p00 s01 xy240,144
BP_init_player_1 pc=60C7 sp=F374 banks=0D/02/03 flow=01 screen=00 engine=00 screenEnt=01 active=01 input=01 render=01 hero=00 prt=01 pei=00 pxy=16,144 e0=a01 p01 s00 xy16,144 spr00 cfg00 e1=a01 p00 s01 xy240,144
BP_init_player_1 pc=60C7 sp=F374 banks=0D/02/03 flow=01 screen=00 engine=00 screenEnt=01 active=01 input=01 render=01 hero=00 prt=01 pei=00 pxy=16,144 e0=a01 p01 s00 xy16,144 spr00 cfg00 e1=a01 p00 s01 xy240,144
BP_init_player_1 pc=60C7 sp=F374 banks=0D/02/03 flow=01 screen=00 engine=00 screenEnt=01 active=01 input=01 render=01 hero=00 prt=01 pei=00 pxy=16,144 e0=a01 p01 s00 xy16,144 spr00 cfg00 e1=a01 p00 s01 xy240,144
BP_init_player_1 pc=60C7 sp=F374 banks=0D/02/03 flow=01 screen=00 engine=00 screenEnt=01 active=01 input=01 render=01 hero=00 prt=01 pei=00 pxy=16,144 e0=a01 p01 s00 xy16,144 spr00 cfg00 e1=a01 p00 s01 xy240,144
BP_init_player_1 pc=60C7 sp=F374 banks=0D/02/03 flow=01 screen=00 engine=00 screenEnt=01 active=01 input=01 render=01 hero=00 prt=01 pei=00 pxy=16,144 e0=a01 p01 s00 xy16,144 spr00 cfg00 e1=a01 p00 s01 xy240,144
BP_init_player_1 pc=60C7 sp=F374 banks=0D/02/03 flow=01 screen=00 engine=00 screenEnt=01 active=01 input=01 render=01 hero=00 prt=01 pei=00 pxy=16,144 e0=a01 p01 s00 xy16,144 spr00 cfg00 e1=a01 p00 s01 xy240,144
BP_init_player_1 pc=60C7 sp=F374 banks=0D/02/03 flow=01 screen=00 engine=00 screenEnt=01 active=01 input=01 render=01 hero=00 prt=01 pei=00 pxy=16,144 e0=a01 p01 s00 xy16,144 spr00 cfg00 e1=a01 p00 s01 xy240,144
BP_init_player_1 pc=60C7 sp=F374 banks=0D/02/03 flow=01 screen=00 engine=00 screenEnt=01 active=01 input=01 render=01 hero=00 prt=01 pei=00 pxy=16,144 e0=a01 p01 s00 xy16,144 spr00 cfg00 e1=a01 p00 s01 xy240,144
BP_init_player_1 pc=60C7 sp=F374 banks=0D/02/03 flow=01 screen=00 engine=00 screenEnt=01 active=01 input=01 render=01 hero=00 prt=01 pei=00 pxy=16,144 e0=a01 p01 s00 xy16,144 spr00 cfg00 e1=a01 p00 s01 xy240,144
BP_init_player_1 pc=60C7 sp=F374 banks=0D/02/03 flow=01 screen=00 engine=00 screenEnt=01 active=01 input=01 render=01 hero=00 prt=01 pei=00 pxy=16,144 e0=a01 p01 s00 xy16,144 spr00 cfg00 e1=a01 p00 s01 xy240,144
BP_init_player_1 pc=60C7 sp=F374 banks=0D/02/03 flow=01 screen=00 engine=00 screenEnt=01 active=01 input=01 render=01 hero=00 prt=01 pei=00 pxy=16,144 e0=a01 p01 s00 xy16,144 spr00 cfg00 e1=a01 p00 s01 xy240,144
BP_init_player_1 pc=60C7 sp=F374 banks=0D/02/03 flow=01 screen=00 engine=00 screenEnt=01 active=01 input=01 render=01 hero=00 prt=01 pei=00 pxy=16,144 e0=a01 p01 s00 xy16,144 spr00 cfg00 e1=a01 p00 s01 xy240,144
BP_init_player_1 pc=60C7 sp=F374 banks=0D/02/03 flow=01 screen=00 engine=00 screenEnt=01 active=01 input=01 render=01 hero=00 prt=01 pei=00 pxy=16,144 e0=a01 p01 s00 xy16,144 spr00 cfg00 e1=a01 p00 s01 xy240,144
BP_init_player_1 pc=60C7 sp=F374 banks=0D/02/03 flow=01 screen=00 engine=00 screenEnt=01 active=01 input=01 render=01 hero=00 prt=01 pei=00 pxy=16,144 e0=a01 p01 s00 xy16,144 spr00 cfg00 e1=a01 p00 s01 xy240,144
BP_init_player_1 pc=60C7 sp=F374 banks=0D/02/03 flow=01 screen=00 engine=00 screenEnt=01 active=01 input=01 render=01 hero=00 prt=01 pei=00 pxy=16,144 e0=a01 p01 s00 xy16,144 spr00 cfg00 e1=a01 p00 s01 xy240,144
BP_init_player_1 pc=60C7 sp=F374 banks=0D/02/03 flow=01 screen=00 engine=00 screenEnt=01 active=01 input=01 render=01 hero=00 prt=01 pei=00 pxy=16,144 e0=a01 p01 s00 xy16,144 spr00 cfg00 e1=a01 p00 s01 xy240,144
BP_init_player_1 pc=60C7 sp=F374 banks=0D/02/03 flow=01 screen=00 engine=00 screenEnt=01 active=01 input=01 render=01 hero=00 prt=01 pei=00 pxy=16,144 e0=a01 p01 s00 xy16,144 spr00 cfg00 e1=a01 p00 s01 xy240,144
BP_init_player_1 pc=60C7 sp=F374 banks=0D/02/03 flow=01 screen=00 engine=00 screenEnt=01 active=01 input=01 render=01 hero=00 prt=01 pei=00 pxy=16,144 e0=a01 p01 s00 xy16,144 spr00 cfg00 e1=a01 p00 s01 xy240,144
BP_init_player_1 pc=60C7 sp=F374 banks=0D/02/03 flow=01 screen=00 engine=00 screenEnt=01 active=01 input=01 render=01 hero=00 prt=01 pei=00 pxy=16,144 e0=a01 p01 s00 xy16,144 spr00 cfg00 e1=a01 p00 s01 xy240,144
BP_init_player_1 pc=60C7 sp=F374 banks=0D/02/03 flow=01 screen=00 engine=00 screenEnt=01 active=01 input=01 render=01 hero=00 prt=01 pei=00 pxy=16,144 e0=a01 p01 s00 xy16,144 spr00 cfg00 e1=a01 p00 s01 xy240,144
BP_init_player_1 pc=60C7 sp=F374 banks=0D/02/03 flow=01 screen=00 engine=00 screenEnt=01 active=01 input=01 render=01 hero=00 prt=01 pei=00 pxy=16,144 e0=a01 p01 s00 xy16,144 spr00 cfg00 e1=a01 p00 s01 xy240,144
BP_init_player_1 pc=60C7 sp=F374 banks=0D/02/03 flow=01 screen=00 engine=00 screenEnt=01 active=01 input=01 render=01 hero=00 prt=01 pei=00 pxy=16,144 e0=a01 p01 s00 xy16,144 spr00 cfg00 e1=a01 p00 s01 xy240,144
BP_init_player_1 pc=60C7 sp=F374 banks=0D/02/03 flow=01 screen=00 engine=00 screenEnt=01 active=01 input=01 render=01 hero=00 prt=01 pei=00 pxy=16,144 e0=a01 p01 s00 xy16,144 spr00 cfg00 e1=a01 p00 s01 xy240,144
BP_init_player_1 pc=60C7 sp=F374 banks=0D/02/03 flow=01 screen=00 engine=00 screenEnt=01 active=01 input=01 render=01 hero=00 prt=01 pei=00 pxy=16,144 e0=a01 p01 s00 xy16,144 spr00 cfg00 e1=a01 p00 s01 xy240,144
BP_init_player_1 pc=60C7 sp=F374 banks=0D/02/03 flow=01 screen=00 engine=00 screenEnt=01 active=01 input=01 render=01 hero=00 prt=01 pei=00 pxy=16,144 e0=a01 p01 s00 xy16,144 spr00 cfg00 e1=a01 p00 s01 xy240,144
BP_init_player_1 pc=60C7 sp=F374 banks=0D/02/03 flow=01 screen=00 engine=00 screenEnt=01 active=01 input=01 render=01 hero=00 prt=01 pei=00 pxy=16,144 e0=a01 p01 s00 xy16,144 spr00 cfg00 e1=a01 p00 s01 xy240,144
BP_init_player_1 pc=60C7 sp=F374 banks=0D/02/03 flow=01 screen=00 engine=00 screenEnt=01 active=01 input=01 render=01 hero=00 prt=01 pei=00 pxy=16,144 e0=a01 p01 s00 xy16,144 spr00 cfg00 e1=a01 p00 s01 xy240,144
BP_init_player_1 pc=60C7 sp=F374 banks=0D/02/03 flow=01 screen=00 engine=00 screenEnt=01 active=01 input=01 render=01 hero=00 prt=01 pei=00 pxy=16,144 e0=a01 p01 s00 xy16,144 spr00 cfg00 e1=a01 p00 s01 xy240,144
BP_init_player_1 pc=60C7 sp=F374 banks=0D/02/03 flow=01 screen=00 engine=00 screenEnt=01 active=01 input=01 render=01 hero=00 prt=01 pei=00 pxy=16,144 e0=a01 p01 s00 xy16,144 spr00 cfg00 e1=a01 p00 s01 xy240,144
BP_init_player_1 pc=60C7 sp=F374 banks=0D/02/03 flow=01 screen=00 engine=00 screenEnt=01 active=01 input=01 render=01 hero=00 prt=01 pei=00 pxy=16,144 e0=a01 p01 s00 xy16,144 spr00 cfg00 e1=a01 p00 s01 xy240,144
BP_init_player_1 pc=60C7 sp=F374 banks=0D/02/03 flow=01 screen=00 engine=00 screenEnt=01 active=01 input=01 render=01 hero=00 prt=01 pei=00 pxy=16,144 e0=a01 p01 s00 xy16,144 spr00 cfg00 e1=a01 p00 s01 xy240,144
BP_init_player_1 pc=60C7 sp=F374 banks=0D/02/03 flow=01 screen=00 engine=00 screenEnt=01 active=01 input=01 render=01 hero=00 prt=01 pei=00 pxy=16,144 e0=a01 p01 s00 xy16,144 spr00 cfg00 e1=a01 p00 s01 xy240,144
BP_init_player_1 pc=60C7 sp=F374 banks=0D/02/03 flow=01 screen=00 engine=00 screenEnt=01 active=01 input=01 render=01 hero=00 prt=01 pei=00 pxy=16,144 e0=a01 p01 s00 xy16,144 spr00 cfg00 e1=a01 p00 s01 xy240,144
BP_init_player_1 pc=60C7 sp=F374 banks=0D/02/03 flow=01 screen=00 engine=00 screenEnt=01 active=01 input=01 render=01 hero=00 prt=01 pei=00 pxy=16,144 e0=a01 p01 s00 xy16,144 spr00 cfg00 e1=a01 p00 s01 xy240,144
BP_init_player_1 pc=60C7 sp=F374 banks=0D/02/03 flow=01 screen=00 engine=00 screenEnt=01 active=01 input=01 render=01 hero=00 prt=01 pei=00 pxy=16,144 e0=a01 p01 s00 xy16,144 spr00 cfg00 e1=a01 p00 s01 xy240,144
BP_init_player_1 pc=60C7 sp=F374 banks=0D/02/03 flow=01 screen=00 engine=00 screenEnt=01 active=01 input=01 render=01 hero=00 prt=01 pei=00 pxy=16,144 e0=a01 p01 s00 xy16,144 spr00 cfg00 e1=a01 p00 s01 xy240,144
BP_init_player_1 pc=60C7 sp=F374 banks=0D/02/03 flow=01 screen=00 engine=00 screenEnt=01 active=01 input=01 render=01 hero=00 prt=01 pei=00 pxy=16,144 e0=a01 p01 s00 xy16,144 spr00 cfg00 e1=a01 p00 s01 xy240,144
BP_init_player_1 pc=60C7 sp=F374 banks=0D/02/03 flow=01 screen=00 engine=00 screenEnt=01 active=01 input=01 render=01 hero=00 prt=01 pei=00 pxy=16,144 e0=a01 p01 s00 xy16,144 spr00 cfg00 e1=a01 p00 s01 xy240,144
BP_init_player_1 pc=60C7 sp=F374 banks=0D/02/03 flow=01 screen=00 engine=00 screenEnt=01 active=01 input=01 render=01 hero=00 prt=01 pei=00 pxy=16,144 e0=a01 p01 s00 xy16,144 spr00 cfg00 e1=a01 p00 s01 xy240,144
BP_init_player_1 pc=60C7 sp=F374 banks=0D/02/03 flow=01 screen=00 engine=00 screenEnt=01 active=01 input=01 render=01 hero=00 prt=01 pei=00 pxy=16,144 e0=a01 p01 s00 xy16,144 spr00 cfg00 e1=a01 p00 s01 xy240,144
BP_init_player_1 pc=60C7 sp=F374 banks=0D/02/03 flow=01 screen=00 engine=00 screenEnt=01 active=01 input=01 render=01 hero=00 prt=01 pei=00 pxy=16,144 e0=a01 p01 s00 xy16,144 spr00 cfg00 e1=a01 p00 s01 xy240,144
BP_init_player_1 pc=60C7 sp=F374 banks=0D/02/03 flow=01 screen=00 engine=00 screenEnt=01 active=01 input=01 render=01 hero=00 prt=01 pei=00 pxy=16,144 e0=a01 p01 s00 xy16,144 spr00 cfg00 e1=a01 p00 s01 xy240,144
BP_init_player_1 pc=60C7 sp=F374 banks=0D/02/03 flow=01 screen=00 engine=00 screenEnt=01 active=01 input=01 render=01 hero=00 prt=01 pei=00 pxy=16,144 e0=a01 p01 s00 xy16,144 spr00 cfg00 e1=a01 p00 s01 xy240,144
BP_init_player_1 pc=60C7 sp=F374 banks=0D/02/03 flow=01 screen=00 engine=00 screenEnt=01 active=01 input=01 render=01 hero=00 prt=01 pei=00 pxy=16,144 e0=a01 p01 s00 xy16,144 spr00 cfg00 e1=a01 p00 s01 xy240,144
BP_init_player_1 pc=60C7 sp=F374 banks=0D/02/03 flow=01 screen=00 engine=00 screenEnt=01 active=01 input=01 render=01 hero=00 prt=01 pei=00 pxy=16,144 e0=a01 p01 s00 xy16,144 spr00 cfg00 e1=a01 p00 s01 xy240,144
BP_init_player_1 pc=60C7 sp=F374 banks=0D/02/03 flow=01 screen=00 engine=00 screenEnt=01 active=01 input=01 render=01 hero=00 prt=01 pei=00 pxy=16,144 e0=a01 p01 s00 xy16,144 spr00 cfg00 e1=a01 p00 s01 xy240,144
BP_init_player_1 pc=60C7 sp=F374 banks=0D/02/03 flow=01 screen=00 engine=00 screenEnt=01 active=01 input=01 render=01 hero=00 prt=01 pei=00 pxy=16,144 e0=a01 p01 s00 xy16,144 spr00 cfg00 e1=a01 p00 s01 xy240,144
BP_init_player_1 pc=60C7 sp=F374 banks=0D/02/03 flow=01 screen=00 engine=00 screenEnt=01 active=01 input=01 render=01 hero=00 prt=01 pei=00 pxy=16,144 e0=a01 p01 s00 xy16,144 spr00 cfg00 e1=a01 p00 s01 xy240,144
BP_init_player_1 pc=60C7 sp=F374 banks=0D/02/03 flow=01 screen=00 engine=00 screenEnt=01 active=01 input=01 render=01 hero=00 prt=01 pei=00 pxy=16,144 e0=a01 p01 s00 xy16,144 spr00 cfg00 e1=a01 p00 s01 xy240,144
BP_init_player_1 pc=60C7 sp=F374 banks=0D/02/03 flow=01 screen=00 engine=00 screenEnt=01 active=01 input=01 render=01 hero=00 prt=01 pei=00 pxy=16,144 e0=a01 p01 s00 xy16,144 spr00 cfg00 e1=a01 p00 s01 xy240,144
BP_init_player_1 pc=60C7 sp=F374 banks=0D/02/03 flow=01 screen=00 engine=00 screenEnt=01 active=01 input=01 render=01 hero=00 prt=01 pei=00 pxy=16,144 e0=a01 p01 s00 xy16,144 spr00 cfg00 e1=a01 p00 s01 xy240,144
BP_init_player_1 pc=60C7 sp=F374 banks=0D/02/03 flow=01 screen=00 engine=00 screenEnt=01 active=01 input=01 render=01 hero=00 prt=01 pei=00 pxy=16,144 e0=a01 p01 s00 xy16,144 spr00 cfg00 e1=a01 p00 s01 xy240,144
BP_init_player_1 pc=60C7 sp=F374 banks=0D/02/03 flow=01 screen=00 engine=00 screenEnt=01 active=01 input=01 render=01 hero=00 prt=01 pei=00 pxy=16,144 e0=a01 p01 s00 xy16,144 spr00 cfg00 e1=a01 p00 s01 xy240,144
BP_init_player_1 pc=60C7 sp=F374 banks=0D/02/03 flow=01 screen=00 engine=00 screenEnt=01 active=01 input=01 render=01 hero=00 prt=01 pei=00 pxy=16,144 e0=a01 p01 s00 xy16,144 spr00 cfg00 e1=a01 p00 s01 xy240,144
BP_init_player_1 pc=60C7 sp=F374 banks=0D/02/03 flow=01 screen=00 engine=00 screenEnt=01 active=01 input=01 render=01 hero=00 prt=01 pei=00 pxy=16,144 e0=a01 p01 s00 xy16,144 spr00 cfg00 e1=a01 p00 s01 xy240,144
BP_init_player_1 pc=60C7 sp=F374 banks=0D/02/03 flow=01 screen=00 engine=00 screenEnt=01 active=01 input=01 render=01 hero=00 prt=01 pei=00 pxy=16,144 e0=a01 p01 s00 xy16,144 spr00 cfg00 e1=a01 p00 s01 xy240,144
BP_init_player_1 pc=60C7 sp=F374 banks=0D/02/03 flow=01 screen=00 engine=00 screenEnt=01 active=01 input=01 render=01 hero=00 prt=01 pei=00 pxy=16,144 e0=a01 p01 s00 xy16,144 spr00 cfg00 e1=a01 p00 s01 xy240,144
BP_init_player_1 pc=60C7 sp=F374 banks=0D/02/03 flow=01 screen=00 engine=00 screenEnt=01 active=01 input=01 render=01 hero=00 prt=01 pei=00 pxy=16,144 e0=a01 p01 s00 xy16,144 spr00 cfg00 e1=a01 p00 s01 xy240,144
BP_init_player_1 pc=60C7 sp=F374 banks=0D/02/03 flow=01 screen=00 engine=00 screenEnt=01 active=01 input=01 render=01 hero=00 prt=01 pei=00 pxy=16,144 e0=a01 p01 s00 xy16,144 spr00 cfg00 e1=a01 p00 s01 xy240,144
BP_init_player_1 pc=60C7 sp=F374 banks=0D/02/03 flow=01 screen=00 engine=00 screenEnt=01 active=01 input=01 render=01 hero=00 prt=01 pei=00 pxy=16,144 e0=a01 p01 s00 xy16,144 spr00 cfg00 e1=a01 p00 s01 xy240,144
BP_init_player_1 pc=60C7 sp=F374 banks=0D/02/03 flow=01 screen=00 engine=00 screenEnt=01 active=01 input=01 render=01 hero=00 prt=01 pei=00 pxy=16,144 e0=a01 p01 s00 xy16,144 spr00 cfg00 e1=a01 p00 s01 xy240,144
BP_init_player_1 pc=60C7 sp=F374 banks=0D/02/03 flow=01 screen=00 engine=00 screenEnt=01 active=01 input=01 render=01 hero=00 prt=01 pei=00 pxy=16,144 e0=a01 p01 s00 xy16,144 spr00 cfg00 e1=a01 p00 s01 xy240,144
BP_init_player_1 pc=60C7 sp=F374 banks=0D/02/03 flow=01 screen=00 engine=00 screenEnt=01 active=01 input=01 render=01 hero=00 prt=01 pei=00 pxy=16,144 e0=a01 p01 s00 xy16,144 spr00 cfg00 e1=a01 p00 s01 xy240,144
BP_init_player_1 pc=60C7 sp=F374 banks=0D/02/03 flow=01 screen=00 engine=00 screenEnt=01 active=01 input=01 render=01 hero=00 prt=01 pei=00 pxy=16,144 e0=a01 p01 s00 xy16,144 spr00 cfg00 e1=a01 p00 s01 xy240,144
BP_init_player_1 pc=60C7 sp=F374 banks=0D/02/03 flow=01 screen=00 engine=00 screenEnt=01 active=01 input=01 render=01 hero=00 prt=01 pei=00 pxy=16,144 e0=a01 p01 s00 xy16,144 spr00 cfg00 e1=a01 p00 s01 xy240,144
BP_init_player_1 pc=60C7 sp=F374 banks=0D/02/03 flow=01 screen=00 engine=00 screenEnt=01 active=01 input=01 render=01 hero=00 prt=01 pei=00 pxy=16,144 e0=a01 p01 s00 xy16,144 spr00 cfg00 e1=a01 p00 s01 xy240,144
BP_init_player_1 pc=60C7 sp=F374 banks=0D/02/03 flow=01 screen=00 engine=00 screenEnt=01 active=01 input=01 render=01 hero=00 prt=01 pei=00 pxy=16,144 e0=a01 p01 s00 xy16,144 spr00 cfg00 e1=a01 p00 s01 xy240,144
BP_init_player_1 pc=60C7 sp=F374 banks=0D/02/03 flow=01 screen=00 engine=00 screenEnt=01 active=01 input=01 render=01 hero=00 prt=01 pei=00 pxy=16,144 e0=a01 p01 s00 xy16,144 spr00 cfg00 e1=a01 p00 s01 xy240,144
BP_init_player_1 pc=60C7 sp=F374 banks=0D/02/03 flow=01 screen=00 engine=00 screenEnt=01 active=01 input=01 render=01 hero=00 prt=01 pei=00 pxy=16,144 e0=a01 p01 s00 xy16,144 spr00 cfg00 e1=a01 p00 s01 xy240,144
BP_init_player_1 pc=60C7 sp=F374 banks=0D/02/03 flow=01 screen=00 engine=00 screenEnt=01 active=01 input=01 render=01 hero=00 prt=01 pei=00 pxy=16,144 e0=a01 p01 s00 xy16,144 spr00 cfg00 e1=a01 p00 s01 xy240,144
BP_init_player_1 pc=60C7 sp=F374 banks=0D/02/03 flow=01 screen=00 engine=00 screenEnt=01 active=01 input=01 render=01 hero=00 prt=01 pei=00 pxy=16,144 e0=a01 p01 s00 xy16,144 spr00 cfg00 e1=a01 p00 s01 xy240,144
BP_init_player_1 pc=60C7 sp=F374 banks=0D/02/03 flow=01 screen=00 engine=00 screenEnt=01 active=01 input=01 render=01 hero=00 prt=01 pei=00 pxy=16,144 e0=a01 p01 s00 xy16,144 spr00 cfg00 e1=a01 p00 s01 xy240,144
BP_init_player_1 pc=60C7 sp=F374 banks=0D/02/03 flow=01 screen=00 engine=00 screenEnt=01 active=01 input=01 render=01 hero=00 prt=01 pei=00 pxy=16,144 e0=a01 p01 s00 xy16,144 spr00 cfg00 e1=a01 p00 s01 xy240,144
BP_init_player_1 pc=60C7 sp=F374 banks=0D/02/03 flow=01 screen=00 engine=00 screenEnt=01 active=01 input=01 render=01 hero=00 prt=01 pei=00 pxy=16,144 e0=a01 p01 s00 xy16,144 spr00 cfg00 e1=a01 p00 s01 xy240,144
BP_init_player_1 pc=60C7 sp=F374 banks=0D/02/03 flow=01 screen=00 engine=00 screenEnt=01 active=01 input=01 render=01 hero=00 prt=01 pei=00 pxy=16,144 e0=a01 p01 s00 xy16,144 spr00 cfg00 e1=a01 p00 s01 xy240,144
BP_init_player_1 pc=60C7 sp=F374 banks=0D/02/03 flow=01 screen=00 engine=00 screenEnt=01 active=01 input=01 render=01 hero=00 prt=01 pei=00 pxy=16,144 e0=a01 p01 s00 xy16,144 spr00 cfg00 e1=a01 p00 s01 xy240,144
BP_init_player_1 pc=60C7 sp=F374 banks=0D/02/03 flow=01 screen=00 engine=00 screenEnt=01 active=01 input=01 render=01 hero=00 prt=01 pei=00 pxy=16,144 e0=a01 p01 s00 xy16,144 spr00 cfg00 e1=a01 p00 s01 xy240,144
BP_init_player_1 pc=60C7 sp=F374 banks=0D/02/03 flow=01 screen=00 engine=00 screenEnt=01 active=01 input=01 render=01 hero=00 prt=01 pei=00 pxy=16,144 e0=a01 p01 s00 xy16,144 spr00 cfg00 e1=a01 p00 s01 xy240,144
BP_init_player_1 pc=60C7 sp=F374 banks=0D/02/03 flow=01 screen=00 engine=00 screenEnt=01 active=01 input=01 render=01 hero=00 prt=01 pei=00 pxy=16,144 e0=a01 p01 s00 xy16,144 spr00 cfg00 e1=a01 p00 s01 xy240,144
BP_init_player_1 pc=60C7 sp=F374 banks=0D/02/03 flow=01 screen=00 engine=00 screenEnt=01 active=01 input=01 render=01 hero=00 prt=01 pei=00 pxy=16,144 e0=a01 p01 s00 xy16,144 spr00 cfg00 e1=a01 p00 s01 xy240,144
BP_init_player_1 pc=60C7 sp=F374 banks=0D/02/03 flow=01 screen=00 engine=00 screenEnt=01 active=01 input=01 render=01 hero=00 prt=01 pei=00 pxy=16,144 e0=a01 p01 s00 xy16,144 spr00 cfg00 e1=a01 p00 s01 xy240,144
BP_init_player_1 pc=60C7 sp=F374 banks=0D/02/03 flow=01 screen=00 engine=00 screenEnt=01 active=01 input=01 render=01 hero=00 prt=01 pei=00 pxy=16,144 e0=a01 p01 s00 xy16,144 spr00 cfg00 e1=a01 p00 s01 xy240,144
BP_init_player_1 pc=60C7 sp=F374 banks=0D/02/03 flow=01 screen=00 engine=00 screenEnt=01 active=01 input=01 render=01 hero=00 prt=01 pei=00 pxy=16,144 e0=a01 p01 s00 xy16,144 spr00 cfg00 e1=a01 p00 s01 xy240,144
BP_init_player_1 pc=60C7 sp=F374 banks=0D/02/03 flow=01 screen=00 engine=00 screenEnt=01 active=01 input=01 render=01 hero=00 prt=01 pei=00 pxy=16,144 e0=a01 p01 s00 xy16,144 spr00 cfg00 e1=a01 p00 s01 xy240,144
BP_init_player_1 pc=60C7 sp=F374 banks=0D/02/03 flow=01 screen=00 engine=00 screenEnt=01 active=01 input=01 render=01 hero=00 prt=01 pei=00 pxy=16,144 e0=a01 p01 s00 xy16,144 spr00 cfg00 e1=a01 p00 s01 xy240,144
BP_init_player_1 pc=60C7 sp=F374 banks=0D/02/03 flow=01 screen=00 engine=00 screenEnt=01 active=01 input=01 render=01 hero=00 prt=01 pei=00 pxy=16,144 e0=a01 p01 s00 xy16,144 spr00 cfg00 e1=a01 p00 s01 xy240,144
BP_init_player_1 pc=60C7 sp=F374 banks=0D/02/03 flow=01 screen=00 engine=00 screenEnt=01 active=01 input=01 render=01 hero=00 prt=01 pei=00 pxy=16,144 e0=a01 p01 s00 xy16,144 spr00 cfg00 e1=a01 p00 s01 xy240,144
BP_init_player_1 pc=60C7 sp=F374 banks=0D/02/03 flow=01 screen=00 engine=00 screenEnt=01 active=01 input=01 render=01 hero=00 prt=01 pei=00 pxy=16,144 e0=a01 p01 s00 xy16,144 spr00 cfg00 e1=a01 p00 s01 xy240,144
BP_init_player_1 pc=60C7 sp=F374 banks=0D/02/03 flow=01 screen=00 engine=00 screenEnt=01 active=01 input=01 render=01 hero=00 prt=01 pei=00 pxy=16,144 e0=a01 p01 s00 xy16,144 spr00 cfg00 e1=a01 p00 s01 xy240,144
space1_before pc=418E sp=F376 banks=01/02/03 flow=01 screen=00 engine=00 screenEnt=01 active=01 input=01 render=01 hero=00 prt=01 pei=00 pxy=16,144 e0=a01 p01 s00 xy16,144 spr00 cfg00 e1=a01 p00 s01 xy240,144
BP_init_player_1 pc=60C7 sp=F374 banks=0D/02/03 flow=01 screen=00 engine=00 screenEnt=01 active=01 input=01 render=01 hero=00 prt=01 pei=00 pxy=16,140 e0=a01 p01 s00 xy16,140 spr00 cfg00 e1=a01 p00 s01 xy240,144
BP_init_player_1 pc=60C7 sp=F374 banks=0D/02/03 flow=01 screen=00 engine=00 screenEnt=01 active=01 input=01 render=01 hero=00 prt=01 pei=00 pxy=16,136 e0=a01 p01 s00 xy16,136 spr00 cfg00 e1=a01 p00 s01 xy240,144
BP_init_player_1 pc=60C7 sp=F374 banks=0D/02/03 flow=01 screen=00 engine=00 screenEnt=01 active=01 input=01 render=01 hero=00 prt=01 pei=00 pxy=16,132 e0=a01 p01 s00 xy16,132 spr00 cfg00 e1=a01 p00 s01 xy240,144
BP_init_player_1 pc=60C7 sp=F374 banks=0D/02/03 flow=01 screen=00 engine=00 screenEnt=01 active=01 input=01 render=01 hero=00 prt=01 pei=00 pxy=16,129 e0=a01 p01 s00 xy16,129 spr00 cfg00 e1=a01 p00 s01 xy240,144
BP_init_player_1 pc=60C7 sp=F374 banks=0D/02/03 flow=01 screen=00 engine=00 screenEnt=01 active=01 input=01 render=01 hero=00 prt=01 pei=00 pxy=16,126 e0=a01 p01 s00 xy16,126 spr00 cfg00 e1=a01 p00 s01 xy240,144
BP_init_player_1 pc=60C7 sp=F374 banks=0D/02/03 flow=01 screen=00 engine=00 screenEnt=01 active=01 input=01 render=01 hero=00 prt=01 pei=00 pxy=16,123 e0=a01 p01 s00 xy16,123 spr00 cfg00 e1=a01 p00 s01 xy240,144
BP_init_player_1 pc=60C7 sp=F374 banks=0D/02/03 flow=01 screen=00 engine=00 screenEnt=01 active=01 input=01 render=01 hero=00 prt=01 pei=00 pxy=16,120 e0=a01 p01 s00 xy16,120 spr00 cfg00 e1=a01 p00 s01 xy240,144
BP_init_player_1 pc=60C7 sp=F374 banks=0D/02/03 flow=01 screen=00 engine=00 screenEnt=01 active=01 input=01 render=01 hero=00 prt=01 pei=00 pxy=16,118 e0=a01 p01 s00 xy16,118 spr00 cfg00 e1=a01 p00 s01 xy240,144
BP_init_player_1 pc=60C7 sp=F374 banks=0D/02/03 flow=01 screen=00 engine=00 screenEnt=01 active=01 input=01 render=01 hero=00 prt=01 pei=00 pxy=16,116 e0=a01 p01 s00 xy16,116 spr00 cfg00 e1=a01 p00 s01 xy240,144
BP_init_player_1 pc=60C7 sp=F374 banks=0D/02/03 flow=01 screen=00 engine=00 screenEnt=01 active=01 input=01 render=01 hero=00 prt=01 pei=00 pxy=16,114 e0=a01 p01 s00 xy16,114 spr00 cfg00 e1=a01 p00 s01 xy240,144
BP_init_player_1 pc=60C7 sp=F374 banks=0D/02/03 flow=01 screen=00 engine=00 screenEnt=01 active=01 input=01 render=01 hero=00 prt=01 pei=00 pxy=16,112 e0=a01 p01 s00 xy16,112 spr00 cfg00 e1=a01 p00 s01 xy240,144
BP_init_player_1 pc=60C7 sp=F374 banks=0D/02/03 flow=01 screen=00 engine=00 screenEnt=01 active=01 input=01 render=01 hero=00 prt=01 pei=00 pxy=16,111 e0=a01 p01 s00 xy16,111 spr00 cfg00 e1=a01 p00 s01 xy240,144
BP_init_player_1 pc=60C7 sp=F374 banks=0D/02/03 flow=01 screen=00 engine=00 screenEnt=01 active=01 input=01 render=01 hero=00 prt=01 pei=00 pxy=16,110 e0=a01 p01 s00 xy16,110 spr00 cfg00 e1=a01 p00 s01 xy240,144
BP_init_player_1 pc=60C7 sp=F374 banks=0D/02/03 flow=01 screen=00 engine=00 screenEnt=01 active=01 input=01 render=01 hero=00 prt=01 pei=00 pxy=16,109 e0=a01 p01 s00 xy16,109 spr00 cfg00 e1=a01 p00 s01 xy240,144
BP_init_player_1 pc=60C7 sp=F374 banks=0D/02/03 flow=01 screen=00 engine=00 screenEnt=01 active=01 input=01 render=01 hero=00 prt=01 pei=00 pxy=16,108 e0=a01 p01 s00 xy16,108 spr00 cfg00 e1=a01 p00 s01 xy240,144
space1_after pc=61E6 sp=F36A banks=01/02/03 flow=01 screen=00 engine=00 screenEnt=01 active=01 input=01 render=01 hero=00 prt=01 pei=00 pxy=16,108 e0=a01 p01 s00 xy16,108 spr00 cfg00 e1=a01 p00 s01 xy240,144
BP_init_player_1 pc=60C7 sp=F374 banks=0D/02/03 flow=01 screen=00 engine=00 screenEnt=01 active=01 input=01 render=01 hero=00 prt=01 pei=00 pxy=16,108 e0=a01 p01 s00 xy16,108 spr00 cfg00 e1=a01 p00 s01 xy240,144
BP_init_player_1 pc=60C7 sp=F374 banks=0D/02/03 flow=01 screen=00 engine=00 screenEnt=01 active=01 input=01 render=01 hero=00 prt=01 pei=00 pxy=16,108 e0=a01 p01 s00 xy16,108 spr00 cfg00 e1=a01 p00 s01 xy240,144
BP_init_player_1 pc=60C7 sp=F374 banks=0D/02/03 flow=01 screen=00 engine=00 screenEnt=01 active=01 input=01 render=01 hero=00 prt=01 pei=00 pxy=16,108 e0=a01 p01 s00 xy16,108 spr00 cfg00 e1=a01 p00 s01 xy240,144
BP_init_player_1 pc=60C7 sp=F374 banks=0D/02/03 flow=01 screen=00 engine=00 screenEnt=01 active=01 input=01 render=01 hero=00 prt=01 pei=00 pxy=16,108 e0=a01 p01 s00 xy16,108 spr00 cfg00 e1=a01 p00 s01 xy240,144
BP_init_player_1 pc=60C7 sp=F374 banks=0D/02/03 flow=01 screen=00 engine=00 screenEnt=01 active=01 input=01 render=01 hero=00 prt=01 pei=00 pxy=16,109 e0=a01 p01 s00 xy16,109 spr00 cfg00 e1=a01 p00 s01 xy240,144
BP_init_player_1 pc=60C7 sp=F374 banks=0D/02/03 flow=01 screen=00 engine=00 screenEnt=01 active=01 input=01 render=01 hero=00 prt=01 pei=00 pxy=16,110 e0=a01 p01 s00 xy16,110 spr00 cfg00 e1=a01 p00 s01 xy240,144
BP_init_player_1 pc=60C7 sp=F374 banks=0D/02/03 flow=01 screen=00 engine=00 screenEnt=01 active=01 input=01 render=01 hero=00 prt=01 pei=00 pxy=16,111 e0=a01 p01 s00 xy16,111 spr00 cfg00 e1=a01 p00 s01 xy240,144
BP_init_player_1 pc=60C7 sp=F374 banks=0D/02/03 flow=01 screen=00 engine=00 screenEnt=01 active=01 input=01 render=01 hero=00 prt=01 pei=00 pxy=16,112 e0=a01 p01 s00 xy16,112 spr00 cfg00 e1=a01 p00 s01 xy240,144
BP_init_player_1 pc=60C7 sp=F374 banks=0D/02/03 flow=01 screen=00 engine=00 screenEnt=01 active=01 input=01 render=01 hero=00 prt=01 pei=00 pxy=16,114 e0=a01 p01 s00 xy16,114 spr00 cfg00 e1=a01 p00 s01 xy240,144
BP_init_player_1 pc=60C7 sp=F374 banks=0D/02/03 flow=01 screen=00 engine=00 screenEnt=01 active=01 input=01 render=01 hero=00 prt=01 pei=00 pxy=16,116 e0=a01 p01 s00 xy16,116 spr00 cfg00 e1=a01 p00 s01 xy240,144
BP_init_player_1 pc=60C7 sp=F374 banks=0D/02/03 flow=01 screen=00 engine=00 screenEnt=01 active=01 input=01 render=01 hero=00 prt=01 pei=00 pxy=16,118 e0=a01 p01 s00 xy16,118 spr00 cfg00 e1=a01 p00 s01 xy240,144
BP_init_player_1 pc=60C7 sp=F374 banks=0D/02/03 flow=01 screen=00 engine=00 screenEnt=01 active=01 input=01 render=01 hero=00 prt=01 pei=00 pxy=16,120 e0=a01 p01 s00 xy16,120 spr00 cfg00 e1=a01 p00 s01 xy240,144
BP_init_player_1 pc=60C7 sp=F374 banks=0D/02/03 flow=01 screen=00 engine=00 screenEnt=01 active=01 input=01 render=01 hero=00 prt=01 pei=00 pxy=16,123 e0=a01 p01 s00 xy16,123 spr00 cfg00 e1=a01 p00 s01 xy240,144
BP_init_player_1 pc=60C7 sp=F374 banks=0D/02/03 flow=01 screen=00 engine=00 screenEnt=01 active=01 input=01 render=01 hero=00 prt=01 pei=00 pxy=16,126 e0=a01 p01 s00 xy16,126 spr00 cfg00 e1=a01 p00 s01 xy240,144
BP_init_player_1 pc=60C7 sp=F374 banks=0D/02/03 flow=01 screen=00 engine=00 screenEnt=01 active=01 input=01 render=01 hero=00 prt=01 pei=00 pxy=16,129 e0=a01 p01 s00 xy16,129 spr00 cfg00 e1=a01 p00 s01 xy240,144
BP_init_player_1 pc=60C7 sp=F374 banks=0D/02/03 flow=01 screen=00 engine=00 screenEnt=01 active=01 input=01 render=01 hero=00 prt=01 pei=00 pxy=16,132 e0=a01 p01 s00 xy16,132 spr00 cfg00 e1=a01 p00 s01 xy240,144
BP_init_player_1 pc=60C7 sp=F374 banks=0D/02/03 flow=01 screen=00 engine=00 screenEnt=01 active=01 input=01 render=01 hero=00 prt=01 pei=00 pxy=16,136 e0=a01 p01 s00 xy16,136 spr00 cfg00 e1=a01 p00 s01 xy240,144
BP_init_player_1 pc=60C7 sp=F374 banks=0D/02/03 flow=01 screen=00 engine=00 screenEnt=01 active=01 input=01 render=01 hero=00 prt=01 pei=00 pxy=16,140 e0=a01 p01 s00 xy16,140 spr00 cfg00 e1=a01 p00 s01 xy240,144
BP_init_player_1 pc=60C7 sp=F374 banks=0D/02/03 flow=01 screen=00 engine=00 screenEnt=01 active=01 input=01 render=01 hero=00 prt=01 pei=00 pxy=16,144 e0=a01 p01 s00 xy16,144 spr00 cfg00 e1=a01 p00 s01 xy240,144
BP_init_player_1 pc=60C7 sp=F374 banks=0D/02/03 flow=01 screen=00 engine=00 screenEnt=01 active=01 input=01 render=01 hero=00 prt=01 pei=00 pxy=16,144 e0=a01 p01 s00 xy16,144 spr00 cfg00 e1=a01 p00 s01 xy240,144
BP_init_player_1 pc=60C7 sp=F374 banks=0D/02/03 flow=01 screen=00 engine=00 screenEnt=01 active=01 input=01 render=01 hero=00 prt=01 pei=00 pxy=16,144 e0=a01 p01 s00 xy16,144 spr00 cfg00 e1=a01 p00 s01 xy240,144
BP_init_player_1 pc=60C7 sp=F374 banks=0D/02/03 flow=01 screen=00 engine=00 screenEnt=01 active=01 input=01 render=01 hero=00 prt=01 pei=00 pxy=16,144 e0=a01 p01 s00 xy16,144 spr00 cfg00 e1=a01 p00 s01 xy240,144
BP_init_player_1 pc=60C7 sp=F374 banks=0D/02/03 flow=01 screen=00 engine=00 screenEnt=01 active=01 input=01 render=01 hero=00 prt=01 pei=00 pxy=16,144 e0=a01 p01 s00 xy16,144 spr00 cfg00 e1=a01 p00 s01 xy240,144
BP_init_player_1 pc=60C7 sp=F374 banks=0D/02/03 flow=01 screen=00 engine=00 screenEnt=01 active=01 input=01 render=01 hero=00 prt=01 pei=00 pxy=16,144 e0=a01 p01 s00 xy16,144 spr00 cfg00 e1=a01 p00 s01 xy240,144
BP_init_player_1 pc=60C7 sp=F374 banks=0D/02/03 flow=01 screen=00 engine=00 screenEnt=01 active=01 input=01 render=01 hero=00 prt=01 pei=00 pxy=16,144 e0=a01 p01 s00 xy16,144 spr00 cfg00 e1=a01 p00 s01 xy240,144
BP_init_player_1 pc=60C7 sp=F374 banks=0D/02/03 flow=01 screen=00 engine=00 screenEnt=01 active=01 input=01 render=01 hero=00 prt=01 pei=00 pxy=16,144 e0=a01 p01 s00 xy16,144 spr00 cfg00 e1=a01 p00 s01 xy240,144
BP_init_player_1 pc=60C7 sp=F374 banks=0D/02/03 flow=01 screen=00 engine=00 screenEnt=01 active=01 input=01 render=01 hero=00 prt=01 pei=00 pxy=16,144 e0=a01 p01 s00 xy16,144 spr00 cfg00 e1=a01 p00 s01 xy240,144
BP_init_player_1 pc=60C7 sp=F374 banks=0D/02/03 flow=01 screen=00 engine=00 screenEnt=01 active=01 input=01 render=01 hero=00 prt=01 pei=00 pxy=16,144 e0=a01 p01 s00 xy16,144 spr00 cfg00 e1=a01 p00 s01 xy240,144
BP_init_player_1 pc=60C7 sp=F374 banks=0D/02/03 flow=01 screen=00 engine=00 screenEnt=01 active=01 input=01 render=01 hero=00 prt=01 pei=00 pxy=16,144 e0=a01 p01 s00 xy16,144 spr00 cfg00 e1=a01 p00 s01 xy240,144
BP_init_player_1 pc=60C7 sp=F374 banks=0D/02/03 flow=01 screen=00 engine=00 screenEnt=01 active=01 input=01 render=01 hero=00 prt=01 pei=00 pxy=16,144 e0=a01 p01 s00 xy16,144 spr00 cfg00 e1=a01 p00 s01 xy240,144
BP_init_player_1 pc=60C7 sp=F374 banks=0D/02/03 flow=01 screen=00 engine=00 screenEnt=01 active=01 input=01 render=01 hero=00 prt=01 pei=00 pxy=16,144 e0=a01 p01 s00 xy16,144 spr00 cfg00 e1=a01 p00 s01 xy240,144
BP_init_player_1 pc=60C7 sp=F374 banks=0D/02/03 flow=01 screen=00 engine=00 screenEnt=01 active=01 input=01 render=01 hero=00 prt=01 pei=00 pxy=16,144 e0=a01 p01 s00 xy16,144 spr00 cfg00 e1=a01 p00 s01 xy240,144
BP_init_player_1 pc=60C7 sp=F374 banks=0D/02/03 flow=01 screen=00 engine=00 screenEnt=01 active=01 input=01 render=01 hero=00 prt=01 pei=00 pxy=16,144 e0=a01 p01 s00 xy16,144 spr00 cfg00 e1=a01 p00 s01 xy240,144
BP_init_player_1 pc=60C7 sp=F374 banks=0D/02/03 flow=01 screen=00 engine=00 screenEnt=01 active=01 input=01 render=01 hero=00 prt=01 pei=00 pxy=16,144 e0=a01 p01 s00 xy16,144 spr00 cfg00 e1=a01 p00 s01 xy240,144
BP_init_player_1 pc=60C7 sp=F374 banks=0D/02/03 flow=01 screen=00 engine=00 screenEnt=01 active=01 input=01 render=01 hero=00 prt=01 pei=00 pxy=16,144 e0=a01 p01 s00 xy16,144 spr00 cfg00 e1=a01 p00 s01 xy240,144
BP_init_player_1 pc=60C7 sp=F374 banks=0D/02/03 flow=01 screen=00 engine=00 screenEnt=01 active=01 input=01 render=01 hero=00 prt=01 pei=00 pxy=16,144 e0=a01 p01 s00 xy16,144 spr00 cfg00 e1=a01 p00 s01 xy240,144
BP_init_player_1 pc=60C7 sp=F374 banks=0D/02/03 flow=01 screen=00 engine=00 screenEnt=01 active=01 input=01 render=01 hero=00 prt=01 pei=00 pxy=16,144 e0=a01 p01 s00 xy16,144 spr00 cfg00 e1=a01 p00 s01 xy240,144
BP_init_player_1 pc=60C7 sp=F374 banks=0D/02/03 flow=01 screen=00 engine=00 screenEnt=01 active=01 input=01 render=01 hero=00 prt=01 pei=00 pxy=16,144 e0=a01 p01 s00 xy16,144 spr00 cfg00 e1=a01 p00 s01 xy240,144
BP_init_player_1 pc=60C7 sp=F374 banks=0D/02/03 flow=01 screen=00 engine=00 screenEnt=01 active=01 input=01 render=01 hero=00 prt=01 pei=00 pxy=16,144 e0=a01 p01 s00 xy16,144 spr00 cfg00 e1=a01 p00 s01 xy240,144
BP_init_player_1 pc=60C7 sp=F374 banks=0D/02/03 flow=01 screen=00 engine=00 screenEnt=01 active=01 input=01 render=01 hero=00 prt=01 pei=00 pxy=16,144 e0=a01 p01 s00 xy16,144 spr00 cfg00 e1=a01 p00 s01 xy240,144
BP_init_player_1 pc=60C7 sp=F374 banks=0D/02/03 flow=01 screen=00 engine=00 screenEnt=01 active=01 input=01 render=01 hero=00 prt=01 pei=00 pxy=16,144 e0=a01 p01 s00 xy16,144 spr00 cfg00 e1=a01 p00 s01 xy240,144
BP_init_player_1 pc=60C7 sp=F374 banks=0D/02/03 flow=01 screen=00 engine=00 screenEnt=01 active=01 input=01 render=01 hero=00 prt=01 pei=00 pxy=16,144 e0=a01 p01 s00 xy16,144 spr00 cfg00 e1=a01 p00 s01 xy240,144
BP_init_player_1 pc=60C7 sp=F374 banks=0D/02/03 flow=01 screen=00 engine=00 screenEnt=01 active=01 input=01 render=01 hero=00 prt=01 pei=00 pxy=16,144 e0=a01 p01 s00 xy16,144 spr00 cfg00 e1=a01 p00 s01 xy240,144
BP_init_player_1 pc=60C7 sp=F374 banks=0D/02/03 flow=01 screen=00 engine=00 screenEnt=01 active=01 input=01 render=01 hero=00 prt=01 pei=00 pxy=16,144 e0=a01 p01 s00 xy16,144 spr00 cfg00 e1=a01 p00 s01 xy240,144
BP_init_player_1 pc=60C7 sp=F374 banks=0D/02/03 flow=01 screen=00 engine=00 screenEnt=01 active=01 input=01 render=01 hero=00 prt=01 pei=00 pxy=16,144 e0=a01 p01 s00 xy16,144 spr00 cfg00 e1=a01 p00 s01 xy240,144
BP_init_player_1 pc=60C7 sp=F374 banks=0D/02/03 flow=01 screen=00 engine=00 screenEnt=01 active=01 input=01 render=01 hero=00 prt=01 pei=00 pxy=16,144 e0=a01 p01 s00 xy16,144 spr00 cfg00 e1=a01 p00 s01 xy240,144
BP_init_player_1 pc=60C7 sp=F374 banks=0D/02/03 flow=01 screen=00 engine=00 screenEnt=01 active=01 input=01 render=01 hero=00 prt=01 pei=00 pxy=16,144 e0=a01 p01 s00 xy16,144 spr00 cfg00 e1=a01 p00 s01 xy240,144
BP_init_player_1 pc=60C7 sp=F374 banks=0D/02/03 flow=01 screen=00 engine=00 screenEnt=01 active=01 input=01 render=01 hero=00 prt=01 pei=00 pxy=16,144 e0=a01 p01 s00 xy16,144 spr00 cfg00 e1=a01 p00 s01 xy240,144
BP_init_player_1 pc=60C7 sp=F374 banks=0D/02/03 flow=01 screen=00 engine=00 screenEnt=01 active=01 input=01 render=01 hero=00 prt=01 pei=00 pxy=16,144 e0=a01 p01 s00 xy16,144 spr00 cfg00 e1=a01 p00 s01 xy240,144
BP_init_player_1 pc=60C7 sp=F374 banks=0D/02/03 flow=01 screen=00 engine=00 screenEnt=01 active=01 input=01 render=01 hero=00 prt=01 pei=00 pxy=16,144 e0=a01 p01 s00 xy16,144 spr00 cfg00 e1=a01 p00 s01 xy240,144
BP_init_player_1 pc=60C7 sp=F374 banks=0D/02/03 flow=01 screen=00 engine=00 screenEnt=01 active=01 input=01 render=01 hero=00 prt=01 pei=00 pxy=16,144 e0=a01 p01 s00 xy16,144 spr00 cfg00 e1=a01 p00 s01 xy240,144
BP_init_player_1 pc=60C7 sp=F374 banks=0D/02/03 flow=01 screen=00 engine=00 screenEnt=01 active=01 input=01 render=01 hero=00 prt=01 pei=00 pxy=16,144 e0=a01 p01 s00 xy16,144 spr00 cfg00 e1=a01 p00 s01 xy240,144
BP_init_player_1 pc=60C7 sp=F374 banks=0D/02/03 flow=01 screen=00 engine=00 screenEnt=01 active=01 input=01 render=01 hero=00 prt=01 pei=00 pxy=16,144 e0=a01 p01 s00 xy16,144 spr00 cfg00 e1=a01 p00 s01 xy240,144
BP_init_player_1 pc=60C7 sp=F374 banks=0D/02/03 flow=01 screen=00 engine=00 screenEnt=01 active=01 input=01 render=01 hero=00 prt=01 pei=00 pxy=16,144 e0=a01 p01 s00 xy16,144 spr00 cfg00 e1=a01 p00 s01 xy240,144
BP_init_player_1 pc=60C7 sp=F374 banks=0D/02/03 flow=01 screen=00 engine=00 screenEnt=01 active=01 input=01 render=01 hero=00 prt=01 pei=00 pxy=16,144 e0=a01 p01 s00 xy16,144 spr00 cfg00 e1=a01 p00 s01 xy240,144
BP_init_player_1 pc=60C7 sp=F374 banks=0D/02/03 flow=01 screen=00 engine=00 screenEnt=01 active=01 input=01 render=01 hero=00 prt=01 pei=00 pxy=16,144 e0=a01 p01 s00 xy16,144 spr00 cfg00 e1=a01 p00 s01 xy240,144
BP_init_player_1 pc=60C7 sp=F374 banks=0D/02/03 flow=01 screen=00 engine=00 screenEnt=01 active=01 input=01 render=01 hero=00 prt=01 pei=00 pxy=16,144 e0=a01 p01 s00 xy16,144 spr00 cfg00 e1=a01 p00 s01 xy240,144
BP_init_player_1 pc=60C7 sp=F374 banks=0D/02/03 flow=01 screen=00 engine=00 screenEnt=01 active=01 input=01 render=01 hero=00 prt=01 pei=00 pxy=16,144 e0=a01 p01 s00 xy16,144 spr00 cfg00 e1=a01 p00 s01 xy240,144
BP_init_player_1 pc=60C7 sp=F374 banks=0D/02/03 flow=01 screen=00 engine=00 screenEnt=01 active=01 input=01 render=01 hero=00 prt=01 pei=00 pxy=16,144 e0=a01 p01 s00 xy16,144 spr00 cfg00 e1=a01 p00 s01 xy240,144
BP_init_player_1 pc=60C7 sp=F374 banks=0D/02/03 flow=01 screen=00 engine=00 screenEnt=01 active=01 input=01 render=01 hero=00 prt=01 pei=00 pxy=16,144 e0=a01 p01 s00 xy16,144 spr00 cfg00 e1=a01 p00 s01 xy240,144
BP_init_player_1 pc=60C7 sp=F374 banks=0D/02/03 flow=01 screen=00 engine=00 screenEnt=01 active=01 input=01 render=01 hero=00 prt=01 pei=00 pxy=16,144 e0=a01 p01 s00 xy16,144 spr00 cfg00 e1=a01 p00 s01 xy240,144
BP_init_player_1 pc=60C7 sp=F374 banks=0D/02/03 flow=01 screen=00 engine=00 screenEnt=01 active=01 input=01 render=01 hero=00 prt=01 pei=00 pxy=16,144 e0=a01 p01 s00 xy16,144 spr00 cfg00 e1=a01 p00 s01 xy240,144
BP_init_player_1 pc=60C7 sp=F374 banks=0D/02/03 flow=01 screen=00 engine=00 screenEnt=01 active=01 input=01 render=01 hero=00 prt=01 pei=00 pxy=16,144 e0=a01 p01 s00 xy16,144 spr00 cfg00 e1=a01 p00 s01 xy240,144
BP_init_player_1 pc=60C7 sp=F374 banks=0D/02/03 flow=01 screen=00 engine=00 screenEnt=01 active=01 input=01 render=01 hero=00 prt=01 pei=00 pxy=16,144 e0=a01 p01 s00 xy16,144 spr00 cfg00 e1=a01 p00 s01 xy240,144
BP_init_player_1 pc=60C7 sp=F374 banks=0D/02/03 flow=01 screen=00 engine=00 screenEnt=01 active=01 input=01 render=01 hero=00 prt=01 pei=00 pxy=16,144 e0=a01 p01 s00 xy16,144 spr00 cfg00 e1=a01 p00 s01 xy240,144
BP_init_player_1 pc=60C7 sp=F374 banks=0D/02/03 flow=01 screen=00 engine=00 screenEnt=01 active=01 input=01 render=01 hero=00 prt=01 pei=00 pxy=16,144 e0=a01 p01 s00 xy16,144 spr00 cfg00 e1=a01 p00 s01 xy240,144
BP_init_player_1 pc=60C7 sp=F374 banks=0D/02/03 flow=01 screen=00 engine=00 screenEnt=01 active=01 input=01 render=01 hero=00 prt=01 pei=00 pxy=16,144 e0=a01 p01 s00 xy16,144 spr00 cfg00 e1=a01 p00 s01 xy240,144
BP_init_player_1 pc=60C7 sp=F374 banks=0D/02/03 flow=01 screen=00 engine=00 screenEnt=01 active=01 input=01 render=01 hero=00 prt=01 pei=00 pxy=16,144 e0=a01 p01 s00 xy16,144 spr00 cfg00 e1=a01 p00 s01 xy240,144
BP_init_player_1 pc=60C7 sp=F374 banks=0D/02/03 flow=01 screen=00 engine=00 screenEnt=01 active=01 input=01 render=01 hero=00 prt=01 pei=00 pxy=16,144 e0=a01 p01 s00 xy16,144 spr00 cfg00 e1=a01 p00 s01 xy240,144
BP_init_player_1 pc=60C7 sp=F374 banks=0D/02/03 flow=01 screen=00 engine=00 screenEnt=01 active=01 input=01 render=01 hero=00 prt=01 pei=00 pxy=16,144 e0=a01 p01 s00 xy16,144 spr00 cfg00 e1=a01 p00 s01 xy240,144
BP_init_player_1 pc=60C7 sp=F374 banks=0D/02/03 flow=01 screen=00 engine=00 screenEnt=01 active=01 input=01 render=01 hero=00 prt=01 pei=00 pxy=16,144 e0=a01 p01 s00 xy16,144 spr00 cfg00 e1=a01 p00 s01 xy240,144
BP_init_player_1 pc=60C7 sp=F374 banks=0D/02/03 flow=01 screen=00 engine=00 screenEnt=01 active=01 input=01 render=01 hero=00 prt=01 pei=00 pxy=16,144 e0=a01 p01 s00 xy16,144 spr00 cfg00 e1=a01 p00 s01 xy240,144
BP_init_player_1 pc=60C7 sp=F374 banks=0D/02/03 flow=01 screen=00 engine=00 screenEnt=01 active=01 input=01 render=01 hero=00 prt=01 pei=00 pxy=16,144 e0=a01 p01 s00 xy16,144 spr00 cfg00 e1=a01 p00 s01 xy240,144
BP_init_player_1 pc=60C7 sp=F374 banks=0D/02/03 flow=01 screen=00 engine=00 screenEnt=01 active=01 input=01 render=01 hero=00 prt=01 pei=00 pxy=16,144 e0=a01 p01 s00 xy16,144 spr00 cfg00 e1=a01 p00 s01 xy240,144
BP_init_player_1 pc=60C7 sp=F374 banks=0D/02/03 flow=01 screen=00 engine=00 screenEnt=01 active=01 input=01 render=01 hero=00 prt=01 pei=00 pxy=16,144 e0=a01 p01 s00 xy16,144 spr00 cfg00 e1=a01 p00 s01 xy240,144
BP_init_player_1 pc=60C7 sp=F374 banks=0D/02/03 flow=01 screen=00 engine=00 screenEnt=01 active=01 input=01 render=01 hero=00 prt=01 pei=00 pxy=16,144 e0=a01 p01 s00 xy16,144 spr00 cfg00 e1=a01 p00 s01 xy240,144
BP_init_player_1 pc=60C7 sp=F374 banks=0D/02/03 flow=01 screen=00 engine=00 screenEnt=01 active=01 input=01 render=01 hero=00 prt=01 pei=00 pxy=16,144 e0=a01 p01 s00 xy16,144 spr00 cfg00 e1=a01 p00 s01 xy240,144
BP_init_player_1 pc=60C7 sp=F374 banks=0D/02/03 flow=01 screen=00 engine=00 screenEnt=01 active=01 input=01 render=01 hero=00 prt=01 pei=00 pxy=16,144 e0=a01 p01 s00 xy16,144 spr00 cfg00 e1=a01 p00 s01 xy240,144
BP_init_player_1 pc=60C7 sp=F374 banks=0D/02/03 flow=01 screen=00 engine=00 screenEnt=01 active=01 input=01 render=01 hero=00 prt=01 pei=00 pxy=16,144 e0=a01 p01 s00 xy16,144 spr00 cfg00 e1=a01 p00 s01 xy240,144
BP_init_player_1 pc=60C7 sp=F374 banks=0D/02/03 flow=01 screen=00 engine=00 screenEnt=01 active=01 input=01 render=01 hero=00 prt=01 pei=00 pxy=16,144 e0=a01 p01 s00 xy16,144 spr00 cfg00 e1=a01 p00 s01 xy240,144
BP_init_player_1 pc=60C7 sp=F374 banks=0D/02/03 flow=01 screen=00 engine=00 screenEnt=01 active=01 input=01 render=01 hero=00 prt=01 pei=00 pxy=16,144 e0=a01 p01 s00 xy16,144 spr00 cfg00 e1=a01 p00 s01 xy240,144
BP_init_player_1 pc=60C7 sp=F374 banks=0D/02/03 flow=01 screen=00 engine=00 screenEnt=01 active=01 input=01 render=01 hero=00 prt=01 pei=00 pxy=16,144 e0=a01 p01 s00 xy16,144 spr00 cfg00 e1=a01 p00 s01 xy240,144
BP_init_player_1 pc=60C7 sp=F374 banks=0D/02/03 flow=01 screen=00 engine=00 screenEnt=01 active=01 input=01 render=01 hero=00 prt=01 pei=00 pxy=16,144 e0=a01 p01 s00 xy16,144 spr00 cfg00 e1=a01 p00 s01 xy240,144
BP_init_player_1 pc=60C7 sp=F374 banks=0D/02/03 flow=01 screen=00 engine=00 screenEnt=01 active=01 input=01 render=01 hero=00 prt=01 pei=00 pxy=16,144 e0=a01 p01 s00 xy16,144 spr00 cfg00 e1=a01 p00 s01 xy240,144
BP_init_player_1 pc=60C7 sp=F374 banks=0D/02/03 flow=01 screen=00 engine=00 screenEnt=01 active=01 input=01 render=01 hero=00 prt=01 pei=00 pxy=16,144 e0=a01 p01 s00 xy16,144 spr00 cfg00 e1=a01 p00 s01 xy240,144
BP_init_player_1 pc=60C7 sp=F374 banks=0D/02/03 flow=01 screen=00 engine=00 screenEnt=01 active=01 input=01 render=01 hero=00 prt=01 pei=00 pxy=16,144 e0=a01 p01 s00 xy16,144 spr00 cfg00 e1=a01 p00 s01 xy240,144
BP_init_player_1 pc=60C7 sp=F374 banks=0D/02/03 flow=01 screen=00 engine=00 screenEnt=01 active=01 input=01 render=01 hero=00 prt=01 pei=00 pxy=16,144 e0=a01 p01 s00 xy16,144 spr00 cfg00 e1=a01 p00 s01 xy240,144
BP_init_player_1 pc=60C7 sp=F374 banks=0D/02/03 flow=01 screen=00 engine=00 screenEnt=01 active=01 input=01 render=01 hero=00 prt=01 pei=00 pxy=16,144 e0=a01 p01 s00 xy16,144 spr00 cfg00 e1=a01 p00 s01 xy240,144
BP_init_player_1 pc=60C7 sp=F374 banks=0D/02/03 flow=01 screen=00 engine=00 screenEnt=01 active=01 input=01 render=01 hero=00 prt=01 pei=00 pxy=16,144 e0=a01 p01 s00 xy16,144 spr00 cfg00 e1=a01 p00 s01 xy240,144
BP_init_player_1 pc=60C7 sp=F374 banks=0D/02/03 flow=01 screen=00 engine=00 screenEnt=01 active=01 input=01 render=01 hero=00 prt=01 pei=00 pxy=16,144 e0=a01 p01 s00 xy16,144 spr00 cfg00 e1=a01 p00 s01 xy240,144
BP_init_player_1 pc=60C7 sp=F374 banks=0D/02/03 flow=01 screen=00 engine=00 screenEnt=01 active=01 input=01 render=01 hero=00 prt=01 pei=00 pxy=16,144 e0=a01 p01 s00 xy16,144 spr00 cfg00 e1=a01 p00 s01 xy240,144
BP_init_player_1 pc=60C7 sp=F374 banks=0D/02/03 flow=01 screen=00 engine=00 screenEnt=01 active=01 input=01 render=01 hero=00 prt=01 pei=00 pxy=16,144 e0=a01 p01 s00 xy16,144 spr00 cfg00 e1=a01 p00 s01 xy240,144
BP_init_player_1 pc=60C7 sp=F374 banks=0D/02/03 flow=01 screen=00 engine=00 screenEnt=01 active=01 input=01 render=01 hero=00 prt=01 pei=00 pxy=16,144 e0=a01 p01 s00 xy16,144 spr00 cfg00 e1=a01 p00 s01 xy240,144
BP_init_player_1 pc=60C7 sp=F374 banks=0D/02/03 flow=01 screen=00 engine=00 screenEnt=01 active=01 input=01 render=01 hero=00 prt=01 pei=00 pxy=16,144 e0=a01 p01 s00 xy16,144 spr00 cfg00 e1=a01 p00 s01 xy240,144
BP_init_player_1 pc=60C7 sp=F374 banks=0D/02/03 flow=01 screen=00 engine=00 screenEnt=01 active=01 input=01 render=01 hero=00 prt=01 pei=00 pxy=16,144 e0=a01 p01 s00 xy16,144 spr00 cfg00 e1=a01 p00 s01 xy240,144
BP_init_player_1 pc=60C7 sp=F374 banks=0D/02/03 flow=01 screen=00 engine=00 screenEnt=01 active=01 input=01 render=01 hero=00 prt=01 pei=00 pxy=16,144 e0=a01 p01 s00 xy16,144 spr00 cfg00 e1=a01 p00 s01 xy240,144
BP_init_player_1 pc=60C7 sp=F374 banks=0D/02/03 flow=01 screen=00 engine=00 screenEnt=01 active=01 input=01 render=01 hero=00 prt=01 pei=00 pxy=16,144 e0=a01 p01 s00 xy16,144 spr00 cfg00 e1=a01 p00 s01 xy240,144
BP_init_player_1 pc=60C7 sp=F374 banks=0D/02/03 flow=01 screen=00 engine=00 screenEnt=01 active=01 input=01 render=01 hero=00 prt=01 pei=00 pxy=16,144 e0=a01 p01 s00 xy16,144 spr00 cfg00 e1=a01 p00 s01 xy240,144
BP_init_player_1 pc=60C7 sp=F374 banks=0D/02/03 flow=01 screen=00 engine=00 screenEnt=01 active=01 input=01 render=01 hero=00 prt=01 pei=00 pxy=16,144 e0=a01 p01 s00 xy16,144 spr00 cfg00 e1=a01 p00 s01 xy240,144
BP_init_player_1 pc=60C7 sp=F374 banks=0D/02/03 flow=01 screen=00 engine=00 screenEnt=01 active=01 input=01 render=01 hero=00 prt=01 pei=00 pxy=16,144 e0=a01 p01 s00 xy16,144 spr00 cfg00 e1=a01 p00 s01 xy240,144
BP_init_player_1 pc=60C7 sp=F374 banks=0D/02/03 flow=01 screen=00 engine=00 screenEnt=01 active=01 input=01 render=01 hero=00 prt=01 pei=00 pxy=16,144 e0=a01 p01 s00 xy16,144 spr00 cfg00 e1=a01 p00 s01 xy240,144
BP_init_player_1 pc=60C7 sp=F374 banks=0D/02/03 flow=01 screen=00 engine=00 screenEnt=01 active=01 input=01 render=01 hero=00 prt=01 pei=00 pxy=16,144 e0=a01 p01 s00 xy16,144 spr00 cfg00 e1=a01 p00 s01 xy240,144
BP_init_player_1 pc=60C7 sp=F374 banks=0D/02/03 flow=01 screen=00 engine=00 screenEnt=01 active=01 input=01 render=01 hero=00 prt=01 pei=00 pxy=16,144 e0=a01 p01 s00 xy16,144 spr00 cfg00 e1=a01 p00 s01 xy240,144
BP_init_player_1 pc=60C7 sp=F374 banks=0D/02/03 flow=01 screen=00 engine=00 screenEnt=01 active=01 input=01 render=01 hero=00 prt=01 pei=00 pxy=16,144 e0=a01 p01 s00 xy16,144 spr00 cfg00 e1=a01 p00 s01 xy240,144
BP_init_player_1 pc=60C7 sp=F374 banks=0D/02/03 flow=01 screen=00 engine=00 screenEnt=01 active=01 input=01 render=01 hero=00 prt=01 pei=00 pxy=16,144 e0=a01 p01 s00 xy16,144 spr00 cfg00 e1=a01 p00 s01 xy240,144
t9 pc=877F sp=F36A banks=01/02/03 flow=01 screen=00 engine=00 screenEnt=01 active=01 input=01 render=01 hero=00 prt=01 pei=00 pxy=16,144 e0=a01 p01 s00 xy16,144 spr00 cfg00 e1=a01 p00 s01 xy240,144
BP_init_player_1 pc=60C7 sp=F374 banks=0D/02/03 flow=01 screen=00 engine=00 screenEnt=01 active=01 input=01 render=01 hero=00 prt=01 pei=00 pxy=16,144 e0=a01 p01 s00 xy16,144 spr00 cfg00 e1=a01 p00 s01 xy240,144
BP_init_player_1 pc=60C7 sp=F374 banks=0D/02/03 flow=01 screen=00 engine=00 screenEnt=01 active=01 input=01 render=01 hero=00 prt=01 pei=00 pxy=16,144 e0=a01 p01 s00 xy16,144 spr00 cfg00 e1=a01 p00 s01 xy240,144
BP_init_player_1 pc=60C7 sp=F374 banks=0D/02/03 flow=01 screen=00 engine=00 screenEnt=01 active=01 input=01 render=01 hero=00 prt=01 pei=00 pxy=16,144 e0=a01 p01 s00 xy16,144 spr00 cfg00 e1=a01 p00 s01 xy240,144
BP_init_player_1 pc=60C7 sp=F374 banks=0D/02/03 flow=01 screen=00 engine=00 screenEnt=01 active=01 input=01 render=01 hero=00 prt=01 pei=00 pxy=16,144 e0=a01 p01 s00 xy16,144 spr00 cfg00 e1=a01 p00 s01 xy240,144
BP_init_player_1 pc=60C7 sp=F374 banks=0D/02/03 flow=01 screen=00 engine=00 screenEnt=01 active=01 input=01 render=01 hero=00 prt=01 pei=00 pxy=16,144 e0=a01 p01 s00 xy16,144 spr00 cfg00 e1=a01 p00 s01 xy240,144
BP_init_player_1 pc=60C7 sp=F374 banks=0D/02/03 flow=01 screen=00 engine=00 screenEnt=01 active=01 input=01 render=01 hero=00 prt=01 pei=00 pxy=16,144 e0=a01 p01 s00 xy16,144 spr00 cfg00 e1=a01 p00 s01 xy240,144
BP_init_player_1 pc=60C7 sp=F374 banks=0D/02/03 flow=01 screen=00 engine=00 screenEnt=01 active=01 input=01 render=01 hero=00 prt=01 pei=00 pxy=16,144 e0=a01 p01 s00 xy16,144 spr00 cfg00 e1=a01 p00 s01 xy240,144
BP_init_player_1 pc=60C7 sp=F374 banks=0D/02/03 flow=01 screen=00 engine=00 screenEnt=01 active=01 input=01 render=01 hero=00 prt=01 pei=00 pxy=16,144 e0=a01 p01 s00 xy16,144 spr00 cfg00 e1=a01 p00 s01 xy240,144
BP_init_player_1 pc=60C7 sp=F374 banks=0D/02/03 flow=01 screen=00 engine=00 screenEnt=01 active=01 input=01 render=01 hero=00 prt=01 pei=00 pxy=16,144 e0=a01 p01 s00 xy16,144 spr00 cfg00 e1=a01 p00 s01 xy240,144
BP_init_player_1 pc=60C7 sp=F374 banks=0D/02/03 flow=01 screen=00 engine=00 screenEnt=01 active=01 input=01 render=01 hero=00 prt=01 pei=00 pxy=16,144 e0=a01 p01 s00 xy16,144 spr00 cfg00 e1=a01 p00 s01 xy240,144
BP_init_player_1 pc=60C7 sp=F374 banks=0D/02/03 flow=01 screen=00 engine=00 screenEnt=01 active=01 input=01 render=01 hero=00 prt=01 pei=00 pxy=16,144 e0=a01 p01 s00 xy16,144 spr00 cfg00 e1=a01 p00 s01 xy240,144
BP_init_player_1 pc=60C7 sp=F374 banks=0D/02/03 flow=01 screen=00 engine=00 screenEnt=01 active=01 input=01 render=01 hero=00 prt=01 pei=00 pxy=16,144 e0=a01 p01 s00 xy16,144 spr00 cfg00 e1=a01 p00 s01 xy240,144
BP_init_player_1 pc=60C7 sp=F374 banks=0D/02/03 flow=01 screen=00 engine=00 screenEnt=01 active=01 input=01 render=01 hero=00 prt=01 pei=00 pxy=16,144 e0=a01 p01 s00 xy16,144 spr00 cfg00 e1=a01 p00 s01 xy240,144
BP_init_player_1 pc=60C7 sp=F374 banks=0D/02/03 flow=01 screen=00 engine=00 screenEnt=01 active=01 input=01 render=01 hero=00 prt=01 pei=00 pxy=16,144 e0=a01 p01 s00 xy16,144 spr00 cfg00 e1=a01 p00 s01 xy240,144
BP_init_player_1 pc=60C7 sp=F374 banks=0D/02/03 flow=01 screen=00 engine=00 screenEnt=01 active=01 input=01 render=01 hero=00 prt=01 pei=00 pxy=16,144 e0=a01 p01 s00 xy16,144 spr00 cfg00 e1=a01 p00 s01 xy240,144
BP_init_player_1 pc=60C7 sp=F374 banks=0D/02/03 flow=01 screen=00 engine=00 screenEnt=01 active=01 input=01 render=01 hero=00 prt=01 pei=00 pxy=16,144 e0=a01 p01 s00 xy16,144 spr00 cfg00 e1=a01 p00 s01 xy240,144
BP_init_player_1 pc=60C7 sp=F374 banks=0D/02/03 flow=01 screen=00 engine=00 screenEnt=01 active=01 input=01 render=01 hero=00 prt=01 pei=00 pxy=16,144 e0=a01 p01 s00 xy16,144 spr00 cfg00 e1=a01 p00 s01 xy240,144
BP_init_player_1 pc=60C7 sp=F374 banks=0D/02/03 flow=01 screen=00 engine=00 screenEnt=01 active=01 input=01 render=01 hero=00 prt=01 pei=00 pxy=16,144 e0=a01 p01 s00 xy16,144 spr00 cfg00 e1=a01 p00 s01 xy240,144
BP_init_player_1 pc=60C7 sp=F374 banks=0D/02/03 flow=01 screen=00 engine=00 screenEnt=01 active=01 input=01 render=01 hero=00 prt=01 pei=00 pxy=16,144 e0=a01 p01 s00 xy16,144 spr00 cfg00 e1=a01 p00 s01 xy240,144
BP_init_player_1 pc=60C7 sp=F374 banks=0D/02/03 flow=01 screen=00 engine=00 screenEnt=01 active=01 input=01 render=01 hero=00 prt=01 pei=00 pxy=16,144 e0=a01 p01 s00 xy16,144 spr00 cfg00 e1=a01 p00 s01 xy240,144
BP_init_player_1 pc=60C7 sp=F374 banks=0D/02/03 flow=01 screen=00 engine=00 screenEnt=01 active=01 input=01 render=01 hero=00 prt=01 pei=00 pxy=16,144 e0=a01 p01 s00 xy16,144 spr00 cfg00 e1=a01 p00 s01 xy240,144
BP_init_player_1 pc=60C7 sp=F374 banks=0D/02/03 flow=01 screen=00 engine=00 screenEnt=01 active=01 input=01 render=01 hero=00 prt=01 pei=00 pxy=16,144 e0=a01 p01 s00 xy16,144 spr00 cfg00 e1=a01 p00 s01 xy240,144
BP_init_player_1 pc=60C7 sp=F374 banks=0D/02/03 flow=01 screen=00 engine=00 screenEnt=01 active=01 input=01 render=01 hero=00 prt=01 pei=00 pxy=16,144 e0=a01 p01 s00 xy16,144 spr00 cfg00 e1=a01 p00 s01 xy240,144
BP_init_player_1 pc=60C7 sp=F374 banks=0D/02/03 flow=01 screen=00 engine=00 screenEnt=01 active=01 input=01 render=01 hero=00 prt=01 pei=00 pxy=16,144 e0=a01 p01 s00 xy16,144 spr00 cfg00 e1=a01 p00 s01 xy240,144
BP_init_player_1 pc=60C7 sp=F374 banks=0D/02/03 flow=01 screen=00 engine=00 screenEnt=01 active=01 input=01 render=01 hero=00 prt=01 pei=00 pxy=16,144 e0=a01 p01 s00 xy16,144 spr00 cfg00 e1=a01 p00 s01 xy240,144
BP_init_player_1 pc=60C7 sp=F374 banks=0D/02/03 flow=01 screen=00 engine=00 screenEnt=01 active=01 input=01 render=01 hero=00 prt=01 pei=00 pxy=16,144 e0=a01 p01 s00 xy16,144 spr00 cfg00 e1=a01 p00 s01 xy240,144
BP_init_player_1 pc=60C7 sp=F374 banks=0D/02/03 flow=01 screen=00 engine=00 screenEnt=01 active=01 input=01 render=01 hero=00 prt=01 pei=00 pxy=16,144 e0=a01 p01 s00 xy16,144 spr00 cfg00 e1=a01 p00 s01 xy240,144
BP_init_player_1 pc=60C7 sp=F374 banks=0D/02/03 flow=01 screen=00 engine=00 screenEnt=01 active=01 input=01 render=01 hero=00 prt=01 pei=00 pxy=16,144 e0=a01 p01 s00 xy16,144 spr00 cfg00 e1=a01 p00 s01 xy240,144
BP_init_player_1 pc=60C7 sp=F374 banks=0D/02/03 flow=01 screen=00 engine=00 screenEnt=01 active=01 input=01 render=01 hero=00 prt=01 pei=00 pxy=16,144 e0=a01 p01 s00 xy16,144 spr00 cfg00 e1=a01 p00 s01 xy240,144
BP_init_player_1 pc=60C7 sp=F374 banks=0D/02/03 flow=01 screen=00 engine=00 screenEnt=01 active=01 input=01 render=01 hero=00 prt=01 pei=00 pxy=16,144 e0=a01 p01 s00 xy16,144 spr00 cfg00 e1=a01 p00 s01 xy240,144
BP_init_player_1 pc=60C7 sp=F374 banks=0D/02/03 flow=01 screen=00 engine=00 screenEnt=01 active=01 input=01 render=01 hero=00 prt=01 pei=00 pxy=16,144 e0=a01 p01 s00 xy16,144 spr00 cfg00 e1=a01 p00 s01 xy240,144
BP_init_player_1 pc=60C7 sp=F374 banks=0D/02/03 flow=01 screen=00 engine=00 screenEnt=01 active=01 input=01 render=01 hero=00 prt=01 pei=00 pxy=16,144 e0=a01 p01 s00 xy16,144 spr00 cfg00 e1=a01 p00 s01 xy240,144
BP_init_player_1 pc=60C7 sp=F374 banks=0D/02/03 flow=01 screen=00 engine=00 screenEnt=01 active=01 input=01 render=01 hero=00 prt=01 pei=00 pxy=16,144 e0=a01 p01 s00 xy16,144 spr00 cfg00 e1=a01 p00 s01 xy240,144
BP_init_player_1 pc=60C7 sp=F374 banks=0D/02/03 flow=01 screen=00 engine=00 screenEnt=01 active=01 input=01 render=01 hero=00 prt=01 pei=00 pxy=16,144 e0=a01 p01 s00 xy16,144 spr00 cfg00 e1=a01 p00 s01 xy240,144
BP_init_player_1 pc=60C7 sp=F374 banks=0D/02/03 flow=01 screen=00 engine=00 screenEnt=01 active=01 input=01 render=01 hero=00 prt=01 pei=00 pxy=16,144 e0=a01 p01 s00 xy16,144 spr00 cfg00 e1=a01 p00 s01 xy240,144
BP_init_player_1 pc=60C7 sp=F374 banks=0D/02/03 flow=01 screen=00 engine=00 screenEnt=01 active=01 input=01 render=01 hero=00 prt=01 pei=00 pxy=16,144 e0=a01 p01 s00 xy16,144 spr00 cfg00 e1=a01 p00 s01 xy240,144
BP_init_player_1 pc=60C7 sp=F374 banks=0D/02/03 flow=01 screen=00 engine=00 screenEnt=01 active=01 input=01 render=01 hero=00 prt=01 pei=00 pxy=16,144 e0=a01 p01 s00 xy16,144 spr00 cfg00 e1=a01 p00 s01 xy240,144
BP_init_player_1 pc=60C7 sp=F374 banks=0D/02/03 flow=01 screen=00 engine=00 screenEnt=01 active=01 input=01 render=01 hero=00 prt=01 pei=00 pxy=16,144 e0=a01 p01 s00 xy16,144 spr00 cfg00 e1=a01 p00 s01 xy240,144
BP_init_player_1 pc=60C7 sp=F374 banks=0D/02/03 flow=01 screen=00 engine=00 screenEnt=01 active=01 input=01 render=01 hero=00 prt=01 pei=00 pxy=16,144 e0=a01 p01 s00 xy16,144 spr00 cfg00 e1=a01 p00 s01 xy240,144
BP_init_player_1 pc=60C7 sp=F374 banks=0D/02/03 flow=01 screen=00 engine=00 screenEnt=01 active=01 input=01 render=01 hero=00 prt=01 pei=00 pxy=16,144 e0=a01 p01 s00 xy16,144 spr00 cfg00 e1=a01 p00 s01 xy240,144
BP_init_player_1 pc=60C7 sp=F374 banks=0D/02/03 flow=01 screen=00 engine=00 screenEnt=01 active=01 input=01 render=01 hero=00 prt=01 pei=00 pxy=16,144 e0=a01 p01 s00 xy16,144 spr00 cfg00 e1=a01 p00 s01 xy240,144
BP_init_player_1 pc=60C7 sp=F374 banks=0D/02/03 flow=01 screen=00 engine=00 screenEnt=01 active=01 input=01 render=01 hero=00 prt=01 pei=00 pxy=16,144 e0=a01 p01 s00 xy16,144 spr00 cfg00 e1=a01 p00 s01 xy240,144
BP_init_player_1 pc=60C7 sp=F374 banks=0D/02/03 flow=01 screen=00 engine=00 screenEnt=01 active=01 input=01 render=01 hero=00 prt=01 pei=00 pxy=16,144 e0=a01 p01 s00 xy16,144 spr00 cfg00 e1=a01 p00 s01 xy240,144
BP_init_player_1 pc=60C7 sp=F374 banks=0D/02/03 flow=01 screen=00 engine=00 screenEnt=01 active=01 input=01 render=01 hero=00 prt=01 pei=00 pxy=16,144 e0=a01 p01 s00 xy16,144 spr00 cfg00 e1=a01 p00 s01 xy240,144
BP_init_player_1 pc=60C7 sp=F374 banks=0D/02/03 flow=01 screen=00 engine=00 screenEnt=01 active=01 input=01 render=01 hero=00 prt=01 pei=00 pxy=16,144 e0=a01 p01 s00 xy16,144 spr00 cfg00 e1=a01 p00 s01 xy240,144
BP_init_player_1 pc=60C7 sp=F374 banks=0D/02/03 flow=01 screen=00 engine=00 screenEnt=01 active=01 input=01 render=01 hero=00 prt=01 pei=00 pxy=16,144 e0=a01 p01 s00 xy16,144 spr00 cfg00 e1=a01 p00 s01 xy240,144
BP_init_player_1 pc=60C7 sp=F374 banks=0D/02/03 flow=01 screen=00 engine=00 screenEnt=01 active=01 input=01 render=01 hero=00 prt=01 pei=00 pxy=16,144 e0=a01 p01 s00 xy16,144 spr00 cfg00 e1=a01 p00 s01 xy240,144
BP_init_player_1 pc=60C7 sp=F374 banks=0D/02/03 flow=01 screen=00 engine=00 screenEnt=01 active=01 input=01 render=01 hero=00 prt=01 pei=00 pxy=16,144 e0=a01 p01 s00 xy16,144 spr00 cfg00 e1=a01 p00 s01 xy240,144
BP_init_player_1 pc=60C7 sp=F374 banks=0D/02/03 flow=01 screen=00 engine=00 screenEnt=01 active=01 input=01 render=01 hero=00 prt=01 pei=00 pxy=16,144 e0=a01 p01 s00 xy16,144 spr00 cfg00 e1=a01 p00 s01 xy240,144
BP_init_player_1 pc=60C7 sp=F374 banks=0D/02/03 flow=01 screen=00 engine=00 screenEnt=01 active=01 input=01 render=01 hero=00 prt=01 pei=00 pxy=16,144 e0=a01 p01 s00 xy16,144 spr00 cfg00 e1=a01 p00 s01 xy240,144
BP_init_player_1 pc=60C7 sp=F374 banks=0D/02/03 flow=01 screen=00 engine=00 screenEnt=01 active=01 input=01 render=01 hero=00 prt=01 pei=00 pxy=16,144 e0=a01 p01 s00 xy16,144 spr00 cfg00 e1=a01 p00 s01 xy240,144
BP_init_player_1 pc=60C7 sp=F374 banks=0D/02/03 flow=01 screen=00 engine=00 screenEnt=01 active=01 input=01 render=01 hero=00 prt=01 pei=00 pxy=16,144 e0=a01 p01 s00 xy16,144 spr00 cfg00 e1=a01 p00 s01 xy240,144
BP_init_player_1 pc=60C7 sp=F374 banks=0D/02/03 flow=01 screen=00 engine=00 screenEnt=01 active=01 input=01 render=01 hero=00 prt=01 pei=00 pxy=16,144 e0=a01 p01 s00 xy16,144 spr00 cfg00 e1=a01 p00 s01 xy240,144
BP_init_player_1 pc=60C7 sp=F374 banks=0D/02/03 flow=01 screen=00 engine=00 screenEnt=01 active=01 input=01 render=01 hero=00 prt=01 pei=00 pxy=16,144 e0=a01 p01 s00 xy16,144 spr00 cfg00 e1=a01 p00 s01 xy240,144
BP_init_player_1 pc=60C7 sp=F374 banks=0D/02/03 flow=01 screen=00 engine=00 screenEnt=01 active=01 input=01 render=01 hero=00 prt=01 pei=00 pxy=16,144 e0=a01 p01 s00 xy16,144 spr00 cfg00 e1=a01 p00 s01 xy240,144
BP_init_player_1 pc=60C7 sp=F374 banks=0D/02/03 flow=01 screen=00 engine=00 screenEnt=01 active=01 input=01 render=01 hero=00 prt=01 pei=00 pxy=16,144 e0=a01 p01 s00 xy16,144 spr00 cfg00 e1=a01 p00 s01 xy240,144
BP_init_player_1 pc=60C7 sp=F374 banks=0D/02/03 flow=01 screen=00 engine=00 screenEnt=01 active=01 input=01 render=01 hero=00 prt=01 pei=00 pxy=16,144 e0=a01 p01 s00 xy16,144 spr00 cfg00 e1=a01 p00 s01 xy240,144
BP_init_player_1 pc=60C7 sp=F374 banks=0D/02/03 flow=01 screen=00 engine=00 screenEnt=01 active=01 input=01 render=01 hero=00 prt=01 pei=00 pxy=16,144 e0=a01 p01 s00 xy16,144 spr00 cfg00 e1=a01 p00 s01 xy240,144
BP_init_player_1 pc=60C7 sp=F374 banks=0D/02/03 flow=01 screen=00 engine=00 screenEnt=01 active=01 input=01 render=01 hero=00 prt=01 pei=00 pxy=16,144 e0=a01 p01 s00 xy16,144 spr00 cfg00 e1=a01 p00 s01 xy240,144
BP_init_player_1 pc=60C7 sp=F374 banks=0D/02/03 flow=01 screen=00 engine=00 screenEnt=01 active=01 input=01 render=01 hero=00 prt=01 pei=00 pxy=16,144 e0=a01 p01 s00 xy16,144 spr00 cfg00 e1=a01 p00 s01 xy240,144
BP_init_player_1 pc=60C7 sp=F374 banks=0D/02/03 flow=01 screen=00 engine=00 screenEnt=01 active=01 input=01 render=01 hero=00 prt=01 pei=00 pxy=16,144 e0=a01 p01 s00 xy16,144 spr00 cfg00 e1=a01 p00 s01 xy240,144
BP_init_player_1 pc=60C7 sp=F374 banks=0D/02/03 flow=01 screen=00 engine=00 screenEnt=01 active=01 input=01 render=01 hero=00 prt=01 pei=00 pxy=16,144 e0=a01 p01 s00 xy16,144 spr00 cfg00 e1=a01 p00 s01 xy240,144
BP_init_player_1 pc=60C7 sp=F374 banks=0D/02/03 flow=01 screen=00 engine=00 screenEnt=01 active=01 input=01 render=01 hero=00 prt=01 pei=00 pxy=16,144 e0=a01 p01 s00 xy16,144 spr00 cfg00 e1=a01 p00 s01 xy240,144
BP_init_player_1 pc=60C7 sp=F374 banks=0D/02/03 flow=01 screen=00 engine=00 screenEnt=01 active=01 input=01 render=01 hero=00 prt=01 pei=00 pxy=16,144 e0=a01 p01 s00 xy16,144 spr00 cfg00 e1=a01 p00 s01 xy240,144
BP_init_player_1 pc=60C7 sp=F374 banks=0D/02/03 flow=01 screen=00 engine=00 screenEnt=01 active=01 input=01 render=01 hero=00 prt=01 pei=00 pxy=16,144 e0=a01 p01 s00 xy16,144 spr00 cfg00 e1=a01 p00 s01 xy240,144
BP_init_player_1 pc=60C7 sp=F374 banks=0D/02/03 flow=01 screen=00 engine=00 screenEnt=01 active=01 input=01 render=01 hero=00 prt=01 pei=00 pxy=16,144 e0=a01 p01 s00 xy16,144 spr00 cfg00 e1=a01 p00 s01 xy240,144
BP_init_player_1 pc=60C7 sp=F374 banks=0D/02/03 flow=01 screen=00 engine=00 screenEnt=01 active=01 input=01 render=01 hero=00 prt=01 pei=00 pxy=16,144 e0=a01 p01 s00 xy16,144 spr00 cfg00 e1=a01 p00 s01 xy240,144
BP_init_player_1 pc=60C7 sp=F374 banks=0D/02/03 flow=01 screen=00 engine=00 screenEnt=01 active=01 input=01 render=01 hero=00 prt=01 pei=00 pxy=16,144 e0=a01 p01 s00 xy16,144 spr00 cfg00 e1=a01 p00 s01 xy240,144
BP_init_player_1 pc=60C7 sp=F374 banks=0D/02/03 flow=01 screen=00 engine=00 screenEnt=01 active=01 input=01 render=01 hero=00 prt=01 pei=00 pxy=16,144 e0=a01 p01 s00 xy16,144 spr00 cfg00 e1=a01 p00 s01 xy240,144
BP_init_player_1 pc=60C7 sp=F374 banks=0D/02/03 flow=01 screen=00 engine=00 screenEnt=01 active=01 input=01 render=01 hero=00 prt=01 pei=00 pxy=16,144 e0=a01 p01 s00 xy16,144 spr00 cfg00 e1=a01 p00 s01 xy240,144
BP_init_player_1 pc=60C7 sp=F374 banks=0D/02/03 flow=01 screen=00 engine=00 screenEnt=01 active=01 input=01 render=01 hero=00 prt=01 pei=00 pxy=16,144 e0=a01 p01 s00 xy16,144 spr00 cfg00 e1=a01 p00 s01 xy240,144
BP_init_player_1 pc=60C7 sp=F374 banks=0D/02/03 flow=01 screen=00 engine=00 screenEnt=01 active=01 input=01 render=01 hero=00 prt=01 pei=00 pxy=16,144 e0=a01 p01 s00 xy16,144 spr00 cfg00 e1=a01 p00 s01 xy240,144
BP_init_player_1 pc=60C7 sp=F374 banks=0D/02/03 flow=01 screen=00 engine=00 screenEnt=01 active=01 input=01 render=01 hero=00 prt=01 pei=00 pxy=16,144 e0=a01 p01 s00 xy16,144 spr00 cfg00 e1=a01 p00 s01 xy240,144
BP_init_player_1 pc=60C7 sp=F374 banks=0D/02/03 flow=01 screen=00 engine=00 screenEnt=01 active=01 input=01 render=01 hero=00 prt=01 pei=00 pxy=16,144 e0=a01 p01 s00 xy16,144 spr00 cfg00 e1=a01 p00 s01 xy240,144
BP_init_player_1 pc=60C7 sp=F374 banks=0D/02/03 flow=01 screen=00 engine=00 screenEnt=01 active=01 input=01 render=01 hero=00 prt=01 pei=00 pxy=16,144 e0=a01 p01 s00 xy16,144 spr00 cfg00 e1=a01 p00 s01 xy240,144
BP_init_player_1 pc=60C7 sp=F374 banks=0D/02/03 flow=01 screen=00 engine=00 screenEnt=01 active=01 input=01 render=01 hero=00 prt=01 pei=00 pxy=16,144 e0=a01 p01 s00 xy16,144 spr00 cfg00 e1=a01 p00 s01 xy240,144
BP_init_player_1 pc=60C7 sp=F374 banks=0D/02/03 flow=01 screen=00 engine=00 screenEnt=01 active=01 input=01 render=01 hero=00 prt=01 pei=00 pxy=16,144 e0=a01 p01 s00 xy16,144 spr00 cfg00 e1=a01 p00 s01 xy240,144
BP_init_player_1 pc=60C7 sp=F374 banks=0D/02/03 flow=01 screen=00 engine=00 screenEnt=01 active=01 input=01 render=01 hero=00 prt=01 pei=00 pxy=16,144 e0=a01 p01 s00 xy16,144 spr00 cfg00 e1=a01 p00 s01 xy240,144
BP_init_player_1 pc=60C7 sp=F374 banks=0D/02/03 flow=01 screen=00 engine=00 screenEnt=01 active=01 input=01 render=01 hero=00 prt=01 pei=00 pxy=16,144 e0=a01 p01 s00 xy16,144 spr00 cfg00 e1=a01 p00 s01 xy240,144
BP_init_player_1 pc=60C7 sp=F374 banks=0D/02/03 flow=01 screen=00 engine=00 screenEnt=01 active=01 input=01 render=01 hero=00 prt=01 pei=00 pxy=16,144 e0=a01 p01 s00 xy16,144 spr00 cfg00 e1=a01 p00 s01 xy240,144
BP_init_player_1 pc=60C7 sp=F374 banks=0D/02/03 flow=01 screen=00 engine=00 screenEnt=01 active=01 input=01 render=01 hero=00 prt=01 pei=00 pxy=16,144 e0=a01 p01 s00 xy16,144 spr00 cfg00 e1=a01 p00 s01 xy240,144
BP_init_player_1 pc=60C7 sp=F374 banks=0D/02/03 flow=01 screen=00 engine=00 screenEnt=01 active=01 input=01 render=01 hero=00 prt=01 pei=00 pxy=16,144 e0=a01 p01 s00 xy16,144 spr00 cfg00 e1=a01 p00 s01 xy240,144
BP_init_player_1 pc=60C7 sp=F374 banks=0D/02/03 flow=01 screen=00 engine=00 screenEnt=01 active=01 input=01 render=01 hero=00 prt=01 pei=00 pxy=16,144 e0=a01 p01 s00 xy16,144 spr00 cfg00 e1=a01 p00 s01 xy240,144
BP_init_player_1 pc=60C7 sp=F374 banks=0D/02/03 flow=01 screen=00 engine=00 screenEnt=01 active=01 input=01 render=01 hero=00 prt=01 pei=00 pxy=16,144 e0=a01 p01 s00 xy16,144 spr00 cfg00 e1=a01 p00 s01 xy240,144
BP_init_player_1 pc=60C7 sp=F374 banks=0D/02/03 flow=01 screen=00 engine=00 screenEnt=01 active=01 input=01 render=01 hero=00 prt=01 pei=00 pxy=16,144 e0=a01 p01 s00 xy16,144 spr00 cfg00 e1=a01 p00 s01 xy240,144
BP_init_player_1 pc=60C7 sp=F374 banks=0D/02/03 flow=01 screen=00 engine=00 screenEnt=01 active=01 input=01 render=01 hero=00 prt=01 pei=00 pxy=16,144 e0=a01 p01 s00 xy16,144 spr00 cfg00 e1=a01 p00 s01 xy240,144
BP_init_player_1 pc=60C7 sp=F374 banks=0D/02/03 flow=01 screen=00 engine=00 screenEnt=01 active=01 input=01 render=01 hero=00 prt=01 pei=00 pxy=16,144 e0=a01 p01 s00 xy16,144 spr00 cfg00 e1=a01 p00 s01 xy240,144
BP_init_player_1 pc=60C7 sp=F374 banks=0D/02/03 flow=01 screen=00 engine=00 screenEnt=01 active=01 input=01 render=01 hero=00 prt=01 pei=00 pxy=16,144 e0=a01 p01 s00 xy16,144 spr00 cfg00 e1=a01 p00 s01 xy240,144
BP_init_player_1 pc=60C7 sp=F374 banks=0D/02/03 flow=01 screen=00 engine=00 screenEnt=01 active=01 input=01 render=01 hero=00 prt=01 pei=00 pxy=16,144 e0=a01 p01 s00 xy16,144 spr00 cfg00 e1=a01 p00 s01 xy240,144
BP_init_player_1 pc=60C7 sp=F374 banks=0D/02/03 flow=01 screen=00 engine=00 screenEnt=01 active=01 input=01 render=01 hero=00 prt=01 pei=00 pxy=16,144 e0=a01 p01 s00 xy16,144 spr00 cfg00 e1=a01 p00 s01 xy240,144
BP_init_player_1 pc=60C7 sp=F374 banks=0D/02/03 flow=01 screen=00 engine=00 screenEnt=01 active=01 input=01 render=01 hero=00 prt=01 pei=00 pxy=16,144 e0=a01 p01 s00 xy16,144 spr00 cfg00 e1=a01 p00 s01 xy240,144
BP_init_player_1 pc=60C7 sp=F374 banks=0D/02/03 flow=01 screen=00 engine=00 screenEnt=01 active=01 input=01 render=01 hero=00 prt=01 pei=00 pxy=16,144 e0=a01 p01 s00 xy16,144 spr00 cfg00 e1=a01 p00 s01 xy240,144
BP_init_player_1 pc=60C7 sp=F374 banks=0D/02/03 flow=01 screen=00 engine=00 screenEnt=01 active=01 input=01 render=01 hero=00 prt=01 pei=00 pxy=16,144 e0=a01 p01 s00 xy16,144 spr00 cfg00 e1=a01 p00 s01 xy240,144
BP_init_player_1 pc=60C7 sp=F374 banks=0D/02/03 flow=01 screen=00 engine=00 screenEnt=01 active=01 input=01 render=01 hero=00 prt=01 pei=00 pxy=16,144 e0=a01 p01 s00 xy16,144 spr00 cfg00 e1=a01 p00 s01 xy240,144
BP_init_player_1 pc=60C7 sp=F374 banks=0D/02/03 flow=01 screen=00 engine=00 screenEnt=01 active=01 input=01 render=01 hero=00 prt=01 pei=00 pxy=16,144 e0=a01 p01 s00 xy16,144 spr00 cfg00 e1=a01 p00 s01 xy240,144
BP_init_player_1 pc=60C7 sp=F374 banks=0D/02/03 flow=01 screen=00 engine=00 screenEnt=01 active=01 input=01 render=01 hero=00 prt=01 pei=00 pxy=16,144 e0=a01 p01 s00 xy16,144 spr00 cfg00 e1=a01 p00 s01 xy240,144
BP_init_player_1 pc=60C7 sp=F374 banks=0D/02/03 flow=01 screen=00 engine=00 screenEnt=01 active=01 input=01 render=01 hero=00 prt=01 pei=00 pxy=16,144 e0=a01 p01 s00 xy16,144 spr00 cfg00 e1=a01 p00 s01 xy240,144
BP_init_player_1 pc=60C7 sp=F374 banks=0D/02/03 flow=01 screen=00 engine=00 screenEnt=01 active=01 input=01 render=01 hero=00 prt=01 pei=00 pxy=16,144 e0=a01 p01 s00 xy16,144 spr00 cfg00 e1=a01 p00 s01 xy240,144
BP_init_player_1 pc=60C7 sp=F374 banks=0D/02/03 flow=01 screen=00 engine=00 screenEnt=01 active=01 input=01 render=01 hero=00 prt=01 pei=00 pxy=16,144 e0=a01 p01 s00 xy16,144 spr00 cfg00 e1=a01 p00 s01 xy240,144
BP_init_player_1 pc=60C7 sp=F374 banks=0D/02/03 flow=01 screen=00 engine=00 screenEnt=01 active=01 input=01 render=01 hero=00 prt=01 pei=00 pxy=16,144 e0=a01 p01 s00 xy16,144 spr00 cfg00 e1=a01 p00 s01 xy240,144
BP_init_player_1 pc=60C7 sp=F374 banks=0D/02/03 flow=01 screen=00 engine=00 screenEnt=01 active=01 input=01 render=01 hero=00 prt=01 pei=00 pxy=16,144 e0=a01 p01 s00 xy16,144 spr00 cfg00 e1=a01 p00 s01 xy240,144
BP_init_player_1 pc=60C7 sp=F374 banks=0D/02/03 flow=01 screen=00 engine=00 screenEnt=01 active=01 input=01 render=01 hero=00 prt=01 pei=00 pxy=16,144 e0=a01 p01 s00 xy16,144 spr00 cfg00 e1=a01 p00 s01 xy240,144
BP_init_player_1 pc=60C7 sp=F374 banks=0D/02/03 flow=01 screen=00 engine=00 screenEnt=01 active=01 input=01 render=01 hero=00 prt=01 pei=00 pxy=16,144 e0=a01 p01 s00 xy16,144 spr00 cfg00 e1=a01 p00 s01 xy240,144
BP_init_player_1 pc=60C7 sp=F374 banks=0D/02/03 flow=01 screen=00 engine=00 screenEnt=01 active=01 input=01 render=01 hero=00 prt=01 pei=00 pxy=16,144 e0=a01 p01 s00 xy16,144 spr00 cfg00 e1=a01 p00 s01 xy240,144
BP_init_player_1 pc=60C7 sp=F374 banks=0D/02/03 flow=01 screen=00 engine=00 screenEnt=01 active=01 input=01 render=01 hero=00 prt=01 pei=00 pxy=16,144 e0=a01 p01 s00 xy16,144 spr00 cfg00 e1=a01 p00 s01 xy240,144
BP_init_player_1 pc=60C7 sp=F374 banks=0D/02/03 flow=01 screen=00 engine=00 screenEnt=01 active=01 input=01 render=01 hero=00 prt=01 pei=00 pxy=16,144 e0=a01 p01 s00 xy16,144 spr00 cfg00 e1=a01 p00 s01 xy240,144
BP_init_player_1 pc=60C7 sp=F374 banks=0D/02/03 flow=01 screen=00 engine=00 screenEnt=01 active=01 input=01 render=01 hero=00 prt=01 pei=00 pxy=16,144 e0=a01 p01 s00 xy16,144 spr00 cfg00 e1=a01 p00 s01 xy240,144
BP_init_player_1 pc=60C7 sp=F374 banks=0D/02/03 flow=01 screen=00 engine=00 screenEnt=01 active=01 input=01 render=01 hero=00 prt=01 pei=00 pxy=16,144 e0=a01 p01 s00 xy16,144 spr00 cfg00 e1=a01 p00 s01 xy240,144
BP_init_player_1 pc=60C7 sp=F374 banks=0D/02/03 flow=01 screen=00 engine=00 screenEnt=01 active=01 input=01 render=01 hero=00 prt=01 pei=00 pxy=16,144 e0=a01 p01 s00 xy16,144 spr00 cfg00 e1=a01 p00 s01 xy240,144
BP_init_player_1 pc=60C7 sp=F374 banks=0D/02/03 flow=01 screen=00 engine=00 screenEnt=01 active=01 input=01 render=01 hero=00 prt=01 pei=00 pxy=16,144 e0=a01 p01 s00 xy16,144 spr00 cfg00 e1=a01 p00 s01 xy240,144
BP_init_player_1 pc=60C7 sp=F374 banks=0D/02/03 flow=01 screen=00 engine=00 screenEnt=01 active=01 input=01 render=01 hero=00 prt=01 pei=00 pxy=16,144 e0=a01 p01 s00 xy16,144 spr00 cfg00 e1=a01 p00 s01 xy240,144
BP_init_player_1 pc=60C7 sp=F374 banks=0D/02/03 flow=01 screen=00 engine=00 screenEnt=01 active=01 input=01 render=01 hero=00 prt=01 pei=00 pxy=16,144 e0=a01 p01 s00 xy16,144 spr00 cfg00 e1=a01 p00 s01 xy240,144
BP_init_player_1 pc=60C7 sp=F374 banks=0D/02/03 flow=01 screen=00 engine=00 screenEnt=01 active=01 input=01 render=01 hero=00 prt=01 pei=00 pxy=16,144 e0=a01 p01 s00 xy16,144 spr00 cfg00 e1=a01 p00 s01 xy240,144
BP_init_player_1 pc=60C7 sp=F374 banks=0D/02/03 flow=01 screen=00 engine=00 screenEnt=01 active=01 input=01 render=01 hero=00 prt=01 pei=00 pxy=16,144 e0=a01 p01 s00 xy16,144 spr00 cfg00 e1=a01 p00 s01 xy240,144
BP_init_player_1 pc=60C7 sp=F374 banks=0D/02/03 flow=01 screen=00 engine=00 screenEnt=01 active=01 input=01 render=01 hero=00 prt=01 pei=00 pxy=16,144 e0=a01 p01 s00 xy16,144 spr00 cfg00 e1=a01 p00 s01 xy240,144
BP_init_player_1 pc=60C7 sp=F374 banks=0D/02/03 flow=01 screen=00 engine=00 screenEnt=01 active=01 input=01 render=01 hero=00 prt=01 pei=00 pxy=16,144 e0=a01 p01 s00 xy16,144 spr00 cfg00 e1=a01 p00 s01 xy240,144
BP_init_player_1 pc=60C7 sp=F374 banks=0D/02/03 flow=01 screen=00 engine=00 screenEnt=01 active=01 input=01 render=01 hero=00 prt=01 pei=00 pxy=16,144 e0=a01 p01 s00 xy16,144 spr00 cfg00 e1=a01 p00 s01 xy240,144
BP_init_player_1 pc=60C7 sp=F374 banks=0D/02/03 flow=01 screen=00 engine=00 screenEnt=01 active=01 input=01 render=01 hero=00 prt=01 pei=00 pxy=16,144 e0=a01 p01 s00 xy16,144 spr00 cfg00 e1=a01 p00 s01 xy240,144
BP_init_player_1 pc=60C7 sp=F374 banks=0D/02/03 flow=01 screen=00 engine=00 screenEnt=01 active=01 input=01 render=01 hero=00 prt=01 pei=00 pxy=16,144 e0=a01 p01 s00 xy16,144 spr00 cfg00 e1=a01 p00 s01 xy240,144
BP_init_player_1 pc=60C7 sp=F374 banks=0D/02/03 flow=01 screen=00 engine=00 screenEnt=01 active=01 input=01 render=01 hero=00 prt=01 pei=00 pxy=16,144 e0=a01 p01 s00 xy16,144 spr00 cfg00 e1=a01 p00 s01 xy240,144
BP_init_player_1 pc=60C7 sp=F374 banks=0D/02/03 flow=01 screen=00 engine=00 screenEnt=01 active=01 input=01 render=01 hero=00 prt=01 pei=00 pxy=16,144 e0=a01 p01 s00 xy16,144 spr00 cfg00 e1=a01 p00 s01 xy240,144
BP_init_player_1 pc=60C7 sp=F374 banks=0D/02/03 flow=01 screen=00 engine=00 screenEnt=01 active=01 input=01 render=01 hero=00 prt=01 pei=00 pxy=16,144 e0=a01 p01 s00 xy16,144 spr00 cfg00 e1=a01 p00 s01 xy240,144
BP_init_player_1 pc=60C7 sp=F374 banks=0D/02/03 flow=01 screen=00 engine=00 screenEnt=01 active=01 input=01 render=01 hero=00 prt=01 pei=00 pxy=16,144 e0=a01 p01 s00 xy16,144 spr00 cfg00 e1=a01 p00 s01 xy240,144
BP_init_player_1 pc=60C7 sp=F374 banks=0D/02/03 flow=01 screen=00 engine=00 screenEnt=01 active=01 input=01 render=01 hero=00 prt=01 pei=00 pxy=16,144 e0=a01 p01 s00 xy16,144 spr00 cfg00 e1=a01 p00 s01 xy240,144
BP_init_player_1 pc=60C7 sp=F374 banks=0D/02/03 flow=01 screen=00 engine=00 screenEnt=01 active=01 input=01 render=01 hero=00 prt=01 pei=00 pxy=16,144 e0=a01 p01 s00 xy16,144 spr00 cfg00 e1=a01 p00 s01 xy240,144
BP_init_player_1 pc=60C7 sp=F374 banks=0D/02/03 flow=01 screen=00 engine=00 screenEnt=01 active=01 input=01 render=01 hero=00 prt=01 pei=00 pxy=16,144 e0=a01 p01 s00 xy16,144 spr00 cfg00 e1=a01 p00 s01 xy240,144
BP_init_player_1 pc=60C7 sp=F374 banks=0D/02/03 flow=01 screen=00 engine=00 screenEnt=01 active=01 input=01 render=01 hero=00 prt=01 pei=00 pxy=16,144 e0=a01 p01 s00 xy16,144 spr00 cfg00 e1=a01 p00 s01 xy240,144
BP_init_player_1 pc=60C7 sp=F374 banks=0D/02/03 flow=01 screen=00 engine=00 screenEnt=01 active=01 input=01 render=01 hero=00 prt=01 pei=00 pxy=16,144 e0=a01 p01 s00 xy16,144 spr00 cfg00 e1=a01 p00 s01 xy240,144
BP_init_player_1 pc=60C7 sp=F374 banks=0D/02/03 flow=01 screen=00 engine=00 screenEnt=01 active=01 input=01 render=01 hero=00 prt=01 pei=00 pxy=16,144 e0=a01 p01 s00 xy16,144 spr00 cfg00 e1=a01 p00 s01 xy240,144
BP_init_player_1 pc=60C7 sp=F374 banks=0D/02/03 flow=01 screen=00 engine=00 screenEnt=01 active=01 input=01 render=01 hero=00 prt=01 pei=00 pxy=16,144 e0=a01 p01 s00 xy16,144 spr00 cfg00 e1=a01 p00 s01 xy240,144
BP_init_player_1 pc=60C7 sp=F374 banks=0D/02/03 flow=01 screen=00 engine=00 screenEnt=01 active=01 input=01 render=01 hero=00 prt=01 pei=00 pxy=16,144 e0=a01 p01 s00 xy16,144 spr00 cfg00 e1=a01 p00 s01 xy240,144
BP_init_player_1 pc=60C7 sp=F374 banks=0D/02/03 flow=01 screen=00 engine=00 screenEnt=01 active=01 input=01 render=01 hero=00 prt=01 pei=00 pxy=16,144 e0=a01 p01 s00 xy16,144 spr00 cfg00 e1=a01 p00 s01 xy240,144
BP_init_player_1 pc=60C7 sp=F374 banks=0D/02/03 flow=01 screen=00 engine=00 screenEnt=01 active=01 input=01 render=01 hero=00 prt=01 pei=00 pxy=16,144 e0=a01 p01 s00 xy16,144 spr00 cfg00 e1=a01 p00 s01 xy240,144
BP_init_player_1 pc=60C7 sp=F374 banks=0D/02/03 flow=01 screen=00 engine=00 screenEnt=01 active=01 input=01 render=01 hero=00 prt=01 pei=00 pxy=16,144 e0=a01 p01 s00 xy16,144 spr00 cfg00 e1=a01 p00 s01 xy240,144
BP_init_player_1 pc=60C7 sp=F374 banks=0D/02/03 flow=01 screen=00 engine=00 screenEnt=01 active=01 input=01 render=01 hero=00 prt=01 pei=00 pxy=16,144 e0=a01 p01 s00 xy16,144 spr00 cfg00 e1=a01 p00 s01 xy240,144
BP_init_player_1 pc=60C7 sp=F374 banks=0D/02/03 flow=01 screen=00 engine=00 screenEnt=01 active=01 input=01 render=01 hero=00 prt=01 pei=00 pxy=16,144 e0=a01 p01 s00 xy16,144 spr00 cfg00 e1=a01 p00 s01 xy240,144
BP_init_player_1 pc=60C7 sp=F374 banks=0D/02/03 flow=01 screen=00 engine=00 screenEnt=01 active=01 input=01 render=01 hero=00 prt=01 pei=00 pxy=16,144 e0=a01 p01 s00 xy16,144 spr00 cfg00 e1=a01 p00 s01 xy240,144
BP_init_player_1 pc=60C7 sp=F374 banks=0D/02/03 flow=01 screen=00 engine=00 screenEnt=01 active=01 input=01 render=01 hero=00 prt=01 pei=00 pxy=16,144 e0=a01 p01 s00 xy16,144 spr00 cfg00 e1=a01 p00 s01 xy240,144
BP_init_player_1 pc=60C7 sp=F374 banks=0D/02/03 flow=01 screen=00 engine=00 screenEnt=01 active=01 input=01 render=01 hero=00 prt=01 pei=00 pxy=16,144 e0=a01 p01 s00 xy16,144 spr00 cfg00 e1=a01 p00 s01 xy240,144
BP_init_player_1 pc=60C7 sp=F374 banks=0D/02/03 flow=01 screen=00 engine=00 screenEnt=01 active=01 input=01 render=01 hero=00 prt=01 pei=00 pxy=16,144 e0=a01 p01 s00 xy16,144 spr00 cfg00 e1=a01 p00 s01 xy240,144
BP_init_player_1 pc=60C7 sp=F374 banks=0D/02/03 flow=01 screen=00 engine=00 screenEnt=01 active=01 input=01 render=01 hero=00 prt=01 pei=00 pxy=16,144 e0=a01 p01 s00 xy16,144 spr00 cfg00 e1=a01 p00 s01 xy240,144
BP_init_player_1 pc=60C7 sp=F374 banks=0D/02/03 flow=01 screen=00 engine=00 screenEnt=01 active=01 input=01 render=01 hero=00 prt=01 pei=00 pxy=16,144 e0=a01 p01 s00 xy16,144 spr00 cfg00 e1=a01 p00 s01 xy240,144
BP_init_player_1 pc=60C7 sp=F374 banks=0D/02/03 flow=01 screen=00 engine=00 screenEnt=01 active=01 input=01 render=01 hero=00 prt=01 pei=00 pxy=16,144 e0=a01 p01 s00 xy16,144 spr00 cfg00 e1=a01 p00 s01 xy240,144
BP_init_player_1 pc=60C7 sp=F374 banks=0D/02/03 flow=01 screen=00 engine=00 screenEnt=01 active=01 input=01 render=01 hero=00 prt=01 pei=00 pxy=16,144 e0=a01 p01 s00 xy16,144 spr00 cfg00 e1=a01 p00 s01 xy240,144
BP_init_player_1 pc=60C7 sp=F374 banks=0D/02/03 flow=01 screen=00 engine=00 screenEnt=01 active=01 input=01 render=01 hero=00 prt=01 pei=00 pxy=16,144 e0=a01 p01 s00 xy16,144 spr00 cfg00 e1=a01 p00 s01 xy240,144
BP_init_player_1 pc=60C7 sp=F374 banks=0D/02/03 flow=01 screen=00 engine=00 screenEnt=01 active=01 input=01 render=01 hero=00 prt=01 pei=00 pxy=16,144 e0=a01 p01 s00 xy16,144 spr00 cfg00 e1=a01 p00 s01 xy240,144
BP_init_player_1 pc=60C7 sp=F374 banks=0D/02/03 flow=01 screen=00 engine=00 screenEnt=01 active=01 input=01 render=01 hero=00 prt=01 pei=00 pxy=16,144 e0=a01 p01 s00 xy16,144 spr00 cfg00 e1=a01 p00 s01 xy240,144
BP_init_player_1 pc=60C7 sp=F374 banks=0D/02/03 flow=01 screen=00 engine=00 screenEnt=01 active=01 input=01 render=01 hero=00 prt=01 pei=00 pxy=16,144 e0=a01 p01 s00 xy16,144 spr00 cfg00 e1=a01 p00 s01 xy240,144
BP_init_player_1 pc=60C7 sp=F374 banks=0D/02/03 flow=01 screen=00 engine=00 screenEnt=01 active=01 input=01 render=01 hero=00 prt=01 pei=00 pxy=16,144 e0=a01 p01 s00 xy16,144 spr00 cfg00 e1=a01 p00 s01 xy240,144
BP_init_player_1 pc=60C7 sp=F374 banks=0D/02/03 flow=01 screen=00 engine=00 screenEnt=01 active=01 input=01 render=01 hero=00 prt=01 pei=00 pxy=16,144 e0=a01 p01 s00 xy16,144 spr00 cfg00 e1=a01 p00 s01 xy240,144
BP_init_player_1 pc=60C7 sp=F374 banks=0D/02/03 flow=01 screen=00 engine=00 screenEnt=01 active=01 input=01 render=01 hero=00 prt=01 pei=00 pxy=16,144 e0=a01 p01 s00 xy16,144 spr00 cfg00 e1=a01 p00 s01 xy240,144
BP_init_player_1 pc=60C7 sp=F374 banks=0D/02/03 flow=01 screen=00 engine=00 screenEnt=01 active=01 input=01 render=01 hero=00 prt=01 pei=00 pxy=16,144 e0=a01 p01 s00 xy16,144 spr00 cfg00 e1=a01 p00 s01 xy240,144
BP_init_player_1 pc=60C7 sp=F374 banks=0D/02/03 flow=01 screen=00 engine=00 screenEnt=01 active=01 input=01 render=01 hero=00 prt=01 pei=00 pxy=16,144 e0=a01 p01 s00 xy16,144 spr00 cfg00 e1=a01 p00 s01 xy240,144
BP_init_player_1 pc=60C7 sp=F374 banks=0D/02/03 flow=01 screen=00 engine=00 screenEnt=01 active=01 input=01 render=01 hero=00 prt=01 pei=00 pxy=16,144 e0=a01 p01 s00 xy16,144 spr00 cfg00 e1=a01 p00 s01 xy240,144
BP_init_player_1 pc=60C7 sp=F374 banks=0D/02/03 flow=01 screen=00 engine=00 screenEnt=01 active=01 input=01 render=01 hero=00 prt=01 pei=00 pxy=16,144 e0=a01 p01 s00 xy16,144 spr00 cfg00 e1=a01 p00 s01 xy240,144
BP_init_player_1 pc=60C7 sp=F374 banks=0D/02/03 flow=01 screen=00 engine=00 screenEnt=01 active=01 input=01 render=01 hero=00 prt=01 pei=00 pxy=16,144 e0=a01 p01 s00 xy16,144 spr00 cfg00 e1=a01 p00 s01 xy240,144
BP_init_player_1 pc=60C7 sp=F374 banks=0D/02/03 flow=01 screen=00 engine=00 screenEnt=01 active=01 input=01 render=01 hero=00 prt=01 pei=00 pxy=16,144 e0=a01 p01 s00 xy16,144 spr00 cfg00 e1=a01 p00 s01 xy240,144
BP_init_player_1 pc=60C7 sp=F374 banks=0D/02/03 flow=01 screen=00 engine=00 screenEnt=01 active=01 input=01 render=01 hero=00 prt=01 pei=00 pxy=16,144 e0=a01 p01 s00 xy16,144 spr00 cfg00 e1=a01 p00 s01 xy240,144
BP_init_player_1 pc=60C7 sp=F374 banks=0D/02/03 flow=01 screen=00 engine=00 screenEnt=01 active=01 input=01 render=01 hero=00 prt=01 pei=00 pxy=16,144 e0=a01 p01 s00 xy16,144 spr00 cfg00 e1=a01 p00 s01 xy240,144
BP_init_player_1 pc=60C7 sp=F374 banks=0D/02/03 flow=01 screen=00 engine=00 screenEnt=01 active=01 input=01 render=01 hero=00 prt=01 pei=00 pxy=16,144 e0=a01 p01 s00 xy16,144 spr00 cfg00 e1=a01 p00 s01 xy240,144
BP_init_player_1 pc=60C7 sp=F374 banks=0D/02/03 flow=01 screen=00 engine=00 screenEnt=01 active=01 input=01 render=01 hero=00 prt=01 pei=00 pxy=16,144 e0=a01 p01 s00 xy16,144 spr00 cfg00 e1=a01 p00 s01 xy240,144
BP_init_player_1 pc=60C7 sp=F374 banks=0D/02/03 flow=01 screen=00 engine=00 screenEnt=01 active=01 input=01 render=01 hero=00 prt=01 pei=00 pxy=16,144 e0=a01 p01 s00 xy16,144 spr00 cfg00 e1=a01 p00 s01 xy240,144
BP_init_player_1 pc=60C7 sp=F374 banks=0D/02/03 flow=01 screen=00 engine=00 screenEnt=01 active=01 input=01 render=01 hero=00 prt=01 pei=00 pxy=16,144 e0=a01 p01 s00 xy16,144 spr00 cfg00 e1=a01 p00 s01 xy240,144
BP_init_player_1 pc=60C7 sp=F374 banks=0D/02/03 flow=01 screen=00 engine=00 screenEnt=01 active=01 input=01 render=01 hero=00 prt=01 pei=00 pxy=16,144 e0=a01 p01 s00 xy16,144 spr00 cfg00 e1=a01 p00 s01 xy240,144
BP_init_player_1 pc=60C7 sp=F374 banks=0D/02/03 flow=01 screen=00 engine=00 screenEnt=01 active=01 input=01 render=01 hero=00 prt=01 pei=00 pxy=16,144 e0=a01 p01 s00 xy16,144 spr00 cfg00 e1=a01 p00 s01 xy240,144
BP_init_player_1 pc=60C7 sp=F374 banks=0D/02/03 flow=01 screen=00 engine=00 screenEnt=01 active=01 input=01 render=01 hero=00 prt=01 pei=00 pxy=16,144 e0=a01 p01 s00 xy16,144 spr00 cfg00 e1=a01 p00 s01 xy240,144
BP_init_player_1 pc=60C7 sp=F374 banks=0D/02/03 flow=01 screen=00 engine=00 screenEnt=01 active=01 input=01 render=01 hero=00 prt=01 pei=00 pxy=16,144 e0=a01 p01 s00 xy16,144 spr00 cfg00 e1=a01 p00 s01 xy240,144
BP_init_player_1 pc=60C7 sp=F374 banks=0D/02/03 flow=01 screen=00 engine=00 screenEnt=01 active=01 input=01 render=01 hero=00 prt=01 pei=00 pxy=16,144 e0=a01 p01 s00 xy16,144 spr00 cfg00 e1=a01 p00 s01 xy240,144
BP_init_player_1 pc=60C7 sp=F374 banks=0D/02/03 flow=01 screen=00 engine=00 screenEnt=01 active=01 input=01 render=01 hero=00 prt=01 pei=00 pxy=16,144 e0=a01 p01 s00 xy16,144 spr00 cfg00 e1=a01 p00 s01 xy240,144
BP_init_player_1 pc=60C7 sp=F374 banks=0D/02/03 flow=01 screen=00 engine=00 screenEnt=01 active=01 input=01 render=01 hero=00 prt=01 pei=00 pxy=16,144 e0=a01 p01 s00 xy16,144 spr00 cfg00 e1=a01 p00 s01 xy240,144
BP_init_player_1 pc=60C7 sp=F374 banks=0D/02/03 flow=01 screen=00 engine=00 screenEnt=01 active=01 input=01 render=01 hero=00 prt=01 pei=00 pxy=16,144 e0=a01 p01 s00 xy16,144 spr00 cfg00 e1=a01 p00 s01 xy240,144
BP_init_player_1 pc=60C7 sp=F374 banks=0D/02/03 flow=01 screen=00 engine=00 screenEnt=01 active=01 input=01 render=01 hero=00 prt=01 pei=00 pxy=16,144 e0=a01 p01 s00 xy16,144 spr00 cfg00 e1=a01 p00 s01 xy240,144
BP_init_player_1 pc=60C7 sp=F374 banks=0D/02/03 flow=01 screen=00 engine=00 screenEnt=01 active=01 input=01 render=01 hero=00 prt=01 pei=00 pxy=16,144 e0=a01 p01 s00 xy16,144 spr00 cfg00 e1=a01 p00 s01 xy240,144
BP_init_player_1 pc=60C7 sp=F374 banks=0D/02/03 flow=01 screen=00 engine=00 screenEnt=01 active=01 input=01 render=01 hero=00 prt=01 pei=00 pxy=16,144 e0=a01 p01 s00 xy16,144 spr00 cfg00 e1=a01 p00 s01 xy240,144
BP_init_player_1 pc=60C7 sp=F374 banks=0D/02/03 flow=01 screen=00 engine=00 screenEnt=01 active=01 input=01 render=01 hero=00 prt=01 pei=00 pxy=16,144 e0=a01 p01 s00 xy16,144 spr00 cfg00 e1=a01 p00 s01 xy240,144
BP_init_player_1 pc=60C7 sp=F374 banks=0D/02/03 flow=01 screen=00 engine=00 screenEnt=01 active=01 input=01 render=01 hero=00 prt=01 pei=00 pxy=16,144 e0=a01 p01 s00 xy16,144 spr00 cfg00 e1=a01 p00 s01 xy240,144
BP_init_player_1 pc=60C7 sp=F374 banks=0D/02/03 flow=01 screen=00 engine=00 screenEnt=01 active=01 input=01 render=01 hero=00 prt=01 pei=00 pxy=16,144 e0=a01 p01 s00 xy16,144 spr00 cfg00 e1=a01 p00 s01 xy240,144
BP_init_player_1 pc=60C7 sp=F374 banks=0D/02/03 flow=01 screen=00 engine=00 screenEnt=01 active=01 input=01 render=01 hero=00 prt=01 pei=00 pxy=16,144 e0=a01 p01 s00 xy16,144 spr00 cfg00 e1=a01 p00 s01 xy240,144
BP_init_player_1 pc=60C7 sp=F374 banks=0D/02/03 flow=01 screen=00 engine=00 screenEnt=01 active=01 input=01 render=01 hero=00 prt=01 pei=00 pxy=16,144 e0=a01 p01 s00 xy16,144 spr00 cfg00 e1=a01 p00 s01 xy240,144
space2_before pc=77C7 sp=F372 banks=01/02/03 flow=01 screen=00 engine=00 screenEnt=01 active=01 input=01 render=01 hero=00 prt=01 pei=00 pxy=16,144 e0=a01 p01 s00 xy16,144 spr00 cfg00 e1=a01 p00 s01 xy240,144
BP_init_player_1 pc=60C7 sp=F374 banks=0D/02/03 flow=01 screen=00 engine=00 screenEnt=01 active=01 input=01 render=01 hero=00 prt=01 pei=00 pxy=16,144 e0=a01 p01 s00 xy16,144 spr00 cfg00 e1=a01 p00 s01 xy240,144
BP_init_player_1 pc=60C7 sp=F374 banks=0D/02/03 flow=01 screen=00 engine=00 screenEnt=01 active=01 input=01 render=01 hero=00 prt=01 pei=00 pxy=16,140 e0=a01 p01 s00 xy16,140 spr00 cfg00 e1=a01 p00 s01 xy240,144
BP_init_player_1 pc=60C7 sp=F374 banks=0D/02/03 flow=01 screen=00 engine=00 screenEnt=01 active=01 input=01 render=01 hero=00 prt=01 pei=00 pxy=16,136 e0=a01 p01 s00 xy16,136 spr00 cfg00 e1=a01 p00 s01 xy240,144
BP_init_player_1 pc=60C7 sp=F374 banks=0D/02/03 flow=01 screen=00 engine=00 screenEnt=01 active=01 input=01 render=01 hero=00 prt=01 pei=00 pxy=16,132 e0=a01 p01 s00 xy16,132 spr00 cfg00 e1=a01 p00 s01 xy240,144
BP_init_player_1 pc=60C7 sp=F374 banks=0D/02/03 flow=01 screen=00 engine=00 screenEnt=01 active=01 input=01 render=01 hero=00 prt=01 pei=00 pxy=16,129 e0=a01 p01 s00 xy16,129 spr00 cfg00 e1=a01 p00 s01 xy240,144
BP_init_player_1 pc=60C7 sp=F374 banks=0D/02/03 flow=01 screen=00 engine=00 screenEnt=01 active=01 input=01 render=01 hero=00 prt=01 pei=00 pxy=16,126 e0=a01 p01 s00 xy16,126 spr00 cfg00 e1=a01 p00 s01 xy240,144
BP_init_player_1 pc=60C7 sp=F374 banks=0D/02/03 flow=01 screen=00 engine=00 screenEnt=01 active=01 input=01 render=01 hero=00 prt=01 pei=00 pxy=16,123 e0=a01 p01 s00 xy16,123 spr00 cfg00 e1=a01 p00 s01 xy240,144
BP_init_player_1 pc=60C7 sp=F374 banks=0D/02/03 flow=01 screen=00 engine=00 screenEnt=01 active=01 input=01 render=01 hero=00 prt=01 pei=00 pxy=16,120 e0=a01 p01 s00 xy16,120 spr00 cfg00 e1=a01 p00 s01 xy240,144
BP_init_player_1 pc=60C7 sp=F374 banks=0D/02/03 flow=01 screen=00 engine=00 screenEnt=01 active=01 input=01 render=01 hero=00 prt=01 pei=00 pxy=16,118 e0=a01 p01 s00 xy16,118 spr00 cfg00 e1=a01 p00 s01 xy240,144
BP_init_player_1 pc=60C7 sp=F374 banks=0D/02/03 flow=01 screen=00 engine=00 screenEnt=01 active=01 input=01 render=01 hero=00 prt=01 pei=00 pxy=16,116 e0=a01 p01 s00 xy16,116 spr00 cfg00 e1=a01 p00 s01 xy240,144
BP_init_player_1 pc=60C7 sp=F374 banks=0D/02/03 flow=01 screen=00 engine=00 screenEnt=01 active=01 input=01 render=01 hero=00 prt=01 pei=00 pxy=16,114 e0=a01 p01 s00 xy16,114 spr00 cfg00 e1=a01 p00 s01 xy240,144
BP_init_player_1 pc=60C7 sp=F374 banks=0D/02/03 flow=01 screen=00 engine=00 screenEnt=01 active=01 input=01 render=01 hero=00 prt=01 pei=00 pxy=16,112 e0=a01 p01 s00 xy16,112 spr00 cfg00 e1=a01 p00 s01 xy240,144
BP_init_player_1 pc=60C7 sp=F374 banks=0D/02/03 flow=01 screen=00 engine=00 screenEnt=01 active=01 input=01 render=01 hero=00 prt=01 pei=00 pxy=16,111 e0=a01 p01 s00 xy16,111 spr00 cfg00 e1=a01 p00 s01 xy240,144
BP_init_player_1 pc=60C7 sp=F374 banks=0D/02/03 flow=01 screen=00 engine=00 screenEnt=01 active=01 input=01 render=01 hero=00 prt=01 pei=00 pxy=16,110 e0=a01 p01 s00 xy16,110 spr00 cfg00 e1=a01 p00 s01 xy240,144
BP_init_player_1 pc=60C7 sp=F374 banks=0D/02/03 flow=01 screen=00 engine=00 screenEnt=01 active=01 input=01 render=01 hero=00 prt=01 pei=00 pxy=16,109 e0=a01 p01 s00 xy16,109 spr00 cfg00 e1=a01 p00 s01 xy240,144
space2_after pc=18F9 sp=F36E banks=01/02/03 flow=01 screen=00 engine=00 screenEnt=01 active=01 input=01 render=01 hero=00 prt=01 pei=00 pxy=16,109 e0=a01 p01 s00 xy16,109 spr00 cfg00 e1=a01 p00 s01 xy240,144
BP_init_player_1 pc=60C7 sp=F374 banks=0D/02/03 flow=01 screen=00 engine=00 screenEnt=01 active=01 input=01 render=01 hero=00 prt=01 pei=00 pxy=16,108 e0=a01 p01 s00 xy16,108 spr00 cfg00 e1=a01 p00 s01 xy240,144
BP_init_player_1 pc=60C7 sp=F374 banks=0D/02/03 flow=01 screen=00 engine=00 screenEnt=01 active=01 input=01 render=01 hero=00 prt=01 pei=00 pxy=16,108 e0=a01 p01 s00 xy16,108 spr00 cfg00 e1=a01 p00 s01 xy240,144
BP_init_player_1 pc=60C7 sp=F374 banks=0D/02/03 flow=01 screen=00 engine=00 screenEnt=01 active=01 input=01 render=01 hero=00 prt=01 pei=00 pxy=16,108 e0=a01 p01 s00 xy16,108 spr00 cfg00 e1=a01 p00 s01 xy240,144
BP_init_player_1 pc=60C7 sp=F374 banks=0D/02/03 flow=01 screen=00 engine=00 screenEnt=01 active=01 input=01 render=01 hero=00 prt=01 pei=00 pxy=16,108 e0=a01 p01 s00 xy16,108 spr00 cfg00 e1=a01 p00 s01 xy240,144
BP_init_player_1 pc=60C7 sp=F374 banks=0D/02/03 flow=01 screen=00 engine=00 screenEnt=01 active=01 input=01 render=01 hero=00 prt=01 pei=00 pxy=16,108 e0=a01 p01 s00 xy16,108 spr00 cfg00 e1=a01 p00 s01 xy240,144
BP_init_player_1 pc=60C7 sp=F374 banks=0D/02/03 flow=01 screen=00 engine=00 screenEnt=01 active=01 input=01 render=01 hero=00 prt=01 pei=00 pxy=16,109 e0=a01 p01 s00 xy16,109 spr00 cfg00 e1=a01 p00 s01 xy240,144
BP_init_player_1 pc=60C7 sp=F374 banks=0D/02/03 flow=01 screen=00 engine=00 screenEnt=01 active=01 input=01 render=01 hero=00 prt=01 pei=00 pxy=16,110 e0=a01 p01 s00 xy16,110 spr00 cfg00 e1=a01 p00 s01 xy240,144
BP_init_player_1 pc=60C7 sp=F374 banks=0D/02/03 flow=01 screen=00 engine=00 screenEnt=01 active=01 input=01 render=01 hero=00 prt=01 pei=00 pxy=16,111 e0=a01 p01 s00 xy16,111 spr00 cfg00 e1=a01 p00 s01 xy240,144
BP_init_player_1 pc=60C7 sp=F374 banks=0D/02/03 flow=01 screen=00 engine=00 screenEnt=01 active=01 input=01 render=01 hero=00 prt=01 pei=00 pxy=16,112 e0=a01 p01 s00 xy16,112 spr00 cfg00 e1=a01 p00 s01 xy240,144
BP_init_player_1 pc=60C7 sp=F374 banks=0D/02/03 flow=01 screen=00 engine=00 screenEnt=01 active=01 input=01 render=01 hero=00 prt=01 pei=00 pxy=16,114 e0=a01 p01 s00 xy16,114 spr00 cfg00 e1=a01 p00 s01 xy240,144
BP_init_player_1 pc=60C7 sp=F374 banks=0D/02/03 flow=01 screen=00 engine=00 screenEnt=01 active=01 input=01 render=01 hero=00 prt=01 pei=00 pxy=16,116 e0=a01 p01 s00 xy16,116 spr00 cfg00 e1=a01 p00 s01 xy240,144
BP_init_player_1 pc=60C7 sp=F374 banks=0D/02/03 flow=01 screen=00 engine=00 screenEnt=01 active=01 input=01 render=01 hero=00 prt=01 pei=00 pxy=16,118 e0=a01 p01 s00 xy16,118 spr00 cfg00 e1=a01 p00 s01 xy240,144
BP_init_player_1 pc=60C7 sp=F374 banks=0D/02/03 flow=01 screen=00 engine=00 screenEnt=01 active=01 input=01 render=01 hero=00 prt=01 pei=00 pxy=16,120 e0=a01 p01 s00 xy16,120 spr00 cfg00 e1=a01 p00 s01 xy240,144
BP_init_player_1 pc=60C7 sp=F374 banks=0D/02/03 flow=01 screen=00 engine=00 screenEnt=01 active=01 input=01 render=01 hero=00 prt=01 pei=00 pxy=16,123 e0=a01 p01 s00 xy16,123 spr00 cfg00 e1=a01 p00 s01 xy240,144
BP_init_player_1 pc=60C7 sp=F374 banks=0D/02/03 flow=01 screen=00 engine=00 screenEnt=01 active=01 input=01 render=01 hero=00 prt=01 pei=00 pxy=16,126 e0=a01 p01 s00 xy16,126 spr00 cfg00 e1=a01 p00 s01 xy240,144
BP_init_player_1 pc=60C7 sp=F374 banks=0D/02/03 flow=01 screen=00 engine=00 screenEnt=01 active=01 input=01 render=01 hero=00 prt=01 pei=00 pxy=16,129 e0=a01 p01 s00 xy16,129 spr00 cfg00 e1=a01 p00 s01 xy240,144
BP_init_player_1 pc=60C7 sp=F374 banks=0D/02/03 flow=01 screen=00 engine=00 screenEnt=01 active=01 input=01 render=01 hero=00 prt=01 pei=00 pxy=16,132 e0=a01 p01 s00 xy16,132 spr00 cfg00 e1=a01 p00 s01 xy240,144
BP_init_player_1 pc=60C7 sp=F374 banks=0D/02/03 flow=01 screen=00 engine=00 screenEnt=01 active=01 input=01 render=01 hero=00 prt=01 pei=00 pxy=16,136 e0=a01 p01 s00 xy16,136 spr00 cfg00 e1=a01 p00 s01 xy240,144
BP_init_player_1 pc=60C7 sp=F374 banks=0D/02/03 flow=01 screen=00 engine=00 screenEnt=01 active=01 input=01 render=01 hero=00 prt=01 pei=00 pxy=16,140 e0=a01 p01 s00 xy16,140 spr00 cfg00 e1=a01 p00 s01 xy240,144
BP_init_player_1 pc=60C7 sp=F374 banks=0D/02/03 flow=01 screen=00 engine=00 screenEnt=01 active=01 input=01 render=01 hero=00 prt=01 pei=00 pxy=16,144 e0=a01 p01 s00 xy16,144 spr00 cfg00 e1=a01 p00 s01 xy240,144
BP_init_player_1 pc=60C7 sp=F374 banks=0D/02/03 flow=01 screen=00 engine=00 screenEnt=01 active=01 input=01 render=01 hero=00 prt=01 pei=00 pxy=16,144 e0=a01 p01 s00 xy16,144 spr00 cfg00 e1=a01 p00 s01 xy240,144
BP_init_player_1 pc=60C7 sp=F374 banks=0D/02/03 flow=01 screen=00 engine=00 screenEnt=01 active=01 input=01 render=01 hero=00 prt=01 pei=00 pxy=16,144 e0=a01 p01 s00 xy16,144 spr00 cfg00 e1=a01 p00 s01 xy240,144
BP_init_player_1 pc=60C7 sp=F374 banks=0D/02/03 flow=01 screen=00 engine=00 screenEnt=01 active=01 input=01 render=01 hero=00 prt=01 pei=00 pxy=16,144 e0=a01 p01 s00 xy16,144 spr00 cfg00 e1=a01 p00 s01 xy240,144
BP_init_player_1 pc=60C7 sp=F374 banks=0D/02/03 flow=01 screen=00 engine=00 screenEnt=01 active=01 input=01 render=01 hero=00 prt=01 pei=00 pxy=16,144 e0=a01 p01 s00 xy16,144 spr00 cfg00 e1=a01 p00 s01 xy240,144
BP_init_player_1 pc=60C7 sp=F374 banks=0D/02/03 flow=01 screen=00 engine=00 screenEnt=01 active=01 input=01 render=01 hero=00 prt=01 pei=00 pxy=16,144 e0=a01 p01 s00 xy16,144 spr00 cfg00 e1=a01 p00 s01 xy240,144
BP_init_player_1 pc=60C7 sp=F374 banks=0D/02/03 flow=01 screen=00 engine=00 screenEnt=01 active=01 input=01 render=01 hero=00 prt=01 pei=00 pxy=16,144 e0=a01 p01 s00 xy16,144 spr00 cfg00 e1=a01 p00 s01 xy240,144
BP_init_player_1 pc=60C7 sp=F374 banks=0D/02/03 flow=01 screen=00 engine=00 screenEnt=01 active=01 input=01 render=01 hero=00 prt=01 pei=00 pxy=16,144 e0=a01 p01 s00 xy16,144 spr00 cfg00 e1=a01 p00 s01 xy240,144
BP_init_player_1 pc=60C7 sp=F374 banks=0D/02/03 flow=01 screen=00 engine=00 screenEnt=01 active=01 input=01 render=01 hero=00 prt=01 pei=00 pxy=16,144 e0=a01 p01 s00 xy16,144 spr00 cfg00 e1=a01 p00 s01 xy240,144
BP_init_player_1 pc=60C7 sp=F374 banks=0D/02/03 flow=01 screen=00 engine=00 screenEnt=01 active=01 input=01 render=01 hero=00 prt=01 pei=00 pxy=16,144 e0=a01 p01 s00 xy16,144 spr00 cfg00 e1=a01 p00 s01 xy240,144
BP_init_player_1 pc=60C7 sp=F374 banks=0D/02/03 flow=01 screen=00 engine=00 screenEnt=01 active=01 input=01 render=01 hero=00 prt=01 pei=00 pxy=16,144 e0=a01 p01 s00 xy16,144 spr00 cfg00 e1=a01 p00 s01 xy240,144
BP_init_player_1 pc=60C7 sp=F374 banks=0D/02/03 flow=01 screen=00 engine=00 screenEnt=01 active=01 input=01 render=01 hero=00 prt=01 pei=00 pxy=16,144 e0=a01 p01 s00 xy16,144 spr00 cfg00 e1=a01 p00 s01 xy240,144
BP_init_player_1 pc=60C7 sp=F374 banks=0D/02/03 flow=01 screen=00 engine=00 screenEnt=01 active=01 input=01 render=01 hero=00 prt=01 pei=00 pxy=16,144 e0=a01 p01 s00 xy16,144 spr00 cfg00 e1=a01 p00 s01 xy240,144
BP_init_player_1 pc=60C7 sp=F374 banks=0D/02/03 flow=01 screen=00 engine=00 screenEnt=01 active=01 input=01 render=01 hero=00 prt=01 pei=00 pxy=16,144 e0=a01 p01 s00 xy16,144 spr00 cfg00 e1=a01 p00 s01 xy240,144
BP_init_player_1 pc=60C7 sp=F374 banks=0D/02/03 flow=01 screen=00 engine=00 screenEnt=01 active=01 input=01 render=01 hero=00 prt=01 pei=00 pxy=16,144 e0=a01 p01 s00 xy16,144 spr00 cfg00 e1=a01 p00 s01 xy240,144
BP_init_player_1 pc=60C7 sp=F374 banks=0D/02/03 flow=01 screen=00 engine=00 screenEnt=01 active=01 input=01 render=01 hero=00 prt=01 pei=00 pxy=16,144 e0=a01 p01 s00 xy16,144 spr00 cfg00 e1=a01 p00 s01 xy240,144
BP_init_player_1 pc=60C7 sp=F374 banks=0D/02/03 flow=01 screen=00 engine=00 screenEnt=01 active=01 input=01 render=01 hero=00 prt=01 pei=00 pxy=16,144 e0=a01 p01 s00 xy16,144 spr00 cfg00 e1=a01 p00 s01 xy240,144
BP_init_player_1 pc=60C7 sp=F374 banks=0D/02/03 flow=01 screen=00 engine=00 screenEnt=01 active=01 input=01 render=01 hero=00 prt=01 pei=00 pxy=16,144 e0=a01 p01 s00 xy16,144 spr00 cfg00 e1=a01 p00 s01 xy240,144
BP_init_player_1 pc=60C7 sp=F374 banks=0D/02/03 flow=01 screen=00 engine=00 screenEnt=01 active=01 input=01 render=01 hero=00 prt=01 pei=00 pxy=16,144 e0=a01 p01 s00 xy16,144 spr00 cfg00 e1=a01 p00 s01 xy240,144
BP_init_player_1 pc=60C7 sp=F374 banks=0D/02/03 flow=01 screen=00 engine=00 screenEnt=01 active=01 input=01 render=01 hero=00 prt=01 pei=00 pxy=16,144 e0=a01 p01 s00 xy16,144 spr00 cfg00 e1=a01 p00 s01 xy240,144
BP_init_player_1 pc=60C7 sp=F374 banks=0D/02/03 flow=01 screen=00 engine=00 screenEnt=01 active=01 input=01 render=01 hero=00 prt=01 pei=00 pxy=16,144 e0=a01 p01 s00 xy16,144 spr00 cfg00 e1=a01 p00 s01 xy240,144
BP_init_player_1 pc=60C7 sp=F374 banks=0D/02/03 flow=01 screen=00 engine=00 screenEnt=01 active=01 input=01 render=01 hero=00 prt=01 pei=00 pxy=16,144 e0=a01 p01 s00 xy16,144 spr00 cfg00 e1=a01 p00 s01 xy240,144
BP_init_player_1 pc=60C7 sp=F374 banks=0D/02/03 flow=01 screen=00 engine=00 screenEnt=01 active=01 input=01 render=01 hero=00 prt=01 pei=00 pxy=16,144 e0=a01 p01 s00 xy16,144 spr00 cfg00 e1=a01 p00 s01 xy240,144
BP_init_player_1 pc=60C7 sp=F374 banks=0D/02/03 flow=01 screen=00 engine=00 screenEnt=01 active=01 input=01 render=01 hero=00 prt=01 pei=00 pxy=16,144 e0=a01 p01 s00 xy16,144 spr00 cfg00 e1=a01 p00 s01 xy240,144
BP_init_player_1 pc=60C7 sp=F374 banks=0D/02/03 flow=01 screen=00 engine=00 screenEnt=01 active=01 input=01 render=01 hero=00 prt=01 pei=00 pxy=16,144 e0=a01 p01 s00 xy16,144 spr00 cfg00 e1=a01 p00 s01 xy240,144
BP_init_player_1 pc=60C7 sp=F374 banks=0D/02/03 flow=01 screen=00 engine=00 screenEnt=01 active=01 input=01 render=01 hero=00 prt=01 pei=00 pxy=16,144 e0=a01 p01 s00 xy16,144 spr00 cfg00 e1=a01 p00 s01 xy240,144
BP_init_player_1 pc=60C7 sp=F374 banks=0D/02/03 flow=01 screen=00 engine=00 screenEnt=01 active=01 input=01 render=01 hero=00 prt=01 pei=00 pxy=16,144 e0=a01 p01 s00 xy16,144 spr00 cfg00 e1=a01 p00 s01 xy240,144
BP_init_player_1 pc=60C7 sp=F374 banks=0D/02/03 flow=01 screen=00 engine=00 screenEnt=01 active=01 input=01 render=01 hero=00 prt=01 pei=00 pxy=16,144 e0=a01 p01 s00 xy16,144 spr00 cfg00 e1=a01 p00 s01 xy240,144
BP_init_player_1 pc=60C7 sp=F374 banks=0D/02/03 flow=01 screen=00 engine=00 screenEnt=01 active=01 input=01 render=01 hero=00 prt=01 pei=00 pxy=16,144 e0=a01 p01 s00 xy16,144 spr00 cfg00 e1=a01 p00 s01 xy240,144
BP_init_player_1 pc=60C7 sp=F374 banks=0D/02/03 flow=01 screen=00 engine=00 screenEnt=01 active=01 input=01 render=01 hero=00 prt=01 pei=00 pxy=16,144 e0=a01 p01 s00 xy16,144 spr00 cfg00 e1=a01 p00 s01 xy240,144
BP_init_player_1 pc=60C7 sp=F374 banks=0D/02/03 flow=01 screen=00 engine=00 screenEnt=01 active=01 input=01 render=01 hero=00 prt=01 pei=00 pxy=16,144 e0=a01 p01 s00 xy16,144 spr00 cfg00 e1=a01 p00 s01 xy240,144
BP_init_player_1 pc=60C7 sp=F374 banks=0D/02/03 flow=01 screen=00 engine=00 screenEnt=01 active=01 input=01 render=01 hero=00 prt=01 pei=00 pxy=16,144 e0=a01 p01 s00 xy16,144 spr00 cfg00 e1=a01 p00 s01 xy240,144
BP_init_player_1 pc=60C7 sp=F374 banks=0D/02/03 flow=01 screen=00 engine=00 screenEnt=01 active=01 input=01 render=01 hero=00 prt=01 pei=00 pxy=16,144 e0=a01 p01 s00 xy16,144 spr00 cfg00 e1=a01 p00 s01 xy240,144
BP_init_player_1 pc=60C7 sp=F374 banks=0D/02/03 flow=01 screen=00 engine=00 screenEnt=01 active=01 input=01 render=01 hero=00 prt=01 pei=00 pxy=16,144 e0=a01 p01 s00 xy16,144 spr00 cfg00 e1=a01 p00 s01 xy240,144
BP_init_player_1 pc=60C7 sp=F374 banks=0D/02/03 flow=01 screen=00 engine=00 screenEnt=01 active=01 input=01 render=01 hero=00 prt=01 pei=00 pxy=16,144 e0=a01 p01 s00 xy16,144 spr00 cfg00 e1=a01 p00 s01 xy240,144
BP_init_player_1 pc=60C7 sp=F374 banks=0D/02/03 flow=01 screen=00 engine=00 screenEnt=01 active=01 input=01 render=01 hero=00 prt=01 pei=00 pxy=16,144 e0=a01 p01 s00 xy16,144 spr00 cfg00 e1=a01 p00 s01 xy240,144
BP_init_player_1 pc=60C7 sp=F374 banks=0D/02/03 flow=01 screen=00 engine=00 screenEnt=01 active=01 input=01 render=01 hero=00 prt=01 pei=00 pxy=16,144 e0=a01 p01 s00 xy16,144 spr00 cfg00 e1=a01 p00 s01 xy240,144
BP_init_player_1 pc=60C7 sp=F374 banks=0D/02/03 flow=01 screen=00 engine=00 screenEnt=01 active=01 input=01 render=01 hero=00 prt=01 pei=00 pxy=16,144 e0=a01 p01 s00 xy16,144 spr00 cfg00 e1=a01 p00 s01 xy240,144
t13 pc=1A40 sp=F364 banks=01/02/03 flow=01 screen=00 engine=00 screenEnt=01 active=01 input=01 render=01 hero=00 prt=01 pei=00 pxy=16,144 e0=a01 p01 s00 xy16,144 spr00 cfg00 e1=a01 p00 s01 xy240,144
SHOTOK joc60_player_t13.png
BP_init_player_1 pc=60C7 sp=F374 banks=0D/02/03 flow=01 screen=00 engine=00 screenEnt=01 active=01 input=01 render=01 hero=00 prt=01 pei=00 pxy=16,144 e0=a01 p01 s00 xy16,144 spr00 cfg00 e1=a01 p00 s01 xy240,144
BP_init_player_1 pc=60C7 sp=F374 banks=0D/02/03 flow=01 screen=00 engine=00 screenEnt=01 active=01 input=01 render=01 hero=00 prt=01 pei=00 pxy=16,144 e0=a01 p01 s00 xy16,144 spr00 cfg00 e1=a01 p00 s01 xy240,144
BP_init_player_1 pc=60C7 sp=F374 banks=0D/02/03 flow=01 screen=00 engine=00 screenEnt=01 active=01 input=01 render=01 hero=00 prt=01 pei=00 pxy=16,144 e0=a01 p01 s00 xy16,144 spr00 cfg00 e1=a01 p00 s01 xy240,144
BP_init_player_1 pc=60C7 sp=F374 banks=0D/02/03 flow=01 screen=00 engine=00 screenEnt=01 active=01 input=01 render=01 hero=00 prt=01 pei=00 pxy=16,144 e0=a01 p01 s00 xy16,144 spr00 cfg00 e1=a01 p00 s01 xy240,144
BP_init_player_1 pc=60C7 sp=F374 banks=0D/02/03 flow=01 screen=00 engine=00 screenEnt=01 active=01 input=01 render=01 hero=00 prt=01 pei=00 pxy=16,144 e0=a01 p01 s00 xy16,144 spr00 cfg00 e1=a01 p00 s01 xy240,144
BP_init_player_1 pc=60C7 sp=F374 banks=0D/02/03 flow=01 screen=00 engine=00 screenEnt=01 active=01 input=01 render=01 hero=00 prt=01 pei=00 pxy=16,144 e0=a01 p01 s00 xy16,144 spr00 cfg00 e1=a01 p00 s01 xy240,144
BP_init_player_1 pc=60C7 sp=F374 banks=0D/02/03 flow=01 screen=00 engine=00 screenEnt=01 active=01 input=01 render=01 hero=00 prt=01 pei=00 pxy=16,144 e0=a01 p01 s00 xy16,144 spr00 cfg00 e1=a01 p00 s01 xy240,144
BP_init_player_1 pc=60C7 sp=F374 banks=0D/02/03 flow=01 screen=00 engine=00 screenEnt=01 active=01 input=01 render=01 hero=00 prt=01 pei=00 pxy=16,144 e0=a01 p01 s00 xy16,144 spr00 cfg00 e1=a01 p00 s01 xy240,144
BP_init_player_1 pc=60C7 sp=F374 banks=0D/02/03 flow=01 screen=00 engine=00 screenEnt=01 active=01 input=01 render=01 hero=00 prt=01 pei=00 pxy=16,144 e0=a01 p01 s00 xy16,144 spr00 cfg00 e1=a01 p00 s01 xy240,144
BP_init_player_1 pc=60C7 sp=F374 banks=0D/02/03 flow=01 screen=00 engine=00 screenEnt=01 active=01 input=01 render=01 hero=00 prt=01 pei=00 pxy=16,144 e0=a01 p01 s00 xy16,144 spr00 cfg00 e1=a01 p00 s01 xy240,144
BP_init_player_1 pc=60C7 sp=F374 banks=0D/02/03 flow=01 screen=00 engine=00 screenEnt=01 active=01 input=01 render=01 hero=00 prt=01 pei=00 pxy=16,144 e0=a01 p01 s00 xy16,144 spr00 cfg00 e1=a01 p00 s01 xy240,144
BP_init_player_1 pc=60C7 sp=F374 banks=0D/02/03 flow=01 screen=00 engine=00 screenEnt=01 active=01 input=01 render=01 hero=00 prt=01 pei=00 pxy=16,144 e0=a01 p01 s00 xy16,144 spr00 cfg00 e1=a01 p00 s01 xy240,144
BP_init_player_1 pc=60C7 sp=F374 banks=0D/02/03 flow=01 screen=00 engine=00 screenEnt=01 active=01 input=01 render=01 hero=00 prt=01 pei=00 pxy=16,144 e0=a01 p01 s00 xy16,144 spr00 cfg00 e1=a01 p00 s01 xy240,144
BP_init_player_1 pc=60C7 sp=F374 banks=0D/02/03 flow=01 screen=00 engine=00 screenEnt=01 active=01 input=01 render=01 hero=00 prt=01 pei=00 pxy=16,144 e0=a01 p01 s00 xy16,144 spr00 cfg00 e1=a01 p00 s01 xy240,144
BP_init_player_1 pc=60C7 sp=F374 banks=0D/02/03 flow=01 screen=00 engine=00 screenEnt=01 active=01 input=01 render=01 hero=00 prt=01 pei=00 pxy=16,144 e0=a01 p01 s00 xy16,144 spr00 cfg00 e1=a01 p00 s01 xy240,144
BP_init_player_1 pc=60C7 sp=F374 banks=0D/02/03 flow=01 screen=00 engine=00 screenEnt=01 active=01 input=01 render=01 hero=00 prt=01 pei=00 pxy=16,144 e0=a01 p01 s00 xy16,144 spr00 cfg00 e1=a01 p00 s01 xy240,144
BP_init_player_1 pc=60C7 sp=F374 banks=0D/02/03 flow=01 screen=00 engine=00 screenEnt=01 active=01 input=01 render=01 hero=00 prt=01 pei=00 pxy=16,144 e0=a01 p01 s00 xy16,144 spr00 cfg00 e1=a01 p00 s01 xy240,144
BP_init_player_1 pc=60C7 sp=F374 banks=0D/02/03 flow=01 screen=00 engine=00 screenEnt=01 active=01 input=01 render=01 hero=00 prt=01 pei=00 pxy=16,144 e0=a01 p01 s00 xy16,144 spr00 cfg00 e1=a01 p00 s01 xy240,144
BP_init_player_1 pc=60C7 sp=F374 banks=0D/02/03 flow=01 screen=00 engine=00 screenEnt=01 active=01 input=01 render=01 hero=00 prt=01 pei=00 pxy=16,144 e0=a01 p01 s00 xy16,144 spr00 cfg00 e1=a01 p00 s01 xy240,144
BP_init_player_1 pc=60C7 sp=F374 banks=0D/02/03 flow=01 screen=00 engine=00 screenEnt=01 active=01 input=01 render=01 hero=00 prt=01 pei=00 pxy=16,144 e0=a01 p01 s00 xy16,144 spr00 cfg00 e1=a01 p00 s01 xy240,144
BP_init_player_1 pc=60C7 sp=F374 banks=0D/02/03 flow=01 screen=00 engine=00 screenEnt=01 active=01 input=01 render=01 hero=00 prt=01 pei=00 pxy=16,144 e0=a01 p01 s00 xy16,144 spr00 cfg00 e1=a01 p00 s01 xy240,144
BP_init_player_1 pc=60C7 sp=F374 banks=0D/02/03 flow=01 screen=00 engine=00 screenEnt=01 active=01 input=01 render=01 hero=00 prt=01 pei=00 pxy=16,144 e0=a01 p01 s00 xy16,144 spr00 cfg00 e1=a01 p00 s01 xy240,144
BP_init_player_1 pc=60C7 sp=F374 banks=0D/02/03 flow=01 screen=00 engine=00 screenEnt=01 active=01 input=01 render=01 hero=00 prt=01 pei=00 pxy=16,144 e0=a01 p01 s00 xy16,144 spr00 cfg00 e1=a01 p00 s01 xy240,144
BP_init_player_1 pc=60C7 sp=F374 banks=0D/02/03 flow=01 screen=00 engine=00 screenEnt=01 active=01 input=01 render=01 hero=00 prt=01 pei=00 pxy=16,144 e0=a01 p01 s00 xy16,144 spr00 cfg00 e1=a01 p00 s01 xy240,144
BP_init_player_1 pc=60C7 sp=F374 banks=0D/02/03 flow=01 screen=00 engine=00 screenEnt=01 active=01 input=01 render=01 hero=00 prt=01 pei=00 pxy=16,144 e0=a01 p01 s00 xy16,144 spr00 cfg00 e1=a01 p00 s01 xy240,144
BP_init_player_1 pc=60C7 sp=F374 banks=0D/02/03 flow=01 screen=00 engine=00 screenEnt=01 active=01 input=01 render=01 hero=00 prt=01 pei=00 pxy=16,144 e0=a01 p01 s00 xy16,144 spr00 cfg00 e1=a01 p00 s01 xy240,144
BP_init_player_1 pc=60C7 sp=F374 banks=0D/02/03 flow=01 screen=00 engine=00 screenEnt=01 active=01 input=01 render=01 hero=00 prt=01 pei=00 pxy=16,144 e0=a01 p01 s00 xy16,144 spr00 cfg00 e1=a01 p00 s01 xy240,144
BP_init_player_1 pc=60C7 sp=F374 banks=0D/02/03 flow=01 screen=00 engine=00 screenEnt=01 active=01 input=01 render=01 hero=00 prt=01 pei=00 pxy=16,144 e0=a01 p01 s00 xy16,144 spr00 cfg00 e1=a01 p00 s01 xy240,144
BP_init_player_1 pc=60C7 sp=F374 banks=0D/02/03 flow=01 screen=00 engine=00 screenEnt=01 active=01 input=01 render=01 hero=00 prt=01 pei=00 pxy=16,144 e0=a01 p01 s00 xy16,144 spr00 cfg00 e1=a01 p00 s01 xy240,144
BP_init_player_1 pc=60C7 sp=F374 banks=0D/02/03 flow=01 screen=00 engine=00 screenEnt=01 active=01 input=01 render=01 hero=00 prt=01 pei=00 pxy=16,144 e0=a01 p01 s00 xy16,144 spr00 cfg00 e1=a01 p00 s01 xy240,144
BP_init_player_1 pc=60C7 sp=F374 banks=0D/02/03 flow=01 screen=00 engine=00 screenEnt=01 active=01 input=01 render=01 hero=00 prt=01 pei=00 pxy=16,144 e0=a01 p01 s00 xy16,144 spr00 cfg00 e1=a01 p00 s01 xy240,144
BP_init_player_1 pc=60C7 sp=F374 banks=0D/02/03 flow=01 screen=00 engine=00 screenEnt=01 active=01 input=01 render=01 hero=00 prt=01 pei=00 pxy=16,144 e0=a01 p01 s00 xy16,144 spr00 cfg00 e1=a01 p00 s01 xy240,144
BP_init_player_1 pc=60C7 sp=F374 banks=0D/02/03 flow=01 screen=00 engine=00 screenEnt=01 active=01 input=01 render=01 hero=00 prt=01 pei=00 pxy=16,144 e0=a01 p01 s00 xy16,144 spr00 cfg00 e1=a01 p00 s01 xy240,144
BP_init_player_1 pc=60C7 sp=F374 banks=0D/02/03 flow=01 screen=00 engine=00 screenEnt=01 active=01 input=01 render=01 hero=00 prt=01 pei=00 pxy=16,144 e0=a01 p01 s00 xy16,144 spr00 cfg00 e1=a01 p00 s01 xy240,144
BP_init_player_1 pc=60C7 sp=F374 banks=0D/02/03 flow=01 screen=00 engine=00 screenEnt=01 active=01 input=01 render=01 hero=00 prt=01 pei=00 pxy=16,144 e0=a01 p01 s00 xy16,144 spr00 cfg00 e1=a01 p00 s01 xy240,144
BP_init_player_1 pc=60C7 sp=F374 banks=0D/02/03 flow=01 screen=00 engine=00 screenEnt=01 active=01 input=01 render=01 hero=00 prt=01 pei=00 pxy=16,144 e0=a01 p01 s00 xy16,144 spr00 cfg00 e1=a01 p00 s01 xy240,144
BP_init_player_1 pc=60C7 sp=F374 banks=0D/02/03 flow=01 screen=00 engine=00 screenEnt=01 active=01 input=01 render=01 hero=00 prt=01 pei=00 pxy=16,144 e0=a01 p01 s00 xy16,144 spr00 cfg00 e1=a01 p00 s01 xy240,144
BP_init_player_1 pc=60C7 sp=F374 banks=0D/02/03 flow=01 screen=00 engine=00 screenEnt=01 active=01 input=01 render=01 hero=00 prt=01 pei=00 pxy=16,144 e0=a01 p01 s00 xy16,144 spr00 cfg00 e1=a01 p00 s01 xy240,144
BP_init_player_1 pc=60C7 sp=F374 banks=0D/02/03 flow=01 screen=00 engine=00 screenEnt=01 active=01 input=01 render=01 hero=00 prt=01 pei=00 pxy=16,144 e0=a01 p01 s00 xy16,144 spr00 cfg00 e1=a01 p00 s01 xy240,144
BP_init_player_1 pc=60C7 sp=F374 banks=0D/02/03 flow=01 screen=00 engine=00 screenEnt=01 active=01 input=01 render=01 hero=00 prt=01 pei=00 pxy=16,144 e0=a01 p01 s00 xy16,144 spr00 cfg00 e1=a01 p00 s01 xy240,144
BP_init_player_1 pc=60C7 sp=F374 banks=0D/02/03 flow=01 screen=00 engine=00 screenEnt=01 active=01 input=01 render=01 hero=00 prt=01 pei=00 pxy=16,144 e0=a01 p01 s00 xy16,144 spr00 cfg00 e1=a01 p00 s01 xy240,144
BP_init_player_1 pc=60C7 sp=F374 banks=0D/02/03 flow=01 screen=00 engine=00 screenEnt=01 active=01 input=01 render=01 hero=00 prt=01 pei=00 pxy=16,144 e0=a01 p01 s00 xy16,144 spr00 cfg00 e1=a01 p00 s01 xy240,144
BP_init_player_1 pc=60C7 sp=F374 banks=0D/02/03 flow=01 screen=00 engine=00 screenEnt=01 active=01 input=01 render=01 hero=00 prt=01 pei=00 pxy=16,144 e0=a01 p01 s00 xy16,144 spr00 cfg00 e1=a01 p00 s01 xy240,144
BP_init_player_1 pc=60C7 sp=F374 banks=0D/02/03 flow=01 screen=00 engine=00 screenEnt=01 active=01 input=01 render=01 hero=00 prt=01 pei=00 pxy=16,144 e0=a01 p01 s00 xy16,144 spr00 cfg00 e1=a01 p00 s01 xy240,144
BP_init_player_1 pc=60C7 sp=F374 banks=0D/02/03 flow=01 screen=00 engine=00 screenEnt=01 active=01 input=01 render=01 hero=00 prt=01 pei=00 pxy=16,144 e0=a01 p01 s00 xy16,144 spr00 cfg00 e1=a01 p00 s01 xy240,144
BP_init_player_1 pc=60C7 sp=F374 banks=0D/02/03 flow=01 screen=00 engine=00 screenEnt=01 active=01 input=01 render=01 hero=00 prt=01 pei=00 pxy=16,144 e0=a01 p01 s00 xy16,144 spr00 cfg00 e1=a01 p00 s01 xy240,144
BP_init_player_1 pc=60C7 sp=F374 banks=0D/02/03 flow=01 screen=00 engine=00 screenEnt=01 active=01 input=01 render=01 hero=00 prt=01 pei=00 pxy=16,144 e0=a01 p01 s00 xy16,144 spr00 cfg00 e1=a01 p00 s01 xy240,144
BP_init_player_1 pc=60C7 sp=F374 banks=0D/02/03 flow=01 screen=00 engine=00 screenEnt=01 active=01 input=01 render=01 hero=00 prt=01 pei=00 pxy=16,144 e0=a01 p01 s00 xy16,144 spr00 cfg00 e1=a01 p00 s01 xy240,144
right_before pc=19D0 sp=F366 banks=01/02/03 flow=01 screen=00 engine=00 screenEnt=01 active=01 input=01 render=01 hero=00 prt=01 pei=00 pxy=16,144 e0=a01 p01 s00 xy16,144 spr00 cfg00 e1=a01 p00 s01 xy240,144
BP_init_player_1 pc=60C7 sp=F374 banks=0D/02/03 flow=01 screen=00 engine=00 screenEnt=01 active=01 input=01 render=01 hero=00 prt=01 pei=00 pxy=18,144 e0=a01 p01 s00 xy18,144 spr00 cfg00 e1=a01 p00 s01 xy240,144
BP_init_player_1 pc=60C7 sp=F374 banks=0D/02/03 flow=01 screen=00 engine=00 screenEnt=01 active=01 input=01 render=01 hero=00 prt=01 pei=00 pxy=20,144 e0=a01 p01 s00 xy20,144 spr00 cfg00 e1=a01 p00 s01 xy240,144
BP_init_player_1 pc=60C7 sp=F374 banks=0D/02/03 flow=01 screen=00 engine=00 screenEnt=01 active=01 input=01 render=01 hero=00 prt=01 pei=00 pxy=22,144 e0=a01 p01 s00 xy22,144 spr00 cfg00 e1=a01 p00 s01 xy240,144
BP_init_player_1 pc=60C7 sp=F374 banks=0D/02/03 flow=01 screen=00 engine=00 screenEnt=01 active=01 input=01 render=01 hero=00 prt=01 pei=00 pxy=24,144 e0=a01 p01 s00 xy24,144 spr00 cfg00 e1=a01 p00 s01 xy240,144
BP_init_player_1 pc=60C7 sp=F374 banks=0D/02/03 flow=01 screen=00 engine=00 screenEnt=01 active=01 input=01 render=01 hero=00 prt=01 pei=00 pxy=26,144 e0=a01 p01 s00 xy26,144 spr00 cfg00 e1=a01 p00 s01 xy240,144
BP_init_player_1 pc=60C7 sp=F374 banks=0D/02/03 flow=01 screen=00 engine=00 screenEnt=01 active=01 input=01 render=01 hero=00 prt=01 pei=00 pxy=28,144 e0=a01 p01 s00 xy28,144 spr00 cfg00 e1=a01 p00 s01 xy240,144
BP_init_player_1 pc=60C7 sp=F374 banks=0D/02/03 flow=01 screen=00 engine=00 screenEnt=01 active=01 input=01 render=01 hero=00 prt=01 pei=00 pxy=30,144 e0=a01 p01 s00 xy30,144 spr00 cfg00 e1=a01 p00 s01 xy240,144
BP_init_player_1 pc=60C7 sp=F374 banks=0D/02/03 flow=01 screen=00 engine=00 screenEnt=01 active=01 input=01 render=01 hero=00 prt=01 pei=00 pxy=32,144 e0=a01 p01 s00 xy32,144 spr00 cfg00 e1=a01 p00 s01 xy240,144
BP_init_player_1 pc=60C7 sp=F374 banks=0D/02/03 flow=01 screen=00 engine=00 screenEnt=01 active=01 input=01 render=01 hero=00 prt=01 pei=00 pxy=34,144 e0=a01 p01 s00 xy34,144 spr00 cfg00 e1=a01 p00 s01 xy240,144
BP_init_player_1 pc=60C7 sp=F374 banks=0D/02/03 flow=01 screen=00 engine=00 screenEnt=01 active=01 input=01 render=01 hero=00 prt=01 pei=00 pxy=36,144 e0=a01 p01 s00 xy36,144 spr00 cfg00 e1=a01 p00 s01 xy240,144
BP_init_player_1 pc=60C7 sp=F374 banks=0D/02/03 flow=01 screen=00 engine=00 screenEnt=01 active=01 input=01 render=01 hero=00 prt=01 pei=00 pxy=38,144 e0=a01 p01 s00 xy38,144 spr00 cfg00 e1=a01 p00 s01 xy240,144
BP_init_player_1 pc=60C7 sp=F374 banks=0D/02/03 flow=01 screen=00 engine=00 screenEnt=01 active=01 input=01 render=01 hero=00 prt=01 pei=00 pxy=40,144 e0=a01 p01 s00 xy40,144 spr00 cfg00 e1=a01 p00 s01 xy240,144
BP_init_player_1 pc=60C7 sp=F374 banks=0D/02/03 flow=01 screen=00 engine=00 screenEnt=01 active=01 input=01 render=01 hero=00 prt=01 pei=00 pxy=42,144 e0=a01 p01 s00 xy42,144 spr00 cfg00 e1=a01 p00 s01 xy240,144
BP_init_player_1 pc=60C7 sp=F374 banks=0D/02/03 flow=01 screen=00 engine=00 screenEnt=01 active=01 input=01 render=01 hero=00 prt=01 pei=00 pxy=44,144 e0=a01 p01 s00 xy44,144 spr00 cfg00 e1=a01 p00 s01 xy240,144
BP_init_player_1 pc=60C7 sp=F374 banks=0D/02/03 flow=01 screen=00 engine=00 screenEnt=01 active=01 input=01 render=01 hero=00 prt=01 pei=00 pxy=46,144 e0=a01 p01 s00 xy46,144 spr00 cfg00 e1=a01 p00 s01 xy240,144
BP_init_player_1 pc=60C7 sp=F374 banks=0D/02/03 flow=01 screen=00 engine=00 screenEnt=01 active=01 input=01 render=01 hero=00 prt=01 pei=00 pxy=48,144 e0=a01 p01 s00 xy48,144 spr00 cfg00 e1=a01 p00 s01 xy240,144
BP_init_player_1 pc=60C7 sp=F374 banks=0D/02/03 flow=01 screen=00 engine=00 screenEnt=01 active=01 input=01 render=01 hero=00 prt=01 pei=00 pxy=50,144 e0=a01 p01 s00 xy50,144 spr00 cfg00 e1=a01 p00 s01 xy240,144
BP_init_player_1 pc=60C7 sp=F374 banks=0D/02/03 flow=01 screen=00 engine=00 screenEnt=01 active=01 input=01 render=01 hero=00 prt=01 pei=00 pxy=52,144 e0=a01 p01 s00 xy52,144 spr00 cfg00 e1=a01 p00 s01 xy240,144
BP_init_player_1 pc=60C7 sp=F374 banks=0D/02/03 flow=01 screen=00 engine=00 screenEnt=01 active=01 input=01 render=01 hero=00 prt=01 pei=00 pxy=54,144 e0=a01 p01 s00 xy54,144 spr00 cfg00 e1=a01 p00 s01 xy240,144
BP_init_player_1 pc=60C7 sp=F374 banks=0D/02/03 flow=01 screen=00 engine=00 screenEnt=01 active=01 input=01 render=01 hero=00 prt=01 pei=00 pxy=56,144 e0=a01 p01 s00 xy56,144 spr00 cfg00 e1=a01 p00 s01 xy240,144
BP_init_player_1 pc=60C7 sp=F374 banks=0D/02/03 flow=01 screen=00 engine=00 screenEnt=01 active=01 input=01 render=01 hero=00 prt=01 pei=00 pxy=58,144 e0=a01 p01 s00 xy58,144 spr00 cfg00 e1=a01 p00 s01 xy240,144
BP_init_player_1 pc=60C7 sp=F374 banks=0D/02/03 flow=01 screen=00 engine=00 screenEnt=01 active=01 input=01 render=01 hero=00 prt=01 pei=00 pxy=60,144 e0=a01 p01 s00 xy60,144 spr00 cfg00 e1=a01 p00 s01 xy240,144
BP_init_player_1 pc=60C7 sp=F374 banks=0D/02/03 flow=01 screen=00 engine=00 screenEnt=01 active=01 input=01 render=01 hero=00 prt=01 pei=00 pxy=62,144 e0=a01 p01 s00 xy62,144 spr00 cfg00 e1=a01 p00 s01 xy240,144
BP_init_player_1 pc=60C7 sp=F374 banks=0D/02/03 flow=01 screen=00 engine=00 screenEnt=01 active=01 input=01 render=01 hero=00 prt=01 pei=00 pxy=64,144 e0=a01 p01 s00 xy64,144 spr00 cfg00 e1=a01 p00 s01 xy240,144
BP_init_player_1 pc=60C7 sp=F374 banks=0D/02/03 flow=01 screen=00 engine=00 screenEnt=01 active=01 input=01 render=01 hero=00 prt=01 pei=00 pxy=66,144 e0=a01 p01 s00 xy66,144 spr00 cfg00 e1=a01 p00 s01 xy240,144
BP_init_player_1 pc=60C7 sp=F374 banks=0D/02/03 flow=01 screen=00 engine=00 screenEnt=01 active=01 input=01 render=01 hero=00 prt=01 pei=00 pxy=68,144 e0=a01 p01 s00 xy68,144 spr00 cfg00 e1=a01 p00 s01 xy240,144
BP_init_player_1 pc=60C7 sp=F374 banks=0D/02/03 flow=01 screen=00 engine=00 screenEnt=01 active=01 input=01 render=01 hero=00 prt=01 pei=00 pxy=70,144 e0=a01 p01 s00 xy70,144 spr00 cfg00 e1=a01 p00 s01 xy240,144
BP_init_player_1 pc=60C7 sp=F374 banks=0D/02/03 flow=01 screen=00 engine=00 screenEnt=01 active=01 input=01 render=01 hero=00 prt=01 pei=00 pxy=72,144 e0=a01 p01 s00 xy72,144 spr00 cfg00 e1=a01 p00 s01 xy240,144
BP_init_player_1 pc=60C7 sp=F374 banks=0D/02/03 flow=01 screen=00 engine=00 screenEnt=01 active=01 input=01 render=01 hero=00 prt=01 pei=00 pxy=74,144 e0=a01 p01 s00 xy74,144 spr00 cfg00 e1=a01 p00 s01 xy240,144
BP_init_player_1 pc=60C7 sp=F374 banks=0D/02/03 flow=01 screen=00 engine=00 screenEnt=01 active=01 input=01 render=01 hero=00 prt=01 pei=00 pxy=76,144 e0=a01 p01 s00 xy76,144 spr00 cfg00 e1=a01 p00 s01 xy240,144
BP_init_player_1 pc=60C7 sp=F374 banks=0D/02/03 flow=01 screen=00 engine=00 screenEnt=01 active=01 input=01 render=01 hero=00 prt=01 pei=00 pxy=78,144 e0=a01 p01 s00 xy78,144 spr00 cfg00 e1=a01 p00 s01 xy240,144
BP_init_player_1 pc=60C7 sp=F374 banks=0D/02/03 flow=01 screen=00 engine=00 screenEnt=01 active=01 input=01 render=01 hero=00 prt=01 pei=00 pxy=80,144 e0=a01 p01 s00 xy80,144 spr00 cfg00 e1=a01 p00 s01 xy240,144
BP_init_player_1 pc=60C7 sp=F374 banks=0D/02/03 flow=01 screen=00 engine=00 screenEnt=01 active=01 input=01 render=01 hero=00 prt=01 pei=00 pxy=82,144 e0=a01 p01 s00 xy82,144 spr00 cfg00 e1=a01 p00 s01 xy240,144
BP_init_player_1 pc=60C7 sp=F374 banks=0D/02/03 flow=01 screen=00 engine=00 screenEnt=01 active=01 input=01 render=01 hero=00 prt=01 pei=00 pxy=84,144 e0=a01 p01 s00 xy84,144 spr00 cfg00 e1=a01 p00 s01 xy240,144
BP_init_player_1 pc=60C7 sp=F374 banks=0D/02/03 flow=01 screen=00 engine=00 screenEnt=01 active=01 input=01 render=01 hero=00 prt=01 pei=00 pxy=86,144 e0=a01 p01 s00 xy86,144 spr00 cfg00 e1=a01 p00 s01 xy240,144
BP_init_player_1 pc=60C7 sp=F374 banks=0D/02/03 flow=01 screen=00 engine=00 screenEnt=01 active=01 input=01 render=01 hero=00 prt=01 pei=00 pxy=88,144 e0=a01 p01 s00 xy88,144 spr00 cfg00 e1=a01 p00 s01 xy240,144
BP_init_player_1 pc=60C7 sp=F374 banks=0D/02/03 flow=01 screen=00 engine=00 screenEnt=01 active=01 input=01 render=01 hero=00 prt=01 pei=00 pxy=90,144 e0=a01 p01 s00 xy90,144 spr00 cfg00 e1=a01 p00 s01 xy240,144
BP_init_player_1 pc=60C7 sp=F374 banks=0D/02/03 flow=01 screen=00 engine=00 screenEnt=01 active=01 input=01 render=01 hero=00 prt=01 pei=00 pxy=92,144 e0=a01 p01 s00 xy92,144 spr00 cfg00 e1=a01 p00 s01 xy240,144
BP_init_player_1 pc=60C7 sp=F374 banks=0D/02/03 flow=01 screen=00 engine=00 screenEnt=01 active=01 input=01 render=01 hero=00 prt=01 pei=00 pxy=94,144 e0=a01 p01 s00 xy94,144 spr00 cfg00 e1=a01 p00 s01 xy240,144
BP_init_player_1 pc=60C7 sp=F374 banks=0D/02/03 flow=01 screen=00 engine=00 screenEnt=01 active=01 input=01 render=01 hero=00 prt=01 pei=00 pxy=96,144 e0=a01 p01 s00 xy96,144 spr00 cfg00 e1=a01 p00 s01 xy240,144
BP_init_player_1 pc=60C7 sp=F374 banks=0D/02/03 flow=01 screen=00 engine=00 screenEnt=01 active=01 input=01 render=01 hero=00 prt=01 pei=00 pxy=98,144 e0=a01 p01 s00 xy98,144 spr00 cfg00 e1=a01 p00 s01 xy240,144
BP_init_player_1 pc=60C7 sp=F374 banks=0D/02/03 flow=01 screen=00 engine=00 screenEnt=01 active=01 input=01 render=01 hero=00 prt=01 pei=00 pxy=100,144 e0=a01 p01 s00 xy100,144 spr00 cfg00 e1=a01 p00 s01 xy240,144
BP_init_player_1 pc=60C7 sp=F374 banks=0D/02/03 flow=01 screen=00 engine=00 screenEnt=01 active=01 input=01 render=01 hero=00 prt=01 pei=00 pxy=102,144 e0=a01 p01 s00 xy102,144 spr00 cfg00 e1=a01 p00 s01 xy240,144
BP_init_player_1 pc=60C7 sp=F374 banks=0D/02/03 flow=01 screen=00 engine=00 screenEnt=01 active=01 input=01 render=01 hero=00 prt=01 pei=00 pxy=104,144 e0=a01 p01 s00 xy104,144 spr00 cfg00 e1=a01 p00 s01 xy240,144
BP_init_player_1 pc=60C7 sp=F374 banks=0D/02/03 flow=01 screen=00 engine=00 screenEnt=01 active=01 input=01 render=01 hero=00 prt=01 pei=00 pxy=106,144 e0=a01 p01 s00 xy106,144 spr00 cfg00 e1=a01 p00 s01 xy240,144
BP_init_player_1 pc=60C7 sp=F374 banks=0D/02/03 flow=01 screen=00 engine=00 screenEnt=01 active=01 input=01 render=01 hero=00 prt=01 pei=00 pxy=108,144 e0=a01 p01 s00 xy108,144 spr00 cfg00 e1=a01 p00 s01 xy240,144
BP_init_player_1 pc=60C7 sp=F374 banks=0D/02/03 flow=01 screen=00 engine=00 screenEnt=01 active=01 input=01 render=01 hero=00 prt=01 pei=00 pxy=110,144 e0=a01 p01 s00 xy110,144 spr00 cfg00 e1=a01 p00 s01 xy240,144
BP_init_player_1 pc=60C7 sp=F374 banks=0D/02/03 flow=01 screen=00 engine=00 screenEnt=01 active=01 input=01 render=01 hero=00 prt=01 pei=00 pxy=112,144 e0=a01 p01 s00 xy112,144 spr00 cfg00 e1=a01 p00 s01 xy240,144
BP_init_player_1 pc=60C7 sp=F374 banks=0D/02/03 flow=01 screen=00 engine=00 screenEnt=01 active=01 input=01 render=01 hero=00 prt=01 pei=00 pxy=114,144 e0=a01 p01 s00 xy114,144 spr00 cfg00 e1=a01 p00 s01 xy240,144
BP_init_player_1 pc=60C7 sp=F374 banks=0D/02/03 flow=01 screen=00 engine=00 screenEnt=01 active=01 input=01 render=01 hero=00 prt=01 pei=00 pxy=116,144 e0=a01 p01 s00 xy116,144 spr00 cfg00 e1=a01 p00 s01 xy240,144
BP_init_player_1 pc=60C7 sp=F374 banks=0D/02/03 flow=01 screen=00 engine=00 screenEnt=01 active=01 input=01 render=01 hero=00 prt=01 pei=00 pxy=118,144 e0=a01 p01 s00 xy118,144 spr00 cfg00 e1=a01 p00 s01 xy240,144
BP_init_player_1 pc=60C7 sp=F374 banks=0D/02/03 flow=01 screen=00 engine=00 screenEnt=01 active=01 input=01 render=01 hero=00 prt=01 pei=00 pxy=120,144 e0=a01 p01 s00 xy120,144 spr00 cfg00 e1=a01 p00 s01 xy240,144
BP_init_player_1 pc=60C7 sp=F374 banks=0D/02/03 flow=01 screen=00 engine=00 screenEnt=01 active=01 input=01 render=01 hero=00 prt=01 pei=00 pxy=122,144 e0=a01 p01 s00 xy122,144 spr00 cfg00 e1=a01 p00 s01 xy240,144
BP_init_player_1 pc=60C7 sp=F374 banks=0D/02/03 flow=01 screen=00 engine=00 screenEnt=01 active=01 input=01 render=01 hero=00 prt=01 pei=00 pxy=124,144 e0=a01 p01 s00 xy124,144 spr00 cfg00 e1=a01 p00 s01 xy240,144
BP_init_player_1 pc=60C7 sp=F374 banks=0D/02/03 flow=01 screen=00 engine=00 screenEnt=01 active=01 input=01 render=01 hero=00 prt=01 pei=00 pxy=126,144 e0=a01 p01 s00 xy126,144 spr00 cfg00 e1=a01 p00 s01 xy240,144
BP_init_player_1 pc=60C7 sp=F374 banks=0D/02/03 flow=01 screen=00 engine=00 screenEnt=01 active=01 input=01 render=01 hero=00 prt=01 pei=00 pxy=128,144 e0=a01 p01 s00 xy128,144 spr00 cfg00 e1=a01 p00 s01 xy240,144
BP_init_player_1 pc=60C7 sp=F374 banks=0D/02/03 flow=01 screen=00 engine=00 screenEnt=01 active=01 input=01 render=01 hero=00 prt=01 pei=00 pxy=130,144 e0=a01 p01 s00 xy130,144 spr00 cfg00 e1=a01 p00 s01 xy240,144
BP_init_player_1 pc=60C7 sp=F374 banks=0D/02/03 flow=01 screen=00 engine=00 screenEnt=01 active=01 input=01 render=01 hero=00 prt=01 pei=00 pxy=132,144 e0=a01 p01 s00 xy132,144 spr00 cfg00 e1=a01 p00 s01 xy240,144
BP_init_player_1 pc=60C7 sp=F374 banks=0D/02/03 flow=01 screen=00 engine=00 screenEnt=01 active=01 input=01 render=01 hero=00 prt=01 pei=00 pxy=134,144 e0=a01 p01 s00 xy134,144 spr00 cfg00 e1=a01 p00 s01 xy240,144
BP_init_player_1 pc=60C7 sp=F374 banks=0D/02/03 flow=01 screen=00 engine=00 screenEnt=01 active=01 input=01 render=01 hero=00 prt=01 pei=00 pxy=136,144 e0=a01 p01 s00 xy136,144 spr00 cfg00 e1=a01 p00 s01 xy240,144
right_after pc=A16B sp=F37C banks=01/02/03 flow=01 screen=00 engine=00 screenEnt=01 active=01 input=01 render=01 hero=00 prt=01 pei=00 pxy=136,144 e0=a01 p01 s00 xy136,144 spr00 cfg00 e1=a01 p00 s01 xy240,144
BP_init_player_1 pc=60C7 sp=F374 banks=0D/02/03 flow=01 screen=00 engine=00 screenEnt=01 active=01 input=01 render=01 hero=00 prt=01 pei=00 pxy=136,144 e0=a01 p01 s00 xy136,144 spr00 cfg00 e1=a01 p00 s01 xy240,144
BP_init_player_1 pc=60C7 sp=F374 banks=0D/02/03 flow=01 screen=00 engine=00 screenEnt=01 active=01 input=01 render=01 hero=00 prt=01 pei=00 pxy=136,144 e0=a01 p01 s00 xy136,144 spr00 cfg00 e1=a01 p00 s01 xy240,144
BP_init_player_1 pc=60C7 sp=F374 banks=0D/02/03 flow=01 screen=00 engine=00 screenEnt=01 active=01 input=01 render=01 hero=00 prt=01 pei=00 pxy=136,144 e0=a01 p01 s00 xy136,144 spr00 cfg00 e1=a01 p00 s01 xy240,144
BP_init_player_1 pc=60C7 sp=F374 banks=0D/02/03 flow=01 screen=00 engine=00 screenEnt=01 active=01 input=01 render=01 hero=00 prt=01 pei=00 pxy=136,144 e0=a01 p01 s00 xy136,144 spr00 cfg00 e1=a01 p00 s01 xy240,144
BP_init_player_1 pc=60C7 sp=F374 banks=0D/02/03 flow=01 screen=00 engine=00 screenEnt=01 active=01 input=01 render=01 hero=00 prt=01 pei=00 pxy=136,144 e0=a01 p01 s00 xy136,144 spr00 cfg00 e1=a01 p00 s01 xy240,144
BP_init_player_1 pc=60C7 sp=F374 banks=0D/02/03 flow=01 screen=00 engine=00 screenEnt=01 active=01 input=01 render=01 hero=00 prt=01 pei=00 pxy=136,144 e0=a01 p01 s00 xy136,144 spr00 cfg00 e1=a01 p00 s01 xy240,144
BP_init_player_1 pc=60C7 sp=F374 banks=0D/02/03 flow=01 screen=00 engine=00 screenEnt=01 active=01 input=01 render=01 hero=00 prt=01 pei=00 pxy=136,144 e0=a01 p01 s00 xy136,144 spr00 cfg00 e1=a01 p00 s01 xy240,144
BP_init_player_1 pc=60C7 sp=F374 banks=0D/02/03 flow=01 screen=00 engine=00 screenEnt=01 active=01 input=01 render=01 hero=00 prt=01 pei=00 pxy=136,144 e0=a01 p01 s00 xy136,144 spr00 cfg00 e1=a01 p00 s01 xy240,144
BP_init_player_1 pc=60C7 sp=F374 banks=0D/02/03 flow=01 screen=00 engine=00 screenEnt=01 active=01 input=01 render=01 hero=00 prt=01 pei=00 pxy=136,144 e0=a01 p01 s00 xy136,144 spr00 cfg00 e1=a01 p00 s01 xy240,144
BP_init_player_1 pc=60C7 sp=F374 banks=0D/02/03 flow=01 screen=00 engine=00 screenEnt=01 active=01 input=01 render=01 hero=00 prt=01 pei=00 pxy=136,144 e0=a01 p01 s00 xy136,144 spr00 cfg00 e1=a01 p00 s01 xy240,144
BP_init_player_1 pc=60C7 sp=F374 banks=0D/02/03 flow=01 screen=00 engine=00 screenEnt=01 active=01 input=01 render=01 hero=00 prt=01 pei=00 pxy=136,144 e0=a01 p01 s00 xy136,144 spr00 cfg00 e1=a01 p00 s01 xy240,144
BP_init_player_1 pc=60C7 sp=F374 banks=0D/02/03 flow=01 screen=00 engine=00 screenEnt=01 active=01 input=01 render=01 hero=00 prt=01 pei=00 pxy=136,144 e0=a01 p01 s00 xy136,144 spr00 cfg00 e1=a01 p00 s01 xy240,144
BP_init_player_1 pc=60C7 sp=F374 banks=0D/02/03 flow=01 screen=00 engine=00 screenEnt=01 active=01 input=01 render=01 hero=00 prt=01 pei=00 pxy=136,144 e0=a01 p01 s00 xy136,144 spr00 cfg00 e1=a01 p00 s01 xy240,144
BP_init_player_1 pc=60C7 sp=F374 banks=0D/02/03 flow=01 screen=00 engine=00 screenEnt=01 active=01 input=01 render=01 hero=00 prt=01 pei=00 pxy=136,144 e0=a01 p01 s00 xy136,144 spr00 cfg00 e1=a01 p00 s01 xy240,144
BP_init_player_1 pc=60C7 sp=F374 banks=0D/02/03 flow=01 screen=00 engine=00 screenEnt=01 active=01 input=01 render=01 hero=00 prt=01 pei=00 pxy=136,144 e0=a01 p01 s00 xy136,144 spr00 cfg00 e1=a01 p00 s01 xy240,144
BP_init_player_1 pc=60C7 sp=F374 banks=0D/02/03 flow=01 screen=00 engine=00 screenEnt=01 active=01 input=01 render=01 hero=00 prt=01 pei=00 pxy=136,144 e0=a01 p01 s00 xy136,144 spr00 cfg00 e1=a01 p00 s01 xy240,144
BP_init_player_1 pc=60C7 sp=F374 banks=0D/02/03 flow=01 screen=00 engine=00 screenEnt=01 active=01 input=01 render=01 hero=00 prt=01 pei=00 pxy=136,144 e0=a01 p01 s00 xy136,144 spr00 cfg00 e1=a01 p00 s01 xy240,144
BP_init_player_1 pc=60C7 sp=F374 banks=0D/02/03 flow=01 screen=00 engine=00 screenEnt=01 active=01 input=01 render=01 hero=00 prt=01 pei=00 pxy=136,144 e0=a01 p01 s00 xy136,144 spr00 cfg00 e1=a01 p00 s01 xy240,144
BP_init_player_1 pc=60C7 sp=F374 banks=0D/02/03 flow=01 screen=00 engine=00 screenEnt=01 active=01 input=01 render=01 hero=00 prt=01 pei=00 pxy=136,144 e0=a01 p01 s00 xy136,144 spr00 cfg00 e1=a01 p00 s01 xy240,144
BP_init_player_1 pc=60C7 sp=F374 banks=0D/02/03 flow=01 screen=00 engine=00 screenEnt=01 active=01 input=01 render=01 hero=00 prt=01 pei=00 pxy=136,144 e0=a01 p01 s00 xy136,144 spr00 cfg00 e1=a01 p00 s01 xy240,144
BP_init_player_1 pc=60C7 sp=F374 banks=0D/02/03 flow=01 screen=00 engine=00 screenEnt=01 active=01 input=01 render=01 hero=00 prt=01 pei=00 pxy=136,144 e0=a01 p01 s00 xy136,144 spr00 cfg00 e1=a01 p00 s01 xy240,144
BP_init_player_1 pc=60C7 sp=F374 banks=0D/02/03 flow=01 screen=00 engine=00 screenEnt=01 active=01 input=01 render=01 hero=00 prt=01 pei=00 pxy=136,144 e0=a01 p01 s00 xy136,144 spr00 cfg00 e1=a01 p00 s01 xy240,144
BP_init_player_1 pc=60C7 sp=F374 banks=0D/02/03 flow=01 screen=00 engine=00 screenEnt=01 active=01 input=01 render=01 hero=00 prt=01 pei=00 pxy=136,144 e0=a01 p01 s00 xy136,144 spr00 cfg00 e1=a01 p00 s01 xy240,144
BP_init_player_1 pc=60C7 sp=F374 banks=0D/02/03 flow=01 screen=00 engine=00 screenEnt=01 active=01 input=01 render=01 hero=00 prt=01 pei=00 pxy=136,144 e0=a01 p01 s00 xy136,144 spr00 cfg00 e1=a01 p00 s01 xy240,144
t15 pc=A16B sp=F37C banks=01/02/03 flow=01 screen=00 engine=00 screenEnt=01 active=01 input=01 render=01 hero=00 prt=01 pei=00 pxy=136,144 e0=a01 p01 s00 xy136,144 spr00 cfg00 e1=a01 p00 s01 xy240,144
SHOTOK joc60_player_t15.png
BP_init_player_1 pc=60C7 sp=F374 banks=0D/02/03 flow=01 screen=00 engine=00 screenEnt=01 active=01 input=01 render=01 hero=00 prt=01 pei=00 pxy=136,144 e0=a01 p01 s00 xy136,144 spr00 cfg00 e1=a01 p00 s01 xy240,144
BP_init_player_1 pc=60C7 sp=F374 banks=0D/02/03 flow=01 screen=00 engine=00 screenEnt=01 active=01 input=01 render=01 hero=00 prt=01 pei=00 pxy=136,144 e0=a01 p01 s00 xy136,144 spr00 cfg00 e1=a01 p00 s01 xy240,144
BP_init_player_1 pc=60C7 sp=F374 banks=0D/02/03 flow=01 screen=00 engine=00 screenEnt=01 active=01 input=01 render=01 hero=00 prt=01 pei=00 pxy=136,144 e0=a01 p01 s00 xy136,144 spr00 cfg00 e1=a01 p00 s01 xy240,144
BP_init_player_1 pc=60C7 sp=F374 banks=0D/02/03 flow=01 screen=00 engine=00 screenEnt=01 active=01 input=01 render=01 hero=00 prt=01 pei=00 pxy=136,144 e0=a01 p01 s00 xy136,144 spr00 cfg00 e1=a01 p00 s01 xy240,144
BP_init_player_1 pc=60C7 sp=F374 banks=0D/02/03 flow=01 screen=00 engine=00 screenEnt=01 active=01 input=01 render=01 hero=00 prt=01 pei=00 pxy=136,144 e0=a01 p01 s00 xy136,144 spr00 cfg00 e1=a01 p00 s01 xy240,144
BP_init_player_1 pc=60C7 sp=F374 banks=0D/02/03 flow=01 screen=00 engine=00 screenEnt=01 active=01 input=01 render=01 hero=00 prt=01 pei=00 pxy=136,144 e0=a01 p01 s00 xy136,144 spr00 cfg00 e1=a01 p00 s01 xy240,144
BP_init_player_1 pc=60C7 sp=F374 banks=0D/02/03 flow=01 screen=00 engine=00 screenEnt=01 active=01 input=01 render=01 hero=00 prt=01 pei=00 pxy=136,144 e0=a01 p01 s00 xy136,144 spr00 cfg00 e1=a01 p00 s01 xy240,144
BP_init_player_1 pc=60C7 sp=F374 banks=0D/02/03 flow=01 screen=00 engine=00 screenEnt=01 active=01 input=01 render=01 hero=00 prt=01 pei=00 pxy=136,144 e0=a01 p01 s00 xy136,144 spr00 cfg00 e1=a01 p00 s01 xy240,144
BP_init_player_1 pc=60C7 sp=F374 banks=0D/02/03 flow=01 screen=00 engine=00 screenEnt=01 active=01 input=01 render=01 hero=00 prt=01 pei=00 pxy=136,144 e0=a01 p01 s00 xy136,144 spr00 cfg00 e1=a01 p00 s01 xy240,144
BP_init_player_1 pc=60C7 sp=F374 banks=0D/02/03 flow=01 screen=00 engine=00 screenEnt=01 active=01 input=01 render=01 hero=00 prt=01 pei=00 pxy=136,144 e0=a01 p01 s00 xy136,144 spr00 cfg00 e1=a01 p00 s01 xy240,144
BP_init_player_1 pc=60C7 sp=F374 banks=0D/02/03 flow=01 screen=00 engine=00 screenEnt=01 active=01 input=01 render=01 hero=00 prt=01 pei=00 pxy=136,144 e0=a01 p01 s00 xy136,144 spr00 cfg00 e1=a01 p00 s01 xy240,144
BP_init_player_1 pc=60C7 sp=F374 banks=0D/02/03 flow=01 screen=00 engine=00 screenEnt=01 active=01 input=01 render=01 hero=00 prt=01 pei=00 pxy=136,144 e0=a01 p01 s00 xy136,144 spr00 cfg00 e1=a01 p00 s01 xy240,144
BP_init_player_1 pc=60C7 sp=F374 banks=0D/02/03 flow=01 screen=00 engine=00 screenEnt=01 active=01 input=01 render=01 hero=00 prt=01 pei=00 pxy=136,144 e0=a01 p01 s00 xy136,144 spr00 cfg00 e1=a01 p00 s01 xy240,144
BP_init_player_1 pc=60C7 sp=F374 banks=0D/02/03 flow=01 screen=00 engine=00 screenEnt=01 active=01 input=01 render=01 hero=00 prt=01 pei=00 pxy=136,144 e0=a01 p01 s00 xy136,144 spr00 cfg00 e1=a01 p00 s01 xy240,144
BP_init_player_1 pc=60C7 sp=F374 banks=0D/02/03 flow=01 screen=00 engine=00 screenEnt=01 active=01 input=01 render=01 hero=00 prt=01 pei=00 pxy=136,144 e0=a01 p01 s00 xy136,144 spr00 cfg00 e1=a01 p00 s01 xy240,144
BP_init_player_1 pc=60C7 sp=F374 banks=0D/02/03 flow=01 screen=00 engine=00 screenEnt=01 active=01 input=01 render=01 hero=00 prt=01 pei=00 pxy=136,144 e0=a01 p01 s00 xy136,144 spr00 cfg00 e1=a01 p00 s01 xy240,144
BP_init_player_1 pc=60C7 sp=F374 banks=0D/02/03 flow=01 screen=00 engine=00 screenEnt=01 active=01 input=01 render=01 hero=00 prt=01 pei=00 pxy=136,144 e0=a01 p01 s00 xy136,144 spr00 cfg00 e1=a01 p00 s01 xy240,144
BP_init_player_1 pc=60C7 sp=F374 banks=0D/02/03 flow=01 screen=00 engine=00 screenEnt=01 active=01 input=01 render=01 hero=00 prt=01 pei=00 pxy=136,144 e0=a01 p01 s00 xy136,144 spr00 cfg00 e1=a01 p00 s01 xy240,144
BP_init_player_1 pc=60C7 sp=F374 banks=0D/02/03 flow=01 screen=00 engine=00 screenEnt=01 active=01 input=01 render=01 hero=00 prt=01 pei=00 pxy=136,144 e0=a01 p01 s00 xy136,144 spr00 cfg00 e1=a01 p00 s01 xy240,144
BP_init_player_1 pc=60C7 sp=F374 banks=0D/02/03 flow=01 screen=00 engine=00 screenEnt=01 active=01 input=01 render=01 hero=00 prt=01 pei=00 pxy=136,144 e0=a01 p01 s00 xy136,144 spr00 cfg00 e1=a01 p00 s01 xy240,144
BP_init_player_1 pc=60C7 sp=F374 banks=0D/02/03 flow=01 screen=00 engine=00 screenEnt=01 active=01 input=01 render=01 hero=00 prt=01 pei=00 pxy=136,144 e0=a01 p01 s00 xy136,144 spr00 cfg00 e1=a01 p00 s01 xy240,144
BP_init_player_1 pc=60C7 sp=F374 banks=0D/02/03 flow=01 screen=00 engine=00 screenEnt=01 active=01 input=01 render=01 hero=00 prt=01 pei=00 pxy=136,144 e0=a01 p01 s00 xy136,144 spr00 cfg00 e1=a01 p00 s01 xy240,144
BP_init_player_1 pc=60C7 sp=F374 banks=0D/02/03 flow=01 screen=00 engine=00 screenEnt=01 active=01 input=01 render=01 hero=00 prt=01 pei=00 pxy=136,144 e0=a01 p01 s00 xy136,144 spr00 cfg00 e1=a01 p00 s01 xy240,144
BP_init_player_1 pc=60C7 sp=F374 banks=0D/02/03 flow=01 screen=00 engine=00 screenEnt=01 active=01 input=01 render=01 hero=00 prt=01 pei=00 pxy=136,144 e0=a01 p01 s00 xy136,144 spr00 cfg00 e1=a01 p00 s01 xy240,144
BP_init_player_1 pc=60C7 sp=F374 banks=0D/02/03 flow=01 screen=00 engine=00 screenEnt=01 active=01 input=01 render=01 hero=00 prt=01 pei=00 pxy=136,144 e0=a01 p01 s00 xy136,144 spr00 cfg00 e1=a01 p00 s01 xy240,144
BP_init_player_1 pc=60C7 sp=F374 banks=0D/02/03 flow=01 screen=00 engine=00 screenEnt=01 active=01 input=01 render=01 hero=00 prt=01 pei=00 pxy=136,144 e0=a01 p01 s00 xy136,144 spr00 cfg00 e1=a01 p00 s01 xy240,144
BP_init_player_1 pc=60C7 sp=F374 banks=0D/02/03 flow=01 screen=00 engine=00 screenEnt=01 active=01 input=01 render=01 hero=00 prt=01 pei=00 pxy=136,144 e0=a01 p01 s00 xy136,144 spr00 cfg00 e1=a01 p00 s01 xy240,144
BP_init_player_1 pc=60C7 sp=F374 banks=0D/02/03 flow=01 screen=00 engine=00 screenEnt=01 active=01 input=01 render=01 hero=00 prt=01 pei=00 pxy=136,144 e0=a01 p01 s00 xy136,144 spr00 cfg00 e1=a01 p00 s01 xy240,144
BP_init_player_1 pc=60C7 sp=F374 banks=0D/02/03 flow=01 screen=00 engine=00 screenEnt=01 active=01 input=01 render=01 hero=00 prt=01 pei=00 pxy=136,144 e0=a01 p01 s00 xy136,144 spr00 cfg00 e1=a01 p00 s01 xy240,144
BP_init_player_1 pc=60C7 sp=F374 banks=0D/02/03 flow=01 screen=00 engine=00 screenEnt=01 active=01 input=01 render=01 hero=00 prt=01 pei=00 pxy=136,144 e0=a01 p01 s00 xy136,144 spr00 cfg00 e1=a01 p00 s01 xy240,144
BP_init_player_1 pc=60C7 sp=F374 banks=0D/02/03 flow=01 screen=00 engine=00 screenEnt=01 active=01 input=01 render=01 hero=00 prt=01 pei=00 pxy=136,144 e0=a01 p01 s00 xy136,144 spr00 cfg00 e1=a01 p00 s01 xy240,144
BP_init_player_1 pc=60C7 sp=F374 banks=0D/02/03 flow=01 screen=00 engine=00 screenEnt=01 active=01 input=01 render=01 hero=00 prt=01 pei=00 pxy=136,144 e0=a01 p01 s00 xy136,144 spr00 cfg00 e1=a01 p00 s01 xy240,144
BP_init_player_1 pc=60C7 sp=F374 banks=0D/02/03 flow=01 screen=00 engine=00 screenEnt=01 active=01 input=01 render=01 hero=00 prt=01 pei=00 pxy=136,144 e0=a01 p01 s00 xy136,144 spr00 cfg00 e1=a01 p00 s01 xy240,144
BP_init_player_1 pc=60C7 sp=F374 banks=0D/02/03 flow=01 screen=00 engine=00 screenEnt=01 active=01 input=01 render=01 hero=00 prt=01 pei=00 pxy=136,144 e0=a01 p01 s00 xy136,144 spr00 cfg00 e1=a01 p00 s01 xy240,144
BP_init_player_1 pc=60C7 sp=F374 banks=0D/02/03 flow=01 screen=00 engine=00 screenEnt=01 active=01 input=01 render=01 hero=00 prt=01 pei=00 pxy=136,144 e0=a01 p01 s00 xy136,144 spr00 cfg00 e1=a01 p00 s01 xy240,144
BP_init_player_1 pc=60C7 sp=F374 banks=0D/02/03 flow=01 screen=00 engine=00 screenEnt=01 active=01 input=01 render=01 hero=00 prt=01 pei=00 pxy=136,144 e0=a01 p01 s00 xy136,144 spr00 cfg00 e1=a01 p00 s01 xy240,144
BP_init_player_1 pc=60C7 sp=F374 banks=0D/02/03 flow=01 screen=00 engine=00 screenEnt=01 active=01 input=01 render=01 hero=00 prt=01 pei=00 pxy=136,144 e0=a01 p01 s00 xy136,144 spr00 cfg00 e1=a01 p00 s01 xy240,144
BP_init_player_1 pc=60C7 sp=F374 banks=0D/02/03 flow=01 screen=00 engine=00 screenEnt=01 active=01 input=01 render=01 hero=00 prt=01 pei=00 pxy=136,144 e0=a01 p01 s00 xy136,144 spr00 cfg00 e1=a01 p00 s01 xy240,144
BP_init_player_1 pc=60C7 sp=F374 banks=0D/02/03 flow=01 screen=00 engine=00 screenEnt=01 active=01 input=01 render=01 hero=00 prt=01 pei=00 pxy=136,144 e0=a01 p01 s00 xy136,144 spr00 cfg00 e1=a01 p00 s01 xy240,144
BP_init_player_1 pc=60C7 sp=F374 banks=0D/02/03 flow=01 screen=00 engine=00 screenEnt=01 active=01 input=01 render=01 hero=00 prt=01 pei=00 pxy=136,144 e0=a01 p01 s00 xy136,144 spr00 cfg00 e1=a01 p00 s01 xy240,144
BP_init_player_1 pc=60C7 sp=F374 banks=0D/02/03 flow=01 screen=00 engine=00 screenEnt=01 active=01 input=01 render=01 hero=00 prt=01 pei=00 pxy=136,144 e0=a01 p01 s00 xy136,144 spr00 cfg00 e1=a01 p00 s01 xy240,144
BP_init_player_1 pc=60C7 sp=F374 banks=0D/02/03 flow=01 screen=00 engine=00 screenEnt=01 active=01 input=01 render=01 hero=00 prt=01 pei=00 pxy=136,144 e0=a01 p01 s00 xy136,144 spr00 cfg00 e1=a01 p00 s01 xy240,144
BP_init_player_1 pc=60C7 sp=F374 banks=0D/02/03 flow=01 screen=00 engine=00 screenEnt=01 active=01 input=01 render=01 hero=00 prt=01 pei=00 pxy=136,144 e0=a01 p01 s00 xy136,144 spr00 cfg00 e1=a01 p00 s01 xy240,144
BP_init_player_1 pc=60C7 sp=F374 banks=0D/02/03 flow=01 screen=00 engine=00 screenEnt=01 active=01 input=01 render=01 hero=00 prt=01 pei=00 pxy=136,144 e0=a01 p01 s00 xy136,144 spr00 cfg00 e1=a01 p00 s01 xy240,144
BP_init_player_1 pc=60C7 sp=F374 banks=0D/02/03 flow=01 screen=00 engine=00 screenEnt=01 active=01 input=01 render=01 hero=00 prt=01 pei=00 pxy=136,144 e0=a01 p01 s00 xy136,144 spr00 cfg00 e1=a01 p00 s01 xy240,144
BP_init_player_1 pc=60C7 sp=F374 banks=0D/02/03 flow=01 screen=00 engine=00 screenEnt=01 active=01 input=01 render=01 hero=00 prt=01 pei=00 pxy=136,144 e0=a01 p01 s00 xy136,144 spr00 cfg00 e1=a01 p00 s01 xy240,144
BP_init_player_1 pc=60C7 sp=F374 banks=0D/02/03 flow=01 screen=00 engine=00 screenEnt=01 active=01 input=01 render=01 hero=00 prt=01 pei=00 pxy=136,144 e0=a01 p01 s00 xy136,144 spr00 cfg00 e1=a01 p00 s01 xy240,144
BP_init_player_1 pc=60C7 sp=F374 banks=0D/02/03 flow=01 screen=00 engine=00 screenEnt=01 active=01 input=01 render=01 hero=00 prt=01 pei=00 pxy=136,144 e0=a01 p01 s00 xy136,144 spr00 cfg00 e1=a01 p00 s01 xy240,144
BP_init_player_1 pc=60C7 sp=F374 banks=0D/02/03 flow=01 screen=00 engine=00 screenEnt=01 active=01 input=01 render=01 hero=00 prt=01 pei=00 pxy=136,144 e0=a01 p01 s00 xy136,144 spr00 cfg00 e1=a01 p00 s01 xy240,144
BP_init_player_1 pc=60C7 sp=F374 banks=0D/02/03 flow=01 screen=00 engine=00 screenEnt=01 active=01 input=01 render=01 hero=00 prt=01 pei=00 pxy=136,144 e0=a01 p01 s00 xy136,144 spr00 cfg00 e1=a01 p00 s01 xy240,144
BP_init_player_1 pc=60C7 sp=F374 banks=0D/02/03 flow=01 screen=00 engine=00 screenEnt=01 active=01 input=01 render=01 hero=00 prt=01 pei=00 pxy=136,144 e0=a01 p01 s00 xy136,144 spr00 cfg00 e1=a01 p00 s01 xy240,144
BP_init_player_1 pc=60C7 sp=F374 banks=0D/02/03 flow=01 screen=00 engine=00 screenEnt=01 active=01 input=01 render=01 hero=00 prt=01 pei=00 pxy=136,144 e0=a01 p01 s00 xy136,144 spr00 cfg00 e1=a01 p00 s01 xy240,144
BP_init_player_1 pc=60C7 sp=F374 banks=0D/02/03 flow=01 screen=00 engine=00 screenEnt=01 active=01 input=01 render=01 hero=00 prt=01 pei=00 pxy=136,144 e0=a01 p01 s00 xy136,144 spr00 cfg00 e1=a01 p00 s01 xy240,144
BP_init_player_1 pc=60C7 sp=F374 banks=0D/02/03 flow=01 screen=00 engine=00 screenEnt=01 active=01 input=01 render=01 hero=00 prt=01 pei=00 pxy=136,144 e0=a01 p01 s00 xy136,144 spr00 cfg00 e1=a01 p00 s01 xy240,144
BP_init_player_1 pc=60C7 sp=F374 banks=0D/02/03 flow=01 screen=00 engine=00 screenEnt=01 active=01 input=01 render=01 hero=00 prt=01 pei=00 pxy=136,144 e0=a01 p01 s00 xy136,144 spr00 cfg00 e1=a01 p00 s01 xy240,144
BP_init_player_1 pc=60C7 sp=F374 banks=0D/02/03 flow=01 screen=00 engine=00 screenEnt=01 active=01 input=01 render=01 hero=00 prt=01 pei=00 pxy=136,144 e0=a01 p01 s00 xy136,144 spr00 cfg00 e1=a01 p00 s01 xy240,144
BP_init_player_1 pc=60C7 sp=F374 banks=0D/02/03 flow=01 screen=00 engine=00 screenEnt=01 active=01 input=01 render=01 hero=00 prt=01 pei=00 pxy=136,144 e0=a01 p01 s00 xy136,144 spr00 cfg00 e1=a01 p00 s01 xy240,144
BP_init_player_1 pc=60C7 sp=F374 banks=0D/02/03 flow=01 screen=00 engine=00 screenEnt=01 active=01 input=01 render=01 hero=00 prt=01 pei=00 pxy=136,144 e0=a01 p01 s00 xy136,144 spr00 cfg00 e1=a01 p00 s01 xy240,144
BP_init_player_1 pc=60C7 sp=F374 banks=0D/02/03 flow=01 screen=00 engine=00 screenEnt=01 active=01 input=01 render=01 hero=00 prt=01 pei=00 pxy=136,144 e0=a01 p01 s00 xy136,144 spr00 cfg00 e1=a01 p00 s01 xy240,144
BP_init_player_1 pc=60C7 sp=F374 banks=0D/02/03 flow=01 screen=00 engine=00 screenEnt=01 active=01 input=01 render=01 hero=00 prt=01 pei=00 pxy=136,144 e0=a01 p01 s00 xy136,144 spr00 cfg00 e1=a01 p00 s01 xy240,144
BP_init_player_1 pc=60C7 sp=F374 banks=0D/02/03 flow=01 screen=00 engine=00 screenEnt=01 active=01 input=01 render=01 hero=00 prt=01 pei=00 pxy=136,144 e0=a01 p01 s00 xy136,144 spr00 cfg00 e1=a01 p00 s01 xy240,144
BP_init_player_1 pc=60C7 sp=F374 banks=0D/02/03 flow=01 screen=00 engine=00 screenEnt=01 active=01 input=01 render=01 hero=00 prt=01 pei=00 pxy=136,144 e0=a01 p01 s00 xy136,144 spr00 cfg00 e1=a01 p00 s01 xy240,144
BP_init_player_1 pc=60C7 sp=F374 banks=0D/02/03 flow=01 screen=00 engine=00 screenEnt=01 active=01 input=01 render=01 hero=00 prt=01 pei=00 pxy=136,144 e0=a01 p01 s00 xy136,144 spr00 cfg00 e1=a01 p00 s01 xy240,144
BP_init_player_1 pc=60C7 sp=F374 banks=0D/02/03 flow=01 screen=00 engine=00 screenEnt=01 active=01 input=01 render=01 hero=00 prt=01 pei=00 pxy=136,144 e0=a01 p01 s00 xy136,144 spr00 cfg00 e1=a01 p00 s01 xy240,144
BP_init_player_1 pc=60C7 sp=F374 banks=0D/02/03 flow=01 screen=00 engine=00 screenEnt=01 active=01 input=01 render=01 hero=00 prt=01 pei=00 pxy=136,144 e0=a01 p01 s00 xy136,144 spr00 cfg00 e1=a01 p00 s01 xy240,144
BP_init_player_1 pc=60C7 sp=F374 banks=0D/02/03 flow=01 screen=00 engine=00 screenEnt=01 active=01 input=01 render=01 hero=00 prt=01 pei=00 pxy=136,144 e0=a01 p01 s00 xy136,144 spr00 cfg00 e1=a01 p00 s01 xy240,144
BP_init_player_1 pc=60C7 sp=F374 banks=0D/02/03 flow=01 screen=00 engine=00 screenEnt=01 active=01 input=01 render=01 hero=00 prt=01 pei=00 pxy=136,144 e0=a01 p01 s00 xy136,144 spr00 cfg00 e1=a01 p00 s01 xy240,144
BP_init_player_1 pc=60C7 sp=F374 banks=0D/02/03 flow=01 screen=00 engine=00 screenEnt=01 active=01 input=01 render=01 hero=00 prt=01 pei=00 pxy=136,144 e0=a01 p01 s00 xy136,144 spr00 cfg00 e1=a01 p00 s01 xy240,144
BP_init_player_1 pc=60C7 sp=F374 banks=0D/02/03 flow=01 screen=00 engine=00 screenEnt=01 active=01 input=01 render=01 hero=00 prt=01 pei=00 pxy=136,144 e0=a01 p01 s00 xy136,144 spr00 cfg00 e1=a01 p00 s01 xy240,144
BP_init_player_1 pc=60C7 sp=F374 banks=0D/02/03 flow=01 screen=00 engine=00 screenEnt=01 active=01 input=01 render=01 hero=00 prt=01 pei=00 pxy=136,144 e0=a01 p01 s00 xy136,144 spr00 cfg00 e1=a01 p00 s01 xy240,144
BP_init_player_1 pc=60C7 sp=F374 banks=0D/02/03 flow=01 screen=00 engine=00 screenEnt=01 active=01 input=01 render=01 hero=00 prt=01 pei=00 pxy=136,144 e0=a01 p01 s00 xy136,144 spr00 cfg00 e1=a01 p00 s01 xy240,144
BP_init_player_1 pc=60C7 sp=F374 banks=0D/02/03 flow=01 screen=00 engine=00 screenEnt=01 active=01 input=01 render=01 hero=00 prt=01 pei=00 pxy=136,144 e0=a01 p01 s00 xy136,144 spr00 cfg00 e1=a01 p00 s01 xy240,144
BP_init_player_1 pc=60C7 sp=F374 banks=0D/02/03 flow=01 screen=00 engine=00 screenEnt=01 active=01 input=01 render=01 hero=00 prt=01 pei=00 pxy=136,144 e0=a01 p01 s00 xy136,144 spr00 cfg00 e1=a01 p00 s01 xy240,144
BP_init_player_1 pc=60C7 sp=F374 banks=0D/02/03 flow=01 screen=00 engine=00 screenEnt=01 active=01 input=01 render=01 hero=00 prt=01 pei=00 pxy=136,144 e0=a01 p01 s00 xy136,144 spr00 cfg00 e1=a01 p00 s01 xy240,144
BP_init_player_1 pc=60C7 sp=F374 banks=0D/02/03 flow=01 screen=00 engine=00 screenEnt=01 active=01 input=01 render=01 hero=00 prt=01 pei=00 pxy=136,144 e0=a01 p01 s00 xy136,144 spr00 cfg00 e1=a01 p00 s01 xy240,144
BP_init_player_1 pc=60C7 sp=F374 banks=0D/02/03 flow=01 screen=00 engine=00 screenEnt=01 active=01 input=01 render=01 hero=00 prt=01 pei=00 pxy=136,144 e0=a01 p01 s00 xy136,144 spr00 cfg00 e1=a01 p00 s01 xy240,144
BP_init_player_1 pc=60C7 sp=F374 banks=0D/02/03 flow=01 screen=00 engine=00 screenEnt=01 active=01 input=01 render=01 hero=00 prt=01 pei=00 pxy=136,144 e0=a01 p01 s00 xy136,144 spr00 cfg00 e1=a01 p00 s01 xy240,144
BP_init_player_1 pc=60C7 sp=F374 banks=0D/02/03 flow=01 screen=00 engine=00 screenEnt=01 active=01 input=01 render=01 hero=00 prt=01 pei=00 pxy=136,144 e0=a01 p01 s00 xy136,144 spr00 cfg00 e1=a01 p00 s01 xy240,144
BP_init_player_1 pc=60C7 sp=F374 banks=0D/02/03 flow=01 screen=00 engine=00 screenEnt=01 active=01 input=01 render=01 hero=00 prt=01 pei=00 pxy=136,144 e0=a01 p01 s00 xy136,144 spr00 cfg00 e1=a01 p00 s01 xy240,144
BP_init_player_1 pc=60C7 sp=F374 banks=0D/02/03 flow=01 screen=00 engine=00 screenEnt=01 active=01 input=01 render=01 hero=00 prt=01 pei=00 pxy=136,144 e0=a01 p01 s00 xy136,144 spr00 cfg00 e1=a01 p00 s01 xy240,144
BP_init_player_1 pc=60C7 sp=F374 banks=0D/02/03 flow=01 screen=00 engine=00 screenEnt=01 active=01 input=01 render=01 hero=00 prt=01 pei=00 pxy=136,144 e0=a01 p01 s00 xy136,144 spr00 cfg00 e1=a01 p00 s01 xy240,144
BP_init_player_1 pc=60C7 sp=F374 banks=0D/02/03 flow=01 screen=00 engine=00 screenEnt=01 active=01 input=01 render=01 hero=00 prt=01 pei=00 pxy=136,144 e0=a01 p01 s00 xy136,144 spr00 cfg00 e1=a01 p00 s01 xy240,144
BP_init_player_1 pc=60C7 sp=F374 banks=0D/02/03 flow=01 screen=00 engine=00 screenEnt=01 active=01 input=01 render=01 hero=00 prt=01 pei=00 pxy=136,144 e0=a01 p01 s00 xy136,144 spr00 cfg00 e1=a01 p00 s01 xy240,144
BP_init_player_1 pc=60C7 sp=F374 banks=0D/02/03 flow=01 screen=00 engine=00 screenEnt=01 active=01 input=01 render=01 hero=00 prt=01 pei=00 pxy=136,144 e0=a01 p01 s00 xy136,144 spr00 cfg00 e1=a01 p00 s01 xy240,144
BP_init_player_1 pc=60C7 sp=F374 banks=0D/02/03 flow=01 screen=00 engine=00 screenEnt=01 active=01 input=01 render=01 hero=00 prt=01 pei=00 pxy=136,144 e0=a01 p01 s00 xy136,144 spr00 cfg00 e1=a01 p00 s01 xy240,144
BP_init_player_1 pc=60C7 sp=F374 banks=0D/02/03 flow=01 screen=00 engine=00 screenEnt=01 active=01 input=01 render=01 hero=00 prt=01 pei=00 pxy=136,144 e0=a01 p01 s00 xy136,144 spr00 cfg00 e1=a01 p00 s01 xy240,144
BP_init_player_1 pc=60C7 sp=F374 banks=0D/02/03 flow=01 screen=00 engine=00 screenEnt=01 active=01 input=01 render=01 hero=00 prt=01 pei=00 pxy=136,144 e0=a01 p01 s00 xy136,144 spr00 cfg00 e1=a01 p00 s01 xy240,144
BP_init_player_1 pc=60C7 sp=F374 banks=0D/02/03 flow=01 screen=00 engine=00 screenEnt=01 active=01 input=01 render=01 hero=00 prt=01 pei=00 pxy=136,144 e0=a01 p01 s00 xy136,144 spr00 cfg00 e1=a01 p00 s01 xy240,144
BP_init_player_1 pc=60C7 sp=F374 banks=0D/02/03 flow=01 screen=00 engine=00 screenEnt=01 active=01 input=01 render=01 hero=00 prt=01 pei=00 pxy=136,144 e0=a01 p01 s00 xy136,144 spr00 cfg00 e1=a01 p00 s01 xy240,144
BP_init_player_1 pc=60C7 sp=F374 banks=0D/02/03 flow=01 screen=00 engine=00 screenEnt=01 active=01 input=01 render=01 hero=00 prt=01 pei=00 pxy=136,144 e0=a01 p01 s00 xy136,144 spr00 cfg00 e1=a01 p00 s01 xy240,144
BP_init_player_1 pc=60C7 sp=F374 banks=0D/02/03 flow=01 screen=00 engine=00 screenEnt=01 active=01 input=01 render=01 hero=00 prt=01 pei=00 pxy=136,144 e0=a01 p01 s00 xy136,144 spr00 cfg00 e1=a01 p00 s01 xy240,144
BP_init_player_1 pc=60C7 sp=F374 banks=0D/02/03 flow=01 screen=00 engine=00 screenEnt=01 active=01 input=01 render=01 hero=00 prt=01 pei=00 pxy=136,144 e0=a01 p01 s00 xy136,144 spr00 cfg00 e1=a01 p00 s01 xy240,144
BP_init_player_1 pc=60C7 sp=F374 banks=0D/02/03 flow=01 screen=00 engine=00 screenEnt=01 active=01 input=01 render=01 hero=00 prt=01 pei=00 pxy=136,144 e0=a01 p01 s00 xy136,144 spr00 cfg00 e1=a01 p00 s01 xy240,144
BP_init_player_1 pc=60C7 sp=F374 banks=0D/02/03 flow=01 screen=00 engine=00 screenEnt=01 active=01 input=01 render=01 hero=00 prt=01 pei=00 pxy=136,144 e0=a01 p01 s00 xy136,144 spr00 cfg00 e1=a01 p00 s01 xy240,144
BP_init_player_1 pc=60C7 sp=F374 banks=0D/02/03 flow=01 screen=00 engine=00 screenEnt=01 active=01 input=01 render=01 hero=00 prt=01 pei=00 pxy=136,144 e0=a01 p01 s00 xy136,144 spr00 cfg00 e1=a01 p00 s01 xy240,144
BP_init_player_1 pc=60C7 sp=F374 banks=0D/02/03 flow=01 screen=00 engine=00 screenEnt=01 active=01 input=01 render=01 hero=00 prt=01 pei=00 pxy=136,144 e0=a01 p01 s00 xy136,144 spr00 cfg00 e1=a01 p00 s01 xy240,144
t17 pc=A16B sp=F37C banks=01/02/03 flow=01 screen=00 engine=00 screenEnt=01 active=01 input=01 render=01 hero=00 prt=01 pei=00 pxy=136,144 e0=a01 p01 s00 xy136,144 spr00 cfg00 e1=a01 p00 s01 xy240,144
