space_intro_before pc=602B sp=F374 bank=04/02/03 flow=00 menu=FF screen=00 pack=FF slots=FF player=FF pxy=0,0
space_intro_before entity_active=01 01 01 01 01 01 FF FF
space_intro_before entity_sprite_asset_index=07 09 00 00 01 07 FF FF FF FF FF FF FF FF FF FF
space_intro_before base_slots=00 00 00 00 00 00 00 00 00 00 00 00 00 00 00 00
space_intro_before sat_ram=E0 08 00 06 E0 08 04 0F E0 60 00 0E E0 FF FF FF E0 FF FF FF E0 FF FF FF E0 FF FF FF E0 FF FF FF E0 FF FF FF E0 FF FF FF E0 FF FF FF E0 FF FF FF
space_intro_before sat_vram=E0 08 00 06 E0 08 04 0F E0 60 00 0E E0 FF FF FF E0 FF FF FF E0 FF FF FF E0 FF FF FF E0 FF FF FF E0 FF FF FF E0 FF FF FF E0 FF FF FF D1 00 2C 00
space_intro_before sprite_pattern_vram_0000=00 00 00 00 00 00 00 00 00 00 00 00 00 00 00 00 00 00 00 00 00 00 00 00 00 00 00 00 00 00 00 00 00 00 00 00 00 00 00 00 00 00 00 00 00 00 00 00 00 00 00 00 00 00 00 00 00 00 00 00 00 00 00 00
space_intro_before sprite_pattern_vram_0C00=00 00 00 00 00 00 00 00 00 00 00 00 00 00 00 00 00 00 00 00 00 00 00 00 00 00 00 00 00 00 00 00 00 00 00 00 00 00 00 00 00 00 00 00 00 00 00 00 00 00 00 00 00 00 00 00 00 00 00 00 00 00 00 00
space_intro_after pc=4694 sp=F366 bank=0F/02/11 flow=00 menu=FF screen=00 pack=FF slots=FF player=FF pxy=0,0
space_intro_after entity_active=01 01 01 01 01 01 FF FF
space_intro_after entity_sprite_asset_index=19 19 7E 23 66 6F 7C B7 CA 88 61 3E 01 B7 28 0A
space_intro_after base_slots=00 00 00 00 00 00 00 00 00 00 00 00 00 00 00 00
space_intro_after sat_ram=E0 08 00 06 E0 08 04 0F E0 60 00 0E E0 FF FF FF E0 FF FF FF E0 FF FF FF E0 FF FF FF E0 FF FF FF E0 FF FF FF E0 FF FF FF E0 FF FF FF E0 FF FF FF
space_intro_after sat_vram=E0 08 00 06 E0 08 04 0F E0 60 00 0E E0 FF FF FF E0 FF FF FF E0 FF FF FF E0 FF FF FF E0 FF FF FF E0 FF FF FF E0 FF FF FF E0 FF FF FF D1 00 2C 00
space_intro_after sprite_pattern_vram_0000=00 00 00 00 00 00 00 00 00 00 00 00 00 00 00 00 00 00 00 00 00 00 00 00 00 00 00 00 00 00 00 00 00 00 00 00 00 00 00 00 00 00 00 00 00 00 00 00 00 00 00 00 00 00 00 00 00 00 00 00 00 00 00 00
space_intro_after sprite_pattern_vram_0C00=00 00 00 00 00 00 00 00 00 00 00 00 00 00 00 00 00 00 00 00 00 00 00 00 00 00 00 00 00 00 00 00 00 00 00 00 00 00 00 00 00 00 00 00 00 00 00 00 00 00 00 00 00 00 00 00 00 00 00 00 00 00 00 00
space_start_before pc=682B sp=F340 bank=08/02/03 flow=00 menu=00 screen=00 pack=FF slots=FF player=00 pxy=8,80
space_start_before entity_active=01 01 01 01 01 01 FF FF
space_start_before entity_sprite_asset_index=07 09 00 00 01 07 FF FF FF FF FF FF FF FF FF FF
space_start_before base_slots=00 00 00 00 00 00 00 00 00 00 00 00 00 00 00 00
space_start_before sat_ram=E0 08 00 06 E0 08 04 0F E0 60 00 0E E0 FF FF FF E0 FF FF FF E0 FF FF FF E0 FF FF FF E0 FF FF FF E0 FF FF FF E0 FF FF FF E0 FF FF FF E0 FF FF FF
space_start_before sat_vram=E0 08 00 06 E0 08 04 0F E0 60 00 0E E0 FF FF FF E0 FF FF FF E0 FF FF FF E0 FF FF FF E0 FF FF FF E0 FF FF FF E0 FF FF FF E0 FF FF FF D1 00 2C 00
space_start_before sprite_pattern_vram_0000=00 00 00 00 00 00 00 00 00 00 00 00 00 00 00 00 00 00 00 00 00 00 00 00 00 00 00 00 00 00 00 00 00 00 00 00 00 00 00 00 00 00 00 00 00 00 00 00 00 00 00 00 00 00 00 00 00 00 00 00 00 00 00 00
space_start_before sprite_pattern_vram_0C00=00 00 00 00 00 00 00 00 00 00 00 00 00 00 00 00 00 00 00 00 00 00 00 00 00 00 00 00 00 00 00 00 00 00 00 00 00 00 00 00 00 00 00 00 00 00 00 00 00 00 00 00 00 00 00 00 00 00 00 00 00 00 00 00
BP_worldlink pc=A5AF sp=F380 bank=01/02/03 flow=00 menu=00 screen=00 pack=FF slots=FF player=00 pxy=8,80
BP_worldlink entity_active=01 01 01 01 01 01 FF FF
BP_worldlink entity_sprite_asset_index=07 09 00 00 01 07 FF FF FF FF FF FF FF FF FF FF
BP_worldlink base_slots=00 00 00 00 00 00 00 00 00 00 00 00 00 00 00 00
BP_worldlink sat_ram=E0 08 00 06 E0 08 04 0F E0 60 00 0E E0 FF FF FF E0 FF FF FF E0 FF FF FF E0 FF FF FF E0 FF FF FF E0 FF FF FF E0 FF FF FF E0 FF FF FF E0 FF FF FF
BP_worldlink sat_vram=E0 08 00 06 E0 08 04 0F E0 60 00 0E E0 FF FF FF E0 FF FF FF E0 FF FF FF E0 FF FF FF E0 FF FF FF E0 FF FF FF E0 FF FF FF E0 FF FF FF D1 00 2C 00
BP_worldlink sprite_pattern_vram_0000=00 00 00 00 00 00 00 00 00 00 00 00 00 00 00 00 00 00 00 00 00 00 00 00 00 00 00 00 00 00 00 00 00 00 00 00 00 00 00 00 00 00 00 00 00 00 00 00 00 00 00 00 00 00 00 00 00 00 00 00 00 00 00 00
BP_worldlink sprite_pattern_vram_0C00=00 00 00 00 00 00 00 00 00 00 00 00 00 00 00 00 00 00 00 00 00 00 00 00 00 00 00 00 00 00 00 00 00 00 00 00 00 00 00 00 00 00 00 00 00 00 00 00 00 00 00 00 00 00 00 00 00 00 00 00 00 00 00 00
space_start_after pc=4691 sp=F360 bank=06/02/12 flow=00 menu=00 screen=00 pack=FF slots=FF player=00 pxy=8,80
space_start_after entity_active=01 01 01 01 01 01 FF FF
space_start_after entity_sprite_asset_index=07 09 00 00 01 07 FF FF FF FF FF FF FF FF FF FF
space_start_after base_slots=00 04 00 06 0A 0C 12 16 1A 1C 1E 22 26 28 2E 32
space_start_after sat_ram=E0 08 00 06 E0 08 04 0F E0 60 00 0E E0 FF FF FF E0 FF FF FF E0 FF FF FF E0 FF FF FF E0 FF FF FF E0 FF FF FF E0 FF FF FF E0 FF FF FF E0 FF FF FF
space_start_after sat_vram=E0 08 00 06 E0 08 04 0F E0 60 00 0E E0 FF FF FF E0 FF FF FF E0 FF FF FF E0 FF FF FF E0 FF FF FF E0 FF FF FF E0 FF FF FF E0 FF FF FF D1 00 2C 00
space_start_after sprite_pattern_vram_0000=00 00 01 01 03 02 03 01 00 00 00 09 0E 07 04 0A 00 C0 B0 D0 58 DC F7 E0 40 00 E0 F8 F8 F0 08 14 00 00 00 00 00 01 00 40 60 30 19 16 11 08 00 04 00 00 00 20 A0 20 00 00 00 E0 18 04 04 08 00 08
space_start_after sprite_pattern_vram_0C00=07 07 05 0C 18 20 20 03 02 03 07 0F 00 01 00 01 F8 00 00 00 00 00 00 C0 40 C0 E0 F0 00 00 00 40 00 00 00 02 03 01 01 00 00 00 00 00 01 00 01 00 00 F0 D0 D8 F8 F0 80 00 80 00 00 00 00 00 00 80
BP_worldloop pc=A702 sp=F37C bank=01/02/03 flow=01 menu=00 screen=00 pack=00 slots=31 player=00 pxy=8,80
BP_worldloop entity_active=01 01 01 01 01 01 FF FF
BP_worldloop entity_sprite_asset_index=07 09 00 00 01 07 FF FF FF FF FF FF FF FF FF FF
BP_worldloop base_slots=00 04 00 06 0A 0C 12 16 1A 1C 1E 22 26 28 2E 32
BP_worldloop sat_ram=E0 08 00 06 E0 08 04 0F E0 60 00 0E E0 FF FF FF E0 FF FF FF E0 FF FF FF E0 FF FF FF E0 FF FF FF E0 FF FF FF E0 FF FF FF E0 FF FF FF E0 FF FF FF
BP_worldloop sat_vram=E0 08 00 06 E0 08 04 0F E0 60 00 0E E0 FF FF FF E0 FF FF FF E0 FF FF FF E0 FF FF FF E0 FF FF FF E0 FF FF FF E0 FF FF FF E0 FF FF FF D1 00 2C 00
BP_worldloop sprite_pattern_vram_0000=00 00 01 01 03 02 03 01 00 00 00 09 0E 07 04 0A 00 C0 B0 D0 58 DC F7 E0 40 00 E0 F8 F8 F0 08 14 00 00 00 00 00 01 00 40 60 30 19 16 11 08 00 04 00 00 00 20 A0 20 00 00 00 E0 18 04 04 08 00 08
BP_worldloop sprite_pattern_vram_0C00=07 07 05 0C 18 20 20 03 02 03 07 0F 00 01 00 01 F8 00 00 00 00 00 00 C0 40 C0 E0 F0 00 00 00 40 00 00 00 02 03 01 01 00 00 00 00 00 01 00 01 00 00 F0 D0 D8 F8 F0 80 00 80 00 00 00 00 00 00 80
BP_worldloop pc=A702 sp=F37C bank=01/02/03 flow=01 menu=00 screen=00 pack=00 slots=31 player=00 pxy=8,80
BP_worldloop entity_active=01 01 01 01 01 01 FF FF
BP_worldloop entity_sprite_asset_index=07 09 00 00 01 07 FF FF FF FF FF FF FF FF FF FF
BP_worldloop base_slots=00 04 00 06 0A 0C 12 16 1A 1C 1E 22 26 28 2E 32
BP_worldloop sat_ram=E0 08 00 06 E0 08 04 0F E0 60 00 0E E0 FF FF FF E0 FF FF FF E0 FF FF FF E0 FF FF FF E0 FF FF FF E0 FF FF FF E0 FF FF FF E0 FF FF FF E0 FF FF FF
BP_worldloop sat_vram=E0 08 00 06 E0 08 04 0F E0 60 00 0E E0 FF FF FF E0 FF FF FF E0 FF FF FF E0 FF FF FF E0 FF FF FF E0 FF FF FF E0 FF FF FF E0 FF FF FF D1 00 2C 00
BP_worldloop sprite_pattern_vram_0000=00 00 01 01 03 02 03 01 00 00 00 09 0E 07 04 0A 00 C0 B0 D0 58 DC F7 E0 40 00 E0 F8 F8 F0 08 14 00 00 00 00 00 01 00 40 60 30 19 16 11 08 00 04 00 00 00 20 A0 20 00 00 00 E0 18 04 04 08 00 08
BP_worldloop sprite_pattern_vram_0C00=07 07 05 0C 18 20 20 03 02 03 07 0F 00 01 00 01 F8 00 00 00 00 00 00 C0 40 C0 E0 F0 00 00 00 40 00 00 00 02 03 01 01 00 00 00 00 00 01 00 01 00 00 F0 D0 D8 F8 F0 80 00 80 00 00 00 00 00 00 80
BP_worldloop pc=A702 sp=F37C bank=01/02/03 flow=01 menu=00 screen=00 pack=00 slots=31 player=00 pxy=8,80
BP_worldloop entity_active=01 01 01 01 01 01 FF FF
BP_worldloop entity_sprite_asset_index=07 09 00 00 01 07 FF FF FF FF FF FF FF FF FF FF
BP_worldloop base_slots=00 04 00 06 0A 0C 12 16 1A 1C 1E 22 26 28 2E 32
BP_worldloop sat_ram=E0 08 00 06 E0 08 04 0F E0 60 00 0E E0 FF FF FF E0 FF FF FF E0 FF FF FF E0 FF FF FF E0 FF FF FF E0 FF FF FF E0 FF FF FF E0 FF FF FF E0 FF FF FF
BP_worldloop sat_vram=E0 08 00 06 E0 08 04 0F E0 60 00 0E E0 FF FF FF E0 FF FF FF E0 FF FF FF E0 FF FF FF E0 FF FF FF E0 FF FF FF E0 FF FF FF E0 FF FF FF D1 00 2C 00
BP_worldloop sprite_pattern_vram_0000=00 00 01 01 03 02 03 01 00 00 00 09 0E 07 04 0A 00 C0 B0 D0 58 DC F7 E0 40 00 E0 F8 F8 F0 08 14 00 00 00 00 00 01 00 40 60 30 19 16 11 08 00 04 00 00 00 20 A0 20 00 00 00 E0 18 04 04 08 00 08
BP_worldloop sprite_pattern_vram_0C00=07 07 05 0C 18 20 20 03 02 03 07 0F 00 01 00 01 F8 00 00 00 00 00 00 C0 40 C0 E0 F0 00 00 00 40 00 00 00 02 03 01 01 00 00 00 00 00 01 00 01 00 00 F0 D0 D8 F8 F0 80 00 80 00 00 00 00 00 00 80
BP_worldloop pc=A702 sp=F37C bank=01/02/03 flow=01 menu=00 screen=00 pack=00 slots=31 player=00 pxy=8,80
BP_worldloop entity_active=01 01 01 01 01 01 FF FF
BP_worldloop entity_sprite_asset_index=07 09 00 00 01 07 FF FF FF FF FF FF FF FF FF FF
BP_worldloop base_slots=00 04 00 06 0A 0C 12 16 1A 1C 1E 22 26 28 2E 32
BP_worldloop sat_ram=E0 08 00 06 E0 08 04 0F A0 61 70 0E E0 FF FF FF E0 FF FF FF E0 FF FF FF E0 FF FF FF E0 FF FF FF E0 FF FF FF E0 FF FF FF E0 FF FF FF E0 FF FF FF
BP_worldloop sat_vram=E0 08 00 06 E0 08 04 0F A0 61 70 0E E0 FF FF FF E0 FF FF FF E0 FF FF FF E0 FF FF FF E0 FF FF FF E0 FF FF FF E0 FF FF FF E0 FF FF FF D1 00 2C 00
BP_worldloop sprite_pattern_vram_0000=00 00 01 01 03 02 03 01 00 00 00 09 0E 07 04 0A 00 C0 B0 D0 58 DC F7 E0 40 00 E0 F8 F8 F0 08 14 00 00 00 00 00 01 00 40 60 30 19 16 11 08 00 04 00 00 00 20 A0 20 00 00 00 E0 18 04 04 08 00 08
BP_worldloop sprite_pattern_vram_0C00=07 07 05 0C 18 20 20 03 02 03 07 0F 00 01 00 01 F8 00 00 00 00 00 00 C0 40 C0 E0 F0 00 00 00 40 00 00 00 02 03 01 01 00 00 00 00 00 01 00 01 00 00 F0 D0 D8 F8 F0 80 00 80 00 00 00 00 00 00 80
BP_worldloop pc=A702 sp=F37C bank=01/02/03 flow=01 menu=00 screen=00 pack=00 slots=31 player=00 pxy=8,80
BP_worldloop entity_active=01 01 01 01 01 01 FF FF
BP_worldloop entity_sprite_asset_index=07 09 00 00 01 07 FF FF FF FF FF FF FF FF FF FF
BP_worldloop base_slots=00 04 00 06 0A 0C 12 16 1A 1C 1E 22 26 28 2E 32
BP_worldloop sat_ram=E0 08 00 06 E0 08 04 0F A0 61 70 0E E0 FF FF FF E0 FF FF FF E0 FF FF FF E0 FF FF FF E0 FF FF FF E0 FF FF FF E0 FF FF FF E0 FF FF FF E0 FF FF FF
BP_worldloop sat_vram=E0 08 00 06 E0 08 04 0F A0 61 70 0E E0 FF FF FF E0 FF FF FF E0 FF FF FF E0 FF FF FF E0 FF FF FF E0 FF FF FF E0 FF FF FF E0 FF FF FF D1 00 2C 00
BP_worldloop sprite_pattern_vram_0000=00 00 01 01 03 02 03 01 00 00 00 09 0E 07 04 0A 00 C0 B0 D0 58 DC F7 E0 40 00 E0 F8 F8 F0 08 14 00 00 00 00 00 01 00 40 60 30 19 16 11 08 00 04 00 00 00 20 A0 20 00 00 00 E0 18 04 04 08 00 08
BP_worldloop sprite_pattern_vram_0C00=07 07 05 0C 18 20 20 03 02 03 07 0F 00 01 00 01 F8 00 00 00 00 00 00 C0 40 C0 E0 F0 00 00 00 40 00 00 00 02 03 01 01 00 00 00 00 00 01 00 01 00 00 F0 D0 D8 F8 F0 80 00 80 00 00 00 00 00 00 80
BP_worldloop pc=A702 sp=F37C bank=01/02/03 flow=01 menu=00 screen=00 pack=00 slots=31 player=00 pxy=8,80
BP_worldloop entity_active=01 01 01 01 01 01 FF FF
BP_worldloop entity_sprite_asset_index=07 09 00 00 01 07 FF FF FF FF FF FF FF FF FF FF
BP_worldloop base_slots=00 04 00 06 0A 0C 12 16 1A 1C 1E 22 26 28 2E 32
BP_worldloop sat_ram=E0 08 00 06 E0 08 04 0F A0 61 70 0E E0 FF FF FF E0 FF FF FF E0 FF FF FF E0 FF FF FF E0 FF FF FF E0 FF FF FF E0 FF FF FF E0 FF FF FF E0 FF FF FF
BP_worldloop sat_vram=E0 08 00 06 E0 08 04 0F A0 61 70 0E E0 FF FF FF E0 FF FF FF E0 FF FF FF E0 FF FF FF E0 FF FF FF E0 FF FF FF E0 FF FF FF E0 FF FF FF D1 00 2C 00
BP_worldloop sprite_pattern_vram_0000=00 00 01 01 03 02 03 01 00 00 00 09 0E 07 04 0A 00 C0 B0 D0 58 DC F7 E0 40 00 E0 F8 F8 F0 08 14 00 00 00 00 00 01 00 40 60 30 19 16 11 08 00 04 00 00 00 20 A0 20 00 00 00 E0 18 04 04 08 00 08
BP_worldloop sprite_pattern_vram_0C00=07 07 05 0C 18 20 20 03 02 03 07 0F 00 01 00 01 F8 00 00 00 00 00 00 C0 40 C0 E0 F0 00 00 00 40 00 00 00 02 03 01 01 00 00 00 00 00 01 00 01 00 00 F0 D0 D8 F8 F0 80 00 80 00 00 00 00 00 00 80
BP_worldloop pc=A702 sp=F37C bank=01/02/03 flow=01 menu=00 screen=00 pack=00 slots=31 player=00 pxy=8,80
BP_worldloop entity_active=01 01 01 01 01 01 FF FF
BP_worldloop entity_sprite_asset_index=07 09 00 00 01 07 FF FF FF FF FF FF FF FF FF FF
BP_worldloop base_slots=00 04 00 06 0A 0C 12 16 1A 1C 1E 22 26 28 2E 32
BP_worldloop sat_ram=E0 08 00 06 E0 08 04 0F A0 62 70 0E E0 FF FF FF E0 FF FF FF E0 FF FF FF E0 FF FF FF E0 FF FF FF E0 FF FF FF E0 FF FF FF E0 FF FF FF E0 FF FF FF
BP_worldloop sat_vram=E0 08 00 06 E0 08 04 0F A0 62 70 0E E0 FF FF FF E0 FF FF FF E0 FF FF FF E0 FF FF FF E0 FF FF FF E0 FF FF FF E0 FF FF FF E0 FF FF FF D1 00 2C 00
BP_worldloop sprite_pattern_vram_0000=00 00 01 01 03 02 03 01 00 00 00 09 0E 07 04 0A 00 C0 B0 D0 58 DC F7 E0 40 00 E0 F8 F8 F0 08 14 00 00 00 00 00 01 00 40 60 30 19 16 11 08 00 04 00 00 00 20 A0 20 00 00 00 E0 18 04 04 08 00 08
BP_worldloop sprite_pattern_vram_0C00=07 07 05 0C 18 20 20 03 02 03 07 0F 00 01 00 01 F8 00 00 00 00 00 00 C0 40 C0 E0 F0 00 00 00 40 00 00 00 02 03 01 01 00 00 00 00 00 01 00 01 00 00 F0 D0 D8 F8 F0 80 00 80 00 00 00 00 00 00 80
BP_worldloop pc=A702 sp=F37C bank=01/02/03 flow=01 menu=00 screen=00 pack=00 slots=31 player=00 pxy=8,80
BP_worldloop entity_active=01 01 01 01 01 01 FF FF
BP_worldloop entity_sprite_asset_index=07 09 00 00 01 07 FF FF FF FF FF FF FF FF FF FF
BP_worldloop base_slots=00 04 00 06 0A 0C 12 16 1A 1C 1E 22 26 28 2E 32
BP_worldloop sat_ram=E0 08 00 06 E0 08 04 0F A0 62 70 0E E0 FF FF FF E0 FF FF FF E0 FF FF FF E0 FF FF FF E0 FF FF FF E0 FF FF FF E0 FF FF FF E0 FF FF FF E0 FF FF FF
BP_worldloop sat_vram=E0 08 00 06 E0 08 04 0F A0 62 70 0E E0 FF FF FF E0 FF FF FF E0 FF FF FF E0 FF FF FF E0 FF FF FF E0 FF FF FF E0 FF FF FF E0 FF FF FF D1 00 2C 00
BP_worldloop sprite_pattern_vram_0000=00 00 01 01 03 02 03 01 00 00 00 09 0E 07 04 0A 00 C0 B0 D0 58 DC F7 E0 40 00 E0 F8 F8 F0 08 14 00 00 00 00 00 01 00 40 60 30 19 16 11 08 00 04 00 00 00 20 A0 20 00 00 00 E0 18 04 04 08 00 08
BP_worldloop sprite_pattern_vram_0C00=07 07 05 0C 18 20 20 03 02 03 07 0F 00 01 00 01 F8 00 00 00 00 00 00 C0 40 C0 E0 F0 00 00 00 40 00 00 00 02 03 01 01 00 00 00 00 00 01 00 01 00 00 F0 D0 D8 F8 F0 80 00 80 00 00 00 00 00 00 80
BP_worldloop pc=A702 sp=F37C bank=01/02/03 flow=01 menu=00 screen=00 pack=00 slots=31 player=00 pxy=8,80
BP_worldloop entity_active=01 01 01 01 01 01 FF FF
BP_worldloop entity_sprite_asset_index=07 09 00 00 01 07 FF FF FF FF FF FF FF FF FF FF
BP_worldloop base_slots=00 04 00 06 0A 0C 12 16 1A 1C 1E 22 26 28 2E 32
BP_worldloop sat_ram=E0 08 00 06 E0 08 04 0F A0 62 70 0E E0 FF FF FF E0 FF FF FF E0 FF FF FF E0 FF FF FF E0 FF FF FF E0 FF FF FF E0 FF FF FF E0 FF FF FF E0 FF FF FF
BP_worldloop sat_vram=E0 08 00 06 E0 08 04 0F A0 62 70 0E E0 FF FF FF E0 FF FF FF E0 FF FF FF E0 FF FF FF E0 FF FF FF E0 FF FF FF E0 FF FF FF E0 FF FF FF D1 00 2C 00
BP_worldloop sprite_pattern_vram_0000=00 00 01 01 03 02 03 01 00 00 00 09 0E 07 04 0A 00 C0 B0 D0 58 DC F7 E0 40 00 E0 F8 F8 F0 08 14 00 00 00 00 00 01 00 40 60 30 19 16 11 08 00 04 00 00 00 20 A0 20 00 00 00 E0 18 04 04 08 00 08
BP_worldloop sprite_pattern_vram_0C00=07 07 05 0C 18 20 20 03 02 03 07 0F 00 01 00 01 F8 00 00 00 00 00 00 C0 40 C0 E0 F0 00 00 00 40 00 00 00 02 03 01 01 00 00 00 00 00 01 00 01 00 00 F0 D0 D8 F8 F0 80 00 80 00 00 00 00 00 00 80
BP_worldloop pc=A702 sp=F37C bank=01/02/03 flow=01 menu=00 screen=00 pack=00 slots=31 player=00 pxy=8,80
BP_worldloop entity_active=01 01 01 01 01 01 FF FF
BP_worldloop entity_sprite_asset_index=07 09 00 00 01 07 FF FF FF FF FF FF FF FF FF FF
BP_worldloop base_slots=00 04 00 06 0A 0C 12 16 1A 1C 1E 22 26 28 2E 32
BP_worldloop sat_ram=E0 08 00 06 E0 08 04 0F A0 63 70 0E E0 FF FF FF E0 FF FF FF E0 FF FF FF E0 FF FF FF E0 FF FF FF E0 FF FF FF E0 FF FF FF E0 FF FF FF E0 FF FF FF
BP_worldloop sat_vram=E0 08 00 06 E0 08 04 0F A0 63 70 0E E0 FF FF FF E0 FF FF FF E0 FF FF FF E0 FF FF FF E0 FF FF FF E0 FF FF FF E0 FF FF FF E0 FF FF FF D1 00 2C 00
BP_worldloop sprite_pattern_vram_0000=00 00 01 01 03 02 03 01 00 00 00 09 0E 07 04 0A 00 C0 B0 D0 58 DC F7 E0 40 00 E0 F8 F8 F0 08 14 00 00 00 00 00 01 00 40 60 30 19 16 11 08 00 04 00 00 00 20 A0 20 00 00 00 E0 18 04 04 08 00 08
BP_worldloop sprite_pattern_vram_0C00=07 07 05 0C 18 20 20 03 02 03 07 0F 00 01 00 01 F8 00 00 00 00 00 00 C0 40 C0 E0 F0 00 00 00 40 00 00 00 02 03 01 01 00 00 00 00 00 01 00 01 00 00 F0 D0 D8 F8 F0 80 00 80 00 00 00 00 00 00 80
BP_worldloop pc=A702 sp=F37C bank=01/02/03 flow=01 menu=00 screen=00 pack=00 slots=31 player=00 pxy=8,80
BP_worldloop entity_active=01 01 01 01 01 01 FF FF
BP_worldloop entity_sprite_asset_index=07 09 00 00 01 07 FF FF FF FF FF FF FF FF FF FF
BP_worldloop base_slots=00 04 00 06 0A 0C 12 16 1A 1C 1E 22 26 28 2E 32
BP_worldloop sat_ram=E0 08 00 06 E0 08 04 0F A0 63 70 0E E0 FF FF FF E0 FF FF FF E0 FF FF FF E0 FF FF FF E0 FF FF FF E0 FF FF FF E0 FF FF FF E0 FF FF FF E0 FF FF FF
BP_worldloop sat_vram=E0 08 00 06 E0 08 04 0F A0 63 70 0E E0 FF FF FF E0 FF FF FF E0 FF FF FF E0 FF FF FF E0 FF FF FF E0 FF FF FF E0 FF FF FF E0 FF FF FF D1 00 2C 00
BP_worldloop sprite_pattern_vram_0000=00 00 01 01 03 02 03 01 00 00 00 09 0E 07 04 0A 00 C0 B0 D0 58 DC F7 E0 40 00 E0 F8 F8 F0 08 14 00 00 00 00 00 01 00 40 60 30 19 16 11 08 00 04 00 00 00 20 A0 20 00 00 00 E0 18 04 04 08 00 08
BP_worldloop sprite_pattern_vram_0C00=07 07 05 0C 18 20 20 03 02 03 07 0F 00 01 00 01 F8 00 00 00 00 00 00 C0 40 C0 E0 F0 00 00 00 40 00 00 00 02 03 01 01 00 00 00 00 00 01 00 01 00 00 F0 D0 D8 F8 F0 80 00 80 00 00 00 00 00 00 80
BP_worldloop pc=A702 sp=F37C bank=01/02/03 flow=01 menu=00 screen=00 pack=00 slots=31 player=00 pxy=8,80
BP_worldloop entity_active=01 01 01 01 01 01 FF FF
BP_worldloop entity_sprite_asset_index=07 09 00 00 01 07 FF FF FF FF FF FF FF FF FF FF
BP_worldloop base_slots=00 04 00 06 0A 0C 12 16 1A 1C 1E 22 26 28 2E 32
BP_worldloop sat_ram=E0 08 00 06 E0 08 04 0F A0 64 70 0E E0 FF FF FF E0 FF FF FF E0 FF FF FF E0 FF FF FF E0 FF FF FF E0 FF FF FF E0 FF FF FF E0 FF FF FF E0 FF FF FF
BP_worldloop sat_vram=E0 08 00 06 E0 08 04 0F A0 64 70 0E E0 FF FF FF E0 FF FF FF E0 FF FF FF E0 FF FF FF E0 FF FF FF E0 FF FF FF E0 FF FF FF E0 FF FF FF D1 00 2C 00
BP_worldloop sprite_pattern_vram_0000=00 00 01 01 03 02 03 01 00 00 00 09 0E 07 04 0A 00 C0 B0 D0 58 DC F7 E0 40 00 E0 F8 F8 F0 08 14 00 00 00 00 00 01 00 40 60 30 19 16 11 08 00 04 00 00 00 20 A0 20 00 00 00 E0 18 04 04 08 00 08
BP_worldloop sprite_pattern_vram_0C00=07 07 05 0C 18 20 20 03 02 03 07 0F 00 01 00 01 F8 00 00 00 00 00 00 C0 40 C0 E0 F0 00 00 00 40 00 00 00 02 03 01 01 00 00 00 00 00 01 00 01 00 00 F0 D0 D8 F8 F0 80 00 80 00 00 00 00 00 00 80
BP_worldloop pc=A702 sp=F37C bank=01/02/03 flow=01 menu=00 screen=00 pack=00 slots=31 player=00 pxy=8,80
BP_worldloop entity_active=01 01 01 01 01 01 FF FF
BP_worldloop entity_sprite_asset_index=07 09 00 00 01 07 FF FF FF FF FF FF FF FF FF FF
BP_worldloop base_slots=00 04 00 06 0A 0C 12 16 1A 1C 1E 22 26 28 2E 32
BP_worldloop sat_ram=E0 08 00 06 E0 08 04 0F A0 64 70 0E E0 FF FF FF E0 FF FF FF E0 FF FF FF E0 FF FF FF E0 FF FF FF E0 FF FF FF E0 FF FF FF E0 FF FF FF E0 FF FF FF
BP_worldloop sat_vram=E0 08 00 06 E0 08 04 0F A0 64 70 0E E0 FF FF FF E0 FF FF FF E0 FF FF FF E0 FF FF FF E0 FF FF FF E0 FF FF FF E0 FF FF FF E0 FF FF FF D1 00 2C 00
BP_worldloop sprite_pattern_vram_0000=00 00 01 01 03 02 03 01 00 00 00 09 0E 07 04 0A 00 C0 B0 D0 58 DC F7 E0 40 00 E0 F8 F8 F0 08 14 00 00 00 00 00 01 00 40 60 30 19 16 11 08 00 04 00 00 00 20 A0 20 00 00 00 E0 18 04 04 08 00 08
BP_worldloop sprite_pattern_vram_0C00=07 07 05 0C 18 20 20 03 02 03 07 0F 00 01 00 01 F8 00 00 00 00 00 00 C0 40 C0 E0 F0 00 00 00 40 00 00 00 02 03 01 01 00 00 00 00 00 01 00 01 00 00 F0 D0 D8 F8 F0 80 00 80 00 00 00 00 00 00 80
BP_worldloop pc=A702 sp=F37C bank=01/02/03 flow=01 menu=00 screen=00 pack=00 slots=31 player=00 pxy=8,80
BP_worldloop entity_active=01 01 01 01 01 01 FF FF
BP_worldloop entity_sprite_asset_index=07 09 00 00 01 07 FF FF FF FF FF FF FF FF FF FF
BP_worldloop base_slots=00 04 00 06 0A 0C 12 16 1A 1C 1E 22 26 28 2E 32
BP_worldloop sat_ram=E0 08 00 06 E0 08 04 0F A0 64 70 0E E0 FF FF FF E0 FF FF FF E0 FF FF FF E0 FF FF FF E0 FF FF FF E0 FF FF FF E0 FF FF FF E0 FF FF FF E0 FF FF FF
BP_worldloop sat_vram=E0 08 00 06 E0 08 04 0F A0 64 70 0E E0 FF FF FF E0 FF FF FF E0 FF FF FF E0 FF FF FF E0 FF FF FF E0 FF FF FF E0 FF FF FF E0 FF FF FF D1 00 2C 00
BP_worldloop sprite_pattern_vram_0000=00 00 01 01 03 02 03 01 00 00 00 09 0E 07 04 0A 00 C0 B0 D0 58 DC F7 E0 40 00 E0 F8 F8 F0 08 14 00 00 00 00 00 01 00 40 60 30 19 16 11 08 00 04 00 00 00 20 A0 20 00 00 00 E0 18 04 04 08 00 08
BP_worldloop sprite_pattern_vram_0C00=07 07 05 0C 18 20 20 03 02 03 07 0F 00 01 00 01 F8 00 00 00 00 00 00 C0 40 C0 E0 F0 00 00 00 40 00 00 00 02 03 01 01 00 00 00 00 00 01 00 01 00 00 F0 D0 D8 F8 F0 80 00 80 00 00 00 00 00 00 80
BP_worldloop pc=A702 sp=F37C bank=01/02/03 flow=01 menu=00 screen=00 pack=00 slots=31 player=00 pxy=8,80
BP_worldloop entity_active=01 01 01 01 01 01 FF FF
BP_worldloop entity_sprite_asset_index=07 09 00 00 01 07 FF FF FF FF FF FF FF FF FF FF
BP_worldloop base_slots=00 04 00 06 0A 0C 12 16 1A 1C 1E 22 26 28 2E 32
BP_worldloop sat_ram=E0 08 00 06 E0 08 04 0F A0 65 70 0E E0 FF FF FF E0 FF FF FF E0 FF FF FF E0 FF FF FF E0 FF FF FF E0 FF FF FF E0 FF FF FF E0 FF FF FF E0 FF FF FF
BP_worldloop sat_vram=E0 08 00 06 E0 08 04 0F A0 65 70 0E E0 FF FF FF E0 FF FF FF E0 FF FF FF E0 FF FF FF E0 FF FF FF E0 FF FF FF E0 FF FF FF E0 FF FF FF D1 00 2C 00
BP_worldloop sprite_pattern_vram_0000=00 00 01 01 03 02 03 01 00 00 00 09 0E 07 04 0A 00 C0 B0 D0 58 DC F7 E0 40 00 E0 F8 F8 F0 08 14 00 00 00 00 00 01 00 40 60 30 19 16 11 08 00 04 00 00 00 20 A0 20 00 00 00 E0 18 04 04 08 00 08
BP_worldloop sprite_pattern_vram_0C00=07 07 05 0C 18 20 20 03 02 03 07 0F 00 01 00 01 F8 00 00 00 00 00 00 C0 40 C0 E0 F0 00 00 00 40 00 00 00 02 03 01 01 00 00 00 00 00 01 00 01 00 00 F0 D0 D8 F8 F0 80 00 80 00 00 00 00 00 00 80
BP_worldloop pc=A702 sp=F37C bank=01/02/03 flow=01 menu=00 screen=00 pack=00 slots=31 player=00 pxy=8,80
BP_worldloop entity_active=01 01 01 01 01 01 FF FF
BP_worldloop entity_sprite_asset_index=07 09 00 00 01 07 FF FF FF FF FF FF FF FF FF FF
BP_worldloop base_slots=00 04 00 06 0A 0C 12 16 1A 1C 1E 22 26 28 2E 32
BP_worldloop sat_ram=E0 08 00 06 E0 08 04 0F A0 65 70 0E E0 FF FF FF E0 FF FF FF E0 FF FF FF E0 FF FF FF E0 FF FF FF E0 FF FF FF E0 FF FF FF E0 FF FF FF E0 FF FF FF
BP_worldloop sat_vram=E0 08 00 06 E0 08 04 0F A0 65 70 0E E0 FF FF FF E0 FF FF FF E0 FF FF FF E0 FF FF FF E0 FF FF FF E0 FF FF FF E0 FF FF FF E0 FF FF FF D1 00 2C 00
BP_worldloop sprite_pattern_vram_0000=00 00 01 01 03 02 03 01 00 00 00 09 0E 07 04 0A 00 C0 B0 D0 58 DC F7 E0 40 00 E0 F8 F8 F0 08 14 00 00 00 00 00 01 00 40 60 30 19 16 11 08 00 04 00 00 00 20 A0 20 00 00 00 E0 18 04 04 08 00 08
BP_worldloop sprite_pattern_vram_0C00=07 07 05 0C 18 20 20 03 02 03 07 0F 00 01 00 01 F8 00 00 00 00 00 00 C0 40 C0 E0 F0 00 00 00 40 00 00 00 02 03 01 01 00 00 00 00 00 01 00 01 00 00 F0 D0 D8 F8 F0 80 00 80 00 00 00 00 00 00 80
BP_worldloop pc=A702 sp=F37C bank=01/02/03 flow=01 menu=00 screen=00 pack=00 slots=31 player=00 pxy=8,80
BP_worldloop entity_active=01 01 01 01 01 01 FF FF
BP_worldloop entity_sprite_asset_index=07 09 00 00 01 07 FF FF FF FF FF FF FF FF FF FF
BP_worldloop base_slots=00 04 00 06 0A 0C 12 16 1A 1C 1E 22 26 28 2E 32
BP_worldloop sat_ram=E0 08 00 06 E0 08 04 0F A0 65 70 0E E0 FF FF FF E0 FF FF FF E0 FF FF FF E0 FF FF FF E0 FF FF FF E0 FF FF FF E0 FF FF FF E0 FF FF FF E0 FF FF FF
BP_worldloop sat_vram=E0 08 00 06 E0 08 04 0F A0 65 70 0E E0 FF FF FF E0 FF FF FF E0 FF FF FF E0 FF FF FF E0 FF FF FF E0 FF FF FF E0 FF FF FF E0 FF FF FF D1 00 2C 00
BP_worldloop sprite_pattern_vram_0000=00 00 01 01 03 02 03 01 00 00 00 09 0E 07 04 0A 00 C0 B0 D0 58 DC F7 E0 40 00 E0 F8 F8 F0 08 14 00 00 00 00 00 01 00 40 60 30 19 16 11 08 00 04 00 00 00 20 A0 20 00 00 00 E0 18 04 04 08 00 08
BP_worldloop sprite_pattern_vram_0C00=07 07 05 0C 18 20 20 03 02 03 07 0F 00 01 00 01 F8 00 00 00 00 00 00 C0 40 C0 E0 F0 00 00 00 40 00 00 00 02 03 01 01 00 00 00 00 00 01 00 01 00 00 F0 D0 D8 F8 F0 80 00 80 00 00 00 00 00 00 80
BP_worldloop pc=A702 sp=F37C bank=01/02/03 flow=01 menu=00 screen=00 pack=00 slots=31 player=00 pxy=8,80
BP_worldloop entity_active=01 01 01 01 01 01 FF FF
BP_worldloop entity_sprite_asset_index=07 09 00 00 01 07 FF FF FF FF FF FF FF FF FF FF
BP_worldloop base_slots=00 04 00 06 0A 0C 12 16 1A 1C 1E 22 26 28 2E 32
BP_worldloop sat_ram=E0 08 00 06 E0 08 04 0F A0 66 74 0E E0 FF FF FF E0 FF FF FF E0 FF FF FF E0 FF FF FF E0 FF FF FF E0 FF FF FF E0 FF FF FF E0 FF FF FF E0 FF FF FF
BP_worldloop sat_vram=E0 08 00 06 E0 08 04 0F A0 66 74 0E E0 FF FF FF E0 FF FF FF E0 FF FF FF E0 FF FF FF E0 FF FF FF E0 FF FF FF E0 FF FF FF E0 FF FF FF D1 00 2C 00
BP_worldloop sprite_pattern_vram_0000=00 00 01 01 03 02 03 01 00 00 00 09 0E 07 04 0A 00 C0 B0 D0 58 DC F7 E0 40 00 E0 F8 F8 F0 08 14 00 00 00 00 00 01 00 40 60 30 19 16 11 08 00 04 00 00 00 20 A0 20 00 00 00 E0 18 04 04 08 00 08
BP_worldloop sprite_pattern_vram_0C00=07 07 05 0C 18 20 20 03 02 03 07 0F 00 01 00 01 F8 00 00 00 00 00 00 C0 40 C0 E0 F0 00 00 00 40 00 00 00 02 03 01 01 00 00 00 00 00 01 00 01 00 00 F0 D0 D8 F8 F0 80 00 80 00 00 00 00 00 00 80
BP_worldloop pc=A702 sp=F37C bank=01/02/03 flow=01 menu=00 screen=00 pack=00 slots=31 player=00 pxy=8,80
BP_worldloop entity_active=01 01 01 01 01 01 FF FF
BP_worldloop entity_sprite_asset_index=07 09 00 00 01 07 FF FF FF FF FF FF FF FF FF FF
BP_worldloop base_slots=00 04 00 06 0A 0C 12 16 1A 1C 1E 22 26 28 2E 32
BP_worldloop sat_ram=E0 08 00 06 E0 08 04 0F A0 66 74 0E E0 FF FF FF E0 FF FF FF E0 FF FF FF E0 FF FF FF E0 FF FF FF E0 FF FF FF E0 FF FF FF E0 FF FF FF E0 FF FF FF
BP_worldloop sat_vram=E0 08 00 06 E0 08 04 0F A0 66 74 0E E0 FF FF FF E0 FF FF FF E0 FF FF FF E0 FF FF FF E0 FF FF FF E0 FF FF FF E0 FF FF FF E0 FF FF FF D1 00 2C 00
BP_worldloop sprite_pattern_vram_0000=00 00 01 01 03 02 03 01 00 00 00 09 0E 07 04 0A 00 C0 B0 D0 58 DC F7 E0 40 00 E0 F8 F8 F0 08 14 00 00 00 00 00 01 00 40 60 30 19 16 11 08 00 04 00 00 00 20 A0 20 00 00 00 E0 18 04 04 08 00 08
BP_worldloop sprite_pattern_vram_0C00=07 07 05 0C 18 20 20 03 02 03 07 0F 00 01 00 01 F8 00 00 00 00 00 00 C0 40 C0 E0 F0 00 00 00 40 00 00 00 02 03 01 01 00 00 00 00 00 01 00 01 00 00 F0 D0 D8 F8 F0 80 00 80 00 00 00 00 00 00 80
BP_worldloop pc=A702 sp=F37C bank=01/02/03 flow=01 menu=00 screen=00 pack=00 slots=31 player=00 pxy=8,80
BP_worldloop entity_active=01 01 01 01 01 01 FF FF
BP_worldloop entity_sprite_asset_index=07 09 00 00 01 07 FF FF FF FF FF FF FF FF FF FF
BP_worldloop base_slots=00 04 00 06 0A 0C 12 16 1A 1C 1E 22 26 28 2E 32
BP_worldloop sat_ram=E0 08 00 06 E0 08 04 0F A0 67 74 0E E0 FF FF FF E0 FF FF FF E0 FF FF FF E0 FF FF FF E0 FF FF FF E0 FF FF FF E0 FF FF FF E0 FF FF FF E0 FF FF FF
BP_worldloop sat_vram=E0 08 00 06 E0 08 04 0F A0 67 74 0E E0 FF FF FF E0 FF FF FF E0 FF FF FF E0 FF FF FF E0 FF FF FF E0 FF FF FF E0 FF FF FF E0 FF FF FF D1 00 2C 00
BP_worldloop sprite_pattern_vram_0000=00 00 01 01 03 02 03 01 00 00 00 09 0E 07 04 0A 00 C0 B0 D0 58 DC F7 E0 40 00 E0 F8 F8 F0 08 14 00 00 00 00 00 01 00 40 60 30 19 16 11 08 00 04 00 00 00 20 A0 20 00 00 00 E0 18 04 04 08 00 08
BP_worldloop sprite_pattern_vram_0C00=07 07 05 0C 18 20 20 03 02 03 07 0F 00 01 00 01 F8 00 00 00 00 00 00 C0 40 C0 E0 F0 00 00 00 40 00 00 00 02 03 01 01 00 00 00 00 00 01 00 01 00 00 F0 D0 D8 F8 F0 80 00 80 00 00 00 00 00 00 80
BP_worldloop pc=A702 sp=F37C bank=01/02/03 flow=01 menu=00 screen=00 pack=00 slots=31 player=00 pxy=8,80
BP_worldloop entity_active=01 01 01 01 01 01 FF FF
BP_worldloop entity_sprite_asset_index=07 09 00 00 01 07 FF FF FF FF FF FF FF FF FF FF
BP_worldloop base_slots=00 04 00 06 0A 0C 12 16 1A 1C 1E 22 26 28 2E 32
BP_worldloop sat_ram=E0 08 00 06 E0 08 04 0F A0 67 74 0E E0 FF FF FF E0 FF FF FF E0 FF FF FF E0 FF FF FF E0 FF FF FF E0 FF FF FF E0 FF FF FF E0 FF FF FF E0 FF FF FF
BP_worldloop sat_vram=E0 08 00 06 E0 08 04 0F A0 67 74 0E E0 FF FF FF E0 FF FF FF E0 FF FF FF E0 FF FF FF E0 FF FF FF E0 FF FF FF E0 FF FF FF E0 FF FF FF D1 00 2C 00
BP_worldloop sprite_pattern_vram_0000=00 00 01 01 03 02 03 01 00 00 00 09 0E 07 04 0A 00 C0 B0 D0 58 DC F7 E0 40 00 E0 F8 F8 F0 08 14 00 00 00 00 00 01 00 40 60 30 19 16 11 08 00 04 00 00 00 20 A0 20 00 00 00 E0 18 04 04 08 00 08
BP_worldloop sprite_pattern_vram_0C00=07 07 05 0C 18 20 20 03 02 03 07 0F 00 01 00 01 F8 00 00 00 00 00 00 C0 40 C0 E0 F0 00 00 00 40 00 00 00 02 03 01 01 00 00 00 00 00 01 00 01 00 00 F0 D0 D8 F8 F0 80 00 80 00 00 00 00 00 00 80
BP_worldloop pc=A702 sp=F37C bank=01/02/03 flow=01 menu=00 screen=00 pack=00 slots=31 player=00 pxy=8,80
BP_worldloop entity_active=01 01 01 01 01 01 FF FF
BP_worldloop entity_sprite_asset_index=07 09 00 00 01 07 FF FF FF FF FF FF FF FF FF FF
BP_worldloop base_slots=00 04 00 06 0A 0C 12 16 1A 1C 1E 22 26 28 2E 32
BP_worldloop sat_ram=E0 08 00 06 E0 08 04 0F A0 67 74 0E E0 FF FF FF E0 FF FF FF E0 FF FF FF E0 FF FF FF E0 FF FF FF E0 FF FF FF E0 FF FF FF E0 FF FF FF E0 FF FF FF
BP_worldloop sat_vram=E0 08 00 06 E0 08 04 0F A0 67 74 0E E0 FF FF FF E0 FF FF FF E0 FF FF FF E0 FF FF FF E0 FF FF FF E0 FF FF FF E0 FF FF FF E0 FF FF FF D1 00 2C 00
BP_worldloop sprite_pattern_vram_0000=00 00 01 01 03 02 03 01 00 00 00 09 0E 07 04 0A 00 C0 B0 D0 58 DC F7 E0 40 00 E0 F8 F8 F0 08 14 00 00 00 00 00 01 00 40 60 30 19 16 11 08 00 04 00 00 00 20 A0 20 00 00 00 E0 18 04 04 08 00 08
BP_worldloop sprite_pattern_vram_0C00=07 07 05 0C 18 20 20 03 02 03 07 0F 00 01 00 01 F8 00 00 00 00 00 00 C0 40 C0 E0 F0 00 00 00 40 00 00 00 02 03 01 01 00 00 00 00 00 01 00 01 00 00 F0 D0 D8 F8 F0 80 00 80 00 00 00 00 00 00 80
BP_worldloop pc=A702 sp=F37C bank=01/02/03 flow=01 menu=00 screen=00 pack=00 slots=31 player=00 pxy=8,80
BP_worldloop entity_active=01 01 01 01 01 01 FF FF
BP_worldloop entity_sprite_asset_index=07 09 00 00 01 07 FF FF FF FF FF FF FF FF FF FF
BP_worldloop base_slots=00 04 00 06 0A 0C 12 16 1A 1C 1E 22 26 28 2E 32
BP_worldloop sat_ram=E0 08 00 06 E0 08 04 0F A0 68 74 0E E0 FF FF FF E0 FF FF FF E0 FF FF FF E0 FF FF FF E0 FF FF FF E0 FF FF FF E0 FF FF FF E0 FF FF FF E0 FF FF FF
BP_worldloop sat_vram=E0 08 00 06 E0 08 04 0F A0 68 74 0E E0 FF FF FF E0 FF FF FF E0 FF FF FF E0 FF FF FF E0 FF FF FF E0 FF FF FF E0 FF FF FF E0 FF FF FF D1 00 2C 00
BP_worldloop sprite_pattern_vram_0000=00 00 01 01 03 02 03 01 00 00 00 09 0E 07 04 0A 00 C0 B0 D0 58 DC F7 E0 40 00 E0 F8 F8 F0 08 14 00 00 00 00 00 01 00 40 60 30 19 16 11 08 00 04 00 00 00 20 A0 20 00 00 00 E0 18 04 04 08 00 08
BP_worldloop sprite_pattern_vram_0C00=07 07 05 0C 18 20 20 03 02 03 07 0F 00 01 00 01 F8 00 00 00 00 00 00 C0 40 C0 E0 F0 00 00 00 40 00 00 00 02 03 01 01 00 00 00 00 00 01 00 01 00 00 F0 D0 D8 F8 F0 80 00 80 00 00 00 00 00 00 80
BP_worldloop pc=A702 sp=F37C bank=01/02/03 flow=01 menu=00 screen=00 pack=00 slots=31 player=00 pxy=8,80
BP_worldloop entity_active=01 01 01 01 01 01 FF FF
BP_worldloop entity_sprite_asset_index=07 09 00 00 01 07 FF FF FF FF FF FF FF FF FF FF
BP_worldloop base_slots=00 04 00 06 0A 0C 12 16 1A 1C 1E 22 26 28 2E 32
BP_worldloop sat_ram=E0 08 00 06 E0 08 04 0F A0 68 74 0E E0 FF FF FF E0 FF FF FF E0 FF FF FF E0 FF FF FF E0 FF FF FF E0 FF FF FF E0 FF FF FF E0 FF FF FF E0 FF FF FF
BP_worldloop sat_vram=E0 08 00 06 E0 08 04 0F A0 68 74 0E E0 FF FF FF E0 FF FF FF E0 FF FF FF E0 FF FF FF E0 FF FF FF E0 FF FF FF E0 FF FF FF E0 FF FF FF D1 00 2C 00
BP_worldloop sprite_pattern_vram_0000=00 00 01 01 03 02 03 01 00 00 00 09 0E 07 04 0A 00 C0 B0 D0 58 DC F7 E0 40 00 E0 F8 F8 F0 08 14 00 00 00 00 00 01 00 40 60 30 19 16 11 08 00 04 00 00 00 20 A0 20 00 00 00 E0 18 04 04 08 00 08
BP_worldloop sprite_pattern_vram_0C00=07 07 05 0C 18 20 20 03 02 03 07 0F 00 01 00 01 F8 00 00 00 00 00 00 C0 40 C0 E0 F0 00 00 00 40 00 00 00 02 03 01 01 00 00 00 00 00 01 00 01 00 00 F0 D0 D8 F8 F0 80 00 80 00 00 00 00 00 00 80
BP_worldloop pc=A702 sp=F37C bank=01/02/03 flow=01 menu=00 screen=00 pack=00 slots=31 player=00 pxy=8,80
BP_worldloop entity_active=01 01 01 01 01 01 FF FF
BP_worldloop entity_sprite_asset_index=07 09 00 00 01 07 FF FF FF FF FF FF FF FF FF FF
BP_worldloop base_slots=00 04 00 06 0A 0C 12 16 1A 1C 1E 22 26 28 2E 32
BP_worldloop sat_ram=E0 08 00 06 E0 08 04 0F A0 68 74 0E E0 FF FF FF E0 FF FF FF E0 FF FF FF E0 FF FF FF E0 FF FF FF E0 FF FF FF E0 FF FF FF E0 FF FF FF E0 FF FF FF
BP_worldloop sat_vram=E0 08 00 06 E0 08 04 0F A0 68 74 0E E0 FF FF FF E0 FF FF FF E0 FF FF FF E0 FF FF FF E0 FF FF FF E0 FF FF FF E0 FF FF FF E0 FF FF FF D1 00 2C 00
BP_worldloop sprite_pattern_vram_0000=00 00 01 01 03 02 03 01 00 00 00 09 0E 07 04 0A 00 C0 B0 D0 58 DC F7 E0 40 00 E0 F8 F8 F0 08 14 00 00 00 00 00 01 00 40 60 30 19 16 11 08 00 04 00 00 00 20 A0 20 00 00 00 E0 18 04 04 08 00 08
BP_worldloop sprite_pattern_vram_0C00=07 07 05 0C 18 20 20 03 02 03 07 0F 00 01 00 01 F8 00 00 00 00 00 00 C0 40 C0 E0 F0 00 00 00 40 00 00 00 02 03 01 01 00 00 00 00 00 01 00 01 00 00 F0 D0 D8 F8 F0 80 00 80 00 00 00 00 00 00 80
BP_worldloop pc=A702 sp=F37C bank=01/02/03 flow=01 menu=00 screen=00 pack=00 slots=31 player=00 pxy=8,80
BP_worldloop entity_active=01 01 01 01 01 01 FF FF
BP_worldloop entity_sprite_asset_index=07 09 00 00 01 07 FF FF FF FF FF FF FF FF FF FF
BP_worldloop base_slots=00 04 00 06 0A 0C 12 16 1A 1C 1E 22 26 28 2E 32
BP_worldloop sat_ram=E0 08 00 06 E0 08 04 0F A0 69 74 0E E0 FF FF FF E0 FF FF FF E0 FF FF FF E0 FF FF FF E0 FF FF FF E0 FF FF FF E0 FF FF FF E0 FF FF FF E0 FF FF FF
BP_worldloop sat_vram=E0 08 00 06 E0 08 04 0F A0 69 74 0E E0 FF FF FF E0 FF FF FF E0 FF FF FF E0 FF FF FF E0 FF FF FF E0 FF FF FF E0 FF FF FF E0 FF FF FF D1 00 2C 00
BP_worldloop sprite_pattern_vram_0000=00 00 01 01 03 02 03 01 00 00 00 09 0E 07 04 0A 00 C0 B0 D0 58 DC F7 E0 40 00 E0 F8 F8 F0 08 14 00 00 00 00 00 01 00 40 60 30 19 16 11 08 00 04 00 00 00 20 A0 20 00 00 00 E0 18 04 04 08 00 08
BP_worldloop sprite_pattern_vram_0C00=07 07 05 0C 18 20 20 03 02 03 07 0F 00 01 00 01 F8 00 00 00 00 00 00 C0 40 C0 E0 F0 00 00 00 40 00 00 00 02 03 01 01 00 00 00 00 00 01 00 01 00 00 F0 D0 D8 F8 F0 80 00 80 00 00 00 00 00 00 80
BP_worldloop pc=A702 sp=F37C bank=01/02/03 flow=01 menu=00 screen=00 pack=00 slots=31 player=00 pxy=8,80
BP_worldloop entity_active=01 01 01 01 01 01 FF FF
BP_worldloop entity_sprite_asset_index=07 09 00 00 01 07 FF FF FF FF FF FF FF FF FF FF
BP_worldloop base_slots=00 04 00 06 0A 0C 12 16 1A 1C 1E 22 26 28 2E 32
BP_worldloop sat_ram=E0 08 00 06 E0 08 04 0F A0 69 74 0E E0 FF FF FF E0 FF FF FF E0 FF FF FF E0 FF FF FF E0 FF FF FF E0 FF FF FF E0 FF FF FF E0 FF FF FF E0 FF FF FF
BP_worldloop sat_vram=E0 08 00 06 E0 08 04 0F A0 69 74 0E E0 FF FF FF E0 FF FF FF E0 FF FF FF E0 FF FF FF E0 FF FF FF E0 FF FF FF E0 FF FF FF E0 FF FF FF D1 00 2C 00
BP_worldloop sprite_pattern_vram_0000=00 00 01 01 03 02 03 01 00 00 00 09 0E 07 04 0A 00 C0 B0 D0 58 DC F7 E0 40 00 E0 F8 F8 F0 08 14 00 00 00 00 00 01 00 40 60 30 19 16 11 08 00 04 00 00 00 20 A0 20 00 00 00 E0 18 04 04 08 00 08
BP_worldloop sprite_pattern_vram_0C00=07 07 05 0C 18 20 20 03 02 03 07 0F 00 01 00 01 F8 00 00 00 00 00 00 C0 40 C0 E0 F0 00 00 00 40 00 00 00 02 03 01 01 00 00 00 00 00 01 00 01 00 00 F0 D0 D8 F8 F0 80 00 80 00 00 00 00 00 00 80
BP_worldloop pc=A702 sp=F37C bank=01/02/03 flow=01 menu=00 screen=00 pack=00 slots=31 player=00 pxy=8,80
BP_worldloop entity_active=01 01 01 01 01 01 FF FF
BP_worldloop entity_sprite_asset_index=07 09 00 00 01 07 FF FF FF FF FF FF FF FF FF FF
BP_worldloop base_slots=00 04 00 06 0A 0C 12 16 1A 1C 1E 22 26 28 2E 32
BP_worldloop sat_ram=E0 08 00 06 E0 08 04 0F A0 69 74 0E E0 FF FF FF E0 FF FF FF E0 FF FF FF E0 FF FF FF E0 FF FF FF E0 FF FF FF E0 FF FF FF E0 FF FF FF E0 FF FF FF
BP_worldloop sat_vram=E0 08 00 06 E0 08 04 0F A0 69 74 0E E0 FF FF FF E0 FF FF FF E0 FF FF FF E0 FF FF FF E0 FF FF FF E0 FF FF FF E0 FF FF FF E0 FF FF FF D1 00 2C 00
BP_worldloop sprite_pattern_vram_0000=00 00 01 01 03 02 03 01 00 00 00 09 0E 07 04 0A 00 C0 B0 D0 58 DC F7 E0 40 00 E0 F8 F8 F0 08 14 00 00 00 00 00 01 00 40 60 30 19 16 11 08 00 04 00 00 00 20 A0 20 00 00 00 E0 18 04 04 08 00 08
BP_worldloop sprite_pattern_vram_0C00=07 07 05 0C 18 20 20 03 02 03 07 0F 00 01 00 01 F8 00 00 00 00 00 00 C0 40 C0 E0 F0 00 00 00 40 00 00 00 02 03 01 01 00 00 00 00 00 01 00 01 00 00 F0 D0 D8 F8 F0 80 00 80 00 00 00 00 00 00 80
BP_worldloop pc=A702 sp=F37C bank=01/02/03 flow=01 menu=00 screen=00 pack=00 slots=31 player=00 pxy=8,80
BP_worldloop entity_active=01 01 01 01 01 01 FF FF
BP_worldloop entity_sprite_asset_index=07 09 00 00 01 07 FF FF FF FF FF FF FF FF FF FF
BP_worldloop base_slots=00 04 00 06 0A 0C 12 16 1A 1C 1E 22 26 28 2E 32
BP_worldloop sat_ram=E0 08 00 06 E0 08 04 0F A0 69 74 0E E0 FF FF FF E0 FF FF FF E0 FF FF FF E0 FF FF FF E0 FF FF FF E0 FF FF FF E0 FF FF FF E0 FF FF FF E0 FF FF FF
BP_worldloop sat_vram=E0 08 00 06 E0 08 04 0F A0 69 74 0E E0 FF FF FF E0 FF FF FF E0 FF FF FF E0 FF FF FF E0 FF FF FF E0 FF FF FF E0 FF FF FF E0 FF FF FF D1 00 2C 00
BP_worldloop sprite_pattern_vram_0000=00 00 01 01 03 02 03 01 00 00 00 09 0E 07 04 0A 00 C0 B0 D0 58 DC F7 E0 40 00 E0 F8 F8 F0 08 14 00 00 00 00 00 01 00 40 60 30 19 16 11 08 00 04 00 00 00 20 A0 20 00 00 00 E0 18 04 04 08 00 08
BP_worldloop sprite_pattern_vram_0C00=07 07 05 0C 18 20 20 03 02 03 07 0F 00 01 00 01 F8 00 00 00 00 00 00 C0 40 C0 E0 F0 00 00 00 40 00 00 00 02 03 01 01 00 00 00 00 00 01 00 01 00 00 F0 D0 D8 F8 F0 80 00 80 00 00 00 00 00 00 80
BP_worldloop pc=A702 sp=F37C bank=01/02/03 flow=01 menu=00 screen=00 pack=00 slots=31 player=00 pxy=8,80
BP_worldloop entity_active=01 01 01 01 01 01 FF FF
BP_worldloop entity_sprite_asset_index=07 09 00 00 01 07 FF FF FF FF FF FF FF FF FF FF
BP_worldloop base_slots=00 04 00 06 0A 0C 12 16 1A 1C 1E 22 26 28 2E 32
BP_worldloop sat_ram=E0 08 00 06 E0 08 04 0F A0 69 74 0E E0 FF FF FF E0 FF FF FF E0 FF FF FF E0 FF FF FF E0 FF FF FF E0 FF FF FF E0 FF FF FF E0 FF FF FF E0 FF FF FF
BP_worldloop sat_vram=E0 08 00 06 E0 08 04 0F A0 69 74 0E E0 FF FF FF E0 FF FF FF E0 FF FF FF E0 FF FF FF E0 FF FF FF E0 FF FF FF E0 FF FF FF E0 FF FF FF D1 00 2C 00
BP_worldloop sprite_pattern_vram_0000=00 00 01 01 03 02 03 01 00 00 00 09 0E 07 04 0A 00 C0 B0 D0 58 DC F7 E0 40 00 E0 F8 F8 F0 08 14 00 00 00 00 00 01 00 40 60 30 19 16 11 08 00 04 00 00 00 20 A0 20 00 00 00 E0 18 04 04 08 00 08
BP_worldloop sprite_pattern_vram_0C00=07 07 05 0C 18 20 20 03 02 03 07 0F 00 01 00 01 F8 00 00 00 00 00 00 C0 40 C0 E0 F0 00 00 00 40 00 00 00 02 03 01 01 00 00 00 00 00 01 00 01 00 00 F0 D0 D8 F8 F0 80 00 80 00 00 00 00 00 00 80
BP_worldloop pc=A702 sp=F37C bank=01/02/03 flow=01 menu=00 screen=00 pack=00 slots=31 player=00 pxy=8,80
BP_worldloop entity_active=01 01 01 01 01 01 FF FF
BP_worldloop entity_sprite_asset_index=07 09 00 00 01 07 FF FF FF FF FF FF FF FF FF FF
BP_worldloop base_slots=00 04 00 06 0A 0C 12 16 1A 1C 1E 22 26 28 2E 32
BP_worldloop sat_ram=E0 08 00 06 E0 08 04 0F A0 6A 74 0E E0 FF FF FF E0 FF FF FF E0 FF FF FF E0 FF FF FF E0 FF FF FF E0 FF FF FF E0 FF FF FF E0 FF FF FF E0 FF FF FF
BP_worldloop sat_vram=E0 08 00 06 E0 08 04 0F A0 6A 74 0E E0 FF FF FF E0 FF FF FF E0 FF FF FF E0 FF FF FF E0 FF FF FF E0 FF FF FF E0 FF FF FF E0 FF FF FF D1 00 2C 00
BP_worldloop sprite_pattern_vram_0000=00 00 01 01 03 02 03 01 00 00 00 09 0E 07 04 0A 00 C0 B0 D0 58 DC F7 E0 40 00 E0 F8 F8 F0 08 14 00 00 00 00 00 01 00 40 60 30 19 16 11 08 00 04 00 00 00 20 A0 20 00 00 00 E0 18 04 04 08 00 08
BP_worldloop sprite_pattern_vram_0C00=07 07 05 0C 18 20 20 03 02 03 07 0F 00 01 00 01 F8 00 00 00 00 00 00 C0 40 C0 E0 F0 00 00 00 40 00 00 00 02 03 01 01 00 00 00 00 00 01 00 01 00 00 F0 D0 D8 F8 F0 80 00 80 00 00 00 00 00 00 80
BP_worldloop pc=A702 sp=F37C bank=01/02/03 flow=01 menu=00 screen=00 pack=00 slots=31 player=00 pxy=8,80
BP_worldloop entity_active=01 01 01 01 01 01 FF FF
BP_worldloop entity_sprite_asset_index=07 09 00 00 01 07 FF FF FF FF FF FF FF FF FF FF
BP_worldloop base_slots=00 04 00 06 0A 0C 12 16 1A 1C 1E 22 26 28 2E 32
BP_worldloop sat_ram=E0 08 00 06 E0 08 04 0F A0 6A 74 0E E0 FF FF FF E0 FF FF FF E0 FF FF FF E0 FF FF FF E0 FF FF FF E0 FF FF FF E0 FF FF FF E0 FF FF FF E0 FF FF FF
BP_worldloop sat_vram=E0 08 00 06 E0 08 04 0F A0 6A 74 0E E0 FF FF FF E0 FF FF FF E0 FF FF FF E0 FF FF FF E0 FF FF FF E0 FF FF FF E0 FF FF FF E0 FF FF FF D1 00 2C 00
BP_worldloop sprite_pattern_vram_0000=00 00 01 01 03 02 03 01 00 00 00 09 0E 07 04 0A 00 C0 B0 D0 58 DC F7 E0 40 00 E0 F8 F8 F0 08 14 00 00 00 00 00 01 00 40 60 30 19 16 11 08 00 04 00 00 00 20 A0 20 00 00 00 E0 18 04 04 08 00 08
BP_worldloop sprite_pattern_vram_0C00=07 07 05 0C 18 20 20 03 02 03 07 0F 00 01 00 01 F8 00 00 00 00 00 00 C0 40 C0 E0 F0 00 00 00 40 00 00 00 02 03 01 01 00 00 00 00 00 01 00 01 00 00 F0 D0 D8 F8 F0 80 00 80 00 00 00 00 00 00 80
BP_worldloop pc=A702 sp=F37C bank=01/02/03 flow=01 menu=00 screen=00 pack=00 slots=31 player=00 pxy=8,80
BP_worldloop entity_active=01 01 01 01 01 01 FF FF
BP_worldloop entity_sprite_asset_index=07 09 00 00 01 07 FF FF FF FF FF FF FF FF FF FF
BP_worldloop base_slots=00 04 00 06 0A 0C 12 16 1A 1C 1E 22 26 28 2E 32
BP_worldloop sat_ram=E0 08 00 06 E0 08 04 0F A0 6A 74 0E E0 FF FF FF E0 FF FF FF E0 FF FF FF E0 FF FF FF E0 FF FF FF E0 FF FF FF E0 FF FF FF E0 FF FF FF E0 FF FF FF
BP_worldloop sat_vram=E0 08 00 06 E0 08 04 0F A0 6A 74 0E E0 FF FF FF E0 FF FF FF E0 FF FF FF E0 FF FF FF E0 FF FF FF E0 FF FF FF E0 FF FF FF E0 FF FF FF D1 00 2C 00
BP_worldloop sprite_pattern_vram_0000=00 00 01 01 03 02 03 01 00 00 00 09 0E 07 04 0A 00 C0 B0 D0 58 DC F7 E0 40 00 E0 F8 F8 F0 08 14 00 00 00 00 00 01 00 40 60 30 19 16 11 08 00 04 00 00 00 20 A0 20 00 00 00 E0 18 04 04 08 00 08
BP_worldloop sprite_pattern_vram_0C00=07 07 05 0C 18 20 20 03 02 03 07 0F 00 01 00 01 F8 00 00 00 00 00 00 C0 40 C0 E0 F0 00 00 00 40 00 00 00 02 03 01 01 00 00 00 00 00 01 00 01 00 00 F0 D0 D8 F8 F0 80 00 80 00 00 00 00 00 00 80
BP_worldloop pc=A702 sp=F37C bank=01/02/03 flow=01 menu=00 screen=00 pack=00 slots=31 player=00 pxy=8,80
BP_worldloop entity_active=01 01 01 01 01 01 FF FF
BP_worldloop entity_sprite_asset_index=07 09 00 00 01 07 FF FF FF FF FF FF FF FF FF FF
BP_worldloop base_slots=00 04 00 06 0A 0C 12 16 1A 1C 1E 22 26 28 2E 32
BP_worldloop sat_ram=E0 08 00 06 E0 08 04 0F A0 6B 74 0E E0 FF FF FF E0 FF FF FF E0 FF FF FF E0 FF FF FF E0 FF FF FF E0 FF FF FF E0 FF FF FF E0 FF FF FF E0 FF FF FF
BP_worldloop sat_vram=E0 08 00 06 E0 08 04 0F A0 6B 74 0E E0 FF FF FF E0 FF FF FF E0 FF FF FF E0 FF FF FF E0 FF FF FF E0 FF FF FF E0 FF FF FF E0 FF FF FF D1 00 2C 00
BP_worldloop sprite_pattern_vram_0000=00 00 01 01 03 02 03 01 00 00 00 09 0E 07 04 0A 00 C0 B0 D0 58 DC F7 E0 40 00 E0 F8 F8 F0 08 14 00 00 00 00 00 01 00 40 60 30 19 16 11 08 00 04 00 00 00 20 A0 20 00 00 00 E0 18 04 04 08 00 08
BP_worldloop sprite_pattern_vram_0C00=07 07 05 0C 18 20 20 03 02 03 07 0F 00 01 00 01 F8 00 00 00 00 00 00 C0 40 C0 E0 F0 00 00 00 40 00 00 00 02 03 01 01 00 00 00 00 00 01 00 01 00 00 F0 D0 D8 F8 F0 80 00 80 00 00 00 00 00 00 80
BP_worldloop pc=A702 sp=F37C bank=01/02/03 flow=01 menu=00 screen=00 pack=00 slots=31 player=00 pxy=8,80
BP_worldloop entity_active=01 01 01 01 01 01 FF FF
BP_worldloop entity_sprite_asset_index=07 09 00 00 01 07 FF FF FF FF FF FF FF FF FF FF
BP_worldloop base_slots=00 04 00 06 0A 0C 12 16 1A 1C 1E 22 26 28 2E 32
BP_worldloop sat_ram=E0 08 00 06 E0 08 04 0F A0 6B 74 0E E0 FF FF FF E0 FF FF FF E0 FF FF FF E0 FF FF FF E0 FF FF FF E0 FF FF FF E0 FF FF FF E0 FF FF FF E0 FF FF FF
BP_worldloop sat_vram=E0 08 00 06 E0 08 04 0F A0 6B 74 0E E0 FF FF FF E0 FF FF FF E0 FF FF FF E0 FF FF FF E0 FF FF FF E0 FF FF FF E0 FF FF FF E0 FF FF FF D1 00 2C 00
BP_worldloop sprite_pattern_vram_0000=00 00 01 01 03 02 03 01 00 00 00 09 0E 07 04 0A 00 C0 B0 D0 58 DC F7 E0 40 00 E0 F8 F8 F0 08 14 00 00 00 00 00 01 00 40 60 30 19 16 11 08 00 04 00 00 00 20 A0 20 00 00 00 E0 18 04 04 08 00 08
BP_worldloop sprite_pattern_vram_0C00=07 07 05 0C 18 20 20 03 02 03 07 0F 00 01 00 01 F8 00 00 00 00 00 00 C0 40 C0 E0 F0 00 00 00 40 00 00 00 02 03 01 01 00 00 00 00 00 01 00 01 00 00 F0 D0 D8 F8 F0 80 00 80 00 00 00 00 00 00 80
BP_worldloop pc=A702 sp=F37C bank=01/02/03 flow=01 menu=00 screen=00 pack=00 slots=31 player=00 pxy=8,80
BP_worldloop entity_active=01 01 01 01 01 01 FF FF
BP_worldloop entity_sprite_asset_index=07 09 00 00 01 07 FF FF FF FF FF FF FF FF FF FF
BP_worldloop base_slots=00 04 00 06 0A 0C 12 16 1A 1C 1E 22 26 28 2E 32
BP_worldloop sat_ram=E0 08 00 06 E0 08 04 0F A0 6B 74 0E E0 FF FF FF E0 FF FF FF E0 FF FF FF E0 FF FF FF E0 FF FF FF E0 FF FF FF E0 FF FF FF E0 FF FF FF E0 FF FF FF
BP_worldloop sat_vram=E0 08 00 06 E0 08 04 0F A0 6B 74 0E E0 FF FF FF E0 FF FF FF E0 FF FF FF E0 FF FF FF E0 FF FF FF E0 FF FF FF E0 FF FF FF E0 FF FF FF D1 00 2C 00
BP_worldloop sprite_pattern_vram_0000=00 00 01 01 03 02 03 01 00 00 00 09 0E 07 04 0A 00 C0 B0 D0 58 DC F7 E0 40 00 E0 F8 F8 F0 08 14 00 00 00 00 00 01 00 40 60 30 19 16 11 08 00 04 00 00 00 20 A0 20 00 00 00 E0 18 04 04 08 00 08
BP_worldloop sprite_pattern_vram_0C00=07 07 05 0C 18 20 20 03 02 03 07 0F 00 01 00 01 F8 00 00 00 00 00 00 C0 40 C0 E0 F0 00 00 00 40 00 00 00 02 03 01 01 00 00 00 00 00 01 00 01 00 00 F0 D0 D8 F8 F0 80 00 80 00 00 00 00 00 00 80
BP_worldloop pc=A702 sp=F37C bank=01/02/03 flow=01 menu=00 screen=00 pack=00 slots=31 player=00 pxy=8,80
BP_worldloop entity_active=01 01 01 01 01 01 FF FF
BP_worldloop entity_sprite_asset_index=07 09 00 00 01 07 FF FF FF FF FF FF FF FF FF FF
BP_worldloop base_slots=00 04 00 06 0A 0C 12 16 1A 1C 1E 22 26 28 2E 32
BP_worldloop sat_ram=E0 08 00 06 E0 08 04 0F A0 6C 70 0E E0 FF FF FF E0 FF FF FF E0 FF FF FF E0 FF FF FF E0 FF FF FF E0 FF FF FF E0 FF FF FF E0 FF FF FF E0 FF FF FF
BP_worldloop sat_vram=E0 08 00 06 E0 08 04 0F A0 6C 70 0E E0 FF FF FF E0 FF FF FF E0 FF FF FF E0 FF FF FF E0 FF FF FF E0 FF FF FF E0 FF FF FF E0 FF FF FF D1 00 2C 00
BP_worldloop sprite_pattern_vram_0000=00 00 01 01 03 02 03 01 00 00 00 09 0E 07 04 0A 00 C0 B0 D0 58 DC F7 E0 40 00 E0 F8 F8 F0 08 14 00 00 00 00 00 01 00 40 60 30 19 16 11 08 00 04 00 00 00 20 A0 20 00 00 00 E0 18 04 04 08 00 08
BP_worldloop sprite_pattern_vram_0C00=07 07 05 0C 18 20 20 03 02 03 07 0F 00 01 00 01 F8 00 00 00 00 00 00 C0 40 C0 E0 F0 00 00 00 40 00 00 00 02 03 01 01 00 00 00 00 00 01 00 01 00 00 F0 D0 D8 F8 F0 80 00 80 00 00 00 00 00 00 80
t13_gameplay pc=77E3 sp=F376 bank=01/02/03 flow=01 menu=00 screen=00 pack=00 slots=31 player=00 pxy=8,80
t13_gameplay entity_active=01 01 01 01 01 01 FF FF
t13_gameplay entity_sprite_asset_index=07 09 00 00 01 07 FF FF FF FF FF FF FF FF FF FF
t13_gameplay base_slots=00 04 00 06 0A 0C 12 16 1A 1C 1E 22 26 28 2E 32
t13_gameplay sat_ram=E0 08 00 06 E0 08 04 0F A0 6C 70 0E E0 FF FF FF E0 FF FF FF E0 FF FF FF E0 FF FF FF E0 FF FF FF E0 FF FF FF E0 FF FF FF E0 FF FF FF E0 FF FF FF
t13_gameplay sat_vram=E0 08 00 06 E0 08 04 0F A0 6C 70 0E E0 FF FF FF E0 FF FF FF E0 FF FF FF E0 FF FF FF E0 FF FF FF E0 FF FF FF E0 FF FF FF E0 FF FF FF D1 00 2C 00
t13_gameplay sprite_pattern_vram_0000=00 00 01 01 03 02 03 01 00 00 00 09 0E 07 04 0A 00 C0 B0 D0 58 DC F7 E0 40 00 E0 F8 F8 F0 08 14 00 00 00 00 00 01 00 40 60 30 19 16 11 08 00 04 00 00 00 20 A0 20 00 00 00 E0 18 04 04 08 00 08
t13_gameplay sprite_pattern_vram_0C00=07 07 05 0C 18 20 20 03 02 03 07 0F 00 01 00 01 F8 00 00 00 00 00 00 C0 40 C0 E0 F0 00 00 00 40 00 00 00 02 03 01 01 00 00 00 00 00 01 00 01 00 00 F0 D0 D8 F8 F0 80 00 80 00 00 00 00 00 00 80
SHOTOK t13_gameplay.png
BP_worldloop pc=A702 sp=F37C bank=01/02/03 flow=01 menu=00 screen=00 pack=00 slots=31 player=00 pxy=8,80
BP_worldloop entity_active=01 01 01 01 01 01 FF FF
BP_worldloop entity_sprite_asset_index=07 09 00 00 01 07 FF FF FF FF FF FF FF FF FF FF
BP_worldloop base_slots=00 04 00 06 0A 0C 12 16 1A 1C 1E 22 26 28 2E 32
BP_worldloop sat_ram=E0 08 00 06 E0 08 04 0F A0 6C 70 0E E0 FF FF FF E0 FF FF FF E0 FF FF FF E0 FF FF FF E0 FF FF FF E0 FF FF FF E0 FF FF FF E0 FF FF FF E0 FF FF FF
BP_worldloop sat_vram=E0 08 00 06 E0 08 04 0F A0 6C 70 0E E0 FF FF FF E0 FF FF FF E0 FF FF FF E0 FF FF FF E0 FF FF FF E0 FF FF FF E0 FF FF FF E0 FF FF FF D1 00 2C 00
BP_worldloop sprite_pattern_vram_0000=00 00 01 01 03 02 03 01 00 00 00 09 0E 07 04 0A 00 C0 B0 D0 58 DC F7 E0 40 00 E0 F8 F8 F0 08 14 00 00 00 00 00 01 00 40 60 30 19 16 11 08 00 04 00 00 00 20 A0 20 00 00 00 E0 18 04 04 08 00 08
BP_worldloop sprite_pattern_vram_0C00=07 07 05 0C 18 20 20 03 02 03 07 0F 00 01 00 01 F8 00 00 00 00 00 00 C0 40 C0 E0 F0 00 00 00 40 00 00 00 02 03 01 01 00 00 00 00 00 01 00 01 00 00 F0 D0 D8 F8 F0 80 00 80 00 00 00 00 00 00 80
BP_worldloop pc=A702 sp=F37C bank=01/02/03 flow=01 menu=00 screen=00 pack=00 slots=31 player=00 pxy=8,80
BP_worldloop entity_active=01 01 01 01 01 01 FF FF
BP_worldloop entity_sprite_asset_index=07 09 00 00 01 07 FF FF FF FF FF FF FF FF FF FF
BP_worldloop base_slots=00 04 00 06 0A 0C 12 16 1A 1C 1E 22 26 28 2E 32
BP_worldloop sat_ram=E0 08 00 06 E0 08 04 0F A0 6D 70 0E E0 FF FF FF E0 FF FF FF E0 FF FF FF E0 FF FF FF E0 FF FF FF E0 FF FF FF E0 FF FF FF E0 FF FF FF E0 FF FF FF
BP_worldloop sat_vram=E0 08 00 06 E0 08 04 0F A0 6D 70 0E E0 FF FF FF E0 FF FF FF E0 FF FF FF E0 FF FF FF E0 FF FF FF E0 FF FF FF E0 FF FF FF E0 FF FF FF D1 00 2C 00
BP_worldloop sprite_pattern_vram_0000=00 00 01 01 03 02 03 01 00 00 00 09 0E 07 04 0A 00 C0 B0 D0 58 DC F7 E0 40 00 E0 F8 F8 F0 08 14 00 00 00 00 00 01 00 40 60 30 19 16 11 08 00 04 00 00 00 20 A0 20 00 00 00 E0 18 04 04 08 00 08
BP_worldloop sprite_pattern_vram_0C00=07 07 05 0C 18 20 20 03 02 03 07 0F 00 01 00 01 F8 00 00 00 00 00 00 C0 40 C0 E0 F0 00 00 00 40 00 00 00 02 03 01 01 00 00 00 00 00 01 00 01 00 00 F0 D0 D8 F8 F0 80 00 80 00 00 00 00 00 00 80
BP_worldloop pc=A702 sp=F37C bank=01/02/03 flow=01 menu=00 screen=00 pack=00 slots=31 player=00 pxy=8,80
BP_worldloop entity_active=01 01 01 01 01 01 FF FF
BP_worldloop entity_sprite_asset_index=07 09 00 00 01 07 FF FF FF FF FF FF FF FF FF FF
BP_worldloop base_slots=00 04 00 06 0A 0C 12 16 1A 1C 1E 22 26 28 2E 32
BP_worldloop sat_ram=E0 08 00 06 E0 08 04 0F A0 6D 70 0E E0 FF FF FF E0 FF FF FF E0 FF FF FF E0 FF FF FF E0 FF FF FF E0 FF FF FF E0 FF FF FF E0 FF FF FF E0 FF FF FF
BP_worldloop sat_vram=E0 08 00 06 E0 08 04 0F A0 6D 70 0E E0 FF FF FF E0 FF FF FF E0 FF FF FF E0 FF FF FF E0 FF FF FF E0 FF FF FF E0 FF FF FF E0 FF FF FF D1 00 2C 00
BP_worldloop sprite_pattern_vram_0000=00 00 01 01 03 02 03 01 00 00 00 09 0E 07 04 0A 00 C0 B0 D0 58 DC F7 E0 40 00 E0 F8 F8 F0 08 14 00 00 00 00 00 01 00 40 60 30 19 16 11 08 00 04 00 00 00 20 A0 20 00 00 00 E0 18 04 04 08 00 08
BP_worldloop sprite_pattern_vram_0C00=07 07 05 0C 18 20 20 03 02 03 07 0F 00 01 00 01 F8 00 00 00 00 00 00 C0 40 C0 E0 F0 00 00 00 40 00 00 00 02 03 01 01 00 00 00 00 00 01 00 01 00 00 F0 D0 D8 F8 F0 80 00 80 00 00 00 00 00 00 80
BP_worldloop pc=A702 sp=F37C bank=01/02/03 flow=01 menu=00 screen=00 pack=00 slots=31 player=00 pxy=8,80
BP_worldloop entity_active=01 01 01 01 01 01 FF FF
BP_worldloop entity_sprite_asset_index=07 09 00 00 01 07 FF FF FF FF FF FF FF FF FF FF
BP_worldloop base_slots=00 04 00 06 0A 0C 12 16 1A 1C 1E 22 26 28 2E 32
BP_worldloop sat_ram=E0 08 00 06 E0 08 04 0F A0 6D 70 0E E0 FF FF FF E0 FF FF FF E0 FF FF FF E0 FF FF FF E0 FF FF FF E0 FF FF FF E0 FF FF FF E0 FF FF FF E0 FF FF FF
BP_worldloop sat_vram=E0 08 00 06 E0 08 04 0F A0 6D 70 0E E0 FF FF FF E0 FF FF FF E0 FF FF FF E0 FF FF FF E0 FF FF FF E0 FF FF FF E0 FF FF FF E0 FF FF FF D1 00 2C 00
BP_worldloop sprite_pattern_vram_0000=00 00 01 01 03 02 03 01 00 00 00 09 0E 07 04 0A 00 C0 B0 D0 58 DC F7 E0 40 00 E0 F8 F8 F0 08 14 00 00 00 00 00 01 00 40 60 30 19 16 11 08 00 04 00 00 00 20 A0 20 00 00 00 E0 18 04 04 08 00 08
BP_worldloop sprite_pattern_vram_0C00=07 07 05 0C 18 20 20 03 02 03 07 0F 00 01 00 01 F8 00 00 00 00 00 00 C0 40 C0 E0 F0 00 00 00 40 00 00 00 02 03 01 01 00 00 00 00 00 01 00 01 00 00 F0 D0 D8 F8 F0 80 00 80 00 00 00 00 00 00 80
BP_worldloop pc=A702 sp=F37C bank=01/02/03 flow=01 menu=00 screen=00 pack=00 slots=31 player=00 pxy=8,80
BP_worldloop entity_active=01 01 01 01 01 01 FF FF
BP_worldloop entity_sprite_asset_index=07 09 00 00 01 07 FF FF FF FF FF FF FF FF FF FF
BP_worldloop base_slots=00 04 00 06 0A 0C 12 16 1A 1C 1E 22 26 28 2E 32
BP_worldloop sat_ram=E0 08 00 06 E0 08 04 0F A0 6E 70 0E E0 FF FF FF E0 FF FF FF E0 FF FF FF E0 FF FF FF E0 FF FF FF E0 FF FF FF E0 FF FF FF E0 FF FF FF E0 FF FF FF
BP_worldloop sat_vram=E0 08 00 06 E0 08 04 0F A0 6E 70 0E E0 FF FF FF E0 FF FF FF E0 FF FF FF E0 FF FF FF E0 FF FF FF E0 FF FF FF E0 FF FF FF E0 FF FF FF D1 00 2C 00
BP_worldloop sprite_pattern_vram_0000=00 00 01 01 03 02 03 01 00 00 00 09 0E 07 04 0A 00 C0 B0 D0 58 DC F7 E0 40 00 E0 F8 F8 F0 08 14 00 00 00 00 00 01 00 40 60 30 19 16 11 08 00 04 00 00 00 20 A0 20 00 00 00 E0 18 04 04 08 00 08
BP_worldloop sprite_pattern_vram_0C00=07 07 05 0C 18 20 20 03 02 03 07 0F 00 01 00 01 F8 00 00 00 00 00 00 C0 40 C0 E0 F0 00 00 00 40 00 00 00 02 03 01 01 00 00 00 00 00 01 00 01 00 00 F0 D0 D8 F8 F0 80 00 80 00 00 00 00 00 00 80
BP_worldloop pc=A702 sp=F37C bank=01/02/03 flow=01 menu=00 screen=00 pack=00 slots=31 player=00 pxy=8,80
BP_worldloop entity_active=01 01 01 01 01 01 FF FF
BP_worldloop entity_sprite_asset_index=07 09 00 00 01 07 FF FF FF FF FF FF FF FF FF FF
BP_worldloop base_slots=00 04 00 06 0A 0C 12 16 1A 1C 1E 22 26 28 2E 32
BP_worldloop sat_ram=E0 08 00 06 E0 08 04 0F A0 6E 70 0E E0 FF FF FF E0 FF FF FF E0 FF FF FF E0 FF FF FF E0 FF FF FF E0 FF FF FF E0 FF FF FF E0 FF FF FF E0 FF FF FF
BP_worldloop sat_vram=E0 08 00 06 E0 08 04 0F A0 6E 70 0E E0 FF FF FF E0 FF FF FF E0 FF FF FF E0 FF FF FF E0 FF FF FF E0 FF FF FF E0 FF FF FF E0 FF FF FF D1 00 2C 00
BP_worldloop sprite_pattern_vram_0000=00 00 01 01 03 02 03 01 00 00 00 09 0E 07 04 0A 00 C0 B0 D0 58 DC F7 E0 40 00 E0 F8 F8 F0 08 14 00 00 00 00 00 01 00 40 60 30 19 16 11 08 00 04 00 00 00 20 A0 20 00 00 00 E0 18 04 04 08 00 08
BP_worldloop sprite_pattern_vram_0C00=07 07 05 0C 18 20 20 03 02 03 07 0F 00 01 00 01 F8 00 00 00 00 00 00 C0 40 C0 E0 F0 00 00 00 40 00 00 00 02 03 01 01 00 00 00 00 00 01 00 01 00 00 F0 D0 D8 F8 F0 80 00 80 00 00 00 00 00 00 80
BP_worldloop pc=A702 sp=F37C bank=01/02/03 flow=01 menu=00 screen=00 pack=00 slots=31 player=00 pxy=8,80
BP_worldloop entity_active=01 01 01 01 01 01 FF FF
BP_worldloop entity_sprite_asset_index=07 09 00 00 01 07 FF FF FF FF FF FF FF FF FF FF
BP_worldloop base_slots=00 04 00 06 0A 0C 12 16 1A 1C 1E 22 26 28 2E 32
BP_worldloop sat_ram=E0 08 00 06 E0 08 04 0F A0 6E 70 0E E0 FF FF FF E0 FF FF FF E0 FF FF FF E0 FF FF FF E0 FF FF FF E0 FF FF FF E0 FF FF FF E0 FF FF FF E0 FF FF FF
BP_worldloop sat_vram=E0 08 00 06 E0 08 04 0F A0 6E 70 0E E0 FF FF FF E0 FF FF FF E0 FF FF FF E0 FF FF FF E0 FF FF FF E0 FF FF FF E0 FF FF FF E0 FF FF FF D1 00 2C 00
BP_worldloop sprite_pattern_vram_0000=00 00 01 01 03 02 03 01 00 00 00 09 0E 07 04 0A 00 C0 B0 D0 58 DC F7 E0 40 00 E0 F8 F8 F0 08 14 00 00 00 00 00 01 00 40 60 30 19 16 11 08 00 04 00 00 00 20 A0 20 00 00 00 E0 18 04 04 08 00 08
BP_worldloop sprite_pattern_vram_0C00=07 07 05 0C 18 20 20 03 02 03 07 0F 00 01 00 01 F8 00 00 00 00 00 00 C0 40 C0 E0 F0 00 00 00 40 00 00 00 02 03 01 01 00 00 00 00 00 01 00 01 00 00 F0 D0 D8 F8 F0 80 00 80 00 00 00 00 00 00 80
BP_worldloop pc=A702 sp=F37C bank=01/02/03 flow=01 menu=00 screen=00 pack=00 slots=31 player=00 pxy=8,80
BP_worldloop entity_active=01 01 01 01 01 01 FF FF
BP_worldloop entity_sprite_asset_index=07 09 00 00 01 07 FF FF FF FF FF FF FF FF FF FF
BP_worldloop base_slots=00 04 00 06 0A 0C 12 16 1A 1C 1E 22 26 28 2E 32
BP_worldloop sat_ram=E0 08 00 06 E0 08 04 0F A0 6F 70 0E E0 FF FF FF E0 FF FF FF E0 FF FF FF E0 FF FF FF E0 FF FF FF E0 FF FF FF E0 FF FF FF E0 FF FF FF E0 FF FF FF
BP_worldloop sat_vram=E0 08 00 06 E0 08 04 0F A0 6F 70 0E E0 FF FF FF E0 FF FF FF E0 FF FF FF E0 FF FF FF E0 FF FF FF E0 FF FF FF E0 FF FF FF E0 FF FF FF D1 00 2C 00
BP_worldloop sprite_pattern_vram_0000=00 00 01 01 03 02 03 01 00 00 00 09 0E 07 04 0A 00 C0 B0 D0 58 DC F7 E0 40 00 E0 F8 F8 F0 08 14 00 00 00 00 00 01 00 40 60 30 19 16 11 08 00 04 00 00 00 20 A0 20 00 00 00 E0 18 04 04 08 00 08
BP_worldloop sprite_pattern_vram_0C00=07 07 05 0C 18 20 20 03 02 03 07 0F 00 01 00 01 F8 00 00 00 00 00 00 C0 40 C0 E0 F0 00 00 00 40 00 00 00 02 03 01 01 00 00 00 00 00 01 00 01 00 00 F0 D0 D8 F8 F0 80 00 80 00 00 00 00 00 00 80
BP_worldloop pc=A702 sp=F37C bank=01/02/03 flow=01 menu=00 screen=00 pack=00 slots=31 player=00 pxy=8,80
BP_worldloop entity_active=01 01 01 01 01 01 FF FF
BP_worldloop entity_sprite_asset_index=07 09 00 00 01 07 FF FF FF FF FF FF FF FF FF FF
BP_worldloop base_slots=00 04 00 06 0A 0C 12 16 1A 1C 1E 22 26 28 2E 32
BP_worldloop sat_ram=E0 08 00 06 E0 08 04 0F A0 6F 70 0E E0 FF FF FF E0 FF FF FF E0 FF FF FF E0 FF FF FF E0 FF FF FF E0 FF FF FF E0 FF FF FF E0 FF FF FF E0 FF FF FF
BP_worldloop sat_vram=E0 08 00 06 E0 08 04 0F A0 6F 70 0E E0 FF FF FF E0 FF FF FF E0 FF FF FF E0 FF FF FF E0 FF FF FF E0 FF FF FF E0 FF FF FF E0 FF FF FF D1 00 2C 00
BP_worldloop sprite_pattern_vram_0000=00 00 01 01 03 02 03 01 00 00 00 09 0E 07 04 0A 00 C0 B0 D0 58 DC F7 E0 40 00 E0 F8 F8 F0 08 14 00 00 00 00 00 01 00 40 60 30 19 16 11 08 00 04 00 00 00 20 A0 20 00 00 00 E0 18 04 04 08 00 08
BP_worldloop sprite_pattern_vram_0C00=07 07 05 0C 18 20 20 03 02 03 07 0F 00 01 00 01 F8 00 00 00 00 00 00 C0 40 C0 E0 F0 00 00 00 40 00 00 00 02 03 01 01 00 00 00 00 00 01 00 01 00 00 F0 D0 D8 F8 F0 80 00 80 00 00 00 00 00 00 80
BP_worldloop pc=A702 sp=F37C bank=01/02/03 flow=01 menu=00 screen=00 pack=00 slots=31 player=00 pxy=8,80
BP_worldloop entity_active=01 01 01 01 01 01 FF FF
BP_worldloop entity_sprite_asset_index=07 09 00 00 01 07 FF FF FF FF FF FF FF FF FF FF
BP_worldloop base_slots=00 04 00 06 0A 0C 12 16 1A 1C 1E 22 26 28 2E 32
BP_worldloop sat_ram=E0 08 00 06 E0 08 04 0F A0 70 70 0E E0 FF FF FF E0 FF FF FF E0 FF FF FF E0 FF FF FF E0 FF FF FF E0 FF FF FF E0 FF FF FF E0 FF FF FF E0 FF FF FF
BP_worldloop sat_vram=E0 08 00 06 E0 08 04 0F A0 70 70 0E E0 FF FF FF E0 FF FF FF E0 FF FF FF E0 FF FF FF E0 FF FF FF E0 FF FF FF E0 FF FF FF E0 FF FF FF D1 00 2C 00
BP_worldloop sprite_pattern_vram_0000=00 00 01 01 03 02 03 01 00 00 00 09 0E 07 04 0A 00 C0 B0 D0 58 DC F7 E0 40 00 E0 F8 F8 F0 08 14 00 00 00 00 00 01 00 40 60 30 19 16 11 08 00 04 00 00 00 20 A0 20 00 00 00 E0 18 04 04 08 00 08
BP_worldloop sprite_pattern_vram_0C00=07 07 05 0C 18 20 20 03 02 03 07 0F 00 01 00 01 F8 00 00 00 00 00 00 C0 40 C0 E0 F0 00 00 00 40 00 00 00 02 03 01 01 00 00 00 00 00 01 00 01 00 00 F0 D0 D8 F8 F0 80 00 80 00 00 00 00 00 00 80
BP_worldloop pc=A702 sp=F37C bank=01/02/03 flow=01 menu=00 screen=00 pack=00 slots=31 player=00 pxy=8,80
BP_worldloop entity_active=01 01 01 01 01 01 FF FF
BP_worldloop entity_sprite_asset_index=07 09 00 00 01 07 FF FF FF FF FF FF FF FF FF FF
BP_worldloop base_slots=00 04 00 06 0A 0C 12 16 1A 1C 1E 22 26 28 2E 32
BP_worldloop sat_ram=E0 08 00 06 E0 08 04 0F A0 70 70 0E E0 FF FF FF E0 FF FF FF E0 FF FF FF E0 FF FF FF E0 FF FF FF E0 FF FF FF E0 FF FF FF E0 FF FF FF E0 FF FF FF
BP_worldloop sat_vram=E0 08 00 06 E0 08 04 0F A0 70 70 0E E0 FF FF FF E0 FF FF FF E0 FF FF FF E0 FF FF FF E0 FF FF FF E0 FF FF FF E0 FF FF FF E0 FF FF FF D1 00 2C 00
BP_worldloop sprite_pattern_vram_0000=00 00 01 01 03 02 03 01 00 00 00 09 0E 07 04 0A 00 C0 B0 D0 58 DC F7 E0 40 00 E0 F8 F8 F0 08 14 00 00 00 00 00 01 00 40 60 30 19 16 11 08 00 04 00 00 00 20 A0 20 00 00 00 E0 18 04 04 08 00 08
BP_worldloop sprite_pattern_vram_0C00=07 07 05 0C 18 20 20 03 02 03 07 0F 00 01 00 01 F8 00 00 00 00 00 00 C0 40 C0 E0 F0 00 00 00 40 00 00 00 02 03 01 01 00 00 00 00 00 01 00 01 00 00 F0 D0 D8 F8 F0 80 00 80 00 00 00 00 00 00 80
BP_worldloop pc=A702 sp=F37C bank=01/02/03 flow=01 menu=00 screen=00 pack=00 slots=31 player=00 pxy=8,80
BP_worldloop entity_active=01 01 01 01 01 01 FF FF
BP_worldloop entity_sprite_asset_index=07 09 00 00 01 07 FF FF FF FF FF FF FF FF FF FF
BP_worldloop base_slots=00 04 00 06 0A 0C 12 16 1A 1C 1E 22 26 28 2E 32
BP_worldloop sat_ram=E0 08 00 06 E0 08 04 0F A0 70 70 0E E0 FF FF FF E0 FF FF FF E0 FF FF FF E0 FF FF FF E0 FF FF FF E0 FF FF FF E0 FF FF FF E0 FF FF FF E0 FF FF FF
BP_worldloop sat_vram=E0 08 00 06 E0 08 04 0F A0 70 70 0E E0 FF FF FF E0 FF FF FF E0 FF FF FF E0 FF FF FF E0 FF FF FF E0 FF FF FF E0 FF FF FF E0 FF FF FF D1 00 2C 00
BP_worldloop sprite_pattern_vram_0000=00 00 01 01 03 02 03 01 00 00 00 09 0E 07 04 0A 00 C0 B0 D0 58 DC F7 E0 40 00 E0 F8 F8 F0 08 14 00 00 00 00 00 01 00 40 60 30 19 16 11 08 00 04 00 00 00 20 A0 20 00 00 00 E0 18 04 04 08 00 08
BP_worldloop sprite_pattern_vram_0C00=07 07 05 0C 18 20 20 03 02 03 07 0F 00 01 00 01 F8 00 00 00 00 00 00 C0 40 C0 E0 F0 00 00 00 40 00 00 00 02 03 01 01 00 00 00 00 00 01 00 01 00 00 F0 D0 D8 F8 F0 80 00 80 00 00 00 00 00 00 80
BP_worldloop pc=A702 sp=F37C bank=01/02/03 flow=01 menu=00 screen=00 pack=00 slots=31 player=00 pxy=8,80
BP_worldloop entity_active=01 01 01 01 01 01 FF FF
BP_worldloop entity_sprite_asset_index=07 09 00 00 01 07 FF FF FF FF FF FF FF FF FF FF
BP_worldloop base_slots=00 04 00 06 0A 0C 12 16 1A 1C 1E 22 26 28 2E 32
BP_worldloop sat_ram=E0 08 00 06 E0 08 04 0F A0 71 70 0E E0 FF FF FF E0 FF FF FF E0 FF FF FF E0 FF FF FF E0 FF FF FF E0 FF FF FF E0 FF FF FF E0 FF FF FF E0 FF FF FF
BP_worldloop sat_vram=E0 08 00 06 E0 08 04 0F A0 71 70 0E E0 FF FF FF E0 FF FF FF E0 FF FF FF E0 FF FF FF E0 FF FF FF E0 FF FF FF E0 FF FF FF E0 FF FF FF D1 00 2C 00
BP_worldloop sprite_pattern_vram_0000=00 00 01 01 03 02 03 01 00 00 00 09 0E 07 04 0A 00 C0 B0 D0 58 DC F7 E0 40 00 E0 F8 F8 F0 08 14 00 00 00 00 00 01 00 40 60 30 19 16 11 08 00 04 00 00 00 20 A0 20 00 00 00 E0 18 04 04 08 00 08
BP_worldloop sprite_pattern_vram_0C00=07 07 05 0C 18 20 20 03 02 03 07 0F 00 01 00 01 F8 00 00 00 00 00 00 C0 40 C0 E0 F0 00 00 00 40 00 00 00 02 03 01 01 00 00 00 00 00 01 00 01 00 00 F0 D0 D8 F8 F0 80 00 80 00 00 00 00 00 00 80
BP_worldloop pc=A702 sp=F37C bank=01/02/03 flow=01 menu=00 screen=00 pack=00 slots=31 player=00 pxy=8,80
BP_worldloop entity_active=01 01 01 01 01 01 FF FF
BP_worldloop entity_sprite_asset_index=07 09 00 00 01 07 FF FF FF FF FF FF FF FF FF FF
BP_worldloop base_slots=00 04 00 06 0A 0C 12 16 1A 1C 1E 22 26 28 2E 32
BP_worldloop sat_ram=E0 08 00 06 E0 08 04 0F A0 71 70 0E E0 FF FF FF E0 FF FF FF E0 FF FF FF E0 FF FF FF E0 FF FF FF E0 FF FF FF E0 FF FF FF E0 FF FF FF E0 FF FF FF
BP_worldloop sat_vram=E0 08 00 06 E0 08 04 0F A0 71 70 0E E0 FF FF FF E0 FF FF FF E0 FF FF FF E0 FF FF FF E0 FF FF FF E0 FF FF FF E0 FF FF FF E0 FF FF FF D1 00 2C 00
BP_worldloop sprite_pattern_vram_0000=00 00 01 01 03 02 03 01 00 00 00 09 0E 07 04 0A 00 C0 B0 D0 58 DC F7 E0 40 00 E0 F8 F8 F0 08 14 00 00 00 00 00 01 00 40 60 30 19 16 11 08 00 04 00 00 00 20 A0 20 00 00 00 E0 18 04 04 08 00 08
BP_worldloop sprite_pattern_vram_0C00=07 07 05 0C 18 20 20 03 02 03 07 0F 00 01 00 01 F8 00 00 00 00 00 00 C0 40 C0 E0 F0 00 00 00 40 00 00 00 02 03 01 01 00 00 00 00 00 01 00 01 00 00 F0 D0 D8 F8 F0 80 00 80 00 00 00 00 00 00 80
BP_worldloop pc=A702 sp=F37C bank=01/02/03 flow=01 menu=00 screen=00 pack=00 slots=31 player=00 pxy=8,80
BP_worldloop entity_active=01 01 01 01 01 01 FF FF
BP_worldloop entity_sprite_asset_index=07 09 00 00 01 07 FF FF FF FF FF FF FF FF FF FF
BP_worldloop base_slots=00 04 00 06 0A 0C 12 16 1A 1C 1E 22 26 28 2E 32
BP_worldloop sat_ram=E0 08 00 06 E0 08 04 0F A0 71 70 0E E0 FF FF FF E0 FF FF FF E0 FF FF FF E0 FF FF FF E0 FF FF FF E0 FF FF FF E0 FF FF FF E0 FF FF FF E0 FF FF FF
BP_worldloop sat_vram=E0 08 00 06 E0 08 04 0F A0 71 70 0E E0 FF FF FF E0 FF FF FF E0 FF FF FF E0 FF FF FF E0 FF FF FF E0 FF FF FF E0 FF FF FF E0 FF FF FF D1 00 2C 00
BP_worldloop sprite_pattern_vram_0000=00 00 01 01 03 02 03 01 00 00 00 09 0E 07 04 0A 00 C0 B0 D0 58 DC F7 E0 40 00 E0 F8 F8 F0 08 14 00 00 00 00 00 01 00 40 60 30 19 16 11 08 00 04 00 00 00 20 A0 20 00 00 00 E0 18 04 04 08 00 08
BP_worldloop sprite_pattern_vram_0C00=07 07 05 0C 18 20 20 03 02 03 07 0F 00 01 00 01 F8 00 00 00 00 00 00 C0 40 C0 E0 F0 00 00 00 40 00 00 00 02 03 01 01 00 00 00 00 00 01 00 01 00 00 F0 D0 D8 F8 F0 80 00 80 00 00 00 00 00 00 80
BP_worldloop pc=A702 sp=F37C bank=01/02/03 flow=01 menu=00 screen=00 pack=00 slots=31 player=00 pxy=8,80
BP_worldloop entity_active=01 01 01 01 01 01 FF FF
BP_worldloop entity_sprite_asset_index=07 09 00 00 01 07 FF FF FF FF FF FF FF FF FF FF
BP_worldloop base_slots=00 04 00 06 0A 0C 12 16 1A 1C 1E 22 26 28 2E 32
BP_worldloop sat_ram=E0 08 00 06 E0 08 04 0F A0 72 74 0E E0 FF FF FF E0 FF FF FF E0 FF FF FF E0 FF FF FF E0 FF FF FF E0 FF FF FF E0 FF FF FF E0 FF FF FF E0 FF FF FF
BP_worldloop sat_vram=E0 08 00 06 E0 08 04 0F A0 72 74 0E E0 FF FF FF E0 FF FF FF E0 FF FF FF E0 FF FF FF E0 FF FF FF E0 FF FF FF E0 FF FF FF E0 FF FF FF D1 00 2C 00
BP_worldloop sprite_pattern_vram_0000=00 00 01 01 03 02 03 01 00 00 00 09 0E 07 04 0A 00 C0 B0 D0 58 DC F7 E0 40 00 E0 F8 F8 F0 08 14 00 00 00 00 00 01 00 40 60 30 19 16 11 08 00 04 00 00 00 20 A0 20 00 00 00 E0 18 04 04 08 00 08
BP_worldloop sprite_pattern_vram_0C00=07 07 05 0C 18 20 20 03 02 03 07 0F 00 01 00 01 F8 00 00 00 00 00 00 C0 40 C0 E0 F0 00 00 00 40 00 00 00 02 03 01 01 00 00 00 00 00 01 00 01 00 00 F0 D0 D8 F8 F0 80 00 80 00 00 00 00 00 00 80
BP_worldloop pc=A702 sp=F37C bank=01/02/03 flow=01 menu=00 screen=00 pack=00 slots=31 player=00 pxy=8,80
BP_worldloop entity_active=01 01 01 01 01 01 FF FF
BP_worldloop entity_sprite_asset_index=07 09 00 00 01 07 FF FF FF FF FF FF FF FF FF FF
BP_worldloop base_slots=00 04 00 06 0A 0C 12 16 1A 1C 1E 22 26 28 2E 32
BP_worldloop sat_ram=E0 08 00 06 E0 08 04 0F A0 72 74 0E E0 FF FF FF E0 FF FF FF E0 FF FF FF E0 FF FF FF E0 FF FF FF E0 FF FF FF E0 FF FF FF E0 FF FF FF E0 FF FF FF
BP_worldloop sat_vram=E0 08 00 06 E0 08 04 0F A0 72 74 0E E0 FF FF FF E0 FF FF FF E0 FF FF FF E0 FF FF FF E0 FF FF FF E0 FF FF FF E0 FF FF FF E0 FF FF FF D1 00 2C 00
BP_worldloop sprite_pattern_vram_0000=00 00 01 01 03 02 03 01 00 00 00 09 0E 07 04 0A 00 C0 B0 D0 58 DC F7 E0 40 00 E0 F8 F8 F0 08 14 00 00 00 00 00 01 00 40 60 30 19 16 11 08 00 04 00 00 00 20 A0 20 00 00 00 E0 18 04 04 08 00 08
BP_worldloop sprite_pattern_vram_0C00=07 07 05 0C 18 20 20 03 02 03 07 0F 00 01 00 01 F8 00 00 00 00 00 00 C0 40 C0 E0 F0 00 00 00 40 00 00 00 02 03 01 01 00 00 00 00 00 01 00 01 00 00 F0 D0 D8 F8 F0 80 00 80 00 00 00 00 00 00 80
BP_worldloop pc=A702 sp=F37C bank=01/02/03 flow=01 menu=00 screen=00 pack=00 slots=31 player=00 pxy=8,80
BP_worldloop entity_active=01 01 01 01 01 01 FF FF
BP_worldloop entity_sprite_asset_index=07 09 00 00 01 07 FF FF FF FF FF FF FF FF FF FF
BP_worldloop base_slots=00 04 00 06 0A 0C 12 16 1A 1C 1E 22 26 28 2E 32
BP_worldloop sat_ram=E0 08 00 06 E0 08 04 0F A0 72 74 0E E0 FF FF FF E0 FF FF FF E0 FF FF FF E0 FF FF FF E0 FF FF FF E0 FF FF FF E0 FF FF FF E0 FF FF FF E0 FF FF FF
BP_worldloop sat_vram=E0 08 00 06 E0 08 04 0F A0 72 74 0E E0 FF FF FF E0 FF FF FF E0 FF FF FF E0 FF FF FF E0 FF FF FF E0 FF FF FF E0 FF FF FF E0 FF FF FF D1 00 2C 00
BP_worldloop sprite_pattern_vram_0000=00 00 01 01 03 02 03 01 00 00 00 09 0E 07 04 0A 00 C0 B0 D0 58 DC F7 E0 40 00 E0 F8 F8 F0 08 14 00 00 00 00 00 01 00 40 60 30 19 16 11 08 00 04 00 00 00 20 A0 20 00 00 00 E0 18 04 04 08 00 08
BP_worldloop sprite_pattern_vram_0C00=07 07 05 0C 18 20 20 03 02 03 07 0F 00 01 00 01 F8 00 00 00 00 00 00 C0 40 C0 E0 F0 00 00 00 40 00 00 00 02 03 01 01 00 00 00 00 00 01 00 01 00 00 F0 D0 D8 F8 F0 80 00 80 00 00 00 00 00 00 80
BP_worldloop pc=A702 sp=F37C bank=01/02/03 flow=01 menu=00 screen=00 pack=00 slots=31 player=00 pxy=8,80
BP_worldloop entity_active=01 01 01 01 01 01 FF FF
BP_worldloop entity_sprite_asset_index=07 09 00 00 01 07 FF FF FF FF FF FF FF FF FF FF
BP_worldloop base_slots=00 04 00 06 0A 0C 12 16 1A 1C 1E 22 26 28 2E 32
BP_worldloop sat_ram=E0 08 00 06 E0 08 04 0F A0 72 74 0E E0 FF FF FF E0 FF FF FF E0 FF FF FF E0 FF FF FF E0 FF FF FF E0 FF FF FF E0 FF FF FF E0 FF FF FF E0 FF FF FF
BP_worldloop sat_vram=E0 08 00 06 E0 08 04 0F A0 72 74 0E E0 FF FF FF E0 FF FF FF E0 FF FF FF E0 FF FF FF E0 FF FF FF E0 FF FF FF E0 FF FF FF E0 FF FF FF D1 00 2C 00
BP_worldloop sprite_pattern_vram_0000=00 00 01 01 03 02 03 01 00 00 00 09 0E 07 04 0A 00 C0 B0 D0 58 DC F7 E0 40 00 E0 F8 F8 F0 08 14 00 00 00 00 00 01 00 40 60 30 19 16 11 08 00 04 00 00 00 20 A0 20 00 00 00 E0 18 04 04 08 00 08
BP_worldloop sprite_pattern_vram_0C00=07 07 05 0C 18 20 20 03 02 03 07 0F 00 01 00 01 F8 00 00 00 00 00 00 C0 40 C0 E0 F0 00 00 00 40 00 00 00 02 03 01 01 00 00 00 00 00 01 00 01 00 00 F0 D0 D8 F8 F0 80 00 80 00 00 00 00 00 00 80
BP_worldloop pc=A702 sp=F37C bank=01/02/03 flow=01 menu=00 screen=00 pack=00 slots=31 player=00 pxy=8,80
BP_worldloop entity_active=01 01 01 01 01 01 FF FF
BP_worldloop entity_sprite_asset_index=07 09 00 00 01 07 FF FF FF FF FF FF FF FF FF FF
BP_worldloop base_slots=00 04 00 06 0A 0C 12 16 1A 1C 1E 22 26 28 2E 32
BP_worldloop sat_ram=E0 08 00 06 E0 08 04 0F A0 72 74 0E E0 FF FF FF E0 FF FF FF E0 FF FF FF E0 FF FF FF E0 FF FF FF E0 FF FF FF E0 FF FF FF E0 FF FF FF E0 FF FF FF
BP_worldloop sat_vram=E0 08 00 06 E0 08 04 0F A0 72 74 0E E0 FF FF FF E0 FF FF FF E0 FF FF FF E0 FF FF FF E0 FF FF FF E0 FF FF FF E0 FF FF FF E0 FF FF FF D1 00 2C 00
BP_worldloop sprite_pattern_vram_0000=00 00 01 01 03 02 03 01 00 00 00 09 0E 07 04 0A 00 C0 B0 D0 58 DC F7 E0 40 00 E0 F8 F8 F0 08 14 00 00 00 00 00 01 00 40 60 30 19 16 11 08 00 04 00 00 00 20 A0 20 00 00 00 E0 18 04 04 08 00 08
BP_worldloop sprite_pattern_vram_0C00=07 07 05 0C 18 20 20 03 02 03 07 0F 00 01 00 01 F8 00 00 00 00 00 00 C0 40 C0 E0 F0 00 00 00 40 00 00 00 02 03 01 01 00 00 00 00 00 01 00 01 00 00 F0 D0 D8 F8 F0 80 00 80 00 00 00 00 00 00 80
BP_worldloop pc=A702 sp=F37C bank=01/02/03 flow=01 menu=00 screen=00 pack=00 slots=31 player=00 pxy=8,80
BP_worldloop entity_active=01 01 01 01 01 01 FF FF
BP_worldloop entity_sprite_asset_index=07 09 00 00 01 07 FF FF FF FF FF FF FF FF FF FF
BP_worldloop base_slots=00 04 00 06 0A 0C 12 16 1A 1C 1E 22 26 28 2E 32
BP_worldloop sat_ram=E0 08 00 06 E0 08 04 0F A0 73 74 0E E0 FF FF FF E0 FF FF FF E0 FF FF FF E0 FF FF FF E0 FF FF FF E0 FF FF FF E0 FF FF FF E0 FF FF FF E0 FF FF FF
BP_worldloop sat_vram=E0 08 00 06 E0 08 04 0F A0 73 74 0E E0 FF FF FF E0 FF FF FF E0 FF FF FF E0 FF FF FF E0 FF FF FF E0 FF FF FF E0 FF FF FF E0 FF FF FF D1 00 2C 00
BP_worldloop sprite_pattern_vram_0000=00 00 01 01 03 02 03 01 00 00 00 09 0E 07 04 0A 00 C0 B0 D0 58 DC F7 E0 40 00 E0 F8 F8 F0 08 14 00 00 00 00 00 01 00 40 60 30 19 16 11 08 00 04 00 00 00 20 A0 20 00 00 00 E0 18 04 04 08 00 08
BP_worldloop sprite_pattern_vram_0C00=07 07 05 0C 18 20 20 03 02 03 07 0F 00 01 00 01 F8 00 00 00 00 00 00 C0 40 C0 E0 F0 00 00 00 40 00 00 00 02 03 01 01 00 00 00 00 00 01 00 01 00 00 F0 D0 D8 F8 F0 80 00 80 00 00 00 00 00 00 80
BP_worldloop pc=A702 sp=F37C bank=01/02/03 flow=01 menu=00 screen=00 pack=00 slots=31 player=00 pxy=8,80
BP_worldloop entity_active=01 01 01 01 01 01 FF FF
BP_worldloop entity_sprite_asset_index=07 09 00 00 01 07 FF FF FF FF FF FF FF FF FF FF
BP_worldloop base_slots=00 04 00 06 0A 0C 12 16 1A 1C 1E 22 26 28 2E 32
BP_worldloop sat_ram=E0 08 00 06 E0 08 04 0F A0 73 74 0E E0 FF FF FF E0 FF FF FF E0 FF FF FF E0 FF FF FF E0 FF FF FF E0 FF FF FF E0 FF FF FF E0 FF FF FF E0 FF FF FF
BP_worldloop sat_vram=E0 08 00 06 E0 08 04 0F A0 73 74 0E E0 FF FF FF E0 FF FF FF E0 FF FF FF E0 FF FF FF E0 FF FF FF E0 FF FF FF E0 FF FF FF E0 FF FF FF D1 00 2C 00
BP_worldloop sprite_pattern_vram_0000=00 00 01 01 03 02 03 01 00 00 00 09 0E 07 04 0A 00 C0 B0 D0 58 DC F7 E0 40 00 E0 F8 F8 F0 08 14 00 00 00 00 00 01 00 40 60 30 19 16 11 08 00 04 00 00 00 20 A0 20 00 00 00 E0 18 04 04 08 00 08
BP_worldloop sprite_pattern_vram_0C00=07 07 05 0C 18 20 20 03 02 03 07 0F 00 01 00 01 F8 00 00 00 00 00 00 C0 40 C0 E0 F0 00 00 00 40 00 00 00 02 03 01 01 00 00 00 00 00 01 00 01 00 00 F0 D0 D8 F8 F0 80 00 80 00 00 00 00 00 00 80
BP_worldloop pc=A702 sp=F37C bank=01/02/03 flow=01 menu=00 screen=00 pack=00 slots=31 player=00 pxy=8,80
BP_worldloop entity_active=01 01 01 01 01 01 FF FF
BP_worldloop entity_sprite_asset_index=07 09 00 00 01 07 FF FF FF FF FF FF FF FF FF FF
BP_worldloop base_slots=00 04 00 06 0A 0C 12 16 1A 1C 1E 22 26 28 2E 32
BP_worldloop sat_ram=E0 08 00 06 E0 08 04 0F A0 73 74 0E E0 FF FF FF E0 FF FF FF E0 FF FF FF E0 FF FF FF E0 FF FF FF E0 FF FF FF E0 FF FF FF E0 FF FF FF E0 FF FF FF
BP_worldloop sat_vram=E0 08 00 06 E0 08 04 0F A0 73 74 0E E0 FF FF FF E0 FF FF FF E0 FF FF FF E0 FF FF FF E0 FF FF FF E0 FF FF FF E0 FF FF FF E0 FF FF FF D1 00 2C 00
BP_worldloop sprite_pattern_vram_0000=00 00 01 01 03 02 03 01 00 00 00 09 0E 07 04 0A 00 C0 B0 D0 58 DC F7 E0 40 00 E0 F8 F8 F0 08 14 00 00 00 00 00 01 00 40 60 30 19 16 11 08 00 04 00 00 00 20 A0 20 00 00 00 E0 18 04 04 08 00 08
BP_worldloop sprite_pattern_vram_0C00=07 07 05 0C 18 20 20 03 02 03 07 0F 00 01 00 01 F8 00 00 00 00 00 00 C0 40 C0 E0 F0 00 00 00 40 00 00 00 02 03 01 01 00 00 00 00 00 01 00 01 00 00 F0 D0 D8 F8 F0 80 00 80 00 00 00 00 00 00 80
BP_worldloop pc=A702 sp=F37C bank=01/02/03 flow=01 menu=00 screen=00 pack=00 slots=31 player=00 pxy=8,80
BP_worldloop entity_active=01 01 01 01 01 01 FF FF
BP_worldloop entity_sprite_asset_index=07 09 00 00 01 07 FF FF FF FF FF FF FF FF FF FF
BP_worldloop base_slots=00 04 00 06 0A 0C 12 16 1A 1C 1E 22 26 28 2E 32
BP_worldloop sat_ram=E0 08 00 06 E0 08 04 0F A0 74 74 0E E0 FF FF FF E0 FF FF FF E0 FF FF FF E0 FF FF FF E0 FF FF FF E0 FF FF FF E0 FF FF FF E0 FF FF FF E0 FF FF FF
BP_worldloop sat_vram=E0 08 00 06 E0 08 04 0F A0 74 74 0E E0 FF FF FF E0 FF FF FF E0 FF FF FF E0 FF FF FF E0 FF FF FF E0 FF FF FF E0 FF FF FF E0 FF FF FF D1 00 2C 00
BP_worldloop sprite_pattern_vram_0000=00 00 01 01 03 02 03 01 00 00 00 09 0E 07 04 0A 00 C0 B0 D0 58 DC F7 E0 40 00 E0 F8 F8 F0 08 14 00 00 00 00 00 01 00 40 60 30 19 16 11 08 00 04 00 00 00 20 A0 20 00 00 00 E0 18 04 04 08 00 08
BP_worldloop sprite_pattern_vram_0C00=07 07 05 0C 18 20 20 03 02 03 07 0F 00 01 00 01 F8 00 00 00 00 00 00 C0 40 C0 E0 F0 00 00 00 40 00 00 00 02 03 01 01 00 00 00 00 00 01 00 01 00 00 F0 D0 D8 F8 F0 80 00 80 00 00 00 00 00 00 80
BP_worldloop pc=A702 sp=F37C bank=01/02/03 flow=01 menu=00 screen=00 pack=00 slots=31 player=00 pxy=8,80
BP_worldloop entity_active=01 01 01 01 01 01 FF FF
BP_worldloop entity_sprite_asset_index=07 09 00 00 01 07 FF FF FF FF FF FF FF FF FF FF
BP_worldloop base_slots=00 04 00 06 0A 0C 12 16 1A 1C 1E 22 26 28 2E 32
BP_worldloop sat_ram=E0 08 00 06 E0 08 04 0F A0 74 74 0E E0 FF FF FF E0 FF FF FF E0 FF FF FF E0 FF FF FF E0 FF FF FF E0 FF FF FF E0 FF FF FF E0 FF FF FF E0 FF FF FF
BP_worldloop sat_vram=E0 08 00 06 E0 08 04 0F A0 74 74 0E E0 FF FF FF E0 FF FF FF E0 FF FF FF E0 FF FF FF E0 FF FF FF E0 FF FF FF E0 FF FF FF E0 FF FF FF D1 00 2C 00
BP_worldloop sprite_pattern_vram_0000=00 00 01 01 03 02 03 01 00 00 00 09 0E 07 04 0A 00 C0 B0 D0 58 DC F7 E0 40 00 E0 F8 F8 F0 08 14 00 00 00 00 00 01 00 40 60 30 19 16 11 08 00 04 00 00 00 20 A0 20 00 00 00 E0 18 04 04 08 00 08
BP_worldloop sprite_pattern_vram_0C00=07 07 05 0C 18 20 20 03 02 03 07 0F 00 01 00 01 F8 00 00 00 00 00 00 C0 40 C0 E0 F0 00 00 00 40 00 00 00 02 03 01 01 00 00 00 00 00 01 00 01 00 00 F0 D0 D8 F8 F0 80 00 80 00 00 00 00 00 00 80
BP_worldloop pc=A702 sp=F37C bank=01/02/03 flow=01 menu=00 screen=00 pack=00 slots=31 player=00 pxy=8,80
BP_worldloop entity_active=01 01 01 01 01 01 FF FF
BP_worldloop entity_sprite_asset_index=07 09 00 00 01 07 FF FF FF FF FF FF FF FF FF FF
BP_worldloop base_slots=00 04 00 06 0A 0C 12 16 1A 1C 1E 22 26 28 2E 32
BP_worldloop sat_ram=E0 08 00 06 E0 08 04 0F A0 74 74 0E E0 FF FF FF E0 FF FF FF E0 FF FF FF E0 FF FF FF E0 FF FF FF E0 FF FF FF E0 FF FF FF E0 FF FF FF E0 FF FF FF
BP_worldloop sat_vram=E0 08 00 06 E0 08 04 0F A0 74 74 0E E0 FF FF FF E0 FF FF FF E0 FF FF FF E0 FF FF FF E0 FF FF FF E0 FF FF FF E0 FF FF FF E0 FF FF FF D1 00 2C 00
BP_worldloop sprite_pattern_vram_0000=00 00 01 01 03 02 03 01 00 00 00 09 0E 07 04 0A 00 C0 B0 D0 58 DC F7 E0 40 00 E0 F8 F8 F0 08 14 00 00 00 00 00 01 00 40 60 30 19 16 11 08 00 04 00 00 00 20 A0 20 00 00 00 E0 18 04 04 08 00 08
BP_worldloop sprite_pattern_vram_0C00=07 07 05 0C 18 20 20 03 02 03 07 0F 00 01 00 01 F8 00 00 00 00 00 00 C0 40 C0 E0 F0 00 00 00 40 00 00 00 02 03 01 01 00 00 00 00 00 01 00 01 00 00 F0 D0 D8 F8 F0 80 00 80 00 00 00 00 00 00 80
BP_worldloop pc=A702 sp=F37C bank=01/02/03 flow=01 menu=00 screen=00 pack=00 slots=31 player=00 pxy=8,80
BP_worldloop entity_active=01 01 01 01 01 01 FF FF
BP_worldloop entity_sprite_asset_index=07 09 00 00 01 07 FF FF FF FF FF FF FF FF FF FF
BP_worldloop base_slots=00 04 00 06 0A 0C 12 16 1A 1C 1E 22 26 28 2E 32
BP_worldloop sat_ram=E0 08 00 06 E0 08 04 0F A0 75 74 0E E0 FF FF FF E0 FF FF FF E0 FF FF FF E0 FF FF FF E0 FF FF FF E0 FF FF FF E0 FF FF FF E0 FF FF FF E0 FF FF FF
BP_worldloop sat_vram=E0 08 00 06 E0 08 04 0F A0 75 74 0E E0 FF FF FF E0 FF FF FF E0 FF FF FF E0 FF FF FF E0 FF FF FF E0 FF FF FF E0 FF FF FF E0 FF FF FF D1 00 2C 00
BP_worldloop sprite_pattern_vram_0000=00 00 01 01 03 02 03 01 00 00 00 09 0E 07 04 0A 00 C0 B0 D0 58 DC F7 E0 40 00 E0 F8 F8 F0 08 14 00 00 00 00 00 01 00 40 60 30 19 16 11 08 00 04 00 00 00 20 A0 20 00 00 00 E0 18 04 04 08 00 08
BP_worldloop sprite_pattern_vram_0C00=07 07 05 0C 18 20 20 03 02 03 07 0F 00 01 00 01 F8 00 00 00 00 00 00 C0 40 C0 E0 F0 00 00 00 40 00 00 00 02 03 01 01 00 00 00 00 00 01 00 01 00 00 F0 D0 D8 F8 F0 80 00 80 00 00 00 00 00 00 80
BP_worldloop pc=A702 sp=F37C bank=01/02/03 flow=01 menu=00 screen=00 pack=00 slots=31 player=00 pxy=8,80
BP_worldloop entity_active=01 01 01 01 01 01 FF FF
BP_worldloop entity_sprite_asset_index=07 09 00 00 01 07 FF FF FF FF FF FF FF FF FF FF
BP_worldloop base_slots=00 04 00 06 0A 0C 12 16 1A 1C 1E 22 26 28 2E 32
BP_worldloop sat_ram=E0 08 00 06 E0 08 04 0F A0 75 74 0E E0 FF FF FF E0 FF FF FF E0 FF FF FF E0 FF FF FF E0 FF FF FF E0 FF FF FF E0 FF FF FF E0 FF FF FF E0 FF FF FF
BP_worldloop sat_vram=E0 08 00 06 E0 08 04 0F A0 75 74 0E E0 FF FF FF E0 FF FF FF E0 FF FF FF E0 FF FF FF E0 FF FF FF E0 FF FF FF E0 FF FF FF E0 FF FF FF D1 00 2C 00
BP_worldloop sprite_pattern_vram_0000=00 00 01 01 03 02 03 01 00 00 00 09 0E 07 04 0A 00 C0 B0 D0 58 DC F7 E0 40 00 E0 F8 F8 F0 08 14 00 00 00 00 00 01 00 40 60 30 19 16 11 08 00 04 00 00 00 20 A0 20 00 00 00 E0 18 04 04 08 00 08
BP_worldloop sprite_pattern_vram_0C00=07 07 05 0C 18 20 20 03 02 03 07 0F 00 01 00 01 F8 00 00 00 00 00 00 C0 40 C0 E0 F0 00 00 00 40 00 00 00 02 03 01 01 00 00 00 00 00 01 00 01 00 00 F0 D0 D8 F8 F0 80 00 80 00 00 00 00 00 00 80
BP_worldloop pc=A702 sp=F37C bank=01/02/03 flow=01 menu=00 screen=00 pack=00 slots=31 player=00 pxy=8,80
BP_worldloop entity_active=01 01 01 01 01 01 FF FF
BP_worldloop entity_sprite_asset_index=07 09 00 00 01 07 FF FF FF FF FF FF FF FF FF FF
BP_worldloop base_slots=00 04 00 06 0A 0C 12 16 1A 1C 1E 22 26 28 2E 32
BP_worldloop sat_ram=E0 08 00 06 E0 08 04 0F A0 76 74 0E E0 FF FF FF E0 FF FF FF E0 FF FF FF E0 FF FF FF E0 FF FF FF E0 FF FF FF E0 FF FF FF E0 FF FF FF E0 FF FF FF
BP_worldloop sat_vram=E0 08 00 06 E0 08 04 0F A0 76 74 0E E0 FF FF FF E0 FF FF FF E0 FF FF FF E0 FF FF FF E0 FF FF FF E0 FF FF FF E0 FF FF FF E0 FF FF FF D1 00 2C 00
BP_worldloop sprite_pattern_vram_0000=00 00 01 01 03 02 03 01 00 00 00 09 0E 07 04 0A 00 C0 B0 D0 58 DC F7 E0 40 00 E0 F8 F8 F0 08 14 00 00 00 00 00 01 00 40 60 30 19 16 11 08 00 04 00 00 00 20 A0 20 00 00 00 E0 18 04 04 08 00 08
BP_worldloop sprite_pattern_vram_0C00=07 07 05 0C 18 20 20 03 02 03 07 0F 00 01 00 01 F8 00 00 00 00 00 00 C0 40 C0 E0 F0 00 00 00 40 00 00 00 02 03 01 01 00 00 00 00 00 01 00 01 00 00 F0 D0 D8 F8 F0 80 00 80 00 00 00 00 00 00 80
BP_worldloop pc=A702 sp=F37C bank=01/02/03 flow=01 menu=00 screen=00 pack=00 slots=31 player=00 pxy=8,80
BP_worldloop entity_active=01 01 01 01 01 01 FF FF
BP_worldloop entity_sprite_asset_index=07 09 00 00 01 07 FF FF FF FF FF FF FF FF FF FF
BP_worldloop base_slots=00 04 00 06 0A 0C 12 16 1A 1C 1E 22 26 28 2E 32
BP_worldloop sat_ram=E0 08 00 06 E0 08 04 0F A0 76 74 0E E0 FF FF FF E0 FF FF FF E0 FF FF FF E0 FF FF FF E0 FF FF FF E0 FF FF FF E0 FF FF FF E0 FF FF FF E0 FF FF FF
BP_worldloop sat_vram=E0 08 00 06 E0 08 04 0F A0 76 74 0E E0 FF FF FF E0 FF FF FF E0 FF FF FF E0 FF FF FF E0 FF FF FF E0 FF FF FF E0 FF FF FF E0 FF FF FF D1 00 2C 00
BP_worldloop sprite_pattern_vram_0000=00 00 01 01 03 02 03 01 00 00 00 09 0E 07 04 0A 00 C0 B0 D0 58 DC F7 E0 40 00 E0 F8 F8 F0 08 14 00 00 00 00 00 01 00 40 60 30 19 16 11 08 00 04 00 00 00 20 A0 20 00 00 00 E0 18 04 04 08 00 08
BP_worldloop sprite_pattern_vram_0C00=07 07 05 0C 18 20 20 03 02 03 07 0F 00 01 00 01 F8 00 00 00 00 00 00 C0 40 C0 E0 F0 00 00 00 40 00 00 00 02 03 01 01 00 00 00 00 00 01 00 01 00 00 F0 D0 D8 F8 F0 80 00 80 00 00 00 00 00 00 80
BP_worldloop pc=A702 sp=F37C bank=01/02/03 flow=01 menu=00 screen=00 pack=00 slots=31 player=00 pxy=8,80
BP_worldloop entity_active=01 01 01 01 01 01 FF FF
BP_worldloop entity_sprite_asset_index=07 09 00 00 01 07 FF FF FF FF FF FF FF FF FF FF
BP_worldloop base_slots=00 04 00 06 0A 0C 12 16 1A 1C 1E 22 26 28 2E 32
BP_worldloop sat_ram=E0 08 00 06 E0 08 04 0F A0 76 74 0E E0 FF FF FF E0 FF FF FF E0 FF FF FF E0 FF FF FF E0 FF FF FF E0 FF FF FF E0 FF FF FF E0 FF FF FF E0 FF FF FF
BP_worldloop sat_vram=E0 08 00 06 E0 08 04 0F A0 76 74 0E E0 FF FF FF E0 FF FF FF E0 FF FF FF E0 FF FF FF E0 FF FF FF E0 FF FF FF E0 FF FF FF E0 FF FF FF D1 00 2C 00
BP_worldloop sprite_pattern_vram_0000=00 00 01 01 03 02 03 01 00 00 00 09 0E 07 04 0A 00 C0 B0 D0 58 DC F7 E0 40 00 E0 F8 F8 F0 08 14 00 00 00 00 00 01 00 40 60 30 19 16 11 08 00 04 00 00 00 20 A0 20 00 00 00 E0 18 04 04 08 00 08
BP_worldloop sprite_pattern_vram_0C00=07 07 05 0C 18 20 20 03 02 03 07 0F 00 01 00 01 F8 00 00 00 00 00 00 C0 40 C0 E0 F0 00 00 00 40 00 00 00 02 03 01 01 00 00 00 00 00 01 00 01 00 00 F0 D0 D8 F8 F0 80 00 80 00 00 00 00 00 00 80
BP_worldloop pc=A702 sp=F37C bank=01/02/03 flow=01 menu=00 screen=00 pack=00 slots=31 player=00 pxy=8,80
BP_worldloop entity_active=01 01 01 01 01 01 FF FF
BP_worldloop entity_sprite_asset_index=07 09 00 00 01 07 FF FF FF FF FF FF FF FF FF FF
BP_worldloop base_slots=00 04 00 06 0A 0C 12 16 1A 1C 1E 22 26 28 2E 32
BP_worldloop sat_ram=E0 08 00 06 E0 08 04 0F A0 77 74 0E E0 FF FF FF E0 FF FF FF E0 FF FF FF E0 FF FF FF E0 FF FF FF E0 FF FF FF E0 FF FF FF E0 FF FF FF E0 FF FF FF
BP_worldloop sat_vram=E0 08 00 06 E0 08 04 0F A0 77 74 0E E0 FF FF FF E0 FF FF FF E0 FF FF FF E0 FF FF FF E0 FF FF FF E0 FF FF FF E0 FF FF FF E0 FF FF FF D1 00 2C 00
BP_worldloop sprite_pattern_vram_0000=00 00 01 01 03 02 03 01 00 00 00 09 0E 07 04 0A 00 C0 B0 D0 58 DC F7 E0 40 00 E0 F8 F8 F0 08 14 00 00 00 00 00 01 00 40 60 30 19 16 11 08 00 04 00 00 00 20 A0 20 00 00 00 E0 18 04 04 08 00 08
BP_worldloop sprite_pattern_vram_0C00=07 07 05 0C 18 20 20 03 02 03 07 0F 00 01 00 01 F8 00 00 00 00 00 00 C0 40 C0 E0 F0 00 00 00 40 00 00 00 02 03 01 01 00 00 00 00 00 01 00 01 00 00 F0 D0 D8 F8 F0 80 00 80 00 00 00 00 00 00 80
BP_worldloop pc=A702 sp=F37C bank=01/02/03 flow=01 menu=00 screen=00 pack=00 slots=31 player=00 pxy=8,80
BP_worldloop entity_active=01 01 01 01 01 01 FF FF
BP_worldloop entity_sprite_asset_index=07 09 00 00 01 07 FF FF FF FF FF FF FF FF FF FF
BP_worldloop base_slots=00 04 00 06 0A 0C 12 16 1A 1C 1E 22 26 28 2E 32
BP_worldloop sat_ram=E0 08 00 06 E0 08 04 0F A0 77 74 0E E0 FF FF FF E0 FF FF FF E0 FF FF FF E0 FF FF FF E0 FF FF FF E0 FF FF FF E0 FF FF FF E0 FF FF FF E0 FF FF FF
BP_worldloop sat_vram=E0 08 00 06 E0 08 04 0F A0 77 74 0E E0 FF FF FF E0 FF FF FF E0 FF FF FF E0 FF FF FF E0 FF FF FF E0 FF FF FF E0 FF FF FF E0 FF FF FF D1 00 2C 00
BP_worldloop sprite_pattern_vram_0000=00 00 01 01 03 02 03 01 00 00 00 09 0E 07 04 0A 00 C0 B0 D0 58 DC F7 E0 40 00 E0 F8 F8 F0 08 14 00 00 00 00 00 01 00 40 60 30 19 16 11 08 00 04 00 00 00 20 A0 20 00 00 00 E0 18 04 04 08 00 08
BP_worldloop sprite_pattern_vram_0C00=07 07 05 0C 18 20 20 03 02 03 07 0F 00 01 00 01 F8 00 00 00 00 00 00 C0 40 C0 E0 F0 00 00 00 40 00 00 00 02 03 01 01 00 00 00 00 00 01 00 01 00 00 F0 D0 D8 F8 F0 80 00 80 00 00 00 00 00 00 80
BP_worldloop pc=A702 sp=F37C bank=01/02/03 flow=01 menu=00 screen=00 pack=00 slots=31 player=00 pxy=8,80
BP_worldloop entity_active=01 01 01 01 01 01 FF FF
BP_worldloop entity_sprite_asset_index=07 09 00 00 01 07 FF FF FF FF FF FF FF FF FF FF
BP_worldloop base_slots=00 04 00 06 0A 0C 12 16 1A 1C 1E 22 26 28 2E 32
BP_worldloop sat_ram=E0 08 00 06 E0 08 04 0F A0 77 74 0E E0 FF FF FF E0 FF FF FF E0 FF FF FF E0 FF FF FF E0 FF FF FF E0 FF FF FF E0 FF FF FF E0 FF FF FF E0 FF FF FF
BP_worldloop sat_vram=E0 08 00 06 E0 08 04 0F A0 77 74 0E E0 FF FF FF E0 FF FF FF E0 FF FF FF E0 FF FF FF E0 FF FF FF E0 FF FF FF E0 FF FF FF E0 FF FF FF D1 00 2C 00
BP_worldloop sprite_pattern_vram_0000=00 00 01 01 03 02 03 01 00 00 00 09 0E 07 04 0A 00 C0 B0 D0 58 DC F7 E0 40 00 E0 F8 F8 F0 08 14 00 00 00 00 00 01 00 40 60 30 19 16 11 08 00 04 00 00 00 20 A0 20 00 00 00 E0 18 04 04 08 00 08
BP_worldloop sprite_pattern_vram_0C00=07 07 05 0C 18 20 20 03 02 03 07 0F 00 01 00 01 F8 00 00 00 00 00 00 C0 40 C0 E0 F0 00 00 00 40 00 00 00 02 03 01 01 00 00 00 00 00 01 00 01 00 00 F0 D0 D8 F8 F0 80 00 80 00 00 00 00 00 00 80
BP_worldloop pc=A702 sp=F37C bank=01/02/03 flow=01 menu=00 screen=00 pack=00 slots=31 player=00 pxy=8,80
BP_worldloop entity_active=01 01 01 01 01 01 FF FF
BP_worldloop entity_sprite_asset_index=07 09 00 00 01 07 FF FF FF FF FF FF FF FF FF FF
BP_worldloop base_slots=00 04 00 06 0A 0C 12 16 1A 1C 1E 22 26 28 2E 32
BP_worldloop sat_ram=E0 08 00 06 E0 08 04 0F A0 78 70 0E E0 FF FF FF E0 FF FF FF E0 FF FF FF E0 FF FF FF E0 FF FF FF E0 FF FF FF E0 FF FF FF E0 FF FF FF E0 FF FF FF
BP_worldloop sat_vram=E0 08 00 06 E0 08 04 0F A0 78 70 0E E0 FF FF FF E0 FF FF FF E0 FF FF FF E0 FF FF FF E0 FF FF FF E0 FF FF FF E0 FF FF FF E0 FF FF FF D1 00 2C 00
BP_worldloop sprite_pattern_vram_0000=00 00 01 01 03 02 03 01 00 00 00 09 0E 07 04 0A 00 C0 B0 D0 58 DC F7 E0 40 00 E0 F8 F8 F0 08 14 00 00 00 00 00 01 00 40 60 30 19 16 11 08 00 04 00 00 00 20 A0 20 00 00 00 E0 18 04 04 08 00 08
BP_worldloop sprite_pattern_vram_0C00=07 07 05 0C 18 20 20 03 02 03 07 0F 00 01 00 01 F8 00 00 00 00 00 00 C0 40 C0 E0 F0 00 00 00 40 00 00 00 02 03 01 01 00 00 00 00 00 01 00 01 00 00 F0 D0 D8 F8 F0 80 00 80 00 00 00 00 00 00 80
BP_worldloop pc=A702 sp=F37C bank=01/02/03 flow=01 menu=00 screen=00 pack=00 slots=31 player=00 pxy=8,80
BP_worldloop entity_active=01 01 01 01 01 01 FF FF
BP_worldloop entity_sprite_asset_index=07 09 00 00 01 07 FF FF FF FF FF FF FF FF FF FF
BP_worldloop base_slots=00 04 00 06 0A 0C 12 16 1A 1C 1E 22 26 28 2E 32
BP_worldloop sat_ram=E0 08 00 06 E0 08 04 0F A0 78 70 0E E0 FF FF FF E0 FF FF FF E0 FF FF FF E0 FF FF FF E0 FF FF FF E0 FF FF FF E0 FF FF FF E0 FF FF FF E0 FF FF FF
BP_worldloop sat_vram=E0 08 00 06 E0 08 04 0F A0 78 70 0E E0 FF FF FF E0 FF FF FF E0 FF FF FF E0 FF FF FF E0 FF FF FF E0 FF FF FF E0 FF FF FF E0 FF FF FF D1 00 2C 00
BP_worldloop sprite_pattern_vram_0000=00 00 01 01 03 02 03 01 00 00 00 09 0E 07 04 0A 00 C0 B0 D0 58 DC F7 E0 40 00 E0 F8 F8 F0 08 14 00 00 00 00 00 01 00 40 60 30 19 16 11 08 00 04 00 00 00 20 A0 20 00 00 00 E0 18 04 04 08 00 08
BP_worldloop sprite_pattern_vram_0C00=07 07 05 0C 18 20 20 03 02 03 07 0F 00 01 00 01 F8 00 00 00 00 00 00 C0 40 C0 E0 F0 00 00 00 40 00 00 00 02 03 01 01 00 00 00 00 00 01 00 01 00 00 F0 D0 D8 F8 F0 80 00 80 00 00 00 00 00 00 80
BP_worldloop pc=A702 sp=F37C bank=01/02/03 flow=01 menu=00 screen=00 pack=00 slots=31 player=00 pxy=8,80
BP_worldloop entity_active=01 01 01 01 01 01 FF FF
BP_worldloop entity_sprite_asset_index=07 09 00 00 01 07 FF FF FF FF FF FF FF FF FF FF
BP_worldloop base_slots=00 04 00 06 0A 0C 12 16 1A 1C 1E 22 26 28 2E 32
BP_worldloop sat_ram=E0 08 00 06 E0 08 04 0F A0 79 70 0E E0 FF FF FF E0 FF FF FF E0 FF FF FF E0 FF FF FF E0 FF FF FF E0 FF FF FF E0 FF FF FF E0 FF FF FF E0 FF FF FF
BP_worldloop sat_vram=E0 08 00 06 E0 08 04 0F A0 79 70 0E E0 FF FF FF E0 FF FF FF E0 FF FF FF E0 FF FF FF E0 FF FF FF E0 FF FF FF E0 FF FF FF E0 FF FF FF D1 00 2C 00
BP_worldloop sprite_pattern_vram_0000=00 00 01 01 03 02 03 01 00 00 00 09 0E 07 04 0A 00 C0 B0 D0 58 DC F7 E0 40 00 E0 F8 F8 F0 08 14 00 00 00 00 00 01 00 40 60 30 19 16 11 08 00 04 00 00 00 20 A0 20 00 00 00 E0 18 04 04 08 00 08
BP_worldloop sprite_pattern_vram_0C00=07 07 05 0C 18 20 20 03 02 03 07 0F 00 01 00 01 F8 00 00 00 00 00 00 C0 40 C0 E0 F0 00 00 00 40 00 00 00 02 03 01 01 00 00 00 00 00 01 00 01 00 00 F0 D0 D8 F8 F0 80 00 80 00 00 00 00 00 00 80
BP_worldloop pc=A702 sp=F37C bank=01/02/03 flow=01 menu=00 screen=00 pack=00 slots=31 player=00 pxy=8,80
BP_worldloop entity_active=01 01 01 01 01 01 FF FF
BP_worldloop entity_sprite_asset_index=07 09 00 00 01 07 FF FF FF FF FF FF FF FF FF FF
BP_worldloop base_slots=00 04 00 06 0A 0C 12 16 1A 1C 1E 22 26 28 2E 32
BP_worldloop sat_ram=E0 08 00 06 E0 08 04 0F A0 79 70 0E E0 FF FF FF E0 FF FF FF E0 FF FF FF E0 FF FF FF E0 FF FF FF E0 FF FF FF E0 FF FF FF E0 FF FF FF E0 FF FF FF
BP_worldloop sat_vram=E0 08 00 06 E0 08 04 0F A0 79 70 0E E0 FF FF FF E0 FF FF FF E0 FF FF FF E0 FF FF FF E0 FF FF FF E0 FF FF FF E0 FF FF FF E0 FF FF FF D1 00 2C 00
BP_worldloop sprite_pattern_vram_0000=00 00 01 01 03 02 03 01 00 00 00 09 0E 07 04 0A 00 C0 B0 D0 58 DC F7 E0 40 00 E0 F8 F8 F0 08 14 00 00 00 00 00 01 00 40 60 30 19 16 11 08 00 04 00 00 00 20 A0 20 00 00 00 E0 18 04 04 08 00 08
BP_worldloop sprite_pattern_vram_0C00=07 07 05 0C 18 20 20 03 02 03 07 0F 00 01 00 01 F8 00 00 00 00 00 00 C0 40 C0 E0 F0 00 00 00 40 00 00 00 02 03 01 01 00 00 00 00 00 01 00 01 00 00 F0 D0 D8 F8 F0 80 00 80 00 00 00 00 00 00 80
BP_worldloop pc=A702 sp=F37C bank=01/02/03 flow=01 menu=00 screen=00 pack=00 slots=31 player=00 pxy=8,80
BP_worldloop entity_active=01 01 01 01 01 01 FF FF
BP_worldloop entity_sprite_asset_index=07 09 00 00 01 07 FF FF FF FF FF FF FF FF FF FF
BP_worldloop base_slots=00 04 00 06 0A 0C 12 16 1A 1C 1E 22 26 28 2E 32
BP_worldloop sat_ram=E0 08 00 06 E0 08 04 0F A0 79 70 0E E0 FF FF FF E0 FF FF FF E0 FF FF FF E0 FF FF FF E0 FF FF FF E0 FF FF FF E0 FF FF FF E0 FF FF FF E0 FF FF FF
BP_worldloop sat_vram=E0 08 00 06 E0 08 04 0F A0 79 70 0E E0 FF FF FF E0 FF FF FF E0 FF FF FF E0 FF FF FF E0 FF FF FF E0 FF FF FF E0 FF FF FF E0 FF FF FF D1 00 2C 00
BP_worldloop sprite_pattern_vram_0000=00 00 01 01 03 02 03 01 00 00 00 09 0E 07 04 0A 00 C0 B0 D0 58 DC F7 E0 40 00 E0 F8 F8 F0 08 14 00 00 00 00 00 01 00 40 60 30 19 16 11 08 00 04 00 00 00 20 A0 20 00 00 00 E0 18 04 04 08 00 08
BP_worldloop sprite_pattern_vram_0C00=07 07 05 0C 18 20 20 03 02 03 07 0F 00 01 00 01 F8 00 00 00 00 00 00 C0 40 C0 E0 F0 00 00 00 40 00 00 00 02 03 01 01 00 00 00 00 00 01 00 01 00 00 F0 D0 D8 F8 F0 80 00 80 00 00 00 00 00 00 80
BP_worldloop pc=A702 sp=F37C bank=01/02/03 flow=01 menu=00 screen=00 pack=00 slots=31 player=00 pxy=8,80
BP_worldloop entity_active=01 01 01 01 01 01 FF FF
BP_worldloop entity_sprite_asset_index=07 09 00 00 01 07 FF FF FF FF FF FF FF FF FF FF
BP_worldloop base_slots=00 04 00 06 0A 0C 12 16 1A 1C 1E 22 26 28 2E 32
BP_worldloop sat_ram=E0 08 00 06 E0 08 04 0F A0 7A 70 0E E0 FF FF FF E0 FF FF FF E0 FF FF FF E0 FF FF FF E0 FF FF FF E0 FF FF FF E0 FF FF FF E0 FF FF FF E0 FF FF FF
BP_worldloop sat_vram=E0 08 00 06 E0 08 04 0F A0 7A 70 0E E0 FF FF FF E0 FF FF FF E0 FF FF FF E0 FF FF FF E0 FF FF FF E0 FF FF FF E0 FF FF FF E0 FF FF FF D1 00 2C 00
BP_worldloop sprite_pattern_vram_0000=00 00 01 01 03 02 03 01 00 00 00 09 0E 07 04 0A 00 C0 B0 D0 58 DC F7 E0 40 00 E0 F8 F8 F0 08 14 00 00 00 00 00 01 00 40 60 30 19 16 11 08 00 04 00 00 00 20 A0 20 00 00 00 E0 18 04 04 08 00 08
BP_worldloop sprite_pattern_vram_0C00=07 07 05 0C 18 20 20 03 02 03 07 0F 00 01 00 01 F8 00 00 00 00 00 00 C0 40 C0 E0 F0 00 00 00 40 00 00 00 02 03 01 01 00 00 00 00 00 01 00 01 00 00 F0 D0 D8 F8 F0 80 00 80 00 00 00 00 00 00 80
BP_worldloop pc=A702 sp=F37C bank=01/02/03 flow=01 menu=00 screen=00 pack=00 slots=31 player=00 pxy=8,80
BP_worldloop entity_active=01 01 01 01 01 01 FF FF
BP_worldloop entity_sprite_asset_index=07 09 00 00 01 07 FF FF FF FF FF FF FF FF FF FF
BP_worldloop base_slots=00 04 00 06 0A 0C 12 16 1A 1C 1E 22 26 28 2E 32
BP_worldloop sat_ram=E0 08 00 06 E0 08 04 0F A0 7A 70 0E E0 FF FF FF E0 FF FF FF E0 FF FF FF E0 FF FF FF E0 FF FF FF E0 FF FF FF E0 FF FF FF E0 FF FF FF E0 FF FF FF
BP_worldloop sat_vram=E0 08 00 06 E0 08 04 0F A0 7A 70 0E E0 FF FF FF E0 FF FF FF E0 FF FF FF E0 FF FF FF E0 FF FF FF E0 FF FF FF E0 FF FF FF E0 FF FF FF D1 00 2C 00
BP_worldloop sprite_pattern_vram_0000=00 00 01 01 03 02 03 01 00 00 00 09 0E 07 04 0A 00 C0 B0 D0 58 DC F7 E0 40 00 E0 F8 F8 F0 08 14 00 00 00 00 00 01 00 40 60 30 19 16 11 08 00 04 00 00 00 20 A0 20 00 00 00 E0 18 04 04 08 00 08
BP_worldloop sprite_pattern_vram_0C00=07 07 05 0C 18 20 20 03 02 03 07 0F 00 01 00 01 F8 00 00 00 00 00 00 C0 40 C0 E0 F0 00 00 00 40 00 00 00 02 03 01 01 00 00 00 00 00 01 00 01 00 00 F0 D0 D8 F8 F0 80 00 80 00 00 00 00 00 00 80
BP_worldloop pc=A702 sp=F37C bank=01/02/03 flow=01 menu=00 screen=00 pack=00 slots=31 player=00 pxy=8,80
BP_worldloop entity_active=01 01 01 01 01 01 FF FF
BP_worldloop entity_sprite_asset_index=07 09 00 00 01 07 FF FF FF FF FF FF FF FF FF FF
BP_worldloop base_slots=00 04 00 06 0A 0C 12 16 1A 1C 1E 22 26 28 2E 32
BP_worldloop sat_ram=E0 08 00 06 E0 08 04 0F A0 7A 70 0E E0 FF FF FF E0 FF FF FF E0 FF FF FF E0 FF FF FF E0 FF FF FF E0 FF FF FF E0 FF FF FF E0 FF FF FF E0 FF FF FF
BP_worldloop sat_vram=E0 08 00 06 E0 08 04 0F A0 7A 70 0E E0 FF FF FF E0 FF FF FF E0 FF FF FF E0 FF FF FF E0 FF FF FF E0 FF FF FF E0 FF FF FF E0 FF FF FF D1 00 2C 00
BP_worldloop sprite_pattern_vram_0000=00 00 01 01 03 02 03 01 00 00 00 09 0E 07 04 0A 00 C0 B0 D0 58 DC F7 E0 40 00 E0 F8 F8 F0 08 14 00 00 00 00 00 01 00 40 60 30 19 16 11 08 00 04 00 00 00 20 A0 20 00 00 00 E0 18 04 04 08 00 08
BP_worldloop sprite_pattern_vram_0C00=07 07 05 0C 18 20 20 03 02 03 07 0F 00 01 00 01 F8 00 00 00 00 00 00 C0 40 C0 E0 F0 00 00 00 40 00 00 00 02 03 01 01 00 00 00 00 00 01 00 01 00 00 F0 D0 D8 F8 F0 80 00 80 00 00 00 00 00 00 80
BP_worldloop pc=A702 sp=F37C bank=01/02/03 flow=01 menu=00 screen=00 pack=00 slots=31 player=00 pxy=8,80
BP_worldloop entity_active=01 01 01 01 01 01 FF FF
BP_worldloop entity_sprite_asset_index=07 09 00 00 01 07 FF FF FF FF FF FF FF FF FF FF
BP_worldloop base_slots=00 04 00 06 0A 0C 12 16 1A 1C 1E 22 26 28 2E 32
BP_worldloop sat_ram=E0 08 00 06 E0 08 04 0F A0 7B 70 0E E0 FF FF FF E0 FF FF FF E0 FF FF FF E0 FF FF FF E0 FF FF FF E0 FF FF FF E0 FF FF FF E0 FF FF FF E0 FF FF FF
BP_worldloop sat_vram=E0 08 00 06 E0 08 04 0F A0 7B 70 0E E0 FF FF FF E0 FF FF FF E0 FF FF FF E0 FF FF FF E0 FF FF FF E0 FF FF FF E0 FF FF FF E0 FF FF FF D1 00 2C 00
BP_worldloop sprite_pattern_vram_0000=00 00 01 01 03 02 03 01 00 00 00 09 0E 07 04 0A 00 C0 B0 D0 58 DC F7 E0 40 00 E0 F8 F8 F0 08 14 00 00 00 00 00 01 00 40 60 30 19 16 11 08 00 04 00 00 00 20 A0 20 00 00 00 E0 18 04 04 08 00 08
BP_worldloop sprite_pattern_vram_0C00=07 07 05 0C 18 20 20 03 02 03 07 0F 00 01 00 01 F8 00 00 00 00 00 00 C0 40 C0 E0 F0 00 00 00 40 00 00 00 02 03 01 01 00 00 00 00 00 01 00 01 00 00 F0 D0 D8 F8 F0 80 00 80 00 00 00 00 00 00 80
BP_worldloop pc=A702 sp=F37C bank=01/02/03 flow=01 menu=00 screen=00 pack=00 slots=31 player=00 pxy=8,80
BP_worldloop entity_active=01 01 01 01 01 01 FF FF
BP_worldloop entity_sprite_asset_index=07 09 00 00 01 07 FF FF FF FF FF FF FF FF FF FF
BP_worldloop base_slots=00 04 00 06 0A 0C 12 16 1A 1C 1E 22 26 28 2E 32
BP_worldloop sat_ram=E0 08 00 06 E0 08 04 0F A0 7B 70 0E E0 FF FF FF E0 FF FF FF E0 FF FF FF E0 FF FF FF E0 FF FF FF E0 FF FF FF E0 FF FF FF E0 FF FF FF E0 FF FF FF
BP_worldloop sat_vram=E0 08 00 06 E0 08 04 0F A0 7B 70 0E E0 FF FF FF E0 FF FF FF E0 FF FF FF E0 FF FF FF E0 FF FF FF E0 FF FF FF E0 FF FF FF E0 FF FF FF D1 00 2C 00
BP_worldloop sprite_pattern_vram_0000=00 00 01 01 03 02 03 01 00 00 00 09 0E 07 04 0A 00 C0 B0 D0 58 DC F7 E0 40 00 E0 F8 F8 F0 08 14 00 00 00 00 00 01 00 40 60 30 19 16 11 08 00 04 00 00 00 20 A0 20 00 00 00 E0 18 04 04 08 00 08
BP_worldloop sprite_pattern_vram_0C00=07 07 05 0C 18 20 20 03 02 03 07 0F 00 01 00 01 F8 00 00 00 00 00 00 C0 40 C0 E0 F0 00 00 00 40 00 00 00 02 03 01 01 00 00 00 00 00 01 00 01 00 00 F0 D0 D8 F8 F0 80 00 80 00 00 00 00 00 00 80
BP_worldloop pc=A702 sp=F37C bank=01/02/03 flow=01 menu=00 screen=00 pack=00 slots=31 player=00 pxy=8,80
BP_worldloop entity_active=01 01 01 01 01 01 FF FF
BP_worldloop entity_sprite_asset_index=07 09 00 00 01 07 FF FF FF FF FF FF FF FF FF FF
BP_worldloop base_slots=00 04 00 06 0A 0C 12 16 1A 1C 1E 22 26 28 2E 32
BP_worldloop sat_ram=E0 08 00 06 E0 08 04 0F A0 7B 70 0E E0 FF FF FF E0 FF FF FF E0 FF FF FF E0 FF FF FF E0 FF FF FF E0 FF FF FF E0 FF FF FF E0 FF FF FF E0 FF FF FF
BP_worldloop sat_vram=E0 08 00 06 E0 08 04 0F A0 7B 70 0E E0 FF FF FF E0 FF FF FF E0 FF FF FF E0 FF FF FF E0 FF FF FF E0 FF FF FF E0 FF FF FF E0 FF FF FF D1 00 2C 00
BP_worldloop sprite_pattern_vram_0000=00 00 01 01 03 02 03 01 00 00 00 09 0E 07 04 0A 00 C0 B0 D0 58 DC F7 E0 40 00 E0 F8 F8 F0 08 14 00 00 00 00 00 01 00 40 60 30 19 16 11 08 00 04 00 00 00 20 A0 20 00 00 00 E0 18 04 04 08 00 08
BP_worldloop sprite_pattern_vram_0C00=07 07 05 0C 18 20 20 03 02 03 07 0F 00 01 00 01 F8 00 00 00 00 00 00 C0 40 C0 E0 F0 00 00 00 40 00 00 00 02 03 01 01 00 00 00 00 00 01 00 01 00 00 F0 D0 D8 F8 F0 80 00 80 00 00 00 00 00 00 80
BP_worldloop pc=A702 sp=F37C bank=01/02/03 flow=01 menu=00 screen=00 pack=00 slots=31 player=00 pxy=8,80
BP_worldloop entity_active=01 01 01 01 01 01 FF FF
BP_worldloop entity_sprite_asset_index=07 09 00 00 01 07 FF FF FF FF FF FF FF FF FF FF
BP_worldloop base_slots=00 04 00 06 0A 0C 12 16 1A 1C 1E 22 26 28 2E 32
BP_worldloop sat_ram=E0 08 00 06 E0 08 04 0F A0 7B 70 0E E0 FF FF FF E0 FF FF FF E0 FF FF FF E0 FF FF FF E0 FF FF FF E0 FF FF FF E0 FF FF FF E0 FF FF FF E0 FF FF FF
BP_worldloop sat_vram=E0 08 00 06 E0 08 04 0F A0 7B 70 0E E0 FF FF FF E0 FF FF FF E0 FF FF FF E0 FF FF FF E0 FF FF FF E0 FF FF FF E0 FF FF FF E0 FF FF FF D1 00 2C 00
BP_worldloop sprite_pattern_vram_0000=00 00 01 01 03 02 03 01 00 00 00 09 0E 07 04 0A 00 C0 B0 D0 58 DC F7 E0 40 00 E0 F8 F8 F0 08 14 00 00 00 00 00 01 00 40 60 30 19 16 11 08 00 04 00 00 00 20 A0 20 00 00 00 E0 18 04 04 08 00 08
BP_worldloop sprite_pattern_vram_0C00=07 07 05 0C 18 20 20 03 02 03 07 0F 00 01 00 01 F8 00 00 00 00 00 00 C0 40 C0 E0 F0 00 00 00 40 00 00 00 02 03 01 01 00 00 00 00 00 01 00 01 00 00 F0 D0 D8 F8 F0 80 00 80 00 00 00 00 00 00 80
BP_worldloop pc=A702 sp=F37C bank=01/02/03 flow=01 menu=00 screen=00 pack=00 slots=31 player=00 pxy=8,80
BP_worldloop entity_active=01 01 01 01 01 01 FF FF
BP_worldloop entity_sprite_asset_index=07 09 00 00 01 07 FF FF FF FF FF FF FF FF FF FF
BP_worldloop base_slots=00 04 00 06 0A 0C 12 16 1A 1C 1E 22 26 28 2E 32
BP_worldloop sat_ram=E0 08 00 06 E0 08 04 0F A0 7B 70 0E E0 FF FF FF E0 FF FF FF E0 FF FF FF E0 FF FF FF E0 FF FF FF E0 FF FF FF E0 FF FF FF E0 FF FF FF E0 FF FF FF
BP_worldloop sat_vram=E0 08 00 06 E0 08 04 0F A0 7B 70 0E E0 FF FF FF E0 FF FF FF E0 FF FF FF E0 FF FF FF E0 FF FF FF E0 FF FF FF E0 FF FF FF E0 FF FF FF D1 00 2C 00
BP_worldloop sprite_pattern_vram_0000=00 00 01 01 03 02 03 01 00 00 00 09 0E 07 04 0A 00 C0 B0 D0 58 DC F7 E0 40 00 E0 F8 F8 F0 08 14 00 00 00 00 00 01 00 40 60 30 19 16 11 08 00 04 00 00 00 20 A0 20 00 00 00 E0 18 04 04 08 00 08
BP_worldloop sprite_pattern_vram_0C00=07 07 05 0C 18 20 20 03 02 03 07 0F 00 01 00 01 F8 00 00 00 00 00 00 C0 40 C0 E0 F0 00 00 00 40 00 00 00 02 03 01 01 00 00 00 00 00 01 00 01 00 00 F0 D0 D8 F8 F0 80 00 80 00 00 00 00 00 00 80
BP_worldloop pc=A702 sp=F37C bank=01/02/03 flow=01 menu=00 screen=00 pack=00 slots=31 player=00 pxy=8,80
BP_worldloop entity_active=01 01 01 01 01 01 FF FF
BP_worldloop entity_sprite_asset_index=07 09 00 00 01 07 FF FF FF FF FF FF FF FF FF FF
BP_worldloop base_slots=00 04 00 06 0A 0C 12 16 1A 1C 1E 22 26 28 2E 32
BP_worldloop sat_ram=E0 08 00 06 E0 08 04 0F A0 7C 70 0E E0 FF FF FF E0 FF FF FF E0 FF FF FF E0 FF FF FF E0 FF FF FF E0 FF FF FF E0 FF FF FF E0 FF FF FF E0 FF FF FF
BP_worldloop sat_vram=E0 08 00 06 E0 08 04 0F A0 7C 70 0E E0 FF FF FF E0 FF FF FF E0 FF FF FF E0 FF FF FF E0 FF FF FF E0 FF FF FF E0 FF FF FF E0 FF FF FF D1 00 2C 00
BP_worldloop sprite_pattern_vram_0000=00 00 01 01 03 02 03 01 00 00 00 09 0E 07 04 0A 00 C0 B0 D0 58 DC F7 E0 40 00 E0 F8 F8 F0 08 14 00 00 00 00 00 01 00 40 60 30 19 16 11 08 00 04 00 00 00 20 A0 20 00 00 00 E0 18 04 04 08 00 08
BP_worldloop sprite_pattern_vram_0C00=07 07 05 0C 18 20 20 03 02 03 07 0F 00 01 00 01 F8 00 00 00 00 00 00 C0 40 C0 E0 F0 00 00 00 40 00 00 00 02 03 01 01 00 00 00 00 00 01 00 01 00 00 F0 D0 D8 F8 F0 80 00 80 00 00 00 00 00 00 80
BP_worldloop pc=A702 sp=F37C bank=01/02/03 flow=01 menu=00 screen=00 pack=00 slots=31 player=00 pxy=8,80
BP_worldloop entity_active=01 01 01 01 01 01 FF FF
BP_worldloop entity_sprite_asset_index=07 09 00 00 01 07 FF FF FF FF FF FF FF FF FF FF
BP_worldloop base_slots=00 04 00 06 0A 0C 12 16 1A 1C 1E 22 26 28 2E 32
BP_worldloop sat_ram=E0 08 00 06 E0 08 04 0F A0 7C 70 0E E0 FF FF FF E0 FF FF FF E0 FF FF FF E0 FF FF FF E0 FF FF FF E0 FF FF FF E0 FF FF FF E0 FF FF FF E0 FF FF FF
BP_worldloop sat_vram=E0 08 00 06 E0 08 04 0F A0 7C 70 0E E0 FF FF FF E0 FF FF FF E0 FF FF FF E0 FF FF FF E0 FF FF FF E0 FF FF FF E0 FF FF FF E0 FF FF FF D1 00 2C 00
BP_worldloop sprite_pattern_vram_0000=00 00 01 01 03 02 03 01 00 00 00 09 0E 07 04 0A 00 C0 B0 D0 58 DC F7 E0 40 00 E0 F8 F8 F0 08 14 00 00 00 00 00 01 00 40 60 30 19 16 11 08 00 04 00 00 00 20 A0 20 00 00 00 E0 18 04 04 08 00 08
BP_worldloop sprite_pattern_vram_0C00=07 07 05 0C 18 20 20 03 02 03 07 0F 00 01 00 01 F8 00 00 00 00 00 00 C0 40 C0 E0 F0 00 00 00 40 00 00 00 02 03 01 01 00 00 00 00 00 01 00 01 00 00 F0 D0 D8 F8 F0 80 00 80 00 00 00 00 00 00 80
BP_worldloop pc=A702 sp=F37C bank=01/02/03 flow=01 menu=00 screen=00 pack=00 slots=31 player=00 pxy=8,80
BP_worldloop entity_active=01 01 01 01 01 01 FF FF
BP_worldloop entity_sprite_asset_index=07 09 00 00 01 07 FF FF FF FF FF FF FF FF FF FF
BP_worldloop base_slots=00 04 00 06 0A 0C 12 16 1A 1C 1E 22 26 28 2E 32
BP_worldloop sat_ram=E0 08 00 06 E0 08 04 0F A0 7C 70 0E E0 FF FF FF E0 FF FF FF E0 FF FF FF E0 FF FF FF E0 FF FF FF E0 FF FF FF E0 FF FF FF E0 FF FF FF E0 FF FF FF
BP_worldloop sat_vram=E0 08 00 06 E0 08 04 0F A0 7C 70 0E E0 FF FF FF E0 FF FF FF E0 FF FF FF E0 FF FF FF E0 FF FF FF E0 FF FF FF E0 FF FF FF E0 FF FF FF D1 00 2C 00
BP_worldloop sprite_pattern_vram_0000=00 00 01 01 03 02 03 01 00 00 00 09 0E 07 04 0A 00 C0 B0 D0 58 DC F7 E0 40 00 E0 F8 F8 F0 08 14 00 00 00 00 00 01 00 40 60 30 19 16 11 08 00 04 00 00 00 20 A0 20 00 00 00 E0 18 04 04 08 00 08
BP_worldloop sprite_pattern_vram_0C00=07 07 05 0C 18 20 20 03 02 03 07 0F 00 01 00 01 F8 00 00 00 00 00 00 C0 40 C0 E0 F0 00 00 00 40 00 00 00 02 03 01 01 00 00 00 00 00 01 00 01 00 00 F0 D0 D8 F8 F0 80 00 80 00 00 00 00 00 00 80
BP_worldloop pc=A702 sp=F37C bank=01/02/03 flow=01 menu=00 screen=00 pack=00 slots=31 player=00 pxy=8,80
BP_worldloop entity_active=01 01 01 01 01 01 FF FF
BP_worldloop entity_sprite_asset_index=07 09 00 00 01 07 FF FF FF FF FF FF FF FF FF FF
BP_worldloop base_slots=00 04 00 06 0A 0C 12 16 1A 1C 1E 22 26 28 2E 32
BP_worldloop sat_ram=E0 08 00 06 E0 08 04 0F A0 7D 70 0E E0 FF FF FF E0 FF FF FF E0 FF FF FF E0 FF FF FF E0 FF FF FF E0 FF FF FF E0 FF FF FF E0 FF FF FF E0 FF FF FF
BP_worldloop sat_vram=E0 08 00 06 E0 08 04 0F A0 7D 70 0E E0 FF FF FF E0 FF FF FF E0 FF FF FF E0 FF FF FF E0 FF FF FF E0 FF FF FF E0 FF FF FF E0 FF FF FF D1 00 2C 00
BP_worldloop sprite_pattern_vram_0000=00 00 01 01 03 02 03 01 00 00 00 09 0E 07 04 0A 00 C0 B0 D0 58 DC F7 E0 40 00 E0 F8 F8 F0 08 14 00 00 00 00 00 01 00 40 60 30 19 16 11 08 00 04 00 00 00 20 A0 20 00 00 00 E0 18 04 04 08 00 08
BP_worldloop sprite_pattern_vram_0C00=07 07 05 0C 18 20 20 03 02 03 07 0F 00 01 00 01 F8 00 00 00 00 00 00 C0 40 C0 E0 F0 00 00 00 40 00 00 00 02 03 01 01 00 00 00 00 00 01 00 01 00 00 F0 D0 D8 F8 F0 80 00 80 00 00 00 00 00 00 80
BP_worldloop pc=A702 sp=F37C bank=01/02/03 flow=01 menu=00 screen=00 pack=00 slots=31 player=00 pxy=8,80
BP_worldloop entity_active=01 01 01 01 01 01 FF FF
BP_worldloop entity_sprite_asset_index=07 09 00 00 01 07 FF FF FF FF FF FF FF FF FF FF
BP_worldloop base_slots=00 04 00 06 0A 0C 12 16 1A 1C 1E 22 26 28 2E 32
BP_worldloop sat_ram=E0 08 00 06 E0 08 04 0F A0 7D 70 0E E0 FF FF FF E0 FF FF FF E0 FF FF FF E0 FF FF FF E0 FF FF FF E0 FF FF FF E0 FF FF FF E0 FF FF FF E0 FF FF FF
BP_worldloop sat_vram=E0 08 00 06 E0 08 04 0F A0 7D 70 0E E0 FF FF FF E0 FF FF FF E0 FF FF FF E0 FF FF FF E0 FF FF FF E0 FF FF FF E0 FF FF FF E0 FF FF FF D1 00 2C 00
BP_worldloop sprite_pattern_vram_0000=00 00 01 01 03 02 03 01 00 00 00 09 0E 07 04 0A 00 C0 B0 D0 58 DC F7 E0 40 00 E0 F8 F8 F0 08 14 00 00 00 00 00 01 00 40 60 30 19 16 11 08 00 04 00 00 00 20 A0 20 00 00 00 E0 18 04 04 08 00 08
BP_worldloop sprite_pattern_vram_0C00=07 07 05 0C 18 20 20 03 02 03 07 0F 00 01 00 01 F8 00 00 00 00 00 00 C0 40 C0 E0 F0 00 00 00 40 00 00 00 02 03 01 01 00 00 00 00 00 01 00 01 00 00 F0 D0 D8 F8 F0 80 00 80 00 00 00 00 00 00 80
BP_worldloop pc=A702 sp=F37C bank=01/02/03 flow=01 menu=00 screen=00 pack=00 slots=31 player=00 pxy=8,80
BP_worldloop entity_active=01 01 01 01 01 01 FF FF
BP_worldloop entity_sprite_asset_index=07 09 00 00 01 07 FF FF FF FF FF FF FF FF FF FF
BP_worldloop base_slots=00 04 00 06 0A 0C 12 16 1A 1C 1E 22 26 28 2E 32
BP_worldloop sat_ram=E0 08 00 06 E0 08 04 0F A0 7D 70 0E E0 FF FF FF E0 FF FF FF E0 FF FF FF E0 FF FF FF E0 FF FF FF E0 FF FF FF E0 FF FF FF E0 FF FF FF E0 FF FF FF
BP_worldloop sat_vram=E0 08 00 06 E0 08 04 0F A0 7D 70 0E E0 FF FF FF E0 FF FF FF E0 FF FF FF E0 FF FF FF E0 FF FF FF E0 FF FF FF E0 FF FF FF E0 FF FF FF D1 00 2C 00
BP_worldloop sprite_pattern_vram_0000=00 00 01 01 03 02 03 01 00 00 00 09 0E 07 04 0A 00 C0 B0 D0 58 DC F7 E0 40 00 E0 F8 F8 F0 08 14 00 00 00 00 00 01 00 40 60 30 19 16 11 08 00 04 00 00 00 20 A0 20 00 00 00 E0 18 04 04 08 00 08
BP_worldloop sprite_pattern_vram_0C00=07 07 05 0C 18 20 20 03 02 03 07 0F 00 01 00 01 F8 00 00 00 00 00 00 C0 40 C0 E0 F0 00 00 00 40 00 00 00 02 03 01 01 00 00 00 00 00 01 00 01 00 00 F0 D0 D8 F8 F0 80 00 80 00 00 00 00 00 00 80
BP_worldloop pc=A702 sp=F37C bank=01/02/03 flow=01 menu=00 screen=00 pack=00 slots=31 player=00 pxy=8,80
BP_worldloop entity_active=01 01 01 01 01 01 FF FF
BP_worldloop entity_sprite_asset_index=07 09 00 00 01 07 FF FF FF FF FF FF FF FF FF FF
BP_worldloop base_slots=00 04 00 06 0A 0C 12 16 1A 1C 1E 22 26 28 2E 32
BP_worldloop sat_ram=E0 08 00 06 E0 08 04 0F A0 7E 74 0E E0 FF FF FF E0 FF FF FF E0 FF FF FF E0 FF FF FF E0 FF FF FF E0 FF FF FF E0 FF FF FF E0 FF FF FF E0 FF FF FF
BP_worldloop sat_vram=E0 08 00 06 E0 08 04 0F A0 7E 74 0E E0 FF FF FF E0 FF FF FF E0 FF FF FF E0 FF FF FF E0 FF FF FF E0 FF FF FF E0 FF FF FF E0 FF FF FF D1 00 2C 00
BP_worldloop sprite_pattern_vram_0000=00 00 01 01 03 02 03 01 00 00 00 09 0E 07 04 0A 00 C0 B0 D0 58 DC F7 E0 40 00 E0 F8 F8 F0 08 14 00 00 00 00 00 01 00 40 60 30 19 16 11 08 00 04 00 00 00 20 A0 20 00 00 00 E0 18 04 04 08 00 08
BP_worldloop sprite_pattern_vram_0C00=07 07 05 0C 18 20 20 03 02 03 07 0F 00 01 00 01 F8 00 00 00 00 00 00 C0 40 C0 E0 F0 00 00 00 40 00 00 00 02 03 01 01 00 00 00 00 00 01 00 01 00 00 F0 D0 D8 F8 F0 80 00 80 00 00 00 00 00 00 80
BP_worldloop pc=A702 sp=F37C bank=01/02/03 flow=01 menu=00 screen=00 pack=00 slots=31 player=00 pxy=8,80
BP_worldloop entity_active=01 01 01 01 01 01 FF FF
BP_worldloop entity_sprite_asset_index=07 09 00 00 01 07 FF FF FF FF FF FF FF FF FF FF
BP_worldloop base_slots=00 04 00 06 0A 0C 12 16 1A 1C 1E 22 26 28 2E 32
BP_worldloop sat_ram=E0 08 00 06 E0 08 04 0F A0 7E 74 0E E0 FF FF FF E0 FF FF FF E0 FF FF FF E0 FF FF FF E0 FF FF FF E0 FF FF FF E0 FF FF FF E0 FF FF FF E0 FF FF FF
BP_worldloop sat_vram=E0 08 00 06 E0 08 04 0F A0 7E 74 0E E0 FF FF FF E0 FF FF FF E0 FF FF FF E0 FF FF FF E0 FF FF FF E0 FF FF FF E0 FF FF FF E0 FF FF FF D1 00 2C 00
BP_worldloop sprite_pattern_vram_0000=00 00 01 01 03 02 03 01 00 00 00 09 0E 07 04 0A 00 C0 B0 D0 58 DC F7 E0 40 00 E0 F8 F8 F0 08 14 00 00 00 00 00 01 00 40 60 30 19 16 11 08 00 04 00 00 00 20 A0 20 00 00 00 E0 18 04 04 08 00 08
BP_worldloop sprite_pattern_vram_0C00=07 07 05 0C 18 20 20 03 02 03 07 0F 00 01 00 01 F8 00 00 00 00 00 00 C0 40 C0 E0 F0 00 00 00 40 00 00 00 02 03 01 01 00 00 00 00 00 01 00 01 00 00 F0 D0 D8 F8 F0 80 00 80 00 00 00 00 00 00 80
BP_worldloop pc=A702 sp=F37C bank=01/02/03 flow=01 menu=00 screen=00 pack=00 slots=31 player=00 pxy=8,80
BP_worldloop entity_active=01 01 01 01 01 01 FF FF
BP_worldloop entity_sprite_asset_index=07 09 00 00 01 07 FF FF FF FF FF FF FF FF FF FF
BP_worldloop base_slots=00 04 00 06 0A 0C 12 16 1A 1C 1E 22 26 28 2E 32
BP_worldloop sat_ram=E0 08 00 06 E0 08 04 0F A0 7F 74 0E E0 FF FF FF E0 FF FF FF E0 FF FF FF E0 FF FF FF E0 FF FF FF E0 FF FF FF E0 FF FF FF E0 FF FF FF E0 FF FF FF
BP_worldloop sat_vram=E0 08 00 06 E0 08 04 0F A0 7F 74 0E E0 FF FF FF E0 FF FF FF E0 FF FF FF E0 FF FF FF E0 FF FF FF E0 FF FF FF E0 FF FF FF E0 FF FF FF D1 00 2C 00
BP_worldloop sprite_pattern_vram_0000=00 00 01 01 03 02 03 01 00 00 00 09 0E 07 04 0A 00 C0 B0 D0 58 DC F7 E0 40 00 E0 F8 F8 F0 08 14 00 00 00 00 00 01 00 40 60 30 19 16 11 08 00 04 00 00 00 20 A0 20 00 00 00 E0 18 04 04 08 00 08
BP_worldloop sprite_pattern_vram_0C00=07 07 05 0C 18 20 20 03 02 03 07 0F 00 01 00 01 F8 00 00 00 00 00 00 C0 40 C0 E0 F0 00 00 00 40 00 00 00 02 03 01 01 00 00 00 00 00 01 00 01 00 00 F0 D0 D8 F8 F0 80 00 80 00 00 00 00 00 00 80
BP_worldloop pc=A702 sp=F37C bank=01/02/03 flow=01 menu=00 screen=00 pack=00 slots=31 player=00 pxy=8,80
BP_worldloop entity_active=01 01 01 01 01 01 FF FF
BP_worldloop entity_sprite_asset_index=07 09 00 00 01 07 FF FF FF FF FF FF FF FF FF FF
BP_worldloop base_slots=00 04 00 06 0A 0C 12 16 1A 1C 1E 22 26 28 2E 32
BP_worldloop sat_ram=E0 08 00 06 E0 08 04 0F A0 7F 74 0E E0 FF FF FF E0 FF FF FF E0 FF FF FF E0 FF FF FF E0 FF FF FF E0 FF FF FF E0 FF FF FF E0 FF FF FF E0 FF FF FF
BP_worldloop sat_vram=E0 08 00 06 E0 08 04 0F A0 7F 74 0E E0 FF FF FF E0 FF FF FF E0 FF FF FF E0 FF FF FF E0 FF FF FF E0 FF FF FF E0 FF FF FF E0 FF FF FF D1 00 2C 00
BP_worldloop sprite_pattern_vram_0000=00 00 01 01 03 02 03 01 00 00 00 09 0E 07 04 0A 00 C0 B0 D0 58 DC F7 E0 40 00 E0 F8 F8 F0 08 14 00 00 00 00 00 01 00 40 60 30 19 16 11 08 00 04 00 00 00 20 A0 20 00 00 00 E0 18 04 04 08 00 08
BP_worldloop sprite_pattern_vram_0C00=07 07 05 0C 18 20 20 03 02 03 07 0F 00 01 00 01 F8 00 00 00 00 00 00 C0 40 C0 E0 F0 00 00 00 40 00 00 00 02 03 01 01 00 00 00 00 00 01 00 01 00 00 F0 D0 D8 F8 F0 80 00 80 00 00 00 00 00 00 80
BP_worldloop pc=A702 sp=F37C bank=01/02/03 flow=01 menu=00 screen=00 pack=00 slots=31 player=00 pxy=8,80
BP_worldloop entity_active=01 01 01 01 01 01 FF FF
BP_worldloop entity_sprite_asset_index=07 09 00 00 01 07 FF FF FF FF FF FF FF FF FF FF
BP_worldloop base_slots=00 04 00 06 0A 0C 12 16 1A 1C 1E 22 26 28 2E 32
BP_worldloop sat_ram=E0 08 00 06 E0 08 04 0F A0 7F 74 0E E0 FF FF FF E0 FF FF FF E0 FF FF FF E0 FF FF FF E0 FF FF FF E0 FF FF FF E0 FF FF FF E0 FF FF FF E0 FF FF FF
BP_worldloop sat_vram=E0 08 00 06 E0 08 04 0F A0 7F 74 0E E0 FF FF FF E0 FF FF FF E0 FF FF FF E0 FF FF FF E0 FF FF FF E0 FF FF FF E0 FF FF FF E0 FF FF FF D1 00 2C 00
BP_worldloop sprite_pattern_vram_0000=00 00 01 01 03 02 03 01 00 00 00 09 0E 07 04 0A 00 C0 B0 D0 58 DC F7 E0 40 00 E0 F8 F8 F0 08 14 00 00 00 00 00 01 00 40 60 30 19 16 11 08 00 04 00 00 00 20 A0 20 00 00 00 E0 18 04 04 08 00 08
BP_worldloop sprite_pattern_vram_0C00=07 07 05 0C 18 20 20 03 02 03 07 0F 00 01 00 01 F8 00 00 00 00 00 00 C0 40 C0 E0 F0 00 00 00 40 00 00 00 02 03 01 01 00 00 00 00 00 01 00 01 00 00 F0 D0 D8 F8 F0 80 00 80 00 00 00 00 00 00 80
BP_worldloop pc=A702 sp=F37C bank=01/02/03 flow=01 menu=00 screen=00 pack=00 slots=31 player=00 pxy=8,80
BP_worldloop entity_active=01 01 01 01 01 01 FF FF
BP_worldloop entity_sprite_asset_index=07 09 00 00 01 07 FF FF FF FF FF FF FF FF FF FF
BP_worldloop base_slots=00 04 00 06 0A 0C 12 16 1A 1C 1E 22 26 28 2E 32
BP_worldloop sat_ram=E0 08 00 06 E0 08 04 0F A0 80 74 0E E0 FF FF FF E0 FF FF FF E0 FF FF FF E0 FF FF FF E0 FF FF FF E0 FF FF FF E0 FF FF FF E0 FF FF FF E0 FF FF FF
BP_worldloop sat_vram=E0 08 00 06 E0 08 04 0F A0 80 74 0E E0 FF FF FF E0 FF FF FF E0 FF FF FF E0 FF FF FF E0 FF FF FF E0 FF FF FF E0 FF FF FF E0 FF FF FF D1 00 2C 00
BP_worldloop sprite_pattern_vram_0000=00 00 01 01 03 02 03 01 00 00 00 09 0E 07 04 0A 00 C0 B0 D0 58 DC F7 E0 40 00 E0 F8 F8 F0 08 14 00 00 00 00 00 01 00 40 60 30 19 16 11 08 00 04 00 00 00 20 A0 20 00 00 00 E0 18 04 04 08 00 08
BP_worldloop sprite_pattern_vram_0C00=07 07 05 0C 18 20 20 03 02 03 07 0F 00 01 00 01 F8 00 00 00 00 00 00 C0 40 C0 E0 F0 00 00 00 40 00 00 00 02 03 01 01 00 00 00 00 00 01 00 01 00 00 F0 D0 D8 F8 F0 80 00 80 00 00 00 00 00 00 80
BP_worldloop pc=A702 sp=F37C bank=01/02/03 flow=01 menu=00 screen=00 pack=00 slots=31 player=00 pxy=8,80
BP_worldloop entity_active=01 01 01 01 01 01 FF FF
BP_worldloop entity_sprite_asset_index=07 09 00 00 01 07 FF FF FF FF FF FF FF FF FF FF
BP_worldloop base_slots=00 04 00 06 0A 0C 12 16 1A 1C 1E 22 26 28 2E 32
BP_worldloop sat_ram=E0 08 00 06 E0 08 04 0F A0 80 74 0E E0 FF FF FF E0 FF FF FF E0 FF FF FF E0 FF FF FF E0 FF FF FF E0 FF FF FF E0 FF FF FF E0 FF FF FF E0 FF FF FF
BP_worldloop sat_vram=E0 08 00 06 E0 08 04 0F A0 80 74 0E E0 FF FF FF E0 FF FF FF E0 FF FF FF E0 FF FF FF E0 FF FF FF E0 FF FF FF E0 FF FF FF E0 FF FF FF D1 00 2C 00
BP_worldloop sprite_pattern_vram_0000=00 00 01 01 03 02 03 01 00 00 00 09 0E 07 04 0A 00 C0 B0 D0 58 DC F7 E0 40 00 E0 F8 F8 F0 08 14 00 00 00 00 00 01 00 40 60 30 19 16 11 08 00 04 00 00 00 20 A0 20 00 00 00 E0 18 04 04 08 00 08
BP_worldloop sprite_pattern_vram_0C00=07 07 05 0C 18 20 20 03 02 03 07 0F 00 01 00 01 F8 00 00 00 00 00 00 C0 40 C0 E0 F0 00 00 00 40 00 00 00 02 03 01 01 00 00 00 00 00 01 00 01 00 00 F0 D0 D8 F8 F0 80 00 80 00 00 00 00 00 00 80
BP_worldloop pc=A702 sp=F37C bank=01/02/03 flow=01 menu=00 screen=00 pack=00 slots=31 player=00 pxy=8,80
BP_worldloop entity_active=01 01 01 01 01 01 FF FF
BP_worldloop entity_sprite_asset_index=07 09 00 00 01 07 FF FF FF FF FF FF FF FF FF FF
BP_worldloop base_slots=00 04 00 06 0A 0C 12 16 1A 1C 1E 22 26 28 2E 32
BP_worldloop sat_ram=E0 08 00 06 E0 08 04 0F A0 80 74 0E E0 FF FF FF E0 FF FF FF E0 FF FF FF E0 FF FF FF E0 FF FF FF E0 FF FF FF E0 FF FF FF E0 FF FF FF E0 FF FF FF
BP_worldloop sat_vram=E0 08 00 06 E0 08 04 0F A0 80 74 0E E0 FF FF FF E0 FF FF FF E0 FF FF FF E0 FF FF FF E0 FF FF FF E0 FF FF FF E0 FF FF FF E0 FF FF FF D1 00 2C 00
BP_worldloop sprite_pattern_vram_0000=00 00 01 01 03 02 03 01 00 00 00 09 0E 07 04 0A 00 C0 B0 D0 58 DC F7 E0 40 00 E0 F8 F8 F0 08 14 00 00 00 00 00 01 00 40 60 30 19 16 11 08 00 04 00 00 00 20 A0 20 00 00 00 E0 18 04 04 08 00 08
BP_worldloop sprite_pattern_vram_0C00=07 07 05 0C 18 20 20 03 02 03 07 0F 00 01 00 01 F8 00 00 00 00 00 00 C0 40 C0 E0 F0 00 00 00 40 00 00 00 02 03 01 01 00 00 00 00 00 01 00 01 00 00 F0 D0 D8 F8 F0 80 00 80 00 00 00 00 00 00 80
BP_worldloop pc=A702 sp=F37C bank=01/02/03 flow=01 menu=00 screen=00 pack=00 slots=31 player=00 pxy=8,80
BP_worldloop entity_active=01 01 01 01 01 01 FF FF
BP_worldloop entity_sprite_asset_index=07 09 00 00 01 07 FF FF FF FF FF FF FF FF FF FF
BP_worldloop base_slots=00 04 00 06 0A 0C 12 16 1A 1C 1E 22 26 28 2E 32
BP_worldloop sat_ram=E0 08 00 06 E0 08 04 0F A0 81 74 0E E0 FF FF FF E0 FF FF FF E0 FF FF FF E0 FF FF FF E0 FF FF FF E0 FF FF FF E0 FF FF FF E0 FF FF FF E0 FF FF FF
BP_worldloop sat_vram=E0 08 00 06 E0 08 04 0F A0 81 74 0E E0 FF FF FF E0 FF FF FF E0 FF FF FF E0 FF FF FF E0 FF FF FF E0 FF FF FF E0 FF FF FF E0 FF FF FF D1 00 2C 00
BP_worldloop sprite_pattern_vram_0000=00 00 01 01 03 02 03 01 00 00 00 09 0E 07 04 0A 00 C0 B0 D0 58 DC F7 E0 40 00 E0 F8 F8 F0 08 14 00 00 00 00 00 01 00 40 60 30 19 16 11 08 00 04 00 00 00 20 A0 20 00 00 00 E0 18 04 04 08 00 08
BP_worldloop sprite_pattern_vram_0C00=07 07 05 0C 18 20 20 03 02 03 07 0F 00 01 00 01 F8 00 00 00 00 00 00 C0 40 C0 E0 F0 00 00 00 40 00 00 00 02 03 01 01 00 00 00 00 00 01 00 01 00 00 F0 D0 D8 F8 F0 80 00 80 00 00 00 00 00 00 80
BP_worldloop pc=A702 sp=F37C bank=01/02/03 flow=01 menu=00 screen=00 pack=00 slots=31 player=00 pxy=8,80
BP_worldloop entity_active=01 01 01 01 01 01 FF FF
BP_worldloop entity_sprite_asset_index=07 09 00 00 01 07 FF FF FF FF FF FF FF FF FF FF
BP_worldloop base_slots=00 04 00 06 0A 0C 12 16 1A 1C 1E 22 26 28 2E 32
BP_worldloop sat_ram=E0 08 00 06 E0 08 04 0F A0 81 74 0E E0 FF FF FF E0 FF FF FF E0 FF FF FF E0 FF FF FF E0 FF FF FF E0 FF FF FF E0 FF FF FF E0 FF FF FF E0 FF FF FF
BP_worldloop sat_vram=E0 08 00 06 E0 08 04 0F A0 81 74 0E E0 FF FF FF E0 FF FF FF E0 FF FF FF E0 FF FF FF E0 FF FF FF E0 FF FF FF E0 FF FF FF E0 FF FF FF D1 00 2C 00
BP_worldloop sprite_pattern_vram_0000=00 00 01 01 03 02 03 01 00 00 00 09 0E 07 04 0A 00 C0 B0 D0 58 DC F7 E0 40 00 E0 F8 F8 F0 08 14 00 00 00 00 00 01 00 40 60 30 19 16 11 08 00 04 00 00 00 20 A0 20 00 00 00 E0 18 04 04 08 00 08
BP_worldloop sprite_pattern_vram_0C00=07 07 05 0C 18 20 20 03 02 03 07 0F 00 01 00 01 F8 00 00 00 00 00 00 C0 40 C0 E0 F0 00 00 00 40 00 00 00 02 03 01 01 00 00 00 00 00 01 00 01 00 00 F0 D0 D8 F8 F0 80 00 80 00 00 00 00 00 00 80
BP_worldloop pc=A702 sp=F37C bank=01/02/03 flow=01 menu=00 screen=00 pack=00 slots=31 player=00 pxy=8,80
BP_worldloop entity_active=01 01 01 01 01 01 FF FF
BP_worldloop entity_sprite_asset_index=07 09 00 00 01 07 FF FF FF FF FF FF FF FF FF FF
BP_worldloop base_slots=00 04 00 06 0A 0C 12 16 1A 1C 1E 22 26 28 2E 32
BP_worldloop sat_ram=E0 08 00 06 E0 08 04 0F A0 82 74 0E E0 FF FF FF E0 FF FF FF E0 FF FF FF E0 FF FF FF E0 FF FF FF E0 FF FF FF E0 FF FF FF E0 FF FF FF E0 FF FF FF
BP_worldloop sat_vram=E0 08 00 06 E0 08 04 0F A0 82 74 0E E0 FF FF FF E0 FF FF FF E0 FF FF FF E0 FF FF FF E0 FF FF FF E0 FF FF FF E0 FF FF FF E0 FF FF FF D1 00 2C 00
BP_worldloop sprite_pattern_vram_0000=00 00 01 01 03 02 03 01 00 00 00 09 0E 07 04 0A 00 C0 B0 D0 58 DC F7 E0 40 00 E0 F8 F8 F0 08 14 00 00 00 00 00 01 00 40 60 30 19 16 11 08 00 04 00 00 00 20 A0 20 00 00 00 E0 18 04 04 08 00 08
BP_worldloop sprite_pattern_vram_0C00=07 07 05 0C 18 20 20 03 02 03 07 0F 00 01 00 01 F8 00 00 00 00 00 00 C0 40 C0 E0 F0 00 00 00 40 00 00 00 02 03 01 01 00 00 00 00 00 01 00 01 00 00 F0 D0 D8 F8 F0 80 00 80 00 00 00 00 00 00 80
BP_worldloop pc=A702 sp=F37C bank=01/02/03 flow=01 menu=00 screen=00 pack=00 slots=31 player=00 pxy=8,80
BP_worldloop entity_active=01 01 01 01 01 01 FF FF
BP_worldloop entity_sprite_asset_index=07 09 00 00 01 07 FF FF FF FF FF FF FF FF FF FF
BP_worldloop base_slots=00 04 00 06 0A 0C 12 16 1A 1C 1E 22 26 28 2E 32
BP_worldloop sat_ram=E0 08 00 06 E0 08 04 0F A0 82 74 0E E0 FF FF FF E0 FF FF FF E0 FF FF FF E0 FF FF FF E0 FF FF FF E0 FF FF FF E0 FF FF FF E0 FF FF FF E0 FF FF FF
BP_worldloop sat_vram=E0 08 00 06 E0 08 04 0F A0 82 74 0E E0 FF FF FF E0 FF FF FF E0 FF FF FF E0 FF FF FF E0 FF FF FF E0 FF FF FF E0 FF FF FF E0 FF FF FF D1 00 2C 00
BP_worldloop sprite_pattern_vram_0000=00 00 01 01 03 02 03 01 00 00 00 09 0E 07 04 0A 00 C0 B0 D0 58 DC F7 E0 40 00 E0 F8 F8 F0 08 14 00 00 00 00 00 01 00 40 60 30 19 16 11 08 00 04 00 00 00 20 A0 20 00 00 00 E0 18 04 04 08 00 08
BP_worldloop sprite_pattern_vram_0C00=07 07 05 0C 18 20 20 03 02 03 07 0F 00 01 00 01 F8 00 00 00 00 00 00 C0 40 C0 E0 F0 00 00 00 40 00 00 00 02 03 01 01 00 00 00 00 00 01 00 01 00 00 F0 D0 D8 F8 F0 80 00 80 00 00 00 00 00 00 80
BP_worldloop pc=A702 sp=F37C bank=01/02/03 flow=01 menu=00 screen=00 pack=00 slots=31 player=00 pxy=8,80
BP_worldloop entity_active=01 01 01 01 01 01 FF FF
BP_worldloop entity_sprite_asset_index=07 09 00 00 01 07 FF FF FF FF FF FF FF FF FF FF
BP_worldloop base_slots=00 04 00 06 0A 0C 12 16 1A 1C 1E 22 26 28 2E 32
BP_worldloop sat_ram=E0 08 00 06 E0 08 04 0F A0 82 74 0E E0 FF FF FF E0 FF FF FF E0 FF FF FF E0 FF FF FF E0 FF FF FF E0 FF FF FF E0 FF FF FF E0 FF FF FF E0 FF FF FF
BP_worldloop sat_vram=E0 08 00 06 E0 08 04 0F A0 82 74 0E E0 FF FF FF E0 FF FF FF E0 FF FF FF E0 FF FF FF E0 FF FF FF E0 FF FF FF E0 FF FF FF E0 FF FF FF D1 00 2C 00
BP_worldloop sprite_pattern_vram_0000=00 00 01 01 03 02 03 01 00 00 00 09 0E 07 04 0A 00 C0 B0 D0 58 DC F7 E0 40 00 E0 F8 F8 F0 08 14 00 00 00 00 00 01 00 40 60 30 19 16 11 08 00 04 00 00 00 20 A0 20 00 00 00 E0 18 04 04 08 00 08
BP_worldloop sprite_pattern_vram_0C00=07 07 05 0C 18 20 20 03 02 03 07 0F 00 01 00 01 F8 00 00 00 00 00 00 C0 40 C0 E0 F0 00 00 00 40 00 00 00 02 03 01 01 00 00 00 00 00 01 00 01 00 00 F0 D0 D8 F8 F0 80 00 80 00 00 00 00 00 00 80
BP_worldloop pc=A702 sp=F37C bank=01/02/03 flow=01 menu=00 screen=00 pack=00 slots=31 player=00 pxy=8,80
BP_worldloop entity_active=01 01 01 01 01 01 FF FF
BP_worldloop entity_sprite_asset_index=07 09 00 00 01 07 FF FF FF FF FF FF FF FF FF FF
BP_worldloop base_slots=00 04 00 06 0A 0C 12 16 1A 1C 1E 22 26 28 2E 32
BP_worldloop sat_ram=E0 08 00 06 E0 08 04 0F A0 83 74 0E E0 FF FF FF E0 FF FF FF E0 FF FF FF E0 FF FF FF E0 FF FF FF E0 FF FF FF E0 FF FF FF E0 FF FF FF E0 FF FF FF
BP_worldloop sat_vram=E0 08 00 06 E0 08 04 0F A0 83 74 0E E0 FF FF FF E0 FF FF FF E0 FF FF FF E0 FF FF FF E0 FF FF FF E0 FF FF FF E0 FF FF FF E0 FF FF FF D1 00 2C 00
BP_worldloop sprite_pattern_vram_0000=00 00 01 01 03 02 03 01 00 00 00 09 0E 07 04 0A 00 C0 B0 D0 58 DC F7 E0 40 00 E0 F8 F8 F0 08 14 00 00 00 00 00 01 00 40 60 30 19 16 11 08 00 04 00 00 00 20 A0 20 00 00 00 E0 18 04 04 08 00 08
BP_worldloop sprite_pattern_vram_0C00=07 07 05 0C 18 20 20 03 02 03 07 0F 00 01 00 01 F8 00 00 00 00 00 00 C0 40 C0 E0 F0 00 00 00 40 00 00 00 02 03 01 01 00 00 00 00 00 01 00 01 00 00 F0 D0 D8 F8 F0 80 00 80 00 00 00 00 00 00 80
BP_worldloop pc=A702 sp=F37C bank=01/02/03 flow=01 menu=00 screen=00 pack=00 slots=31 player=00 pxy=8,80
BP_worldloop entity_active=01 01 01 01 01 01 FF FF
BP_worldloop entity_sprite_asset_index=07 09 00 00 01 07 FF FF FF FF FF FF FF FF FF FF
BP_worldloop base_slots=00 04 00 06 0A 0C 12 16 1A 1C 1E 22 26 28 2E 32
BP_worldloop sat_ram=E0 08 00 06 E0 08 04 0F A0 83 74 0E E0 FF FF FF E0 FF FF FF E0 FF FF FF E0 FF FF FF E0 FF FF FF E0 FF FF FF E0 FF FF FF E0 FF FF FF E0 FF FF FF
BP_worldloop sat_vram=E0 08 00 06 E0 08 04 0F A0 83 74 0E E0 FF FF FF E0 FF FF FF E0 FF FF FF E0 FF FF FF E0 FF FF FF E0 FF FF FF E0 FF FF FF E0 FF FF FF D1 00 2C 00
BP_worldloop sprite_pattern_vram_0000=00 00 01 01 03 02 03 01 00 00 00 09 0E 07 04 0A 00 C0 B0 D0 58 DC F7 E0 40 00 E0 F8 F8 F0 08 14 00 00 00 00 00 01 00 40 60 30 19 16 11 08 00 04 00 00 00 20 A0 20 00 00 00 E0 18 04 04 08 00 08
BP_worldloop sprite_pattern_vram_0C00=07 07 05 0C 18 20 20 03 02 03 07 0F 00 01 00 01 F8 00 00 00 00 00 00 C0 40 C0 E0 F0 00 00 00 40 00 00 00 02 03 01 01 00 00 00 00 00 01 00 01 00 00 F0 D0 D8 F8 F0 80 00 80 00 00 00 00 00 00 80
right_before pc=74A9 sp=F372 bank=01/02/03 flow=01 menu=00 screen=00 pack=00 slots=31 player=00 pxy=8,80
right_before entity_active=01 01 01 01 01 01 FF FF
right_before entity_sprite_asset_index=07 09 00 00 01 07 FF FF FF FF FF FF FF FF FF FF
right_before base_slots=00 04 00 06 0A 0C 12 16 1A 1C 1E 22 26 28 2E 32
right_before sat_ram=E0 08 00 06 E0 08 04 0F A0 83 74 0E E0 FF FF FF E0 FF FF FF E0 FF FF FF E0 FF FF FF E0 FF FF FF E0 FF FF FF E0 FF FF FF E0 FF FF FF E0 FF FF FF
right_before sat_vram=E0 08 00 06 E0 08 04 0F A0 83 74 0E E0 FF FF FF E0 FF FF FF E0 FF FF FF E0 FF FF FF E0 FF FF FF E0 FF FF FF E0 FF FF FF E0 FF FF FF D1 00 2C 00
right_before sprite_pattern_vram_0000=00 00 01 01 03 02 03 01 00 00 00 09 0E 07 04 0A 00 C0 B0 D0 58 DC F7 E0 40 00 E0 F8 F8 F0 08 14 00 00 00 00 00 01 00 40 60 30 19 16 11 08 00 04 00 00 00 20 A0 20 00 00 00 E0 18 04 04 08 00 08
right_before sprite_pattern_vram_0C00=07 07 05 0C 18 20 20 03 02 03 07 0F 00 01 00 01 F8 00 00 00 00 00 00 C0 40 C0 E0 F0 00 00 00 40 00 00 00 02 03 01 01 00 00 00 00 00 01 00 01 00 00 F0 D0 D8 F8 F0 80 00 80 00 00 00 00 00 00 80
BP_worldloop pc=A702 sp=F37C bank=01/02/03 flow=01 menu=00 screen=00 pack=00 slots=31 player=00 pxy=8,80
BP_worldloop entity_active=01 01 01 01 01 01 FF FF
BP_worldloop entity_sprite_asset_index=07 09 00 00 01 07 FF FF FF FF FF FF FF FF FF FF
BP_worldloop base_slots=00 04 00 06 0A 0C 12 16 1A 1C 1E 22 26 28 2E 32
BP_worldloop sat_ram=E0 08 00 06 E0 08 04 0F A0 83 74 0E E0 FF FF FF E0 FF FF FF E0 FF FF FF E0 FF FF FF E0 FF FF FF E0 FF FF FF E0 FF FF FF E0 FF FF FF E0 FF FF FF
BP_worldloop sat_vram=E0 08 00 06 E0 08 04 0F A0 83 74 0E E0 FF FF FF E0 FF FF FF E0 FF FF FF E0 FF FF FF E0 FF FF FF E0 FF FF FF E0 FF FF FF E0 FF FF FF D1 00 2C 00
BP_worldloop sprite_pattern_vram_0000=00 00 01 01 03 02 03 01 00 00 00 09 0E 07 04 0A 00 C0 B0 D0 58 DC F7 E0 40 00 E0 F8 F8 F0 08 14 00 00 00 00 00 01 00 40 60 30 19 16 11 08 00 04 00 00 00 20 A0 20 00 00 00 E0 18 04 04 08 00 08
BP_worldloop sprite_pattern_vram_0C00=07 07 05 0C 18 20 20 03 02 03 07 0F 00 01 00 01 F8 00 00 00 00 00 00 C0 40 C0 E0 F0 00 00 00 40 00 00 00 02 03 01 01 00 00 00 00 00 01 00 01 00 00 F0 D0 D8 F8 F0 80 00 80 00 00 00 00 00 00 80
BP_worldloop pc=A702 sp=F37C bank=01/02/03 flow=01 menu=00 screen=00 pack=00 slots=31 player=00 pxy=10,80
BP_worldloop entity_active=01 01 01 01 01 01 FF FF
BP_worldloop entity_sprite_asset_index=03 09 00 00 01 07 FF FF FF FF FF FF FF FF FF FF
BP_worldloop base_slots=00 04 00 06 0A 0C 12 16 1A 1C 1E 22 26 28 2E 32
BP_worldloop sat_ram=E0 08 00 06 E0 08 04 0F A0 84 70 0E E0 FF FF FF E0 FF FF FF E0 FF FF FF E0 FF FF FF E0 FF FF FF E0 FF FF FF E0 FF FF FF E0 FF FF FF E0 FF FF FF
BP_worldloop sat_vram=E0 08 00 06 E0 08 04 0F A0 84 70 0E E0 FF FF FF E0 FF FF FF E0 FF FF FF E0 FF FF FF E0 FF FF FF E0 FF FF FF E0 FF FF FF E0 FF FF FF D1 00 2C 00
BP_worldloop sprite_pattern_vram_0000=00 00 01 01 03 02 03 01 00 00 00 09 0E 07 04 0A 00 C0 B0 D0 58 DC F7 E0 40 00 E0 F8 F8 F0 08 14 00 00 00 00 00 01 00 40 60 30 19 16 11 08 00 04 00 00 00 20 A0 20 00 00 00 E0 18 04 04 08 00 08
BP_worldloop sprite_pattern_vram_0C00=07 07 05 0C 18 20 20 03 02 03 07 0F 00 01 00 01 F8 00 00 00 00 00 00 C0 40 C0 E0 F0 00 00 00 40 00 00 00 02 03 01 01 00 00 00 00 00 01 00 01 00 00 F0 D0 D8 F8 F0 80 00 80 00 00 00 00 00 00 80
BP_worldloop pc=A702 sp=F37C bank=01/02/03 flow=01 menu=00 screen=00 pack=00 slots=31 player=00 pxy=12,80
BP_worldloop entity_active=01 01 01 01 01 01 FF FF
BP_worldloop entity_sprite_asset_index=03 09 00 00 01 07 FF FF FF FF FF FF FF FF FF FF
BP_worldloop base_slots=00 04 00 06 0A 0C 12 16 1A 1C 1E 22 26 28 2E 32
BP_worldloop sat_ram=E0 08 00 06 E0 08 04 0F A0 84 70 0E E0 FF FF FF E0 FF FF FF E0 FF FF FF E0 FF FF FF E0 FF FF FF E0 FF FF FF E0 FF FF FF E0 FF FF FF E0 FF FF FF
BP_worldloop sat_vram=E0 08 00 06 E0 08 04 0F A0 84 70 0E E0 FF FF FF E0 FF FF FF E0 FF FF FF E0 FF FF FF E0 FF FF FF E0 FF FF FF E0 FF FF FF E0 FF FF FF D1 00 2C 00
BP_worldloop sprite_pattern_vram_0000=00 00 01 01 03 02 03 01 00 00 00 09 0E 07 04 0A 00 C0 B0 D0 58 DC F7 E0 40 00 E0 F8 F8 F0 08 14 00 00 00 00 00 01 00 40 60 30 19 16 11 08 00 04 00 00 00 20 A0 20 00 00 00 E0 18 04 04 08 00 08
BP_worldloop sprite_pattern_vram_0C00=07 07 05 0C 18 20 20 03 02 03 07 0F 00 01 00 01 F8 00 00 00 00 00 00 C0 40 C0 E0 F0 00 00 00 40 00 00 00 02 03 01 01 00 00 00 00 00 01 00 01 00 00 F0 D0 D8 F8 F0 80 00 80 00 00 00 00 00 00 80
BP_worldloop pc=A702 sp=F37C bank=01/02/03 flow=01 menu=00 screen=00 pack=00 slots=31 player=00 pxy=14,80
BP_worldloop entity_active=01 01 01 01 01 01 FF FF
BP_worldloop entity_sprite_asset_index=03 09 00 00 01 07 FF FF FF FF FF FF FF FF FF FF
BP_worldloop base_slots=00 04 00 06 0A 0C 12 16 1A 1C 1E 22 26 28 2E 32
BP_worldloop sat_ram=E0 08 00 06 E0 08 04 0F A0 84 70 0E E0 FF FF FF E0 FF FF FF E0 FF FF FF E0 FF FF FF E0 FF FF FF E0 FF FF FF E0 FF FF FF E0 FF FF FF E0 FF FF FF
BP_worldloop sat_vram=E0 08 00 06 E0 08 04 0F A0 84 70 0E E0 FF FF FF E0 FF FF FF E0 FF FF FF E0 FF FF FF E0 FF FF FF E0 FF FF FF E0 FF FF FF E0 FF FF FF D1 00 2C 00
BP_worldloop sprite_pattern_vram_0000=00 00 01 01 03 02 03 01 00 00 00 09 0E 07 04 0A 00 C0 B0 D0 58 DC F7 E0 40 00 E0 F8 F8 F0 08 14 00 00 00 00 00 01 00 40 60 30 19 16 11 08 00 04 00 00 00 20 A0 20 00 00 00 E0 18 04 04 08 00 08
BP_worldloop sprite_pattern_vram_0C00=07 07 05 0C 18 20 20 03 02 03 07 0F 00 01 00 01 F8 00 00 00 00 00 00 C0 40 C0 E0 F0 00 00 00 40 00 00 00 02 03 01 01 00 00 00 00 00 01 00 01 00 00 F0 D0 D8 F8 F0 80 00 80 00 00 00 00 00 00 80
BP_worldloop pc=A702 sp=F37C bank=01/02/03 flow=01 menu=00 screen=00 pack=00 slots=31 player=00 pxy=16,80
BP_worldloop entity_active=01 01 01 01 01 01 FF FF
BP_worldloop entity_sprite_asset_index=03 09 00 00 01 07 FF FF FF FF FF FF FF FF FF FF
BP_worldloop base_slots=00 04 00 06 0A 0C 12 16 1A 1C 1E 22 26 28 2E 32
BP_worldloop sat_ram=E0 08 00 06 E0 08 04 0F A0 84 70 0E E0 FF FF FF E0 FF FF FF E0 FF FF FF E0 FF FF FF E0 FF FF FF E0 FF FF FF E0 FF FF FF E0 FF FF FF E0 FF FF FF
BP_worldloop sat_vram=E0 08 00 06 E0 08 04 0F A0 84 70 0E E0 FF FF FF E0 FF FF FF E0 FF FF FF E0 FF FF FF E0 FF FF FF E0 FF FF FF E0 FF FF FF E0 FF FF FF D1 00 2C 00
BP_worldloop sprite_pattern_vram_0000=00 00 01 01 03 02 03 01 00 00 00 09 0E 07 04 0A 00 C0 B0 D0 58 DC F7 E0 40 00 E0 F8 F8 F0 08 14 00 00 00 00 00 01 00 40 60 30 19 16 11 08 00 04 00 00 00 20 A0 20 00 00 00 E0 18 04 04 08 00 08
BP_worldloop sprite_pattern_vram_0C00=07 07 05 0C 18 20 20 03 02 03 07 0F 00 01 00 01 F8 00 00 00 00 00 00 C0 40 C0 E0 F0 00 00 00 40 00 00 00 02 03 01 01 00 00 00 00 00 01 00 01 00 00 F0 D0 D8 F8 F0 80 00 80 00 00 00 00 00 00 80
BP_worldloop pc=A702 sp=F37C bank=01/02/03 flow=01 menu=00 screen=00 pack=00 slots=31 player=00 pxy=18,80
BP_worldloop entity_active=01 01 01 01 01 01 FF FF
BP_worldloop entity_sprite_asset_index=03 09 00 00 01 07 FF FF FF FF FF FF FF FF FF FF
BP_worldloop base_slots=00 04 00 06 0A 0C 12 16 1A 1C 1E 22 26 28 2E 32
BP_worldloop sat_ram=E0 08 00 06 E0 08 04 0F A0 84 70 0E E0 FF FF FF E0 FF FF FF E0 FF FF FF E0 FF FF FF E0 FF FF FF E0 FF FF FF E0 FF FF FF E0 FF FF FF E0 FF FF FF
BP_worldloop sat_vram=E0 08 00 06 E0 08 04 0F A0 84 70 0E E0 FF FF FF E0 FF FF FF E0 FF FF FF E0 FF FF FF E0 FF FF FF E0 FF FF FF E0 FF FF FF E0 FF FF FF D1 00 2C 00
BP_worldloop sprite_pattern_vram_0000=00 00 01 01 03 02 03 01 00 00 00 09 0E 07 04 0A 00 C0 B0 D0 58 DC F7 E0 40 00 E0 F8 F8 F0 08 14 00 00 00 00 00 01 00 40 60 30 19 16 11 08 00 04 00 00 00 20 A0 20 00 00 00 E0 18 04 04 08 00 08
BP_worldloop sprite_pattern_vram_0C00=07 07 05 0C 18 20 20 03 02 03 07 0F 00 01 00 01 F8 00 00 00 00 00 00 C0 40 C0 E0 F0 00 00 00 40 00 00 00 02 03 01 01 00 00 00 00 00 01 00 01 00 00 F0 D0 D8 F8 F0 80 00 80 00 00 00 00 00 00 80
BP_worldloop pc=A702 sp=F37C bank=01/02/03 flow=01 menu=00 screen=00 pack=00 slots=31 player=00 pxy=20,80
BP_worldloop entity_active=01 01 01 01 01 01 FF FF
BP_worldloop entity_sprite_asset_index=03 09 00 00 01 07 FF FF FF FF FF FF FF FF FF FF
BP_worldloop base_slots=00 04 00 06 0A 0C 12 16 1A 1C 1E 22 26 28 2E 32
BP_worldloop sat_ram=E0 08 00 06 E0 08 04 0F A0 85 70 0E E0 FF FF FF E0 FF FF FF E0 FF FF FF E0 FF FF FF E0 FF FF FF E0 FF FF FF E0 FF FF FF E0 FF FF FF E0 FF FF FF
BP_worldloop sat_vram=E0 08 00 06 E0 08 04 0F A0 85 70 0E E0 FF FF FF E0 FF FF FF E0 FF FF FF E0 FF FF FF E0 FF FF FF E0 FF FF FF E0 FF FF FF E0 FF FF FF D1 00 2C 00
BP_worldloop sprite_pattern_vram_0000=00 00 01 01 03 02 03 01 00 00 00 09 0E 07 04 0A 00 C0 B0 D0 58 DC F7 E0 40 00 E0 F8 F8 F0 08 14 00 00 00 00 00 01 00 40 60 30 19 16 11 08 00 04 00 00 00 20 A0 20 00 00 00 E0 18 04 04 08 00 08
BP_worldloop sprite_pattern_vram_0C00=07 07 05 0C 18 20 20 03 02 03 07 0F 00 01 00 01 F8 00 00 00 00 00 00 C0 40 C0 E0 F0 00 00 00 40 00 00 00 02 03 01 01 00 00 00 00 00 01 00 01 00 00 F0 D0 D8 F8 F0 80 00 80 00 00 00 00 00 00 80
BP_worldloop pc=A702 sp=F37C bank=01/02/03 flow=01 menu=00 screen=00 pack=00 slots=31 player=00 pxy=22,80
BP_worldloop entity_active=01 01 01 01 01 01 FF FF
BP_worldloop entity_sprite_asset_index=03 09 00 00 01 07 FF FF FF FF FF FF FF FF FF FF
BP_worldloop base_slots=00 04 00 06 0A 0C 12 16 1A 1C 1E 22 26 28 2E 32
BP_worldloop sat_ram=E0 08 00 06 E0 08 04 0F A0 85 70 0E E0 FF FF FF E0 FF FF FF E0 FF FF FF E0 FF FF FF E0 FF FF FF E0 FF FF FF E0 FF FF FF E0 FF FF FF E0 FF FF FF
BP_worldloop sat_vram=E0 08 00 06 E0 08 04 0F A0 85 70 0E E0 FF FF FF E0 FF FF FF E0 FF FF FF E0 FF FF FF E0 FF FF FF E0 FF FF FF E0 FF FF FF E0 FF FF FF D1 00 2C 00
BP_worldloop sprite_pattern_vram_0000=00 00 01 01 03 02 03 01 00 00 00 09 0E 07 04 0A 00 C0 B0 D0 58 DC F7 E0 40 00 E0 F8 F8 F0 08 14 00 00 00 00 00 01 00 40 60 30 19 16 11 08 00 04 00 00 00 20 A0 20 00 00 00 E0 18 04 04 08 00 08
BP_worldloop sprite_pattern_vram_0C00=07 07 05 0C 18 20 20 03 02 03 07 0F 00 01 00 01 F8 00 00 00 00 00 00 C0 40 C0 E0 F0 00 00 00 40 00 00 00 02 03 01 01 00 00 00 00 00 01 00 01 00 00 F0 D0 D8 F8 F0 80 00 80 00 00 00 00 00 00 80
BP_worldloop pc=A702 sp=F37C bank=01/02/03 flow=01 menu=00 screen=00 pack=00 slots=31 player=00 pxy=24,80
BP_worldloop entity_active=01 01 01 01 01 01 FF FF
BP_worldloop entity_sprite_asset_index=03 09 00 00 01 07 FF FF FF FF FF FF FF FF FF FF
BP_worldloop base_slots=00 04 00 06 0A 0C 12 16 1A 1C 1E 22 26 28 2E 32
BP_worldloop sat_ram=E0 08 00 06 E0 08 04 0F A0 85 70 0E E0 FF FF FF E0 FF FF FF E0 FF FF FF E0 FF FF FF E0 FF FF FF E0 FF FF FF E0 FF FF FF E0 FF FF FF E0 FF FF FF
BP_worldloop sat_vram=E0 08 00 06 E0 08 04 0F A0 85 70 0E E0 FF FF FF E0 FF FF FF E0 FF FF FF E0 FF FF FF E0 FF FF FF E0 FF FF FF E0 FF FF FF E0 FF FF FF D1 00 2C 00
BP_worldloop sprite_pattern_vram_0000=00 00 01 01 03 02 03 01 00 00 00 09 0E 07 04 0A 00 C0 B0 D0 58 DC F7 E0 40 00 E0 F8 F8 F0 08 14 00 00 00 00 00 01 00 40 60 30 19 16 11 08 00 04 00 00 00 20 A0 20 00 00 00 E0 18 04 04 08 00 08
BP_worldloop sprite_pattern_vram_0C00=07 07 05 0C 18 20 20 03 02 03 07 0F 00 01 00 01 F8 00 00 00 00 00 00 C0 40 C0 E0 F0 00 00 00 40 00 00 00 02 03 01 01 00 00 00 00 00 01 00 01 00 00 F0 D0 D8 F8 F0 80 00 80 00 00 00 00 00 00 80
BP_worldloop pc=A702 sp=F37C bank=01/02/03 flow=01 menu=00 screen=00 pack=00 slots=31 player=00 pxy=26,80
BP_worldloop entity_active=01 01 01 01 01 01 FF FF
BP_worldloop entity_sprite_asset_index=03 09 00 00 01 07 FF FF FF FF FF FF FF FF FF FF
BP_worldloop base_slots=00 04 00 06 0A 0C 12 16 1A 1C 1E 22 26 28 2E 32
BP_worldloop sat_ram=E0 08 00 06 E0 08 04 0F A0 86 70 0E E0 FF FF FF E0 FF FF FF E0 FF FF FF E0 FF FF FF E0 FF FF FF E0 FF FF FF E0 FF FF FF E0 FF FF FF E0 FF FF FF
BP_worldloop sat_vram=E0 08 00 06 E0 08 04 0F A0 86 70 0E E0 FF FF FF E0 FF FF FF E0 FF FF FF E0 FF FF FF E0 FF FF FF E0 FF FF FF E0 FF FF FF E0 FF FF FF D1 00 2C 00
BP_worldloop sprite_pattern_vram_0000=00 00 01 01 03 02 03 01 00 00 00 09 0E 07 04 0A 00 C0 B0 D0 58 DC F7 E0 40 00 E0 F8 F8 F0 08 14 00 00 00 00 00 01 00 40 60 30 19 16 11 08 00 04 00 00 00 20 A0 20 00 00 00 E0 18 04 04 08 00 08
BP_worldloop sprite_pattern_vram_0C00=07 07 05 0C 18 20 20 03 02 03 07 0F 00 01 00 01 F8 00 00 00 00 00 00 C0 40 C0 E0 F0 00 00 00 40 00 00 00 02 03 01 01 00 00 00 00 00 01 00 01 00 00 F0 D0 D8 F8 F0 80 00 80 00 00 00 00 00 00 80
BP_worldloop pc=A702 sp=F37C bank=01/02/03 flow=01 menu=00 screen=00 pack=00 slots=31 player=00 pxy=28,80
BP_worldloop entity_active=01 01 01 01 01 01 FF FF
BP_worldloop entity_sprite_asset_index=03 09 00 00 01 07 FF FF FF FF FF FF FF FF FF FF
BP_worldloop base_slots=00 04 00 06 0A 0C 12 16 1A 1C 1E 22 26 28 2E 32
BP_worldloop sat_ram=E0 08 00 06 E0 08 04 0F A0 86 70 0E E0 FF FF FF E0 FF FF FF E0 FF FF FF E0 FF FF FF E0 FF FF FF E0 FF FF FF E0 FF FF FF E0 FF FF FF E0 FF FF FF
BP_worldloop sat_vram=E0 08 00 06 E0 08 04 0F A0 86 70 0E E0 FF FF FF E0 FF FF FF E0 FF FF FF E0 FF FF FF E0 FF FF FF E0 FF FF FF E0 FF FF FF E0 FF FF FF D1 00 2C 00
BP_worldloop sprite_pattern_vram_0000=00 00 01 01 03 02 03 01 00 00 00 09 0E 07 04 0A 00 C0 B0 D0 58 DC F7 E0 40 00 E0 F8 F8 F0 08 14 00 00 00 00 00 01 00 40 60 30 19 16 11 08 00 04 00 00 00 20 A0 20 00 00 00 E0 18 04 04 08 00 08
BP_worldloop sprite_pattern_vram_0C00=07 07 05 0C 18 20 20 03 02 03 07 0F 00 01 00 01 F8 00 00 00 00 00 00 C0 40 C0 E0 F0 00 00 00 40 00 00 00 02 03 01 01 00 00 00 00 00 01 00 01 00 00 F0 D0 D8 F8 F0 80 00 80 00 00 00 00 00 00 80
BP_worldloop pc=A702 sp=F37C bank=01/02/03 flow=01 menu=00 screen=00 pack=00 slots=31 player=00 pxy=30,80
BP_worldloop entity_active=01 01 01 01 01 01 FF FF
BP_worldloop entity_sprite_asset_index=03 09 00 00 01 07 FF FF FF FF FF FF FF FF FF FF
BP_worldloop base_slots=00 04 00 06 0A 0C 12 16 1A 1C 1E 22 26 28 2E 32
BP_worldloop sat_ram=E0 08 00 06 E0 08 04 0F A0 86 70 0E E0 FF FF FF E0 FF FF FF E0 FF FF FF E0 FF FF FF E0 FF FF FF E0 FF FF FF E0 FF FF FF E0 FF FF FF E0 FF FF FF
BP_worldloop sat_vram=E0 08 00 06 E0 08 04 0F A0 86 70 0E E0 FF FF FF E0 FF FF FF E0 FF FF FF E0 FF FF FF E0 FF FF FF E0 FF FF FF E0 FF FF FF E0 FF FF FF D1 00 2C 00
BP_worldloop sprite_pattern_vram_0000=00 00 01 01 03 02 03 01 00 00 00 09 0E 07 04 0A 00 C0 B0 D0 58 DC F7 E0 40 00 E0 F8 F8 F0 08 14 00 00 00 00 00 01 00 40 60 30 19 16 11 08 00 04 00 00 00 20 A0 20 00 00 00 E0 18 04 04 08 00 08
BP_worldloop sprite_pattern_vram_0C00=07 07 05 0C 18 20 20 03 02 03 07 0F 00 01 00 01 F8 00 00 00 00 00 00 C0 40 C0 E0 F0 00 00 00 40 00 00 00 02 03 01 01 00 00 00 00 00 01 00 01 00 00 F0 D0 D8 F8 F0 80 00 80 00 00 00 00 00 00 80
BP_worldloop pc=A702 sp=F37C bank=01/02/03 flow=01 menu=00 screen=00 pack=00 slots=31 player=00 pxy=32,80
BP_worldloop entity_active=01 01 01 01 01 01 FF FF
BP_worldloop entity_sprite_asset_index=03 09 00 00 01 07 FF FF FF FF FF FF FF FF FF FF
BP_worldloop base_slots=00 04 00 06 0A 0C 12 16 1A 1C 1E 22 26 28 2E 32
BP_worldloop sat_ram=E0 08 00 06 E0 08 04 0F A0 87 70 0E E0 FF FF FF E0 FF FF FF E0 FF FF FF E0 FF FF FF E0 FF FF FF E0 FF FF FF E0 FF FF FF E0 FF FF FF E0 FF FF FF
BP_worldloop sat_vram=E0 08 00 06 E0 08 04 0F A0 87 70 0E E0 FF FF FF E0 FF FF FF E0 FF FF FF E0 FF FF FF E0 FF FF FF E0 FF FF FF E0 FF FF FF E0 FF FF FF D1 00 2C 00
BP_worldloop sprite_pattern_vram_0000=00 00 01 01 03 02 03 01 00 00 00 09 0E 07 04 0A 00 C0 B0 D0 58 DC F7 E0 40 00 E0 F8 F8 F0 08 14 00 00 00 00 00 01 00 40 60 30 19 16 11 08 00 04 00 00 00 20 A0 20 00 00 00 E0 18 04 04 08 00 08
BP_worldloop sprite_pattern_vram_0C00=07 07 05 0C 18 20 20 03 02 03 07 0F 00 01 00 01 F8 00 00 00 00 00 00 C0 40 C0 E0 F0 00 00 00 40 00 00 00 02 03 01 01 00 00 00 00 00 01 00 01 00 00 F0 D0 D8 F8 F0 80 00 80 00 00 00 00 00 00 80
BP_worldloop pc=A702 sp=F37C bank=01/02/03 flow=01 menu=00 screen=00 pack=00 slots=31 player=00 pxy=34,80
BP_worldloop entity_active=01 01 01 01 01 01 FF FF
BP_worldloop entity_sprite_asset_index=03 09 00 00 01 07 FF FF FF FF FF FF FF FF FF FF
BP_worldloop base_slots=00 04 00 06 0A 0C 12 16 1A 1C 1E 22 26 28 2E 32
BP_worldloop sat_ram=E0 08 00 06 E0 08 04 0F A0 87 70 0E E0 FF FF FF E0 FF FF FF E0 FF FF FF E0 FF FF FF E0 FF FF FF E0 FF FF FF E0 FF FF FF E0 FF FF FF E0 FF FF FF
BP_worldloop sat_vram=E0 08 00 06 E0 08 04 0F A0 87 70 0E E0 FF FF FF E0 FF FF FF E0 FF FF FF E0 FF FF FF E0 FF FF FF E0 FF FF FF E0 FF FF FF E0 FF FF FF D1 00 2C 00
BP_worldloop sprite_pattern_vram_0000=00 00 01 01 03 02 03 01 00 00 00 09 0E 07 04 0A 00 C0 B0 D0 58 DC F7 E0 40 00 E0 F8 F8 F0 08 14 00 00 00 00 00 01 00 40 60 30 19 16 11 08 00 04 00 00 00 20 A0 20 00 00 00 E0 18 04 04 08 00 08
BP_worldloop sprite_pattern_vram_0C00=07 07 05 0C 18 20 20 03 02 03 07 0F 00 01 00 01 F8 00 00 00 00 00 00 C0 40 C0 E0 F0 00 00 00 40 00 00 00 02 03 01 01 00 00 00 00 00 01 00 01 00 00 F0 D0 D8 F8 F0 80 00 80 00 00 00 00 00 00 80
BP_worldloop pc=A702 sp=F37C bank=01/02/03 flow=01 menu=00 screen=00 pack=00 slots=31 player=00 pxy=36,80
BP_worldloop entity_active=01 01 01 01 01 01 FF FF
BP_worldloop entity_sprite_asset_index=03 09 00 00 01 07 FF FF FF FF FF FF FF FF FF FF
BP_worldloop base_slots=00 04 00 06 0A 0C 12 16 1A 1C 1E 22 26 28 2E 32
BP_worldloop sat_ram=E0 08 00 06 E0 08 04 0F A0 88 70 0E E0 FF FF FF E0 FF FF FF E0 FF FF FF E0 FF FF FF E0 FF FF FF E0 FF FF FF E0 FF FF FF E0 FF FF FF E0 FF FF FF
BP_worldloop sat_vram=E0 08 00 06 E0 08 04 0F A0 88 70 0E E0 FF FF FF E0 FF FF FF E0 FF FF FF E0 FF FF FF E0 FF FF FF E0 FF FF FF E0 FF FF FF E0 FF FF FF D1 00 2C 00
BP_worldloop sprite_pattern_vram_0000=00 00 01 01 03 02 03 01 00 00 00 09 0E 07 04 0A 00 C0 B0 D0 58 DC F7 E0 40 00 E0 F8 F8 F0 08 14 00 00 00 00 00 01 00 40 60 30 19 16 11 08 00 04 00 00 00 20 A0 20 00 00 00 E0 18 04 04 08 00 08
BP_worldloop sprite_pattern_vram_0C00=07 07 05 0C 18 20 20 03 02 03 07 0F 00 01 00 01 F8 00 00 00 00 00 00 C0 40 C0 E0 F0 00 00 00 40 00 00 00 02 03 01 01 00 00 00 00 00 01 00 01 00 00 F0 D0 D8 F8 F0 80 00 80 00 00 00 00 00 00 80
BP_worldloop pc=A702 sp=F37C bank=01/02/03 flow=01 menu=00 screen=00 pack=00 slots=31 player=00 pxy=38,80
BP_worldloop entity_active=01 01 01 01 01 01 FF FF
BP_worldloop entity_sprite_asset_index=03 09 00 00 01 07 FF FF FF FF FF FF FF FF FF FF
BP_worldloop base_slots=00 04 00 06 0A 0C 12 16 1A 1C 1E 22 26 28 2E 32
BP_worldloop sat_ram=E0 08 00 06 E0 08 04 0F A0 88 70 0E E0 FF FF FF E0 FF FF FF E0 FF FF FF E0 FF FF FF E0 FF FF FF E0 FF FF FF E0 FF FF FF E0 FF FF FF E0 FF FF FF
BP_worldloop sat_vram=E0 08 00 06 E0 08 04 0F A0 88 70 0E E0 FF FF FF E0 FF FF FF E0 FF FF FF E0 FF FF FF E0 FF FF FF E0 FF FF FF E0 FF FF FF E0 FF FF FF D1 00 2C 00
BP_worldloop sprite_pattern_vram_0000=00 00 01 01 03 02 03 01 00 00 00 09 0E 07 04 0A 00 C0 B0 D0 58 DC F7 E0 40 00 E0 F8 F8 F0 08 14 00 00 00 00 00 01 00 40 60 30 19 16 11 08 00 04 00 00 00 20 A0 20 00 00 00 E0 18 04 04 08 00 08
BP_worldloop sprite_pattern_vram_0C00=07 07 05 0C 18 20 20 03 02 03 07 0F 00 01 00 01 F8 00 00 00 00 00 00 C0 40 C0 E0 F0 00 00 00 40 00 00 00 02 03 01 01 00 00 00 00 00 01 00 01 00 00 F0 D0 D8 F8 F0 80 00 80 00 00 00 00 00 00 80
BP_worldloop pc=A702 sp=F37C bank=01/02/03 flow=01 menu=00 screen=00 pack=00 slots=31 player=00 pxy=40,80
BP_worldloop entity_active=01 01 01 01 01 01 FF FF
BP_worldloop entity_sprite_asset_index=03 09 00 00 01 07 FF FF FF FF FF FF FF FF FF FF
BP_worldloop base_slots=00 04 00 06 0A 0C 12 16 1A 1C 1E 22 26 28 2E 32
BP_worldloop sat_ram=E0 08 00 06 E0 08 04 0F A0 88 70 0E E0 FF FF FF E0 FF FF FF E0 FF FF FF E0 FF FF FF E0 FF FF FF E0 FF FF FF E0 FF FF FF E0 FF FF FF E0 FF FF FF
BP_worldloop sat_vram=E0 08 00 06 E0 08 04 0F A0 88 70 0E E0 FF FF FF E0 FF FF FF E0 FF FF FF E0 FF FF FF E0 FF FF FF E0 FF FF FF E0 FF FF FF E0 FF FF FF D1 00 2C 00
BP_worldloop sprite_pattern_vram_0000=00 00 01 01 03 02 03 01 00 00 00 09 0E 07 04 0A 00 C0 B0 D0 58 DC F7 E0 40 00 E0 F8 F8 F0 08 14 00 00 00 00 00 01 00 40 60 30 19 16 11 08 00 04 00 00 00 20 A0 20 00 00 00 E0 18 04 04 08 00 08
BP_worldloop sprite_pattern_vram_0C00=07 07 05 0C 18 20 20 03 02 03 07 0F 00 01 00 01 F8 00 00 00 00 00 00 C0 40 C0 E0 F0 00 00 00 40 00 00 00 02 03 01 01 00 00 00 00 00 01 00 01 00 00 F0 D0 D8 F8 F0 80 00 80 00 00 00 00 00 00 80
BP_worldloop pc=A702 sp=F37C bank=01/02/03 flow=01 menu=00 screen=00 pack=00 slots=31 player=00 pxy=42,80
BP_worldloop entity_active=01 01 01 01 01 01 FF FF
BP_worldloop entity_sprite_asset_index=03 09 00 00 01 07 FF FF FF FF FF FF FF FF FF FF
BP_worldloop base_slots=00 04 00 06 0A 0C 12 16 1A 1C 1E 22 26 28 2E 32
BP_worldloop sat_ram=E0 08 00 06 E0 08 04 0F A0 89 70 0E E0 FF FF FF E0 FF FF FF E0 FF FF FF E0 FF FF FF E0 FF FF FF E0 FF FF FF E0 FF FF FF E0 FF FF FF E0 FF FF FF
BP_worldloop sat_vram=E0 08 00 06 E0 08 04 0F A0 89 70 0E E0 FF FF FF E0 FF FF FF E0 FF FF FF E0 FF FF FF E0 FF FF FF E0 FF FF FF E0 FF FF FF E0 FF FF FF D1 00 2C 00
BP_worldloop sprite_pattern_vram_0000=00 00 01 01 03 02 03 01 00 00 00 09 0E 07 04 0A 00 C0 B0 D0 58 DC F7 E0 40 00 E0 F8 F8 F0 08 14 00 00 00 00 00 01 00 40 60 30 19 16 11 08 00 04 00 00 00 20 A0 20 00 00 00 E0 18 04 04 08 00 08
BP_worldloop sprite_pattern_vram_0C00=07 07 05 0C 18 20 20 03 02 03 07 0F 00 01 00 01 F8 00 00 00 00 00 00 C0 40 C0 E0 F0 00 00 00 40 00 00 00 02 03 01 01 00 00 00 00 00 01 00 01 00 00 F0 D0 D8 F8 F0 80 00 80 00 00 00 00 00 00 80
BP_worldloop pc=A702 sp=F37C bank=01/02/03 flow=01 menu=00 screen=00 pack=00 slots=31 player=00 pxy=44,80
BP_worldloop entity_active=01 01 01 01 01 01 FF FF
BP_worldloop entity_sprite_asset_index=03 09 00 00 01 07 FF FF FF FF FF FF FF FF FF FF
BP_worldloop base_slots=00 04 00 06 0A 0C 12 16 1A 1C 1E 22 26 28 2E 32
BP_worldloop sat_ram=E0 08 00 06 E0 08 04 0F A0 89 70 0E E0 FF FF FF E0 FF FF FF E0 FF FF FF E0 FF FF FF E0 FF FF FF E0 FF FF FF E0 FF FF FF E0 FF FF FF E0 FF FF FF
BP_worldloop sat_vram=E0 08 00 06 E0 08 04 0F A0 89 70 0E E0 FF FF FF E0 FF FF FF E0 FF FF FF E0 FF FF FF E0 FF FF FF E0 FF FF FF E0 FF FF FF E0 FF FF FF D1 00 2C 00
BP_worldloop sprite_pattern_vram_0000=00 00 01 01 03 02 03 01 00 00 00 09 0E 07 04 0A 00 C0 B0 D0 58 DC F7 E0 40 00 E0 F8 F8 F0 08 14 00 00 00 00 00 01 00 40 60 30 19 16 11 08 00 04 00 00 00 20 A0 20 00 00 00 E0 18 04 04 08 00 08
BP_worldloop sprite_pattern_vram_0C00=07 07 05 0C 18 20 20 03 02 03 07 0F 00 01 00 01 F8 00 00 00 00 00 00 C0 40 C0 E0 F0 00 00 00 40 00 00 00 02 03 01 01 00 00 00 00 00 01 00 01 00 00 F0 D0 D8 F8 F0 80 00 80 00 00 00 00 00 00 80
BP_worldloop pc=A702 sp=F37C bank=01/02/03 flow=01 menu=00 screen=00 pack=00 slots=31 player=00 pxy=46,80
BP_worldloop entity_active=01 01 01 01 01 01 FF FF
BP_worldloop entity_sprite_asset_index=03 09 00 00 01 07 FF FF FF FF FF FF FF FF FF FF
BP_worldloop base_slots=00 04 00 06 0A 0C 12 16 1A 1C 1E 22 26 28 2E 32
BP_worldloop sat_ram=E0 08 00 06 E0 08 04 0F A0 89 70 0E E0 FF FF FF E0 FF FF FF E0 FF FF FF E0 FF FF FF E0 FF FF FF E0 FF FF FF E0 FF FF FF E0 FF FF FF E0 FF FF FF
BP_worldloop sat_vram=E0 08 00 06 E0 08 04 0F A0 89 70 0E E0 FF FF FF E0 FF FF FF E0 FF FF FF E0 FF FF FF E0 FF FF FF E0 FF FF FF E0 FF FF FF E0 FF FF FF D1 00 2C 00
BP_worldloop sprite_pattern_vram_0000=00 00 01 01 03 02 03 01 00 00 00 09 0E 07 04 0A 00 C0 B0 D0 58 DC F7 E0 40 00 E0 F8 F8 F0 08 14 00 00 00 00 00 01 00 40 60 30 19 16 11 08 00 04 00 00 00 20 A0 20 00 00 00 E0 18 04 04 08 00 08
BP_worldloop sprite_pattern_vram_0C00=07 07 05 0C 18 20 20 03 02 03 07 0F 00 01 00 01 F8 00 00 00 00 00 00 C0 40 C0 E0 F0 00 00 00 40 00 00 00 02 03 01 01 00 00 00 00 00 01 00 01 00 00 F0 D0 D8 F8 F0 80 00 80 00 00 00 00 00 00 80
BP_worldloop pc=A702 sp=F37C bank=01/02/03 flow=01 menu=00 screen=00 pack=00 slots=31 player=00 pxy=48,80
BP_worldloop entity_active=01 01 01 01 01 01 FF FF
BP_worldloop entity_sprite_asset_index=03 09 00 00 01 07 FF FF FF FF FF FF FF FF FF FF
BP_worldloop base_slots=00 04 00 06 0A 0C 12 16 1A 1C 1E 22 26 28 2E 32
BP_worldloop sat_ram=E0 08 00 06 E0 08 04 0F A0 8A 74 0E E0 FF FF FF E0 FF FF FF E0 FF FF FF E0 FF FF FF E0 FF FF FF E0 FF FF FF E0 FF FF FF E0 FF FF FF E0 FF FF FF
BP_worldloop sat_vram=E0 08 00 06 E0 08 04 0F A0 8A 74 0E E0 FF FF FF E0 FF FF FF E0 FF FF FF E0 FF FF FF E0 FF FF FF E0 FF FF FF E0 FF FF FF E0 FF FF FF D1 00 2C 00
BP_worldloop sprite_pattern_vram_0000=00 00 01 01 03 02 03 01 00 00 00 09 0E 07 04 0A 00 C0 B0 D0 58 DC F7 E0 40 00 E0 F8 F8 F0 08 14 00 00 00 00 00 01 00 40 60 30 19 16 11 08 00 04 00 00 00 20 A0 20 00 00 00 E0 18 04 04 08 00 08
BP_worldloop sprite_pattern_vram_0C00=07 07 05 0C 18 20 20 03 02 03 07 0F 00 01 00 01 F8 00 00 00 00 00 00 C0 40 C0 E0 F0 00 00 00 40 00 00 00 02 03 01 01 00 00 00 00 00 01 00 01 00 00 F0 D0 D8 F8 F0 80 00 80 00 00 00 00 00 00 80
BP_worldloop pc=A702 sp=F37C bank=01/02/03 flow=01 menu=00 screen=00 pack=00 slots=31 player=00 pxy=50,80
BP_worldloop entity_active=01 01 01 01 01 01 FF FF
BP_worldloop entity_sprite_asset_index=03 09 00 00 01 07 FF FF FF FF FF FF FF FF FF FF
BP_worldloop base_slots=00 04 00 06 0A 0C 12 16 1A 1C 1E 22 26 28 2E 32
BP_worldloop sat_ram=E0 08 00 06 E0 08 04 0F A0 8A 74 0E E0 FF FF FF E0 FF FF FF E0 FF FF FF E0 FF FF FF E0 FF FF FF E0 FF FF FF E0 FF FF FF E0 FF FF FF E0 FF FF FF
BP_worldloop sat_vram=E0 08 00 06 E0 08 04 0F A0 8A 74 0E E0 FF FF FF E0 FF FF FF E0 FF FF FF E0 FF FF FF E0 FF FF FF E0 FF FF FF E0 FF FF FF E0 FF FF FF D1 00 2C 00
BP_worldloop sprite_pattern_vram_0000=00 00 01 01 03 02 03 01 00 00 00 09 0E 07 04 0A 00 C0 B0 D0 58 DC F7 E0 40 00 E0 F8 F8 F0 08 14 00 00 00 00 00 01 00 40 60 30 19 16 11 08 00 04 00 00 00 20 A0 20 00 00 00 E0 18 04 04 08 00 08
BP_worldloop sprite_pattern_vram_0C00=07 07 05 0C 18 20 20 03 02 03 07 0F 00 01 00 01 F8 00 00 00 00 00 00 C0 40 C0 E0 F0 00 00 00 40 00 00 00 02 03 01 01 00 00 00 00 00 01 00 01 00 00 F0 D0 D8 F8 F0 80 00 80 00 00 00 00 00 00 80
BP_worldloop pc=A702 sp=F37C bank=01/02/03 flow=01 menu=00 screen=00 pack=00 slots=31 player=00 pxy=52,80
BP_worldloop entity_active=01 01 01 01 01 01 FF FF
BP_worldloop entity_sprite_asset_index=03 09 00 00 01 07 FF FF FF FF FF FF FF FF FF FF
BP_worldloop base_slots=00 04 00 06 0A 0C 12 16 1A 1C 1E 22 26 28 2E 32
BP_worldloop sat_ram=E0 08 00 06 E0 08 04 0F A0 8B 74 0E E0 FF FF FF E0 FF FF FF E0 FF FF FF E0 FF FF FF E0 FF FF FF E0 FF FF FF E0 FF FF FF E0 FF FF FF E0 FF FF FF
BP_worldloop sat_vram=E0 08 00 06 E0 08 04 0F A0 8B 74 0E E0 FF FF FF E0 FF FF FF E0 FF FF FF E0 FF FF FF E0 FF FF FF E0 FF FF FF E0 FF FF FF E0 FF FF FF D1 00 2C 00
BP_worldloop sprite_pattern_vram_0000=00 00 01 01 03 02 03 01 00 00 00 09 0E 07 04 0A 00 C0 B0 D0 58 DC F7 E0 40 00 E0 F8 F8 F0 08 14 00 00 00 00 00 01 00 40 60 30 19 16 11 08 00 04 00 00 00 20 A0 20 00 00 00 E0 18 04 04 08 00 08
BP_worldloop sprite_pattern_vram_0C00=07 07 05 0C 18 20 20 03 02 03 07 0F 00 01 00 01 F8 00 00 00 00 00 00 C0 40 C0 E0 F0 00 00 00 40 00 00 00 02 03 01 01 00 00 00 00 00 01 00 01 00 00 F0 D0 D8 F8 F0 80 00 80 00 00 00 00 00 00 80
BP_worldloop pc=A702 sp=F37C bank=01/02/03 flow=01 menu=00 screen=00 pack=00 slots=31 player=00 pxy=54,80
BP_worldloop entity_active=01 01 01 01 01 01 FF FF
BP_worldloop entity_sprite_asset_index=03 09 00 00 01 07 FF FF FF FF FF FF FF FF FF FF
BP_worldloop base_slots=00 04 00 06 0A 0C 12 16 1A 1C 1E 22 26 28 2E 32
BP_worldloop sat_ram=E0 08 00 06 E0 08 04 0F A0 8B 74 0E E0 FF FF FF E0 FF FF FF E0 FF FF FF E0 FF FF FF E0 FF FF FF E0 FF FF FF E0 FF FF FF E0 FF FF FF E0 FF FF FF
BP_worldloop sat_vram=E0 08 00 06 E0 08 04 0F A0 8B 74 0E E0 FF FF FF E0 FF FF FF E0 FF FF FF E0 FF FF FF E0 FF FF FF E0 FF FF FF E0 FF FF FF E0 FF FF FF D1 00 2C 00
BP_worldloop sprite_pattern_vram_0000=00 00 01 01 03 02 03 01 00 00 00 09 0E 07 04 0A 00 C0 B0 D0 58 DC F7 E0 40 00 E0 F8 F8 F0 08 14 00 00 00 00 00 01 00 40 60 30 19 16 11 08 00 04 00 00 00 20 A0 20 00 00 00 E0 18 04 04 08 00 08
BP_worldloop sprite_pattern_vram_0C00=07 07 05 0C 18 20 20 03 02 03 07 0F 00 01 00 01 F8 00 00 00 00 00 00 C0 40 C0 E0 F0 00 00 00 40 00 00 00 02 03 01 01 00 00 00 00 00 01 00 01 00 00 F0 D0 D8 F8 F0 80 00 80 00 00 00 00 00 00 80
BP_worldloop pc=A702 sp=F37C bank=01/02/03 flow=01 menu=00 screen=00 pack=00 slots=31 player=00 pxy=56,80
BP_worldloop entity_active=01 01 01 01 01 01 FF FF
BP_worldloop entity_sprite_asset_index=03 09 00 00 01 07 FF FF FF FF FF FF FF FF FF FF
BP_worldloop base_slots=00 04 00 06 0A 0C 12 16 1A 1C 1E 22 26 28 2E 32
BP_worldloop sat_ram=E0 08 00 06 E0 08 04 0F A0 8B 74 0E E0 FF FF FF E0 FF FF FF E0 FF FF FF E0 FF FF FF E0 FF FF FF E0 FF FF FF E0 FF FF FF E0 FF FF FF E0 FF FF FF
BP_worldloop sat_vram=E0 08 00 06 E0 08 04 0F A0 8B 74 0E E0 FF FF FF E0 FF FF FF E0 FF FF FF E0 FF FF FF E0 FF FF FF E0 FF FF FF E0 FF FF FF E0 FF FF FF D1 00 2C 00
BP_worldloop sprite_pattern_vram_0000=00 00 01 01 03 02 03 01 00 00 00 09 0E 07 04 0A 00 C0 B0 D0 58 DC F7 E0 40 00 E0 F8 F8 F0 08 14 00 00 00 00 00 01 00 40 60 30 19 16 11 08 00 04 00 00 00 20 A0 20 00 00 00 E0 18 04 04 08 00 08
BP_worldloop sprite_pattern_vram_0C00=07 07 05 0C 18 20 20 03 02 03 07 0F 00 01 00 01 F8 00 00 00 00 00 00 C0 40 C0 E0 F0 00 00 00 40 00 00 00 02 03 01 01 00 00 00 00 00 01 00 01 00 00 F0 D0 D8 F8 F0 80 00 80 00 00 00 00 00 00 80
BP_worldloop pc=A702 sp=F37C bank=01/02/03 flow=01 menu=00 screen=00 pack=00 slots=31 player=00 pxy=58,80
BP_worldloop entity_active=01 01 01 01 01 01 FF FF
BP_worldloop entity_sprite_asset_index=03 09 00 00 01 07 FF FF FF FF FF FF FF FF FF FF
BP_worldloop base_slots=00 04 00 06 0A 0C 12 16 1A 1C 1E 22 26 28 2E 32
BP_worldloop sat_ram=E0 08 00 06 E0 08 04 0F A0 8C 74 0E E0 FF FF FF E0 FF FF FF E0 FF FF FF E0 FF FF FF E0 FF FF FF E0 FF FF FF E0 FF FF FF E0 FF FF FF E0 FF FF FF
BP_worldloop sat_vram=E0 08 00 06 E0 08 04 0F A0 8C 74 0E E0 FF FF FF E0 FF FF FF E0 FF FF FF E0 FF FF FF E0 FF FF FF E0 FF FF FF E0 FF FF FF E0 FF FF FF D1 00 2C 00
BP_worldloop sprite_pattern_vram_0000=00 00 01 01 03 02 03 01 00 00 00 09 0E 07 04 0A 00 C0 B0 D0 58 DC F7 E0 40 00 E0 F8 F8 F0 08 14 00 00 00 00 00 01 00 40 60 30 19 16 11 08 00 04 00 00 00 20 A0 20 00 00 00 E0 18 04 04 08 00 08
BP_worldloop sprite_pattern_vram_0C00=07 07 05 0C 18 20 20 03 02 03 07 0F 00 01 00 01 F8 00 00 00 00 00 00 C0 40 C0 E0 F0 00 00 00 40 00 00 00 02 03 01 01 00 00 00 00 00 01 00 01 00 00 F0 D0 D8 F8 F0 80 00 80 00 00 00 00 00 00 80
BP_worldloop pc=A702 sp=F37C bank=01/02/03 flow=01 menu=00 screen=00 pack=00 slots=31 player=00 pxy=60,80
BP_worldloop entity_active=01 01 01 01 01 01 FF FF
BP_worldloop entity_sprite_asset_index=03 09 00 00 01 07 FF FF FF FF FF FF FF FF FF FF
BP_worldloop base_slots=00 04 00 06 0A 0C 12 16 1A 1C 1E 22 26 28 2E 32
BP_worldloop sat_ram=E0 08 00 06 E0 08 04 0F A0 8C 74 0E E0 FF FF FF E0 FF FF FF E0 FF FF FF E0 FF FF FF E0 FF FF FF E0 FF FF FF E0 FF FF FF E0 FF FF FF E0 FF FF FF
BP_worldloop sat_vram=E0 08 00 06 E0 08 04 0F A0 8C 74 0E E0 FF FF FF E0 FF FF FF E0 FF FF FF E0 FF FF FF E0 FF FF FF E0 FF FF FF E0 FF FF FF E0 FF FF FF D1 00 2C 00
BP_worldloop sprite_pattern_vram_0000=00 00 01 01 03 02 03 01 00 00 00 09 0E 07 04 0A 00 C0 B0 D0 58 DC F7 E0 40 00 E0 F8 F8 F0 08 14 00 00 00 00 00 01 00 40 60 30 19 16 11 08 00 04 00 00 00 20 A0 20 00 00 00 E0 18 04 04 08 00 08
BP_worldloop sprite_pattern_vram_0C00=07 07 05 0C 18 20 20 03 02 03 07 0F 00 01 00 01 F8 00 00 00 00 00 00 C0 40 C0 E0 F0 00 00 00 40 00 00 00 02 03 01 01 00 00 00 00 00 01 00 01 00 00 F0 D0 D8 F8 F0 80 00 80 00 00 00 00 00 00 80
BP_worldloop pc=A702 sp=F37C bank=01/02/03 flow=01 menu=00 screen=00 pack=00 slots=31 player=00 pxy=62,80
BP_worldloop entity_active=01 01 01 01 01 01 FF FF
BP_worldloop entity_sprite_asset_index=03 09 00 00 01 07 FF FF FF FF FF FF FF FF FF FF
BP_worldloop base_slots=00 04 00 06 0A 0C 12 16 1A 1C 1E 22 26 28 2E 32
BP_worldloop sat_ram=E0 08 00 06 E0 08 04 0F A0 8C 74 0E E0 FF FF FF E0 FF FF FF E0 FF FF FF E0 FF FF FF E0 FF FF FF E0 FF FF FF E0 FF FF FF E0 FF FF FF E0 FF FF FF
BP_worldloop sat_vram=E0 08 00 06 E0 08 04 0F A0 8C 74 0E E0 FF FF FF E0 FF FF FF E0 FF FF FF E0 FF FF FF E0 FF FF FF E0 FF FF FF E0 FF FF FF E0 FF FF FF D1 00 2C 00
BP_worldloop sprite_pattern_vram_0000=00 00 01 01 03 02 03 01 00 00 00 09 0E 07 04 0A 00 C0 B0 D0 58 DC F7 E0 40 00 E0 F8 F8 F0 08 14 00 00 00 00 00 01 00 40 60 30 19 16 11 08 00 04 00 00 00 20 A0 20 00 00 00 E0 18 04 04 08 00 08
BP_worldloop sprite_pattern_vram_0C00=07 07 05 0C 18 20 20 03 02 03 07 0F 00 01 00 01 F8 00 00 00 00 00 00 C0 40 C0 E0 F0 00 00 00 40 00 00 00 02 03 01 01 00 00 00 00 00 01 00 01 00 00 F0 D0 D8 F8 F0 80 00 80 00 00 00 00 00 00 80
BP_worldloop pc=A702 sp=F37C bank=01/02/03 flow=01 menu=00 screen=00 pack=00 slots=31 player=00 pxy=64,80
BP_worldloop entity_active=01 01 01 01 01 01 FF FF
BP_worldloop entity_sprite_asset_index=03 09 00 00 01 07 FF FF FF FF FF FF FF FF FF FF
BP_worldloop base_slots=00 04 00 06 0A 0C 12 16 1A 1C 1E 22 26 28 2E 32
BP_worldloop sat_ram=E0 08 00 06 E0 08 04 0F A0 8D 74 0E E0 FF FF FF E0 FF FF FF E0 FF FF FF E0 FF FF FF E0 FF FF FF E0 FF FF FF E0 FF FF FF E0 FF FF FF E0 FF FF FF
BP_worldloop sat_vram=E0 08 00 06 E0 08 04 0F A0 8D 74 0E E0 FF FF FF E0 FF FF FF E0 FF FF FF E0 FF FF FF E0 FF FF FF E0 FF FF FF E0 FF FF FF E0 FF FF FF D1 00 2C 00
BP_worldloop sprite_pattern_vram_0000=00 00 01 01 03 02 03 01 00 00 00 09 0E 07 04 0A 00 C0 B0 D0 58 DC F7 E0 40 00 E0 F8 F8 F0 08 14 00 00 00 00 00 01 00 40 60 30 19 16 11 08 00 04 00 00 00 20 A0 20 00 00 00 E0 18 04 04 08 00 08
BP_worldloop sprite_pattern_vram_0C00=07 07 05 0C 18 20 20 03 02 03 07 0F 00 01 00 01 F8 00 00 00 00 00 00 C0 40 C0 E0 F0 00 00 00 40 00 00 00 02 03 01 01 00 00 00 00 00 01 00 01 00 00 F0 D0 D8 F8 F0 80 00 80 00 00 00 00 00 00 80
BP_worldloop pc=A702 sp=F37C bank=01/02/03 flow=01 menu=00 screen=00 pack=00 slots=31 player=00 pxy=66,80
BP_worldloop entity_active=01 01 01 01 01 01 FF FF
BP_worldloop entity_sprite_asset_index=03 09 00 00 01 07 FF FF FF FF FF FF FF FF FF FF
BP_worldloop base_slots=00 04 00 06 0A 0C 12 16 1A 1C 1E 22 26 28 2E 32
BP_worldloop sat_ram=E0 08 00 06 E0 08 04 0F A0 8D 74 0E E0 FF FF FF E0 FF FF FF E0 FF FF FF E0 FF FF FF E0 FF FF FF E0 FF FF FF E0 FF FF FF E0 FF FF FF E0 FF FF FF
BP_worldloop sat_vram=E0 08 00 06 E0 08 04 0F A0 8D 74 0E E0 FF FF FF E0 FF FF FF E0 FF FF FF E0 FF FF FF E0 FF FF FF E0 FF FF FF E0 FF FF FF E0 FF FF FF D1 00 2C 00
BP_worldloop sprite_pattern_vram_0000=00 00 01 01 03 02 03 01 00 00 00 09 0E 07 04 0A 00 C0 B0 D0 58 DC F7 E0 40 00 E0 F8 F8 F0 08 14 00 00 00 00 00 01 00 40 60 30 19 16 11 08 00 04 00 00 00 20 A0 20 00 00 00 E0 18 04 04 08 00 08
BP_worldloop sprite_pattern_vram_0C00=07 07 05 0C 18 20 20 03 02 03 07 0F 00 01 00 01 F8 00 00 00 00 00 00 C0 40 C0 E0 F0 00 00 00 40 00 00 00 02 03 01 01 00 00 00 00 00 01 00 01 00 00 F0 D0 D8 F8 F0 80 00 80 00 00 00 00 00 00 80
BP_worldloop pc=A702 sp=F37C bank=01/02/03 flow=01 menu=00 screen=00 pack=00 slots=31 player=00 pxy=68,80
BP_worldloop entity_active=01 01 01 01 01 01 FF FF
BP_worldloop entity_sprite_asset_index=03 09 00 00 01 07 FF FF FF FF FF FF FF FF FF FF
BP_worldloop base_slots=00 04 00 06 0A 0C 12 16 1A 1C 1E 22 26 28 2E 32
BP_worldloop sat_ram=E0 08 00 06 E0 08 04 0F A0 8D 74 0E E0 FF FF FF E0 FF FF FF E0 FF FF FF E0 FF FF FF E0 FF FF FF E0 FF FF FF E0 FF FF FF E0 FF FF FF E0 FF FF FF
BP_worldloop sat_vram=E0 08 00 06 E0 08 04 0F A0 8D 74 0E E0 FF FF FF E0 FF FF FF E0 FF FF FF E0 FF FF FF E0 FF FF FF E0 FF FF FF E0 FF FF FF E0 FF FF FF D1 00 2C 00
BP_worldloop sprite_pattern_vram_0000=00 00 01 01 03 02 03 01 00 00 00 09 0E 07 04 0A 00 C0 B0 D0 58 DC F7 E0 40 00 E0 F8 F8 F0 08 14 00 00 00 00 00 01 00 40 60 30 19 16 11 08 00 04 00 00 00 20 A0 20 00 00 00 E0 18 04 04 08 00 08
BP_worldloop sprite_pattern_vram_0C00=07 07 05 0C 18 20 20 03 02 03 07 0F 00 01 00 01 F8 00 00 00 00 00 00 C0 40 C0 E0 F0 00 00 00 40 00 00 00 02 03 01 01 00 00 00 00 00 01 00 01 00 00 F0 D0 D8 F8 F0 80 00 80 00 00 00 00 00 00 80
BP_worldloop pc=A702 sp=F37C bank=01/02/03 flow=01 menu=00 screen=00 pack=00 slots=31 player=00 pxy=70,80
BP_worldloop entity_active=01 01 01 01 01 01 FF FF
BP_worldloop entity_sprite_asset_index=03 09 00 00 01 07 FF FF FF FF FF FF FF FF FF FF
BP_worldloop base_slots=00 04 00 06 0A 0C 12 16 1A 1C 1E 22 26 28 2E 32
BP_worldloop sat_ram=E0 08 00 06 E0 08 04 0F A0 8D 74 0E E0 FF FF FF E0 FF FF FF E0 FF FF FF E0 FF FF FF E0 FF FF FF E0 FF FF FF E0 FF FF FF E0 FF FF FF E0 FF FF FF
BP_worldloop sat_vram=E0 08 00 06 E0 08 04 0F A0 8D 74 0E E0 FF FF FF E0 FF FF FF E0 FF FF FF E0 FF FF FF E0 FF FF FF E0 FF FF FF E0 FF FF FF E0 FF FF FF D1 00 2C 00
BP_worldloop sprite_pattern_vram_0000=00 00 01 01 03 02 03 01 00 00 00 09 0E 07 04 0A 00 C0 B0 D0 58 DC F7 E0 40 00 E0 F8 F8 F0 08 14 00 00 00 00 00 01 00 40 60 30 19 16 11 08 00 04 00 00 00 20 A0 20 00 00 00 E0 18 04 04 08 00 08
BP_worldloop sprite_pattern_vram_0C00=07 07 05 0C 18 20 20 03 02 03 07 0F 00 01 00 01 F8 00 00 00 00 00 00 C0 40 C0 E0 F0 00 00 00 40 00 00 00 02 03 01 01 00 00 00 00 00 01 00 01 00 00 F0 D0 D8 F8 F0 80 00 80 00 00 00 00 00 00 80
BP_worldloop pc=A702 sp=F37C bank=01/02/03 flow=01 menu=00 screen=00 pack=00 slots=31 player=00 pxy=72,80
BP_worldloop entity_active=01 01 01 01 01 01 FF FF
BP_worldloop entity_sprite_asset_index=03 09 00 00 01 07 FF FF FF FF FF FF FF FF FF FF
BP_worldloop base_slots=00 04 00 06 0A 0C 12 16 1A 1C 1E 22 26 28 2E 32
BP_worldloop sat_ram=E0 08 00 06 E0 08 04 0F A0 8D 74 0E E0 FF FF FF E0 FF FF FF E0 FF FF FF E0 FF FF FF E0 FF FF FF E0 FF FF FF E0 FF FF FF E0 FF FF FF E0 FF FF FF
BP_worldloop sat_vram=E0 08 00 06 E0 08 04 0F A0 8D 74 0E E0 FF FF FF E0 FF FF FF E0 FF FF FF E0 FF FF FF E0 FF FF FF E0 FF FF FF E0 FF FF FF E0 FF FF FF D1 00 2C 00
BP_worldloop sprite_pattern_vram_0000=00 00 01 01 03 02 03 01 00 00 00 09 0E 07 04 0A 00 C0 B0 D0 58 DC F7 E0 40 00 E0 F8 F8 F0 08 14 00 00 00 00 00 01 00 40 60 30 19 16 11 08 00 04 00 00 00 20 A0 20 00 00 00 E0 18 04 04 08 00 08
BP_worldloop sprite_pattern_vram_0C00=07 07 05 0C 18 20 20 03 02 03 07 0F 00 01 00 01 F8 00 00 00 00 00 00 C0 40 C0 E0 F0 00 00 00 40 00 00 00 02 03 01 01 00 00 00 00 00 01 00 01 00 00 F0 D0 D8 F8 F0 80 00 80 00 00 00 00 00 00 80
BP_worldloop pc=A702 sp=F37C bank=01/02/03 flow=01 menu=00 screen=00 pack=00 slots=31 player=00 pxy=74,80
BP_worldloop entity_active=01 01 01 01 01 01 FF FF
BP_worldloop entity_sprite_asset_index=03 09 00 00 01 07 FF FF FF FF FF FF FF FF FF FF
BP_worldloop base_slots=00 04 00 06 0A 0C 12 16 1A 1C 1E 22 26 28 2E 32
BP_worldloop sat_ram=E0 08 00 06 E0 08 04 0F A0 8E 74 0E E0 FF FF FF E0 FF FF FF E0 FF FF FF E0 FF FF FF E0 FF FF FF E0 FF FF FF E0 FF FF FF E0 FF FF FF E0 FF FF FF
BP_worldloop sat_vram=E0 08 00 06 E0 08 04 0F A0 8E 74 0E E0 FF FF FF E0 FF FF FF E0 FF FF FF E0 FF FF FF E0 FF FF FF E0 FF FF FF E0 FF FF FF E0 FF FF FF D1 00 2C 00
BP_worldloop sprite_pattern_vram_0000=00 00 01 01 03 02 03 01 00 00 00 09 0E 07 04 0A 00 C0 B0 D0 58 DC F7 E0 40 00 E0 F8 F8 F0 08 14 00 00 00 00 00 01 00 40 60 30 19 16 11 08 00 04 00 00 00 20 A0 20 00 00 00 E0 18 04 04 08 00 08
BP_worldloop sprite_pattern_vram_0C00=07 07 05 0C 18 20 20 03 02 03 07 0F 00 01 00 01 F8 00 00 00 00 00 00 C0 40 C0 E0 F0 00 00 00 40 00 00 00 02 03 01 01 00 00 00 00 00 01 00 01 00 00 F0 D0 D8 F8 F0 80 00 80 00 00 00 00 00 00 80
BP_worldloop pc=A702 sp=F37C bank=01/02/03 flow=01 menu=00 screen=00 pack=00 slots=31 player=00 pxy=76,80
BP_worldloop entity_active=01 01 01 01 01 01 FF FF
BP_worldloop entity_sprite_asset_index=03 09 00 00 01 07 FF FF FF FF FF FF FF FF FF FF
BP_worldloop base_slots=00 04 00 06 0A 0C 12 16 1A 1C 1E 22 26 28 2E 32
BP_worldloop sat_ram=E0 08 00 06 E0 08 04 0F A0 8E 74 0E E0 FF FF FF E0 FF FF FF E0 FF FF FF E0 FF FF FF E0 FF FF FF E0 FF FF FF E0 FF FF FF E0 FF FF FF E0 FF FF FF
BP_worldloop sat_vram=E0 08 00 06 E0 08 04 0F A0 8E 74 0E E0 FF FF FF E0 FF FF FF E0 FF FF FF E0 FF FF FF E0 FF FF FF E0 FF FF FF E0 FF FF FF E0 FF FF FF D1 00 2C 00
BP_worldloop sprite_pattern_vram_0000=00 00 01 01 03 02 03 01 00 00 00 09 0E 07 04 0A 00 C0 B0 D0 58 DC F7 E0 40 00 E0 F8 F8 F0 08 14 00 00 00 00 00 01 00 40 60 30 19 16 11 08 00 04 00 00 00 20 A0 20 00 00 00 E0 18 04 04 08 00 08
BP_worldloop sprite_pattern_vram_0C00=07 07 05 0C 18 20 20 03 02 03 07 0F 00 01 00 01 F8 00 00 00 00 00 00 C0 40 C0 E0 F0 00 00 00 40 00 00 00 02 03 01 01 00 00 00 00 00 01 00 01 00 00 F0 D0 D8 F8 F0 80 00 80 00 00 00 00 00 00 80
BP_worldloop pc=A702 sp=F37C bank=01/02/03 flow=01 menu=00 screen=00 pack=00 slots=31 player=00 pxy=78,80
BP_worldloop entity_active=01 01 01 01 01 01 FF FF
BP_worldloop entity_sprite_asset_index=03 09 00 00 01 07 FF FF FF FF FF FF FF FF FF FF
BP_worldloop base_slots=00 04 00 06 0A 0C 12 16 1A 1C 1E 22 26 28 2E 32
BP_worldloop sat_ram=E0 08 00 06 E0 08 04 0F A0 8E 74 0E E0 FF FF FF E0 FF FF FF E0 FF FF FF E0 FF FF FF E0 FF FF FF E0 FF FF FF E0 FF FF FF E0 FF FF FF E0 FF FF FF
BP_worldloop sat_vram=E0 08 00 06 E0 08 04 0F A0 8E 74 0E E0 FF FF FF E0 FF FF FF E0 FF FF FF E0 FF FF FF E0 FF FF FF E0 FF FF FF E0 FF FF FF E0 FF FF FF D1 00 2C 00
BP_worldloop sprite_pattern_vram_0000=00 00 01 01 03 02 03 01 00 00 00 09 0E 07 04 0A 00 C0 B0 D0 58 DC F7 E0 40 00 E0 F8 F8 F0 08 14 00 00 00 00 00 01 00 40 60 30 19 16 11 08 00 04 00 00 00 20 A0 20 00 00 00 E0 18 04 04 08 00 08
BP_worldloop sprite_pattern_vram_0C00=07 07 05 0C 18 20 20 03 02 03 07 0F 00 01 00 01 F8 00 00 00 00 00 00 C0 40 C0 E0 F0 00 00 00 40 00 00 00 02 03 01 01 00 00 00 00 00 01 00 01 00 00 F0 D0 D8 F8 F0 80 00 80 00 00 00 00 00 00 80
BP_worldloop pc=A702 sp=F37C bank=01/02/03 flow=01 menu=00 screen=00 pack=00 slots=31 player=00 pxy=80,80
BP_worldloop entity_active=01 01 01 01 01 01 FF FF
BP_worldloop entity_sprite_asset_index=03 09 00 00 01 07 FF FF FF FF FF FF FF FF FF FF
BP_worldloop base_slots=00 04 00 06 0A 0C 12 16 1A 1C 1E 22 26 28 2E 32
BP_worldloop sat_ram=E0 08 00 06 E0 08 04 0F A0 8F 74 0E E0 FF FF FF E0 FF FF FF E0 FF FF FF E0 FF FF FF E0 FF FF FF E0 FF FF FF E0 FF FF FF E0 FF FF FF E0 FF FF FF
BP_worldloop sat_vram=E0 08 00 06 E0 08 04 0F A0 8F 74 0E E0 FF FF FF E0 FF FF FF E0 FF FF FF E0 FF FF FF E0 FF FF FF E0 FF FF FF E0 FF FF FF E0 FF FF FF D1 00 2C 00
BP_worldloop sprite_pattern_vram_0000=00 00 01 01 03 02 03 01 00 00 00 09 0E 07 04 0A 00 C0 B0 D0 58 DC F7 E0 40 00 E0 F8 F8 F0 08 14 00 00 00 00 00 01 00 40 60 30 19 16 11 08 00 04 00 00 00 20 A0 20 00 00 00 E0 18 04 04 08 00 08
BP_worldloop sprite_pattern_vram_0C00=07 07 05 0C 18 20 20 03 02 03 07 0F 00 01 00 01 F8 00 00 00 00 00 00 C0 40 C0 E0 F0 00 00 00 40 00 00 00 02 03 01 01 00 00 00 00 00 01 00 01 00 00 F0 D0 D8 F8 F0 80 00 80 00 00 00 00 00 00 80
BP_worldloop pc=A702 sp=F37C bank=01/02/03 flow=01 menu=00 screen=00 pack=00 slots=31 player=00 pxy=82,80
BP_worldloop entity_active=01 01 01 01 01 01 FF FF
BP_worldloop entity_sprite_asset_index=03 09 00 00 01 07 FF FF FF FF FF FF FF FF FF FF
BP_worldloop base_slots=00 04 00 06 0A 0C 12 16 1A 1C 1E 22 26 28 2E 32
BP_worldloop sat_ram=E0 08 00 06 E0 08 04 0F A0 8F 74 0E E0 FF FF FF E0 FF FF FF E0 FF FF FF E0 FF FF FF E0 FF FF FF E0 FF FF FF E0 FF FF FF E0 FF FF FF E0 FF FF FF
BP_worldloop sat_vram=E0 08 00 06 E0 08 04 0F A0 8F 74 0E E0 FF FF FF E0 FF FF FF E0 FF FF FF E0 FF FF FF E0 FF FF FF E0 FF FF FF E0 FF FF FF E0 FF FF FF D1 00 2C 00
BP_worldloop sprite_pattern_vram_0000=00 00 01 01 03 02 03 01 00 00 00 09 0E 07 04 0A 00 C0 B0 D0 58 DC F7 E0 40 00 E0 F8 F8 F0 08 14 00 00 00 00 00 01 00 40 60 30 19 16 11 08 00 04 00 00 00 20 A0 20 00 00 00 E0 18 04 04 08 00 08
BP_worldloop sprite_pattern_vram_0C00=07 07 05 0C 18 20 20 03 02 03 07 0F 00 01 00 01 F8 00 00 00 00 00 00 C0 40 C0 E0 F0 00 00 00 40 00 00 00 02 03 01 01 00 00 00 00 00 01 00 01 00 00 F0 D0 D8 F8 F0 80 00 80 00 00 00 00 00 00 80
BP_worldloop pc=A702 sp=F37C bank=01/02/03 flow=01 menu=00 screen=00 pack=00 slots=31 player=00 pxy=84,80
BP_worldloop entity_active=01 01 01 01 01 01 FF FF
BP_worldloop entity_sprite_asset_index=03 09 00 00 01 07 FF FF FF FF FF FF FF FF FF FF
BP_worldloop base_slots=00 04 00 06 0A 0C 12 16 1A 1C 1E 22 26 28 2E 32
BP_worldloop sat_ram=E0 08 00 06 E0 08 04 0F A0 8F 74 0E E0 FF FF FF E0 FF FF FF E0 FF FF FF E0 FF FF FF E0 FF FF FF E0 FF FF FF E0 FF FF FF E0 FF FF FF E0 FF FF FF
BP_worldloop sat_vram=E0 08 00 06 E0 08 04 0F A0 8F 74 0E E0 FF FF FF E0 FF FF FF E0 FF FF FF E0 FF FF FF E0 FF FF FF E0 FF FF FF E0 FF FF FF E0 FF FF FF D1 00 2C 00
BP_worldloop sprite_pattern_vram_0000=00 00 01 01 03 02 03 01 00 00 00 09 0E 07 04 0A 00 C0 B0 D0 58 DC F7 E0 40 00 E0 F8 F8 F0 08 14 00 00 00 00 00 01 00 40 60 30 19 16 11 08 00 04 00 00 00 20 A0 20 00 00 00 E0 18 04 04 08 00 08
BP_worldloop sprite_pattern_vram_0C00=07 07 05 0C 18 20 20 03 02 03 07 0F 00 01 00 01 F8 00 00 00 00 00 00 C0 40 C0 E0 F0 00 00 00 40 00 00 00 02 03 01 01 00 00 00 00 00 01 00 01 00 00 F0 D0 D8 F8 F0 80 00 80 00 00 00 00 00 00 80
BP_worldloop pc=A702 sp=F37C bank=01/02/03 flow=01 menu=00 screen=00 pack=00 slots=31 player=00 pxy=86,80
BP_worldloop entity_active=01 01 01 01 01 01 FF FF
BP_worldloop entity_sprite_asset_index=03 09 00 00 01 07 FF FF FF FF FF FF FF FF FF FF
BP_worldloop base_slots=00 04 00 06 0A 0C 12 16 1A 1C 1E 22 26 28 2E 32
BP_worldloop sat_ram=E0 08 00 06 E0 08 04 0F A0 90 70 0E E0 FF FF FF E0 FF FF FF E0 FF FF FF E0 FF FF FF E0 FF FF FF E0 FF FF FF E0 FF FF FF E0 FF FF FF E0 FF FF FF
BP_worldloop sat_vram=E0 08 00 06 E0 08 04 0F A0 90 70 0E E0 FF FF FF E0 FF FF FF E0 FF FF FF E0 FF FF FF E0 FF FF FF E0 FF FF FF E0 FF FF FF E0 FF FF FF D1 00 2C 00
BP_worldloop sprite_pattern_vram_0000=00 00 01 01 03 02 03 01 00 00 00 09 0E 07 04 0A 00 C0 B0 D0 58 DC F7 E0 40 00 E0 F8 F8 F0 08 14 00 00 00 00 00 01 00 40 60 30 19 16 11 08 00 04 00 00 00 20 A0 20 00 00 00 E0 18 04 04 08 00 08
BP_worldloop sprite_pattern_vram_0C00=07 07 05 0C 18 20 20 03 02 03 07 0F 00 01 00 01 F8 00 00 00 00 00 00 C0 40 C0 E0 F0 00 00 00 40 00 00 00 02 03 01 01 00 00 00 00 00 01 00 01 00 00 F0 D0 D8 F8 F0 80 00 80 00 00 00 00 00 00 80
BP_worldloop pc=A702 sp=F37C bank=01/02/03 flow=01 menu=00 screen=00 pack=00 slots=31 player=00 pxy=88,80
BP_worldloop entity_active=01 01 01 01 01 01 FF FF
BP_worldloop entity_sprite_asset_index=03 09 00 00 01 07 FF FF FF FF FF FF FF FF FF FF
BP_worldloop base_slots=00 04 00 06 0A 0C 12 16 1A 1C 1E 22 26 28 2E 32
BP_worldloop sat_ram=E0 08 00 06 E0 08 04 0F A0 90 70 0E E0 FF FF FF E0 FF FF FF E0 FF FF FF E0 FF FF FF E0 FF FF FF E0 FF FF FF E0 FF FF FF E0 FF FF FF E0 FF FF FF
BP_worldloop sat_vram=E0 08 00 06 E0 08 04 0F A0 90 70 0E E0 FF FF FF E0 FF FF FF E0 FF FF FF E0 FF FF FF E0 FF FF FF E0 FF FF FF E0 FF FF FF E0 FF FF FF D1 00 2C 00
BP_worldloop sprite_pattern_vram_0000=00 00 01 01 03 02 03 01 00 00 00 09 0E 07 04 0A 00 C0 B0 D0 58 DC F7 E0 40 00 E0 F8 F8 F0 08 14 00 00 00 00 00 01 00 40 60 30 19 16 11 08 00 04 00 00 00 20 A0 20 00 00 00 E0 18 04 04 08 00 08
BP_worldloop sprite_pattern_vram_0C00=07 07 05 0C 18 20 20 03 02 03 07 0F 00 01 00 01 F8 00 00 00 00 00 00 C0 40 C0 E0 F0 00 00 00 40 00 00 00 02 03 01 01 00 00 00 00 00 01 00 01 00 00 F0 D0 D8 F8 F0 80 00 80 00 00 00 00 00 00 80
BP_worldloop pc=A702 sp=F37C bank=01/02/03 flow=01 menu=00 screen=00 pack=00 slots=31 player=00 pxy=90,80
BP_worldloop entity_active=01 01 01 01 01 01 FF FF
BP_worldloop entity_sprite_asset_index=03 09 00 00 01 07 FF FF FF FF FF FF FF FF FF FF
BP_worldloop base_slots=00 04 00 06 0A 0C 12 16 1A 1C 1E 22 26 28 2E 32
BP_worldloop sat_ram=E0 08 00 06 E0 08 04 0F A0 8F 70 0E E0 FF FF FF E0 FF FF FF E0 FF FF FF E0 FF FF FF E0 FF FF FF E0 FF FF FF E0 FF FF FF E0 FF FF FF E0 FF FF FF
BP_worldloop sat_vram=E0 08 00 06 E0 08 04 0F A0 8F 70 0E E0 FF FF FF E0 FF FF FF E0 FF FF FF E0 FF FF FF E0 FF FF FF E0 FF FF FF E0 FF FF FF E0 FF FF FF D1 00 2C 00
BP_worldloop sprite_pattern_vram_0000=00 00 01 01 03 02 03 01 00 00 00 09 0E 07 04 0A 00 C0 B0 D0 58 DC F7 E0 40 00 E0 F8 F8 F0 08 14 00 00 00 00 00 01 00 40 60 30 19 16 11 08 00 04 00 00 00 20 A0 20 00 00 00 E0 18 04 04 08 00 08
BP_worldloop sprite_pattern_vram_0C00=07 07 05 0C 18 20 20 03 02 03 07 0F 00 01 00 01 F8 00 00 00 00 00 00 C0 40 C0 E0 F0 00 00 00 40 00 00 00 02 03 01 01 00 00 00 00 00 01 00 01 00 00 F0 D0 D8 F8 F0 80 00 80 00 00 00 00 00 00 80
BP_worldloop pc=A702 sp=F37C bank=01/02/03 flow=01 menu=00 screen=00 pack=00 slots=31 player=00 pxy=92,80
BP_worldloop entity_active=01 01 01 01 01 01 FF FF
BP_worldloop entity_sprite_asset_index=03 09 00 00 01 07 FF FF FF FF FF FF FF FF FF FF
BP_worldloop base_slots=00 04 00 06 0A 0C 12 16 1A 1C 1E 22 26 28 2E 32
BP_worldloop sat_ram=E0 08 00 06 E0 08 04 0F A0 8F 70 0E E0 FF FF FF E0 FF FF FF E0 FF FF FF E0 FF FF FF E0 FF FF FF E0 FF FF FF E0 FF FF FF E0 FF FF FF E0 FF FF FF
BP_worldloop sat_vram=E0 08 00 06 E0 08 04 0F A0 8F 70 0E E0 FF FF FF E0 FF FF FF E0 FF FF FF E0 FF FF FF E0 FF FF FF E0 FF FF FF E0 FF FF FF E0 FF FF FF D1 00 2C 00
BP_worldloop sprite_pattern_vram_0000=00 00 01 01 03 02 03 01 00 00 00 09 0E 07 04 0A 00 C0 B0 D0 58 DC F7 E0 40 00 E0 F8 F8 F0 08 14 00 00 00 00 00 01 00 40 60 30 19 16 11 08 00 04 00 00 00 20 A0 20 00 00 00 E0 18 04 04 08 00 08
BP_worldloop sprite_pattern_vram_0C00=07 07 05 0C 18 20 20 03 02 03 07 0F 00 01 00 01 F8 00 00 00 00 00 00 C0 40 C0 E0 F0 00 00 00 40 00 00 00 02 03 01 01 00 00 00 00 00 01 00 01 00 00 F0 D0 D8 F8 F0 80 00 80 00 00 00 00 00 00 80
BP_worldloop pc=A702 sp=F37C bank=01/02/03 flow=01 menu=00 screen=00 pack=00 slots=31 player=00 pxy=94,80
BP_worldloop entity_active=01 01 01 01 01 01 FF FF
BP_worldloop entity_sprite_asset_index=03 09 00 00 01 07 FF FF FF FF FF FF FF FF FF FF
BP_worldloop base_slots=00 04 00 06 0A 0C 12 16 1A 1C 1E 22 26 28 2E 32
BP_worldloop sat_ram=E0 08 00 06 E0 08 04 0F A0 8F 70 0E E0 FF FF FF E0 FF FF FF E0 FF FF FF E0 FF FF FF E0 FF FF FF E0 FF FF FF E0 FF FF FF E0 FF FF FF E0 FF FF FF
BP_worldloop sat_vram=E0 08 00 06 E0 08 04 0F A0 8F 70 0E E0 FF FF FF E0 FF FF FF E0 FF FF FF E0 FF FF FF E0 FF FF FF E0 FF FF FF E0 FF FF FF E0 FF FF FF D1 00 2C 00
BP_worldloop sprite_pattern_vram_0000=00 00 01 01 03 02 03 01 00 00 00 09 0E 07 04 0A 00 C0 B0 D0 58 DC F7 E0 40 00 E0 F8 F8 F0 08 14 00 00 00 00 00 01 00 40 60 30 19 16 11 08 00 04 00 00 00 20 A0 20 00 00 00 E0 18 04 04 08 00 08
BP_worldloop sprite_pattern_vram_0C00=07 07 05 0C 18 20 20 03 02 03 07 0F 00 01 00 01 F8 00 00 00 00 00 00 C0 40 C0 E0 F0 00 00 00 40 00 00 00 02 03 01 01 00 00 00 00 00 01 00 01 00 00 F0 D0 D8 F8 F0 80 00 80 00 00 00 00 00 00 80
BP_worldloop pc=A702 sp=F37C bank=01/02/03 flow=01 menu=00 screen=00 pack=00 slots=31 player=00 pxy=96,80
BP_worldloop entity_active=01 01 01 01 01 01 FF FF
BP_worldloop entity_sprite_asset_index=03 09 00 00 01 07 FF FF FF FF FF FF FF FF FF FF
BP_worldloop base_slots=00 04 00 06 0A 0C 12 16 1A 1C 1E 22 26 28 2E 32
BP_worldloop sat_ram=E0 08 00 06 E0 08 04 0F A0 8E 70 0E E0 FF FF FF E0 FF FF FF E0 FF FF FF E0 FF FF FF E0 FF FF FF E0 FF FF FF E0 FF FF FF E0 FF FF FF E0 FF FF FF
BP_worldloop sat_vram=E0 08 00 06 E0 08 04 0F A0 8E 70 0E E0 FF FF FF E0 FF FF FF E0 FF FF FF E0 FF FF FF E0 FF FF FF E0 FF FF FF E0 FF FF FF E0 FF FF FF D1 00 2C 00
BP_worldloop sprite_pattern_vram_0000=00 00 01 01 03 02 03 01 00 00 00 09 0E 07 04 0A 00 C0 B0 D0 58 DC F7 E0 40 00 E0 F8 F8 F0 08 14 00 00 00 00 00 01 00 40 60 30 19 16 11 08 00 04 00 00 00 20 A0 20 00 00 00 E0 18 04 04 08 00 08
BP_worldloop sprite_pattern_vram_0C00=07 07 05 0C 18 20 20 03 02 03 07 0F 00 01 00 01 F8 00 00 00 00 00 00 C0 40 C0 E0 F0 00 00 00 40 00 00 00 02 03 01 01 00 00 00 00 00 01 00 01 00 00 F0 D0 D8 F8 F0 80 00 80 00 00 00 00 00 00 80
BP_worldloop pc=A702 sp=F37C bank=01/02/03 flow=01 menu=00 screen=00 pack=00 slots=31 player=00 pxy=98,80
BP_worldloop entity_active=01 01 01 01 01 01 FF FF
BP_worldloop entity_sprite_asset_index=03 09 00 00 01 07 FF FF FF FF FF FF FF FF FF FF
BP_worldloop base_slots=00 04 00 06 0A 0C 12 16 1A 1C 1E 22 26 28 2E 32
BP_worldloop sat_ram=E0 08 00 06 E0 08 04 0F A0 8E 70 0E E0 FF FF FF E0 FF FF FF E0 FF FF FF E0 FF FF FF E0 FF FF FF E0 FF FF FF E0 FF FF FF E0 FF FF FF E0 FF FF FF
BP_worldloop sat_vram=E0 08 00 06 E0 08 04 0F A0 8E 70 0E E0 FF FF FF E0 FF FF FF E0 FF FF FF E0 FF FF FF E0 FF FF FF E0 FF FF FF E0 FF FF FF E0 FF FF FF D1 00 2C 00
BP_worldloop sprite_pattern_vram_0000=00 00 01 01 03 02 03 01 00 00 00 09 0E 07 04 0A 00 C0 B0 D0 58 DC F7 E0 40 00 E0 F8 F8 F0 08 14 00 00 00 00 00 01 00 40 60 30 19 16 11 08 00 04 00 00 00 20 A0 20 00 00 00 E0 18 04 04 08 00 08
BP_worldloop sprite_pattern_vram_0C00=07 07 05 0C 18 20 20 03 02 03 07 0F 00 01 00 01 F8 00 00 00 00 00 00 C0 40 C0 E0 F0 00 00 00 40 00 00 00 02 03 01 01 00 00 00 00 00 01 00 01 00 00 F0 D0 D8 F8 F0 80 00 80 00 00 00 00 00 00 80
BP_worldloop pc=A702 sp=F37C bank=01/02/03 flow=01 menu=00 screen=00 pack=00 slots=31 player=00 pxy=98,80
BP_worldloop entity_active=01 01 01 01 01 01 FF FF
BP_worldloop entity_sprite_asset_index=07 09 00 00 01 07 FF FF FF FF FF FF FF FF FF FF
BP_worldloop base_slots=00 04 00 06 0A 0C 12 16 1A 1C 1E 22 26 28 2E 32
BP_worldloop sat_ram=E0 08 00 06 E0 08 04 0F A0 8E 70 0E E0 FF FF FF E0 FF FF FF E0 FF FF FF E0 FF FF FF E0 FF FF FF E0 FF FF FF E0 FF FF FF E0 FF FF FF E0 FF FF FF
BP_worldloop sat_vram=E0 08 00 06 E0 08 04 0F A0 8E 70 0E E0 FF FF FF E0 FF FF FF E0 FF FF FF E0 FF FF FF E0 FF FF FF E0 FF FF FF E0 FF FF FF E0 FF FF FF D1 00 2C 00
BP_worldloop sprite_pattern_vram_0000=00 00 01 01 03 02 03 01 00 00 00 09 0E 07 04 0A 00 C0 B0 D0 58 DC F7 E0 40 00 E0 F8 F8 F0 08 14 00 00 00 00 00 01 00 40 60 30 19 16 11 08 00 04 00 00 00 20 A0 20 00 00 00 E0 18 04 04 08 00 08
BP_worldloop sprite_pattern_vram_0C00=07 07 05 0C 18 20 20 03 02 03 07 0F 00 01 00 01 F8 00 00 00 00 00 00 C0 40 C0 E0 F0 00 00 00 40 00 00 00 02 03 01 01 00 00 00 00 00 01 00 01 00 00 F0 D0 D8 F8 F0 80 00 80 00 00 00 00 00 00 80
BP_worldloop pc=A702 sp=F37C bank=01/02/03 flow=01 menu=00 screen=00 pack=00 slots=31 player=00 pxy=98,80
BP_worldloop entity_active=01 01 01 01 01 01 FF FF
BP_worldloop entity_sprite_asset_index=07 09 00 00 01 07 FF FF FF FF FF FF FF FF FF FF
BP_worldloop base_slots=00 04 00 06 0A 0C 12 16 1A 1C 1E 22 26 28 2E 32
BP_worldloop sat_ram=E0 08 00 06 E0 08 04 0F A0 8D 70 0E E0 FF FF FF E0 FF FF FF E0 FF FF FF E0 FF FF FF E0 FF FF FF E0 FF FF FF E0 FF FF FF E0 FF FF FF E0 FF FF FF
BP_worldloop sat_vram=E0 08 00 06 E0 08 04 0F A0 8D 70 0E E0 FF FF FF E0 FF FF FF E0 FF FF FF E0 FF FF FF E0 FF FF FF E0 FF FF FF E0 FF FF FF E0 FF FF FF D1 00 2C 00
BP_worldloop sprite_pattern_vram_0000=00 00 01 01 03 02 03 01 00 00 00 09 0E 07 04 0A 00 C0 B0 D0 58 DC F7 E0 40 00 E0 F8 F8 F0 08 14 00 00 00 00 00 01 00 40 60 30 19 16 11 08 00 04 00 00 00 20 A0 20 00 00 00 E0 18 04 04 08 00 08
BP_worldloop sprite_pattern_vram_0C00=07 07 05 0C 18 20 20 03 02 03 07 0F 00 01 00 01 F8 00 00 00 00 00 00 C0 40 C0 E0 F0 00 00 00 40 00 00 00 02 03 01 01 00 00 00 00 00 01 00 01 00 00 F0 D0 D8 F8 F0 80 00 80 00 00 00 00 00 00 80
BP_worldloop pc=A702 sp=F37C bank=01/02/03 flow=01 menu=00 screen=00 pack=00 slots=31 player=00 pxy=98,80
BP_worldloop entity_active=01 01 01 01 01 01 FF FF
BP_worldloop entity_sprite_asset_index=07 09 00 00 01 07 FF FF FF FF FF FF FF FF FF FF
BP_worldloop base_slots=00 04 00 06 0A 0C 12 16 1A 1C 1E 22 26 28 2E 32
BP_worldloop sat_ram=E0 08 00 06 E0 08 04 0F A0 8D 70 0E E0 FF FF FF E0 FF FF FF E0 FF FF FF E0 FF FF FF E0 FF FF FF E0 FF FF FF E0 FF FF FF E0 FF FF FF E0 FF FF FF
BP_worldloop sat_vram=E0 08 00 06 E0 08 04 0F A0 8D 70 0E E0 FF FF FF E0 FF FF FF E0 FF FF FF E0 FF FF FF E0 FF FF FF E0 FF FF FF E0 FF FF FF E0 FF FF FF D1 00 2C 00
BP_worldloop sprite_pattern_vram_0000=00 00 01 01 03 02 03 01 00 00 00 09 0E 07 04 0A 00 C0 B0 D0 58 DC F7 E0 40 00 E0 F8 F8 F0 08 14 00 00 00 00 00 01 00 40 60 30 19 16 11 08 00 04 00 00 00 20 A0 20 00 00 00 E0 18 04 04 08 00 08
BP_worldloop sprite_pattern_vram_0C00=07 07 05 0C 18 20 20 03 02 03 07 0F 00 01 00 01 F8 00 00 00 00 00 00 C0 40 C0 E0 F0 00 00 00 40 00 00 00 02 03 01 01 00 00 00 00 00 01 00 01 00 00 F0 D0 D8 F8 F0 80 00 80 00 00 00 00 00 00 80
right_after pc=885B sp=F35A bank=01/02/03 flow=01 menu=00 screen=00 pack=00 slots=31 player=00 pxy=98,80
right_after entity_active=01 01 01 01 01 01 FF FF
right_after entity_sprite_asset_index=07 09 00 00 01 07 FF FF FF FF FF FF FF FF FF FF
right_after base_slots=00 04 00 06 0A 0C 12 16 1A 1C 1E 22 26 28 2E 32
right_after sat_ram=E0 08 00 06 E0 08 04 0F A0 8C 70 0E E0 FF FF FF E0 FF FF FF E0 FF FF FF E0 FF FF FF E0 FF FF FF E0 FF FF FF E0 FF FF FF E0 FF FF FF E0 FF FF FF
right_after sat_vram=E0 08 00 06 E0 08 04 0F A0 8D 70 0E E0 FF FF FF E0 FF FF FF E0 FF FF FF E0 FF FF FF E0 FF FF FF E0 FF FF FF E0 FF FF FF E0 FF FF FF D1 00 2C 00
right_after sprite_pattern_vram_0000=00 00 01 01 03 02 03 01 00 00 00 09 0E 07 04 0A 00 C0 B0 D0 58 DC F7 E0 40 00 E0 F8 F8 F0 08 14 00 00 00 00 00 01 00 40 60 30 19 16 11 08 00 04 00 00 00 20 A0 20 00 00 00 E0 18 04 04 08 00 08
right_after sprite_pattern_vram_0C00=07 07 05 0C 18 20 20 03 02 03 07 0F 00 01 00 01 F8 00 00 00 00 00 00 C0 40 C0 E0 F0 00 00 00 40 00 00 00 02 03 01 01 00 00 00 00 00 01 00 01 00 00 F0 D0 D8 F8 F0 80 00 80 00 00 00 00 00 00 80
BP_worldloop pc=A702 sp=F37C bank=01/02/03 flow=01 menu=00 screen=00 pack=00 slots=31 player=00 pxy=98,80
BP_worldloop entity_active=01 01 01 01 01 01 FF FF
BP_worldloop entity_sprite_asset_index=07 09 00 00 01 07 FF FF FF FF FF FF FF FF FF FF
BP_worldloop base_slots=00 04 00 06 0A 0C 12 16 1A 1C 1E 22 26 28 2E 32
BP_worldloop sat_ram=E0 08 00 06 E0 08 04 0F A0 8C 70 0E E0 FF FF FF E0 FF FF FF E0 FF FF FF E0 FF FF FF E0 FF FF FF E0 FF FF FF E0 FF FF FF E0 FF FF FF E0 FF FF FF
BP_worldloop sat_vram=E0 08 00 06 E0 08 04 0F A0 8C 70 0E E0 FF FF FF E0 FF FF FF E0 FF FF FF E0 FF FF FF E0 FF FF FF E0 FF FF FF E0 FF FF FF E0 FF FF FF D1 00 2C 00
BP_worldloop sprite_pattern_vram_0000=00 00 01 01 03 02 03 01 00 00 00 09 0E 07 04 0A 00 C0 B0 D0 58 DC F7 E0 40 00 E0 F8 F8 F0 08 14 00 00 00 00 00 01 00 40 60 30 19 16 11 08 00 04 00 00 00 20 A0 20 00 00 00 E0 18 04 04 08 00 08
BP_worldloop sprite_pattern_vram_0C00=07 07 05 0C 18 20 20 03 02 03 07 0F 00 01 00 01 F8 00 00 00 00 00 00 C0 40 C0 E0 F0 00 00 00 40 00 00 00 02 03 01 01 00 00 00 00 00 01 00 01 00 00 F0 D0 D8 F8 F0 80 00 80 00 00 00 00 00 00 80
BP_worldloop pc=A702 sp=F37C bank=01/02/03 flow=01 menu=00 screen=00 pack=00 slots=31 player=00 pxy=98,80
BP_worldloop entity_active=01 01 01 01 01 01 FF FF
BP_worldloop entity_sprite_asset_index=07 09 00 00 01 07 FF FF FF FF FF FF FF FF FF FF
BP_worldloop base_slots=00 04 00 06 0A 0C 12 16 1A 1C 1E 22 26 28 2E 32
BP_worldloop sat_ram=E0 08 00 06 E0 08 04 0F A0 8C 70 0E E0 FF FF FF E0 FF FF FF E0 FF FF FF E0 FF FF FF E0 FF FF FF E0 FF FF FF E0 FF FF FF E0 FF FF FF E0 FF FF FF
BP_worldloop sat_vram=E0 08 00 06 E0 08 04 0F A0 8C 70 0E E0 FF FF FF E0 FF FF FF E0 FF FF FF E0 FF FF FF E0 FF FF FF E0 FF FF FF E0 FF FF FF E0 FF FF FF D1 00 2C 00
BP_worldloop sprite_pattern_vram_0000=00 00 01 01 03 02 03 01 00 00 00 09 0E 07 04 0A 00 C0 B0 D0 58 DC F7 E0 40 00 E0 F8 F8 F0 08 14 00 00 00 00 00 01 00 40 60 30 19 16 11 08 00 04 00 00 00 20 A0 20 00 00 00 E0 18 04 04 08 00 08
BP_worldloop sprite_pattern_vram_0C00=07 07 05 0C 18 20 20 03 02 03 07 0F 00 01 00 01 F8 00 00 00 00 00 00 C0 40 C0 E0 F0 00 00 00 40 00 00 00 02 03 01 01 00 00 00 00 00 01 00 01 00 00 F0 D0 D8 F8 F0 80 00 80 00 00 00 00 00 00 80
BP_worldloop pc=A702 sp=F37C bank=01/02/03 flow=01 menu=00 screen=00 pack=00 slots=31 player=00 pxy=98,80
BP_worldloop entity_active=01 01 01 01 01 01 FF FF
BP_worldloop entity_sprite_asset_index=07 09 00 00 01 07 FF FF FF FF FF FF FF FF FF FF
BP_worldloop base_slots=00 04 00 06 0A 0C 12 16 1A 1C 1E 22 26 28 2E 32
BP_worldloop sat_ram=E0 08 00 06 E0 08 04 0F A0 8C 70 0E E0 FF FF FF E0 FF FF FF E0 FF FF FF E0 FF FF FF E0 FF FF FF E0 FF FF FF E0 FF FF FF E0 FF FF FF E0 FF FF FF
BP_worldloop sat_vram=E0 08 00 06 E0 08 04 0F A0 8C 70 0E E0 FF FF FF E0 FF FF FF E0 FF FF FF E0 FF FF FF E0 FF FF FF E0 FF FF FF E0 FF FF FF E0 FF FF FF D1 00 2C 00
BP_worldloop sprite_pattern_vram_0000=00 00 01 01 03 02 03 01 00 00 00 09 0E 07 04 0A 00 C0 B0 D0 58 DC F7 E0 40 00 E0 F8 F8 F0 08 14 00 00 00 00 00 01 00 40 60 30 19 16 11 08 00 04 00 00 00 20 A0 20 00 00 00 E0 18 04 04 08 00 08
BP_worldloop sprite_pattern_vram_0C00=07 07 05 0C 18 20 20 03 02 03 07 0F 00 01 00 01 F8 00 00 00 00 00 00 C0 40 C0 E0 F0 00 00 00 40 00 00 00 02 03 01 01 00 00 00 00 00 01 00 01 00 00 F0 D0 D8 F8 F0 80 00 80 00 00 00 00 00 00 80
BP_worldloop pc=A702 sp=F37C bank=01/02/03 flow=01 menu=00 screen=00 pack=00 slots=31 player=00 pxy=98,80
BP_worldloop entity_active=01 01 01 01 01 01 FF FF
BP_worldloop entity_sprite_asset_index=07 09 00 00 01 07 FF FF FF FF FF FF FF FF FF FF
BP_worldloop base_slots=00 04 00 06 0A 0C 12 16 1A 1C 1E 22 26 28 2E 32
BP_worldloop sat_ram=E0 08 00 06 E0 08 04 0F A0 8B 70 0E E0 FF FF FF E0 FF FF FF E0 FF FF FF E0 FF FF FF E0 FF FF FF E0 FF FF FF E0 FF FF FF E0 FF FF FF E0 FF FF FF
BP_worldloop sat_vram=E0 08 00 06 E0 08 04 0F A0 8B 70 0E E0 FF FF FF E0 FF FF FF E0 FF FF FF E0 FF FF FF E0 FF FF FF E0 FF FF FF E0 FF FF FF E0 FF FF FF D1 00 2C 00
BP_worldloop sprite_pattern_vram_0000=00 00 01 01 03 02 03 01 00 00 00 09 0E 07 04 0A 00 C0 B0 D0 58 DC F7 E0 40 00 E0 F8 F8 F0 08 14 00 00 00 00 00 01 00 40 60 30 19 16 11 08 00 04 00 00 00 20 A0 20 00 00 00 E0 18 04 04 08 00 08
BP_worldloop sprite_pattern_vram_0C00=07 07 05 0C 18 20 20 03 02 03 07 0F 00 01 00 01 F8 00 00 00 00 00 00 C0 40 C0 E0 F0 00 00 00 40 00 00 00 02 03 01 01 00 00 00 00 00 01 00 01 00 00 F0 D0 D8 F8 F0 80 00 80 00 00 00 00 00 00 80
BP_worldloop pc=A702 sp=F37C bank=01/02/03 flow=01 menu=00 screen=00 pack=00 slots=31 player=00 pxy=98,80
BP_worldloop entity_active=01 01 01 01 01 01 FF FF
BP_worldloop entity_sprite_asset_index=07 09 00 00 01 07 FF FF FF FF FF FF FF FF FF FF
BP_worldloop base_slots=00 04 00 06 0A 0C 12 16 1A 1C 1E 22 26 28 2E 32
BP_worldloop sat_ram=E0 08 00 06 E0 08 04 0F A0 8B 70 0E E0 FF FF FF E0 FF FF FF E0 FF FF FF E0 FF FF FF E0 FF FF FF E0 FF FF FF E0 FF FF FF E0 FF FF FF E0 FF FF FF
BP_worldloop sat_vram=E0 08 00 06 E0 08 04 0F A0 8B 70 0E E0 FF FF FF E0 FF FF FF E0 FF FF FF E0 FF FF FF E0 FF FF FF E0 FF FF FF E0 FF FF FF E0 FF FF FF D1 00 2C 00
BP_worldloop sprite_pattern_vram_0000=00 00 01 01 03 02 03 01 00 00 00 09 0E 07 04 0A 00 C0 B0 D0 58 DC F7 E0 40 00 E0 F8 F8 F0 08 14 00 00 00 00 00 01 00 40 60 30 19 16 11 08 00 04 00 00 00 20 A0 20 00 00 00 E0 18 04 04 08 00 08
BP_worldloop sprite_pattern_vram_0C00=07 07 05 0C 18 20 20 03 02 03 07 0F 00 01 00 01 F8 00 00 00 00 00 00 C0 40 C0 E0 F0 00 00 00 40 00 00 00 02 03 01 01 00 00 00 00 00 01 00 01 00 00 F0 D0 D8 F8 F0 80 00 80 00 00 00 00 00 00 80
BP_worldloop pc=A702 sp=F37C bank=01/02/03 flow=01 menu=00 screen=00 pack=00 slots=31 player=00 pxy=98,80
BP_worldloop entity_active=01 01 01 01 01 01 FF FF
BP_worldloop entity_sprite_asset_index=07 09 00 00 01 07 FF FF FF FF FF FF FF FF FF FF
BP_worldloop base_slots=00 04 00 06 0A 0C 12 16 1A 1C 1E 22 26 28 2E 32
BP_worldloop sat_ram=E0 08 00 06 E0 08 04 0F A0 8B 70 0E E0 FF FF FF E0 FF FF FF E0 FF FF FF E0 FF FF FF E0 FF FF FF E0 FF FF FF E0 FF FF FF E0 FF FF FF E0 FF FF FF
BP_worldloop sat_vram=E0 08 00 06 E0 08 04 0F A0 8B 70 0E E0 FF FF FF E0 FF FF FF E0 FF FF FF E0 FF FF FF E0 FF FF FF E0 FF FF FF E0 FF FF FF E0 FF FF FF D1 00 2C 00
BP_worldloop sprite_pattern_vram_0000=00 00 01 01 03 02 03 01 00 00 00 09 0E 07 04 0A 00 C0 B0 D0 58 DC F7 E0 40 00 E0 F8 F8 F0 08 14 00 00 00 00 00 01 00 40 60 30 19 16 11 08 00 04 00 00 00 20 A0 20 00 00 00 E0 18 04 04 08 00 08
BP_worldloop sprite_pattern_vram_0C00=07 07 05 0C 18 20 20 03 02 03 07 0F 00 01 00 01 F8 00 00 00 00 00 00 C0 40 C0 E0 F0 00 00 00 40 00 00 00 02 03 01 01 00 00 00 00 00 01 00 01 00 00 F0 D0 D8 F8 F0 80 00 80 00 00 00 00 00 00 80
BP_worldloop pc=A702 sp=F37C bank=01/02/03 flow=01 menu=00 screen=00 pack=00 slots=31 player=00 pxy=98,80
BP_worldloop entity_active=01 01 01 01 01 01 FF FF
BP_worldloop entity_sprite_asset_index=07 09 00 00 01 07 FF FF FF FF FF FF FF FF FF FF
BP_worldloop base_slots=00 04 00 06 0A 0C 12 16 1A 1C 1E 22 26 28 2E 32
BP_worldloop sat_ram=E0 08 00 06 E0 08 04 0F A0 8A 74 0E E0 FF FF FF E0 FF FF FF E0 FF FF FF E0 FF FF FF E0 FF FF FF E0 FF FF FF E0 FF FF FF E0 FF FF FF E0 FF FF FF
BP_worldloop sat_vram=E0 08 00 06 E0 08 04 0F A0 8A 74 0E E0 FF FF FF E0 FF FF FF E0 FF FF FF E0 FF FF FF E0 FF FF FF E0 FF FF FF E0 FF FF FF E0 FF FF FF D1 00 2C 00
BP_worldloop sprite_pattern_vram_0000=00 00 01 01 03 02 03 01 00 00 00 09 0E 07 04 0A 00 C0 B0 D0 58 DC F7 E0 40 00 E0 F8 F8 F0 08 14 00 00 00 00 00 01 00 40 60 30 19 16 11 08 00 04 00 00 00 20 A0 20 00 00 00 E0 18 04 04 08 00 08
BP_worldloop sprite_pattern_vram_0C00=07 07 05 0C 18 20 20 03 02 03 07 0F 00 01 00 01 F8 00 00 00 00 00 00 C0 40 C0 E0 F0 00 00 00 40 00 00 00 02 03 01 01 00 00 00 00 00 01 00 01 00 00 F0 D0 D8 F8 F0 80 00 80 00 00 00 00 00 00 80
BP_worldloop pc=A702 sp=F37C bank=01/02/03 flow=01 menu=00 screen=00 pack=00 slots=31 player=00 pxy=98,80
BP_worldloop entity_active=01 01 01 01 01 01 FF FF
BP_worldloop entity_sprite_asset_index=07 09 00 00 01 07 FF FF FF FF FF FF FF FF FF FF
BP_worldloop base_slots=00 04 00 06 0A 0C 12 16 1A 1C 1E 22 26 28 2E 32
BP_worldloop sat_ram=E0 08 00 06 E0 08 04 0F A0 8A 74 0E E0 FF FF FF E0 FF FF FF E0 FF FF FF E0 FF FF FF E0 FF FF FF E0 FF FF FF E0 FF FF FF E0 FF FF FF E0 FF FF FF
BP_worldloop sat_vram=E0 08 00 06 E0 08 04 0F A0 8A 74 0E E0 FF FF FF E0 FF FF FF E0 FF FF FF E0 FF FF FF E0 FF FF FF E0 FF FF FF E0 FF FF FF E0 FF FF FF D1 00 2C 00
BP_worldloop sprite_pattern_vram_0000=00 00 01 01 03 02 03 01 00 00 00 09 0E 07 04 0A 00 C0 B0 D0 58 DC F7 E0 40 00 E0 F8 F8 F0 08 14 00 00 00 00 00 01 00 40 60 30 19 16 11 08 00 04 00 00 00 20 A0 20 00 00 00 E0 18 04 04 08 00 08
BP_worldloop sprite_pattern_vram_0C00=07 07 05 0C 18 20 20 03 02 03 07 0F 00 01 00 01 F8 00 00 00 00 00 00 C0 40 C0 E0 F0 00 00 00 40 00 00 00 02 03 01 01 00 00 00 00 00 01 00 01 00 00 F0 D0 D8 F8 F0 80 00 80 00 00 00 00 00 00 80
BP_worldloop pc=A702 sp=F37C bank=01/02/03 flow=01 menu=00 screen=00 pack=00 slots=31 player=00 pxy=98,80
BP_worldloop entity_active=01 01 01 01 01 01 FF FF
BP_worldloop entity_sprite_asset_index=07 09 00 00 01 07 FF FF FF FF FF FF FF FF FF FF
BP_worldloop base_slots=00 04 00 06 0A 0C 12 16 1A 1C 1E 22 26 28 2E 32
BP_worldloop sat_ram=E0 08 00 06 E0 08 04 0F A0 8A 74 0E E0 FF FF FF E0 FF FF FF E0 FF FF FF E0 FF FF FF E0 FF FF FF E0 FF FF FF E0 FF FF FF E0 FF FF FF E0 FF FF FF
BP_worldloop sat_vram=E0 08 00 06 E0 08 04 0F A0 8A 74 0E E0 FF FF FF E0 FF FF FF E0 FF FF FF E0 FF FF FF E0 FF FF FF E0 FF FF FF E0 FF FF FF E0 FF FF FF D1 00 2C 00
BP_worldloop sprite_pattern_vram_0000=00 00 01 01 03 02 03 01 00 00 00 09 0E 07 04 0A 00 C0 B0 D0 58 DC F7 E0 40 00 E0 F8 F8 F0 08 14 00 00 00 00 00 01 00 40 60 30 19 16 11 08 00 04 00 00 00 20 A0 20 00 00 00 E0 18 04 04 08 00 08
BP_worldloop sprite_pattern_vram_0C00=07 07 05 0C 18 20 20 03 02 03 07 0F 00 01 00 01 F8 00 00 00 00 00 00 C0 40 C0 E0 F0 00 00 00 40 00 00 00 02 03 01 01 00 00 00 00 00 01 00 01 00 00 F0 D0 D8 F8 F0 80 00 80 00 00 00 00 00 00 80
BP_worldloop pc=A702 sp=F37C bank=01/02/03 flow=01 menu=00 screen=00 pack=00 slots=31 player=00 pxy=98,80
BP_worldloop entity_active=01 01 01 01 01 01 FF FF
BP_worldloop entity_sprite_asset_index=07 09 00 00 01 07 FF FF FF FF FF FF FF FF FF FF
BP_worldloop base_slots=00 04 00 06 0A 0C 12 16 1A 1C 1E 22 26 28 2E 32
BP_worldloop sat_ram=E0 08 00 06 E0 08 04 0F A0 8A 74 0E E0 FF FF FF E0 FF FF FF E0 FF FF FF E0 FF FF FF E0 FF FF FF E0 FF FF FF E0 FF FF FF E0 FF FF FF E0 FF FF FF
BP_worldloop sat_vram=E0 08 00 06 E0 08 04 0F A0 8A 74 0E E0 FF FF FF E0 FF FF FF E0 FF FF FF E0 FF FF FF E0 FF FF FF E0 FF FF FF E0 FF FF FF E0 FF FF FF D1 00 2C 00
BP_worldloop sprite_pattern_vram_0000=00 00 01 01 03 02 03 01 00 00 00 09 0E 07 04 0A 00 C0 B0 D0 58 DC F7 E0 40 00 E0 F8 F8 F0 08 14 00 00 00 00 00 01 00 40 60 30 19 16 11 08 00 04 00 00 00 20 A0 20 00 00 00 E0 18 04 04 08 00 08
BP_worldloop sprite_pattern_vram_0C00=07 07 05 0C 18 20 20 03 02 03 07 0F 00 01 00 01 F8 00 00 00 00 00 00 C0 40 C0 E0 F0 00 00 00 40 00 00 00 02 03 01 01 00 00 00 00 00 01 00 01 00 00 F0 D0 D8 F8 F0 80 00 80 00 00 00 00 00 00 80
BP_worldloop pc=A702 sp=F37C bank=01/02/03 flow=01 menu=00 screen=00 pack=00 slots=31 player=00 pxy=98,80
BP_worldloop entity_active=01 01 01 01 01 01 FF FF
BP_worldloop entity_sprite_asset_index=07 09 00 00 01 07 FF FF FF FF FF FF FF FF FF FF
BP_worldloop base_slots=00 04 00 06 0A 0C 12 16 1A 1C 1E 22 26 28 2E 32
BP_worldloop sat_ram=E0 08 00 06 E0 08 04 0F A0 8A 74 0E E0 FF FF FF E0 FF FF FF E0 FF FF FF E0 FF FF FF E0 FF FF FF E0 FF FF FF E0 FF FF FF E0 FF FF FF E0 FF FF FF
BP_worldloop sat_vram=E0 08 00 06 E0 08 04 0F A0 8A 74 0E E0 FF FF FF E0 FF FF FF E0 FF FF FF E0 FF FF FF E0 FF FF FF E0 FF FF FF E0 FF FF FF E0 FF FF FF D1 00 2C 00
BP_worldloop sprite_pattern_vram_0000=00 00 01 01 03 02 03 01 00 00 00 09 0E 07 04 0A 00 C0 B0 D0 58 DC F7 E0 40 00 E0 F8 F8 F0 08 14 00 00 00 00 00 01 00 40 60 30 19 16 11 08 00 04 00 00 00 20 A0 20 00 00 00 E0 18 04 04 08 00 08
BP_worldloop sprite_pattern_vram_0C00=07 07 05 0C 18 20 20 03 02 03 07 0F 00 01 00 01 F8 00 00 00 00 00 00 C0 40 C0 E0 F0 00 00 00 40 00 00 00 02 03 01 01 00 00 00 00 00 01 00 01 00 00 F0 D0 D8 F8 F0 80 00 80 00 00 00 00 00 00 80
BP_worldloop pc=A702 sp=F37C bank=01/02/03 flow=01 menu=00 screen=00 pack=00 slots=31 player=00 pxy=98,80
BP_worldloop entity_active=01 01 01 01 01 01 FF FF
BP_worldloop entity_sprite_asset_index=07 09 00 00 01 07 FF FF FF FF FF FF FF FF FF FF
BP_worldloop base_slots=00 04 00 06 0A 0C 12 16 1A 1C 1E 22 26 28 2E 32
BP_worldloop sat_ram=E0 08 00 06 E0 08 04 0F A0 89 74 0E E0 FF FF FF E0 FF FF FF E0 FF FF FF E0 FF FF FF E0 FF FF FF E0 FF FF FF E0 FF FF FF E0 FF FF FF E0 FF FF FF
BP_worldloop sat_vram=E0 08 00 06 E0 08 04 0F A0 89 74 0E E0 FF FF FF E0 FF FF FF E0 FF FF FF E0 FF FF FF E0 FF FF FF E0 FF FF FF E0 FF FF FF E0 FF FF FF D1 00 2C 00
BP_worldloop sprite_pattern_vram_0000=00 00 01 01 03 02 03 01 00 00 00 09 0E 07 04 0A 00 C0 B0 D0 58 DC F7 E0 40 00 E0 F8 F8 F0 08 14 00 00 00 00 00 01 00 40 60 30 19 16 11 08 00 04 00 00 00 20 A0 20 00 00 00 E0 18 04 04 08 00 08
BP_worldloop sprite_pattern_vram_0C00=07 07 05 0C 18 20 20 03 02 03 07 0F 00 01 00 01 F8 00 00 00 00 00 00 C0 40 C0 E0 F0 00 00 00 40 00 00 00 02 03 01 01 00 00 00 00 00 01 00 01 00 00 F0 D0 D8 F8 F0 80 00 80 00 00 00 00 00 00 80
BP_worldloop pc=A702 sp=F37C bank=01/02/03 flow=01 menu=00 screen=00 pack=00 slots=31 player=00 pxy=98,80
BP_worldloop entity_active=01 01 01 01 01 01 FF FF
BP_worldloop entity_sprite_asset_index=07 09 00 00 01 07 FF FF FF FF FF FF FF FF FF FF
BP_worldloop base_slots=00 04 00 06 0A 0C 12 16 1A 1C 1E 22 26 28 2E 32
BP_worldloop sat_ram=E0 08 00 06 E0 08 04 0F A0 89 74 0E E0 FF FF FF E0 FF FF FF E0 FF FF FF E0 FF FF FF E0 FF FF FF E0 FF FF FF E0 FF FF FF E0 FF FF FF E0 FF FF FF
BP_worldloop sat_vram=E0 08 00 06 E0 08 04 0F A0 89 74 0E E0 FF FF FF E0 FF FF FF E0 FF FF FF E0 FF FF FF E0 FF FF FF E0 FF FF FF E0 FF FF FF E0 FF FF FF D1 00 2C 00
BP_worldloop sprite_pattern_vram_0000=00 00 01 01 03 02 03 01 00 00 00 09 0E 07 04 0A 00 C0 B0 D0 58 DC F7 E0 40 00 E0 F8 F8 F0 08 14 00 00 00 00 00 01 00 40 60 30 19 16 11 08 00 04 00 00 00 20 A0 20 00 00 00 E0 18 04 04 08 00 08
BP_worldloop sprite_pattern_vram_0C00=07 07 05 0C 18 20 20 03 02 03 07 0F 00 01 00 01 F8 00 00 00 00 00 00 C0 40 C0 E0 F0 00 00 00 40 00 00 00 02 03 01 01 00 00 00 00 00 01 00 01 00 00 F0 D0 D8 F8 F0 80 00 80 00 00 00 00 00 00 80
BP_worldloop pc=A702 sp=F37C bank=01/02/03 flow=01 menu=00 screen=00 pack=00 slots=31 player=00 pxy=98,80
BP_worldloop entity_active=01 01 01 01 01 01 FF FF
BP_worldloop entity_sprite_asset_index=07 09 00 00 01 07 FF FF FF FF FF FF FF FF FF FF
BP_worldloop base_slots=00 04 00 06 0A 0C 12 16 1A 1C 1E 22 26 28 2E 32
BP_worldloop sat_ram=E0 08 00 06 E0 08 04 0F A0 89 74 0E E0 FF FF FF E0 FF FF FF E0 FF FF FF E0 FF FF FF E0 FF FF FF E0 FF FF FF E0 FF FF FF E0 FF FF FF E0 FF FF FF
BP_worldloop sat_vram=E0 08 00 06 E0 08 04 0F A0 89 74 0E E0 FF FF FF E0 FF FF FF E0 FF FF FF E0 FF FF FF E0 FF FF FF E0 FF FF FF E0 FF FF FF E0 FF FF FF D1 00 2C 00
BP_worldloop sprite_pattern_vram_0000=00 00 01 01 03 02 03 01 00 00 00 09 0E 07 04 0A 00 C0 B0 D0 58 DC F7 E0 40 00 E0 F8 F8 F0 08 14 00 00 00 00 00 01 00 40 60 30 19 16 11 08 00 04 00 00 00 20 A0 20 00 00 00 E0 18 04 04 08 00 08
BP_worldloop sprite_pattern_vram_0C00=07 07 05 0C 18 20 20 03 02 03 07 0F 00 01 00 01 F8 00 00 00 00 00 00 C0 40 C0 E0 F0 00 00 00 40 00 00 00 02 03 01 01 00 00 00 00 00 01 00 01 00 00 F0 D0 D8 F8 F0 80 00 80 00 00 00 00 00 00 80
BP_worldloop pc=A702 sp=F37C bank=01/02/03 flow=01 menu=00 screen=00 pack=00 slots=31 player=00 pxy=98,80
BP_worldloop entity_active=01 01 01 01 01 01 FF FF
BP_worldloop entity_sprite_asset_index=07 09 00 00 01 07 FF FF FF FF FF FF FF FF FF FF
BP_worldloop base_slots=00 04 00 06 0A 0C 12 16 1A 1C 1E 22 26 28 2E 32
BP_worldloop sat_ram=E0 08 00 06 E0 08 04 0F A0 88 74 0E E0 FF FF FF E0 FF FF FF E0 FF FF FF E0 FF FF FF E0 FF FF FF E0 FF FF FF E0 FF FF FF E0 FF FF FF E0 FF FF FF
BP_worldloop sat_vram=E0 08 00 06 E0 08 04 0F A0 88 74 0E E0 FF FF FF E0 FF FF FF E0 FF FF FF E0 FF FF FF E0 FF FF FF E0 FF FF FF E0 FF FF FF E0 FF FF FF D1 00 2C 00
BP_worldloop sprite_pattern_vram_0000=00 00 01 01 03 02 03 01 00 00 00 09 0E 07 04 0A 00 C0 B0 D0 58 DC F7 E0 40 00 E0 F8 F8 F0 08 14 00 00 00 00 00 01 00 40 60 30 19 16 11 08 00 04 00 00 00 20 A0 20 00 00 00 E0 18 04 04 08 00 08
BP_worldloop sprite_pattern_vram_0C00=07 07 05 0C 18 20 20 03 02 03 07 0F 00 01 00 01 F8 00 00 00 00 00 00 C0 40 C0 E0 F0 00 00 00 40 00 00 00 02 03 01 01 00 00 00 00 00 01 00 01 00 00 F0 D0 D8 F8 F0 80 00 80 00 00 00 00 00 00 80
BP_worldloop pc=A702 sp=F37C bank=01/02/03 flow=01 menu=00 screen=00 pack=00 slots=31 player=00 pxy=98,80
BP_worldloop entity_active=01 01 01 01 01 01 FF FF
BP_worldloop entity_sprite_asset_index=07 09 00 00 01 07 FF FF FF FF FF FF FF FF FF FF
BP_worldloop base_slots=00 04 00 06 0A 0C 12 16 1A 1C 1E 22 26 28 2E 32
BP_worldloop sat_ram=E0 08 00 06 E0 08 04 0F A0 88 74 0E E0 FF FF FF E0 FF FF FF E0 FF FF FF E0 FF FF FF E0 FF FF FF E0 FF FF FF E0 FF FF FF E0 FF FF FF E0 FF FF FF
BP_worldloop sat_vram=E0 08 00 06 E0 08 04 0F A0 88 74 0E E0 FF FF FF E0 FF FF FF E0 FF FF FF E0 FF FF FF E0 FF FF FF E0 FF FF FF E0 FF FF FF E0 FF FF FF D1 00 2C 00
BP_worldloop sprite_pattern_vram_0000=00 00 01 01 03 02 03 01 00 00 00 09 0E 07 04 0A 00 C0 B0 D0 58 DC F7 E0 40 00 E0 F8 F8 F0 08 14 00 00 00 00 00 01 00 40 60 30 19 16 11 08 00 04 00 00 00 20 A0 20 00 00 00 E0 18 04 04 08 00 08
BP_worldloop sprite_pattern_vram_0C00=07 07 05 0C 18 20 20 03 02 03 07 0F 00 01 00 01 F8 00 00 00 00 00 00 C0 40 C0 E0 F0 00 00 00 40 00 00 00 02 03 01 01 00 00 00 00 00 01 00 01 00 00 F0 D0 D8 F8 F0 80 00 80 00 00 00 00 00 00 80
BP_worldloop pc=A702 sp=F37C bank=01/02/03 flow=01 menu=00 screen=00 pack=00 slots=31 player=00 pxy=98,80
BP_worldloop entity_active=01 01 01 01 01 01 FF FF
BP_worldloop entity_sprite_asset_index=07 09 00 00 01 07 FF FF FF FF FF FF FF FF FF FF
BP_worldloop base_slots=00 04 00 06 0A 0C 12 16 1A 1C 1E 22 26 28 2E 32
BP_worldloop sat_ram=E0 08 00 06 E0 08 04 0F A0 88 74 0E E0 FF FF FF E0 FF FF FF E0 FF FF FF E0 FF FF FF E0 FF FF FF E0 FF FF FF E0 FF FF FF E0 FF FF FF E0 FF FF FF
BP_worldloop sat_vram=E0 08 00 06 E0 08 04 0F A0 88 74 0E E0 FF FF FF E0 FF FF FF E0 FF FF FF E0 FF FF FF E0 FF FF FF E0 FF FF FF E0 FF FF FF E0 FF FF FF D1 00 2C 00
BP_worldloop sprite_pattern_vram_0000=00 00 01 01 03 02 03 01 00 00 00 09 0E 07 04 0A 00 C0 B0 D0 58 DC F7 E0 40 00 E0 F8 F8 F0 08 14 00 00 00 00 00 01 00 40 60 30 19 16 11 08 00 04 00 00 00 20 A0 20 00 00 00 E0 18 04 04 08 00 08
BP_worldloop sprite_pattern_vram_0C00=07 07 05 0C 18 20 20 03 02 03 07 0F 00 01 00 01 F8 00 00 00 00 00 00 C0 40 C0 E0 F0 00 00 00 40 00 00 00 02 03 01 01 00 00 00 00 00 01 00 01 00 00 F0 D0 D8 F8 F0 80 00 80 00 00 00 00 00 00 80
BP_worldloop pc=A702 sp=F37C bank=01/02/03 flow=01 menu=00 screen=00 pack=00 slots=31 player=00 pxy=98,80
BP_worldloop entity_active=01 01 01 01 01 01 FF FF
BP_worldloop entity_sprite_asset_index=07 09 00 00 01 07 FF FF FF FF FF FF FF FF FF FF
BP_worldloop base_slots=00 04 00 06 0A 0C 12 16 1A 1C 1E 22 26 28 2E 32
BP_worldloop sat_ram=E0 08 00 06 E0 08 04 0F A0 87 74 0E E0 FF FF FF E0 FF FF FF E0 FF FF FF E0 FF FF FF E0 FF FF FF E0 FF FF FF E0 FF FF FF E0 FF FF FF E0 FF FF FF
BP_worldloop sat_vram=E0 08 00 06 E0 08 04 0F A0 87 74 0E E0 FF FF FF E0 FF FF FF E0 FF FF FF E0 FF FF FF E0 FF FF FF E0 FF FF FF E0 FF FF FF E0 FF FF FF D1 00 2C 00
BP_worldloop sprite_pattern_vram_0000=00 00 01 01 03 02 03 01 00 00 00 09 0E 07 04 0A 00 C0 B0 D0 58 DC F7 E0 40 00 E0 F8 F8 F0 08 14 00 00 00 00 00 01 00 40 60 30 19 16 11 08 00 04 00 00 00 20 A0 20 00 00 00 E0 18 04 04 08 00 08
BP_worldloop sprite_pattern_vram_0C00=07 07 05 0C 18 20 20 03 02 03 07 0F 00 01 00 01 F8 00 00 00 00 00 00 C0 40 C0 E0 F0 00 00 00 40 00 00 00 02 03 01 01 00 00 00 00 00 01 00 01 00 00 F0 D0 D8 F8 F0 80 00 80 00 00 00 00 00 00 80
BP_worldloop pc=A702 sp=F37C bank=01/02/03 flow=01 menu=00 screen=00 pack=00 slots=31 player=00 pxy=98,80
BP_worldloop entity_active=01 01 01 01 01 01 FF FF
BP_worldloop entity_sprite_asset_index=07 09 00 00 01 07 FF FF FF FF FF FF FF FF FF FF
BP_worldloop base_slots=00 04 00 06 0A 0C 12 16 1A 1C 1E 22 26 28 2E 32
BP_worldloop sat_ram=E0 08 00 06 E0 08 04 0F A0 87 74 0E E0 FF FF FF E0 FF FF FF E0 FF FF FF E0 FF FF FF E0 FF FF FF E0 FF FF FF E0 FF FF FF E0 FF FF FF E0 FF FF FF
BP_worldloop sat_vram=E0 08 00 06 E0 08 04 0F A0 87 74 0E E0 FF FF FF E0 FF FF FF E0 FF FF FF E0 FF FF FF E0 FF FF FF E0 FF FF FF E0 FF FF FF E0 FF FF FF D1 00 2C 00
BP_worldloop sprite_pattern_vram_0000=00 00 01 01 03 02 03 01 00 00 00 09 0E 07 04 0A 00 C0 B0 D0 58 DC F7 E0 40 00 E0 F8 F8 F0 08 14 00 00 00 00 00 01 00 40 60 30 19 16 11 08 00 04 00 00 00 20 A0 20 00 00 00 E0 18 04 04 08 00 08
BP_worldloop sprite_pattern_vram_0C00=07 07 05 0C 18 20 20 03 02 03 07 0F 00 01 00 01 F8 00 00 00 00 00 00 C0 40 C0 E0 F0 00 00 00 40 00 00 00 02 03 01 01 00 00 00 00 00 01 00 01 00 00 F0 D0 D8 F8 F0 80 00 80 00 00 00 00 00 00 80
BP_worldloop pc=A702 sp=F37C bank=01/02/03 flow=01 menu=00 screen=00 pack=00 slots=31 player=00 pxy=98,80
BP_worldloop entity_active=01 01 01 01 01 01 FF FF
BP_worldloop entity_sprite_asset_index=07 09 00 00 01 07 FF FF FF FF FF FF FF FF FF FF
BP_worldloop base_slots=00 04 00 06 0A 0C 12 16 1A 1C 1E 22 26 28 2E 32
BP_worldloop sat_ram=E0 08 00 06 E0 08 04 0F A0 86 74 0E E0 FF FF FF E0 FF FF FF E0 FF FF FF E0 FF FF FF E0 FF FF FF E0 FF FF FF E0 FF FF FF E0 FF FF FF E0 FF FF FF
BP_worldloop sat_vram=E0 08 00 06 E0 08 04 0F A0 86 74 0E E0 FF FF FF E0 FF FF FF E0 FF FF FF E0 FF FF FF E0 FF FF FF E0 FF FF FF E0 FF FF FF E0 FF FF FF D1 00 2C 00
BP_worldloop sprite_pattern_vram_0000=00 00 01 01 03 02 03 01 00 00 00 09 0E 07 04 0A 00 C0 B0 D0 58 DC F7 E0 40 00 E0 F8 F8 F0 08 14 00 00 00 00 00 01 00 40 60 30 19 16 11 08 00 04 00 00 00 20 A0 20 00 00 00 E0 18 04 04 08 00 08
BP_worldloop sprite_pattern_vram_0C00=07 07 05 0C 18 20 20 03 02 03 07 0F 00 01 00 01 F8 00 00 00 00 00 00 C0 40 C0 E0 F0 00 00 00 40 00 00 00 02 03 01 01 00 00 00 00 00 01 00 01 00 00 F0 D0 D8 F8 F0 80 00 80 00 00 00 00 00 00 80
BP_worldloop pc=A702 sp=F37C bank=01/02/03 flow=01 menu=00 screen=00 pack=00 slots=31 player=00 pxy=98,80
BP_worldloop entity_active=01 01 01 01 01 01 FF FF
BP_worldloop entity_sprite_asset_index=07 09 00 00 01 07 FF FF FF FF FF FF FF FF FF FF
BP_worldloop base_slots=00 04 00 06 0A 0C 12 16 1A 1C 1E 22 26 28 2E 32
BP_worldloop sat_ram=E0 08 00 06 E0 08 04 0F A0 86 74 0E E0 FF FF FF E0 FF FF FF E0 FF FF FF E0 FF FF FF E0 FF FF FF E0 FF FF FF E0 FF FF FF E0 FF FF FF E0 FF FF FF
BP_worldloop sat_vram=E0 08 00 06 E0 08 04 0F A0 86 74 0E E0 FF FF FF E0 FF FF FF E0 FF FF FF E0 FF FF FF E0 FF FF FF E0 FF FF FF E0 FF FF FF E0 FF FF FF D1 00 2C 00
BP_worldloop sprite_pattern_vram_0000=00 00 01 01 03 02 03 01 00 00 00 09 0E 07 04 0A 00 C0 B0 D0 58 DC F7 E0 40 00 E0 F8 F8 F0 08 14 00 00 00 00 00 01 00 40 60 30 19 16 11 08 00 04 00 00 00 20 A0 20 00 00 00 E0 18 04 04 08 00 08
BP_worldloop sprite_pattern_vram_0C00=07 07 05 0C 18 20 20 03 02 03 07 0F 00 01 00 01 F8 00 00 00 00 00 00 C0 40 C0 E0 F0 00 00 00 40 00 00 00 02 03 01 01 00 00 00 00 00 01 00 01 00 00 F0 D0 D8 F8 F0 80 00 80 00 00 00 00 00 00 80
BP_worldloop pc=A702 sp=F37C bank=01/02/03 flow=01 menu=00 screen=00 pack=00 slots=31 player=00 pxy=98,80
BP_worldloop entity_active=01 01 01 01 01 01 FF FF
BP_worldloop entity_sprite_asset_index=07 09 00 00 01 07 FF FF FF FF FF FF FF FF FF FF
BP_worldloop base_slots=00 04 00 06 0A 0C 12 16 1A 1C 1E 22 26 28 2E 32
BP_worldloop sat_ram=E0 08 00 06 E0 08 04 0F A0 86 74 0E E0 FF FF FF E0 FF FF FF E0 FF FF FF E0 FF FF FF E0 FF FF FF E0 FF FF FF E0 FF FF FF E0 FF FF FF E0 FF FF FF
BP_worldloop sat_vram=E0 08 00 06 E0 08 04 0F A0 86 74 0E E0 FF FF FF E0 FF FF FF E0 FF FF FF E0 FF FF FF E0 FF FF FF E0 FF FF FF E0 FF FF FF E0 FF FF FF D1 00 2C 00
BP_worldloop sprite_pattern_vram_0000=00 00 01 01 03 02 03 01 00 00 00 09 0E 07 04 0A 00 C0 B0 D0 58 DC F7 E0 40 00 E0 F8 F8 F0 08 14 00 00 00 00 00 01 00 40 60 30 19 16 11 08 00 04 00 00 00 20 A0 20 00 00 00 E0 18 04 04 08 00 08
BP_worldloop sprite_pattern_vram_0C00=07 07 05 0C 18 20 20 03 02 03 07 0F 00 01 00 01 F8 00 00 00 00 00 00 C0 40 C0 E0 F0 00 00 00 40 00 00 00 02 03 01 01 00 00 00 00 00 01 00 01 00 00 F0 D0 D8 F8 F0 80 00 80 00 00 00 00 00 00 80
BP_worldloop pc=A702 sp=F37C bank=01/02/03 flow=01 menu=00 screen=00 pack=00 slots=31 player=00 pxy=98,80
BP_worldloop entity_active=01 01 01 01 01 01 FF FF
BP_worldloop entity_sprite_asset_index=07 09 00 00 01 07 FF FF FF FF FF FF FF FF FF FF
BP_worldloop base_slots=00 04 00 06 0A 0C 12 16 1A 1C 1E 22 26 28 2E 32
BP_worldloop sat_ram=E0 08 00 06 E0 08 04 0F A0 85 74 0E E0 FF FF FF E0 FF FF FF E0 FF FF FF E0 FF FF FF E0 FF FF FF E0 FF FF FF E0 FF FF FF E0 FF FF FF E0 FF FF FF
BP_worldloop sat_vram=E0 08 00 06 E0 08 04 0F A0 85 74 0E E0 FF FF FF E0 FF FF FF E0 FF FF FF E0 FF FF FF E0 FF FF FF E0 FF FF FF E0 FF FF FF E0 FF FF FF D1 00 2C 00
BP_worldloop sprite_pattern_vram_0000=00 00 01 01 03 02 03 01 00 00 00 09 0E 07 04 0A 00 C0 B0 D0 58 DC F7 E0 40 00 E0 F8 F8 F0 08 14 00 00 00 00 00 01 00 40 60 30 19 16 11 08 00 04 00 00 00 20 A0 20 00 00 00 E0 18 04 04 08 00 08
BP_worldloop sprite_pattern_vram_0C00=07 07 05 0C 18 20 20 03 02 03 07 0F 00 01 00 01 F8 00 00 00 00 00 00 C0 40 C0 E0 F0 00 00 00 40 00 00 00 02 03 01 01 00 00 00 00 00 01 00 01 00 00 F0 D0 D8 F8 F0 80 00 80 00 00 00 00 00 00 80
BP_worldloop pc=A702 sp=F37C bank=01/02/03 flow=01 menu=00 screen=00 pack=00 slots=31 player=00 pxy=98,80
BP_worldloop entity_active=01 01 01 01 01 01 FF FF
BP_worldloop entity_sprite_asset_index=07 09 00 00 01 07 FF FF FF FF FF FF FF FF FF FF
BP_worldloop base_slots=00 04 00 06 0A 0C 12 16 1A 1C 1E 22 26 28 2E 32
BP_worldloop sat_ram=E0 08 00 06 E0 08 04 0F A0 85 74 0E E0 FF FF FF E0 FF FF FF E0 FF FF FF E0 FF FF FF E0 FF FF FF E0 FF FF FF E0 FF FF FF E0 FF FF FF E0 FF FF FF
BP_worldloop sat_vram=E0 08 00 06 E0 08 04 0F A0 85 74 0E E0 FF FF FF E0 FF FF FF E0 FF FF FF E0 FF FF FF E0 FF FF FF E0 FF FF FF E0 FF FF FF E0 FF FF FF D1 00 2C 00
BP_worldloop sprite_pattern_vram_0000=00 00 01 01 03 02 03 01 00 00 00 09 0E 07 04 0A 00 C0 B0 D0 58 DC F7 E0 40 00 E0 F8 F8 F0 08 14 00 00 00 00 00 01 00 40 60 30 19 16 11 08 00 04 00 00 00 20 A0 20 00 00 00 E0 18 04 04 08 00 08
BP_worldloop sprite_pattern_vram_0C00=07 07 05 0C 18 20 20 03 02 03 07 0F 00 01 00 01 F8 00 00 00 00 00 00 C0 40 C0 E0 F0 00 00 00 40 00 00 00 02 03 01 01 00 00 00 00 00 01 00 01 00 00 F0 D0 D8 F8 F0 80 00 80 00 00 00 00 00 00 80
BP_worldloop pc=A702 sp=F37C bank=01/02/03 flow=01 menu=00 screen=00 pack=00 slots=31 player=00 pxy=98,80
BP_worldloop entity_active=01 01 01 01 01 01 FF FF
BP_worldloop entity_sprite_asset_index=07 09 00 00 01 07 FF FF FF FF FF FF FF FF FF FF
BP_worldloop base_slots=00 04 00 06 0A 0C 12 16 1A 1C 1E 22 26 28 2E 32
BP_worldloop sat_ram=E0 08 00 06 E0 08 04 0F A0 85 74 0E E0 FF FF FF E0 FF FF FF E0 FF FF FF E0 FF FF FF E0 FF FF FF E0 FF FF FF E0 FF FF FF E0 FF FF FF E0 FF FF FF
BP_worldloop sat_vram=E0 08 00 06 E0 08 04 0F A0 85 74 0E E0 FF FF FF E0 FF FF FF E0 FF FF FF E0 FF FF FF E0 FF FF FF E0 FF FF FF E0 FF FF FF E0 FF FF FF D1 00 2C 00
BP_worldloop sprite_pattern_vram_0000=00 00 01 01 03 02 03 01 00 00 00 09 0E 07 04 0A 00 C0 B0 D0 58 DC F7 E0 40 00 E0 F8 F8 F0 08 14 00 00 00 00 00 01 00 40 60 30 19 16 11 08 00 04 00 00 00 20 A0 20 00 00 00 E0 18 04 04 08 00 08
BP_worldloop sprite_pattern_vram_0C00=07 07 05 0C 18 20 20 03 02 03 07 0F 00 01 00 01 F8 00 00 00 00 00 00 C0 40 C0 E0 F0 00 00 00 40 00 00 00 02 03 01 01 00 00 00 00 00 01 00 01 00 00 F0 D0 D8 F8 F0 80 00 80 00 00 00 00 00 00 80
BP_worldloop pc=A702 sp=F37C bank=01/02/03 flow=01 menu=00 screen=00 pack=00 slots=31 player=00 pxy=98,80
BP_worldloop entity_active=01 01 01 01 01 01 FF FF
BP_worldloop entity_sprite_asset_index=07 09 00 00 01 07 FF FF FF FF FF FF FF FF FF FF
BP_worldloop base_slots=00 04 00 06 0A 0C 12 16 1A 1C 1E 22 26 28 2E 32
BP_worldloop sat_ram=E0 08 00 06 E0 08 04 0F A0 84 70 0E E0 FF FF FF E0 FF FF FF E0 FF FF FF E0 FF FF FF E0 FF FF FF E0 FF FF FF E0 FF FF FF E0 FF FF FF E0 FF FF FF
BP_worldloop sat_vram=E0 08 00 06 E0 08 04 0F A0 84 70 0E E0 FF FF FF E0 FF FF FF E0 FF FF FF E0 FF FF FF E0 FF FF FF E0 FF FF FF E0 FF FF FF E0 FF FF FF D1 00 2C 00
BP_worldloop sprite_pattern_vram_0000=00 00 01 01 03 02 03 01 00 00 00 09 0E 07 04 0A 00 C0 B0 D0 58 DC F7 E0 40 00 E0 F8 F8 F0 08 14 00 00 00 00 00 01 00 40 60 30 19 16 11 08 00 04 00 00 00 20 A0 20 00 00 00 E0 18 04 04 08 00 08
BP_worldloop sprite_pattern_vram_0C00=07 07 05 0C 18 20 20 03 02 03 07 0F 00 01 00 01 F8 00 00 00 00 00 00 C0 40 C0 E0 F0 00 00 00 40 00 00 00 02 03 01 01 00 00 00 00 00 01 00 01 00 00 F0 D0 D8 F8 F0 80 00 80 00 00 00 00 00 00 80
BP_worldloop pc=A702 sp=F37C bank=01/02/03 flow=01 menu=00 screen=00 pack=00 slots=31 player=00 pxy=98,80
BP_worldloop entity_active=01 01 01 01 01 01 FF FF
BP_worldloop entity_sprite_asset_index=07 09 00 00 01 07 FF FF FF FF FF FF FF FF FF FF
BP_worldloop base_slots=00 04 00 06 0A 0C 12 16 1A 1C 1E 22 26 28 2E 32
BP_worldloop sat_ram=E0 08 00 06 E0 08 04 0F A0 84 70 0E E0 FF FF FF E0 FF FF FF E0 FF FF FF E0 FF FF FF E0 FF FF FF E0 FF FF FF E0 FF FF FF E0 FF FF FF E0 FF FF FF
BP_worldloop sat_vram=E0 08 00 06 E0 08 04 0F A0 84 70 0E E0 FF FF FF E0 FF FF FF E0 FF FF FF E0 FF FF FF E0 FF FF FF E0 FF FF FF E0 FF FF FF E0 FF FF FF D1 00 2C 00
BP_worldloop sprite_pattern_vram_0000=00 00 01 01 03 02 03 01 00 00 00 09 0E 07 04 0A 00 C0 B0 D0 58 DC F7 E0 40 00 E0 F8 F8 F0 08 14 00 00 00 00 00 01 00 40 60 30 19 16 11 08 00 04 00 00 00 20 A0 20 00 00 00 E0 18 04 04 08 00 08
BP_worldloop sprite_pattern_vram_0C00=07 07 05 0C 18 20 20 03 02 03 07 0F 00 01 00 01 F8 00 00 00 00 00 00 C0 40 C0 E0 F0 00 00 00 40 00 00 00 02 03 01 01 00 00 00 00 00 01 00 01 00 00 F0 D0 D8 F8 F0 80 00 80 00 00 00 00 00 00 80
BP_worldloop pc=A702 sp=F37C bank=01/02/03 flow=01 menu=00 screen=00 pack=00 slots=31 player=00 pxy=98,80
BP_worldloop entity_active=01 01 01 01 01 01 FF FF
BP_worldloop entity_sprite_asset_index=07 09 00 00 01 07 FF FF FF FF FF FF FF FF FF FF
BP_worldloop base_slots=00 04 00 06 0A 0C 12 16 1A 1C 1E 22 26 28 2E 32
BP_worldloop sat_ram=E0 08 00 06 E0 08 04 0F A0 83 70 0E E0 FF FF FF E0 FF FF FF E0 FF FF FF E0 FF FF FF E0 FF FF FF E0 FF FF FF E0 FF FF FF E0 FF FF FF E0 FF FF FF
BP_worldloop sat_vram=E0 08 00 06 E0 08 04 0F A0 83 70 0E E0 FF FF FF E0 FF FF FF E0 FF FF FF E0 FF FF FF E0 FF FF FF E0 FF FF FF E0 FF FF FF E0 FF FF FF D1 00 2C 00
BP_worldloop sprite_pattern_vram_0000=00 00 01 01 03 02 03 01 00 00 00 09 0E 07 04 0A 00 C0 B0 D0 58 DC F7 E0 40 00 E0 F8 F8 F0 08 14 00 00 00 00 00 01 00 40 60 30 19 16 11 08 00 04 00 00 00 20 A0 20 00 00 00 E0 18 04 04 08 00 08
BP_worldloop sprite_pattern_vram_0C00=07 07 05 0C 18 20 20 03 02 03 07 0F 00 01 00 01 F8 00 00 00 00 00 00 C0 40 C0 E0 F0 00 00 00 40 00 00 00 02 03 01 01 00 00 00 00 00 01 00 01 00 00 F0 D0 D8 F8 F0 80 00 80 00 00 00 00 00 00 80
BP_worldloop pc=A702 sp=F37C bank=01/02/03 flow=01 menu=00 screen=00 pack=00 slots=31 player=00 pxy=98,80
BP_worldloop entity_active=01 01 01 01 01 01 FF FF
BP_worldloop entity_sprite_asset_index=07 09 00 00 01 07 FF FF FF FF FF FF FF FF FF FF
BP_worldloop base_slots=00 04 00 06 0A 0C 12 16 1A 1C 1E 22 26 28 2E 32
BP_worldloop sat_ram=E0 08 00 06 E0 08 04 0F A0 83 70 0E E0 FF FF FF E0 FF FF FF E0 FF FF FF E0 FF FF FF E0 FF FF FF E0 FF FF FF E0 FF FF FF E0 FF FF FF E0 FF FF FF
BP_worldloop sat_vram=E0 08 00 06 E0 08 04 0F A0 83 70 0E E0 FF FF FF E0 FF FF FF E0 FF FF FF E0 FF FF FF E0 FF FF FF E0 FF FF FF E0 FF FF FF E0 FF FF FF D1 00 2C 00
BP_worldloop sprite_pattern_vram_0000=00 00 01 01 03 02 03 01 00 00 00 09 0E 07 04 0A 00 C0 B0 D0 58 DC F7 E0 40 00 E0 F8 F8 F0 08 14 00 00 00 00 00 01 00 40 60 30 19 16 11 08 00 04 00 00 00 20 A0 20 00 00 00 E0 18 04 04 08 00 08
BP_worldloop sprite_pattern_vram_0C00=07 07 05 0C 18 20 20 03 02 03 07 0F 00 01 00 01 F8 00 00 00 00 00 00 C0 40 C0 E0 F0 00 00 00 40 00 00 00 02 03 01 01 00 00 00 00 00 01 00 01 00 00 F0 D0 D8 F8 F0 80 00 80 00 00 00 00 00 00 80
BP_worldloop pc=A702 sp=F37C bank=01/02/03 flow=01 menu=00 screen=00 pack=00 slots=31 player=00 pxy=98,80
BP_worldloop entity_active=01 01 01 01 01 01 FF FF
BP_worldloop entity_sprite_asset_index=07 09 00 00 01 07 FF FF FF FF FF FF FF FF FF FF
BP_worldloop base_slots=00 04 00 06 0A 0C 12 16 1A 1C 1E 22 26 28 2E 32
BP_worldloop sat_ram=E0 08 00 06 E0 08 04 0F A0 83 70 0E E0 FF FF FF E0 FF FF FF E0 FF FF FF E0 FF FF FF E0 FF FF FF E0 FF FF FF E0 FF FF FF E0 FF FF FF E0 FF FF FF
BP_worldloop sat_vram=E0 08 00 06 E0 08 04 0F A0 83 70 0E E0 FF FF FF E0 FF FF FF E0 FF FF FF E0 FF FF FF E0 FF FF FF E0 FF FF FF E0 FF FF FF E0 FF FF FF D1 00 2C 00
BP_worldloop sprite_pattern_vram_0000=00 00 01 01 03 02 03 01 00 00 00 09 0E 07 04 0A 00 C0 B0 D0 58 DC F7 E0 40 00 E0 F8 F8 F0 08 14 00 00 00 00 00 01 00 40 60 30 19 16 11 08 00 04 00 00 00 20 A0 20 00 00 00 E0 18 04 04 08 00 08
BP_worldloop sprite_pattern_vram_0C00=07 07 05 0C 18 20 20 03 02 03 07 0F 00 01 00 01 F8 00 00 00 00 00 00 C0 40 C0 E0 F0 00 00 00 40 00 00 00 02 03 01 01 00 00 00 00 00 01 00 01 00 00 F0 D0 D8 F8 F0 80 00 80 00 00 00 00 00 00 80
BP_worldloop pc=A702 sp=F37C bank=01/02/03 flow=01 menu=00 screen=00 pack=00 slots=31 player=00 pxy=98,80
BP_worldloop entity_active=01 01 01 01 01 01 FF FF
BP_worldloop entity_sprite_asset_index=07 09 00 00 01 07 FF FF FF FF FF FF FF FF FF FF
BP_worldloop base_slots=00 04 00 06 0A 0C 12 16 1A 1C 1E 22 26 28 2E 32
BP_worldloop sat_ram=E0 08 00 06 E0 08 04 0F A0 82 70 0E E0 FF FF FF E0 FF FF FF E0 FF FF FF E0 FF FF FF E0 FF FF FF E0 FF FF FF E0 FF FF FF E0 FF FF FF E0 FF FF FF
BP_worldloop sat_vram=E0 08 00 06 E0 08 04 0F A0 82 70 0E E0 FF FF FF E0 FF FF FF E0 FF FF FF E0 FF FF FF E0 FF FF FF E0 FF FF FF E0 FF FF FF E0 FF FF FF D1 00 2C 00
BP_worldloop sprite_pattern_vram_0000=00 00 01 01 03 02 03 01 00 00 00 09 0E 07 04 0A 00 C0 B0 D0 58 DC F7 E0 40 00 E0 F8 F8 F0 08 14 00 00 00 00 00 01 00 40 60 30 19 16 11 08 00 04 00 00 00 20 A0 20 00 00 00 E0 18 04 04 08 00 08
BP_worldloop sprite_pattern_vram_0C00=07 07 05 0C 18 20 20 03 02 03 07 0F 00 01 00 01 F8 00 00 00 00 00 00 C0 40 C0 E0 F0 00 00 00 40 00 00 00 02 03 01 01 00 00 00 00 00 01 00 01 00 00 F0 D0 D8 F8 F0 80 00 80 00 00 00 00 00 00 80
BP_worldloop pc=A702 sp=F37C bank=01/02/03 flow=01 menu=00 screen=00 pack=00 slots=31 player=00 pxy=98,80
BP_worldloop entity_active=01 01 01 01 01 01 FF FF
BP_worldloop entity_sprite_asset_index=07 09 00 00 01 07 FF FF FF FF FF FF FF FF FF FF
BP_worldloop base_slots=00 04 00 06 0A 0C 12 16 1A 1C 1E 22 26 28 2E 32
BP_worldloop sat_ram=E0 08 00 06 E0 08 04 0F A0 82 70 0E E0 FF FF FF E0 FF FF FF E0 FF FF FF E0 FF FF FF E0 FF FF FF E0 FF FF FF E0 FF FF FF E0 FF FF FF E0 FF FF FF
BP_worldloop sat_vram=E0 08 00 06 E0 08 04 0F A0 82 70 0E E0 FF FF FF E0 FF FF FF E0 FF FF FF E0 FF FF FF E0 FF FF FF E0 FF FF FF E0 FF FF FF E0 FF FF FF D1 00 2C 00
BP_worldloop sprite_pattern_vram_0000=00 00 01 01 03 02 03 01 00 00 00 09 0E 07 04 0A 00 C0 B0 D0 58 DC F7 E0 40 00 E0 F8 F8 F0 08 14 00 00 00 00 00 01 00 40 60 30 19 16 11 08 00 04 00 00 00 20 A0 20 00 00 00 E0 18 04 04 08 00 08
BP_worldloop sprite_pattern_vram_0C00=07 07 05 0C 18 20 20 03 02 03 07 0F 00 01 00 01 F8 00 00 00 00 00 00 C0 40 C0 E0 F0 00 00 00 40 00 00 00 02 03 01 01 00 00 00 00 00 01 00 01 00 00 F0 D0 D8 F8 F0 80 00 80 00 00 00 00 00 00 80
BP_worldloop pc=A702 sp=F37C bank=01/02/03 flow=01 menu=00 screen=00 pack=00 slots=31 player=00 pxy=98,80
BP_worldloop entity_active=01 01 01 01 01 01 FF FF
BP_worldloop entity_sprite_asset_index=07 09 00 00 01 07 FF FF FF FF FF FF FF FF FF FF
BP_worldloop base_slots=00 04 00 06 0A 0C 12 16 1A 1C 1E 22 26 28 2E 32
BP_worldloop sat_ram=E0 08 00 06 E0 08 04 0F A0 82 70 0E E0 FF FF FF E0 FF FF FF E0 FF FF FF E0 FF FF FF E0 FF FF FF E0 FF FF FF E0 FF FF FF E0 FF FF FF E0 FF FF FF
BP_worldloop sat_vram=E0 08 00 06 E0 08 04 0F A0 82 70 0E E0 FF FF FF E0 FF FF FF E0 FF FF FF E0 FF FF FF E0 FF FF FF E0 FF FF FF E0 FF FF FF E0 FF FF FF D1 00 2C 00
BP_worldloop sprite_pattern_vram_0000=00 00 01 01 03 02 03 01 00 00 00 09 0E 07 04 0A 00 C0 B0 D0 58 DC F7 E0 40 00 E0 F8 F8 F0 08 14 00 00 00 00 00 01 00 40 60 30 19 16 11 08 00 04 00 00 00 20 A0 20 00 00 00 E0 18 04 04 08 00 08
BP_worldloop sprite_pattern_vram_0C00=07 07 05 0C 18 20 20 03 02 03 07 0F 00 01 00 01 F8 00 00 00 00 00 00 C0 40 C0 E0 F0 00 00 00 40 00 00 00 02 03 01 01 00 00 00 00 00 01 00 01 00 00 F0 D0 D8 F8 F0 80 00 80 00 00 00 00 00 00 80
t16_after_right pc=A708 sp=F37C bank=01/02/03 flow=01 menu=00 screen=00 pack=00 slots=31 player=00 pxy=98,80
t16_after_right entity_active=01 01 01 01 01 01 FF FF
t16_after_right entity_sprite_asset_index=07 09 00 00 01 07 FF FF FF FF FF FF FF FF FF FF
t16_after_right base_slots=00 04 00 06 0A 0C 12 16 1A 1C 1E 22 26 28 2E 32
t16_after_right sat_ram=E0 08 00 06 E0 08 04 0F A0 82 70 0E E0 FF FF FF E0 FF FF FF E0 FF FF FF E0 FF FF FF E0 FF FF FF E0 FF FF FF E0 FF FF FF E0 FF FF FF E0 FF FF FF
t16_after_right sat_vram=E0 08 00 06 E0 08 04 0F A0 82 70 0E E0 FF FF FF E0 FF FF FF E0 FF FF FF E0 FF FF FF E0 FF FF FF E0 FF FF FF E0 FF FF FF E0 FF FF FF D1 00 2C 00
t16_after_right sprite_pattern_vram_0000=00 00 01 01 03 02 03 01 00 00 00 09 0E 07 04 0A 00 C0 B0 D0 58 DC F7 E0 40 00 E0 F8 F8 F0 08 14 00 00 00 00 00 01 00 40 60 30 19 16 11 08 00 04 00 00 00 20 A0 20 00 00 00 E0 18 04 04 08 00 08
t16_after_right sprite_pattern_vram_0C00=07 07 05 0C 18 20 20 03 02 03 07 0F 00 01 00 01 F8 00 00 00 00 00 00 C0 40 C0 E0 F0 00 00 00 40 00 00 00 02 03 01 01 00 00 00 00 00 01 00 01 00 00 F0 D0 D8 F8 F0 80 00 80 00 00 00 00 00 00 80
SHOTOK t16_after_right.png
BP_worldloop pc=A702 sp=F37C bank=01/02/03 flow=01 menu=00 screen=00 pack=00 slots=31 player=00 pxy=98,80
BP_worldloop entity_active=01 01 01 01 01 01 FF FF
BP_worldloop entity_sprite_asset_index=07 09 00 00 01 07 FF FF FF FF FF FF FF FF FF FF
BP_worldloop base_slots=00 04 00 06 0A 0C 12 16 1A 1C 1E 22 26 28 2E 32
BP_worldloop sat_ram=E0 08 00 06 E0 08 04 0F A0 81 70 0E E0 FF FF FF E0 FF FF FF E0 FF FF FF E0 FF FF FF E0 FF FF FF E0 FF FF FF E0 FF FF FF E0 FF FF FF E0 FF FF FF
BP_worldloop sat_vram=E0 08 00 06 E0 08 04 0F A0 81 70 0E E0 FF FF FF E0 FF FF FF E0 FF FF FF E0 FF FF FF E0 FF FF FF E0 FF FF FF E0 FF FF FF E0 FF FF FF D1 00 2C 00
BP_worldloop sprite_pattern_vram_0000=00 00 01 01 03 02 03 01 00 00 00 09 0E 07 04 0A 00 C0 B0 D0 58 DC F7 E0 40 00 E0 F8 F8 F0 08 14 00 00 00 00 00 01 00 40 60 30 19 16 11 08 00 04 00 00 00 20 A0 20 00 00 00 E0 18 04 04 08 00 08
BP_worldloop sprite_pattern_vram_0C00=07 07 05 0C 18 20 20 03 02 03 07 0F 00 01 00 01 F8 00 00 00 00 00 00 C0 40 C0 E0 F0 00 00 00 40 00 00 00 02 03 01 01 00 00 00 00 00 01 00 01 00 00 F0 D0 D8 F8 F0 80 00 80 00 00 00 00 00 00 80
BP_worldloop pc=A702 sp=F37C bank=01/02/03 flow=01 menu=00 screen=00 pack=00 slots=31 player=00 pxy=98,80
BP_worldloop entity_active=01 01 01 01 01 01 FF FF
BP_worldloop entity_sprite_asset_index=07 09 00 00 01 07 FF FF FF FF FF FF FF FF FF FF
BP_worldloop base_slots=00 04 00 06 0A 0C 12 16 1A 1C 1E 22 26 28 2E 32
BP_worldloop sat_ram=E0 08 00 06 E0 08 04 0F A0 81 70 0E E0 FF FF FF E0 FF FF FF E0 FF FF FF E0 FF FF FF E0 FF FF FF E0 FF FF FF E0 FF FF FF E0 FF FF FF E0 FF FF FF
BP_worldloop sat_vram=E0 08 00 06 E0 08 04 0F A0 81 70 0E E0 FF FF FF E0 FF FF FF E0 FF FF FF E0 FF FF FF E0 FF FF FF E0 FF FF FF E0 FF FF FF E0 FF FF FF D1 00 2C 00
BP_worldloop sprite_pattern_vram_0000=00 00 01 01 03 02 03 01 00 00 00 09 0E 07 04 0A 00 C0 B0 D0 58 DC F7 E0 40 00 E0 F8 F8 F0 08 14 00 00 00 00 00 01 00 40 60 30 19 16 11 08 00 04 00 00 00 20 A0 20 00 00 00 E0 18 04 04 08 00 08
BP_worldloop sprite_pattern_vram_0C00=07 07 05 0C 18 20 20 03 02 03 07 0F 00 01 00 01 F8 00 00 00 00 00 00 C0 40 C0 E0 F0 00 00 00 40 00 00 00 02 03 01 01 00 00 00 00 00 01 00 01 00 00 F0 D0 D8 F8 F0 80 00 80 00 00 00 00 00 00 80
BP_worldloop pc=A702 sp=F37C bank=01/02/03 flow=01 menu=00 screen=00 pack=00 slots=31 player=00 pxy=98,80
BP_worldloop entity_active=01 01 01 01 01 01 FF FF
BP_worldloop entity_sprite_asset_index=07 09 00 00 01 07 FF FF FF FF FF FF FF FF FF FF
BP_worldloop base_slots=00 04 00 06 0A 0C 12 16 1A 1C 1E 22 26 28 2E 32
BP_worldloop sat_ram=E0 08 00 06 E0 08 04 0F A0 81 70 0E E0 FF FF FF E0 FF FF FF E0 FF FF FF E0 FF FF FF E0 FF FF FF E0 FF FF FF E0 FF FF FF E0 FF FF FF E0 FF FF FF
BP_worldloop sat_vram=E0 08 00 06 E0 08 04 0F A0 81 70 0E E0 FF FF FF E0 FF FF FF E0 FF FF FF E0 FF FF FF E0 FF FF FF E0 FF FF FF E0 FF FF FF E0 FF FF FF D1 00 2C 00
BP_worldloop sprite_pattern_vram_0000=00 00 01 01 03 02 03 01 00 00 00 09 0E 07 04 0A 00 C0 B0 D0 58 DC F7 E0 40 00 E0 F8 F8 F0 08 14 00 00 00 00 00 01 00 40 60 30 19 16 11 08 00 04 00 00 00 20 A0 20 00 00 00 E0 18 04 04 08 00 08
BP_worldloop sprite_pattern_vram_0C00=07 07 05 0C 18 20 20 03 02 03 07 0F 00 01 00 01 F8 00 00 00 00 00 00 C0 40 C0 E0 F0 00 00 00 40 00 00 00 02 03 01 01 00 00 00 00 00 01 00 01 00 00 F0 D0 D8 F8 F0 80 00 80 00 00 00 00 00 00 80
BP_worldloop pc=A702 sp=F37C bank=01/02/03 flow=01 menu=00 screen=00 pack=00 slots=31 player=00 pxy=98,80
BP_worldloop entity_active=01 01 01 01 01 01 FF FF
BP_worldloop entity_sprite_asset_index=07 09 00 00 01 07 FF FF FF FF FF FF FF FF FF FF
BP_worldloop base_slots=00 04 00 06 0A 0C 12 16 1A 1C 1E 22 26 28 2E 32
BP_worldloop sat_ram=E0 08 00 06 E0 08 04 0F A0 81 70 0E E0 FF FF FF E0 FF FF FF E0 FF FF FF E0 FF FF FF E0 FF FF FF E0 FF FF FF E0 FF FF FF E0 FF FF FF E0 FF FF FF
BP_worldloop sat_vram=E0 08 00 06 E0 08 04 0F A0 81 70 0E E0 FF FF FF E0 FF FF FF E0 FF FF FF E0 FF FF FF E0 FF FF FF E0 FF FF FF E0 FF FF FF E0 FF FF FF D1 00 2C 00
BP_worldloop sprite_pattern_vram_0000=00 00 01 01 03 02 03 01 00 00 00 09 0E 07 04 0A 00 C0 B0 D0 58 DC F7 E0 40 00 E0 F8 F8 F0 08 14 00 00 00 00 00 01 00 40 60 30 19 16 11 08 00 04 00 00 00 20 A0 20 00 00 00 E0 18 04 04 08 00 08
BP_worldloop sprite_pattern_vram_0C00=07 07 05 0C 18 20 20 03 02 03 07 0F 00 01 00 01 F8 00 00 00 00 00 00 C0 40 C0 E0 F0 00 00 00 40 00 00 00 02 03 01 01 00 00 00 00 00 01 00 01 00 00 F0 D0 D8 F8 F0 80 00 80 00 00 00 00 00 00 80
BP_worldloop pc=A702 sp=F37C bank=01/02/03 flow=01 menu=00 screen=00 pack=00 slots=31 player=00 pxy=98,80
BP_worldloop entity_active=01 01 01 01 01 01 FF FF
BP_worldloop entity_sprite_asset_index=07 09 00 00 01 07 FF FF FF FF FF FF FF FF FF FF
BP_worldloop base_slots=00 04 00 06 0A 0C 12 16 1A 1C 1E 22 26 28 2E 32
BP_worldloop sat_ram=E0 08 00 06 E0 08 04 0F A0 81 70 0E E0 FF FF FF E0 FF FF FF E0 FF FF FF E0 FF FF FF E0 FF FF FF E0 FF FF FF E0 FF FF FF E0 FF FF FF E0 FF FF FF
BP_worldloop sat_vram=E0 08 00 06 E0 08 04 0F A0 81 70 0E E0 FF FF FF E0 FF FF FF E0 FF FF FF E0 FF FF FF E0 FF FF FF E0 FF FF FF E0 FF FF FF E0 FF FF FF D1 00 2C 00
BP_worldloop sprite_pattern_vram_0000=00 00 01 01 03 02 03 01 00 00 00 09 0E 07 04 0A 00 C0 B0 D0 58 DC F7 E0 40 00 E0 F8 F8 F0 08 14 00 00 00 00 00 01 00 40 60 30 19 16 11 08 00 04 00 00 00 20 A0 20 00 00 00 E0 18 04 04 08 00 08
BP_worldloop sprite_pattern_vram_0C00=07 07 05 0C 18 20 20 03 02 03 07 0F 00 01 00 01 F8 00 00 00 00 00 00 C0 40 C0 E0 F0 00 00 00 40 00 00 00 02 03 01 01 00 00 00 00 00 01 00 01 00 00 F0 D0 D8 F8 F0 80 00 80 00 00 00 00 00 00 80
BP_worldloop pc=A702 sp=F37C bank=01/02/03 flow=01 menu=00 screen=00 pack=00 slots=31 player=00 pxy=98,80
BP_worldloop entity_active=01 01 01 01 01 01 FF FF
BP_worldloop entity_sprite_asset_index=07 09 00 00 01 07 FF FF FF FF FF FF FF FF FF FF
BP_worldloop base_slots=00 04 00 06 0A 0C 12 16 1A 1C 1E 22 26 28 2E 32
BP_worldloop sat_ram=E0 08 00 06 E0 08 04 0F A0 80 70 0E E0 FF FF FF E0 FF FF FF E0 FF FF FF E0 FF FF FF E0 FF FF FF E0 FF FF FF E0 FF FF FF E0 FF FF FF E0 FF FF FF
BP_worldloop sat_vram=E0 08 00 06 E0 08 04 0F A0 80 70 0E E0 FF FF FF E0 FF FF FF E0 FF FF FF E0 FF FF FF E0 FF FF FF E0 FF FF FF E0 FF FF FF E0 FF FF FF D1 00 2C 00
BP_worldloop sprite_pattern_vram_0000=00 00 01 01 03 02 03 01 00 00 00 09 0E 07 04 0A 00 C0 B0 D0 58 DC F7 E0 40 00 E0 F8 F8 F0 08 14 00 00 00 00 00 01 00 40 60 30 19 16 11 08 00 04 00 00 00 20 A0 20 00 00 00 E0 18 04 04 08 00 08
BP_worldloop sprite_pattern_vram_0C00=07 07 05 0C 18 20 20 03 02 03 07 0F 00 01 00 01 F8 00 00 00 00 00 00 C0 40 C0 E0 F0 00 00 00 40 00 00 00 02 03 01 01 00 00 00 00 00 01 00 01 00 00 F0 D0 D8 F8 F0 80 00 80 00 00 00 00 00 00 80
BP_worldloop pc=A702 sp=F37C bank=01/02/03 flow=01 menu=00 screen=00 pack=00 slots=31 player=00 pxy=98,80
BP_worldloop entity_active=01 01 01 01 01 01 FF FF
BP_worldloop entity_sprite_asset_index=07 09 00 00 01 07 FF FF FF FF FF FF FF FF FF FF
BP_worldloop base_slots=00 04 00 06 0A 0C 12 16 1A 1C 1E 22 26 28 2E 32
BP_worldloop sat_ram=E0 08 00 06 E0 08 04 0F A0 80 70 0E E0 FF FF FF E0 FF FF FF E0 FF FF FF E0 FF FF FF E0 FF FF FF E0 FF FF FF E0 FF FF FF E0 FF FF FF E0 FF FF FF
BP_worldloop sat_vram=E0 08 00 06 E0 08 04 0F A0 80 70 0E E0 FF FF FF E0 FF FF FF E0 FF FF FF E0 FF FF FF E0 FF FF FF E0 FF FF FF E0 FF FF FF E0 FF FF FF D1 00 2C 00
BP_worldloop sprite_pattern_vram_0000=00 00 01 01 03 02 03 01 00 00 00 09 0E 07 04 0A 00 C0 B0 D0 58 DC F7 E0 40 00 E0 F8 F8 F0 08 14 00 00 00 00 00 01 00 40 60 30 19 16 11 08 00 04 00 00 00 20 A0 20 00 00 00 E0 18 04 04 08 00 08
BP_worldloop sprite_pattern_vram_0C00=07 07 05 0C 18 20 20 03 02 03 07 0F 00 01 00 01 F8 00 00 00 00 00 00 C0 40 C0 E0 F0 00 00 00 40 00 00 00 02 03 01 01 00 00 00 00 00 01 00 01 00 00 F0 D0 D8 F8 F0 80 00 80 00 00 00 00 00 00 80
BP_worldloop pc=A702 sp=F37C bank=01/02/03 flow=01 menu=00 screen=00 pack=00 slots=31 player=00 pxy=98,80
BP_worldloop entity_active=01 01 01 01 01 01 FF FF
BP_worldloop entity_sprite_asset_index=07 09 00 00 01 07 FF FF FF FF FF FF FF FF FF FF
BP_worldloop base_slots=00 04 00 06 0A 0C 12 16 1A 1C 1E 22 26 28 2E 32
BP_worldloop sat_ram=E0 08 00 06 E0 08 04 0F A0 80 70 0E E0 FF FF FF E0 FF FF FF E0 FF FF FF E0 FF FF FF E0 FF FF FF E0 FF FF FF E0 FF FF FF E0 FF FF FF E0 FF FF FF
BP_worldloop sat_vram=E0 08 00 06 E0 08 04 0F A0 80 70 0E E0 FF FF FF E0 FF FF FF E0 FF FF FF E0 FF FF FF E0 FF FF FF E0 FF FF FF E0 FF FF FF E0 FF FF FF D1 00 2C 00
BP_worldloop sprite_pattern_vram_0000=00 00 01 01 03 02 03 01 00 00 00 09 0E 07 04 0A 00 C0 B0 D0 58 DC F7 E0 40 00 E0 F8 F8 F0 08 14 00 00 00 00 00 01 00 40 60 30 19 16 11 08 00 04 00 00 00 20 A0 20 00 00 00 E0 18 04 04 08 00 08
BP_worldloop sprite_pattern_vram_0C00=07 07 05 0C 18 20 20 03 02 03 07 0F 00 01 00 01 F8 00 00 00 00 00 00 C0 40 C0 E0 F0 00 00 00 40 00 00 00 02 03 01 01 00 00 00 00 00 01 00 01 00 00 F0 D0 D8 F8 F0 80 00 80 00 00 00 00 00 00 80
BP_worldloop pc=A702 sp=F37C bank=01/02/03 flow=01 menu=00 screen=00 pack=00 slots=31 player=00 pxy=98,80
BP_worldloop entity_active=01 01 01 01 01 01 FF FF
BP_worldloop entity_sprite_asset_index=07 09 00 00 01 07 FF FF FF FF FF FF FF FF FF FF
BP_worldloop base_slots=00 04 00 06 0A 0C 12 16 1A 1C 1E 22 26 28 2E 32
BP_worldloop sat_ram=E0 08 00 06 E0 08 04 0F A0 7F 70 0E E0 FF FF FF E0 FF FF FF E0 FF FF FF E0 FF FF FF E0 FF FF FF E0 FF FF FF E0 FF FF FF E0 FF FF FF E0 FF FF FF
BP_worldloop sat_vram=E0 08 00 06 E0 08 04 0F A0 7F 70 0E E0 FF FF FF E0 FF FF FF E0 FF FF FF E0 FF FF FF E0 FF FF FF E0 FF FF FF E0 FF FF FF E0 FF FF FF D1 00 2C 00
BP_worldloop sprite_pattern_vram_0000=00 00 01 01 03 02 03 01 00 00 00 09 0E 07 04 0A 00 C0 B0 D0 58 DC F7 E0 40 00 E0 F8 F8 F0 08 14 00 00 00 00 00 01 00 40 60 30 19 16 11 08 00 04 00 00 00 20 A0 20 00 00 00 E0 18 04 04 08 00 08
BP_worldloop sprite_pattern_vram_0C00=07 07 05 0C 18 20 20 03 02 03 07 0F 00 01 00 01 F8 00 00 00 00 00 00 C0 40 C0 E0 F0 00 00 00 40 00 00 00 02 03 01 01 00 00 00 00 00 01 00 01 00 00 F0 D0 D8 F8 F0 80 00 80 00 00 00 00 00 00 80
BP_worldloop pc=A702 sp=F37C bank=01/02/03 flow=01 menu=00 screen=00 pack=00 slots=31 player=00 pxy=98,80
BP_worldloop entity_active=01 01 01 01 01 01 FF FF
BP_worldloop entity_sprite_asset_index=07 09 00 00 01 07 FF FF FF FF FF FF FF FF FF FF
BP_worldloop base_slots=00 04 00 06 0A 0C 12 16 1A 1C 1E 22 26 28 2E 32
BP_worldloop sat_ram=E0 08 00 06 E0 08 04 0F A0 7F 70 0E E0 FF FF FF E0 FF FF FF E0 FF FF FF E0 FF FF FF E0 FF FF FF E0 FF FF FF E0 FF FF FF E0 FF FF FF E0 FF FF FF
BP_worldloop sat_vram=E0 08 00 06 E0 08 04 0F A0 7F 70 0E E0 FF FF FF E0 FF FF FF E0 FF FF FF E0 FF FF FF E0 FF FF FF E0 FF FF FF E0 FF FF FF E0 FF FF FF D1 00 2C 00
BP_worldloop sprite_pattern_vram_0000=00 00 01 01 03 02 03 01 00 00 00 09 0E 07 04 0A 00 C0 B0 D0 58 DC F7 E0 40 00 E0 F8 F8 F0 08 14 00 00 00 00 00 01 00 40 60 30 19 16 11 08 00 04 00 00 00 20 A0 20 00 00 00 E0 18 04 04 08 00 08
BP_worldloop sprite_pattern_vram_0C00=07 07 05 0C 18 20 20 03 02 03 07 0F 00 01 00 01 F8 00 00 00 00 00 00 C0 40 C0 E0 F0 00 00 00 40 00 00 00 02 03 01 01 00 00 00 00 00 01 00 01 00 00 F0 D0 D8 F8 F0 80 00 80 00 00 00 00 00 00 80
BP_worldloop pc=A702 sp=F37C bank=01/02/03 flow=01 menu=00 screen=00 pack=00 slots=31 player=00 pxy=98,80
BP_worldloop entity_active=01 01 01 01 01 01 FF FF
BP_worldloop entity_sprite_asset_index=07 09 00 00 01 07 FF FF FF FF FF FF FF FF FF FF
BP_worldloop base_slots=00 04 00 06 0A 0C 12 16 1A 1C 1E 22 26 28 2E 32
BP_worldloop sat_ram=E0 08 00 06 E0 08 04 0F A0 7F 70 0E E0 FF FF FF E0 FF FF FF E0 FF FF FF E0 FF FF FF E0 FF FF FF E0 FF FF FF E0 FF FF FF E0 FF FF FF E0 FF FF FF
BP_worldloop sat_vram=E0 08 00 06 E0 08 04 0F A0 7F 70 0E E0 FF FF FF E0 FF FF FF E0 FF FF FF E0 FF FF FF E0 FF FF FF E0 FF FF FF E0 FF FF FF E0 FF FF FF D1 00 2C 00
BP_worldloop sprite_pattern_vram_0000=00 00 01 01 03 02 03 01 00 00 00 09 0E 07 04 0A 00 C0 B0 D0 58 DC F7 E0 40 00 E0 F8 F8 F0 08 14 00 00 00 00 00 01 00 40 60 30 19 16 11 08 00 04 00 00 00 20 A0 20 00 00 00 E0 18 04 04 08 00 08
BP_worldloop sprite_pattern_vram_0C00=07 07 05 0C 18 20 20 03 02 03 07 0F 00 01 00 01 F8 00 00 00 00 00 00 C0 40 C0 E0 F0 00 00 00 40 00 00 00 02 03 01 01 00 00 00 00 00 01 00 01 00 00 F0 D0 D8 F8 F0 80 00 80 00 00 00 00 00 00 80
BP_worldloop pc=A702 sp=F37C bank=01/02/03 flow=01 menu=00 screen=00 pack=00 slots=31 player=00 pxy=98,80
BP_worldloop entity_active=01 01 01 01 01 01 FF FF
BP_worldloop entity_sprite_asset_index=07 09 00 00 01 07 FF FF FF FF FF FF FF FF FF FF
BP_worldloop base_slots=00 04 00 06 0A 0C 12 16 1A 1C 1E 22 26 28 2E 32
BP_worldloop sat_ram=E0 08 00 06 E0 08 04 0F A0 7E 74 0E E0 FF FF FF E0 FF FF FF E0 FF FF FF E0 FF FF FF E0 FF FF FF E0 FF FF FF E0 FF FF FF E0 FF FF FF E0 FF FF FF
BP_worldloop sat_vram=E0 08 00 06 E0 08 04 0F A0 7E 74 0E E0 FF FF FF E0 FF FF FF E0 FF FF FF E0 FF FF FF E0 FF FF FF E0 FF FF FF E0 FF FF FF E0 FF FF FF D1 00 2C 00
BP_worldloop sprite_pattern_vram_0000=00 00 01 01 03 02 03 01 00 00 00 09 0E 07 04 0A 00 C0 B0 D0 58 DC F7 E0 40 00 E0 F8 F8 F0 08 14 00 00 00 00 00 01 00 40 60 30 19 16 11 08 00 04 00 00 00 20 A0 20 00 00 00 E0 18 04 04 08 00 08
BP_worldloop sprite_pattern_vram_0C00=07 07 05 0C 18 20 20 03 02 03 07 0F 00 01 00 01 F8 00 00 00 00 00 00 C0 40 C0 E0 F0 00 00 00 40 00 00 00 02 03 01 01 00 00 00 00 00 01 00 01 00 00 F0 D0 D8 F8 F0 80 00 80 00 00 00 00 00 00 80
BP_worldloop pc=A702 sp=F37C bank=01/02/03 flow=01 menu=00 screen=00 pack=00 slots=31 player=00 pxy=98,80
BP_worldloop entity_active=01 01 01 01 01 01 FF FF
BP_worldloop entity_sprite_asset_index=07 09 00 00 01 07 FF FF FF FF FF FF FF FF FF FF
BP_worldloop base_slots=00 04 00 06 0A 0C 12 16 1A 1C 1E 22 26 28 2E 32
BP_worldloop sat_ram=E0 08 00 06 E0 08 04 0F A0 7E 74 0E E0 FF FF FF E0 FF FF FF E0 FF FF FF E0 FF FF FF E0 FF FF FF E0 FF FF FF E0 FF FF FF E0 FF FF FF E0 FF FF FF
BP_worldloop sat_vram=E0 08 00 06 E0 08 04 0F A0 7E 74 0E E0 FF FF FF E0 FF FF FF E0 FF FF FF E0 FF FF FF E0 FF FF FF E0 FF FF FF E0 FF FF FF E0 FF FF FF D1 00 2C 00
BP_worldloop sprite_pattern_vram_0000=00 00 01 01 03 02 03 01 00 00 00 09 0E 07 04 0A 00 C0 B0 D0 58 DC F7 E0 40 00 E0 F8 F8 F0 08 14 00 00 00 00 00 01 00 40 60 30 19 16 11 08 00 04 00 00 00 20 A0 20 00 00 00 E0 18 04 04 08 00 08
BP_worldloop sprite_pattern_vram_0C00=07 07 05 0C 18 20 20 03 02 03 07 0F 00 01 00 01 F8 00 00 00 00 00 00 C0 40 C0 E0 F0 00 00 00 40 00 00 00 02 03 01 01 00 00 00 00 00 01 00 01 00 00 F0 D0 D8 F8 F0 80 00 80 00 00 00 00 00 00 80
BP_worldloop pc=A702 sp=F37C bank=01/02/03 flow=01 menu=00 screen=00 pack=00 slots=31 player=00 pxy=98,80
BP_worldloop entity_active=01 01 01 01 01 01 FF FF
BP_worldloop entity_sprite_asset_index=07 09 00 00 01 07 FF FF FF FF FF FF FF FF FF FF
BP_worldloop base_slots=00 04 00 06 0A 0C 12 16 1A 1C 1E 22 26 28 2E 32
BP_worldloop sat_ram=E0 08 00 06 E0 08 04 0F A0 7D 74 0E E0 FF FF FF E0 FF FF FF E0 FF FF FF E0 FF FF FF E0 FF FF FF E0 FF FF FF E0 FF FF FF E0 FF FF FF E0 FF FF FF
BP_worldloop sat_vram=E0 08 00 06 E0 08 04 0F A0 7D 74 0E E0 FF FF FF E0 FF FF FF E0 FF FF FF E0 FF FF FF E0 FF FF FF E0 FF FF FF E0 FF FF FF E0 FF FF FF D1 00 2C 00
BP_worldloop sprite_pattern_vram_0000=00 00 01 01 03 02 03 01 00 00 00 09 0E 07 04 0A 00 C0 B0 D0 58 DC F7 E0 40 00 E0 F8 F8 F0 08 14 00 00 00 00 00 01 00 40 60 30 19 16 11 08 00 04 00 00 00 20 A0 20 00 00 00 E0 18 04 04 08 00 08
BP_worldloop sprite_pattern_vram_0C00=07 07 05 0C 18 20 20 03 02 03 07 0F 00 01 00 01 F8 00 00 00 00 00 00 C0 40 C0 E0 F0 00 00 00 40 00 00 00 02 03 01 01 00 00 00 00 00 01 00 01 00 00 F0 D0 D8 F8 F0 80 00 80 00 00 00 00 00 00 80
BP_worldloop pc=A702 sp=F37C bank=01/02/03 flow=01 menu=00 screen=00 pack=00 slots=31 player=00 pxy=98,80
BP_worldloop entity_active=01 01 01 01 01 01 FF FF
BP_worldloop entity_sprite_asset_index=07 09 00 00 01 07 FF FF FF FF FF FF FF FF FF FF
BP_worldloop base_slots=00 04 00 06 0A 0C 12 16 1A 1C 1E 22 26 28 2E 32
BP_worldloop sat_ram=E0 08 00 06 E0 08 04 0F A0 7D 74 0E E0 FF FF FF E0 FF FF FF E0 FF FF FF E0 FF FF FF E0 FF FF FF E0 FF FF FF E0 FF FF FF E0 FF FF FF E0 FF FF FF
BP_worldloop sat_vram=E0 08 00 06 E0 08 04 0F A0 7D 74 0E E0 FF FF FF E0 FF FF FF E0 FF FF FF E0 FF FF FF E0 FF FF FF E0 FF FF FF E0 FF FF FF E0 FF FF FF D1 00 2C 00
BP_worldloop sprite_pattern_vram_0000=00 00 01 01 03 02 03 01 00 00 00 09 0E 07 04 0A 00 C0 B0 D0 58 DC F7 E0 40 00 E0 F8 F8 F0 08 14 00 00 00 00 00 01 00 40 60 30 19 16 11 08 00 04 00 00 00 20 A0 20 00 00 00 E0 18 04 04 08 00 08
BP_worldloop sprite_pattern_vram_0C00=07 07 05 0C 18 20 20 03 02 03 07 0F 00 01 00 01 F8 00 00 00 00 00 00 C0 40 C0 E0 F0 00 00 00 40 00 00 00 02 03 01 01 00 00 00 00 00 01 00 01 00 00 F0 D0 D8 F8 F0 80 00 80 00 00 00 00 00 00 80
BP_worldloop pc=A702 sp=F37C bank=01/02/03 flow=01 menu=00 screen=00 pack=00 slots=31 player=00 pxy=98,80
BP_worldloop entity_active=01 01 01 01 01 01 FF FF
BP_worldloop entity_sprite_asset_index=07 09 00 00 01 07 FF FF FF FF FF FF FF FF FF FF
BP_worldloop base_slots=00 04 00 06 0A 0C 12 16 1A 1C 1E 22 26 28 2E 32
BP_worldloop sat_ram=E0 08 00 06 E0 08 04 0F A0 7D 74 0E E0 FF FF FF E0 FF FF FF E0 FF FF FF E0 FF FF FF E0 FF FF FF E0 FF FF FF E0 FF FF FF E0 FF FF FF E0 FF FF FF
BP_worldloop sat_vram=E0 08 00 06 E0 08 04 0F A0 7D 74 0E E0 FF FF FF E0 FF FF FF E0 FF FF FF E0 FF FF FF E0 FF FF FF E0 FF FF FF E0 FF FF FF E0 FF FF FF D1 00 2C 00
BP_worldloop sprite_pattern_vram_0000=00 00 01 01 03 02 03 01 00 00 00 09 0E 07 04 0A 00 C0 B0 D0 58 DC F7 E0 40 00 E0 F8 F8 F0 08 14 00 00 00 00 00 01 00 40 60 30 19 16 11 08 00 04 00 00 00 20 A0 20 00 00 00 E0 18 04 04 08 00 08
BP_worldloop sprite_pattern_vram_0C00=07 07 05 0C 18 20 20 03 02 03 07 0F 00 01 00 01 F8 00 00 00 00 00 00 C0 40 C0 E0 F0 00 00 00 40 00 00 00 02 03 01 01 00 00 00 00 00 01 00 01 00 00 F0 D0 D8 F8 F0 80 00 80 00 00 00 00 00 00 80
BP_worldloop pc=A702 sp=F37C bank=01/02/03 flow=01 menu=00 screen=00 pack=00 slots=31 player=00 pxy=98,80
BP_worldloop entity_active=01 01 01 01 01 01 FF FF
BP_worldloop entity_sprite_asset_index=07 09 00 00 01 07 FF FF FF FF FF FF FF FF FF FF
BP_worldloop base_slots=00 04 00 06 0A 0C 12 16 1A 1C 1E 22 26 28 2E 32
BP_worldloop sat_ram=E0 08 00 06 E0 08 04 0F A0 7C 74 0E E0 FF FF FF E0 FF FF FF E0 FF FF FF E0 FF FF FF E0 FF FF FF E0 FF FF FF E0 FF FF FF E0 FF FF FF E0 FF FF FF
BP_worldloop sat_vram=E0 08 00 06 E0 08 04 0F A0 7C 74 0E E0 FF FF FF E0 FF FF FF E0 FF FF FF E0 FF FF FF E0 FF FF FF E0 FF FF FF E0 FF FF FF E0 FF FF FF D1 00 2C 00
BP_worldloop sprite_pattern_vram_0000=00 00 01 01 03 02 03 01 00 00 00 09 0E 07 04 0A 00 C0 B0 D0 58 DC F7 E0 40 00 E0 F8 F8 F0 08 14 00 00 00 00 00 01 00 40 60 30 19 16 11 08 00 04 00 00 00 20 A0 20 00 00 00 E0 18 04 04 08 00 08
BP_worldloop sprite_pattern_vram_0C00=07 07 05 0C 18 20 20 03 02 03 07 0F 00 01 00 01 F8 00 00 00 00 00 00 C0 40 C0 E0 F0 00 00 00 40 00 00 00 02 03 01 01 00 00 00 00 00 01 00 01 00 00 F0 D0 D8 F8 F0 80 00 80 00 00 00 00 00 00 80
BP_worldloop pc=A702 sp=F37C bank=01/02/03 flow=01 menu=00 screen=00 pack=00 slots=31 player=00 pxy=98,80
BP_worldloop entity_active=01 01 01 01 01 01 FF FF
BP_worldloop entity_sprite_asset_index=07 09 00 00 01 07 FF FF FF FF FF FF FF FF FF FF
BP_worldloop base_slots=00 04 00 06 0A 0C 12 16 1A 1C 1E 22 26 28 2E 32
BP_worldloop sat_ram=E0 08 00 06 E0 08 04 0F A0 7C 74 0E E0 FF FF FF E0 FF FF FF E0 FF FF FF E0 FF FF FF E0 FF FF FF E0 FF FF FF E0 FF FF FF E0 FF FF FF E0 FF FF FF
BP_worldloop sat_vram=E0 08 00 06 E0 08 04 0F A0 7C 74 0E E0 FF FF FF E0 FF FF FF E0 FF FF FF E0 FF FF FF E0 FF FF FF E0 FF FF FF E0 FF FF FF E0 FF FF FF D1 00 2C 00
BP_worldloop sprite_pattern_vram_0000=00 00 01 01 03 02 03 01 00 00 00 09 0E 07 04 0A 00 C0 B0 D0 58 DC F7 E0 40 00 E0 F8 F8 F0 08 14 00 00 00 00 00 01 00 40 60 30 19 16 11 08 00 04 00 00 00 20 A0 20 00 00 00 E0 18 04 04 08 00 08
BP_worldloop sprite_pattern_vram_0C00=07 07 05 0C 18 20 20 03 02 03 07 0F 00 01 00 01 F8 00 00 00 00 00 00 C0 40 C0 E0 F0 00 00 00 40 00 00 00 02 03 01 01 00 00 00 00 00 01 00 01 00 00 F0 D0 D8 F8 F0 80 00 80 00 00 00 00 00 00 80
BP_worldloop pc=A702 sp=F37C bank=01/02/03 flow=01 menu=00 screen=00 pack=00 slots=31 player=00 pxy=98,80
BP_worldloop entity_active=01 01 01 01 01 01 FF FF
BP_worldloop entity_sprite_asset_index=07 09 00 00 01 07 FF FF FF FF FF FF FF FF FF FF
BP_worldloop base_slots=00 04 00 06 0A 0C 12 16 1A 1C 1E 22 26 28 2E 32
BP_worldloop sat_ram=E0 08 00 06 E0 08 04 0F A0 7C 74 0E E0 FF FF FF E0 FF FF FF E0 FF FF FF E0 FF FF FF E0 FF FF FF E0 FF FF FF E0 FF FF FF E0 FF FF FF E0 FF FF FF
BP_worldloop sat_vram=E0 08 00 06 E0 08 04 0F A0 7C 74 0E E0 FF FF FF E0 FF FF FF E0 FF FF FF E0 FF FF FF E0 FF FF FF E0 FF FF FF E0 FF FF FF E0 FF FF FF D1 00 2C 00
BP_worldloop sprite_pattern_vram_0000=00 00 01 01 03 02 03 01 00 00 00 09 0E 07 04 0A 00 C0 B0 D0 58 DC F7 E0 40 00 E0 F8 F8 F0 08 14 00 00 00 00 00 01 00 40 60 30 19 16 11 08 00 04 00 00 00 20 A0 20 00 00 00 E0 18 04 04 08 00 08
BP_worldloop sprite_pattern_vram_0C00=07 07 05 0C 18 20 20 03 02 03 07 0F 00 01 00 01 F8 00 00 00 00 00 00 C0 40 C0 E0 F0 00 00 00 40 00 00 00 02 03 01 01 00 00 00 00 00 01 00 01 00 00 F0 D0 D8 F8 F0 80 00 80 00 00 00 00 00 00 80
BP_worldloop pc=A702 sp=F37C bank=01/02/03 flow=01 menu=00 screen=00 pack=00 slots=31 player=00 pxy=98,80
BP_worldloop entity_active=01 01 01 01 01 01 FF FF
BP_worldloop entity_sprite_asset_index=07 09 00 00 01 07 FF FF FF FF FF FF FF FF FF FF
BP_worldloop base_slots=00 04 00 06 0A 0C 12 16 1A 1C 1E 22 26 28 2E 32
BP_worldloop sat_ram=E0 08 00 06 E0 08 04 0F A0 7B 74 0E E0 FF FF FF E0 FF FF FF E0 FF FF FF E0 FF FF FF E0 FF FF FF E0 FF FF FF E0 FF FF FF E0 FF FF FF E0 FF FF FF
BP_worldloop sat_vram=E0 08 00 06 E0 08 04 0F A0 7B 74 0E E0 FF FF FF E0 FF FF FF E0 FF FF FF E0 FF FF FF E0 FF FF FF E0 FF FF FF E0 FF FF FF E0 FF FF FF D1 00 2C 00
BP_worldloop sprite_pattern_vram_0000=00 00 01 01 03 02 03 01 00 00 00 09 0E 07 04 0A 00 C0 B0 D0 58 DC F7 E0 40 00 E0 F8 F8 F0 08 14 00 00 00 00 00 01 00 40 60 30 19 16 11 08 00 04 00 00 00 20 A0 20 00 00 00 E0 18 04 04 08 00 08
BP_worldloop sprite_pattern_vram_0C00=07 07 05 0C 18 20 20 03 02 03 07 0F 00 01 00 01 F8 00 00 00 00 00 00 C0 40 C0 E0 F0 00 00 00 40 00 00 00 02 03 01 01 00 00 00 00 00 01 00 01 00 00 F0 D0 D8 F8 F0 80 00 80 00 00 00 00 00 00 80
BP_worldloop pc=A702 sp=F37C bank=01/02/03 flow=01 menu=00 screen=00 pack=00 slots=31 player=00 pxy=98,80
BP_worldloop entity_active=01 01 01 01 01 01 FF FF
BP_worldloop entity_sprite_asset_index=07 09 00 00 01 07 FF FF FF FF FF FF FF FF FF FF
BP_worldloop base_slots=00 04 00 06 0A 0C 12 16 1A 1C 1E 22 26 28 2E 32
BP_worldloop sat_ram=E0 08 00 06 E0 08 04 0F A0 7B 74 0E E0 FF FF FF E0 FF FF FF E0 FF FF FF E0 FF FF FF E0 FF FF FF E0 FF FF FF E0 FF FF FF E0 FF FF FF E0 FF FF FF
BP_worldloop sat_vram=E0 08 00 06 E0 08 04 0F A0 7B 74 0E E0 FF FF FF E0 FF FF FF E0 FF FF FF E0 FF FF FF E0 FF FF FF E0 FF FF FF E0 FF FF FF E0 FF FF FF D1 00 2C 00
BP_worldloop sprite_pattern_vram_0000=00 00 01 01 03 02 03 01 00 00 00 09 0E 07 04 0A 00 C0 B0 D0 58 DC F7 E0 40 00 E0 F8 F8 F0 08 14 00 00 00 00 00 01 00 40 60 30 19 16 11 08 00 04 00 00 00 20 A0 20 00 00 00 E0 18 04 04 08 00 08
BP_worldloop sprite_pattern_vram_0C00=07 07 05 0C 18 20 20 03 02 03 07 0F 00 01 00 01 F8 00 00 00 00 00 00 C0 40 C0 E0 F0 00 00 00 40 00 00 00 02 03 01 01 00 00 00 00 00 01 00 01 00 00 F0 D0 D8 F8 F0 80 00 80 00 00 00 00 00 00 80
BP_worldloop pc=A702 sp=F37C bank=01/02/03 flow=01 menu=00 screen=00 pack=00 slots=31 player=00 pxy=98,80
BP_worldloop entity_active=01 01 01 01 01 01 FF FF
BP_worldloop entity_sprite_asset_index=07 09 00 00 01 07 FF FF FF FF FF FF FF FF FF FF
BP_worldloop base_slots=00 04 00 06 0A 0C 12 16 1A 1C 1E 22 26 28 2E 32
BP_worldloop sat_ram=E0 08 00 06 E0 08 04 0F A0 7A 74 0E E0 FF FF FF E0 FF FF FF E0 FF FF FF E0 FF FF FF E0 FF FF FF E0 FF FF FF E0 FF FF FF E0 FF FF FF E0 FF FF FF
BP_worldloop sat_vram=E0 08 00 06 E0 08 04 0F A0 7A 74 0E E0 FF FF FF E0 FF FF FF E0 FF FF FF E0 FF FF FF E0 FF FF FF E0 FF FF FF E0 FF FF FF E0 FF FF FF D1 00 2C 00
BP_worldloop sprite_pattern_vram_0000=00 00 01 01 03 02 03 01 00 00 00 09 0E 07 04 0A 00 C0 B0 D0 58 DC F7 E0 40 00 E0 F8 F8 F0 08 14 00 00 00 00 00 01 00 40 60 30 19 16 11 08 00 04 00 00 00 20 A0 20 00 00 00 E0 18 04 04 08 00 08
BP_worldloop sprite_pattern_vram_0C00=07 07 05 0C 18 20 20 03 02 03 07 0F 00 01 00 01 F8 00 00 00 00 00 00 C0 40 C0 E0 F0 00 00 00 40 00 00 00 02 03 01 01 00 00 00 00 00 01 00 01 00 00 F0 D0 D8 F8 F0 80 00 80 00 00 00 00 00 00 80
BP_worldloop pc=A702 sp=F37C bank=01/02/03 flow=01 menu=00 screen=00 pack=00 slots=31 player=00 pxy=98,80
BP_worldloop entity_active=01 01 01 01 01 01 FF FF
BP_worldloop entity_sprite_asset_index=07 09 00 00 01 07 FF FF FF FF FF FF FF FF FF FF
BP_worldloop base_slots=00 04 00 06 0A 0C 12 16 1A 1C 1E 22 26 28 2E 32
BP_worldloop sat_ram=E0 08 00 06 E0 08 04 0F A0 7A 74 0E E0 FF FF FF E0 FF FF FF E0 FF FF FF E0 FF FF FF E0 FF FF FF E0 FF FF FF E0 FF FF FF E0 FF FF FF E0 FF FF FF
BP_worldloop sat_vram=E0 08 00 06 E0 08 04 0F A0 7A 74 0E E0 FF FF FF E0 FF FF FF E0 FF FF FF E0 FF FF FF E0 FF FF FF E0 FF FF FF E0 FF FF FF E0 FF FF FF D1 00 2C 00
BP_worldloop sprite_pattern_vram_0000=00 00 01 01 03 02 03 01 00 00 00 09 0E 07 04 0A 00 C0 B0 D0 58 DC F7 E0 40 00 E0 F8 F8 F0 08 14 00 00 00 00 00 01 00 40 60 30 19 16 11 08 00 04 00 00 00 20 A0 20 00 00 00 E0 18 04 04 08 00 08
BP_worldloop sprite_pattern_vram_0C00=07 07 05 0C 18 20 20 03 02 03 07 0F 00 01 00 01 F8 00 00 00 00 00 00 C0 40 C0 E0 F0 00 00 00 40 00 00 00 02 03 01 01 00 00 00 00 00 01 00 01 00 00 F0 D0 D8 F8 F0 80 00 80 00 00 00 00 00 00 80
BP_worldloop pc=A702 sp=F37C bank=01/02/03 flow=01 menu=00 screen=00 pack=00 slots=31 player=00 pxy=98,80
BP_worldloop entity_active=01 01 01 01 01 01 FF FF
BP_worldloop entity_sprite_asset_index=07 09 00 00 01 07 FF FF FF FF FF FF FF FF FF FF
BP_worldloop base_slots=00 04 00 06 0A 0C 12 16 1A 1C 1E 22 26 28 2E 32
BP_worldloop sat_ram=E0 08 00 06 E0 08 04 0F A0 7A 74 0E E0 FF FF FF E0 FF FF FF E0 FF FF FF E0 FF FF FF E0 FF FF FF E0 FF FF FF E0 FF FF FF E0 FF FF FF E0 FF FF FF
BP_worldloop sat_vram=E0 08 00 06 E0 08 04 0F A0 7A 74 0E E0 FF FF FF E0 FF FF FF E0 FF FF FF E0 FF FF FF E0 FF FF FF E0 FF FF FF E0 FF FF FF E0 FF FF FF D1 00 2C 00
BP_worldloop sprite_pattern_vram_0000=00 00 01 01 03 02 03 01 00 00 00 09 0E 07 04 0A 00 C0 B0 D0 58 DC F7 E0 40 00 E0 F8 F8 F0 08 14 00 00 00 00 00 01 00 40 60 30 19 16 11 08 00 04 00 00 00 20 A0 20 00 00 00 E0 18 04 04 08 00 08
BP_worldloop sprite_pattern_vram_0C00=07 07 05 0C 18 20 20 03 02 03 07 0F 00 01 00 01 F8 00 00 00 00 00 00 C0 40 C0 E0 F0 00 00 00 40 00 00 00 02 03 01 01 00 00 00 00 00 01 00 01 00 00 F0 D0 D8 F8 F0 80 00 80 00 00 00 00 00 00 80
BP_worldloop pc=A702 sp=F37C bank=01/02/03 flow=01 menu=00 screen=00 pack=00 slots=31 player=00 pxy=98,80
BP_worldloop entity_active=01 01 01 01 01 01 FF FF
BP_worldloop entity_sprite_asset_index=07 09 00 00 01 07 FF FF FF FF FF FF FF FF FF FF
BP_worldloop base_slots=00 04 00 06 0A 0C 12 16 1A 1C 1E 22 26 28 2E 32
BP_worldloop sat_ram=E0 08 00 06 E0 08 04 0F A0 79 74 0E E0 FF FF FF E0 FF FF FF E0 FF FF FF E0 FF FF FF E0 FF FF FF E0 FF FF FF E0 FF FF FF E0 FF FF FF E0 FF FF FF
BP_worldloop sat_vram=E0 08 00 06 E0 08 04 0F A0 79 74 0E E0 FF FF FF E0 FF FF FF E0 FF FF FF E0 FF FF FF E0 FF FF FF E0 FF FF FF E0 FF FF FF E0 FF FF FF D1 00 2C 00
BP_worldloop sprite_pattern_vram_0000=00 00 01 01 03 02 03 01 00 00 00 09 0E 07 04 0A 00 C0 B0 D0 58 DC F7 E0 40 00 E0 F8 F8 F0 08 14 00 00 00 00 00 01 00 40 60 30 19 16 11 08 00 04 00 00 00 20 A0 20 00 00 00 E0 18 04 04 08 00 08
BP_worldloop sprite_pattern_vram_0C00=07 07 05 0C 18 20 20 03 02 03 07 0F 00 01 00 01 F8 00 00 00 00 00 00 C0 40 C0 E0 F0 00 00 00 40 00 00 00 02 03 01 01 00 00 00 00 00 01 00 01 00 00 F0 D0 D8 F8 F0 80 00 80 00 00 00 00 00 00 80
BP_worldloop pc=A702 sp=F37C bank=01/02/03 flow=01 menu=00 screen=00 pack=00 slots=31 player=00 pxy=98,80
BP_worldloop entity_active=01 01 01 01 01 01 FF FF
BP_worldloop entity_sprite_asset_index=07 09 00 00 01 07 FF FF FF FF FF FF FF FF FF FF
BP_worldloop base_slots=00 04 00 06 0A 0C 12 16 1A 1C 1E 22 26 28 2E 32
BP_worldloop sat_ram=E0 08 00 06 E0 08 04 0F A0 79 74 0E E0 FF FF FF E0 FF FF FF E0 FF FF FF E0 FF FF FF E0 FF FF FF E0 FF FF FF E0 FF FF FF E0 FF FF FF E0 FF FF FF
BP_worldloop sat_vram=E0 08 00 06 E0 08 04 0F A0 79 74 0E E0 FF FF FF E0 FF FF FF E0 FF FF FF E0 FF FF FF E0 FF FF FF E0 FF FF FF E0 FF FF FF E0 FF FF FF D1 00 2C 00
BP_worldloop sprite_pattern_vram_0000=00 00 01 01 03 02 03 01 00 00 00 09 0E 07 04 0A 00 C0 B0 D0 58 DC F7 E0 40 00 E0 F8 F8 F0 08 14 00 00 00 00 00 01 00 40 60 30 19 16 11 08 00 04 00 00 00 20 A0 20 00 00 00 E0 18 04 04 08 00 08
BP_worldloop sprite_pattern_vram_0C00=07 07 05 0C 18 20 20 03 02 03 07 0F 00 01 00 01 F8 00 00 00 00 00 00 C0 40 C0 E0 F0 00 00 00 40 00 00 00 02 03 01 01 00 00 00 00 00 01 00 01 00 00 F0 D0 D8 F8 F0 80 00 80 00 00 00 00 00 00 80
BP_worldloop pc=A702 sp=F37C bank=01/02/03 flow=01 menu=00 screen=00 pack=00 slots=31 player=00 pxy=98,80
BP_worldloop entity_active=01 01 01 01 01 01 FF FF
BP_worldloop entity_sprite_asset_index=07 09 00 00 01 07 FF FF FF FF FF FF FF FF FF FF
BP_worldloop base_slots=00 04 00 06 0A 0C 12 16 1A 1C 1E 22 26 28 2E 32
BP_worldloop sat_ram=E0 08 00 06 E0 08 04 0F A0 79 74 0E E0 FF FF FF E0 FF FF FF E0 FF FF FF E0 FF FF FF E0 FF FF FF E0 FF FF FF E0 FF FF FF E0 FF FF FF E0 FF FF FF
BP_worldloop sat_vram=E0 08 00 06 E0 08 04 0F A0 79 74 0E E0 FF FF FF E0 FF FF FF E0 FF FF FF E0 FF FF FF E0 FF FF FF E0 FF FF FF E0 FF FF FF E0 FF FF FF D1 00 2C 00
BP_worldloop sprite_pattern_vram_0000=00 00 01 01 03 02 03 01 00 00 00 09 0E 07 04 0A 00 C0 B0 D0 58 DC F7 E0 40 00 E0 F8 F8 F0 08 14 00 00 00 00 00 01 00 40 60 30 19 16 11 08 00 04 00 00 00 20 A0 20 00 00 00 E0 18 04 04 08 00 08
BP_worldloop sprite_pattern_vram_0C00=07 07 05 0C 18 20 20 03 02 03 07 0F 00 01 00 01 F8 00 00 00 00 00 00 C0 40 C0 E0 F0 00 00 00 40 00 00 00 02 03 01 01 00 00 00 00 00 01 00 01 00 00 F0 D0 D8 F8 F0 80 00 80 00 00 00 00 00 00 80
BP_worldloop pc=A702 sp=F37C bank=01/02/03 flow=01 menu=00 screen=00 pack=00 slots=31 player=00 pxy=98,80
BP_worldloop entity_active=01 01 01 01 01 01 FF FF
BP_worldloop entity_sprite_asset_index=07 09 00 00 01 07 FF FF FF FF FF FF FF FF FF FF
BP_worldloop base_slots=00 04 00 06 0A 0C 12 16 1A 1C 1E 22 26 28 2E 32
BP_worldloop sat_ram=E0 08 00 06 E0 08 04 0F A0 78 70 0E E0 FF FF FF E0 FF FF FF E0 FF FF FF E0 FF FF FF E0 FF FF FF E0 FF FF FF E0 FF FF FF E0 FF FF FF E0 FF FF FF
BP_worldloop sat_vram=E0 08 00 06 E0 08 04 0F A0 78 70 0E E0 FF FF FF E0 FF FF FF E0 FF FF FF E0 FF FF FF E0 FF FF FF E0 FF FF FF E0 FF FF FF E0 FF FF FF D1 00 2C 00
BP_worldloop sprite_pattern_vram_0000=00 00 01 01 03 02 03 01 00 00 00 09 0E 07 04 0A 00 C0 B0 D0 58 DC F7 E0 40 00 E0 F8 F8 F0 08 14 00 00 00 00 00 01 00 40 60 30 19 16 11 08 00 04 00 00 00 20 A0 20 00 00 00 E0 18 04 04 08 00 08
BP_worldloop sprite_pattern_vram_0C00=07 07 05 0C 18 20 20 03 02 03 07 0F 00 01 00 01 F8 00 00 00 00 00 00 C0 40 C0 E0 F0 00 00 00 40 00 00 00 02 03 01 01 00 00 00 00 00 01 00 01 00 00 F0 D0 D8 F8 F0 80 00 80 00 00 00 00 00 00 80
BP_worldloop pc=A702 sp=F37C bank=01/02/03 flow=01 menu=00 screen=00 pack=00 slots=31 player=00 pxy=98,80
BP_worldloop entity_active=01 01 01 01 01 01 FF FF
BP_worldloop entity_sprite_asset_index=07 09 00 00 01 07 FF FF FF FF FF FF FF FF FF FF
BP_worldloop base_slots=00 04 00 06 0A 0C 12 16 1A 1C 1E 22 26 28 2E 32
BP_worldloop sat_ram=E0 08 00 06 E0 08 04 0F A0 78 70 0E E0 FF FF FF E0 FF FF FF E0 FF FF FF E0 FF FF FF E0 FF FF FF E0 FF FF FF E0 FF FF FF E0 FF FF FF E0 FF FF FF
BP_worldloop sat_vram=E0 08 00 06 E0 08 04 0F A0 78 70 0E E0 FF FF FF E0 FF FF FF E0 FF FF FF E0 FF FF FF E0 FF FF FF E0 FF FF FF E0 FF FF FF E0 FF FF FF D1 00 2C 00
BP_worldloop sprite_pattern_vram_0000=00 00 01 01 03 02 03 01 00 00 00 09 0E 07 04 0A 00 C0 B0 D0 58 DC F7 E0 40 00 E0 F8 F8 F0 08 14 00 00 00 00 00 01 00 40 60 30 19 16 11 08 00 04 00 00 00 20 A0 20 00 00 00 E0 18 04 04 08 00 08
BP_worldloop sprite_pattern_vram_0C00=07 07 05 0C 18 20 20 03 02 03 07 0F 00 01 00 01 F8 00 00 00 00 00 00 C0 40 C0 E0 F0 00 00 00 40 00 00 00 02 03 01 01 00 00 00 00 00 01 00 01 00 00 F0 D0 D8 F8 F0 80 00 80 00 00 00 00 00 00 80
BP_worldloop pc=A702 sp=F37C bank=01/02/03 flow=01 menu=00 screen=00 pack=00 slots=31 player=00 pxy=98,80
BP_worldloop entity_active=01 01 01 01 01 01 FF FF
BP_worldloop entity_sprite_asset_index=07 09 00 00 01 07 FF FF FF FF FF FF FF FF FF FF
BP_worldloop base_slots=00 04 00 06 0A 0C 12 16 1A 1C 1E 22 26 28 2E 32
BP_worldloop sat_ram=E0 08 00 06 E0 08 04 0F A0 78 70 0E E0 FF FF FF E0 FF FF FF E0 FF FF FF E0 FF FF FF E0 FF FF FF E0 FF FF FF E0 FF FF FF E0 FF FF FF E0 FF FF FF
BP_worldloop sat_vram=E0 08 00 06 E0 08 04 0F A0 78 70 0E E0 FF FF FF E0 FF FF FF E0 FF FF FF E0 FF FF FF E0 FF FF FF E0 FF FF FF E0 FF FF FF E0 FF FF FF D1 00 2C 00
BP_worldloop sprite_pattern_vram_0000=00 00 01 01 03 02 03 01 00 00 00 09 0E 07 04 0A 00 C0 B0 D0 58 DC F7 E0 40 00 E0 F8 F8 F0 08 14 00 00 00 00 00 01 00 40 60 30 19 16 11 08 00 04 00 00 00 20 A0 20 00 00 00 E0 18 04 04 08 00 08
BP_worldloop sprite_pattern_vram_0C00=07 07 05 0C 18 20 20 03 02 03 07 0F 00 01 00 01 F8 00 00 00 00 00 00 C0 40 C0 E0 F0 00 00 00 40 00 00 00 02 03 01 01 00 00 00 00 00 01 00 01 00 00 F0 D0 D8 F8 F0 80 00 80 00 00 00 00 00 00 80
BP_worldloop pc=A702 sp=F37C bank=01/02/03 flow=01 menu=00 screen=00 pack=00 slots=31 player=00 pxy=98,80
BP_worldloop entity_active=01 01 01 01 01 01 FF FF
BP_worldloop entity_sprite_asset_index=07 09 00 00 01 07 FF FF FF FF FF FF FF FF FF FF
BP_worldloop base_slots=00 04 00 06 0A 0C 12 16 1A 1C 1E 22 26 28 2E 32
BP_worldloop sat_ram=E0 08 00 06 E0 08 04 0F A0 78 70 0E E0 FF FF FF E0 FF FF FF E0 FF FF FF E0 FF FF FF E0 FF FF FF E0 FF FF FF E0 FF FF FF E0 FF FF FF E0 FF FF FF
BP_worldloop sat_vram=E0 08 00 06 E0 08 04 0F A0 78 70 0E E0 FF FF FF E0 FF FF FF E0 FF FF FF E0 FF FF FF E0 FF FF FF E0 FF FF FF E0 FF FF FF E0 FF FF FF D1 00 2C 00
BP_worldloop sprite_pattern_vram_0000=00 00 01 01 03 02 03 01 00 00 00 09 0E 07 04 0A 00 C0 B0 D0 58 DC F7 E0 40 00 E0 F8 F8 F0 08 14 00 00 00 00 00 01 00 40 60 30 19 16 11 08 00 04 00 00 00 20 A0 20 00 00 00 E0 18 04 04 08 00 08
BP_worldloop sprite_pattern_vram_0C00=07 07 05 0C 18 20 20 03 02 03 07 0F 00 01 00 01 F8 00 00 00 00 00 00 C0 40 C0 E0 F0 00 00 00 40 00 00 00 02 03 01 01 00 00 00 00 00 01 00 01 00 00 F0 D0 D8 F8 F0 80 00 80 00 00 00 00 00 00 80
BP_worldloop pc=A702 sp=F37C bank=01/02/03 flow=01 menu=00 screen=00 pack=00 slots=31 player=00 pxy=98,80
BP_worldloop entity_active=01 01 01 01 01 01 FF FF
BP_worldloop entity_sprite_asset_index=07 09 00 00 01 07 FF FF FF FF FF FF FF FF FF FF
BP_worldloop base_slots=00 04 00 06 0A 0C 12 16 1A 1C 1E 22 26 28 2E 32
BP_worldloop sat_ram=E0 08 00 06 E0 08 04 0F A0 78 70 0E E0 FF FF FF E0 FF FF FF E0 FF FF FF E0 FF FF FF E0 FF FF FF E0 FF FF FF E0 FF FF FF E0 FF FF FF E0 FF FF FF
BP_worldloop sat_vram=E0 08 00 06 E0 08 04 0F A0 78 70 0E E0 FF FF FF E0 FF FF FF E0 FF FF FF E0 FF FF FF E0 FF FF FF E0 FF FF FF E0 FF FF FF E0 FF FF FF D1 00 2C 00
BP_worldloop sprite_pattern_vram_0000=00 00 01 01 03 02 03 01 00 00 00 09 0E 07 04 0A 00 C0 B0 D0 58 DC F7 E0 40 00 E0 F8 F8 F0 08 14 00 00 00 00 00 01 00 40 60 30 19 16 11 08 00 04 00 00 00 20 A0 20 00 00 00 E0 18 04 04 08 00 08
BP_worldloop sprite_pattern_vram_0C00=07 07 05 0C 18 20 20 03 02 03 07 0F 00 01 00 01 F8 00 00 00 00 00 00 C0 40 C0 E0 F0 00 00 00 40 00 00 00 02 03 01 01 00 00 00 00 00 01 00 01 00 00 F0 D0 D8 F8 F0 80 00 80 00 00 00 00 00 00 80
BP_worldloop pc=A702 sp=F37C bank=01/02/03 flow=01 menu=00 screen=00 pack=00 slots=31 player=00 pxy=98,80
BP_worldloop entity_active=01 01 01 01 01 01 FF FF
BP_worldloop entity_sprite_asset_index=07 09 00 00 01 07 FF FF FF FF FF FF FF FF FF FF
BP_worldloop base_slots=00 04 00 06 0A 0C 12 16 1A 1C 1E 22 26 28 2E 32
BP_worldloop sat_ram=E0 08 00 06 E0 08 04 0F A0 77 70 0E E0 FF FF FF E0 FF FF FF E0 FF FF FF E0 FF FF FF E0 FF FF FF E0 FF FF FF E0 FF FF FF E0 FF FF FF E0 FF FF FF
BP_worldloop sat_vram=E0 08 00 06 E0 08 04 0F A0 77 70 0E E0 FF FF FF E0 FF FF FF E0 FF FF FF E0 FF FF FF E0 FF FF FF E0 FF FF FF E0 FF FF FF E0 FF FF FF D1 00 2C 00
BP_worldloop sprite_pattern_vram_0000=00 00 01 01 03 02 03 01 00 00 00 09 0E 07 04 0A 00 C0 B0 D0 58 DC F7 E0 40 00 E0 F8 F8 F0 08 14 00 00 00 00 00 01 00 40 60 30 19 16 11 08 00 04 00 00 00 20 A0 20 00 00 00 E0 18 04 04 08 00 08
BP_worldloop sprite_pattern_vram_0C00=07 07 05 0C 18 20 20 03 02 03 07 0F 00 01 00 01 F8 00 00 00 00 00 00 C0 40 C0 E0 F0 00 00 00 40 00 00 00 02 03 01 01 00 00 00 00 00 01 00 01 00 00 F0 D0 D8 F8 F0 80 00 80 00 00 00 00 00 00 80
BP_worldloop pc=A702 sp=F37C bank=01/02/03 flow=01 menu=00 screen=00 pack=00 slots=31 player=00 pxy=98,80
BP_worldloop entity_active=01 01 01 01 01 01 FF FF
BP_worldloop entity_sprite_asset_index=07 09 00 00 01 07 FF FF FF FF FF FF FF FF FF FF
BP_worldloop base_slots=00 04 00 06 0A 0C 12 16 1A 1C 1E 22 26 28 2E 32
BP_worldloop sat_ram=E0 08 00 06 E0 08 04 0F A0 77 70 0E E0 FF FF FF E0 FF FF FF E0 FF FF FF E0 FF FF FF E0 FF FF FF E0 FF FF FF E0 FF FF FF E0 FF FF FF E0 FF FF FF
BP_worldloop sat_vram=E0 08 00 06 E0 08 04 0F A0 77 70 0E E0 FF FF FF E0 FF FF FF E0 FF FF FF E0 FF FF FF E0 FF FF FF E0 FF FF FF E0 FF FF FF E0 FF FF FF D1 00 2C 00
BP_worldloop sprite_pattern_vram_0000=00 00 01 01 03 02 03 01 00 00 00 09 0E 07 04 0A 00 C0 B0 D0 58 DC F7 E0 40 00 E0 F8 F8 F0 08 14 00 00 00 00 00 01 00 40 60 30 19 16 11 08 00 04 00 00 00 20 A0 20 00 00 00 E0 18 04 04 08 00 08
BP_worldloop sprite_pattern_vram_0C00=07 07 05 0C 18 20 20 03 02 03 07 0F 00 01 00 01 F8 00 00 00 00 00 00 C0 40 C0 E0 F0 00 00 00 40 00 00 00 02 03 01 01 00 00 00 00 00 01 00 01 00 00 F0 D0 D8 F8 F0 80 00 80 00 00 00 00 00 00 80
BP_worldloop pc=A702 sp=F37C bank=01/02/03 flow=01 menu=00 screen=00 pack=00 slots=31 player=00 pxy=98,80
BP_worldloop entity_active=01 01 01 01 01 01 FF FF
BP_worldloop entity_sprite_asset_index=07 09 00 00 01 07 FF FF FF FF FF FF FF FF FF FF
BP_worldloop base_slots=00 04 00 06 0A 0C 12 16 1A 1C 1E 22 26 28 2E 32
BP_worldloop sat_ram=E0 08 00 06 E0 08 04 0F A0 77 70 0E E0 FF FF FF E0 FF FF FF E0 FF FF FF E0 FF FF FF E0 FF FF FF E0 FF FF FF E0 FF FF FF E0 FF FF FF E0 FF FF FF
BP_worldloop sat_vram=E0 08 00 06 E0 08 04 0F A0 77 70 0E E0 FF FF FF E0 FF FF FF E0 FF FF FF E0 FF FF FF E0 FF FF FF E0 FF FF FF E0 FF FF FF E0 FF FF FF D1 00 2C 00
BP_worldloop sprite_pattern_vram_0000=00 00 01 01 03 02 03 01 00 00 00 09 0E 07 04 0A 00 C0 B0 D0 58 DC F7 E0 40 00 E0 F8 F8 F0 08 14 00 00 00 00 00 01 00 40 60 30 19 16 11 08 00 04 00 00 00 20 A0 20 00 00 00 E0 18 04 04 08 00 08
BP_worldloop sprite_pattern_vram_0C00=07 07 05 0C 18 20 20 03 02 03 07 0F 00 01 00 01 F8 00 00 00 00 00 00 C0 40 C0 E0 F0 00 00 00 40 00 00 00 02 03 01 01 00 00 00 00 00 01 00 01 00 00 F0 D0 D8 F8 F0 80 00 80 00 00 00 00 00 00 80
BP_worldloop pc=A702 sp=F37C bank=01/02/03 flow=01 menu=00 screen=00 pack=00 slots=31 player=00 pxy=98,80
BP_worldloop entity_active=01 01 01 01 01 01 FF FF
BP_worldloop entity_sprite_asset_index=07 09 00 00 01 07 FF FF FF FF FF FF FF FF FF FF
BP_worldloop base_slots=00 04 00 06 0A 0C 12 16 1A 1C 1E 22 26 28 2E 32
BP_worldloop sat_ram=E0 08 00 06 E0 08 04 0F A0 76 70 0E E0 FF FF FF E0 FF FF FF E0 FF FF FF E0 FF FF FF E0 FF FF FF E0 FF FF FF E0 FF FF FF E0 FF FF FF E0 FF FF FF
BP_worldloop sat_vram=E0 08 00 06 E0 08 04 0F A0 76 70 0E E0 FF FF FF E0 FF FF FF E0 FF FF FF E0 FF FF FF E0 FF FF FF E0 FF FF FF E0 FF FF FF E0 FF FF FF D1 00 2C 00
BP_worldloop sprite_pattern_vram_0000=00 00 01 01 03 02 03 01 00 00 00 09 0E 07 04 0A 00 C0 B0 D0 58 DC F7 E0 40 00 E0 F8 F8 F0 08 14 00 00 00 00 00 01 00 40 60 30 19 16 11 08 00 04 00 00 00 20 A0 20 00 00 00 E0 18 04 04 08 00 08
BP_worldloop sprite_pattern_vram_0C00=07 07 05 0C 18 20 20 03 02 03 07 0F 00 01 00 01 F8 00 00 00 00 00 00 C0 40 C0 E0 F0 00 00 00 40 00 00 00 02 03 01 01 00 00 00 00 00 01 00 01 00 00 F0 D0 D8 F8 F0 80 00 80 00 00 00 00 00 00 80
BP_worldloop pc=A702 sp=F37C bank=01/02/03 flow=01 menu=00 screen=00 pack=00 slots=31 player=00 pxy=98,80
BP_worldloop entity_active=01 01 01 01 01 01 FF FF
BP_worldloop entity_sprite_asset_index=07 09 00 00 01 07 FF FF FF FF FF FF FF FF FF FF
BP_worldloop base_slots=00 04 00 06 0A 0C 12 16 1A 1C 1E 22 26 28 2E 32
BP_worldloop sat_ram=E0 08 00 06 E0 08 04 0F A0 76 70 0E E0 FF FF FF E0 FF FF FF E0 FF FF FF E0 FF FF FF E0 FF FF FF E0 FF FF FF E0 FF FF FF E0 FF FF FF E0 FF FF FF
BP_worldloop sat_vram=E0 08 00 06 E0 08 04 0F A0 76 70 0E E0 FF FF FF E0 FF FF FF E0 FF FF FF E0 FF FF FF E0 FF FF FF E0 FF FF FF E0 FF FF FF E0 FF FF FF D1 00 2C 00
BP_worldloop sprite_pattern_vram_0000=00 00 01 01 03 02 03 01 00 00 00 09 0E 07 04 0A 00 C0 B0 D0 58 DC F7 E0 40 00 E0 F8 F8 F0 08 14 00 00 00 00 00 01 00 40 60 30 19 16 11 08 00 04 00 00 00 20 A0 20 00 00 00 E0 18 04 04 08 00 08
BP_worldloop sprite_pattern_vram_0C00=07 07 05 0C 18 20 20 03 02 03 07 0F 00 01 00 01 F8 00 00 00 00 00 00 C0 40 C0 E0 F0 00 00 00 40 00 00 00 02 03 01 01 00 00 00 00 00 01 00 01 00 00 F0 D0 D8 F8 F0 80 00 80 00 00 00 00 00 00 80
BP_worldloop pc=A702 sp=F37C bank=01/02/03 flow=01 menu=00 screen=00 pack=00 slots=31 player=00 pxy=98,80
BP_worldloop entity_active=01 01 01 01 01 01 FF FF
BP_worldloop entity_sprite_asset_index=07 09 00 00 01 07 FF FF FF FF FF FF FF FF FF FF
BP_worldloop base_slots=00 04 00 06 0A 0C 12 16 1A 1C 1E 22 26 28 2E 32
BP_worldloop sat_ram=E0 08 00 06 E0 08 04 0F A0 76 70 0E E0 FF FF FF E0 FF FF FF E0 FF FF FF E0 FF FF FF E0 FF FF FF E0 FF FF FF E0 FF FF FF E0 FF FF FF E0 FF FF FF
BP_worldloop sat_vram=E0 08 00 06 E0 08 04 0F A0 76 70 0E E0 FF FF FF E0 FF FF FF E0 FF FF FF E0 FF FF FF E0 FF FF FF E0 FF FF FF E0 FF FF FF E0 FF FF FF D1 00 2C 00
BP_worldloop sprite_pattern_vram_0000=00 00 01 01 03 02 03 01 00 00 00 09 0E 07 04 0A 00 C0 B0 D0 58 DC F7 E0 40 00 E0 F8 F8 F0 08 14 00 00 00 00 00 01 00 40 60 30 19 16 11 08 00 04 00 00 00 20 A0 20 00 00 00 E0 18 04 04 08 00 08
BP_worldloop sprite_pattern_vram_0C00=07 07 05 0C 18 20 20 03 02 03 07 0F 00 01 00 01 F8 00 00 00 00 00 00 C0 40 C0 E0 F0 00 00 00 40 00 00 00 02 03 01 01 00 00 00 00 00 01 00 01 00 00 F0 D0 D8 F8 F0 80 00 80 00 00 00 00 00 00 80
BP_worldloop pc=A702 sp=F37C bank=01/02/03 flow=01 menu=00 screen=00 pack=00 slots=31 player=00 pxy=98,80
BP_worldloop entity_active=01 01 01 01 01 01 FF FF
BP_worldloop entity_sprite_asset_index=07 09 00 00 01 07 FF FF FF FF FF FF FF FF FF FF
BP_worldloop base_slots=00 04 00 06 0A 0C 12 16 1A 1C 1E 22 26 28 2E 32
BP_worldloop sat_ram=E0 08 00 06 E0 08 04 0F A0 75 70 0E E0 FF FF FF E0 FF FF FF E0 FF FF FF E0 FF FF FF E0 FF FF FF E0 FF FF FF E0 FF FF FF E0 FF FF FF E0 FF FF FF
BP_worldloop sat_vram=E0 08 00 06 E0 08 04 0F A0 75 70 0E E0 FF FF FF E0 FF FF FF E0 FF FF FF E0 FF FF FF E0 FF FF FF E0 FF FF FF E0 FF FF FF E0 FF FF FF D1 00 2C 00
BP_worldloop sprite_pattern_vram_0000=00 00 01 01 03 02 03 01 00 00 00 09 0E 07 04 0A 00 C0 B0 D0 58 DC F7 E0 40 00 E0 F8 F8 F0 08 14 00 00 00 00 00 01 00 40 60 30 19 16 11 08 00 04 00 00 00 20 A0 20 00 00 00 E0 18 04 04 08 00 08
BP_worldloop sprite_pattern_vram_0C00=07 07 05 0C 18 20 20 03 02 03 07 0F 00 01 00 01 F8 00 00 00 00 00 00 C0 40 C0 E0 F0 00 00 00 40 00 00 00 02 03 01 01 00 00 00 00 00 01 00 01 00 00 F0 D0 D8 F8 F0 80 00 80 00 00 00 00 00 00 80
BP_worldloop pc=A702 sp=F37C bank=01/02/03 flow=01 menu=00 screen=00 pack=00 slots=31 player=00 pxy=98,80
BP_worldloop entity_active=01 01 01 01 01 01 FF FF
BP_worldloop entity_sprite_asset_index=07 09 00 00 01 07 FF FF FF FF FF FF FF FF FF FF
BP_worldloop base_slots=00 04 00 06 0A 0C 12 16 1A 1C 1E 22 26 28 2E 32
BP_worldloop sat_ram=E0 08 00 06 E0 08 04 0F A0 75 70 0E E0 FF FF FF E0 FF FF FF E0 FF FF FF E0 FF FF FF E0 FF FF FF E0 FF FF FF E0 FF FF FF E0 FF FF FF E0 FF FF FF
BP_worldloop sat_vram=E0 08 00 06 E0 08 04 0F A0 75 70 0E E0 FF FF FF E0 FF FF FF E0 FF FF FF E0 FF FF FF E0 FF FF FF E0 FF FF FF E0 FF FF FF E0 FF FF FF D1 00 2C 00
BP_worldloop sprite_pattern_vram_0000=00 00 01 01 03 02 03 01 00 00 00 09 0E 07 04 0A 00 C0 B0 D0 58 DC F7 E0 40 00 E0 F8 F8 F0 08 14 00 00 00 00 00 01 00 40 60 30 19 16 11 08 00 04 00 00 00 20 A0 20 00 00 00 E0 18 04 04 08 00 08
BP_worldloop sprite_pattern_vram_0C00=07 07 05 0C 18 20 20 03 02 03 07 0F 00 01 00 01 F8 00 00 00 00 00 00 C0 40 C0 E0 F0 00 00 00 40 00 00 00 02 03 01 01 00 00 00 00 00 01 00 01 00 00 F0 D0 D8 F8 F0 80 00 80 00 00 00 00 00 00 80
BP_worldloop pc=A702 sp=F37C bank=01/02/03 flow=01 menu=00 screen=00 pack=00 slots=31 player=00 pxy=98,80
BP_worldloop entity_active=01 01 01 01 01 01 FF FF
BP_worldloop entity_sprite_asset_index=07 09 00 00 01 07 FF FF FF FF FF FF FF FF FF FF
BP_worldloop base_slots=00 04 00 06 0A 0C 12 16 1A 1C 1E 22 26 28 2E 32
BP_worldloop sat_ram=E0 08 00 06 E0 08 04 0F A0 74 70 0E E0 FF FF FF E0 FF FF FF E0 FF FF FF E0 FF FF FF E0 FF FF FF E0 FF FF FF E0 FF FF FF E0 FF FF FF E0 FF FF FF
BP_worldloop sat_vram=E0 08 00 06 E0 08 04 0F A0 74 70 0E E0 FF FF FF E0 FF FF FF E0 FF FF FF E0 FF FF FF E0 FF FF FF E0 FF FF FF E0 FF FF FF E0 FF FF FF D1 00 2C 00
BP_worldloop sprite_pattern_vram_0000=00 00 01 01 03 02 03 01 00 00 00 09 0E 07 04 0A 00 C0 B0 D0 58 DC F7 E0 40 00 E0 F8 F8 F0 08 14 00 00 00 00 00 01 00 40 60 30 19 16 11 08 00 04 00 00 00 20 A0 20 00 00 00 E0 18 04 04 08 00 08
BP_worldloop sprite_pattern_vram_0C00=07 07 05 0C 18 20 20 03 02 03 07 0F 00 01 00 01 F8 00 00 00 00 00 00 C0 40 C0 E0 F0 00 00 00 40 00 00 00 02 03 01 01 00 00 00 00 00 01 00 01 00 00 F0 D0 D8 F8 F0 80 00 80 00 00 00 00 00 00 80
BP_worldloop pc=A702 sp=F37C bank=01/02/03 flow=01 menu=00 screen=00 pack=00 slots=31 player=00 pxy=98,80
BP_worldloop entity_active=01 01 01 01 01 01 FF FF
BP_worldloop entity_sprite_asset_index=07 09 00 00 01 07 FF FF FF FF FF FF FF FF FF FF
BP_worldloop base_slots=00 04 00 06 0A 0C 12 16 1A 1C 1E 22 26 28 2E 32
BP_worldloop sat_ram=E0 08 00 06 E0 08 04 0F A0 74 70 0E E0 FF FF FF E0 FF FF FF E0 FF FF FF E0 FF FF FF E0 FF FF FF E0 FF FF FF E0 FF FF FF E0 FF FF FF E0 FF FF FF
BP_worldloop sat_vram=E0 08 00 06 E0 08 04 0F A0 74 70 0E E0 FF FF FF E0 FF FF FF E0 FF FF FF E0 FF FF FF E0 FF FF FF E0 FF FF FF E0 FF FF FF E0 FF FF FF D1 00 2C 00
BP_worldloop sprite_pattern_vram_0000=00 00 01 01 03 02 03 01 00 00 00 09 0E 07 04 0A 00 C0 B0 D0 58 DC F7 E0 40 00 E0 F8 F8 F0 08 14 00 00 00 00 00 01 00 40 60 30 19 16 11 08 00 04 00 00 00 20 A0 20 00 00 00 E0 18 04 04 08 00 08
BP_worldloop sprite_pattern_vram_0C00=07 07 05 0C 18 20 20 03 02 03 07 0F 00 01 00 01 F8 00 00 00 00 00 00 C0 40 C0 E0 F0 00 00 00 40 00 00 00 02 03 01 01 00 00 00 00 00 01 00 01 00 00 F0 D0 D8 F8 F0 80 00 80 00 00 00 00 00 00 80
BP_worldloop pc=A702 sp=F37C bank=01/02/03 flow=01 menu=00 screen=00 pack=00 slots=31 player=00 pxy=98,80
BP_worldloop entity_active=01 01 01 01 01 01 FF FF
BP_worldloop entity_sprite_asset_index=07 09 00 00 01 07 FF FF FF FF FF FF FF FF FF FF
BP_worldloop base_slots=00 04 00 06 0A 0C 12 16 1A 1C 1E 22 26 28 2E 32
BP_worldloop sat_ram=E0 08 00 06 E0 08 04 0F A0 74 70 0E E0 FF FF FF E0 FF FF FF E0 FF FF FF E0 FF FF FF E0 FF FF FF E0 FF FF FF E0 FF FF FF E0 FF FF FF E0 FF FF FF
BP_worldloop sat_vram=E0 08 00 06 E0 08 04 0F A0 74 70 0E E0 FF FF FF E0 FF FF FF E0 FF FF FF E0 FF FF FF E0 FF FF FF E0 FF FF FF E0 FF FF FF E0 FF FF FF D1 00 2C 00
BP_worldloop sprite_pattern_vram_0000=00 00 01 01 03 02 03 01 00 00 00 09 0E 07 04 0A 00 C0 B0 D0 58 DC F7 E0 40 00 E0 F8 F8 F0 08 14 00 00 00 00 00 01 00 40 60 30 19 16 11 08 00 04 00 00 00 20 A0 20 00 00 00 E0 18 04 04 08 00 08
BP_worldloop sprite_pattern_vram_0C00=07 07 05 0C 18 20 20 03 02 03 07 0F 00 01 00 01 F8 00 00 00 00 00 00 C0 40 C0 E0 F0 00 00 00 40 00 00 00 02 03 01 01 00 00 00 00 00 01 00 01 00 00 F0 D0 D8 F8 F0 80 00 80 00 00 00 00 00 00 80
BP_worldloop pc=A702 sp=F37C bank=01/02/03 flow=01 menu=00 screen=00 pack=00 slots=31 player=00 pxy=98,80
BP_worldloop entity_active=01 01 01 01 01 01 FF FF
BP_worldloop entity_sprite_asset_index=07 09 00 00 01 07 FF FF FF FF FF FF FF FF FF FF
BP_worldloop base_slots=00 04 00 06 0A 0C 12 16 1A 1C 1E 22 26 28 2E 32
BP_worldloop sat_ram=E0 08 00 06 E0 08 04 0F A0 73 70 0E E0 FF FF FF E0 FF FF FF E0 FF FF FF E0 FF FF FF E0 FF FF FF E0 FF FF FF E0 FF FF FF E0 FF FF FF E0 FF FF FF
BP_worldloop sat_vram=E0 08 00 06 E0 08 04 0F A0 73 70 0E E0 FF FF FF E0 FF FF FF E0 FF FF FF E0 FF FF FF E0 FF FF FF E0 FF FF FF E0 FF FF FF E0 FF FF FF D1 00 2C 00
BP_worldloop sprite_pattern_vram_0000=00 00 01 01 03 02 03 01 00 00 00 09 0E 07 04 0A 00 C0 B0 D0 58 DC F7 E0 40 00 E0 F8 F8 F0 08 14 00 00 00 00 00 01 00 40 60 30 19 16 11 08 00 04 00 00 00 20 A0 20 00 00 00 E0 18 04 04 08 00 08
BP_worldloop sprite_pattern_vram_0C00=07 07 05 0C 18 20 20 03 02 03 07 0F 00 01 00 01 F8 00 00 00 00 00 00 C0 40 C0 E0 F0 00 00 00 40 00 00 00 02 03 01 01 00 00 00 00 00 01 00 01 00 00 F0 D0 D8 F8 F0 80 00 80 00 00 00 00 00 00 80
BP_worldloop pc=A702 sp=F37C bank=01/02/03 flow=01 menu=00 screen=00 pack=00 slots=31 player=00 pxy=98,80
BP_worldloop entity_active=01 01 01 01 01 01 FF FF
BP_worldloop entity_sprite_asset_index=07 09 00 00 01 07 FF FF FF FF FF FF FF FF FF FF
BP_worldloop base_slots=00 04 00 06 0A 0C 12 16 1A 1C 1E 22 26 28 2E 32
BP_worldloop sat_ram=E0 08 00 06 E0 08 04 0F A0 73 70 0E E0 FF FF FF E0 FF FF FF E0 FF FF FF E0 FF FF FF E0 FF FF FF E0 FF FF FF E0 FF FF FF E0 FF FF FF E0 FF FF FF
BP_worldloop sat_vram=E0 08 00 06 E0 08 04 0F A0 73 70 0E E0 FF FF FF E0 FF FF FF E0 FF FF FF E0 FF FF FF E0 FF FF FF E0 FF FF FF E0 FF FF FF E0 FF FF FF D1 00 2C 00
BP_worldloop sprite_pattern_vram_0000=00 00 01 01 03 02 03 01 00 00 00 09 0E 07 04 0A 00 C0 B0 D0 58 DC F7 E0 40 00 E0 F8 F8 F0 08 14 00 00 00 00 00 01 00 40 60 30 19 16 11 08 00 04 00 00 00 20 A0 20 00 00 00 E0 18 04 04 08 00 08
BP_worldloop sprite_pattern_vram_0C00=07 07 05 0C 18 20 20 03 02 03 07 0F 00 01 00 01 F8 00 00 00 00 00 00 C0 40 C0 E0 F0 00 00 00 40 00 00 00 02 03 01 01 00 00 00 00 00 01 00 01 00 00 F0 D0 D8 F8 F0 80 00 80 00 00 00 00 00 00 80
BP_worldloop pc=A702 sp=F37C bank=01/02/03 flow=01 menu=00 screen=00 pack=00 slots=31 player=00 pxy=98,80
BP_worldloop entity_active=01 01 01 01 01 01 FF FF
BP_worldloop entity_sprite_asset_index=07 09 00 00 01 07 FF FF FF FF FF FF FF FF FF FF
BP_worldloop base_slots=00 04 00 06 0A 0C 12 16 1A 1C 1E 22 26 28 2E 32
BP_worldloop sat_ram=E0 08 00 06 E0 08 04 0F A0 73 70 0E E0 FF FF FF E0 FF FF FF E0 FF FF FF E0 FF FF FF E0 FF FF FF E0 FF FF FF E0 FF FF FF E0 FF FF FF E0 FF FF FF
BP_worldloop sat_vram=E0 08 00 06 E0 08 04 0F A0 73 70 0E E0 FF FF FF E0 FF FF FF E0 FF FF FF E0 FF FF FF E0 FF FF FF E0 FF FF FF E0 FF FF FF E0 FF FF FF D1 00 2C 00
BP_worldloop sprite_pattern_vram_0000=00 00 01 01 03 02 03 01 00 00 00 09 0E 07 04 0A 00 C0 B0 D0 58 DC F7 E0 40 00 E0 F8 F8 F0 08 14 00 00 00 00 00 01 00 40 60 30 19 16 11 08 00 04 00 00 00 20 A0 20 00 00 00 E0 18 04 04 08 00 08
BP_worldloop sprite_pattern_vram_0C00=07 07 05 0C 18 20 20 03 02 03 07 0F 00 01 00 01 F8 00 00 00 00 00 00 C0 40 C0 E0 F0 00 00 00 40 00 00 00 02 03 01 01 00 00 00 00 00 01 00 01 00 00 F0 D0 D8 F8 F0 80 00 80 00 00 00 00 00 00 80
BP_worldloop pc=A702 sp=F37C bank=01/02/03 flow=01 menu=00 screen=00 pack=00 slots=31 player=00 pxy=98,80
BP_worldloop entity_active=01 01 01 01 01 01 FF FF
BP_worldloop entity_sprite_asset_index=07 09 00 00 01 07 FF FF FF FF FF FF FF FF FF FF
BP_worldloop base_slots=00 04 00 06 0A 0C 12 16 1A 1C 1E 22 26 28 2E 32
BP_worldloop sat_ram=E0 08 00 06 E0 08 04 0F A0 72 74 0E E0 FF FF FF E0 FF FF FF E0 FF FF FF E0 FF FF FF E0 FF FF FF E0 FF FF FF E0 FF FF FF E0 FF FF FF E0 FF FF FF
BP_worldloop sat_vram=E0 08 00 06 E0 08 04 0F A0 72 74 0E E0 FF FF FF E0 FF FF FF E0 FF FF FF E0 FF FF FF E0 FF FF FF E0 FF FF FF E0 FF FF FF E0 FF FF FF D1 00 2C 00
BP_worldloop sprite_pattern_vram_0000=00 00 01 01 03 02 03 01 00 00 00 09 0E 07 04 0A 00 C0 B0 D0 58 DC F7 E0 40 00 E0 F8 F8 F0 08 14 00 00 00 00 00 01 00 40 60 30 19 16 11 08 00 04 00 00 00 20 A0 20 00 00 00 E0 18 04 04 08 00 08
BP_worldloop sprite_pattern_vram_0C00=07 07 05 0C 18 20 20 03 02 03 07 0F 00 01 00 01 F8 00 00 00 00 00 00 C0 40 C0 E0 F0 00 00 00 40 00 00 00 02 03 01 01 00 00 00 00 00 01 00 01 00 00 F0 D0 D8 F8 F0 80 00 80 00 00 00 00 00 00 80
BP_worldloop pc=A702 sp=F37C bank=01/02/03 flow=01 menu=00 screen=00 pack=00 slots=31 player=00 pxy=98,80
BP_worldloop entity_active=01 01 01 01 01 01 FF FF
BP_worldloop entity_sprite_asset_index=07 09 00 00 01 07 FF FF FF FF FF FF FF FF FF FF
BP_worldloop base_slots=00 04 00 06 0A 0C 12 16 1A 1C 1E 22 26 28 2E 32
BP_worldloop sat_ram=E0 08 00 06 E0 08 04 0F A0 72 74 0E E0 FF FF FF E0 FF FF FF E0 FF FF FF E0 FF FF FF E0 FF FF FF E0 FF FF FF E0 FF FF FF E0 FF FF FF E0 FF FF FF
BP_worldloop sat_vram=E0 08 00 06 E0 08 04 0F A0 72 74 0E E0 FF FF FF E0 FF FF FF E0 FF FF FF E0 FF FF FF E0 FF FF FF E0 FF FF FF E0 FF FF FF E0 FF FF FF D1 00 2C 00
BP_worldloop sprite_pattern_vram_0000=00 00 01 01 03 02 03 01 00 00 00 09 0E 07 04 0A 00 C0 B0 D0 58 DC F7 E0 40 00 E0 F8 F8 F0 08 14 00 00 00 00 00 01 00 40 60 30 19 16 11 08 00 04 00 00 00 20 A0 20 00 00 00 E0 18 04 04 08 00 08
BP_worldloop sprite_pattern_vram_0C00=07 07 05 0C 18 20 20 03 02 03 07 0F 00 01 00 01 F8 00 00 00 00 00 00 C0 40 C0 E0 F0 00 00 00 40 00 00 00 02 03 01 01 00 00 00 00 00 01 00 01 00 00 F0 D0 D8 F8 F0 80 00 80 00 00 00 00 00 00 80
BP_worldloop pc=A702 sp=F37C bank=01/02/03 flow=01 menu=00 screen=00 pack=00 slots=31 player=00 pxy=98,80
BP_worldloop entity_active=01 01 01 01 01 01 FF FF
BP_worldloop entity_sprite_asset_index=07 09 00 00 01 07 FF FF FF FF FF FF FF FF FF FF
BP_worldloop base_slots=00 04 00 06 0A 0C 12 16 1A 1C 1E 22 26 28 2E 32
BP_worldloop sat_ram=E0 08 00 06 E0 08 04 0F A0 71 74 0E E0 FF FF FF E0 FF FF FF E0 FF FF FF E0 FF FF FF E0 FF FF FF E0 FF FF FF E0 FF FF FF E0 FF FF FF E0 FF FF FF
BP_worldloop sat_vram=E0 08 00 06 E0 08 04 0F A0 71 74 0E E0 FF FF FF E0 FF FF FF E0 FF FF FF E0 FF FF FF E0 FF FF FF E0 FF FF FF E0 FF FF FF E0 FF FF FF D1 00 2C 00
BP_worldloop sprite_pattern_vram_0000=00 00 01 01 03 02 03 01 00 00 00 09 0E 07 04 0A 00 C0 B0 D0 58 DC F7 E0 40 00 E0 F8 F8 F0 08 14 00 00 00 00 00 01 00 40 60 30 19 16 11 08 00 04 00 00 00 20 A0 20 00 00 00 E0 18 04 04 08 00 08
BP_worldloop sprite_pattern_vram_0C00=07 07 05 0C 18 20 20 03 02 03 07 0F 00 01 00 01 F8 00 00 00 00 00 00 C0 40 C0 E0 F0 00 00 00 40 00 00 00 02 03 01 01 00 00 00 00 00 01 00 01 00 00 F0 D0 D8 F8 F0 80 00 80 00 00 00 00 00 00 80
BP_worldloop pc=A702 sp=F37C bank=01/02/03 flow=01 menu=00 screen=00 pack=00 slots=31 player=00 pxy=98,80
BP_worldloop entity_active=01 01 01 01 01 01 FF FF
BP_worldloop entity_sprite_asset_index=07 09 00 00 01 07 FF FF FF FF FF FF FF FF FF FF
BP_worldloop base_slots=00 04 00 06 0A 0C 12 16 1A 1C 1E 22 26 28 2E 32
BP_worldloop sat_ram=E0 08 00 06 E0 08 04 0F A0 71 74 0E E0 FF FF FF E0 FF FF FF E0 FF FF FF E0 FF FF FF E0 FF FF FF E0 FF FF FF E0 FF FF FF E0 FF FF FF E0 FF FF FF
BP_worldloop sat_vram=E0 08 00 06 E0 08 04 0F A0 71 74 0E E0 FF FF FF E0 FF FF FF E0 FF FF FF E0 FF FF FF E0 FF FF FF E0 FF FF FF E0 FF FF FF E0 FF FF FF D1 00 2C 00
BP_worldloop sprite_pattern_vram_0000=00 00 01 01 03 02 03 01 00 00 00 09 0E 07 04 0A 00 C0 B0 D0 58 DC F7 E0 40 00 E0 F8 F8 F0 08 14 00 00 00 00 00 01 00 40 60 30 19 16 11 08 00 04 00 00 00 20 A0 20 00 00 00 E0 18 04 04 08 00 08
BP_worldloop sprite_pattern_vram_0C00=07 07 05 0C 18 20 20 03 02 03 07 0F 00 01 00 01 F8 00 00 00 00 00 00 C0 40 C0 E0 F0 00 00 00 40 00 00 00 02 03 01 01 00 00 00 00 00 01 00 01 00 00 F0 D0 D8 F8 F0 80 00 80 00 00 00 00 00 00 80
BP_worldloop pc=A702 sp=F37C bank=01/02/03 flow=01 menu=00 screen=00 pack=00 slots=31 player=00 pxy=98,80
BP_worldloop entity_active=01 01 01 01 01 01 FF FF
BP_worldloop entity_sprite_asset_index=07 09 00 00 01 07 FF FF FF FF FF FF FF FF FF FF
BP_worldloop base_slots=00 04 00 06 0A 0C 12 16 1A 1C 1E 22 26 28 2E 32
BP_worldloop sat_ram=E0 08 00 06 E0 08 04 0F A0 71 74 0E E0 FF FF FF E0 FF FF FF E0 FF FF FF E0 FF FF FF E0 FF FF FF E0 FF FF FF E0 FF FF FF E0 FF FF FF E0 FF FF FF
BP_worldloop sat_vram=E0 08 00 06 E0 08 04 0F A0 71 74 0E E0 FF FF FF E0 FF FF FF E0 FF FF FF E0 FF FF FF E0 FF FF FF E0 FF FF FF E0 FF FF FF E0 FF FF FF D1 00 2C 00
BP_worldloop sprite_pattern_vram_0000=00 00 01 01 03 02 03 01 00 00 00 09 0E 07 04 0A 00 C0 B0 D0 58 DC F7 E0 40 00 E0 F8 F8 F0 08 14 00 00 00 00 00 01 00 40 60 30 19 16 11 08 00 04 00 00 00 20 A0 20 00 00 00 E0 18 04 04 08 00 08
BP_worldloop sprite_pattern_vram_0C00=07 07 05 0C 18 20 20 03 02 03 07 0F 00 01 00 01 F8 00 00 00 00 00 00 C0 40 C0 E0 F0 00 00 00 40 00 00 00 02 03 01 01 00 00 00 00 00 01 00 01 00 00 F0 D0 D8 F8 F0 80 00 80 00 00 00 00 00 00 80
BP_worldloop pc=A702 sp=F37C bank=01/02/03 flow=01 menu=00 screen=00 pack=00 slots=31 player=00 pxy=98,80
BP_worldloop entity_active=01 01 01 01 01 01 FF FF
BP_worldloop entity_sprite_asset_index=07 09 00 00 01 07 FF FF FF FF FF FF FF FF FF FF
BP_worldloop base_slots=00 04 00 06 0A 0C 12 16 1A 1C 1E 22 26 28 2E 32
BP_worldloop sat_ram=E0 08 00 06 E0 08 04 0F A0 70 74 0E E0 FF FF FF E0 FF FF FF E0 FF FF FF E0 FF FF FF E0 FF FF FF E0 FF FF FF E0 FF FF FF E0 FF FF FF E0 FF FF FF
BP_worldloop sat_vram=E0 08 00 06 E0 08 04 0F A0 70 74 0E E0 FF FF FF E0 FF FF FF E0 FF FF FF E0 FF FF FF E0 FF FF FF E0 FF FF FF E0 FF FF FF E0 FF FF FF D1 00 2C 00
BP_worldloop sprite_pattern_vram_0000=00 00 01 01 03 02 03 01 00 00 00 09 0E 07 04 0A 00 C0 B0 D0 58 DC F7 E0 40 00 E0 F8 F8 F0 08 14 00 00 00 00 00 01 00 40 60 30 19 16 11 08 00 04 00 00 00 20 A0 20 00 00 00 E0 18 04 04 08 00 08
BP_worldloop sprite_pattern_vram_0C00=07 07 05 0C 18 20 20 03 02 03 07 0F 00 01 00 01 F8 00 00 00 00 00 00 C0 40 C0 E0 F0 00 00 00 40 00 00 00 02 03 01 01 00 00 00 00 00 01 00 01 00 00 F0 D0 D8 F8 F0 80 00 80 00 00 00 00 00 00 80
BP_worldloop pc=A702 sp=F37C bank=01/02/03 flow=01 menu=00 screen=00 pack=00 slots=31 player=00 pxy=98,80
BP_worldloop entity_active=01 01 01 01 01 01 FF FF
BP_worldloop entity_sprite_asset_index=07 09 00 00 01 07 FF FF FF FF FF FF FF FF FF FF
BP_worldloop base_slots=00 04 00 06 0A 0C 12 16 1A 1C 1E 22 26 28 2E 32
BP_worldloop sat_ram=E0 08 00 06 E0 08 04 0F A0 70 74 0E E0 FF FF FF E0 FF FF FF E0 FF FF FF E0 FF FF FF E0 FF FF FF E0 FF FF FF E0 FF FF FF E0 FF FF FF E0 FF FF FF
BP_worldloop sat_vram=E0 08 00 06 E0 08 04 0F A0 70 74 0E E0 FF FF FF E0 FF FF FF E0 FF FF FF E0 FF FF FF E0 FF FF FF E0 FF FF FF E0 FF FF FF E0 FF FF FF D1 00 2C 00
BP_worldloop sprite_pattern_vram_0000=00 00 01 01 03 02 03 01 00 00 00 09 0E 07 04 0A 00 C0 B0 D0 58 DC F7 E0 40 00 E0 F8 F8 F0 08 14 00 00 00 00 00 01 00 40 60 30 19 16 11 08 00 04 00 00 00 20 A0 20 00 00 00 E0 18 04 04 08 00 08
BP_worldloop sprite_pattern_vram_0C00=07 07 05 0C 18 20 20 03 02 03 07 0F 00 01 00 01 F8 00 00 00 00 00 00 C0 40 C0 E0 F0 00 00 00 40 00 00 00 02 03 01 01 00 00 00 00 00 01 00 01 00 00 F0 D0 D8 F8 F0 80 00 80 00 00 00 00 00 00 80
BP_worldloop pc=A702 sp=F37C bank=01/02/03 flow=01 menu=00 screen=00 pack=00 slots=31 player=00 pxy=98,80
BP_worldloop entity_active=01 01 01 01 01 01 FF FF
BP_worldloop entity_sprite_asset_index=07 09 00 00 01 07 FF FF FF FF FF FF FF FF FF FF
BP_worldloop base_slots=00 04 00 06 0A 0C 12 16 1A 1C 1E 22 26 28 2E 32
BP_worldloop sat_ram=E0 08 00 06 E0 08 04 0F A0 70 74 0E E0 FF FF FF E0 FF FF FF E0 FF FF FF E0 FF FF FF E0 FF FF FF E0 FF FF FF E0 FF FF FF E0 FF FF FF E0 FF FF FF
BP_worldloop sat_vram=E0 08 00 06 E0 08 04 0F A0 70 74 0E E0 FF FF FF E0 FF FF FF E0 FF FF FF E0 FF FF FF E0 FF FF FF E0 FF FF FF E0 FF FF FF E0 FF FF FF D1 00 2C 00
BP_worldloop sprite_pattern_vram_0000=00 00 01 01 03 02 03 01 00 00 00 09 0E 07 04 0A 00 C0 B0 D0 58 DC F7 E0 40 00 E0 F8 F8 F0 08 14 00 00 00 00 00 01 00 40 60 30 19 16 11 08 00 04 00 00 00 20 A0 20 00 00 00 E0 18 04 04 08 00 08
BP_worldloop sprite_pattern_vram_0C00=07 07 05 0C 18 20 20 03 02 03 07 0F 00 01 00 01 F8 00 00 00 00 00 00 C0 40 C0 E0 F0 00 00 00 40 00 00 00 02 03 01 01 00 00 00 00 00 01 00 01 00 00 F0 D0 D8 F8 F0 80 00 80 00 00 00 00 00 00 80
BP_worldloop pc=A702 sp=F37C bank=01/02/03 flow=01 menu=00 screen=00 pack=00 slots=31 player=00 pxy=98,80
BP_worldloop entity_active=01 01 01 01 01 01 FF FF
BP_worldloop entity_sprite_asset_index=07 09 00 00 01 07 FF FF FF FF FF FF FF FF FF FF
BP_worldloop base_slots=00 04 00 06 0A 0C 12 16 1A 1C 1E 22 26 28 2E 32
BP_worldloop sat_ram=E0 08 00 06 E0 08 04 0F A0 6F 74 0E E0 FF FF FF E0 FF FF FF E0 FF FF FF E0 FF FF FF E0 FF FF FF E0 FF FF FF E0 FF FF FF E0 FF FF FF E0 FF FF FF
BP_worldloop sat_vram=E0 08 00 06 E0 08 04 0F A0 6F 74 0E E0 FF FF FF E0 FF FF FF E0 FF FF FF E0 FF FF FF E0 FF FF FF E0 FF FF FF E0 FF FF FF E0 FF FF FF D1 00 2C 00
BP_worldloop sprite_pattern_vram_0000=00 00 01 01 03 02 03 01 00 00 00 09 0E 07 04 0A 00 C0 B0 D0 58 DC F7 E0 40 00 E0 F8 F8 F0 08 14 00 00 00 00 00 01 00 40 60 30 19 16 11 08 00 04 00 00 00 20 A0 20 00 00 00 E0 18 04 04 08 00 08
BP_worldloop sprite_pattern_vram_0C00=07 07 05 0C 18 20 20 03 02 03 07 0F 00 01 00 01 F8 00 00 00 00 00 00 C0 40 C0 E0 F0 00 00 00 40 00 00 00 02 03 01 01 00 00 00 00 00 01 00 01 00 00 F0 D0 D8 F8 F0 80 00 80 00 00 00 00 00 00 80
BP_worldloop pc=A702 sp=F37C bank=01/02/03 flow=01 menu=00 screen=00 pack=00 slots=31 player=00 pxy=98,80
BP_worldloop entity_active=01 01 01 01 01 01 FF FF
BP_worldloop entity_sprite_asset_index=07 09 00 00 01 07 FF FF FF FF FF FF FF FF FF FF
BP_worldloop base_slots=00 04 00 06 0A 0C 12 16 1A 1C 1E 22 26 28 2E 32
BP_worldloop sat_ram=E0 08 00 06 E0 08 04 0F A0 6F 74 0E E0 FF FF FF E0 FF FF FF E0 FF FF FF E0 FF FF FF E0 FF FF FF E0 FF FF FF E0 FF FF FF E0 FF FF FF E0 FF FF FF
BP_worldloop sat_vram=E0 08 00 06 E0 08 04 0F A0 6F 74 0E E0 FF FF FF E0 FF FF FF E0 FF FF FF E0 FF FF FF E0 FF FF FF E0 FF FF FF E0 FF FF FF E0 FF FF FF D1 00 2C 00
BP_worldloop sprite_pattern_vram_0000=00 00 01 01 03 02 03 01 00 00 00 09 0E 07 04 0A 00 C0 B0 D0 58 DC F7 E0 40 00 E0 F8 F8 F0 08 14 00 00 00 00 00 01 00 40 60 30 19 16 11 08 00 04 00 00 00 20 A0 20 00 00 00 E0 18 04 04 08 00 08
BP_worldloop sprite_pattern_vram_0C00=07 07 05 0C 18 20 20 03 02 03 07 0F 00 01 00 01 F8 00 00 00 00 00 00 C0 40 C0 E0 F0 00 00 00 40 00 00 00 02 03 01 01 00 00 00 00 00 01 00 01 00 00 F0 D0 D8 F8 F0 80 00 80 00 00 00 00 00 00 80
BP_worldloop pc=A702 sp=F37C bank=01/02/03 flow=01 menu=00 screen=00 pack=00 slots=31 player=00 pxy=98,80
BP_worldloop entity_active=01 01 01 01 01 01 FF FF
BP_worldloop entity_sprite_asset_index=07 09 00 00 01 07 FF FF FF FF FF FF FF FF FF FF
BP_worldloop base_slots=00 04 00 06 0A 0C 12 16 1A 1C 1E 22 26 28 2E 32
BP_worldloop sat_ram=E0 08 00 06 E0 08 04 0F A0 6F 74 0E E0 FF FF FF E0 FF FF FF E0 FF FF FF E0 FF FF FF E0 FF FF FF E0 FF FF FF E0 FF FF FF E0 FF FF FF E0 FF FF FF
BP_worldloop sat_vram=E0 08 00 06 E0 08 04 0F A0 6F 74 0E E0 FF FF FF E0 FF FF FF E0 FF FF FF E0 FF FF FF E0 FF FF FF E0 FF FF FF E0 FF FF FF E0 FF FF FF D1 00 2C 00
BP_worldloop sprite_pattern_vram_0000=00 00 01 01 03 02 03 01 00 00 00 09 0E 07 04 0A 00 C0 B0 D0 58 DC F7 E0 40 00 E0 F8 F8 F0 08 14 00 00 00 00 00 01 00 40 60 30 19 16 11 08 00 04 00 00 00 20 A0 20 00 00 00 E0 18 04 04 08 00 08
BP_worldloop sprite_pattern_vram_0C00=07 07 05 0C 18 20 20 03 02 03 07 0F 00 01 00 01 F8 00 00 00 00 00 00 C0 40 C0 E0 F0 00 00 00 40 00 00 00 02 03 01 01 00 00 00 00 00 01 00 01 00 00 F0 D0 D8 F8 F0 80 00 80 00 00 00 00 00 00 80
BP_worldloop pc=A702 sp=F37C bank=01/02/03 flow=01 menu=00 screen=00 pack=00 slots=31 player=00 pxy=98,80
BP_worldloop entity_active=01 01 01 01 01 01 FF FF
BP_worldloop entity_sprite_asset_index=07 09 00 00 01 07 FF FF FF FF FF FF FF FF FF FF
BP_worldloop base_slots=00 04 00 06 0A 0C 12 16 1A 1C 1E 22 26 28 2E 32
BP_worldloop sat_ram=E0 08 00 06 E0 08 04 0F A0 6F 74 0E E0 FF FF FF E0 FF FF FF E0 FF FF FF E0 FF FF FF E0 FF FF FF E0 FF FF FF E0 FF FF FF E0 FF FF FF E0 FF FF FF
BP_worldloop sat_vram=E0 08 00 06 E0 08 04 0F A0 6F 74 0E E0 FF FF FF E0 FF FF FF E0 FF FF FF E0 FF FF FF E0 FF FF FF E0 FF FF FF E0 FF FF FF E0 FF FF FF D1 00 2C 00
BP_worldloop sprite_pattern_vram_0000=00 00 01 01 03 02 03 01 00 00 00 09 0E 07 04 0A 00 C0 B0 D0 58 DC F7 E0 40 00 E0 F8 F8 F0 08 14 00 00 00 00 00 01 00 40 60 30 19 16 11 08 00 04 00 00 00 20 A0 20 00 00 00 E0 18 04 04 08 00 08
BP_worldloop sprite_pattern_vram_0C00=07 07 05 0C 18 20 20 03 02 03 07 0F 00 01 00 01 F8 00 00 00 00 00 00 C0 40 C0 E0 F0 00 00 00 40 00 00 00 02 03 01 01 00 00 00 00 00 01 00 01 00 00 F0 D0 D8 F8 F0 80 00 80 00 00 00 00 00 00 80
BP_worldloop pc=A702 sp=F37C bank=01/02/03 flow=01 menu=00 screen=00 pack=00 slots=31 player=00 pxy=98,80
BP_worldloop entity_active=01 01 01 01 01 01 FF FF
BP_worldloop entity_sprite_asset_index=07 09 00 00 01 07 FF FF FF FF FF FF FF FF FF FF
BP_worldloop base_slots=00 04 00 06 0A 0C 12 16 1A 1C 1E 22 26 28 2E 32
BP_worldloop sat_ram=E0 08 00 06 E0 08 04 0F A0 6F 74 0E E0 FF FF FF E0 FF FF FF E0 FF FF FF E0 FF FF FF E0 FF FF FF E0 FF FF FF E0 FF FF FF E0 FF FF FF E0 FF FF FF
BP_worldloop sat_vram=E0 08 00 06 E0 08 04 0F A0 6F 74 0E E0 FF FF FF E0 FF FF FF E0 FF FF FF E0 FF FF FF E0 FF FF FF E0 FF FF FF E0 FF FF FF E0 FF FF FF D1 00 2C 00
BP_worldloop sprite_pattern_vram_0000=00 00 01 01 03 02 03 01 00 00 00 09 0E 07 04 0A 00 C0 B0 D0 58 DC F7 E0 40 00 E0 F8 F8 F0 08 14 00 00 00 00 00 01 00 40 60 30 19 16 11 08 00 04 00 00 00 20 A0 20 00 00 00 E0 18 04 04 08 00 08
BP_worldloop sprite_pattern_vram_0C00=07 07 05 0C 18 20 20 03 02 03 07 0F 00 01 00 01 F8 00 00 00 00 00 00 C0 40 C0 E0 F0 00 00 00 40 00 00 00 02 03 01 01 00 00 00 00 00 01 00 01 00 00 F0 D0 D8 F8 F0 80 00 80 00 00 00 00 00 00 80
BP_worldloop pc=A702 sp=F37C bank=01/02/03 flow=01 menu=00 screen=00 pack=00 slots=31 player=00 pxy=98,80
BP_worldloop entity_active=01 01 01 01 01 01 FF FF
BP_worldloop entity_sprite_asset_index=07 09 00 00 01 07 FF FF FF FF FF FF FF FF FF FF
BP_worldloop base_slots=00 04 00 06 0A 0C 12 16 1A 1C 1E 22 26 28 2E 32
BP_worldloop sat_ram=E0 08 00 06 E0 08 04 0F A0 6E 74 0E E0 FF FF FF E0 FF FF FF E0 FF FF FF E0 FF FF FF E0 FF FF FF E0 FF FF FF E0 FF FF FF E0 FF FF FF E0 FF FF FF
BP_worldloop sat_vram=E0 08 00 06 E0 08 04 0F A0 6E 74 0E E0 FF FF FF E0 FF FF FF E0 FF FF FF E0 FF FF FF E0 FF FF FF E0 FF FF FF E0 FF FF FF E0 FF FF FF D1 00 2C 00
BP_worldloop sprite_pattern_vram_0000=00 00 01 01 03 02 03 01 00 00 00 09 0E 07 04 0A 00 C0 B0 D0 58 DC F7 E0 40 00 E0 F8 F8 F0 08 14 00 00 00 00 00 01 00 40 60 30 19 16 11 08 00 04 00 00 00 20 A0 20 00 00 00 E0 18 04 04 08 00 08
BP_worldloop sprite_pattern_vram_0C00=07 07 05 0C 18 20 20 03 02 03 07 0F 00 01 00 01 F8 00 00 00 00 00 00 C0 40 C0 E0 F0 00 00 00 40 00 00 00 02 03 01 01 00 00 00 00 00 01 00 01 00 00 F0 D0 D8 F8 F0 80 00 80 00 00 00 00 00 00 80
BP_worldloop pc=A702 sp=F37C bank=01/02/03 flow=01 menu=00 screen=00 pack=00 slots=31 player=00 pxy=98,80
BP_worldloop entity_active=01 01 01 01 01 01 FF FF
BP_worldloop entity_sprite_asset_index=07 09 00 00 01 07 FF FF FF FF FF FF FF FF FF FF
BP_worldloop base_slots=00 04 00 06 0A 0C 12 16 1A 1C 1E 22 26 28 2E 32
BP_worldloop sat_ram=E0 08 00 06 E0 08 04 0F A0 6E 74 0E E0 FF FF FF E0 FF FF FF E0 FF FF FF E0 FF FF FF E0 FF FF FF E0 FF FF FF E0 FF FF FF E0 FF FF FF E0 FF FF FF
BP_worldloop sat_vram=E0 08 00 06 E0 08 04 0F A0 6E 74 0E E0 FF FF FF E0 FF FF FF E0 FF FF FF E0 FF FF FF E0 FF FF FF E0 FF FF FF E0 FF FF FF E0 FF FF FF D1 00 2C 00
BP_worldloop sprite_pattern_vram_0000=00 00 01 01 03 02 03 01 00 00 00 09 0E 07 04 0A 00 C0 B0 D0 58 DC F7 E0 40 00 E0 F8 F8 F0 08 14 00 00 00 00 00 01 00 40 60 30 19 16 11 08 00 04 00 00 00 20 A0 20 00 00 00 E0 18 04 04 08 00 08
BP_worldloop sprite_pattern_vram_0C00=07 07 05 0C 18 20 20 03 02 03 07 0F 00 01 00 01 F8 00 00 00 00 00 00 C0 40 C0 E0 F0 00 00 00 40 00 00 00 02 03 01 01 00 00 00 00 00 01 00 01 00 00 F0 D0 D8 F8 F0 80 00 80 00 00 00 00 00 00 80
BP_worldloop pc=A702 sp=F37C bank=01/02/03 flow=01 menu=00 screen=00 pack=00 slots=31 player=00 pxy=98,80
BP_worldloop entity_active=01 01 01 01 01 01 FF FF
BP_worldloop entity_sprite_asset_index=07 09 00 00 01 07 FF FF FF FF FF FF FF FF FF FF
BP_worldloop base_slots=00 04 00 06 0A 0C 12 16 1A 1C 1E 22 26 28 2E 32
BP_worldloop sat_ram=E0 08 00 06 E0 08 04 0F A0 6E 74 0E E0 FF FF FF E0 FF FF FF E0 FF FF FF E0 FF FF FF E0 FF FF FF E0 FF FF FF E0 FF FF FF E0 FF FF FF E0 FF FF FF
BP_worldloop sat_vram=E0 08 00 06 E0 08 04 0F A0 6E 74 0E E0 FF FF FF E0 FF FF FF E0 FF FF FF E0 FF FF FF E0 FF FF FF E0 FF FF FF E0 FF FF FF E0 FF FF FF D1 00 2C 00
BP_worldloop sprite_pattern_vram_0000=00 00 01 01 03 02 03 01 00 00 00 09 0E 07 04 0A 00 C0 B0 D0 58 DC F7 E0 40 00 E0 F8 F8 F0 08 14 00 00 00 00 00 01 00 40 60 30 19 16 11 08 00 04 00 00 00 20 A0 20 00 00 00 E0 18 04 04 08 00 08
BP_worldloop sprite_pattern_vram_0C00=07 07 05 0C 18 20 20 03 02 03 07 0F 00 01 00 01 F8 00 00 00 00 00 00 C0 40 C0 E0 F0 00 00 00 40 00 00 00 02 03 01 01 00 00 00 00 00 01 00 01 00 00 F0 D0 D8 F8 F0 80 00 80 00 00 00 00 00 00 80
BP_worldloop pc=A702 sp=F37C bank=01/02/03 flow=01 menu=00 screen=00 pack=00 slots=31 player=00 pxy=98,80
BP_worldloop entity_active=01 01 01 01 01 01 FF FF
BP_worldloop entity_sprite_asset_index=07 09 00 00 01 07 FF FF FF FF FF FF FF FF FF FF
BP_worldloop base_slots=00 04 00 06 0A 0C 12 16 1A 1C 1E 22 26 28 2E 32
BP_worldloop sat_ram=E0 08 00 06 E0 08 04 0F A0 6D 74 0E E0 FF FF FF E0 FF FF FF E0 FF FF FF E0 FF FF FF E0 FF FF FF E0 FF FF FF E0 FF FF FF E0 FF FF FF E0 FF FF FF
BP_worldloop sat_vram=E0 08 00 06 E0 08 04 0F A0 6D 74 0E E0 FF FF FF E0 FF FF FF E0 FF FF FF E0 FF FF FF E0 FF FF FF E0 FF FF FF E0 FF FF FF E0 FF FF FF D1 00 2C 00
BP_worldloop sprite_pattern_vram_0000=00 00 01 01 03 02 03 01 00 00 00 09 0E 07 04 0A 00 C0 B0 D0 58 DC F7 E0 40 00 E0 F8 F8 F0 08 14 00 00 00 00 00 01 00 40 60 30 19 16 11 08 00 04 00 00 00 20 A0 20 00 00 00 E0 18 04 04 08 00 08
BP_worldloop sprite_pattern_vram_0C00=07 07 05 0C 18 20 20 03 02 03 07 0F 00 01 00 01 F8 00 00 00 00 00 00 C0 40 C0 E0 F0 00 00 00 40 00 00 00 02 03 01 01 00 00 00 00 00 01 00 01 00 00 F0 D0 D8 F8 F0 80 00 80 00 00 00 00 00 00 80
BP_worldloop pc=A702 sp=F37C bank=01/02/03 flow=01 menu=00 screen=00 pack=00 slots=31 player=00 pxy=98,80
BP_worldloop entity_active=01 01 01 01 01 01 FF FF
BP_worldloop entity_sprite_asset_index=07 09 00 00 01 07 FF FF FF FF FF FF FF FF FF FF
BP_worldloop base_slots=00 04 00 06 0A 0C 12 16 1A 1C 1E 22 26 28 2E 32
BP_worldloop sat_ram=E0 08 00 06 E0 08 04 0F A0 6D 74 0E E0 FF FF FF E0 FF FF FF E0 FF FF FF E0 FF FF FF E0 FF FF FF E0 FF FF FF E0 FF FF FF E0 FF FF FF E0 FF FF FF
BP_worldloop sat_vram=E0 08 00 06 E0 08 04 0F A0 6D 74 0E E0 FF FF FF E0 FF FF FF E0 FF FF FF E0 FF FF FF E0 FF FF FF E0 FF FF FF E0 FF FF FF E0 FF FF FF D1 00 2C 00
BP_worldloop sprite_pattern_vram_0000=00 00 01 01 03 02 03 01 00 00 00 09 0E 07 04 0A 00 C0 B0 D0 58 DC F7 E0 40 00 E0 F8 F8 F0 08 14 00 00 00 00 00 01 00 40 60 30 19 16 11 08 00 04 00 00 00 20 A0 20 00 00 00 E0 18 04 04 08 00 08
BP_worldloop sprite_pattern_vram_0C00=07 07 05 0C 18 20 20 03 02 03 07 0F 00 01 00 01 F8 00 00 00 00 00 00 C0 40 C0 E0 F0 00 00 00 40 00 00 00 02 03 01 01 00 00 00 00 00 01 00 01 00 00 F0 D0 D8 F8 F0 80 00 80 00 00 00 00 00 00 80
BP_worldloop pc=A702 sp=F37C bank=01/02/03 flow=01 menu=00 screen=00 pack=00 slots=31 player=00 pxy=98,80
BP_worldloop entity_active=01 01 01 01 01 01 FF FF
BP_worldloop entity_sprite_asset_index=07 09 00 00 01 07 FF FF FF FF FF FF FF FF FF FF
BP_worldloop base_slots=00 04 00 06 0A 0C 12 16 1A 1C 1E 22 26 28 2E 32
BP_worldloop sat_ram=E0 08 00 06 E0 08 04 0F A0 6D 74 0E E0 FF FF FF E0 FF FF FF E0 FF FF FF E0 FF FF FF E0 FF FF FF E0 FF FF FF E0 FF FF FF E0 FF FF FF E0 FF FF FF
BP_worldloop sat_vram=E0 08 00 06 E0 08 04 0F A0 6D 74 0E E0 FF FF FF E0 FF FF FF E0 FF FF FF E0 FF FF FF E0 FF FF FF E0 FF FF FF E0 FF FF FF E0 FF FF FF D1 00 2C 00
BP_worldloop sprite_pattern_vram_0000=00 00 01 01 03 02 03 01 00 00 00 09 0E 07 04 0A 00 C0 B0 D0 58 DC F7 E0 40 00 E0 F8 F8 F0 08 14 00 00 00 00 00 01 00 40 60 30 19 16 11 08 00 04 00 00 00 20 A0 20 00 00 00 E0 18 04 04 08 00 08
BP_worldloop sprite_pattern_vram_0C00=07 07 05 0C 18 20 20 03 02 03 07 0F 00 01 00 01 F8 00 00 00 00 00 00 C0 40 C0 E0 F0 00 00 00 40 00 00 00 02 03 01 01 00 00 00 00 00 01 00 01 00 00 F0 D0 D8 F8 F0 80 00 80 00 00 00 00 00 00 80
BP_worldloop pc=A702 sp=F37C bank=01/02/03 flow=01 menu=00 screen=00 pack=00 slots=31 player=00 pxy=98,80
BP_worldloop entity_active=01 01 01 01 01 01 FF FF
BP_worldloop entity_sprite_asset_index=07 09 00 00 01 07 FF FF FF FF FF FF FF FF FF FF
BP_worldloop base_slots=00 04 00 06 0A 0C 12 16 1A 1C 1E 22 26 28 2E 32
BP_worldloop sat_ram=E0 08 00 06 E0 08 04 0F A0 6C 70 0E E0 FF FF FF E0 FF FF FF E0 FF FF FF E0 FF FF FF E0 FF FF FF E0 FF FF FF E0 FF FF FF E0 FF FF FF E0 FF FF FF
BP_worldloop sat_vram=E0 08 00 06 E0 08 04 0F A0 6C 70 0E E0 FF FF FF E0 FF FF FF E0 FF FF FF E0 FF FF FF E0 FF FF FF E0 FF FF FF E0 FF FF FF E0 FF FF FF D1 00 2C 00
BP_worldloop sprite_pattern_vram_0000=00 00 01 01 03 02 03 01 00 00 00 09 0E 07 04 0A 00 C0 B0 D0 58 DC F7 E0 40 00 E0 F8 F8 F0 08 14 00 00 00 00 00 01 00 40 60 30 19 16 11 08 00 04 00 00 00 20 A0 20 00 00 00 E0 18 04 04 08 00 08
BP_worldloop sprite_pattern_vram_0C00=07 07 05 0C 18 20 20 03 02 03 07 0F 00 01 00 01 F8 00 00 00 00 00 00 C0 40 C0 E0 F0 00 00 00 40 00 00 00 02 03 01 01 00 00 00 00 00 01 00 01 00 00 F0 D0 D8 F8 F0 80 00 80 00 00 00 00 00 00 80
BP_worldloop pc=A702 sp=F37C bank=01/02/03 flow=01 menu=00 screen=00 pack=00 slots=31 player=00 pxy=98,80
BP_worldloop entity_active=01 01 01 01 01 01 FF FF
BP_worldloop entity_sprite_asset_index=07 09 00 00 01 07 FF FF FF FF FF FF FF FF FF FF
BP_worldloop base_slots=00 04 00 06 0A 0C 12 16 1A 1C 1E 22 26 28 2E 32
BP_worldloop sat_ram=E0 08 00 06 E0 08 04 0F A0 6C 70 0E E0 FF FF FF E0 FF FF FF E0 FF FF FF E0 FF FF FF E0 FF FF FF E0 FF FF FF E0 FF FF FF E0 FF FF FF E0 FF FF FF
BP_worldloop sat_vram=E0 08 00 06 E0 08 04 0F A0 6C 70 0E E0 FF FF FF E0 FF FF FF E0 FF FF FF E0 FF FF FF E0 FF FF FF E0 FF FF FF E0 FF FF FF E0 FF FF FF D1 00 2C 00
BP_worldloop sprite_pattern_vram_0000=00 00 01 01 03 02 03 01 00 00 00 09 0E 07 04 0A 00 C0 B0 D0 58 DC F7 E0 40 00 E0 F8 F8 F0 08 14 00 00 00 00 00 01 00 40 60 30 19 16 11 08 00 04 00 00 00 20 A0 20 00 00 00 E0 18 04 04 08 00 08
BP_worldloop sprite_pattern_vram_0C00=07 07 05 0C 18 20 20 03 02 03 07 0F 00 01 00 01 F8 00 00 00 00 00 00 C0 40 C0 E0 F0 00 00 00 40 00 00 00 02 03 01 01 00 00 00 00 00 01 00 01 00 00 F0 D0 D8 F8 F0 80 00 80 00 00 00 00 00 00 80
BP_worldloop pc=A702 sp=F37C bank=01/02/03 flow=01 menu=00 screen=00 pack=00 slots=31 player=00 pxy=98,80
BP_worldloop entity_active=01 01 01 01 01 01 FF FF
BP_worldloop entity_sprite_asset_index=07 09 00 00 01 07 FF FF FF FF FF FF FF FF FF FF
BP_worldloop base_slots=00 04 00 06 0A 0C 12 16 1A 1C 1E 22 26 28 2E 32
BP_worldloop sat_ram=E0 08 00 06 E0 08 04 0F A0 6B 70 0E E0 FF FF FF E0 FF FF FF E0 FF FF FF E0 FF FF FF E0 FF FF FF E0 FF FF FF E0 FF FF FF E0 FF FF FF E0 FF FF FF
BP_worldloop sat_vram=E0 08 00 06 E0 08 04 0F A0 6B 70 0E E0 FF FF FF E0 FF FF FF E0 FF FF FF E0 FF FF FF E0 FF FF FF E0 FF FF FF E0 FF FF FF E0 FF FF FF D1 00 2C 00
BP_worldloop sprite_pattern_vram_0000=00 00 01 01 03 02 03 01 00 00 00 09 0E 07 04 0A 00 C0 B0 D0 58 DC F7 E0 40 00 E0 F8 F8 F0 08 14 00 00 00 00 00 01 00 40 60 30 19 16 11 08 00 04 00 00 00 20 A0 20 00 00 00 E0 18 04 04 08 00 08
BP_worldloop sprite_pattern_vram_0C00=07 07 05 0C 18 20 20 03 02 03 07 0F 00 01 00 01 F8 00 00 00 00 00 00 C0 40 C0 E0 F0 00 00 00 40 00 00 00 02 03 01 01 00 00 00 00 00 01 00 01 00 00 F0 D0 D8 F8 F0 80 00 80 00 00 00 00 00 00 80
BP_worldloop pc=A702 sp=F37C bank=01/02/03 flow=01 menu=00 screen=00 pack=00 slots=31 player=00 pxy=98,80
BP_worldloop entity_active=01 01 01 01 01 01 FF FF
BP_worldloop entity_sprite_asset_index=07 09 00 00 01 07 FF FF FF FF FF FF FF FF FF FF
BP_worldloop base_slots=00 04 00 06 0A 0C 12 16 1A 1C 1E 22 26 28 2E 32
BP_worldloop sat_ram=E0 08 00 06 E0 08 04 0F A0 6B 70 0E E0 FF FF FF E0 FF FF FF E0 FF FF FF E0 FF FF FF E0 FF FF FF E0 FF FF FF E0 FF FF FF E0 FF FF FF E0 FF FF FF
BP_worldloop sat_vram=E0 08 00 06 E0 08 04 0F A0 6B 70 0E E0 FF FF FF E0 FF FF FF E0 FF FF FF E0 FF FF FF E0 FF FF FF E0 FF FF FF E0 FF FF FF E0 FF FF FF D1 00 2C 00
BP_worldloop sprite_pattern_vram_0000=00 00 01 01 03 02 03 01 00 00 00 09 0E 07 04 0A 00 C0 B0 D0 58 DC F7 E0 40 00 E0 F8 F8 F0 08 14 00 00 00 00 00 01 00 40 60 30 19 16 11 08 00 04 00 00 00 20 A0 20 00 00 00 E0 18 04 04 08 00 08
BP_worldloop sprite_pattern_vram_0C00=07 07 05 0C 18 20 20 03 02 03 07 0F 00 01 00 01 F8 00 00 00 00 00 00 C0 40 C0 E0 F0 00 00 00 40 00 00 00 02 03 01 01 00 00 00 00 00 01 00 01 00 00 F0 D0 D8 F8 F0 80 00 80 00 00 00 00 00 00 80
BP_worldloop pc=A702 sp=F37C bank=01/02/03 flow=01 menu=00 screen=00 pack=00 slots=31 player=00 pxy=98,80
BP_worldloop entity_active=01 01 01 01 01 01 FF FF
BP_worldloop entity_sprite_asset_index=07 09 00 00 01 07 FF FF FF FF FF FF FF FF FF FF
BP_worldloop base_slots=00 04 00 06 0A 0C 12 16 1A 1C 1E 22 26 28 2E 32
BP_worldloop sat_ram=E0 08 00 06 E0 08 04 0F A0 6B 70 0E E0 FF FF FF E0 FF FF FF E0 FF FF FF E0 FF FF FF E0 FF FF FF E0 FF FF FF E0 FF FF FF E0 FF FF FF E0 FF FF FF
BP_worldloop sat_vram=E0 08 00 06 E0 08 04 0F A0 6B 70 0E E0 FF FF FF E0 FF FF FF E0 FF FF FF E0 FF FF FF E0 FF FF FF E0 FF FF FF E0 FF FF FF E0 FF FF FF D1 00 2C 00
BP_worldloop sprite_pattern_vram_0000=00 00 01 01 03 02 03 01 00 00 00 09 0E 07 04 0A 00 C0 B0 D0 58 DC F7 E0 40 00 E0 F8 F8 F0 08 14 00 00 00 00 00 01 00 40 60 30 19 16 11 08 00 04 00 00 00 20 A0 20 00 00 00 E0 18 04 04 08 00 08
BP_worldloop sprite_pattern_vram_0C00=07 07 05 0C 18 20 20 03 02 03 07 0F 00 01 00 01 F8 00 00 00 00 00 00 C0 40 C0 E0 F0 00 00 00 40 00 00 00 02 03 01 01 00 00 00 00 00 01 00 01 00 00 F0 D0 D8 F8 F0 80 00 80 00 00 00 00 00 00 80
BP_worldloop pc=A702 sp=F37C bank=01/02/03 flow=01 menu=00 screen=00 pack=00 slots=31 player=00 pxy=98,80
BP_worldloop entity_active=01 01 01 01 01 01 FF FF
BP_worldloop entity_sprite_asset_index=07 09 00 00 01 07 FF FF FF FF FF FF FF FF FF FF
BP_worldloop base_slots=00 04 00 06 0A 0C 12 16 1A 1C 1E 22 26 28 2E 32
BP_worldloop sat_ram=E0 08 00 06 E0 08 04 0F A0 6A 70 0E E0 FF FF FF E0 FF FF FF E0 FF FF FF E0 FF FF FF E0 FF FF FF E0 FF FF FF E0 FF FF FF E0 FF FF FF E0 FF FF FF
BP_worldloop sat_vram=E0 08 00 06 E0 08 04 0F A0 6A 70 0E E0 FF FF FF E0 FF FF FF E0 FF FF FF E0 FF FF FF E0 FF FF FF E0 FF FF FF E0 FF FF FF E0 FF FF FF D1 00 2C 00
BP_worldloop sprite_pattern_vram_0000=00 00 01 01 03 02 03 01 00 00 00 09 0E 07 04 0A 00 C0 B0 D0 58 DC F7 E0 40 00 E0 F8 F8 F0 08 14 00 00 00 00 00 01 00 40 60 30 19 16 11 08 00 04 00 00 00 20 A0 20 00 00 00 E0 18 04 04 08 00 08
BP_worldloop sprite_pattern_vram_0C00=07 07 05 0C 18 20 20 03 02 03 07 0F 00 01 00 01 F8 00 00 00 00 00 00 C0 40 C0 E0 F0 00 00 00 40 00 00 00 02 03 01 01 00 00 00 00 00 01 00 01 00 00 F0 D0 D8 F8 F0 80 00 80 00 00 00 00 00 00 80
BP_worldloop pc=A702 sp=F37C bank=01/02/03 flow=01 menu=00 screen=00 pack=00 slots=31 player=00 pxy=98,80
BP_worldloop entity_active=01 01 01 01 01 01 FF FF
BP_worldloop entity_sprite_asset_index=07 09 00 00 01 07 FF FF FF FF FF FF FF FF FF FF
BP_worldloop base_slots=00 04 00 06 0A 0C 12 16 1A 1C 1E 22 26 28 2E 32
BP_worldloop sat_ram=E0 08 00 06 E0 08 04 0F A0 6A 70 0E E0 FF FF FF E0 FF FF FF E0 FF FF FF E0 FF FF FF E0 FF FF FF E0 FF FF FF E0 FF FF FF E0 FF FF FF E0 FF FF FF
BP_worldloop sat_vram=E0 08 00 06 E0 08 04 0F A0 6A 70 0E E0 FF FF FF E0 FF FF FF E0 FF FF FF E0 FF FF FF E0 FF FF FF E0 FF FF FF E0 FF FF FF E0 FF FF FF D1 00 2C 00
BP_worldloop sprite_pattern_vram_0000=00 00 01 01 03 02 03 01 00 00 00 09 0E 07 04 0A 00 C0 B0 D0 58 DC F7 E0 40 00 E0 F8 F8 F0 08 14 00 00 00 00 00 01 00 40 60 30 19 16 11 08 00 04 00 00 00 20 A0 20 00 00 00 E0 18 04 04 08 00 08
BP_worldloop sprite_pattern_vram_0C00=07 07 05 0C 18 20 20 03 02 03 07 0F 00 01 00 01 F8 00 00 00 00 00 00 C0 40 C0 E0 F0 00 00 00 40 00 00 00 02 03 01 01 00 00 00 00 00 01 00 01 00 00 F0 D0 D8 F8 F0 80 00 80 00 00 00 00 00 00 80
BP_worldloop pc=A702 sp=F37C bank=01/02/03 flow=01 menu=00 screen=00 pack=00 slots=31 player=00 pxy=98,80
BP_worldloop entity_active=01 01 01 01 01 01 FF FF
BP_worldloop entity_sprite_asset_index=07 09 00 00 01 07 FF FF FF FF FF FF FF FF FF FF
BP_worldloop base_slots=00 04 00 06 0A 0C 12 16 1A 1C 1E 22 26 28 2E 32
BP_worldloop sat_ram=E0 08 00 06 E0 08 04 0F A0 6A 70 0E E0 FF FF FF E0 FF FF FF E0 FF FF FF E0 FF FF FF E0 FF FF FF E0 FF FF FF E0 FF FF FF E0 FF FF FF E0 FF FF FF
BP_worldloop sat_vram=E0 08 00 06 E0 08 04 0F A0 6A 70 0E E0 FF FF FF E0 FF FF FF E0 FF FF FF E0 FF FF FF E0 FF FF FF E0 FF FF FF E0 FF FF FF E0 FF FF FF D1 00 2C 00
BP_worldloop sprite_pattern_vram_0000=00 00 01 01 03 02 03 01 00 00 00 09 0E 07 04 0A 00 C0 B0 D0 58 DC F7 E0 40 00 E0 F8 F8 F0 08 14 00 00 00 00 00 01 00 40 60 30 19 16 11 08 00 04 00 00 00 20 A0 20 00 00 00 E0 18 04 04 08 00 08
BP_worldloop sprite_pattern_vram_0C00=07 07 05 0C 18 20 20 03 02 03 07 0F 00 01 00 01 F8 00 00 00 00 00 00 C0 40 C0 E0 F0 00 00 00 40 00 00 00 02 03 01 01 00 00 00 00 00 01 00 01 00 00 F0 D0 D8 F8 F0 80 00 80 00 00 00 00 00 00 80
BP_worldloop pc=A702 sp=F37C bank=01/02/03 flow=01 menu=00 screen=00 pack=00 slots=31 player=00 pxy=98,80
BP_worldloop entity_active=01 01 01 01 01 01 FF FF
BP_worldloop entity_sprite_asset_index=07 09 00 00 01 07 FF FF FF FF FF FF FF FF FF FF
BP_worldloop base_slots=00 04 00 06 0A 0C 12 16 1A 1C 1E 22 26 28 2E 32
BP_worldloop sat_ram=E0 08 00 06 E0 08 04 0F A0 69 70 0E E0 FF FF FF E0 FF FF FF E0 FF FF FF E0 FF FF FF E0 FF FF FF E0 FF FF FF E0 FF FF FF E0 FF FF FF E0 FF FF FF
BP_worldloop sat_vram=E0 08 00 06 E0 08 04 0F A0 69 70 0E E0 FF FF FF E0 FF FF FF E0 FF FF FF E0 FF FF FF E0 FF FF FF E0 FF FF FF E0 FF FF FF E0 FF FF FF D1 00 2C 00
BP_worldloop sprite_pattern_vram_0000=00 00 01 01 03 02 03 01 00 00 00 09 0E 07 04 0A 00 C0 B0 D0 58 DC F7 E0 40 00 E0 F8 F8 F0 08 14 00 00 00 00 00 01 00 40 60 30 19 16 11 08 00 04 00 00 00 20 A0 20 00 00 00 E0 18 04 04 08 00 08
BP_worldloop sprite_pattern_vram_0C00=07 07 05 0C 18 20 20 03 02 03 07 0F 00 01 00 01 F8 00 00 00 00 00 00 C0 40 C0 E0 F0 00 00 00 40 00 00 00 02 03 01 01 00 00 00 00 00 01 00 01 00 00 F0 D0 D8 F8 F0 80 00 80 00 00 00 00 00 00 80
BP_worldloop pc=A702 sp=F37C bank=01/02/03 flow=01 menu=00 screen=00 pack=00 slots=31 player=00 pxy=98,80
BP_worldloop entity_active=01 01 01 01 01 01 FF FF
BP_worldloop entity_sprite_asset_index=07 09 00 00 01 07 FF FF FF FF FF FF FF FF FF FF
BP_worldloop base_slots=00 04 00 06 0A 0C 12 16 1A 1C 1E 22 26 28 2E 32
BP_worldloop sat_ram=E0 08 00 06 E0 08 04 0F A0 69 70 0E E0 FF FF FF E0 FF FF FF E0 FF FF FF E0 FF FF FF E0 FF FF FF E0 FF FF FF E0 FF FF FF E0 FF FF FF E0 FF FF FF
BP_worldloop sat_vram=E0 08 00 06 E0 08 04 0F A0 69 70 0E E0 FF FF FF E0 FF FF FF E0 FF FF FF E0 FF FF FF E0 FF FF FF E0 FF FF FF E0 FF FF FF E0 FF FF FF D1 00 2C 00
BP_worldloop sprite_pattern_vram_0000=00 00 01 01 03 02 03 01 00 00 00 09 0E 07 04 0A 00 C0 B0 D0 58 DC F7 E0 40 00 E0 F8 F8 F0 08 14 00 00 00 00 00 01 00 40 60 30 19 16 11 08 00 04 00 00 00 20 A0 20 00 00 00 E0 18 04 04 08 00 08
BP_worldloop sprite_pattern_vram_0C00=07 07 05 0C 18 20 20 03 02 03 07 0F 00 01 00 01 F8 00 00 00 00 00 00 C0 40 C0 E0 F0 00 00 00 40 00 00 00 02 03 01 01 00 00 00 00 00 01 00 01 00 00 F0 D0 D8 F8 F0 80 00 80 00 00 00 00 00 00 80
BP_worldloop pc=A702 sp=F37C bank=01/02/03 flow=01 menu=00 screen=00 pack=00 slots=31 player=00 pxy=98,80
BP_worldloop entity_active=01 01 01 01 01 01 FF FF
BP_worldloop entity_sprite_asset_index=07 09 00 00 01 07 FF FF FF FF FF FF FF FF FF FF
BP_worldloop base_slots=00 04 00 06 0A 0C 12 16 1A 1C 1E 22 26 28 2E 32
BP_worldloop sat_ram=E0 08 00 06 E0 08 04 0F A0 68 70 0E E0 FF FF FF E0 FF FF FF E0 FF FF FF E0 FF FF FF E0 FF FF FF E0 FF FF FF E0 FF FF FF E0 FF FF FF E0 FF FF FF
BP_worldloop sat_vram=E0 08 00 06 E0 08 04 0F A0 68 70 0E E0 FF FF FF E0 FF FF FF E0 FF FF FF E0 FF FF FF E0 FF FF FF E0 FF FF FF E0 FF FF FF E0 FF FF FF D1 00 2C 00
BP_worldloop sprite_pattern_vram_0000=00 00 01 01 03 02 03 01 00 00 00 09 0E 07 04 0A 00 C0 B0 D0 58 DC F7 E0 40 00 E0 F8 F8 F0 08 14 00 00 00 00 00 01 00 40 60 30 19 16 11 08 00 04 00 00 00 20 A0 20 00 00 00 E0 18 04 04 08 00 08
BP_worldloop sprite_pattern_vram_0C00=07 07 05 0C 18 20 20 03 02 03 07 0F 00 01 00 01 F8 00 00 00 00 00 00 C0 40 C0 E0 F0 00 00 00 40 00 00 00 02 03 01 01 00 00 00 00 00 01 00 01 00 00 F0 D0 D8 F8 F0 80 00 80 00 00 00 00 00 00 80
BP_worldloop pc=A702 sp=F37C bank=01/02/03 flow=01 menu=00 screen=00 pack=00 slots=31 player=00 pxy=98,80
BP_worldloop entity_active=01 01 01 01 01 01 FF FF
BP_worldloop entity_sprite_asset_index=07 09 00 00 01 07 FF FF FF FF FF FF FF FF FF FF
BP_worldloop base_slots=00 04 00 06 0A 0C 12 16 1A 1C 1E 22 26 28 2E 32
BP_worldloop sat_ram=E0 08 00 06 E0 08 04 0F A0 68 70 0E E0 FF FF FF E0 FF FF FF E0 FF FF FF E0 FF FF FF E0 FF FF FF E0 FF FF FF E0 FF FF FF E0 FF FF FF E0 FF FF FF
BP_worldloop sat_vram=E0 08 00 06 E0 08 04 0F A0 68 70 0E E0 FF FF FF E0 FF FF FF E0 FF FF FF E0 FF FF FF E0 FF FF FF E0 FF FF FF E0 FF FF FF E0 FF FF FF D1 00 2C 00
BP_worldloop sprite_pattern_vram_0000=00 00 01 01 03 02 03 01 00 00 00 09 0E 07 04 0A 00 C0 B0 D0 58 DC F7 E0 40 00 E0 F8 F8 F0 08 14 00 00 00 00 00 01 00 40 60 30 19 16 11 08 00 04 00 00 00 20 A0 20 00 00 00 E0 18 04 04 08 00 08
BP_worldloop sprite_pattern_vram_0C00=07 07 05 0C 18 20 20 03 02 03 07 0F 00 01 00 01 F8 00 00 00 00 00 00 C0 40 C0 E0 F0 00 00 00 40 00 00 00 02 03 01 01 00 00 00 00 00 01 00 01 00 00 F0 D0 D8 F8 F0 80 00 80 00 00 00 00 00 00 80
BP_worldloop pc=A702 sp=F37C bank=01/02/03 flow=01 menu=00 screen=00 pack=00 slots=31 player=00 pxy=98,80
BP_worldloop entity_active=01 01 01 01 01 01 FF FF
BP_worldloop entity_sprite_asset_index=07 09 00 00 01 07 FF FF FF FF FF FF FF FF FF FF
BP_worldloop base_slots=00 04 00 06 0A 0C 12 16 1A 1C 1E 22 26 28 2E 32
BP_worldloop sat_ram=E0 08 00 06 E0 08 04 0F A0 68 70 0E E0 FF FF FF E0 FF FF FF E0 FF FF FF E0 FF FF FF E0 FF FF FF E0 FF FF FF E0 FF FF FF E0 FF FF FF E0 FF FF FF
BP_worldloop sat_vram=E0 08 00 06 E0 08 04 0F A0 68 70 0E E0 FF FF FF E0 FF FF FF E0 FF FF FF E0 FF FF FF E0 FF FF FF E0 FF FF FF E0 FF FF FF E0 FF FF FF D1 00 2C 00
BP_worldloop sprite_pattern_vram_0000=00 00 01 01 03 02 03 01 00 00 00 09 0E 07 04 0A 00 C0 B0 D0 58 DC F7 E0 40 00 E0 F8 F8 F0 08 14 00 00 00 00 00 01 00 40 60 30 19 16 11 08 00 04 00 00 00 20 A0 20 00 00 00 E0 18 04 04 08 00 08
BP_worldloop sprite_pattern_vram_0C00=07 07 05 0C 18 20 20 03 02 03 07 0F 00 01 00 01 F8 00 00 00 00 00 00 C0 40 C0 E0 F0 00 00 00 40 00 00 00 02 03 01 01 00 00 00 00 00 01 00 01 00 00 F0 D0 D8 F8 F0 80 00 80 00 00 00 00 00 00 80
BP_worldloop pc=A702 sp=F37C bank=01/02/03 flow=01 menu=00 screen=00 pack=00 slots=31 player=00 pxy=98,80
BP_worldloop entity_active=01 01 01 01 01 01 FF FF
BP_worldloop entity_sprite_asset_index=07 09 00 00 01 07 FF FF FF FF FF FF FF FF FF FF
BP_worldloop base_slots=00 04 00 06 0A 0C 12 16 1A 1C 1E 22 26 28 2E 32
BP_worldloop sat_ram=E0 08 00 06 E0 08 04 0F A0 67 70 0E E0 FF FF FF E0 FF FF FF E0 FF FF FF E0 FF FF FF E0 FF FF FF E0 FF FF FF E0 FF FF FF E0 FF FF FF E0 FF FF FF
BP_worldloop sat_vram=E0 08 00 06 E0 08 04 0F A0 67 70 0E E0 FF FF FF E0 FF FF FF E0 FF FF FF E0 FF FF FF E0 FF FF FF E0 FF FF FF E0 FF FF FF E0 FF FF FF D1 00 2C 00
BP_worldloop sprite_pattern_vram_0000=00 00 01 01 03 02 03 01 00 00 00 09 0E 07 04 0A 00 C0 B0 D0 58 DC F7 E0 40 00 E0 F8 F8 F0 08 14 00 00 00 00 00 01 00 40 60 30 19 16 11 08 00 04 00 00 00 20 A0 20 00 00 00 E0 18 04 04 08 00 08
BP_worldloop sprite_pattern_vram_0C00=07 07 05 0C 18 20 20 03 02 03 07 0F 00 01 00 01 F8 00 00 00 00 00 00 C0 40 C0 E0 F0 00 00 00 40 00 00 00 02 03 01 01 00 00 00 00 00 01 00 01 00 00 F0 D0 D8 F8 F0 80 00 80 00 00 00 00 00 00 80
BP_worldloop pc=A702 sp=F37C bank=01/02/03 flow=01 menu=00 screen=00 pack=00 slots=31 player=00 pxy=98,80
BP_worldloop entity_active=01 01 01 01 01 01 FF FF
BP_worldloop entity_sprite_asset_index=07 09 00 00 01 07 FF FF FF FF FF FF FF FF FF FF
BP_worldloop base_slots=00 04 00 06 0A 0C 12 16 1A 1C 1E 22 26 28 2E 32
BP_worldloop sat_ram=E0 08 00 06 E0 08 04 0F A0 67 70 0E E0 FF FF FF E0 FF FF FF E0 FF FF FF E0 FF FF FF E0 FF FF FF E0 FF FF FF E0 FF FF FF E0 FF FF FF E0 FF FF FF
BP_worldloop sat_vram=E0 08 00 06 E0 08 04 0F A0 67 70 0E E0 FF FF FF E0 FF FF FF E0 FF FF FF E0 FF FF FF E0 FF FF FF E0 FF FF FF E0 FF FF FF E0 FF FF FF D1 00 2C 00
BP_worldloop sprite_pattern_vram_0000=00 00 01 01 03 02 03 01 00 00 00 09 0E 07 04 0A 00 C0 B0 D0 58 DC F7 E0 40 00 E0 F8 F8 F0 08 14 00 00 00 00 00 01 00 40 60 30 19 16 11 08 00 04 00 00 00 20 A0 20 00 00 00 E0 18 04 04 08 00 08
BP_worldloop sprite_pattern_vram_0C00=07 07 05 0C 18 20 20 03 02 03 07 0F 00 01 00 01 F8 00 00 00 00 00 00 C0 40 C0 E0 F0 00 00 00 40 00 00 00 02 03 01 01 00 00 00 00 00 01 00 01 00 00 F0 D0 D8 F8 F0 80 00 80 00 00 00 00 00 00 80
BP_worldloop pc=A702 sp=F37C bank=01/02/03 flow=01 menu=00 screen=00 pack=00 slots=31 player=00 pxy=98,80
BP_worldloop entity_active=01 01 01 01 01 01 FF FF
BP_worldloop entity_sprite_asset_index=07 09 00 00 01 07 FF FF FF FF FF FF FF FF FF FF
BP_worldloop base_slots=00 04 00 06 0A 0C 12 16 1A 1C 1E 22 26 28 2E 32
BP_worldloop sat_ram=E0 08 00 06 E0 08 04 0F A0 67 70 0E E0 FF FF FF E0 FF FF FF E0 FF FF FF E0 FF FF FF E0 FF FF FF E0 FF FF FF E0 FF FF FF E0 FF FF FF E0 FF FF FF
BP_worldloop sat_vram=E0 08 00 06 E0 08 04 0F A0 67 70 0E E0 FF FF FF E0 FF FF FF E0 FF FF FF E0 FF FF FF E0 FF FF FF E0 FF FF FF E0 FF FF FF E0 FF FF FF D1 00 2C 00
BP_worldloop sprite_pattern_vram_0000=00 00 01 01 03 02 03 01 00 00 00 09 0E 07 04 0A 00 C0 B0 D0 58 DC F7 E0 40 00 E0 F8 F8 F0 08 14 00 00 00 00 00 01 00 40 60 30 19 16 11 08 00 04 00 00 00 20 A0 20 00 00 00 E0 18 04 04 08 00 08
BP_worldloop sprite_pattern_vram_0C00=07 07 05 0C 18 20 20 03 02 03 07 0F 00 01 00 01 F8 00 00 00 00 00 00 C0 40 C0 E0 F0 00 00 00 40 00 00 00 02 03 01 01 00 00 00 00 00 01 00 01 00 00 F0 D0 D8 F8 F0 80 00 80 00 00 00 00 00 00 80
BP_worldloop pc=A702 sp=F37C bank=01/02/03 flow=01 menu=00 screen=00 pack=00 slots=31 player=00 pxy=98,80
BP_worldloop entity_active=01 01 01 01 01 01 FF FF
BP_worldloop entity_sprite_asset_index=07 09 00 00 01 07 FF FF FF FF FF FF FF FF FF FF
BP_worldloop base_slots=00 04 00 06 0A 0C 12 16 1A 1C 1E 22 26 28 2E 32
BP_worldloop sat_ram=E0 08 00 06 E0 08 04 0F A0 66 74 0E E0 FF FF FF E0 FF FF FF E0 FF FF FF E0 FF FF FF E0 FF FF FF E0 FF FF FF E0 FF FF FF E0 FF FF FF E0 FF FF FF
BP_worldloop sat_vram=E0 08 00 06 E0 08 04 0F A0 66 74 0E E0 FF FF FF E0 FF FF FF E0 FF FF FF E0 FF FF FF E0 FF FF FF E0 FF FF FF E0 FF FF FF E0 FF FF FF D1 00 2C 00
BP_worldloop sprite_pattern_vram_0000=00 00 01 01 03 02 03 01 00 00 00 09 0E 07 04 0A 00 C0 B0 D0 58 DC F7 E0 40 00 E0 F8 F8 F0 08 14 00 00 00 00 00 01 00 40 60 30 19 16 11 08 00 04 00 00 00 20 A0 20 00 00 00 E0 18 04 04 08 00 08
BP_worldloop sprite_pattern_vram_0C00=07 07 05 0C 18 20 20 03 02 03 07 0F 00 01 00 01 F8 00 00 00 00 00 00 C0 40 C0 E0 F0 00 00 00 40 00 00 00 02 03 01 01 00 00 00 00 00 01 00 01 00 00 F0 D0 D8 F8 F0 80 00 80 00 00 00 00 00 00 80
BP_worldloop pc=A702 sp=F37C bank=01/02/03 flow=01 menu=00 screen=00 pack=00 slots=31 player=00 pxy=98,80
BP_worldloop entity_active=01 01 01 01 01 01 FF FF
BP_worldloop entity_sprite_asset_index=07 09 00 00 01 07 FF FF FF FF FF FF FF FF FF FF
BP_worldloop base_slots=00 04 00 06 0A 0C 12 16 1A 1C 1E 22 26 28 2E 32
BP_worldloop sat_ram=E0 08 00 06 E0 08 04 0F A0 66 74 0E E0 FF FF FF E0 FF FF FF E0 FF FF FF E0 FF FF FF E0 FF FF FF E0 FF FF FF E0 FF FF FF E0 FF FF FF E0 FF FF FF
BP_worldloop sat_vram=E0 08 00 06 E0 08 04 0F A0 66 74 0E E0 FF FF FF E0 FF FF FF E0 FF FF FF E0 FF FF FF E0 FF FF FF E0 FF FF FF E0 FF FF FF E0 FF FF FF D1 00 2C 00
BP_worldloop sprite_pattern_vram_0000=00 00 01 01 03 02 03 01 00 00 00 09 0E 07 04 0A 00 C0 B0 D0 58 DC F7 E0 40 00 E0 F8 F8 F0 08 14 00 00 00 00 00 01 00 40 60 30 19 16 11 08 00 04 00 00 00 20 A0 20 00 00 00 E0 18 04 04 08 00 08
BP_worldloop sprite_pattern_vram_0C00=07 07 05 0C 18 20 20 03 02 03 07 0F 00 01 00 01 F8 00 00 00 00 00 00 C0 40 C0 E0 F0 00 00 00 40 00 00 00 02 03 01 01 00 00 00 00 00 01 00 01 00 00 F0 D0 D8 F8 F0 80 00 80 00 00 00 00 00 00 80
BP_worldloop pc=A702 sp=F37C bank=01/02/03 flow=01 menu=00 screen=00 pack=00 slots=31 player=00 pxy=98,80
BP_worldloop entity_active=01 01 01 01 01 01 FF FF
BP_worldloop entity_sprite_asset_index=07 09 00 00 01 07 FF FF FF FF FF FF FF FF FF FF
BP_worldloop base_slots=00 04 00 06 0A 0C 12 16 1A 1C 1E 22 26 28 2E 32
BP_worldloop sat_ram=E0 08 00 06 E0 08 04 0F A0 66 74 0E E0 FF FF FF E0 FF FF FF E0 FF FF FF E0 FF FF FF E0 FF FF FF E0 FF FF FF E0 FF FF FF E0 FF FF FF E0 FF FF FF
BP_worldloop sat_vram=E0 08 00 06 E0 08 04 0F A0 66 74 0E E0 FF FF FF E0 FF FF FF E0 FF FF FF E0 FF FF FF E0 FF FF FF E0 FF FF FF E0 FF FF FF E0 FF FF FF D1 00 2C 00
BP_worldloop sprite_pattern_vram_0000=00 00 01 01 03 02 03 01 00 00 00 09 0E 07 04 0A 00 C0 B0 D0 58 DC F7 E0 40 00 E0 F8 F8 F0 08 14 00 00 00 00 00 01 00 40 60 30 19 16 11 08 00 04 00 00 00 20 A0 20 00 00 00 E0 18 04 04 08 00 08
BP_worldloop sprite_pattern_vram_0C00=07 07 05 0C 18 20 20 03 02 03 07 0F 00 01 00 01 F8 00 00 00 00 00 00 C0 40 C0 E0 F0 00 00 00 40 00 00 00 02 03 01 01 00 00 00 00 00 01 00 01 00 00 F0 D0 D8 F8 F0 80 00 80 00 00 00 00 00 00 80
BP_worldloop pc=A702 sp=F37C bank=01/02/03 flow=01 menu=00 screen=00 pack=00 slots=31 player=00 pxy=98,80
BP_worldloop entity_active=01 01 01 01 01 01 FF FF
BP_worldloop entity_sprite_asset_index=07 09 00 00 01 07 FF FF FF FF FF FF FF FF FF FF
BP_worldloop base_slots=00 04 00 06 0A 0C 12 16 1A 1C 1E 22 26 28 2E 32
BP_worldloop sat_ram=E0 08 00 06 E0 08 04 0F A0 66 74 0E E0 FF FF FF E0 FF FF FF E0 FF FF FF E0 FF FF FF E0 FF FF FF E0 FF FF FF E0 FF FF FF E0 FF FF FF E0 FF FF FF
BP_worldloop sat_vram=E0 08 00 06 E0 08 04 0F A0 66 74 0E E0 FF FF FF E0 FF FF FF E0 FF FF FF E0 FF FF FF E0 FF FF FF E0 FF FF FF E0 FF FF FF E0 FF FF FF D1 00 2C 00
BP_worldloop sprite_pattern_vram_0000=00 00 01 01 03 02 03 01 00 00 00 09 0E 07 04 0A 00 C0 B0 D0 58 DC F7 E0 40 00 E0 F8 F8 F0 08 14 00 00 00 00 00 01 00 40 60 30 19 16 11 08 00 04 00 00 00 20 A0 20 00 00 00 E0 18 04 04 08 00 08
BP_worldloop sprite_pattern_vram_0C00=07 07 05 0C 18 20 20 03 02 03 07 0F 00 01 00 01 F8 00 00 00 00 00 00 C0 40 C0 E0 F0 00 00 00 40 00 00 00 02 03 01 01 00 00 00 00 00 01 00 01 00 00 F0 D0 D8 F8 F0 80 00 80 00 00 00 00 00 00 80
BP_worldloop pc=A702 sp=F37C bank=01/02/03 flow=01 menu=00 screen=00 pack=00 slots=31 player=00 pxy=98,80
BP_worldloop entity_active=01 01 01 01 01 01 FF FF
BP_worldloop entity_sprite_asset_index=07 09 00 00 01 07 FF FF FF FF FF FF FF FF FF FF
BP_worldloop base_slots=00 04 00 06 0A 0C 12 16 1A 1C 1E 22 26 28 2E 32
BP_worldloop sat_ram=E0 08 00 06 E0 08 04 0F A0 66 74 0E E0 FF FF FF E0 FF FF FF E0 FF FF FF E0 FF FF FF E0 FF FF FF E0 FF FF FF E0 FF FF FF E0 FF FF FF E0 FF FF FF
BP_worldloop sat_vram=E0 08 00 06 E0 08 04 0F A0 66 74 0E E0 FF FF FF E0 FF FF FF E0 FF FF FF E0 FF FF FF E0 FF FF FF E0 FF FF FF E0 FF FF FF E0 FF FF FF D1 00 2C 00
BP_worldloop sprite_pattern_vram_0000=00 00 01 01 03 02 03 01 00 00 00 09 0E 07 04 0A 00 C0 B0 D0 58 DC F7 E0 40 00 E0 F8 F8 F0 08 14 00 00 00 00 00 01 00 40 60 30 19 16 11 08 00 04 00 00 00 20 A0 20 00 00 00 E0 18 04 04 08 00 08
BP_worldloop sprite_pattern_vram_0C00=07 07 05 0C 18 20 20 03 02 03 07 0F 00 01 00 01 F8 00 00 00 00 00 00 C0 40 C0 E0 F0 00 00 00 40 00 00 00 02 03 01 01 00 00 00 00 00 01 00 01 00 00 F0 D0 D8 F8 F0 80 00 80 00 00 00 00 00 00 80
BP_worldloop pc=A702 sp=F37C bank=01/02/03 flow=01 menu=00 screen=00 pack=00 slots=31 player=00 pxy=98,80
BP_worldloop entity_active=01 01 01 01 01 01 FF FF
BP_worldloop entity_sprite_asset_index=07 09 00 00 01 07 FF FF FF FF FF FF FF FF FF FF
BP_worldloop base_slots=00 04 00 06 0A 0C 12 16 1A 1C 1E 22 26 28 2E 32
BP_worldloop sat_ram=E0 08 00 06 E0 08 04 0F A0 65 74 0E E0 FF FF FF E0 FF FF FF E0 FF FF FF E0 FF FF FF E0 FF FF FF E0 FF FF FF E0 FF FF FF E0 FF FF FF E0 FF FF FF
BP_worldloop sat_vram=E0 08 00 06 E0 08 04 0F A0 65 74 0E E0 FF FF FF E0 FF FF FF E0 FF FF FF E0 FF FF FF E0 FF FF FF E0 FF FF FF E0 FF FF FF E0 FF FF FF D1 00 2C 00
BP_worldloop sprite_pattern_vram_0000=00 00 01 01 03 02 03 01 00 00 00 09 0E 07 04 0A 00 C0 B0 D0 58 DC F7 E0 40 00 E0 F8 F8 F0 08 14 00 00 00 00 00 01 00 40 60 30 19 16 11 08 00 04 00 00 00 20 A0 20 00 00 00 E0 18 04 04 08 00 08
BP_worldloop sprite_pattern_vram_0C00=07 07 05 0C 18 20 20 03 02 03 07 0F 00 01 00 01 F8 00 00 00 00 00 00 C0 40 C0 E0 F0 00 00 00 40 00 00 00 02 03 01 01 00 00 00 00 00 01 00 01 00 00 F0 D0 D8 F8 F0 80 00 80 00 00 00 00 00 00 80
BP_worldloop pc=A702 sp=F37C bank=01/02/03 flow=01 menu=00 screen=00 pack=00 slots=31 player=00 pxy=98,80
BP_worldloop entity_active=01 01 01 01 01 01 FF FF
BP_worldloop entity_sprite_asset_index=07 09 00 00 01 07 FF FF FF FF FF FF FF FF FF FF
BP_worldloop base_slots=00 04 00 06 0A 0C 12 16 1A 1C 1E 22 26 28 2E 32
BP_worldloop sat_ram=E0 08 00 06 E0 08 04 0F A0 65 74 0E E0 FF FF FF E0 FF FF FF E0 FF FF FF E0 FF FF FF E0 FF FF FF E0 FF FF FF E0 FF FF FF E0 FF FF FF E0 FF FF FF
BP_worldloop sat_vram=E0 08 00 06 E0 08 04 0F A0 65 74 0E E0 FF FF FF E0 FF FF FF E0 FF FF FF E0 FF FF FF E0 FF FF FF E0 FF FF FF E0 FF FF FF E0 FF FF FF D1 00 2C 00
BP_worldloop sprite_pattern_vram_0000=00 00 01 01 03 02 03 01 00 00 00 09 0E 07 04 0A 00 C0 B0 D0 58 DC F7 E0 40 00 E0 F8 F8 F0 08 14 00 00 00 00 00 01 00 40 60 30 19 16 11 08 00 04 00 00 00 20 A0 20 00 00 00 E0 18 04 04 08 00 08
BP_worldloop sprite_pattern_vram_0C00=07 07 05 0C 18 20 20 03 02 03 07 0F 00 01 00 01 F8 00 00 00 00 00 00 C0 40 C0 E0 F0 00 00 00 40 00 00 00 02 03 01 01 00 00 00 00 00 01 00 01 00 00 F0 D0 D8 F8 F0 80 00 80 00 00 00 00 00 00 80
BP_worldloop pc=A702 sp=F37C bank=01/02/03 flow=01 menu=00 screen=00 pack=00 slots=31 player=00 pxy=98,80
BP_worldloop entity_active=01 01 01 01 01 01 FF FF
BP_worldloop entity_sprite_asset_index=07 09 00 00 01 07 FF FF FF FF FF FF FF FF FF FF
BP_worldloop base_slots=00 04 00 06 0A 0C 12 16 1A 1C 1E 22 26 28 2E 32
BP_worldloop sat_ram=E0 08 00 06 E0 08 04 0F A0 65 74 0E E0 FF FF FF E0 FF FF FF E0 FF FF FF E0 FF FF FF E0 FF FF FF E0 FF FF FF E0 FF FF FF E0 FF FF FF E0 FF FF FF
BP_worldloop sat_vram=E0 08 00 06 E0 08 04 0F A0 65 74 0E E0 FF FF FF E0 FF FF FF E0 FF FF FF E0 FF FF FF E0 FF FF FF E0 FF FF FF E0 FF FF FF E0 FF FF FF D1 00 2C 00
BP_worldloop sprite_pattern_vram_0000=00 00 01 01 03 02 03 01 00 00 00 09 0E 07 04 0A 00 C0 B0 D0 58 DC F7 E0 40 00 E0 F8 F8 F0 08 14 00 00 00 00 00 01 00 40 60 30 19 16 11 08 00 04 00 00 00 20 A0 20 00 00 00 E0 18 04 04 08 00 08
BP_worldloop sprite_pattern_vram_0C00=07 07 05 0C 18 20 20 03 02 03 07 0F 00 01 00 01 F8 00 00 00 00 00 00 C0 40 C0 E0 F0 00 00 00 40 00 00 00 02 03 01 01 00 00 00 00 00 01 00 01 00 00 F0 D0 D8 F8 F0 80 00 80 00 00 00 00 00 00 80
BP_worldloop pc=A702 sp=F37C bank=01/02/03 flow=01 menu=00 screen=00 pack=00 slots=31 player=00 pxy=98,80
BP_worldloop entity_active=01 01 01 01 01 01 FF FF
BP_worldloop entity_sprite_asset_index=07 09 00 00 01 07 FF FF FF FF FF FF FF FF FF FF
BP_worldloop base_slots=00 04 00 06 0A 0C 12 16 1A 1C 1E 22 26 28 2E 32
BP_worldloop sat_ram=E0 08 00 06 E0 08 04 0F A0 64 74 0E E0 FF FF FF E0 FF FF FF E0 FF FF FF E0 FF FF FF E0 FF FF FF E0 FF FF FF E0 FF FF FF E0 FF FF FF E0 FF FF FF
BP_worldloop sat_vram=E0 08 00 06 E0 08 04 0F A0 64 74 0E E0 FF FF FF E0 FF FF FF E0 FF FF FF E0 FF FF FF E0 FF FF FF E0 FF FF FF E0 FF FF FF E0 FF FF FF D1 00 2C 00
BP_worldloop sprite_pattern_vram_0000=00 00 01 01 03 02 03 01 00 00 00 09 0E 07 04 0A 00 C0 B0 D0 58 DC F7 E0 40 00 E0 F8 F8 F0 08 14 00 00 00 00 00 01 00 40 60 30 19 16 11 08 00 04 00 00 00 20 A0 20 00 00 00 E0 18 04 04 08 00 08
BP_worldloop sprite_pattern_vram_0C00=07 07 05 0C 18 20 20 03 02 03 07 0F 00 01 00 01 F8 00 00 00 00 00 00 C0 40 C0 E0 F0 00 00 00 40 00 00 00 02 03 01 01 00 00 00 00 00 01 00 01 00 00 F0 D0 D8 F8 F0 80 00 80 00 00 00 00 00 00 80
BP_worldloop pc=A702 sp=F37C bank=01/02/03 flow=01 menu=00 screen=00 pack=00 slots=31 player=00 pxy=98,80
BP_worldloop entity_active=01 01 01 01 01 01 FF FF
BP_worldloop entity_sprite_asset_index=07 09 00 00 01 07 FF FF FF FF FF FF FF FF FF FF
BP_worldloop base_slots=00 04 00 06 0A 0C 12 16 1A 1C 1E 22 26 28 2E 32
BP_worldloop sat_ram=E0 08 00 06 E0 08 04 0F A0 64 74 0E E0 FF FF FF E0 FF FF FF E0 FF FF FF E0 FF FF FF E0 FF FF FF E0 FF FF FF E0 FF FF FF E0 FF FF FF E0 FF FF FF
BP_worldloop sat_vram=E0 08 00 06 E0 08 04 0F A0 64 74 0E E0 FF FF FF E0 FF FF FF E0 FF FF FF E0 FF FF FF E0 FF FF FF E0 FF FF FF E0 FF FF FF E0 FF FF FF D1 00 2C 00
BP_worldloop sprite_pattern_vram_0000=00 00 01 01 03 02 03 01 00 00 00 09 0E 07 04 0A 00 C0 B0 D0 58 DC F7 E0 40 00 E0 F8 F8 F0 08 14 00 00 00 00 00 01 00 40 60 30 19 16 11 08 00 04 00 00 00 20 A0 20 00 00 00 E0 18 04 04 08 00 08
BP_worldloop sprite_pattern_vram_0C00=07 07 05 0C 18 20 20 03 02 03 07 0F 00 01 00 01 F8 00 00 00 00 00 00 C0 40 C0 E0 F0 00 00 00 40 00 00 00 02 03 01 01 00 00 00 00 00 01 00 01 00 00 F0 D0 D8 F8 F0 80 00 80 00 00 00 00 00 00 80
BP_worldloop pc=A702 sp=F37C bank=01/02/03 flow=01 menu=00 screen=00 pack=00 slots=31 player=00 pxy=98,80
BP_worldloop entity_active=01 01 01 01 01 01 FF FF
BP_worldloop entity_sprite_asset_index=07 09 00 00 01 07 FF FF FF FF FF FF FF FF FF FF
BP_worldloop base_slots=00 04 00 06 0A 0C 12 16 1A 1C 1E 22 26 28 2E 32
BP_worldloop sat_ram=E0 08 00 06 E0 08 04 0F A0 64 74 0E E0 FF FF FF E0 FF FF FF E0 FF FF FF E0 FF FF FF E0 FF FF FF E0 FF FF FF E0 FF FF FF E0 FF FF FF E0 FF FF FF
BP_worldloop sat_vram=E0 08 00 06 E0 08 04 0F A0 64 74 0E E0 FF FF FF E0 FF FF FF E0 FF FF FF E0 FF FF FF E0 FF FF FF E0 FF FF FF E0 FF FF FF E0 FF FF FF D1 00 2C 00
BP_worldloop sprite_pattern_vram_0000=00 00 01 01 03 02 03 01 00 00 00 09 0E 07 04 0A 00 C0 B0 D0 58 DC F7 E0 40 00 E0 F8 F8 F0 08 14 00 00 00 00 00 01 00 40 60 30 19 16 11 08 00 04 00 00 00 20 A0 20 00 00 00 E0 18 04 04 08 00 08
BP_worldloop sprite_pattern_vram_0C00=07 07 05 0C 18 20 20 03 02 03 07 0F 00 01 00 01 F8 00 00 00 00 00 00 C0 40 C0 E0 F0 00 00 00 40 00 00 00 02 03 01 01 00 00 00 00 00 01 00 01 00 00 F0 D0 D8 F8 F0 80 00 80 00 00 00 00 00 00 80
BP_worldloop pc=A702 sp=F37C bank=01/02/03 flow=01 menu=00 screen=00 pack=00 slots=31 player=00 pxy=98,80
BP_worldloop entity_active=01 01 01 01 01 01 FF FF
BP_worldloop entity_sprite_asset_index=07 09 00 00 01 07 FF FF FF FF FF FF FF FF FF FF
BP_worldloop base_slots=00 04 00 06 0A 0C 12 16 1A 1C 1E 22 26 28 2E 32
BP_worldloop sat_ram=E0 08 00 06 E0 08 04 0F A0 63 74 0E E0 FF FF FF E0 FF FF FF E0 FF FF FF E0 FF FF FF E0 FF FF FF E0 FF FF FF E0 FF FF FF E0 FF FF FF E0 FF FF FF
BP_worldloop sat_vram=E0 08 00 06 E0 08 04 0F A0 63 74 0E E0 FF FF FF E0 FF FF FF E0 FF FF FF E0 FF FF FF E0 FF FF FF E0 FF FF FF E0 FF FF FF E0 FF FF FF D1 00 2C 00
BP_worldloop sprite_pattern_vram_0000=00 00 01 01 03 02 03 01 00 00 00 09 0E 07 04 0A 00 C0 B0 D0 58 DC F7 E0 40 00 E0 F8 F8 F0 08 14 00 00 00 00 00 01 00 40 60 30 19 16 11 08 00 04 00 00 00 20 A0 20 00 00 00 E0 18 04 04 08 00 08
BP_worldloop sprite_pattern_vram_0C00=07 07 05 0C 18 20 20 03 02 03 07 0F 00 01 00 01 F8 00 00 00 00 00 00 C0 40 C0 E0 F0 00 00 00 40 00 00 00 02 03 01 01 00 00 00 00 00 01 00 01 00 00 F0 D0 D8 F8 F0 80 00 80 00 00 00 00 00 00 80
BP_worldloop pc=A702 sp=F37C bank=01/02/03 flow=01 menu=00 screen=00 pack=00 slots=31 player=00 pxy=98,80
BP_worldloop entity_active=01 01 01 01 01 01 FF FF
BP_worldloop entity_sprite_asset_index=07 09 00 00 01 07 FF FF FF FF FF FF FF FF FF FF
BP_worldloop base_slots=00 04 00 06 0A 0C 12 16 1A 1C 1E 22 26 28 2E 32
BP_worldloop sat_ram=E0 08 00 06 E0 08 04 0F A0 63 74 0E E0 FF FF FF E0 FF FF FF E0 FF FF FF E0 FF FF FF E0 FF FF FF E0 FF FF FF E0 FF FF FF E0 FF FF FF E0 FF FF FF
BP_worldloop sat_vram=E0 08 00 06 E0 08 04 0F A0 63 74 0E E0 FF FF FF E0 FF FF FF E0 FF FF FF E0 FF FF FF E0 FF FF FF E0 FF FF FF E0 FF FF FF E0 FF FF FF D1 00 2C 00
BP_worldloop sprite_pattern_vram_0000=00 00 01 01 03 02 03 01 00 00 00 09 0E 07 04 0A 00 C0 B0 D0 58 DC F7 E0 40 00 E0 F8 F8 F0 08 14 00 00 00 00 00 01 00 40 60 30 19 16 11 08 00 04 00 00 00 20 A0 20 00 00 00 E0 18 04 04 08 00 08
BP_worldloop sprite_pattern_vram_0C00=07 07 05 0C 18 20 20 03 02 03 07 0F 00 01 00 01 F8 00 00 00 00 00 00 C0 40 C0 E0 F0 00 00 00 40 00 00 00 02 03 01 01 00 00 00 00 00 01 00 01 00 00 F0 D0 D8 F8 F0 80 00 80 00 00 00 00 00 00 80
BP_worldloop pc=A702 sp=F37C bank=01/02/03 flow=01 menu=00 screen=00 pack=00 slots=31 player=00 pxy=98,80
BP_worldloop entity_active=01 01 01 01 01 01 FF FF
BP_worldloop entity_sprite_asset_index=07 09 00 00 01 07 FF FF FF FF FF FF FF FF FF FF
BP_worldloop base_slots=00 04 00 06 0A 0C 12 16 1A 1C 1E 22 26 28 2E 32
BP_worldloop sat_ram=E0 08 00 06 E0 08 04 0F A0 62 74 0E E0 FF FF FF E0 FF FF FF E0 FF FF FF E0 FF FF FF E0 FF FF FF E0 FF FF FF E0 FF FF FF E0 FF FF FF E0 FF FF FF
BP_worldloop sat_vram=E0 08 00 06 E0 08 04 0F A0 62 74 0E E0 FF FF FF E0 FF FF FF E0 FF FF FF E0 FF FF FF E0 FF FF FF E0 FF FF FF E0 FF FF FF E0 FF FF FF D1 00 2C 00
BP_worldloop sprite_pattern_vram_0000=00 00 01 01 03 02 03 01 00 00 00 09 0E 07 04 0A 00 C0 B0 D0 58 DC F7 E0 40 00 E0 F8 F8 F0 08 14 00 00 00 00 00 01 00 40 60 30 19 16 11 08 00 04 00 00 00 20 A0 20 00 00 00 E0 18 04 04 08 00 08
BP_worldloop sprite_pattern_vram_0C00=07 07 05 0C 18 20 20 03 02 03 07 0F 00 01 00 01 F8 00 00 00 00 00 00 C0 40 C0 E0 F0 00 00 00 40 00 00 00 02 03 01 01 00 00 00 00 00 01 00 01 00 00 F0 D0 D8 F8 F0 80 00 80 00 00 00 00 00 00 80
BP_worldloop pc=A702 sp=F37C bank=01/02/03 flow=01 menu=00 screen=00 pack=00 slots=31 player=00 pxy=98,80
BP_worldloop entity_active=01 01 01 01 01 01 FF FF
BP_worldloop entity_sprite_asset_index=07 09 00 00 01 07 FF FF FF FF FF FF FF FF FF FF
BP_worldloop base_slots=00 04 00 06 0A 0C 12 16 1A 1C 1E 22 26 28 2E 32
BP_worldloop sat_ram=E0 08 00 06 E0 08 04 0F A0 62 74 0E E0 FF FF FF E0 FF FF FF E0 FF FF FF E0 FF FF FF E0 FF FF FF E0 FF FF FF E0 FF FF FF E0 FF FF FF E0 FF FF FF
BP_worldloop sat_vram=E0 08 00 06 E0 08 04 0F A0 62 74 0E E0 FF FF FF E0 FF FF FF E0 FF FF FF E0 FF FF FF E0 FF FF FF E0 FF FF FF E0 FF FF FF E0 FF FF FF D1 00 2C 00
BP_worldloop sprite_pattern_vram_0000=00 00 01 01 03 02 03 01 00 00 00 09 0E 07 04 0A 00 C0 B0 D0 58 DC F7 E0 40 00 E0 F8 F8 F0 08 14 00 00 00 00 00 01 00 40 60 30 19 16 11 08 00 04 00 00 00 20 A0 20 00 00 00 E0 18 04 04 08 00 08
BP_worldloop sprite_pattern_vram_0C00=07 07 05 0C 18 20 20 03 02 03 07 0F 00 01 00 01 F8 00 00 00 00 00 00 C0 40 C0 E0 F0 00 00 00 40 00 00 00 02 03 01 01 00 00 00 00 00 01 00 01 00 00 F0 D0 D8 F8 F0 80 00 80 00 00 00 00 00 00 80
BP_worldloop pc=A702 sp=F37C bank=01/02/03 flow=01 menu=00 screen=00 pack=00 slots=31 player=00 pxy=98,80
BP_worldloop entity_active=01 01 01 01 01 01 FF FF
BP_worldloop entity_sprite_asset_index=07 09 00 00 01 07 FF FF FF FF FF FF FF FF FF FF
BP_worldloop base_slots=00 04 00 06 0A 0C 12 16 1A 1C 1E 22 26 28 2E 32
BP_worldloop sat_ram=E0 08 00 06 E0 08 04 0F A0 62 74 0E E0 FF FF FF E0 FF FF FF E0 FF FF FF E0 FF FF FF E0 FF FF FF E0 FF FF FF E0 FF FF FF E0 FF FF FF E0 FF FF FF
BP_worldloop sat_vram=E0 08 00 06 E0 08 04 0F A0 62 74 0E E0 FF FF FF E0 FF FF FF E0 FF FF FF E0 FF FF FF E0 FF FF FF E0 FF FF FF E0 FF FF FF E0 FF FF FF D1 00 2C 00
BP_worldloop sprite_pattern_vram_0000=00 00 01 01 03 02 03 01 00 00 00 09 0E 07 04 0A 00 C0 B0 D0 58 DC F7 E0 40 00 E0 F8 F8 F0 08 14 00 00 00 00 00 01 00 40 60 30 19 16 11 08 00 04 00 00 00 20 A0 20 00 00 00 E0 18 04 04 08 00 08
BP_worldloop sprite_pattern_vram_0C00=07 07 05 0C 18 20 20 03 02 03 07 0F 00 01 00 01 F8 00 00 00 00 00 00 C0 40 C0 E0 F0 00 00 00 40 00 00 00 02 03 01 01 00 00 00 00 00 01 00 01 00 00 F0 D0 D8 F8 F0 80 00 80 00 00 00 00 00 00 80
BP_worldloop pc=A702 sp=F37C bank=01/02/03 flow=01 menu=00 screen=00 pack=00 slots=31 player=00 pxy=98,80
BP_worldloop entity_active=01 01 01 01 01 01 FF FF
BP_worldloop entity_sprite_asset_index=07 09 00 00 01 07 FF FF FF FF FF FF FF FF FF FF
BP_worldloop base_slots=00 04 00 06 0A 0C 12 16 1A 1C 1E 22 26 28 2E 32
BP_worldloop sat_ram=E0 08 00 06 E0 08 04 0F A0 61 74 0E E0 FF FF FF E0 FF FF FF E0 FF FF FF E0 FF FF FF E0 FF FF FF E0 FF FF FF E0 FF FF FF E0 FF FF FF E0 FF FF FF
BP_worldloop sat_vram=E0 08 00 06 E0 08 04 0F A0 61 74 0E E0 FF FF FF E0 FF FF FF E0 FF FF FF E0 FF FF FF E0 FF FF FF E0 FF FF FF E0 FF FF FF E0 FF FF FF D1 00 2C 00
BP_worldloop sprite_pattern_vram_0000=00 00 01 01 03 02 03 01 00 00 00 09 0E 07 04 0A 00 C0 B0 D0 58 DC F7 E0 40 00 E0 F8 F8 F0 08 14 00 00 00 00 00 01 00 40 60 30 19 16 11 08 00 04 00 00 00 20 A0 20 00 00 00 E0 18 04 04 08 00 08
BP_worldloop sprite_pattern_vram_0C00=07 07 05 0C 18 20 20 03 02 03 07 0F 00 01 00 01 F8 00 00 00 00 00 00 C0 40 C0 E0 F0 00 00 00 40 00 00 00 02 03 01 01 00 00 00 00 00 01 00 01 00 00 F0 D0 D8 F8 F0 80 00 80 00 00 00 00 00 00 80
BP_worldloop pc=A702 sp=F37C bank=01/02/03 flow=01 menu=00 screen=00 pack=00 slots=31 player=00 pxy=98,80
BP_worldloop entity_active=01 01 01 01 01 01 FF FF
BP_worldloop entity_sprite_asset_index=07 09 00 00 01 07 FF FF FF FF FF FF FF FF FF FF
BP_worldloop base_slots=00 04 00 06 0A 0C 12 16 1A 1C 1E 22 26 28 2E 32
BP_worldloop sat_ram=E0 08 00 06 E0 08 04 0F A0 61 74 0E E0 FF FF FF E0 FF FF FF E0 FF FF FF E0 FF FF FF E0 FF FF FF E0 FF FF FF E0 FF FF FF E0 FF FF FF E0 FF FF FF
BP_worldloop sat_vram=E0 08 00 06 E0 08 04 0F A0 61 74 0E E0 FF FF FF E0 FF FF FF E0 FF FF FF E0 FF FF FF E0 FF FF FF E0 FF FF FF E0 FF FF FF E0 FF FF FF D1 00 2C 00
BP_worldloop sprite_pattern_vram_0000=00 00 01 01 03 02 03 01 00 00 00 09 0E 07 04 0A 00 C0 B0 D0 58 DC F7 E0 40 00 E0 F8 F8 F0 08 14 00 00 00 00 00 01 00 40 60 30 19 16 11 08 00 04 00 00 00 20 A0 20 00 00 00 E0 18 04 04 08 00 08
BP_worldloop sprite_pattern_vram_0C00=07 07 05 0C 18 20 20 03 02 03 07 0F 00 01 00 01 F8 00 00 00 00 00 00 C0 40 C0 E0 F0 00 00 00 40 00 00 00 02 03 01 01 00 00 00 00 00 01 00 01 00 00 F0 D0 D8 F8 F0 80 00 80 00 00 00 00 00 00 80
BP_worldloop pc=A702 sp=F37C bank=01/02/03 flow=01 menu=00 screen=00 pack=00 slots=31 player=00 pxy=98,80
BP_worldloop entity_active=01 01 01 01 01 01 FF FF
BP_worldloop entity_sprite_asset_index=07 09 00 00 01 07 FF FF FF FF FF FF FF FF FF FF
BP_worldloop base_slots=00 04 00 06 0A 0C 12 16 1A 1C 1E 22 26 28 2E 32
BP_worldloop sat_ram=E0 08 00 06 E0 08 04 0F A0 61 74 0E E0 FF FF FF E0 FF FF FF E0 FF FF FF E0 FF FF FF E0 FF FF FF E0 FF FF FF E0 FF FF FF E0 FF FF FF E0 FF FF FF
BP_worldloop sat_vram=E0 08 00 06 E0 08 04 0F A0 61 74 0E E0 FF FF FF E0 FF FF FF E0 FF FF FF E0 FF FF FF E0 FF FF FF E0 FF FF FF E0 FF FF FF E0 FF FF FF D1 00 2C 00
BP_worldloop sprite_pattern_vram_0000=00 00 01 01 03 02 03 01 00 00 00 09 0E 07 04 0A 00 C0 B0 D0 58 DC F7 E0 40 00 E0 F8 F8 F0 08 14 00 00 00 00 00 01 00 40 60 30 19 16 11 08 00 04 00 00 00 20 A0 20 00 00 00 E0 18 04 04 08 00 08
BP_worldloop sprite_pattern_vram_0C00=07 07 05 0C 18 20 20 03 02 03 07 0F 00 01 00 01 F8 00 00 00 00 00 00 C0 40 C0 E0 F0 00 00 00 40 00 00 00 02 03 01 01 00 00 00 00 00 01 00 01 00 00 F0 D0 D8 F8 F0 80 00 80 00 00 00 00 00 00 80
BP_worldloop pc=A702 sp=F37C bank=01/02/03 flow=01 menu=00 screen=00 pack=00 slots=31 player=00 pxy=98,80
BP_worldloop entity_active=01 01 01 01 01 01 FF FF
BP_worldloop entity_sprite_asset_index=07 09 00 00 01 07 FF FF FF FF FF FF FF FF FF FF
BP_worldloop base_slots=00 04 00 06 0A 0C 12 16 1A 1C 1E 22 26 28 2E 32
BP_worldloop sat_ram=E0 08 00 06 E0 08 04 0F A0 60 70 0E E0 FF FF FF E0 FF FF FF E0 FF FF FF E0 FF FF FF E0 FF FF FF E0 FF FF FF E0 FF FF FF E0 FF FF FF E0 FF FF FF
BP_worldloop sat_vram=E0 08 00 06 E0 08 04 0F A0 60 70 0E E0 FF FF FF E0 FF FF FF E0 FF FF FF E0 FF FF FF E0 FF FF FF E0 FF FF FF E0 FF FF FF E0 FF FF FF D1 00 2C 00
BP_worldloop sprite_pattern_vram_0000=00 00 01 01 03 02 03 01 00 00 00 09 0E 07 04 0A 00 C0 B0 D0 58 DC F7 E0 40 00 E0 F8 F8 F0 08 14 00 00 00 00 00 01 00 40 60 30 19 16 11 08 00 04 00 00 00 20 A0 20 00 00 00 E0 18 04 04 08 00 08
BP_worldloop sprite_pattern_vram_0C00=07 07 05 0C 18 20 20 03 02 03 07 0F 00 01 00 01 F8 00 00 00 00 00 00 C0 40 C0 E0 F0 00 00 00 40 00 00 00 02 03 01 01 00 00 00 00 00 01 00 01 00 00 F0 D0 D8 F8 F0 80 00 80 00 00 00 00 00 00 80
BP_worldloop pc=A702 sp=F37C bank=01/02/03 flow=01 menu=00 screen=00 pack=00 slots=31 player=00 pxy=98,80
BP_worldloop entity_active=01 01 01 01 01 01 FF FF
BP_worldloop entity_sprite_asset_index=07 09 00 00 01 07 FF FF FF FF FF FF FF FF FF FF
BP_worldloop base_slots=00 04 00 06 0A 0C 12 16 1A 1C 1E 22 26 28 2E 32
BP_worldloop sat_ram=E0 08 00 06 E0 08 04 0F A0 60 70 0E E0 FF FF FF E0 FF FF FF E0 FF FF FF E0 FF FF FF E0 FF FF FF E0 FF FF FF E0 FF FF FF E0 FF FF FF E0 FF FF FF
BP_worldloop sat_vram=E0 08 00 06 E0 08 04 0F A0 60 70 0E E0 FF FF FF E0 FF FF FF E0 FF FF FF E0 FF FF FF E0 FF FF FF E0 FF FF FF E0 FF FF FF E0 FF FF FF D1 00 2C 00
BP_worldloop sprite_pattern_vram_0000=00 00 01 01 03 02 03 01 00 00 00 09 0E 07 04 0A 00 C0 B0 D0 58 DC F7 E0 40 00 E0 F8 F8 F0 08 14 00 00 00 00 00 01 00 40 60 30 19 16 11 08 00 04 00 00 00 20 A0 20 00 00 00 E0 18 04 04 08 00 08
BP_worldloop sprite_pattern_vram_0C00=07 07 05 0C 18 20 20 03 02 03 07 0F 00 01 00 01 F8 00 00 00 00 00 00 C0 40 C0 E0 F0 00 00 00 40 00 00 00 02 03 01 01 00 00 00 00 00 01 00 01 00 00 F0 D0 D8 F8 F0 80 00 80 00 00 00 00 00 00 80
BP_worldloop pc=A702 sp=F37C bank=01/02/03 flow=01 menu=00 screen=00 pack=00 slots=31 player=00 pxy=98,80
BP_worldloop entity_active=01 01 01 01 01 01 FF FF
BP_worldloop entity_sprite_asset_index=07 09 00 00 01 07 FF FF FF FF FF FF FF FF FF FF
BP_worldloop base_slots=00 04 00 06 0A 0C 12 16 1A 1C 1E 22 26 28 2E 32
BP_worldloop sat_ram=E0 08 00 06 E0 08 04 0F A0 61 70 0E E0 FF FF FF E0 FF FF FF E0 FF FF FF E0 FF FF FF E0 FF FF FF E0 FF FF FF E0 FF FF FF E0 FF FF FF E0 FF FF FF
BP_worldloop sat_vram=E0 08 00 06 E0 08 04 0F A0 61 70 0E E0 FF FF FF E0 FF FF FF E0 FF FF FF E0 FF FF FF E0 FF FF FF E0 FF FF FF E0 FF FF FF E0 FF FF FF D1 00 2C 00
BP_worldloop sprite_pattern_vram_0000=00 00 01 01 03 02 03 01 00 00 00 09 0E 07 04 0A 00 C0 B0 D0 58 DC F7 E0 40 00 E0 F8 F8 F0 08 14 00 00 00 00 00 01 00 40 60 30 19 16 11 08 00 04 00 00 00 20 A0 20 00 00 00 E0 18 04 04 08 00 08
BP_worldloop sprite_pattern_vram_0C00=07 07 05 0C 18 20 20 03 02 03 07 0F 00 01 00 01 F8 00 00 00 00 00 00 C0 40 C0 E0 F0 00 00 00 40 00 00 00 02 03 01 01 00 00 00 00 00 01 00 01 00 00 F0 D0 D8 F8 F0 80 00 80 00 00 00 00 00 00 80
BP_worldloop pc=A702 sp=F37C bank=01/02/03 flow=01 menu=00 screen=00 pack=00 slots=31 player=00 pxy=98,80
BP_worldloop entity_active=01 01 01 01 01 01 FF FF
BP_worldloop entity_sprite_asset_index=07 09 00 00 01 07 FF FF FF FF FF FF FF FF FF FF
BP_worldloop base_slots=00 04 00 06 0A 0C 12 16 1A 1C 1E 22 26 28 2E 32
BP_worldloop sat_ram=E0 08 00 06 E0 08 04 0F A0 61 70 0E E0 FF FF FF E0 FF FF FF E0 FF FF FF E0 FF FF FF E0 FF FF FF E0 FF FF FF E0 FF FF FF E0 FF FF FF E0 FF FF FF
BP_worldloop sat_vram=E0 08 00 06 E0 08 04 0F A0 61 70 0E E0 FF FF FF E0 FF FF FF E0 FF FF FF E0 FF FF FF E0 FF FF FF E0 FF FF FF E0 FF FF FF E0 FF FF FF D1 00 2C 00
BP_worldloop sprite_pattern_vram_0000=00 00 01 01 03 02 03 01 00 00 00 09 0E 07 04 0A 00 C0 B0 D0 58 DC F7 E0 40 00 E0 F8 F8 F0 08 14 00 00 00 00 00 01 00 40 60 30 19 16 11 08 00 04 00 00 00 20 A0 20 00 00 00 E0 18 04 04 08 00 08
BP_worldloop sprite_pattern_vram_0C00=07 07 05 0C 18 20 20 03 02 03 07 0F 00 01 00 01 F8 00 00 00 00 00 00 C0 40 C0 E0 F0 00 00 00 40 00 00 00 02 03 01 01 00 00 00 00 00 01 00 01 00 00 F0 D0 D8 F8 F0 80 00 80 00 00 00 00 00 00 80
BP_worldloop pc=A702 sp=F37C bank=01/02/03 flow=01 menu=00 screen=00 pack=00 slots=31 player=00 pxy=98,80
BP_worldloop entity_active=01 01 01 01 01 01 FF FF
BP_worldloop entity_sprite_asset_index=07 09 00 00 01 07 FF FF FF FF FF FF FF FF FF FF
BP_worldloop base_slots=00 04 00 06 0A 0C 12 16 1A 1C 1E 22 26 28 2E 32
BP_worldloop sat_ram=E0 08 00 06 E0 08 04 0F A0 61 70 0E E0 FF FF FF E0 FF FF FF E0 FF FF FF E0 FF FF FF E0 FF FF FF E0 FF FF FF E0 FF FF FF E0 FF FF FF E0 FF FF FF
BP_worldloop sat_vram=E0 08 00 06 E0 08 04 0F A0 61 70 0E E0 FF FF FF E0 FF FF FF E0 FF FF FF E0 FF FF FF E0 FF FF FF E0 FF FF FF E0 FF FF FF E0 FF FF FF D1 00 2C 00
BP_worldloop sprite_pattern_vram_0000=00 00 01 01 03 02 03 01 00 00 00 09 0E 07 04 0A 00 C0 B0 D0 58 DC F7 E0 40 00 E0 F8 F8 F0 08 14 00 00 00 00 00 01 00 40 60 30 19 16 11 08 00 04 00 00 00 20 A0 20 00 00 00 E0 18 04 04 08 00 08
BP_worldloop sprite_pattern_vram_0C00=07 07 05 0C 18 20 20 03 02 03 07 0F 00 01 00 01 F8 00 00 00 00 00 00 C0 40 C0 E0 F0 00 00 00 40 00 00 00 02 03 01 01 00 00 00 00 00 01 00 01 00 00 F0 D0 D8 F8 F0 80 00 80 00 00 00 00 00 00 80
BP_worldloop pc=A702 sp=F37C bank=01/02/03 flow=01 menu=00 screen=00 pack=00 slots=31 player=00 pxy=98,80
BP_worldloop entity_active=01 01 01 01 01 01 FF FF
BP_worldloop entity_sprite_asset_index=07 09 00 00 01 07 FF FF FF FF FF FF FF FF FF FF
BP_worldloop base_slots=00 04 00 06 0A 0C 12 16 1A 1C 1E 22 26 28 2E 32
BP_worldloop sat_ram=E0 08 00 06 E0 08 04 0F A0 62 70 0E E0 FF FF FF E0 FF FF FF E0 FF FF FF E0 FF FF FF E0 FF FF FF E0 FF FF FF E0 FF FF FF E0 FF FF FF E0 FF FF FF
BP_worldloop sat_vram=E0 08 00 06 E0 08 04 0F A0 62 70 0E E0 FF FF FF E0 FF FF FF E0 FF FF FF E0 FF FF FF E0 FF FF FF E0 FF FF FF E0 FF FF FF E0 FF FF FF D1 00 2C 00
BP_worldloop sprite_pattern_vram_0000=00 00 01 01 03 02 03 01 00 00 00 09 0E 07 04 0A 00 C0 B0 D0 58 DC F7 E0 40 00 E0 F8 F8 F0 08 14 00 00 00 00 00 01 00 40 60 30 19 16 11 08 00 04 00 00 00 20 A0 20 00 00 00 E0 18 04 04 08 00 08
BP_worldloop sprite_pattern_vram_0C00=07 07 05 0C 18 20 20 03 02 03 07 0F 00 01 00 01 F8 00 00 00 00 00 00 C0 40 C0 E0 F0 00 00 00 40 00 00 00 02 03 01 01 00 00 00 00 00 01 00 01 00 00 F0 D0 D8 F8 F0 80 00 80 00 00 00 00 00 00 80
BP_worldloop pc=A702 sp=F37C bank=01/02/03 flow=01 menu=00 screen=00 pack=00 slots=31 player=00 pxy=98,80
BP_worldloop entity_active=01 01 01 01 01 01 FF FF
BP_worldloop entity_sprite_asset_index=07 09 00 00 01 07 FF FF FF FF FF FF FF FF FF FF
BP_worldloop base_slots=00 04 00 06 0A 0C 12 16 1A 1C 1E 22 26 28 2E 32
BP_worldloop sat_ram=E0 08 00 06 E0 08 04 0F A0 62 70 0E E0 FF FF FF E0 FF FF FF E0 FF FF FF E0 FF FF FF E0 FF FF FF E0 FF FF FF E0 FF FF FF E0 FF FF FF E0 FF FF FF
BP_worldloop sat_vram=E0 08 00 06 E0 08 04 0F A0 62 70 0E E0 FF FF FF E0 FF FF FF E0 FF FF FF E0 FF FF FF E0 FF FF FF E0 FF FF FF E0 FF FF FF E0 FF FF FF D1 00 2C 00
BP_worldloop sprite_pattern_vram_0000=00 00 01 01 03 02 03 01 00 00 00 09 0E 07 04 0A 00 C0 B0 D0 58 DC F7 E0 40 00 E0 F8 F8 F0 08 14 00 00 00 00 00 01 00 40 60 30 19 16 11 08 00 04 00 00 00 20 A0 20 00 00 00 E0 18 04 04 08 00 08
BP_worldloop sprite_pattern_vram_0C00=07 07 05 0C 18 20 20 03 02 03 07 0F 00 01 00 01 F8 00 00 00 00 00 00 C0 40 C0 E0 F0 00 00 00 40 00 00 00 02 03 01 01 00 00 00 00 00 01 00 01 00 00 F0 D0 D8 F8 F0 80 00 80 00 00 00 00 00 00 80
BP_worldloop pc=A702 sp=F37C bank=01/02/03 flow=01 menu=00 screen=00 pack=00 slots=31 player=00 pxy=98,80
BP_worldloop entity_active=01 01 01 01 01 01 FF FF
BP_worldloop entity_sprite_asset_index=07 09 00 00 01 07 FF FF FF FF FF FF FF FF FF FF
BP_worldloop base_slots=00 04 00 06 0A 0C 12 16 1A 1C 1E 22 26 28 2E 32
BP_worldloop sat_ram=E0 08 00 06 E0 08 04 0F A0 62 70 0E E0 FF FF FF E0 FF FF FF E0 FF FF FF E0 FF FF FF E0 FF FF FF E0 FF FF FF E0 FF FF FF E0 FF FF FF E0 FF FF FF
BP_worldloop sat_vram=E0 08 00 06 E0 08 04 0F A0 62 70 0E E0 FF FF FF E0 FF FF FF E0 FF FF FF E0 FF FF FF E0 FF FF FF E0 FF FF FF E0 FF FF FF E0 FF FF FF D1 00 2C 00
BP_worldloop sprite_pattern_vram_0000=00 00 01 01 03 02 03 01 00 00 00 09 0E 07 04 0A 00 C0 B0 D0 58 DC F7 E0 40 00 E0 F8 F8 F0 08 14 00 00 00 00 00 01 00 40 60 30 19 16 11 08 00 04 00 00 00 20 A0 20 00 00 00 E0 18 04 04 08 00 08
BP_worldloop sprite_pattern_vram_0C00=07 07 05 0C 18 20 20 03 02 03 07 0F 00 01 00 01 F8 00 00 00 00 00 00 C0 40 C0 E0 F0 00 00 00 40 00 00 00 02 03 01 01 00 00 00 00 00 01 00 01 00 00 F0 D0 D8 F8 F0 80 00 80 00 00 00 00 00 00 80
BP_worldloop pc=A702 sp=F37C bank=01/02/03 flow=01 menu=00 screen=00 pack=00 slots=31 player=00 pxy=98,80
BP_worldloop entity_active=01 01 01 01 01 01 FF FF
BP_worldloop entity_sprite_asset_index=07 09 00 00 01 07 FF FF FF FF FF FF FF FF FF FF
BP_worldloop base_slots=00 04 00 06 0A 0C 12 16 1A 1C 1E 22 26 28 2E 32
BP_worldloop sat_ram=E0 08 00 06 E0 08 04 0F A0 63 70 0E E0 FF FF FF E0 FF FF FF E0 FF FF FF E0 FF FF FF E0 FF FF FF E0 FF FF FF E0 FF FF FF E0 FF FF FF E0 FF FF FF
BP_worldloop sat_vram=E0 08 00 06 E0 08 04 0F A0 63 70 0E E0 FF FF FF E0 FF FF FF E0 FF FF FF E0 FF FF FF E0 FF FF FF E0 FF FF FF E0 FF FF FF E0 FF FF FF D1 00 2C 00
BP_worldloop sprite_pattern_vram_0000=00 00 01 01 03 02 03 01 00 00 00 09 0E 07 04 0A 00 C0 B0 D0 58 DC F7 E0 40 00 E0 F8 F8 F0 08 14 00 00 00 00 00 01 00 40 60 30 19 16 11 08 00 04 00 00 00 20 A0 20 00 00 00 E0 18 04 04 08 00 08
BP_worldloop sprite_pattern_vram_0C00=07 07 05 0C 18 20 20 03 02 03 07 0F 00 01 00 01 F8 00 00 00 00 00 00 C0 40 C0 E0 F0 00 00 00 40 00 00 00 02 03 01 01 00 00 00 00 00 01 00 01 00 00 F0 D0 D8 F8 F0 80 00 80 00 00 00 00 00 00 80
BP_worldloop pc=A702 sp=F37C bank=01/02/03 flow=01 menu=00 screen=00 pack=00 slots=31 player=00 pxy=98,80
BP_worldloop entity_active=01 01 01 01 01 01 FF FF
BP_worldloop entity_sprite_asset_index=07 09 00 00 01 07 FF FF FF FF FF FF FF FF FF FF
BP_worldloop base_slots=00 04 00 06 0A 0C 12 16 1A 1C 1E 22 26 28 2E 32
BP_worldloop sat_ram=E0 08 00 06 E0 08 04 0F A0 63 70 0E E0 FF FF FF E0 FF FF FF E0 FF FF FF E0 FF FF FF E0 FF FF FF E0 FF FF FF E0 FF FF FF E0 FF FF FF E0 FF FF FF
BP_worldloop sat_vram=E0 08 00 06 E0 08 04 0F A0 63 70 0E E0 FF FF FF E0 FF FF FF E0 FF FF FF E0 FF FF FF E0 FF FF FF E0 FF FF FF E0 FF FF FF E0 FF FF FF D1 00 2C 00
BP_worldloop sprite_pattern_vram_0000=00 00 01 01 03 02 03 01 00 00 00 09 0E 07 04 0A 00 C0 B0 D0 58 DC F7 E0 40 00 E0 F8 F8 F0 08 14 00 00 00 00 00 01 00 40 60 30 19 16 11 08 00 04 00 00 00 20 A0 20 00 00 00 E0 18 04 04 08 00 08
BP_worldloop sprite_pattern_vram_0C00=07 07 05 0C 18 20 20 03 02 03 07 0F 00 01 00 01 F8 00 00 00 00 00 00 C0 40 C0 E0 F0 00 00 00 40 00 00 00 02 03 01 01 00 00 00 00 00 01 00 01 00 00 F0 D0 D8 F8 F0 80 00 80 00 00 00 00 00 00 80
BP_worldloop pc=A702 sp=F37C bank=01/02/03 flow=01 menu=00 screen=00 pack=00 slots=31 player=00 pxy=98,80
BP_worldloop entity_active=01 01 01 01 01 01 FF FF
BP_worldloop entity_sprite_asset_index=07 09 00 00 01 07 FF FF FF FF FF FF FF FF FF FF
BP_worldloop base_slots=00 04 00 06 0A 0C 12 16 1A 1C 1E 22 26 28 2E 32
BP_worldloop sat_ram=E0 08 00 06 E0 08 04 0F A0 63 70 0E E0 FF FF FF E0 FF FF FF E0 FF FF FF E0 FF FF FF E0 FF FF FF E0 FF FF FF E0 FF FF FF E0 FF FF FF E0 FF FF FF
BP_worldloop sat_vram=E0 08 00 06 E0 08 04 0F A0 63 70 0E E0 FF FF FF E0 FF FF FF E0 FF FF FF E0 FF FF FF E0 FF FF FF E0 FF FF FF E0 FF FF FF E0 FF FF FF D1 00 2C 00
BP_worldloop sprite_pattern_vram_0000=00 00 01 01 03 02 03 01 00 00 00 09 0E 07 04 0A 00 C0 B0 D0 58 DC F7 E0 40 00 E0 F8 F8 F0 08 14 00 00 00 00 00 01 00 40 60 30 19 16 11 08 00 04 00 00 00 20 A0 20 00 00 00 E0 18 04 04 08 00 08
BP_worldloop sprite_pattern_vram_0C00=07 07 05 0C 18 20 20 03 02 03 07 0F 00 01 00 01 F8 00 00 00 00 00 00 C0 40 C0 E0 F0 00 00 00 40 00 00 00 02 03 01 01 00 00 00 00 00 01 00 01 00 00 F0 D0 D8 F8 F0 80 00 80 00 00 00 00 00 00 80
BP_worldloop pc=A702 sp=F37C bank=01/02/03 flow=01 menu=00 screen=00 pack=00 slots=31 player=00 pxy=98,80
BP_worldloop entity_active=01 01 01 01 01 01 FF FF
BP_worldloop entity_sprite_asset_index=07 09 00 00 01 07 FF FF FF FF FF FF FF FF FF FF
BP_worldloop base_slots=00 04 00 06 0A 0C 12 16 1A 1C 1E 22 26 28 2E 32
BP_worldloop sat_ram=E0 08 00 06 E0 08 04 0F A0 63 70 0E E0 FF FF FF E0 FF FF FF E0 FF FF FF E0 FF FF FF E0 FF FF FF E0 FF FF FF E0 FF FF FF E0 FF FF FF E0 FF FF FF
BP_worldloop sat_vram=E0 08 00 06 E0 08 04 0F A0 63 70 0E E0 FF FF FF E0 FF FF FF E0 FF FF FF E0 FF FF FF E0 FF FF FF E0 FF FF FF E0 FF FF FF E0 FF FF FF D1 00 2C 00
BP_worldloop sprite_pattern_vram_0000=00 00 01 01 03 02 03 01 00 00 00 09 0E 07 04 0A 00 C0 B0 D0 58 DC F7 E0 40 00 E0 F8 F8 F0 08 14 00 00 00 00 00 01 00 40 60 30 19 16 11 08 00 04 00 00 00 20 A0 20 00 00 00 E0 18 04 04 08 00 08
BP_worldloop sprite_pattern_vram_0C00=07 07 05 0C 18 20 20 03 02 03 07 0F 00 01 00 01 F8 00 00 00 00 00 00 C0 40 C0 E0 F0 00 00 00 40 00 00 00 02 03 01 01 00 00 00 00 00 01 00 01 00 00 F0 D0 D8 F8 F0 80 00 80 00 00 00 00 00 00 80
BP_worldloop pc=A702 sp=F37C bank=01/02/03 flow=01 menu=00 screen=00 pack=00 slots=31 player=00 pxy=98,80
BP_worldloop entity_active=01 01 01 01 01 01 FF FF
BP_worldloop entity_sprite_asset_index=07 09 00 00 01 07 FF FF FF FF FF FF FF FF FF FF
BP_worldloop base_slots=00 04 00 06 0A 0C 12 16 1A 1C 1E 22 26 28 2E 32
BP_worldloop sat_ram=E0 08 00 06 E0 08 04 0F A0 63 70 0E E0 FF FF FF E0 FF FF FF E0 FF FF FF E0 FF FF FF E0 FF FF FF E0 FF FF FF E0 FF FF FF E0 FF FF FF E0 FF FF FF
BP_worldloop sat_vram=E0 08 00 06 E0 08 04 0F A0 63 70 0E E0 FF FF FF E0 FF FF FF E0 FF FF FF E0 FF FF FF E0 FF FF FF E0 FF FF FF E0 FF FF FF E0 FF FF FF D1 00 2C 00
BP_worldloop sprite_pattern_vram_0000=00 00 01 01 03 02 03 01 00 00 00 09 0E 07 04 0A 00 C0 B0 D0 58 DC F7 E0 40 00 E0 F8 F8 F0 08 14 00 00 00 00 00 01 00 40 60 30 19 16 11 08 00 04 00 00 00 20 A0 20 00 00 00 E0 18 04 04 08 00 08
BP_worldloop sprite_pattern_vram_0C00=07 07 05 0C 18 20 20 03 02 03 07 0F 00 01 00 01 F8 00 00 00 00 00 00 C0 40 C0 E0 F0 00 00 00 40 00 00 00 02 03 01 01 00 00 00 00 00 01 00 01 00 00 F0 D0 D8 F8 F0 80 00 80 00 00 00 00 00 00 80
BP_worldloop pc=A702 sp=F37C bank=01/02/03 flow=01 menu=00 screen=00 pack=00 slots=31 player=00 pxy=98,80
BP_worldloop entity_active=01 01 01 01 01 01 FF FF
BP_worldloop entity_sprite_asset_index=07 09 00 00 01 07 FF FF FF FF FF FF FF FF FF FF
BP_worldloop base_slots=00 04 00 06 0A 0C 12 16 1A 1C 1E 22 26 28 2E 32
BP_worldloop sat_ram=E0 08 00 06 E0 08 04 0F A0 64 70 0E E0 FF FF FF E0 FF FF FF E0 FF FF FF E0 FF FF FF E0 FF FF FF E0 FF FF FF E0 FF FF FF E0 FF FF FF E0 FF FF FF
BP_worldloop sat_vram=E0 08 00 06 E0 08 04 0F A0 64 70 0E E0 FF FF FF E0 FF FF FF E0 FF FF FF E0 FF FF FF E0 FF FF FF E0 FF FF FF E0 FF FF FF E0 FF FF FF D1 00 2C 00
BP_worldloop sprite_pattern_vram_0000=00 00 01 01 03 02 03 01 00 00 00 09 0E 07 04 0A 00 C0 B0 D0 58 DC F7 E0 40 00 E0 F8 F8 F0 08 14 00 00 00 00 00 01 00 40 60 30 19 16 11 08 00 04 00 00 00 20 A0 20 00 00 00 E0 18 04 04 08 00 08
BP_worldloop sprite_pattern_vram_0C00=07 07 05 0C 18 20 20 03 02 03 07 0F 00 01 00 01 F8 00 00 00 00 00 00 C0 40 C0 E0 F0 00 00 00 40 00 00 00 02 03 01 01 00 00 00 00 00 01 00 01 00 00 F0 D0 D8 F8 F0 80 00 80 00 00 00 00 00 00 80
BP_worldloop pc=A702 sp=F37C bank=01/02/03 flow=01 menu=00 screen=00 pack=00 slots=31 player=00 pxy=98,80
BP_worldloop entity_active=01 01 01 01 01 01 FF FF
BP_worldloop entity_sprite_asset_index=07 09 00 00 01 07 FF FF FF FF FF FF FF FF FF FF
BP_worldloop base_slots=00 04 00 06 0A 0C 12 16 1A 1C 1E 22 26 28 2E 32
BP_worldloop sat_ram=E0 08 00 06 E0 08 04 0F A0 64 70 0E E0 FF FF FF E0 FF FF FF E0 FF FF FF E0 FF FF FF E0 FF FF FF E0 FF FF FF E0 FF FF FF E0 FF FF FF E0 FF FF FF
BP_worldloop sat_vram=E0 08 00 06 E0 08 04 0F A0 64 70 0E E0 FF FF FF E0 FF FF FF E0 FF FF FF E0 FF FF FF E0 FF FF FF E0 FF FF FF E0 FF FF FF E0 FF FF FF D1 00 2C 00
BP_worldloop sprite_pattern_vram_0000=00 00 01 01 03 02 03 01 00 00 00 09 0E 07 04 0A 00 C0 B0 D0 58 DC F7 E0 40 00 E0 F8 F8 F0 08 14 00 00 00 00 00 01 00 40 60 30 19 16 11 08 00 04 00 00 00 20 A0 20 00 00 00 E0 18 04 04 08 00 08
BP_worldloop sprite_pattern_vram_0C00=07 07 05 0C 18 20 20 03 02 03 07 0F 00 01 00 01 F8 00 00 00 00 00 00 C0 40 C0 E0 F0 00 00 00 40 00 00 00 02 03 01 01 00 00 00 00 00 01 00 01 00 00 F0 D0 D8 F8 F0 80 00 80 00 00 00 00 00 00 80
BP_worldloop pc=A702 sp=F37C bank=01/02/03 flow=01 menu=00 screen=00 pack=00 slots=31 player=00 pxy=98,80
BP_worldloop entity_active=01 01 01 01 01 01 FF FF
BP_worldloop entity_sprite_asset_index=07 09 00 00 01 07 FF FF FF FF FF FF FF FF FF FF
BP_worldloop base_slots=00 04 00 06 0A 0C 12 16 1A 1C 1E 22 26 28 2E 32
BP_worldloop sat_ram=E0 08 00 06 E0 08 04 0F A0 64 70 0E E0 FF FF FF E0 FF FF FF E0 FF FF FF E0 FF FF FF E0 FF FF FF E0 FF FF FF E0 FF FF FF E0 FF FF FF E0 FF FF FF
BP_worldloop sat_vram=E0 08 00 06 E0 08 04 0F A0 64 70 0E E0 FF FF FF E0 FF FF FF E0 FF FF FF E0 FF FF FF E0 FF FF FF E0 FF FF FF E0 FF FF FF E0 FF FF FF D1 00 2C 00
BP_worldloop sprite_pattern_vram_0000=00 00 01 01 03 02 03 01 00 00 00 09 0E 07 04 0A 00 C0 B0 D0 58 DC F7 E0 40 00 E0 F8 F8 F0 08 14 00 00 00 00 00 01 00 40 60 30 19 16 11 08 00 04 00 00 00 20 A0 20 00 00 00 E0 18 04 04 08 00 08
BP_worldloop sprite_pattern_vram_0C00=07 07 05 0C 18 20 20 03 02 03 07 0F 00 01 00 01 F8 00 00 00 00 00 00 C0 40 C0 E0 F0 00 00 00 40 00 00 00 02 03 01 01 00 00 00 00 00 01 00 01 00 00 F0 D0 D8 F8 F0 80 00 80 00 00 00 00 00 00 80
BP_worldloop pc=A702 sp=F37C bank=01/02/03 flow=01 menu=00 screen=00 pack=00 slots=31 player=00 pxy=98,80
BP_worldloop entity_active=01 01 01 01 01 01 FF FF
BP_worldloop entity_sprite_asset_index=07 09 00 00 01 07 FF FF FF FF FF FF FF FF FF FF
BP_worldloop base_slots=00 04 00 06 0A 0C 12 16 1A 1C 1E 22 26 28 2E 32
BP_worldloop sat_ram=E0 08 00 06 E0 08 04 0F A0 65 70 0E E0 FF FF FF E0 FF FF FF E0 FF FF FF E0 FF FF FF E0 FF FF FF E0 FF FF FF E0 FF FF FF E0 FF FF FF E0 FF FF FF
BP_worldloop sat_vram=E0 08 00 06 E0 08 04 0F A0 65 70 0E E0 FF FF FF E0 FF FF FF E0 FF FF FF E0 FF FF FF E0 FF FF FF E0 FF FF FF E0 FF FF FF E0 FF FF FF D1 00 2C 00
BP_worldloop sprite_pattern_vram_0000=00 00 01 01 03 02 03 01 00 00 00 09 0E 07 04 0A 00 C0 B0 D0 58 DC F7 E0 40 00 E0 F8 F8 F0 08 14 00 00 00 00 00 01 00 40 60 30 19 16 11 08 00 04 00 00 00 20 A0 20 00 00 00 E0 18 04 04 08 00 08
BP_worldloop sprite_pattern_vram_0C00=07 07 05 0C 18 20 20 03 02 03 07 0F 00 01 00 01 F8 00 00 00 00 00 00 C0 40 C0 E0 F0 00 00 00 40 00 00 00 02 03 01 01 00 00 00 00 00 01 00 01 00 00 F0 D0 D8 F8 F0 80 00 80 00 00 00 00 00 00 80
BP_worldloop pc=A702 sp=F37C bank=01/02/03 flow=01 menu=00 screen=00 pack=00 slots=31 player=00 pxy=98,80
BP_worldloop entity_active=01 01 01 01 01 01 FF FF
BP_worldloop entity_sprite_asset_index=07 09 00 00 01 07 FF FF FF FF FF FF FF FF FF FF
BP_worldloop base_slots=00 04 00 06 0A 0C 12 16 1A 1C 1E 22 26 28 2E 32
BP_worldloop sat_ram=E0 08 00 06 E0 08 04 0F A0 65 70 0E E0 FF FF FF E0 FF FF FF E0 FF FF FF E0 FF FF FF E0 FF FF FF E0 FF FF FF E0 FF FF FF E0 FF FF FF E0 FF FF FF
BP_worldloop sat_vram=E0 08 00 06 E0 08 04 0F A0 65 70 0E E0 FF FF FF E0 FF FF FF E0 FF FF FF E0 FF FF FF E0 FF FF FF E0 FF FF FF E0 FF FF FF E0 FF FF FF D1 00 2C 00
BP_worldloop sprite_pattern_vram_0000=00 00 01 01 03 02 03 01 00 00 00 09 0E 07 04 0A 00 C0 B0 D0 58 DC F7 E0 40 00 E0 F8 F8 F0 08 14 00 00 00 00 00 01 00 40 60 30 19 16 11 08 00 04 00 00 00 20 A0 20 00 00 00 E0 18 04 04 08 00 08
BP_worldloop sprite_pattern_vram_0C00=07 07 05 0C 18 20 20 03 02 03 07 0F 00 01 00 01 F8 00 00 00 00 00 00 C0 40 C0 E0 F0 00 00 00 40 00 00 00 02 03 01 01 00 00 00 00 00 01 00 01 00 00 F0 D0 D8 F8 F0 80 00 80 00 00 00 00 00 00 80
BP_worldloop pc=A702 sp=F37C bank=01/02/03 flow=01 menu=00 screen=00 pack=00 slots=31 player=00 pxy=98,80
BP_worldloop entity_active=01 01 01 01 01 01 FF FF
BP_worldloop entity_sprite_asset_index=07 09 00 00 01 07 FF FF FF FF FF FF FF FF FF FF
BP_worldloop base_slots=00 04 00 06 0A 0C 12 16 1A 1C 1E 22 26 28 2E 32
BP_worldloop sat_ram=E0 08 00 06 E0 08 04 0F A0 65 70 0E E0 FF FF FF E0 FF FF FF E0 FF FF FF E0 FF FF FF E0 FF FF FF E0 FF FF FF E0 FF FF FF E0 FF FF FF E0 FF FF FF
BP_worldloop sat_vram=E0 08 00 06 E0 08 04 0F A0 65 70 0E E0 FF FF FF E0 FF FF FF E0 FF FF FF E0 FF FF FF E0 FF FF FF E0 FF FF FF E0 FF FF FF E0 FF FF FF D1 00 2C 00
BP_worldloop sprite_pattern_vram_0000=00 00 01 01 03 02 03 01 00 00 00 09 0E 07 04 0A 00 C0 B0 D0 58 DC F7 E0 40 00 E0 F8 F8 F0 08 14 00 00 00 00 00 01 00 40 60 30 19 16 11 08 00 04 00 00 00 20 A0 20 00 00 00 E0 18 04 04 08 00 08
BP_worldloop sprite_pattern_vram_0C00=07 07 05 0C 18 20 20 03 02 03 07 0F 00 01 00 01 F8 00 00 00 00 00 00 C0 40 C0 E0 F0 00 00 00 40 00 00 00 02 03 01 01 00 00 00 00 00 01 00 01 00 00 F0 D0 D8 F8 F0 80 00 80 00 00 00 00 00 00 80
BP_worldloop pc=A702 sp=F37C bank=01/02/03 flow=01 menu=00 screen=00 pack=00 slots=31 player=00 pxy=98,80
BP_worldloop entity_active=01 01 01 01 01 01 FF FF
BP_worldloop entity_sprite_asset_index=07 09 00 00 01 07 FF FF FF FF FF FF FF FF FF FF
BP_worldloop base_slots=00 04 00 06 0A 0C 12 16 1A 1C 1E 22 26 28 2E 32
BP_worldloop sat_ram=E0 08 00 06 E0 08 04 0F A0 66 74 0E E0 FF FF FF E0 FF FF FF E0 FF FF FF E0 FF FF FF E0 FF FF FF E0 FF FF FF E0 FF FF FF E0 FF FF FF E0 FF FF FF
BP_worldloop sat_vram=E0 08 00 06 E0 08 04 0F A0 66 74 0E E0 FF FF FF E0 FF FF FF E0 FF FF FF E0 FF FF FF E0 FF FF FF E0 FF FF FF E0 FF FF FF E0 FF FF FF D1 00 2C 00
BP_worldloop sprite_pattern_vram_0000=00 00 01 01 03 02 03 01 00 00 00 09 0E 07 04 0A 00 C0 B0 D0 58 DC F7 E0 40 00 E0 F8 F8 F0 08 14 00 00 00 00 00 01 00 40 60 30 19 16 11 08 00 04 00 00 00 20 A0 20 00 00 00 E0 18 04 04 08 00 08
BP_worldloop sprite_pattern_vram_0C00=07 07 05 0C 18 20 20 03 02 03 07 0F 00 01 00 01 F8 00 00 00 00 00 00 C0 40 C0 E0 F0 00 00 00 40 00 00 00 02 03 01 01 00 00 00 00 00 01 00 01 00 00 F0 D0 D8 F8 F0 80 00 80 00 00 00 00 00 00 80
BP_worldloop pc=A702 sp=F37C bank=01/02/03 flow=01 menu=00 screen=00 pack=00 slots=31 player=00 pxy=98,80
BP_worldloop entity_active=01 01 01 01 01 01 FF FF
BP_worldloop entity_sprite_asset_index=07 09 00 00 01 07 FF FF FF FF FF FF FF FF FF FF
BP_worldloop base_slots=00 04 00 06 0A 0C 12 16 1A 1C 1E 22 26 28 2E 32
BP_worldloop sat_ram=E0 08 00 06 E0 08 04 0F A0 66 74 0E E0 FF FF FF E0 FF FF FF E0 FF FF FF E0 FF FF FF E0 FF FF FF E0 FF FF FF E0 FF FF FF E0 FF FF FF E0 FF FF FF
BP_worldloop sat_vram=E0 08 00 06 E0 08 04 0F A0 66 74 0E E0 FF FF FF E0 FF FF FF E0 FF FF FF E0 FF FF FF E0 FF FF FF E0 FF FF FF E0 FF FF FF E0 FF FF FF D1 00 2C 00
BP_worldloop sprite_pattern_vram_0000=00 00 01 01 03 02 03 01 00 00 00 09 0E 07 04 0A 00 C0 B0 D0 58 DC F7 E0 40 00 E0 F8 F8 F0 08 14 00 00 00 00 00 01 00 40 60 30 19 16 11 08 00 04 00 00 00 20 A0 20 00 00 00 E0 18 04 04 08 00 08
BP_worldloop sprite_pattern_vram_0C00=07 07 05 0C 18 20 20 03 02 03 07 0F 00 01 00 01 F8 00 00 00 00 00 00 C0 40 C0 E0 F0 00 00 00 40 00 00 00 02 03 01 01 00 00 00 00 00 01 00 01 00 00 F0 D0 D8 F8 F0 80 00 80 00 00 00 00 00 00 80
BP_worldloop pc=A702 sp=F37C bank=01/02/03 flow=01 menu=00 screen=00 pack=00 slots=31 player=00 pxy=98,80
BP_worldloop entity_active=01 01 01 01 01 01 FF FF
BP_worldloop entity_sprite_asset_index=07 09 00 00 01 07 FF FF FF FF FF FF FF FF FF FF
BP_worldloop base_slots=00 04 00 06 0A 0C 12 16 1A 1C 1E 22 26 28 2E 32
BP_worldloop sat_ram=E0 08 00 06 E0 08 04 0F A0 67 74 0E E0 FF FF FF E0 FF FF FF E0 FF FF FF E0 FF FF FF E0 FF FF FF E0 FF FF FF E0 FF FF FF E0 FF FF FF E0 FF FF FF
BP_worldloop sat_vram=E0 08 00 06 E0 08 04 0F A0 67 74 0E E0 FF FF FF E0 FF FF FF E0 FF FF FF E0 FF FF FF E0 FF FF FF E0 FF FF FF E0 FF FF FF E0 FF FF FF D1 00 2C 00
BP_worldloop sprite_pattern_vram_0000=00 00 01 01 03 02 03 01 00 00 00 09 0E 07 04 0A 00 C0 B0 D0 58 DC F7 E0 40 00 E0 F8 F8 F0 08 14 00 00 00 00 00 01 00 40 60 30 19 16 11 08 00 04 00 00 00 20 A0 20 00 00 00 E0 18 04 04 08 00 08
BP_worldloop sprite_pattern_vram_0C00=07 07 05 0C 18 20 20 03 02 03 07 0F 00 01 00 01 F8 00 00 00 00 00 00 C0 40 C0 E0 F0 00 00 00 40 00 00 00 02 03 01 01 00 00 00 00 00 01 00 01 00 00 F0 D0 D8 F8 F0 80 00 80 00 00 00 00 00 00 80
BP_worldloop pc=A702 sp=F37C bank=01/02/03 flow=01 menu=00 screen=00 pack=00 slots=31 player=00 pxy=98,80
BP_worldloop entity_active=01 01 01 01 01 01 FF FF
BP_worldloop entity_sprite_asset_index=07 09 00 00 01 07 FF FF FF FF FF FF FF FF FF FF
BP_worldloop base_slots=00 04 00 06 0A 0C 12 16 1A 1C 1E 22 26 28 2E 32
BP_worldloop sat_ram=E0 08 00 06 E0 08 04 0F A0 67 74 0E E0 FF FF FF E0 FF FF FF E0 FF FF FF E0 FF FF FF E0 FF FF FF E0 FF FF FF E0 FF FF FF E0 FF FF FF E0 FF FF FF
BP_worldloop sat_vram=E0 08 00 06 E0 08 04 0F A0 67 74 0E E0 FF FF FF E0 FF FF FF E0 FF FF FF E0 FF FF FF E0 FF FF FF E0 FF FF FF E0 FF FF FF E0 FF FF FF D1 00 2C 00
BP_worldloop sprite_pattern_vram_0000=00 00 01 01 03 02 03 01 00 00 00 09 0E 07 04 0A 00 C0 B0 D0 58 DC F7 E0 40 00 E0 F8 F8 F0 08 14 00 00 00 00 00 01 00 40 60 30 19 16 11 08 00 04 00 00 00 20 A0 20 00 00 00 E0 18 04 04 08 00 08
BP_worldloop sprite_pattern_vram_0C00=07 07 05 0C 18 20 20 03 02 03 07 0F 00 01 00 01 F8 00 00 00 00 00 00 C0 40 C0 E0 F0 00 00 00 40 00 00 00 02 03 01 01 00 00 00 00 00 01 00 01 00 00 F0 D0 D8 F8 F0 80 00 80 00 00 00 00 00 00 80
BP_worldloop pc=A702 sp=F37C bank=01/02/03 flow=01 menu=00 screen=00 pack=00 slots=31 player=00 pxy=98,80
BP_worldloop entity_active=01 01 01 01 01 01 FF FF
BP_worldloop entity_sprite_asset_index=07 09 00 00 01 07 FF FF FF FF FF FF FF FF FF FF
BP_worldloop base_slots=00 04 00 06 0A 0C 12 16 1A 1C 1E 22 26 28 2E 32
BP_worldloop sat_ram=E0 08 00 06 E0 08 04 0F A0 67 74 0E E0 FF FF FF E0 FF FF FF E0 FF FF FF E0 FF FF FF E0 FF FF FF E0 FF FF FF E0 FF FF FF E0 FF FF FF E0 FF FF FF
BP_worldloop sat_vram=E0 08 00 06 E0 08 04 0F A0 67 74 0E E0 FF FF FF E0 FF FF FF E0 FF FF FF E0 FF FF FF E0 FF FF FF E0 FF FF FF E0 FF FF FF E0 FF FF FF D1 00 2C 00
BP_worldloop sprite_pattern_vram_0000=00 00 01 01 03 02 03 01 00 00 00 09 0E 07 04 0A 00 C0 B0 D0 58 DC F7 E0 40 00 E0 F8 F8 F0 08 14 00 00 00 00 00 01 00 40 60 30 19 16 11 08 00 04 00 00 00 20 A0 20 00 00 00 E0 18 04 04 08 00 08
BP_worldloop sprite_pattern_vram_0C00=07 07 05 0C 18 20 20 03 02 03 07 0F 00 01 00 01 F8 00 00 00 00 00 00 C0 40 C0 E0 F0 00 00 00 40 00 00 00 02 03 01 01 00 00 00 00 00 01 00 01 00 00 F0 D0 D8 F8 F0 80 00 80 00 00 00 00 00 00 80
BP_worldloop pc=A702 sp=F37C bank=01/02/03 flow=01 menu=00 screen=00 pack=00 slots=31 player=00 pxy=98,80
BP_worldloop entity_active=01 01 01 01 01 01 FF FF
BP_worldloop entity_sprite_asset_index=07 09 00 00 01 07 FF FF FF FF FF FF FF FF FF FF
BP_worldloop base_slots=00 04 00 06 0A 0C 12 16 1A 1C 1E 22 26 28 2E 32
BP_worldloop sat_ram=E0 08 00 06 E0 08 04 0F A0 68 74 0E E0 FF FF FF E0 FF FF FF E0 FF FF FF E0 FF FF FF E0 FF FF FF E0 FF FF FF E0 FF FF FF E0 FF FF FF E0 FF FF FF
BP_worldloop sat_vram=E0 08 00 06 E0 08 04 0F A0 68 74 0E E0 FF FF FF E0 FF FF FF E0 FF FF FF E0 FF FF FF E0 FF FF FF E0 FF FF FF E0 FF FF FF E0 FF FF FF D1 00 2C 00
BP_worldloop sprite_pattern_vram_0000=00 00 01 01 03 02 03 01 00 00 00 09 0E 07 04 0A 00 C0 B0 D0 58 DC F7 E0 40 00 E0 F8 F8 F0 08 14 00 00 00 00 00 01 00 40 60 30 19 16 11 08 00 04 00 00 00 20 A0 20 00 00 00 E0 18 04 04 08 00 08
BP_worldloop sprite_pattern_vram_0C00=07 07 05 0C 18 20 20 03 02 03 07 0F 00 01 00 01 F8 00 00 00 00 00 00 C0 40 C0 E0 F0 00 00 00 40 00 00 00 02 03 01 01 00 00 00 00 00 01 00 01 00 00 F0 D0 D8 F8 F0 80 00 80 00 00 00 00 00 00 80
BP_worldloop pc=A702 sp=F37C bank=01/02/03 flow=01 menu=00 screen=00 pack=00 slots=31 player=00 pxy=98,80
BP_worldloop entity_active=01 01 01 01 01 01 FF FF
BP_worldloop entity_sprite_asset_index=07 09 00 00 01 07 FF FF FF FF FF FF FF FF FF FF
BP_worldloop base_slots=00 04 00 06 0A 0C 12 16 1A 1C 1E 22 26 28 2E 32
BP_worldloop sat_ram=E0 08 00 06 E0 08 04 0F A0 68 74 0E E0 FF FF FF E0 FF FF FF E0 FF FF FF E0 FF FF FF E0 FF FF FF E0 FF FF FF E0 FF FF FF E0 FF FF FF E0 FF FF FF
BP_worldloop sat_vram=E0 08 00 06 E0 08 04 0F A0 68 74 0E E0 FF FF FF E0 FF FF FF E0 FF FF FF E0 FF FF FF E0 FF FF FF E0 FF FF FF E0 FF FF FF E0 FF FF FF D1 00 2C 00
BP_worldloop sprite_pattern_vram_0000=00 00 01 01 03 02 03 01 00 00 00 09 0E 07 04 0A 00 C0 B0 D0 58 DC F7 E0 40 00 E0 F8 F8 F0 08 14 00 00 00 00 00 01 00 40 60 30 19 16 11 08 00 04 00 00 00 20 A0 20 00 00 00 E0 18 04 04 08 00 08
BP_worldloop sprite_pattern_vram_0C00=07 07 05 0C 18 20 20 03 02 03 07 0F 00 01 00 01 F8 00 00 00 00 00 00 C0 40 C0 E0 F0 00 00 00 40 00 00 00 02 03 01 01 00 00 00 00 00 01 00 01 00 00 F0 D0 D8 F8 F0 80 00 80 00 00 00 00 00 00 80
BP_worldloop pc=A702 sp=F37C bank=01/02/03 flow=01 menu=00 screen=00 pack=00 slots=31 player=00 pxy=98,80
BP_worldloop entity_active=01 01 01 01 01 01 FF FF
BP_worldloop entity_sprite_asset_index=07 09 00 00 01 07 FF FF FF FF FF FF FF FF FF FF
BP_worldloop base_slots=00 04 00 06 0A 0C 12 16 1A 1C 1E 22 26 28 2E 32
BP_worldloop sat_ram=E0 08 00 06 E0 08 04 0F A0 68 74 0E E0 FF FF FF E0 FF FF FF E0 FF FF FF E0 FF FF FF E0 FF FF FF E0 FF FF FF E0 FF FF FF E0 FF FF FF E0 FF FF FF
BP_worldloop sat_vram=E0 08 00 06 E0 08 04 0F A0 68 74 0E E0 FF FF FF E0 FF FF FF E0 FF FF FF E0 FF FF FF E0 FF FF FF E0 FF FF FF E0 FF FF FF E0 FF FF FF D1 00 2C 00
BP_worldloop sprite_pattern_vram_0000=00 00 01 01 03 02 03 01 00 00 00 09 0E 07 04 0A 00 C0 B0 D0 58 DC F7 E0 40 00 E0 F8 F8 F0 08 14 00 00 00 00 00 01 00 40 60 30 19 16 11 08 00 04 00 00 00 20 A0 20 00 00 00 E0 18 04 04 08 00 08
BP_worldloop sprite_pattern_vram_0C00=07 07 05 0C 18 20 20 03 02 03 07 0F 00 01 00 01 F8 00 00 00 00 00 00 C0 40 C0 E0 F0 00 00 00 40 00 00 00 02 03 01 01 00 00 00 00 00 01 00 01 00 00 F0 D0 D8 F8 F0 80 00 80 00 00 00 00 00 00 80
BP_worldloop pc=A702 sp=F37C bank=01/02/03 flow=01 menu=00 screen=00 pack=00 slots=31 player=00 pxy=98,80
BP_worldloop entity_active=01 01 01 01 01 01 FF FF
BP_worldloop entity_sprite_asset_index=07 09 00 00 01 07 FF FF FF FF FF FF FF FF FF FF
BP_worldloop base_slots=00 04 00 06 0A 0C 12 16 1A 1C 1E 22 26 28 2E 32
BP_worldloop sat_ram=E0 08 00 06 E0 08 04 0F A0 69 74 0E E0 FF FF FF E0 FF FF FF E0 FF FF FF E0 FF FF FF E0 FF FF FF E0 FF FF FF E0 FF FF FF E0 FF FF FF E0 FF FF FF
BP_worldloop sat_vram=E0 08 00 06 E0 08 04 0F A0 69 74 0E E0 FF FF FF E0 FF FF FF E0 FF FF FF E0 FF FF FF E0 FF FF FF E0 FF FF FF E0 FF FF FF E0 FF FF FF D1 00 2C 00
BP_worldloop sprite_pattern_vram_0000=00 00 01 01 03 02 03 01 00 00 00 09 0E 07 04 0A 00 C0 B0 D0 58 DC F7 E0 40 00 E0 F8 F8 F0 08 14 00 00 00 00 00 01 00 40 60 30 19 16 11 08 00 04 00 00 00 20 A0 20 00 00 00 E0 18 04 04 08 00 08
BP_worldloop sprite_pattern_vram_0C00=07 07 05 0C 18 20 20 03 02 03 07 0F 00 01 00 01 F8 00 00 00 00 00 00 C0 40 C0 E0 F0 00 00 00 40 00 00 00 02 03 01 01 00 00 00 00 00 01 00 01 00 00 F0 D0 D8 F8 F0 80 00 80 00 00 00 00 00 00 80
BP_worldloop pc=A702 sp=F37C bank=01/02/03 flow=01 menu=00 screen=00 pack=00 slots=31 player=00 pxy=98,80
BP_worldloop entity_active=01 01 01 01 01 01 FF FF
BP_worldloop entity_sprite_asset_index=07 09 00 00 01 07 FF FF FF FF FF FF FF FF FF FF
BP_worldloop base_slots=00 04 00 06 0A 0C 12 16 1A 1C 1E 22 26 28 2E 32
BP_worldloop sat_ram=E0 08 00 06 E0 08 04 0F A0 69 74 0E E0 FF FF FF E0 FF FF FF E0 FF FF FF E0 FF FF FF E0 FF FF FF E0 FF FF FF E0 FF FF FF E0 FF FF FF E0 FF FF FF
BP_worldloop sat_vram=E0 08 00 06 E0 08 04 0F A0 69 74 0E E0 FF FF FF E0 FF FF FF E0 FF FF FF E0 FF FF FF E0 FF FF FF E0 FF FF FF E0 FF FF FF E0 FF FF FF D1 00 2C 00
BP_worldloop sprite_pattern_vram_0000=00 00 01 01 03 02 03 01 00 00 00 09 0E 07 04 0A 00 C0 B0 D0 58 DC F7 E0 40 00 E0 F8 F8 F0 08 14 00 00 00 00 00 01 00 40 60 30 19 16 11 08 00 04 00 00 00 20 A0 20 00 00 00 E0 18 04 04 08 00 08
BP_worldloop sprite_pattern_vram_0C00=07 07 05 0C 18 20 20 03 02 03 07 0F 00 01 00 01 F8 00 00 00 00 00 00 C0 40 C0 E0 F0 00 00 00 40 00 00 00 02 03 01 01 00 00 00 00 00 01 00 01 00 00 F0 D0 D8 F8 F0 80 00 80 00 00 00 00 00 00 80
BP_worldloop pc=A702 sp=F37C bank=01/02/03 flow=01 menu=00 screen=00 pack=00 slots=31 player=00 pxy=98,80
BP_worldloop entity_active=01 01 01 01 01 01 FF FF
BP_worldloop entity_sprite_asset_index=07 09 00 00 01 07 FF FF FF FF FF FF FF FF FF FF
BP_worldloop base_slots=00 04 00 06 0A 0C 12 16 1A 1C 1E 22 26 28 2E 32
BP_worldloop sat_ram=E0 08 00 06 E0 08 04 0F A0 6A 74 0E E0 FF FF FF E0 FF FF FF E0 FF FF FF E0 FF FF FF E0 FF FF FF E0 FF FF FF E0 FF FF FF E0 FF FF FF E0 FF FF FF
BP_worldloop sat_vram=E0 08 00 06 E0 08 04 0F A0 6A 74 0E E0 FF FF FF E0 FF FF FF E0 FF FF FF E0 FF FF FF E0 FF FF FF E0 FF FF FF E0 FF FF FF E0 FF FF FF D1 00 2C 00
BP_worldloop sprite_pattern_vram_0000=00 00 01 01 03 02 03 01 00 00 00 09 0E 07 04 0A 00 C0 B0 D0 58 DC F7 E0 40 00 E0 F8 F8 F0 08 14 00 00 00 00 00 01 00 40 60 30 19 16 11 08 00 04 00 00 00 20 A0 20 00 00 00 E0 18 04 04 08 00 08
BP_worldloop sprite_pattern_vram_0C00=07 07 05 0C 18 20 20 03 02 03 07 0F 00 01 00 01 F8 00 00 00 00 00 00 C0 40 C0 E0 F0 00 00 00 40 00 00 00 02 03 01 01 00 00 00 00 00 01 00 01 00 00 F0 D0 D8 F8 F0 80 00 80 00 00 00 00 00 00 80
BP_worldloop pc=A702 sp=F37C bank=01/02/03 flow=01 menu=00 screen=00 pack=00 slots=31 player=00 pxy=98,80
BP_worldloop entity_active=01 01 01 01 01 01 FF FF
BP_worldloop entity_sprite_asset_index=07 09 00 00 01 07 FF FF FF FF FF FF FF FF FF FF
BP_worldloop base_slots=00 04 00 06 0A 0C 12 16 1A 1C 1E 22 26 28 2E 32
BP_worldloop sat_ram=E0 08 00 06 E0 08 04 0F A0 6A 74 0E E0 FF FF FF E0 FF FF FF E0 FF FF FF E0 FF FF FF E0 FF FF FF E0 FF FF FF E0 FF FF FF E0 FF FF FF E0 FF FF FF
BP_worldloop sat_vram=E0 08 00 06 E0 08 04 0F A0 6A 74 0E E0 FF FF FF E0 FF FF FF E0 FF FF FF E0 FF FF FF E0 FF FF FF E0 FF FF FF E0 FF FF FF E0 FF FF FF D1 00 2C 00
BP_worldloop sprite_pattern_vram_0000=00 00 01 01 03 02 03 01 00 00 00 09 0E 07 04 0A 00 C0 B0 D0 58 DC F7 E0 40 00 E0 F8 F8 F0 08 14 00 00 00 00 00 01 00 40 60 30 19 16 11 08 00 04 00 00 00 20 A0 20 00 00 00 E0 18 04 04 08 00 08
BP_worldloop sprite_pattern_vram_0C00=07 07 05 0C 18 20 20 03 02 03 07 0F 00 01 00 01 F8 00 00 00 00 00 00 C0 40 C0 E0 F0 00 00 00 40 00 00 00 02 03 01 01 00 00 00 00 00 01 00 01 00 00 F0 D0 D8 F8 F0 80 00 80 00 00 00 00 00 00 80
BP_worldloop pc=A702 sp=F37C bank=01/02/03 flow=01 menu=00 screen=00 pack=00 slots=31 player=00 pxy=98,80
BP_worldloop entity_active=01 01 01 01 01 01 FF FF
BP_worldloop entity_sprite_asset_index=07 09 00 00 01 07 FF FF FF FF FF FF FF FF FF FF
BP_worldloop base_slots=00 04 00 06 0A 0C 12 16 1A 1C 1E 22 26 28 2E 32
BP_worldloop sat_ram=E0 08 00 06 E0 08 04 0F A0 6A 74 0E E0 FF FF FF E0 FF FF FF E0 FF FF FF E0 FF FF FF E0 FF FF FF E0 FF FF FF E0 FF FF FF E0 FF FF FF E0 FF FF FF
BP_worldloop sat_vram=E0 08 00 06 E0 08 04 0F A0 6A 74 0E E0 FF FF FF E0 FF FF FF E0 FF FF FF E0 FF FF FF E0 FF FF FF E0 FF FF FF E0 FF FF FF E0 FF FF FF D1 00 2C 00
BP_worldloop sprite_pattern_vram_0000=00 00 01 01 03 02 03 01 00 00 00 09 0E 07 04 0A 00 C0 B0 D0 58 DC F7 E0 40 00 E0 F8 F8 F0 08 14 00 00 00 00 00 01 00 40 60 30 19 16 11 08 00 04 00 00 00 20 A0 20 00 00 00 E0 18 04 04 08 00 08
BP_worldloop sprite_pattern_vram_0C00=07 07 05 0C 18 20 20 03 02 03 07 0F 00 01 00 01 F8 00 00 00 00 00 00 C0 40 C0 E0 F0 00 00 00 40 00 00 00 02 03 01 01 00 00 00 00 00 01 00 01 00 00 F0 D0 D8 F8 F0 80 00 80 00 00 00 00 00 00 80
BP_worldloop pc=A702 sp=F37C bank=01/02/03 flow=01 menu=00 screen=00 pack=00 slots=31 player=00 pxy=98,80
BP_worldloop entity_active=01 01 01 01 01 01 FF FF
BP_worldloop entity_sprite_asset_index=07 09 00 00 01 07 FF FF FF FF FF FF FF FF FF FF
BP_worldloop base_slots=00 04 00 06 0A 0C 12 16 1A 1C 1E 22 26 28 2E 32
BP_worldloop sat_ram=E0 08 00 06 E0 08 04 0F A0 6B 74 0E E0 FF FF FF E0 FF FF FF E0 FF FF FF E0 FF FF FF E0 FF FF FF E0 FF FF FF E0 FF FF FF E0 FF FF FF E0 FF FF FF
BP_worldloop sat_vram=E0 08 00 06 E0 08 04 0F A0 6B 74 0E E0 FF FF FF E0 FF FF FF E0 FF FF FF E0 FF FF FF E0 FF FF FF E0 FF FF FF E0 FF FF FF E0 FF FF FF D1 00 2C 00
BP_worldloop sprite_pattern_vram_0000=00 00 01 01 03 02 03 01 00 00 00 09 0E 07 04 0A 00 C0 B0 D0 58 DC F7 E0 40 00 E0 F8 F8 F0 08 14 00 00 00 00 00 01 00 40 60 30 19 16 11 08 00 04 00 00 00 20 A0 20 00 00 00 E0 18 04 04 08 00 08
BP_worldloop sprite_pattern_vram_0C00=07 07 05 0C 18 20 20 03 02 03 07 0F 00 01 00 01 F8 00 00 00 00 00 00 C0 40 C0 E0 F0 00 00 00 40 00 00 00 02 03 01 01 00 00 00 00 00 01 00 01 00 00 F0 D0 D8 F8 F0 80 00 80 00 00 00 00 00 00 80
BP_worldloop pc=A702 sp=F37C bank=01/02/03 flow=01 menu=00 screen=00 pack=00 slots=31 player=00 pxy=98,80
BP_worldloop entity_active=01 01 01 01 01 01 FF FF
BP_worldloop entity_sprite_asset_index=07 09 00 00 01 07 FF FF FF FF FF FF FF FF FF FF
BP_worldloop base_slots=00 04 00 06 0A 0C 12 16 1A 1C 1E 22 26 28 2E 32
BP_worldloop sat_ram=E0 08 00 06 E0 08 04 0F A0 6B 74 0E E0 FF FF FF E0 FF FF FF E0 FF FF FF E0 FF FF FF E0 FF FF FF E0 FF FF FF E0 FF FF FF E0 FF FF FF E0 FF FF FF
BP_worldloop sat_vram=E0 08 00 06 E0 08 04 0F A0 6B 74 0E E0 FF FF FF E0 FF FF FF E0 FF FF FF E0 FF FF FF E0 FF FF FF E0 FF FF FF E0 FF FF FF E0 FF FF FF D1 00 2C 00
BP_worldloop sprite_pattern_vram_0000=00 00 01 01 03 02 03 01 00 00 00 09 0E 07 04 0A 00 C0 B0 D0 58 DC F7 E0 40 00 E0 F8 F8 F0 08 14 00 00 00 00 00 01 00 40 60 30 19 16 11 08 00 04 00 00 00 20 A0 20 00 00 00 E0 18 04 04 08 00 08
BP_worldloop sprite_pattern_vram_0C00=07 07 05 0C 18 20 20 03 02 03 07 0F 00 01 00 01 F8 00 00 00 00 00 00 C0 40 C0 E0 F0 00 00 00 40 00 00 00 02 03 01 01 00 00 00 00 00 01 00 01 00 00 F0 D0 D8 F8 F0 80 00 80 00 00 00 00 00 00 80
BP_worldloop pc=A702 sp=F37C bank=01/02/03 flow=01 menu=00 screen=00 pack=00 slots=31 player=00 pxy=98,80
BP_worldloop entity_active=01 01 01 01 01 01 FF FF
BP_worldloop entity_sprite_asset_index=07 09 00 00 01 07 FF FF FF FF FF FF FF FF FF FF
BP_worldloop base_slots=00 04 00 06 0A 0C 12 16 1A 1C 1E 22 26 28 2E 32
BP_worldloop sat_ram=E0 08 00 06 E0 08 04 0F A0 6B 74 0E E0 FF FF FF E0 FF FF FF E0 FF FF FF E0 FF FF FF E0 FF FF FF E0 FF FF FF E0 FF FF FF E0 FF FF FF E0 FF FF FF
BP_worldloop sat_vram=E0 08 00 06 E0 08 04 0F A0 6B 74 0E E0 FF FF FF E0 FF FF FF E0 FF FF FF E0 FF FF FF E0 FF FF FF E0 FF FF FF E0 FF FF FF E0 FF FF FF D1 00 2C 00
BP_worldloop sprite_pattern_vram_0000=00 00 01 01 03 02 03 01 00 00 00 09 0E 07 04 0A 00 C0 B0 D0 58 DC F7 E0 40 00 E0 F8 F8 F0 08 14 00 00 00 00 00 01 00 40 60 30 19 16 11 08 00 04 00 00 00 20 A0 20 00 00 00 E0 18 04 04 08 00 08
BP_worldloop sprite_pattern_vram_0C00=07 07 05 0C 18 20 20 03 02 03 07 0F 00 01 00 01 F8 00 00 00 00 00 00 C0 40 C0 E0 F0 00 00 00 40 00 00 00 02 03 01 01 00 00 00 00 00 01 00 01 00 00 F0 D0 D8 F8 F0 80 00 80 00 00 00 00 00 00 80
BP_worldloop pc=A702 sp=F37C bank=01/02/03 flow=01 menu=00 screen=00 pack=00 slots=31 player=00 pxy=98,80
BP_worldloop entity_active=01 01 01 01 01 01 FF FF
BP_worldloop entity_sprite_asset_index=07 09 00 00 01 07 FF FF FF FF FF FF FF FF FF FF
BP_worldloop base_slots=00 04 00 06 0A 0C 12 16 1A 1C 1E 22 26 28 2E 32
BP_worldloop sat_ram=E0 08 00 06 E0 08 04 0F A0 6C 70 0E E0 FF FF FF E0 FF FF FF E0 FF FF FF E0 FF FF FF E0 FF FF FF E0 FF FF FF E0 FF FF FF E0 FF FF FF E0 FF FF FF
BP_worldloop sat_vram=E0 08 00 06 E0 08 04 0F A0 6C 70 0E E0 FF FF FF E0 FF FF FF E0 FF FF FF E0 FF FF FF E0 FF FF FF E0 FF FF FF E0 FF FF FF E0 FF FF FF D1 00 2C 00
BP_worldloop sprite_pattern_vram_0000=00 00 01 01 03 02 03 01 00 00 00 09 0E 07 04 0A 00 C0 B0 D0 58 DC F7 E0 40 00 E0 F8 F8 F0 08 14 00 00 00 00 00 01 00 40 60 30 19 16 11 08 00 04 00 00 00 20 A0 20 00 00 00 E0 18 04 04 08 00 08
BP_worldloop sprite_pattern_vram_0C00=07 07 05 0C 18 20 20 03 02 03 07 0F 00 01 00 01 F8 00 00 00 00 00 00 C0 40 C0 E0 F0 00 00 00 40 00 00 00 02 03 01 01 00 00 00 00 00 01 00 01 00 00 F0 D0 D8 F8 F0 80 00 80 00 00 00 00 00 00 80
BP_worldloop pc=A702 sp=F37C bank=01/02/03 flow=01 menu=00 screen=00 pack=00 slots=31 player=00 pxy=98,80
BP_worldloop entity_active=01 01 01 01 01 01 FF FF
BP_worldloop entity_sprite_asset_index=07 09 00 00 01 07 FF FF FF FF FF FF FF FF FF FF
BP_worldloop base_slots=00 04 00 06 0A 0C 12 16 1A 1C 1E 22 26 28 2E 32
BP_worldloop sat_ram=E0 08 00 06 E0 08 04 0F A0 6C 70 0E E0 FF FF FF E0 FF FF FF E0 FF FF FF E0 FF FF FF E0 FF FF FF E0 FF FF FF E0 FF FF FF E0 FF FF FF E0 FF FF FF
BP_worldloop sat_vram=E0 08 00 06 E0 08 04 0F A0 6C 70 0E E0 FF FF FF E0 FF FF FF E0 FF FF FF E0 FF FF FF E0 FF FF FF E0 FF FF FF E0 FF FF FF E0 FF FF FF D1 00 2C 00
BP_worldloop sprite_pattern_vram_0000=00 00 01 01 03 02 03 01 00 00 00 09 0E 07 04 0A 00 C0 B0 D0 58 DC F7 E0 40 00 E0 F8 F8 F0 08 14 00 00 00 00 00 01 00 40 60 30 19 16 11 08 00 04 00 00 00 20 A0 20 00 00 00 E0 18 04 04 08 00 08
BP_worldloop sprite_pattern_vram_0C00=07 07 05 0C 18 20 20 03 02 03 07 0F 00 01 00 01 F8 00 00 00 00 00 00 C0 40 C0 E0 F0 00 00 00 40 00 00 00 02 03 01 01 00 00 00 00 00 01 00 01 00 00 F0 D0 D8 F8 F0 80 00 80 00 00 00 00 00 00 80
BP_worldloop pc=A702 sp=F37C bank=01/02/03 flow=01 menu=00 screen=00 pack=00 slots=31 player=00 pxy=98,80
BP_worldloop entity_active=01 01 01 01 01 01 FF FF
BP_worldloop entity_sprite_asset_index=07 09 00 00 01 07 FF FF FF FF FF FF FF FF FF FF
BP_worldloop base_slots=00 04 00 06 0A 0C 12 16 1A 1C 1E 22 26 28 2E 32
BP_worldloop sat_ram=E0 08 00 06 E0 08 04 0F A0 6C 70 0E E0 FF FF FF E0 FF FF FF E0 FF FF FF E0 FF FF FF E0 FF FF FF E0 FF FF FF E0 FF FF FF E0 FF FF FF E0 FF FF FF
BP_worldloop sat_vram=E0 08 00 06 E0 08 04 0F A0 6C 70 0E E0 FF FF FF E0 FF FF FF E0 FF FF FF E0 FF FF FF E0 FF FF FF E0 FF FF FF E0 FF FF FF E0 FF FF FF D1 00 2C 00
BP_worldloop sprite_pattern_vram_0000=00 00 01 01 03 02 03 01 00 00 00 09 0E 07 04 0A 00 C0 B0 D0 58 DC F7 E0 40 00 E0 F8 F8 F0 08 14 00 00 00 00 00 01 00 40 60 30 19 16 11 08 00 04 00 00 00 20 A0 20 00 00 00 E0 18 04 04 08 00 08
BP_worldloop sprite_pattern_vram_0C00=07 07 05 0C 18 20 20 03 02 03 07 0F 00 01 00 01 F8 00 00 00 00 00 00 C0 40 C0 E0 F0 00 00 00 40 00 00 00 02 03 01 01 00 00 00 00 00 01 00 01 00 00 F0 D0 D8 F8 F0 80 00 80 00 00 00 00 00 00 80
BP_worldloop pc=A702 sp=F37C bank=01/02/03 flow=01 menu=00 screen=00 pack=00 slots=31 player=00 pxy=98,80
BP_worldloop entity_active=01 01 01 01 01 01 FF FF
BP_worldloop entity_sprite_asset_index=07 09 00 00 01 07 FF FF FF FF FF FF FF FF FF FF
BP_worldloop base_slots=00 04 00 06 0A 0C 12 16 1A 1C 1E 22 26 28 2E 32
BP_worldloop sat_ram=E0 08 00 06 E0 08 04 0F A0 6C 70 0E E0 FF FF FF E0 FF FF FF E0 FF FF FF E0 FF FF FF E0 FF FF FF E0 FF FF FF E0 FF FF FF E0 FF FF FF E0 FF FF FF
BP_worldloop sat_vram=E0 08 00 06 E0 08 04 0F A0 6C 70 0E E0 FF FF FF E0 FF FF FF E0 FF FF FF E0 FF FF FF E0 FF FF FF E0 FF FF FF E0 FF FF FF E0 FF FF FF D1 00 2C 00
BP_worldloop sprite_pattern_vram_0000=00 00 01 01 03 02 03 01 00 00 00 09 0E 07 04 0A 00 C0 B0 D0 58 DC F7 E0 40 00 E0 F8 F8 F0 08 14 00 00 00 00 00 01 00 40 60 30 19 16 11 08 00 04 00 00 00 20 A0 20 00 00 00 E0 18 04 04 08 00 08
BP_worldloop sprite_pattern_vram_0C00=07 07 05 0C 18 20 20 03 02 03 07 0F 00 01 00 01 F8 00 00 00 00 00 00 C0 40 C0 E0 F0 00 00 00 40 00 00 00 02 03 01 01 00 00 00 00 00 01 00 01 00 00 F0 D0 D8 F8 F0 80 00 80 00 00 00 00 00 00 80
BP_worldloop pc=A702 sp=F37C bank=01/02/03 flow=01 menu=00 screen=00 pack=00 slots=31 player=00 pxy=98,80
BP_worldloop entity_active=01 01 01 01 01 01 FF FF
BP_worldloop entity_sprite_asset_index=07 09 00 00 01 07 FF FF FF FF FF FF FF FF FF FF
BP_worldloop base_slots=00 04 00 06 0A 0C 12 16 1A 1C 1E 22 26 28 2E 32
BP_worldloop sat_ram=E0 08 00 06 E0 08 04 0F A0 6C 70 0E E0 FF FF FF E0 FF FF FF E0 FF FF FF E0 FF FF FF E0 FF FF FF E0 FF FF FF E0 FF FF FF E0 FF FF FF E0 FF FF FF
BP_worldloop sat_vram=E0 08 00 06 E0 08 04 0F A0 6C 70 0E E0 FF FF FF E0 FF FF FF E0 FF FF FF E0 FF FF FF E0 FF FF FF E0 FF FF FF E0 FF FF FF E0 FF FF FF D1 00 2C 00
BP_worldloop sprite_pattern_vram_0000=00 00 01 01 03 02 03 01 00 00 00 09 0E 07 04 0A 00 C0 B0 D0 58 DC F7 E0 40 00 E0 F8 F8 F0 08 14 00 00 00 00 00 01 00 40 60 30 19 16 11 08 00 04 00 00 00 20 A0 20 00 00 00 E0 18 04 04 08 00 08
BP_worldloop sprite_pattern_vram_0C00=07 07 05 0C 18 20 20 03 02 03 07 0F 00 01 00 01 F8 00 00 00 00 00 00 C0 40 C0 E0 F0 00 00 00 40 00 00 00 02 03 01 01 00 00 00 00 00 01 00 01 00 00 F0 D0 D8 F8 F0 80 00 80 00 00 00 00 00 00 80
BP_worldloop pc=A702 sp=F37C bank=01/02/03 flow=01 menu=00 screen=00 pack=00 slots=31 player=00 pxy=98,80
BP_worldloop entity_active=01 01 01 01 01 01 FF FF
BP_worldloop entity_sprite_asset_index=07 09 00 00 01 07 FF FF FF FF FF FF FF FF FF FF
BP_worldloop base_slots=00 04 00 06 0A 0C 12 16 1A 1C 1E 22 26 28 2E 32
BP_worldloop sat_ram=E0 08 00 06 E0 08 04 0F A0 6D 70 0E E0 FF FF FF E0 FF FF FF E0 FF FF FF E0 FF FF FF E0 FF FF FF E0 FF FF FF E0 FF FF FF E0 FF FF FF E0 FF FF FF
BP_worldloop sat_vram=E0 08 00 06 E0 08 04 0F A0 6D 70 0E E0 FF FF FF E0 FF FF FF E0 FF FF FF E0 FF FF FF E0 FF FF FF E0 FF FF FF E0 FF FF FF E0 FF FF FF D1 00 2C 00
BP_worldloop sprite_pattern_vram_0000=00 00 01 01 03 02 03 01 00 00 00 09 0E 07 04 0A 00 C0 B0 D0 58 DC F7 E0 40 00 E0 F8 F8 F0 08 14 00 00 00 00 00 01 00 40 60 30 19 16 11 08 00 04 00 00 00 20 A0 20 00 00 00 E0 18 04 04 08 00 08
BP_worldloop sprite_pattern_vram_0C00=07 07 05 0C 18 20 20 03 02 03 07 0F 00 01 00 01 F8 00 00 00 00 00 00 C0 40 C0 E0 F0 00 00 00 40 00 00 00 02 03 01 01 00 00 00 00 00 01 00 01 00 00 F0 D0 D8 F8 F0 80 00 80 00 00 00 00 00 00 80
BP_worldloop pc=A702 sp=F37C bank=01/02/03 flow=01 menu=00 screen=00 pack=00 slots=31 player=00 pxy=98,80
BP_worldloop entity_active=01 01 01 01 01 01 FF FF
BP_worldloop entity_sprite_asset_index=07 09 00 00 01 07 FF FF FF FF FF FF FF FF FF FF
BP_worldloop base_slots=00 04 00 06 0A 0C 12 16 1A 1C 1E 22 26 28 2E 32
BP_worldloop sat_ram=E0 08 00 06 E0 08 04 0F A0 6D 70 0E E0 FF FF FF E0 FF FF FF E0 FF FF FF E0 FF FF FF E0 FF FF FF E0 FF FF FF E0 FF FF FF E0 FF FF FF E0 FF FF FF
BP_worldloop sat_vram=E0 08 00 06 E0 08 04 0F A0 6D 70 0E E0 FF FF FF E0 FF FF FF E0 FF FF FF E0 FF FF FF E0 FF FF FF E0 FF FF FF E0 FF FF FF E0 FF FF FF D1 00 2C 00
BP_worldloop sprite_pattern_vram_0000=00 00 01 01 03 02 03 01 00 00 00 09 0E 07 04 0A 00 C0 B0 D0 58 DC F7 E0 40 00 E0 F8 F8 F0 08 14 00 00 00 00 00 01 00 40 60 30 19 16 11 08 00 04 00 00 00 20 A0 20 00 00 00 E0 18 04 04 08 00 08
BP_worldloop sprite_pattern_vram_0C00=07 07 05 0C 18 20 20 03 02 03 07 0F 00 01 00 01 F8 00 00 00 00 00 00 C0 40 C0 E0 F0 00 00 00 40 00 00 00 02 03 01 01 00 00 00 00 00 01 00 01 00 00 F0 D0 D8 F8 F0 80 00 80 00 00 00 00 00 00 80
BP_worldloop pc=A702 sp=F37C bank=01/02/03 flow=01 menu=00 screen=00 pack=00 slots=31 player=00 pxy=98,80
BP_worldloop entity_active=01 01 01 01 01 01 FF FF
BP_worldloop entity_sprite_asset_index=07 09 00 00 01 07 FF FF FF FF FF FF FF FF FF FF
BP_worldloop base_slots=00 04 00 06 0A 0C 12 16 1A 1C 1E 22 26 28 2E 32
BP_worldloop sat_ram=E0 08 00 06 E0 08 04 0F A0 6D 70 0E E0 FF FF FF E0 FF FF FF E0 FF FF FF E0 FF FF FF E0 FF FF FF E0 FF FF FF E0 FF FF FF E0 FF FF FF E0 FF FF FF
BP_worldloop sat_vram=E0 08 00 06 E0 08 04 0F A0 6D 70 0E E0 FF FF FF E0 FF FF FF E0 FF FF FF E0 FF FF FF E0 FF FF FF E0 FF FF FF E0 FF FF FF E0 FF FF FF D1 00 2C 00
BP_worldloop sprite_pattern_vram_0000=00 00 01 01 03 02 03 01 00 00 00 09 0E 07 04 0A 00 C0 B0 D0 58 DC F7 E0 40 00 E0 F8 F8 F0 08 14 00 00 00 00 00 01 00 40 60 30 19 16 11 08 00 04 00 00 00 20 A0 20 00 00 00 E0 18 04 04 08 00 08
BP_worldloop sprite_pattern_vram_0C00=07 07 05 0C 18 20 20 03 02 03 07 0F 00 01 00 01 F8 00 00 00 00 00 00 C0 40 C0 E0 F0 00 00 00 40 00 00 00 02 03 01 01 00 00 00 00 00 01 00 01 00 00 F0 D0 D8 F8 F0 80 00 80 00 00 00 00 00 00 80
BP_worldloop pc=A702 sp=F37C bank=01/02/03 flow=01 menu=00 screen=00 pack=00 slots=31 player=00 pxy=98,80
BP_worldloop entity_active=01 01 01 01 01 01 FF FF
BP_worldloop entity_sprite_asset_index=07 09 00 00 01 07 FF FF FF FF FF FF FF FF FF FF
BP_worldloop base_slots=00 04 00 06 0A 0C 12 16 1A 1C 1E 22 26 28 2E 32
BP_worldloop sat_ram=E0 08 00 06 E0 08 04 0F A0 6E 70 0E E0 FF FF FF E0 FF FF FF E0 FF FF FF E0 FF FF FF E0 FF FF FF E0 FF FF FF E0 FF FF FF E0 FF FF FF E0 FF FF FF
BP_worldloop sat_vram=E0 08 00 06 E0 08 04 0F A0 6E 70 0E E0 FF FF FF E0 FF FF FF E0 FF FF FF E0 FF FF FF E0 FF FF FF E0 FF FF FF E0 FF FF FF E0 FF FF FF D1 00 2C 00
BP_worldloop sprite_pattern_vram_0000=00 00 01 01 03 02 03 01 00 00 00 09 0E 07 04 0A 00 C0 B0 D0 58 DC F7 E0 40 00 E0 F8 F8 F0 08 14 00 00 00 00 00 01 00 40 60 30 19 16 11 08 00 04 00 00 00 20 A0 20 00 00 00 E0 18 04 04 08 00 08
BP_worldloop sprite_pattern_vram_0C00=07 07 05 0C 18 20 20 03 02 03 07 0F 00 01 00 01 F8 00 00 00 00 00 00 C0 40 C0 E0 F0 00 00 00 40 00 00 00 02 03 01 01 00 00 00 00 00 01 00 01 00 00 F0 D0 D8 F8 F0 80 00 80 00 00 00 00 00 00 80
t20_final pc=6A36 sp=F378 bank=01/02/03 flow=01 menu=00 screen=00 pack=00 slots=31 player=00 pxy=98,80
t20_final entity_active=01 01 01 01 01 01 FF FF
t20_final entity_sprite_asset_index=07 09 00 00 01 07 FF FF FF FF FF FF FF FF FF FF
t20_final base_slots=00 04 00 06 0A 0C 12 16 1A 1C 1E 22 26 28 2E 32
t20_final sat_ram=E0 08 00 06 E0 08 04 0F A0 6E 70 0E E0 FF FF FF E0 FF FF FF E0 FF FF FF E0 FF FF FF E0 FF FF FF E0 FF FF FF E0 FF FF FF E0 FF FF FF E0 FF FF FF
t20_final sat_vram=E0 08 00 06 E0 08 04 0F A0 6E 70 0E E0 FF FF FF E0 FF FF FF E0 FF FF FF E0 FF FF FF E0 FF FF FF E0 FF FF FF E0 FF FF FF E0 FF FF FF D1 00 2C 00
t20_final sprite_pattern_vram_0000=00 00 01 01 03 02 03 01 00 00 00 09 0E 07 04 0A 00 C0 B0 D0 58 DC F7 E0 40 00 E0 F8 F8 F0 08 14 00 00 00 00 00 01 00 40 60 30 19 16 11 08 00 04 00 00 00 20 A0 20 00 00 00 E0 18 04 04 08 00 08
t20_final sprite_pattern_vram_0C00=07 07 05 0C 18 20 20 03 02 03 07 0F 00 01 00 01 F8 00 00 00 00 00 00 C0 40 C0 E0 F0 00 00 00 40 00 00 00 02 03 01 01 00 00 00 00 00 01 00 01 00 00 F0 D0 D8 F8 F0 80 00 80 00 00 00 00 00 00 80
SHOTOK t20_final.png
