BP_4010_RESET_OR_INIT pc=4010 sp=F2EC p=00/00/00 flow=00 exit=00 screen=22 in=00 player=22 pxy=8738,8738 v=22/22
intro_before pc=602B sp=F372 p=04/02/03 flow=00 exit=00 screen=00 in=00 player=FF pxy=0,0 v=00/00
intro_after pc=6032 sp=F372 p=04/02/03 flow=00 exit=00 screen=00 in=00 player=FF pxy=0,0 v=00/00
start_before pc=A13F sp=F376 p=01/02/03 flow=00 exit=00 screen=00 in=00 player=00 pxy=8,80 v=33/00
start_after pc=A179 sp=F376 p=01/02/03 flow=00 exit=00 screen=00 in=00 player=00 pxy=8,80 v=33/00
BP_transition_call pc=A631 sp=F37C p=01/02/03 flow=01 exit=00 screen=00 in=00 player=00 pxy=8,80 v=33/00
BP_transition_call pc=A631 sp=F37C p=01/02/03 flow=01 exit=00 screen=00 in=00 player=00 pxy=8,80 v=33/00
BP_transition_call pc=A631 sp=F37C p=01/02/03 flow=01 exit=00 screen=00 in=00 player=00 pxy=8,80 v=00/00
BP_transition_call pc=A631 sp=F37C p=01/02/03 flow=01 exit=00 screen=00 in=00 player=00 pxy=8,80 v=00/00
BP_transition_call pc=A631 sp=F37C p=01/02/03 flow=01 exit=00 screen=00 in=00 player=00 pxy=8,80 v=00/00
BP_transition_call pc=A631 sp=F37C p=01/02/03 flow=01 exit=00 screen=00 in=00 player=00 pxy=8,80 v=00/00
BP_transition_call pc=A631 sp=F37C p=01/02/03 flow=01 exit=00 screen=00 in=00 player=00 pxy=8,80 v=00/00
BP_transition_call pc=A631 sp=F37C p=01/02/03 flow=01 exit=00 screen=00 in=00 player=00 pxy=8,80 v=00/00
BP_transition_call pc=A631 sp=F37C p=01/02/03 flow=01 exit=00 screen=00 in=00 player=00 pxy=8,80 v=00/00
BP_transition_call pc=A631 sp=F37C p=01/02/03 flow=01 exit=00 screen=00 in=00 player=00 pxy=8,80 v=00/00
BP_transition_call pc=A631 sp=F37C p=01/02/03 flow=01 exit=00 screen=00 in=00 player=00 pxy=8,80 v=00/00
BP_transition_call pc=A631 sp=F37C p=01/02/03 flow=01 exit=00 screen=00 in=00 player=00 pxy=8,80 v=00/00
BP_transition_call pc=A631 sp=F37C p=01/02/03 flow=01 exit=00 screen=00 in=00 player=00 pxy=8,80 v=00/00
BP_transition_call pc=A631 sp=F37C p=01/02/03 flow=01 exit=00 screen=00 in=00 player=00 pxy=8,80 v=00/00
BP_transition_call pc=A631 sp=F37C p=01/02/03 flow=01 exit=00 screen=00 in=00 player=00 pxy=8,80 v=00/00
BP_transition_call pc=A631 sp=F37C p=01/02/03 flow=01 exit=00 screen=00 in=00 player=00 pxy=8,80 v=00/00
BP_transition_call pc=A631 sp=F37C p=01/02/03 flow=01 exit=00 screen=00 in=00 player=00 pxy=8,80 v=00/00
BP_transition_call pc=A631 sp=F37C p=01/02/03 flow=01 exit=00 screen=00 in=00 player=00 pxy=8,80 v=00/00
BP_transition_call pc=A631 sp=F37C p=01/02/03 flow=01 exit=00 screen=00 in=00 player=00 pxy=8,80 v=00/00
BP_transition_call pc=A631 sp=F37C p=01/02/03 flow=01 exit=00 screen=00 in=00 player=00 pxy=8,80 v=00/00
BP_transition_call pc=A631 sp=F37C p=01/02/03 flow=01 exit=00 screen=00 in=00 player=00 pxy=8,80 v=00/00
BP_transition_call pc=A631 sp=F37C p=01/02/03 flow=01 exit=00 screen=00 in=00 player=00 pxy=8,80 v=00/00
BP_transition_call pc=A631 sp=F37C p=01/02/03 flow=01 exit=00 screen=00 in=00 player=00 pxy=8,80 v=00/00
BP_transition_call pc=A631 sp=F37C p=01/02/03 flow=01 exit=00 screen=00 in=00 player=00 pxy=8,80 v=00/00
BP_transition_call pc=A631 sp=F37C p=01/02/03 flow=01 exit=00 screen=00 in=00 player=00 pxy=8,80 v=00/00
BP_transition_call pc=A631 sp=F37C p=01/02/03 flow=01 exit=00 screen=00 in=00 player=00 pxy=8,80 v=00/00
BP_transition_call pc=A631 sp=F37C p=01/02/03 flow=01 exit=00 screen=00 in=00 player=00 pxy=8,80 v=00/00
BP_transition_call pc=A631 sp=F37C p=01/02/03 flow=01 exit=00 screen=00 in=00 player=00 pxy=8,80 v=00/00
BP_transition_call pc=A631 sp=F37C p=01/02/03 flow=01 exit=00 screen=00 in=00 player=00 pxy=8,80 v=00/00
BP_transition_call pc=A631 sp=F37C p=01/02/03 flow=01 exit=00 screen=00 in=00 player=00 pxy=8,80 v=00/00
BP_transition_call pc=A631 sp=F37C p=01/02/03 flow=01 exit=00 screen=00 in=00 player=00 pxy=8,80 v=00/00
BP_transition_call pc=A631 sp=F37C p=01/02/03 flow=01 exit=00 screen=00 in=00 player=00 pxy=8,80 v=00/00
BP_transition_call pc=A631 sp=F37C p=01/02/03 flow=01 exit=00 screen=00 in=00 player=00 pxy=8,80 v=00/00
BP_transition_call pc=A631 sp=F37C p=01/02/03 flow=01 exit=00 screen=00 in=00 player=00 pxy=8,80 v=00/00
BP_transition_call pc=A631 sp=F37C p=01/02/03 flow=01 exit=00 screen=00 in=00 player=00 pxy=8,80 v=00/00
BP_transition_call pc=A631 sp=F37C p=01/02/03 flow=01 exit=00 screen=00 in=00 player=00 pxy=8,80 v=00/00
BP_transition_call pc=A631 sp=F37C p=01/02/03 flow=01 exit=00 screen=00 in=00 player=00 pxy=8,80 v=00/00
BP_transition_call pc=A631 sp=F37C p=01/02/03 flow=01 exit=00 screen=00 in=00 player=00 pxy=8,80 v=00/00
BP_transition_call pc=A631 sp=F37C p=01/02/03 flow=01 exit=00 screen=00 in=00 player=00 pxy=8,80 v=00/00
BP_transition_call pc=A631 sp=F37C p=01/02/03 flow=01 exit=00 screen=00 in=00 player=00 pxy=8,80 v=00/00
BP_transition_call pc=A631 sp=F37C p=01/02/03 flow=01 exit=00 screen=00 in=00 player=00 pxy=8,80 v=00/00
BP_transition_call pc=A631 sp=F37C p=01/02/03 flow=01 exit=00 screen=00 in=00 player=00 pxy=8,80 v=00/00
BP_transition_call pc=A631 sp=F37C p=01/02/03 flow=01 exit=00 screen=00 in=00 player=00 pxy=8,80 v=00/00
BP_transition_call pc=A631 sp=F37C p=01/02/03 flow=01 exit=00 screen=00 in=00 player=00 pxy=8,80 v=00/00
BP_transition_call pc=A631 sp=F37C p=01/02/03 flow=01 exit=00 screen=00 in=00 player=00 pxy=8,80 v=00/00
BP_transition_call pc=A631 sp=F37C p=01/02/03 flow=01 exit=00 screen=00 in=00 player=00 pxy=8,80 v=00/00
BP_transition_call pc=A631 sp=F37C p=01/02/03 flow=01 exit=00 screen=00 in=00 player=00 pxy=8,80 v=00/00
BP_transition_call pc=A631 sp=F37C p=01/02/03 flow=01 exit=00 screen=00 in=00 player=00 pxy=8,80 v=00/00
BP_transition_call pc=A631 sp=F37C p=01/02/03 flow=01 exit=00 screen=00 in=00 player=00 pxy=8,80 v=00/00
BP_transition_call pc=A631 sp=F37C p=01/02/03 flow=01 exit=00 screen=00 in=00 player=00 pxy=8,80 v=00/00
BP_transition_call pc=A631 sp=F37C p=01/02/03 flow=01 exit=00 screen=00 in=00 player=00 pxy=8,80 v=00/00
BP_transition_call pc=A631 sp=F37C p=01/02/03 flow=01 exit=00 screen=00 in=00 player=00 pxy=8,80 v=00/00
BP_transition_call pc=A631 sp=F37C p=01/02/03 flow=01 exit=00 screen=00 in=00 player=00 pxy=8,80 v=00/00
BP_transition_call pc=A631 sp=F37C p=01/02/03 flow=01 exit=00 screen=00 in=00 player=00 pxy=8,80 v=00/00
BP_transition_call pc=A631 sp=F37C p=01/02/03 flow=01 exit=00 screen=00 in=00 player=00 pxy=8,80 v=00/00
BP_transition_call pc=A631 sp=F37C p=01/02/03 flow=01 exit=00 screen=00 in=00 player=00 pxy=8,80 v=00/00
BP_transition_call pc=A631 sp=F37C p=01/02/03 flow=01 exit=00 screen=00 in=00 player=00 pxy=8,80 v=00/00
BP_transition_call pc=A631 sp=F37C p=01/02/03 flow=01 exit=00 screen=00 in=00 player=00 pxy=8,80 v=00/00
BP_transition_call pc=A631 sp=F37C p=01/02/03 flow=01 exit=00 screen=00 in=00 player=00 pxy=8,80 v=00/00
BP_transition_call pc=A631 sp=F37C p=01/02/03 flow=01 exit=00 screen=00 in=00 player=00 pxy=8,80 v=00/00
BP_transition_call pc=A631 sp=F37C p=01/02/03 flow=01 exit=00 screen=00 in=00 player=00 pxy=8,80 v=00/00
BP_transition_call pc=A631 sp=F37C p=01/02/03 flow=01 exit=00 screen=00 in=00 player=00 pxy=8,80 v=00/00
BP_transition_call pc=A631 sp=F37C p=01/02/03 flow=01 exit=00 screen=00 in=00 player=00 pxy=8,80 v=00/00
BP_transition_call pc=A631 sp=F37C p=01/02/03 flow=01 exit=00 screen=00 in=00 player=00 pxy=8,80 v=00/00
BP_transition_call pc=A631 sp=F37C p=01/02/03 flow=01 exit=00 screen=00 in=00 player=00 pxy=8,80 v=00/00
BP_transition_call pc=A631 sp=F37C p=01/02/03 flow=01 exit=00 screen=00 in=00 player=00 pxy=8,80 v=00/00
BP_transition_call pc=A631 sp=F37C p=01/02/03 flow=01 exit=00 screen=00 in=00 player=00 pxy=8,80 v=00/00
BP_transition_call pc=A631 sp=F37C p=01/02/03 flow=01 exit=00 screen=00 in=00 player=00 pxy=8,80 v=00/00
BP_transition_call pc=A631 sp=F37C p=01/02/03 flow=01 exit=00 screen=00 in=00 player=00 pxy=8,80 v=00/00
BP_transition_call pc=A631 sp=F37C p=01/02/03 flow=01 exit=00 screen=00 in=00 player=00 pxy=8,80 v=00/00
BP_transition_call pc=A631 sp=F37C p=01/02/03 flow=01 exit=00 screen=00 in=00 player=00 pxy=8,80 v=00/00
BP_transition_call pc=A631 sp=F37C p=01/02/03 flow=01 exit=00 screen=00 in=00 player=00 pxy=8,80 v=00/00
BP_transition_call pc=A631 sp=F37C p=01/02/03 flow=01 exit=00 screen=00 in=00 player=00 pxy=8,80 v=00/00
BP_transition_call pc=A631 sp=F37C p=01/02/03 flow=01 exit=00 screen=00 in=00 player=00 pxy=8,80 v=00/00
BP_transition_call pc=A631 sp=F37C p=01/02/03 flow=01 exit=00 screen=00 in=00 player=00 pxy=8,80 v=00/00
BP_transition_call pc=A631 sp=F37C p=01/02/03 flow=01 exit=00 screen=00 in=00 player=00 pxy=8,80 v=00/00
BP_transition_call pc=A631 sp=F37C p=01/02/03 flow=01 exit=00 screen=00 in=00 player=00 pxy=8,80 v=00/00
BP_transition_call pc=A631 sp=F37C p=01/02/03 flow=01 exit=00 screen=00 in=00 player=00 pxy=8,80 v=00/00
BP_transition_call pc=A631 sp=F37C p=01/02/03 flow=01 exit=00 screen=00 in=00 player=00 pxy=8,80 v=00/00
BP_transition_call pc=A631 sp=F37C p=01/02/03 flow=01 exit=00 screen=00 in=00 player=00 pxy=8,80 v=00/00
BP_transition_call pc=A631 sp=F37C p=01/02/03 flow=01 exit=00 screen=00 in=00 player=00 pxy=8,80 v=00/00
BP_transition_call pc=A631 sp=F37C p=01/02/03 flow=01 exit=00 screen=00 in=00 player=00 pxy=8,80 v=00/00
BP_transition_call pc=A631 sp=F37C p=01/02/03 flow=01 exit=00 screen=00 in=00 player=00 pxy=8,80 v=00/00
BP_transition_call pc=A631 sp=F37C p=01/02/03 flow=01 exit=00 screen=00 in=00 player=00 pxy=8,80 v=00/00
BP_transition_call pc=A631 sp=F37C p=01/02/03 flow=01 exit=00 screen=00 in=00 player=00 pxy=8,80 v=00/00
BP_transition_call pc=A631 sp=F37C p=01/02/03 flow=01 exit=00 screen=00 in=00 player=00 pxy=8,80 v=00/00
BP_transition_call pc=A631 sp=F37C p=01/02/03 flow=01 exit=00 screen=00 in=00 player=00 pxy=8,80 v=00/00
BP_transition_call pc=A631 sp=F37C p=01/02/03 flow=01 exit=00 screen=00 in=00 player=00 pxy=8,80 v=00/00
BP_transition_call pc=A631 sp=F37C p=01/02/03 flow=01 exit=00 screen=00 in=00 player=00 pxy=8,80 v=00/00
BP_transition_call pc=A631 sp=F37C p=01/02/03 flow=01 exit=00 screen=00 in=00 player=00 pxy=8,80 v=00/00
BP_transition_call pc=A631 sp=F37C p=01/02/03 flow=01 exit=00 screen=00 in=00 player=00 pxy=8,80 v=00/00
BP_transition_call pc=A631 sp=F37C p=01/02/03 flow=01 exit=00 screen=00 in=00 player=00 pxy=8,80 v=00/00
BP_transition_call pc=A631 sp=F37C p=01/02/03 flow=01 exit=00 screen=00 in=00 player=00 pxy=8,80 v=00/00
BP_transition_call pc=A631 sp=F37C p=01/02/03 flow=01 exit=00 screen=00 in=00 player=00 pxy=8,80 v=00/00
BP_transition_call pc=A631 sp=F37C p=01/02/03 flow=01 exit=00 screen=00 in=00 player=00 pxy=8,80 v=00/00
game_start pc=65EE sp=6E18 p=08/02/03 flow=01 exit=00 screen=00 in=00 player=00 pxy=8,80 v=00/00
BP_transition_call pc=A631 sp=F37C p=01/02/03 flow=01 exit=00 screen=00 in=00 player=00 pxy=8,80 v=00/00
BP_transition_call pc=A631 sp=F37C p=01/02/03 flow=01 exit=00 screen=00 in=00 player=00 pxy=8,80 v=00/00
BP_transition_call pc=A631 sp=F37C p=01/02/03 flow=01 exit=00 screen=00 in=00 player=00 pxy=8,80 v=00/00
BP_transition_call pc=A631 sp=F37C p=01/02/03 flow=01 exit=00 screen=00 in=00 player=00 pxy=8,80 v=00/00
BP_transition_call pc=A631 sp=F37C p=01/02/03 flow=01 exit=00 screen=00 in=00 player=00 pxy=8,80 v=00/00
BP_transition_call pc=A631 sp=F37C p=01/02/03 flow=01 exit=00 screen=00 in=00 player=00 pxy=8,80 v=00/00
BP_transition_call pc=A631 sp=F37C p=01/02/03 flow=01 exit=00 screen=00 in=00 player=00 pxy=8,80 v=00/00
BP_transition_call pc=A631 sp=F37C p=01/02/03 flow=01 exit=00 screen=00 in=00 player=00 pxy=8,80 v=00/00
BP_transition_call pc=A631 sp=F37C p=01/02/03 flow=01 exit=00 screen=00 in=00 player=00 pxy=8,80 v=00/00
BP_transition_call pc=A631 sp=F37C p=01/02/03 flow=01 exit=00 screen=00 in=00 player=00 pxy=8,80 v=00/00
BP_transition_call pc=A631 sp=F37C p=01/02/03 flow=01 exit=00 screen=00 in=00 player=00 pxy=8,80 v=00/00
BP_transition_call pc=A631 sp=F37C p=01/02/03 flow=01 exit=00 screen=00 in=00 player=00 pxy=8,80 v=00/00
BP_transition_call pc=A631 sp=F37C p=01/02/03 flow=01 exit=00 screen=00 in=00 player=00 pxy=8,80 v=00/00
BP_transition_call pc=A631 sp=F37C p=01/02/03 flow=01 exit=00 screen=00 in=00 player=00 pxy=8,80 v=00/00
BP_transition_call pc=A631 sp=F37C p=01/02/03 flow=01 exit=00 screen=00 in=00 player=00 pxy=8,80 v=00/00
BP_transition_call pc=A631 sp=F37C p=01/02/03 flow=01 exit=00 screen=00 in=00 player=00 pxy=8,80 v=00/00
BP_transition_call pc=A631 sp=F37C p=01/02/03 flow=01 exit=00 screen=00 in=00 player=00 pxy=8,80 v=00/00
BP_transition_call pc=A631 sp=F37C p=01/02/03 flow=01 exit=00 screen=00 in=00 player=00 pxy=8,80 v=00/00
BP_transition_call pc=A631 sp=F37C p=01/02/03 flow=01 exit=00 screen=00 in=00 player=00 pxy=8,80 v=00/00
BP_transition_call pc=A631 sp=F37C p=01/02/03 flow=01 exit=00 screen=00 in=00 player=00 pxy=8,80 v=00/00
BP_transition_call pc=A631 sp=F37C p=01/02/03 flow=01 exit=00 screen=00 in=00 player=00 pxy=8,80 v=00/00
BP_transition_call pc=A631 sp=F37C p=01/02/03 flow=01 exit=00 screen=00 in=00 player=00 pxy=8,80 v=00/00
BP_transition_call pc=A631 sp=F37C p=01/02/03 flow=01 exit=00 screen=00 in=00 player=00 pxy=8,80 v=00/00
BP_transition_call pc=A631 sp=F37C p=01/02/03 flow=01 exit=00 screen=00 in=00 player=00 pxy=8,80 v=00/00
BP_transition_call pc=A631 sp=F37C p=01/02/03 flow=01 exit=00 screen=00 in=00 player=00 pxy=8,80 v=00/00
BP_transition_call pc=A631 sp=F37C p=01/02/03 flow=01 exit=00 screen=00 in=00 player=00 pxy=8,80 v=00/00
BP_transition_call pc=A631 sp=F37C p=01/02/03 flow=01 exit=00 screen=00 in=00 player=00 pxy=8,80 v=00/00
BP_transition_call pc=A631 sp=F37C p=01/02/03 flow=01 exit=00 screen=00 in=00 player=00 pxy=8,80 v=00/00
BP_transition_call pc=A631 sp=F37C p=01/02/03 flow=01 exit=00 screen=00 in=00 player=00 pxy=8,80 v=00/00
BP_transition_call pc=A631 sp=F37C p=01/02/03 flow=01 exit=00 screen=00 in=00 player=00 pxy=8,80 v=00/00
BP_transition_call pc=A631 sp=F37C p=01/02/03 flow=01 exit=00 screen=00 in=00 player=00 pxy=8,80 v=00/00
BP_transition_call pc=A631 sp=F37C p=01/02/03 flow=01 exit=00 screen=00 in=00 player=00 pxy=8,80 v=00/00
BP_transition_call pc=A631 sp=F37C p=01/02/03 flow=01 exit=00 screen=00 in=00 player=00 pxy=8,80 v=00/00
BP_transition_call pc=A631 sp=F37C p=01/02/03 flow=01 exit=00 screen=00 in=00 player=00 pxy=8,80 v=00/00
BP_transition_call pc=A631 sp=F37C p=01/02/03 flow=01 exit=00 screen=00 in=00 player=00 pxy=8,80 v=00/00
BP_transition_call pc=A631 sp=F37C p=01/02/03 flow=01 exit=00 screen=00 in=00 player=00 pxy=8,80 v=00/00
BP_transition_call pc=A631 sp=F37C p=01/02/03 flow=01 exit=00 screen=00 in=00 player=00 pxy=8,80 v=00/00
BP_transition_call pc=A631 sp=F37C p=01/02/03 flow=01 exit=00 screen=00 in=00 player=00 pxy=8,80 v=00/00
BP_transition_call pc=A631 sp=F37C p=01/02/03 flow=01 exit=00 screen=00 in=00 player=00 pxy=8,80 v=00/00
BP_transition_call pc=A631 sp=F37C p=01/02/03 flow=01 exit=00 screen=00 in=00 player=00 pxy=8,80 v=00/00
BP_transition_call pc=A631 sp=F37C p=01/02/03 flow=01 exit=00 screen=00 in=00 player=00 pxy=8,80 v=00/00
BP_transition_call pc=A631 sp=F37C p=01/02/03 flow=01 exit=00 screen=00 in=00 player=00 pxy=8,80 v=00/00
BP_transition_call pc=A631 sp=F37C p=01/02/03 flow=01 exit=00 screen=00 in=00 player=00 pxy=8,80 v=00/00
BP_transition_call pc=A631 sp=F37C p=01/02/03 flow=01 exit=00 screen=00 in=00 player=00 pxy=8,80 v=00/00
BP_transition_call pc=A631 sp=F37C p=01/02/03 flow=01 exit=00 screen=00 in=00 player=00 pxy=8,80 v=00/00
BP_transition_call pc=A631 sp=F37C p=01/02/03 flow=01 exit=00 screen=00 in=00 player=00 pxy=8,80 v=00/00
BP_transition_call pc=A631 sp=F37C p=01/02/03 flow=01 exit=00 screen=00 in=00 player=00 pxy=8,80 v=00/00
BP_transition_call pc=A631 sp=F37C p=01/02/03 flow=01 exit=00 screen=00 in=00 player=00 pxy=8,80 v=00/00
hold_right_before pc=40DD sp=F378 p=01/02/03 flow=01 exit=00 screen=00 in=00 player=00 pxy=8,80 v=00/00
BP_transition_call pc=A631 sp=F37C p=01/02/03 flow=01 exit=00 screen=00 in=00 player=00 pxy=8,80 v=00/00
BP_transition_call pc=A631 sp=F37C p=01/02/03 flow=01 exit=00 screen=00 in=00 player=00 pxy=8,80 v=00/00
BP_transition_call pc=A631 sp=F37C p=01/02/03 flow=01 exit=00 screen=00 in=00 player=00 pxy=8,80 v=00/00
BP_transition_call pc=A631 sp=F37C p=01/02/03 flow=01 exit=00 screen=00 in=03 player=00 pxy=10,80 v=02/00
BP_transition_call pc=A631 sp=F37C p=01/02/03 flow=01 exit=00 screen=00 in=03 player=00 pxy=10,80 v=02/00
BP_transition_call pc=A631 sp=F37C p=01/02/03 flow=01 exit=00 screen=00 in=03 player=00 pxy=12,80 v=02/00
BP_transition_call pc=A631 sp=F37C p=01/02/03 flow=01 exit=00 screen=00 in=03 player=00 pxy=12,80 v=02/00
BP_transition_call pc=A631 sp=F37C p=01/02/03 flow=01 exit=00 screen=00 in=03 player=00 pxy=12,80 v=02/00
BP_transition_call pc=A631 sp=F37C p=01/02/03 flow=01 exit=00 screen=00 in=03 player=00 pxy=12,80 v=02/00
BP_transition_call pc=A631 sp=F37C p=01/02/03 flow=01 exit=00 screen=00 in=03 player=00 pxy=14,80 v=02/00
BP_transition_call pc=A631 sp=F37C p=01/02/03 flow=01 exit=00 screen=00 in=03 player=00 pxy=14,80 v=02/00
BP_transition_call pc=A631 sp=F37C p=01/02/03 flow=01 exit=00 screen=00 in=03 player=00 pxy=14,80 v=02/00
BP_transition_call pc=A631 sp=F37C p=01/02/03 flow=01 exit=00 screen=00 in=03 player=00 pxy=16,80 v=02/00
BP_transition_call pc=A631 sp=F37C p=01/02/03 flow=01 exit=00 screen=00 in=03 player=00 pxy=16,80 v=02/00
BP_transition_call pc=A631 sp=F37C p=01/02/03 flow=01 exit=00 screen=00 in=03 player=00 pxy=18,80 v=02/00
BP_transition_call pc=A631 sp=F37C p=01/02/03 flow=01 exit=00 screen=00 in=03 player=00 pxy=18,80 v=02/00
BP_transition_call pc=A631 sp=F37C p=01/02/03 flow=01 exit=00 screen=00 in=03 player=00 pxy=18,80 v=02/00
BP_transition_call pc=A631 sp=F37C p=01/02/03 flow=01 exit=00 screen=00 in=03 player=00 pxy=18,80 v=02/00
BP_transition_call pc=A631 sp=F37C p=01/02/03 flow=01 exit=00 screen=00 in=03 player=00 pxy=20,80 v=02/00
BP_transition_call pc=A631 sp=F37C p=01/02/03 flow=01 exit=00 screen=00 in=03 player=00 pxy=20,80 v=02/00
BP_transition_call pc=A631 sp=F37C p=01/02/03 flow=01 exit=00 screen=00 in=03 player=00 pxy=22,80 v=02/00
BP_transition_call pc=A631 sp=F37C p=01/02/03 flow=01 exit=00 screen=00 in=03 player=00 pxy=22,80 v=02/00
BP_transition_call pc=A631 sp=F37C p=01/02/03 flow=01 exit=00 screen=00 in=03 player=00 pxy=22,80 v=02/00
BP_transition_call pc=A631 sp=F37C p=01/02/03 flow=01 exit=00 screen=00 in=03 player=00 pxy=22,80 v=02/00
BP_transition_call pc=A631 sp=F37C p=01/02/03 flow=01 exit=00 screen=00 in=03 player=00 pxy=24,80 v=02/00
BP_transition_call pc=A631 sp=F37C p=01/02/03 flow=01 exit=00 screen=00 in=03 player=00 pxy=24,80 v=02/00
BP_transition_call pc=A631 sp=F37C p=01/02/03 flow=01 exit=00 screen=00 in=03 player=00 pxy=26,80 v=02/00
BP_transition_call pc=A631 sp=F37C p=01/02/03 flow=01 exit=00 screen=00 in=03 player=00 pxy=26,80 v=02/00
BP_transition_call pc=A631 sp=F37C p=01/02/03 flow=01 exit=00 screen=00 in=03 player=00 pxy=26,80 v=02/00
BP_transition_call pc=A631 sp=F37C p=01/02/03 flow=01 exit=00 screen=00 in=03 player=00 pxy=26,80 v=02/00
BP_transition_call pc=A631 sp=F37C p=01/02/03 flow=01 exit=00 screen=00 in=03 player=00 pxy=28,80 v=02/00
BP_transition_call pc=A631 sp=F37C p=01/02/03 flow=01 exit=00 screen=00 in=03 player=00 pxy=28,80 v=02/00
BP_transition_call pc=A631 sp=F37C p=01/02/03 flow=01 exit=00 screen=00 in=03 player=00 pxy=30,80 v=02/00
BP_transition_call pc=A631 sp=F37C p=01/02/03 flow=01 exit=00 screen=00 in=03 player=00 pxy=30,80 v=02/00
BP_transition_call pc=A631 sp=F37C p=01/02/03 flow=01 exit=00 screen=00 in=03 player=00 pxy=30,80 v=02/00
BP_transition_call pc=A631 sp=F37C p=01/02/03 flow=01 exit=00 screen=00 in=03 player=00 pxy=32,80 v=02/00
BP_transition_call pc=A631 sp=F37C p=01/02/03 flow=01 exit=00 screen=00 in=03 player=00 pxy=32,80 v=02/00
BP_transition_call pc=A631 sp=F37C p=01/02/03 flow=01 exit=00 screen=00 in=03 player=00 pxy=32,80 v=02/00
BP_transition_call pc=A631 sp=F37C p=01/02/03 flow=01 exit=00 screen=00 in=03 player=00 pxy=34,80 v=02/00
BP_transition_call pc=A631 sp=F37C p=01/02/03 flow=01 exit=00 screen=00 in=03 player=00 pxy=34,80 v=02/00
BP_transition_call pc=A631 sp=F37C p=01/02/03 flow=01 exit=00 screen=00 in=03 player=00 pxy=36,80 v=02/00
BP_transition_call pc=A631 sp=F37C p=01/02/03 flow=01 exit=00 screen=00 in=03 player=00 pxy=36,80 v=02/00
BP_transition_call pc=A631 sp=F37C p=01/02/03 flow=01 exit=00 screen=00 in=03 player=00 pxy=36,80 v=02/00
BP_transition_call pc=A631 sp=F37C p=01/02/03 flow=01 exit=00 screen=00 in=03 player=00 pxy=38,80 v=02/00
BP_transition_call pc=A631 sp=F37C p=01/02/03 flow=01 exit=00 screen=00 in=03 player=00 pxy=38,80 v=02/00
BP_transition_call pc=A631 sp=F37C p=01/02/03 flow=01 exit=00 screen=00 in=03 player=00 pxy=40,80 v=02/00
BP_transition_call pc=A631 sp=F37C p=01/02/03 flow=01 exit=00 screen=00 in=03 player=00 pxy=40,80 v=02/00
BP_transition_call pc=A631 sp=F37C p=01/02/03 flow=01 exit=00 screen=00 in=03 player=00 pxy=40,80 v=02/00
BP_transition_call pc=A631 sp=F37C p=01/02/03 flow=01 exit=00 screen=00 in=03 player=00 pxy=42,80 v=02/00
BP_transition_call pc=A631 sp=F37C p=01/02/03 flow=01 exit=00 screen=00 in=03 player=00 pxy=42,80 v=02/00
BP_transition_call pc=A631 sp=F37C p=01/02/03 flow=01 exit=00 screen=00 in=03 player=00 pxy=44,80 v=02/00
BP_transition_call pc=A631 sp=F37C p=01/02/03 flow=01 exit=00 screen=00 in=03 player=00 pxy=44,80 v=02/00
BP_transition_call pc=A631 sp=F37C p=01/02/03 flow=01 exit=00 screen=00 in=03 player=00 pxy=44,80 v=02/00
BP_transition_call pc=A631 sp=F37C p=01/02/03 flow=01 exit=00 screen=00 in=03 player=00 pxy=46,80 v=02/00
BP_transition_call pc=A631 sp=F37C p=01/02/03 flow=01 exit=00 screen=00 in=03 player=00 pxy=46,80 v=02/00
BP_transition_call pc=A631 sp=F37C p=01/02/03 flow=01 exit=00 screen=00 in=03 player=00 pxy=48,80 v=02/00
BP_transition_call pc=A631 sp=F37C p=01/02/03 flow=01 exit=00 screen=00 in=03 player=00 pxy=48,80 v=02/00
BP_transition_call pc=A631 sp=F37C p=01/02/03 flow=01 exit=00 screen=00 in=03 player=00 pxy=48,80 v=02/00
BP_transition_call pc=A631 sp=F37C p=01/02/03 flow=01 exit=00 screen=00 in=03 player=00 pxy=50,80 v=02/00
BP_transition_call pc=A631 sp=F37C p=01/02/03 flow=01 exit=00 screen=00 in=03 player=00 pxy=50,80 v=02/00
BP_transition_call pc=A631 sp=F37C p=01/02/03 flow=01 exit=00 screen=00 in=03 player=00 pxy=50,80 v=02/00
BP_transition_call pc=A631 sp=F37C p=01/02/03 flow=01 exit=00 screen=00 in=03 player=00 pxy=52,80 v=02/00
BP_transition_call pc=A631 sp=F37C p=01/02/03 flow=01 exit=00 screen=00 in=03 player=00 pxy=52,80 v=02/00
BP_transition_call pc=A631 sp=F37C p=01/02/03 flow=01 exit=00 screen=00 in=03 player=00 pxy=54,80 v=02/00
BP_transition_call pc=A631 sp=F37C p=01/02/03 flow=01 exit=00 screen=00 in=03 player=00 pxy=54,80 v=02/00
BP_transition_call pc=A631 sp=F37C p=01/02/03 flow=01 exit=00 screen=00 in=03 player=00 pxy=54,80 v=02/00
BP_transition_call pc=A631 sp=F37C p=01/02/03 flow=01 exit=00 screen=00 in=03 player=00 pxy=56,80 v=02/00
BP_transition_call pc=A631 sp=F37C p=01/02/03 flow=01 exit=00 screen=00 in=03 player=00 pxy=56,80 v=02/00
BP_transition_call pc=A631 sp=F37C p=01/02/03 flow=01 exit=00 screen=00 in=03 player=00 pxy=58,80 v=02/00
BP_transition_call pc=A631 sp=F37C p=01/02/03 flow=01 exit=00 screen=00 in=03 player=00 pxy=58,80 v=02/00
BP_transition_call pc=A631 sp=F37C p=01/02/03 flow=01 exit=00 screen=00 in=03 player=00 pxy=58,80 v=02/00
BP_transition_call pc=A631 sp=F37C p=01/02/03 flow=01 exit=00 screen=00 in=03 player=00 pxy=60,80 v=02/00
BP_transition_call pc=A631 sp=F37C p=01/02/03 flow=01 exit=00 screen=00 in=03 player=00 pxy=60,80 v=02/00
BP_transition_call pc=A631 sp=F37C p=01/02/03 flow=01 exit=00 screen=00 in=03 player=00 pxy=62,80 v=02/00
BP_transition_call pc=A631 sp=F37C p=01/02/03 flow=01 exit=00 screen=00 in=03 player=00 pxy=62,80 v=02/00
BP_transition_call pc=A631 sp=F37C p=01/02/03 flow=01 exit=00 screen=00 in=03 player=00 pxy=62,80 v=02/00
BP_transition_call pc=A631 sp=F37C p=01/02/03 flow=01 exit=00 screen=00 in=03 player=00 pxy=64,80 v=02/00
BP_transition_call pc=A631 sp=F37C p=01/02/03 flow=01 exit=00 screen=00 in=03 player=00 pxy=64,80 v=02/00
BP_transition_call pc=A631 sp=F37C p=01/02/03 flow=01 exit=00 screen=00 in=03 player=00 pxy=66,80 v=02/00
BP_transition_call pc=A631 sp=F37C p=01/02/03 flow=01 exit=00 screen=00 in=03 player=00 pxy=66,80 v=02/00
BP_transition_call pc=A631 sp=F37C p=01/02/03 flow=01 exit=00 screen=00 in=03 player=00 pxy=66,80 v=02/00
BP_transition_call pc=A631 sp=F37C p=01/02/03 flow=01 exit=00 screen=00 in=03 player=00 pxy=68,80 v=02/00
BP_transition_call pc=A631 sp=F37C p=01/02/03 flow=01 exit=00 screen=00 in=03 player=00 pxy=68,80 v=02/00
BP_transition_call pc=A631 sp=F37C p=01/02/03 flow=01 exit=00 screen=00 in=03 player=00 pxy=68,80 v=02/00
BP_transition_call pc=A631 sp=F37C p=01/02/03 flow=01 exit=00 screen=00 in=03 player=00 pxy=68,80 v=02/00
BP_transition_call pc=A631 sp=F37C p=01/02/03 flow=01 exit=00 screen=00 in=03 player=00 pxy=70,80 v=02/00
BP_transition_call pc=A631 sp=F37C p=01/02/03 flow=01 exit=00 screen=00 in=03 player=00 pxy=70,80 v=02/00
BP_transition_call pc=A631 sp=F37C p=01/02/03 flow=01 exit=00 screen=00 in=03 player=00 pxy=72,80 v=02/00
BP_transition_call pc=A631 sp=F37C p=01/02/03 flow=01 exit=00 screen=00 in=03 player=00 pxy=72,80 v=02/00
BP_transition_call pc=A631 sp=F37C p=01/02/03 flow=01 exit=00 screen=00 in=03 player=00 pxy=72,80 v=02/00
BP_transition_call pc=A631 sp=F37C p=01/02/03 flow=01 exit=00 screen=00 in=03 player=00 pxy=72,80 v=02/00
BP_transition_call pc=A631 sp=F37C p=01/02/03 flow=01 exit=00 screen=00 in=03 player=00 pxy=74,80 v=02/00
BP_transition_call pc=A631 sp=F37C p=01/02/03 flow=01 exit=00 screen=00 in=03 player=00 pxy=74,80 v=02/00
BP_transition_call pc=A631 sp=F37C p=01/02/03 flow=01 exit=00 screen=00 in=03 player=00 pxy=76,80 v=02/00
BP_transition_call pc=A631 sp=F37C p=01/02/03 flow=01 exit=00 screen=00 in=03 player=00 pxy=76,80 v=02/00
BP_transition_call pc=A631 sp=F37C p=01/02/03 flow=01 exit=00 screen=00 in=03 player=00 pxy=76,80 v=02/00
BP_transition_call pc=A631 sp=F37C p=01/02/03 flow=01 exit=00 screen=00 in=03 player=00 pxy=78,80 v=02/00
BP_transition_call pc=A631 sp=F37C p=01/02/03 flow=01 exit=00 screen=00 in=03 player=00 pxy=78,80 v=02/00
BP_transition_call pc=A631 sp=F37C p=01/02/03 flow=01 exit=00 screen=00 in=03 player=00 pxy=80,80 v=02/00
BP_transition_call pc=A631 sp=F37C p=01/02/03 flow=01 exit=00 screen=00 in=03 player=00 pxy=80,80 v=02/00
BP_transition_call pc=A631 sp=F37C p=01/02/03 flow=01 exit=00 screen=00 in=03 player=00 pxy=80,80 v=02/00
BP_transition_call pc=A631 sp=F37C p=01/02/03 flow=01 exit=00 screen=00 in=03 player=00 pxy=82,80 v=02/00
BP_transition_call pc=A631 sp=F37C p=01/02/03 flow=01 exit=00 screen=00 in=03 player=00 pxy=82,80 v=02/00
BP_transition_call pc=A631 sp=F37C p=01/02/03 flow=01 exit=00 screen=00 in=03 player=00 pxy=84,80 v=02/00
BP_transition_call pc=A631 sp=F37C p=01/02/03 flow=01 exit=00 screen=00 in=03 player=00 pxy=84,80 v=02/00
BP_transition_call pc=A631 sp=F37C p=01/02/03 flow=01 exit=00 screen=00 in=03 player=00 pxy=84,80 v=02/00
BP_transition_call pc=A631 sp=F37C p=01/02/03 flow=01 exit=00 screen=00 in=03 player=00 pxy=86,80 v=02/00
BP_transition_call pc=A631 sp=F37C p=01/02/03 flow=01 exit=00 screen=00 in=03 player=00 pxy=86,80 v=02/00
BP_transition_call pc=A631 sp=F37C p=01/02/03 flow=01 exit=00 screen=00 in=03 player=00 pxy=86,80 v=02/00
BP_transition_call pc=A631 sp=F37C p=01/02/03 flow=01 exit=00 screen=00 in=03 player=00 pxy=88,80 v=02/00
BP_transition_call pc=A631 sp=F37C p=01/02/03 flow=01 exit=00 screen=00 in=03 player=00 pxy=88,80 v=02/00
BP_transition_call pc=A631 sp=F37C p=01/02/03 flow=01 exit=00 screen=00 in=03 player=00 pxy=90,80 v=02/00
BP_transition_call pc=A631 sp=F37C p=01/02/03 flow=01 exit=00 screen=00 in=03 player=00 pxy=90,80 v=02/00
BP_transition_call pc=A631 sp=F37C p=01/02/03 flow=01 exit=00 screen=00 in=03 player=00 pxy=90,80 v=02/00
BP_transition_call pc=A631 sp=F37C p=01/02/03 flow=01 exit=00 screen=00 in=03 player=00 pxy=92,80 v=02/00
BP_transition_call pc=A631 sp=F37C p=01/02/03 flow=01 exit=00 screen=00 in=03 player=00 pxy=92,80 v=02/00
BP_transition_call pc=A631 sp=F37C p=01/02/03 flow=01 exit=00 screen=00 in=03 player=00 pxy=94,80 v=02/00
BP_transition_call pc=A631 sp=F37C p=01/02/03 flow=01 exit=00 screen=00 in=03 player=00 pxy=94,80 v=02/00
BP_transition_call pc=A631 sp=F37C p=01/02/03 flow=01 exit=00 screen=00 in=03 player=00 pxy=94,80 v=02/00
BP_transition_call pc=A631 sp=F37C p=01/02/03 flow=01 exit=00 screen=00 in=03 player=00 pxy=96,80 v=02/00
BP_transition_call pc=A631 sp=F37C p=01/02/03 flow=01 exit=00 screen=00 in=03 player=00 pxy=96,80 v=02/00
BP_transition_call pc=A631 sp=F37C p=01/02/03 flow=01 exit=00 screen=00 in=03 player=00 pxy=98,80 v=02/00
BP_transition_call pc=A631 sp=F37C p=01/02/03 flow=01 exit=00 screen=00 in=03 player=00 pxy=98,80 v=02/00
BP_transition_call pc=A631 sp=F37C p=01/02/03 flow=01 exit=00 screen=00 in=03 player=00 pxy=98,80 v=02/00
BP_transition_call pc=A631 sp=F37C p=01/02/03 flow=01 exit=00 screen=00 in=03 player=00 pxy=100,80 v=02/00
BP_transition_call pc=A631 sp=F37C p=01/02/03 flow=01 exit=00 screen=00 in=03 player=00 pxy=100,80 v=02/00
BP_transition_call pc=A631 sp=F37C p=01/02/03 flow=01 exit=00 screen=00 in=03 player=00 pxy=102,80 v=02/00
BP_transition_call pc=A631 sp=F37C p=01/02/03 flow=01 exit=00 screen=00 in=03 player=00 pxy=102,80 v=02/00
BP_transition_call pc=A631 sp=F37C p=01/02/03 flow=01 exit=00 screen=00 in=03 player=00 pxy=102,80 v=02/00
BP_transition_call pc=A631 sp=F37C p=01/02/03 flow=01 exit=00 screen=00 in=03 player=00 pxy=102,80 v=02/00
BP_transition_call pc=A631 sp=F37C p=01/02/03 flow=01 exit=00 screen=00 in=03 player=00 pxy=104,80 v=02/00
BP_transition_call pc=A631 sp=F37C p=01/02/03 flow=01 exit=00 screen=00 in=03 player=00 pxy=104,80 v=02/00
BP_transition_call pc=A631 sp=F37C p=01/02/03 flow=01 exit=00 screen=00 in=03 player=00 pxy=104,80 v=02/00
BP_transition_call pc=A631 sp=F37C p=01/02/03 flow=01 exit=00 screen=00 in=03 player=00 pxy=106,80 v=02/00
BP_transition_call pc=A631 sp=F37C p=01/02/03 flow=01 exit=00 screen=00 in=03 player=00 pxy=106,80 v=02/00
BP_transition_call pc=A631 sp=F37C p=01/02/03 flow=01 exit=00 screen=00 in=03 player=00 pxy=108,80 v=02/00
BP_transition_call pc=A631 sp=F37C p=01/02/03 flow=01 exit=00 screen=00 in=03 player=00 pxy=108,80 v=02/00
BP_transition_call pc=A631 sp=F37C p=01/02/03 flow=01 exit=00 screen=00 in=03 player=00 pxy=108,80 v=02/00
BP_transition_call pc=A631 sp=F37C p=01/02/03 flow=01 exit=00 screen=00 in=03 player=00 pxy=108,80 v=02/00
BP_transition_call pc=A631 sp=F37C p=01/02/03 flow=01 exit=00 screen=00 in=03 player=00 pxy=110,80 v=02/00
BP_transition_call pc=A631 sp=F37C p=01/02/03 flow=01 exit=00 screen=00 in=03 player=00 pxy=110,80 v=02/00
BP_transition_call pc=A631 sp=F37C p=01/02/03 flow=01 exit=00 screen=00 in=03 player=00 pxy=112,80 v=02/00
BP_transition_call pc=A631 sp=F37C p=01/02/03 flow=01 exit=00 screen=00 in=03 player=00 pxy=112,80 v=02/00
BP_transition_call pc=A631 sp=F37C p=01/02/03 flow=01 exit=00 screen=00 in=03 player=00 pxy=112,80 v=02/00
BP_transition_call pc=A631 sp=F37C p=01/02/03 flow=01 exit=00 screen=00 in=03 player=00 pxy=112,80 v=02/00
BP_transition_call pc=A631 sp=F37C p=01/02/03 flow=01 exit=00 screen=00 in=03 player=00 pxy=114,80 v=02/00
BP_transition_call pc=A631 sp=F37C p=01/02/03 flow=01 exit=00 screen=00 in=03 player=00 pxy=114,80 v=02/00
BP_transition_call pc=A631 sp=F37C p=01/02/03 flow=01 exit=00 screen=00 in=03 player=00 pxy=116,80 v=02/00
BP_transition_call pc=A631 sp=F37C p=01/02/03 flow=01 exit=00 screen=00 in=03 player=00 pxy=116,80 v=02/00
BP_transition_call pc=A631 sp=F37C p=01/02/03 flow=01 exit=00 screen=00 in=03 player=00 pxy=116,80 v=02/00
BP_transition_call pc=A631 sp=F37C p=01/02/03 flow=01 exit=00 screen=00 in=03 player=00 pxy=116,80 v=02/00
BP_transition_call pc=A631 sp=F37C p=01/02/03 flow=01 exit=00 screen=00 in=03 player=00 pxy=118,80 v=02/00
BP_transition_call pc=A631 sp=F37C p=01/02/03 flow=01 exit=00 screen=00 in=03 player=00 pxy=118,80 v=02/00
BP_transition_call pc=A631 sp=F37C p=01/02/03 flow=01 exit=00 screen=00 in=03 player=00 pxy=120,80 v=02/00
BP_transition_call pc=A631 sp=F37C p=01/02/03 flow=01 exit=00 screen=00 in=03 player=00 pxy=120,80 v=02/00
BP_transition_call pc=A631 sp=F37C p=01/02/03 flow=01 exit=00 screen=00 in=03 player=00 pxy=122,80 v=02/00
BP_transition_call pc=A631 sp=F37C p=01/02/03 flow=01 exit=00 screen=00 in=03 player=00 pxy=122,80 v=02/00
BP_transition_call pc=A631 sp=F37C p=01/02/03 flow=01 exit=00 screen=00 in=03 player=00 pxy=122,80 v=02/00
BP_transition_call pc=A631 sp=F37C p=01/02/03 flow=01 exit=00 screen=00 in=03 player=00 pxy=124,80 v=02/00
BP_transition_call pc=A631 sp=F37C p=01/02/03 flow=01 exit=00 screen=00 in=03 player=00 pxy=124,80 v=02/00
BP_transition_call pc=A631 sp=F37C p=01/02/03 flow=01 exit=00 screen=00 in=03 player=00 pxy=126,80 v=02/00
BP_transition_call pc=A631 sp=F37C p=01/02/03 flow=01 exit=00 screen=00 in=03 player=00 pxy=126,80 v=02/00
BP_transition_call pc=A631 sp=F37C p=01/02/03 flow=01 exit=00 screen=00 in=03 player=00 pxy=126,80 v=02/00
BP_transition_call pc=A631 sp=F37C p=01/02/03 flow=01 exit=00 screen=00 in=03 player=00 pxy=128,80 v=02/00
BP_transition_call pc=A631 sp=F37C p=01/02/03 flow=01 exit=00 screen=00 in=03 player=00 pxy=128,80 v=02/00
BP_transition_call pc=A631 sp=F37C p=01/02/03 flow=01 exit=00 screen=00 in=03 player=00 pxy=130,80 v=02/00
BP_transition_call pc=A631 sp=F37C p=01/02/03 flow=01 exit=00 screen=00 in=03 player=00 pxy=130,80 v=02/00
BP_transition_call pc=A631 sp=F37C p=01/02/03 flow=01 exit=00 screen=00 in=03 player=00 pxy=130,80 v=02/00
BP_transition_call pc=A631 sp=F37C p=01/02/03 flow=01 exit=00 screen=00 in=03 player=00 pxy=132,80 v=02/00
BP_transition_call pc=A631 sp=F37C p=01/02/03 flow=01 exit=00 screen=00 in=03 player=00 pxy=132,80 v=02/00
BP_transition_call pc=A631 sp=F37C p=01/02/03 flow=01 exit=00 screen=00 in=03 player=00 pxy=134,80 v=02/00
BP_transition_call pc=A631 sp=F37C p=01/02/03 flow=01 exit=00 screen=00 in=03 player=00 pxy=134,80 v=02/00
BP_transition_call pc=A631 sp=F37C p=01/02/03 flow=01 exit=00 screen=00 in=03 player=00 pxy=134,80 v=02/00
BP_transition_call pc=A631 sp=F37C p=01/02/03 flow=01 exit=00 screen=00 in=03 player=00 pxy=136,80 v=02/00
BP_transition_call pc=A631 sp=F37C p=01/02/03 flow=01 exit=00 screen=00 in=03 player=00 pxy=136,80 v=02/00
BP_transition_call pc=A631 sp=F37C p=01/02/03 flow=01 exit=00 screen=00 in=03 player=00 pxy=138,80 v=02/00
BP_transition_call pc=A631 sp=F37C p=01/02/03 flow=01 exit=00 screen=00 in=03 player=00 pxy=138,80 v=02/00
BP_transition_call pc=A631 sp=F37C p=01/02/03 flow=01 exit=00 screen=00 in=03 player=00 pxy=140,80 v=02/00
BP_transition_call pc=A631 sp=F37C p=01/02/03 flow=01 exit=00 screen=00 in=03 player=00 pxy=140,80 v=02/00
BP_transition_call pc=A631 sp=F37C p=01/02/03 flow=01 exit=00 screen=00 in=03 player=00 pxy=142,81 v=02/01
BP_transition_call pc=A631 sp=F37C p=01/02/03 flow=01 exit=00 screen=00 in=03 player=00 pxy=142,81 v=02/01
BP_transition_call pc=A631 sp=F37C p=01/02/03 flow=01 exit=00 screen=00 in=03 player=00 pxy=144,82 v=02/01
BP_transition_call pc=A631 sp=F37C p=01/02/03 flow=01 exit=00 screen=00 in=03 player=00 pxy=144,82 v=02/01
BP_transition_call pc=A631 sp=F37C p=01/02/03 flow=01 exit=00 screen=00 in=03 player=00 pxy=144,82 v=02/01
BP_transition_call pc=A631 sp=F37C p=01/02/03 flow=01 exit=00 screen=00 in=03 player=00 pxy=144,82 v=02/01
BP_transition_call pc=A631 sp=F37C p=01/02/03 flow=01 exit=00 screen=00 in=03 player=00 pxy=144,83 v=00/01
BP_transition_call pc=A631 sp=F37C p=01/02/03 flow=01 exit=00 screen=00 in=03 player=00 pxy=144,83 v=00/01
BP_transition_call pc=A631 sp=F37C p=01/02/03 flow=01 exit=00 screen=00 in=03 player=00 pxy=144,83 v=00/01
BP_transition_call pc=A631 sp=F37C p=01/02/03 flow=01 exit=00 screen=00 in=03 player=00 pxy=144,84 v=00/01
BP_transition_call pc=A631 sp=F37C p=01/02/03 flow=01 exit=00 screen=00 in=03 player=00 pxy=144,84 v=00/01
BP_transition_call pc=A631 sp=F37C p=01/02/03 flow=01 exit=00 screen=00 in=03 player=00 pxy=144,86 v=00/02
BP_transition_call pc=A631 sp=F37C p=01/02/03 flow=01 exit=00 screen=00 in=03 player=00 pxy=144,86 v=00/02
BP_transition_call pc=A631 sp=F37C p=01/02/03 flow=01 exit=00 screen=00 in=03 player=00 pxy=144,86 v=00/02
BP_transition_call pc=A631 sp=F37C p=01/02/03 flow=01 exit=00 screen=00 in=03 player=00 pxy=144,88 v=00/00
BP_transition_call pc=A631 sp=F37C p=01/02/03 flow=01 exit=00 screen=00 in=03 player=00 pxy=144,88 v=00/00
during_right_16 pc=80D9 sp=F368 p=01/02/03 flow=01 exit=00 screen=00 in=03 player=00 pxy=144,88 v=00/00
BP_transition_call pc=A631 sp=F37C p=01/02/03 flow=01 exit=00 screen=00 in=03 player=00 pxy=144,88 v=00/00
BP_transition_call pc=A631 sp=F37C p=01/02/03 flow=01 exit=00 screen=00 in=03 player=00 pxy=144,88 v=00/00
BP_transition_call pc=A631 sp=F37C p=01/02/03 flow=01 exit=00 screen=00 in=03 player=00 pxy=34,80 v=02/00
BP_transition_call pc=A631 sp=F37C p=01/02/03 flow=01 exit=00 screen=00 in=03 player=00 pxy=34,80 v=02/00
BP_transition_call pc=A631 sp=F37C p=01/02/03 flow=01 exit=00 screen=00 in=03 player=00 pxy=36,80 v=02/00
BP_transition_call pc=A631 sp=F37C p=01/02/03 flow=01 exit=00 screen=00 in=03 player=00 pxy=36,80 v=02/00
BP_transition_call pc=A631 sp=F37C p=01/02/03 flow=01 exit=00 screen=00 in=03 player=00 pxy=36,80 v=02/00
BP_transition_call pc=A631 sp=F37C p=01/02/03 flow=01 exit=00 screen=00 in=03 player=00 pxy=38,80 v=02/00
BP_transition_call pc=A631 sp=F37C p=01/02/03 flow=01 exit=00 screen=00 in=03 player=00 pxy=38,80 v=02/00
BP_transition_call pc=A631 sp=F37C p=01/02/03 flow=01 exit=00 screen=00 in=03 player=00 pxy=38,80 v=02/00
BP_transition_call pc=A631 sp=F37C p=01/02/03 flow=01 exit=00 screen=00 in=03 player=00 pxy=38,80 v=02/00
BP_transition_call pc=A631 sp=F37C p=01/02/03 flow=01 exit=00 screen=00 in=03 player=00 pxy=40,80 v=02/00
BP_transition_call pc=A631 sp=F37C p=01/02/03 flow=01 exit=00 screen=00 in=03 player=00 pxy=40,80 v=02/00
BP_transition_call pc=A631 sp=F37C p=01/02/03 flow=01 exit=00 screen=00 in=03 player=00 pxy=42,80 v=02/00
BP_transition_call pc=A631 sp=F37C p=01/02/03 flow=01 exit=00 screen=00 in=03 player=00 pxy=42,80 v=02/00
BP_transition_call pc=A631 sp=F37C p=01/02/03 flow=01 exit=00 screen=00 in=03 player=00 pxy=42,80 v=02/00
BP_transition_call pc=A631 sp=F37C p=01/02/03 flow=01 exit=00 screen=00 in=03 player=00 pxy=42,80 v=02/00
BP_transition_call pc=A631 sp=F37C p=01/02/03 flow=01 exit=00 screen=00 in=03 player=00 pxy=44,80 v=02/00
BP_transition_call pc=A631 sp=F37C p=01/02/03 flow=01 exit=00 screen=00 in=03 player=00 pxy=44,80 v=02/00
BP_transition_call pc=A631 sp=F37C p=01/02/03 flow=01 exit=00 screen=00 in=03 player=00 pxy=46,80 v=02/00
BP_transition_call pc=A631 sp=F37C p=01/02/03 flow=01 exit=00 screen=00 in=03 player=00 pxy=46,80 v=02/00
BP_transition_call pc=A631 sp=F37C p=01/02/03 flow=01 exit=00 screen=00 in=03 player=00 pxy=46,80 v=02/00
BP_transition_call pc=A631 sp=F37C p=01/02/03 flow=01 exit=00 screen=00 in=03 player=00 pxy=46,80 v=02/00
BP_transition_call pc=A631 sp=F37C p=01/02/03 flow=01 exit=00 screen=00 in=03 player=00 pxy=48,80 v=02/00
BP_transition_call pc=A631 sp=F37C p=01/02/03 flow=01 exit=00 screen=00 in=03 player=00 pxy=48,80 v=02/00
BP_transition_call pc=A631 sp=F37C p=01/02/03 flow=01 exit=00 screen=00 in=03 player=00 pxy=50,80 v=02/00
BP_transition_call pc=A631 sp=F37C p=01/02/03 flow=01 exit=00 screen=00 in=03 player=00 pxy=50,80 v=02/00
BP_transition_call pc=A631 sp=F37C p=01/02/03 flow=01 exit=00 screen=00 in=03 player=00 pxy=52,80 v=02/00
BP_transition_call pc=A631 sp=F37C p=01/02/03 flow=01 exit=00 screen=00 in=03 player=00 pxy=52,80 v=02/00
BP_transition_call pc=A631 sp=F37C p=01/02/03 flow=01 exit=00 screen=00 in=03 player=00 pxy=54,80 v=02/00
BP_transition_call pc=A631 sp=F37C p=01/02/03 flow=01 exit=00 screen=00 in=03 player=00 pxy=54,80 v=02/00
BP_transition_call pc=A631 sp=F37C p=01/02/03 flow=01 exit=00 screen=00 in=03 player=00 pxy=54,80 v=02/00
BP_transition_call pc=A631 sp=F37C p=01/02/03 flow=01 exit=00 screen=00 in=03 player=00 pxy=56,80 v=02/00
BP_transition_call pc=A631 sp=F37C p=01/02/03 flow=01 exit=00 screen=00 in=03 player=00 pxy=56,80 v=02/00
BP_transition_call pc=A631 sp=F37C p=01/02/03 flow=01 exit=00 screen=00 in=03 player=00 pxy=58,80 v=02/00
BP_transition_call pc=A631 sp=F37C p=01/02/03 flow=01 exit=00 screen=00 in=03 player=00 pxy=58,80 v=02/00
BP_transition_call pc=A631 sp=F37C p=01/02/03 flow=01 exit=00 screen=00 in=03 player=00 pxy=58,80 v=02/00
BP_transition_call pc=A631 sp=F37C p=01/02/03 flow=01 exit=00 screen=00 in=03 player=00 pxy=60,80 v=02/00
BP_transition_call pc=A631 sp=F37C p=01/02/03 flow=01 exit=00 screen=00 in=03 player=00 pxy=60,80 v=02/00
BP_transition_call pc=A631 sp=F37C p=01/02/03 flow=01 exit=00 screen=00 in=03 player=00 pxy=62,80 v=02/00
BP_transition_call pc=A631 sp=F37C p=01/02/03 flow=01 exit=00 screen=00 in=03 player=00 pxy=62,80 v=02/00
BP_transition_call pc=A631 sp=F37C p=01/02/03 flow=01 exit=00 screen=00 in=03 player=00 pxy=62,80 v=02/00
BP_transition_call pc=A631 sp=F37C p=01/02/03 flow=01 exit=00 screen=00 in=03 player=00 pxy=64,80 v=02/00
BP_transition_call pc=A631 sp=F37C p=01/02/03 flow=01 exit=00 screen=00 in=03 player=00 pxy=64,80 v=02/00
BP_transition_call pc=A631 sp=F37C p=01/02/03 flow=01 exit=00 screen=00 in=03 player=00 pxy=66,80 v=02/00
BP_transition_call pc=A631 sp=F37C p=01/02/03 flow=01 exit=00 screen=00 in=03 player=00 pxy=66,80 v=02/00
BP_transition_call pc=A631 sp=F37C p=01/02/03 flow=01 exit=00 screen=00 in=03 player=00 pxy=66,80 v=02/00
BP_transition_call pc=A631 sp=F37C p=01/02/03 flow=01 exit=00 screen=00 in=03 player=00 pxy=68,80 v=02/00
BP_transition_call pc=A631 sp=F37C p=01/02/03 flow=01 exit=00 screen=00 in=03 player=00 pxy=68,80 v=02/00
BP_transition_call pc=A631 sp=F37C p=01/02/03 flow=01 exit=00 screen=00 in=03 player=00 pxy=70,80 v=02/00
BP_transition_call pc=A631 sp=F37C p=01/02/03 flow=01 exit=00 screen=00 in=03 player=00 pxy=70,80 v=02/00
BP_transition_call pc=A631 sp=F37C p=01/02/03 flow=01 exit=00 screen=00 in=03 player=00 pxy=70,80 v=02/00
BP_transition_call pc=A631 sp=F37C p=01/02/03 flow=01 exit=00 screen=00 in=03 player=00 pxy=70,80 v=02/00
BP_transition_call pc=A631 sp=F37C p=01/02/03 flow=01 exit=00 screen=00 in=03 player=00 pxy=72,80 v=02/00
BP_transition_call pc=A631 sp=F37C p=01/02/03 flow=01 exit=00 screen=00 in=03 player=00 pxy=72,80 v=02/00
BP_transition_call pc=A631 sp=F37C p=01/02/03 flow=01 exit=00 screen=00 in=03 player=00 pxy=74,80 v=02/00
BP_transition_call pc=A631 sp=F37C p=01/02/03 flow=01 exit=00 screen=00 in=03 player=00 pxy=74,80 v=02/00
BP_transition_call pc=A631 sp=F37C p=01/02/03 flow=01 exit=00 screen=00 in=03 player=00 pxy=76,80 v=02/00
BP_transition_call pc=A631 sp=F37C p=01/02/03 flow=01 exit=00 screen=00 in=03 player=00 pxy=76,80 v=02/00
BP_transition_call pc=A631 sp=F37C p=01/02/03 flow=01 exit=00 screen=00 in=03 player=00 pxy=76,80 v=02/00
BP_transition_call pc=A631 sp=F37C p=01/02/03 flow=01 exit=00 screen=00 in=03 player=00 pxy=78,80 v=02/00
BP_transition_call pc=A631 sp=F37C p=01/02/03 flow=01 exit=00 screen=00 in=03 player=00 pxy=78,80 v=02/00
BP_transition_call pc=A631 sp=F37C p=01/02/03 flow=01 exit=00 screen=00 in=03 player=00 pxy=80,80 v=02/00
BP_transition_call pc=A631 sp=F37C p=01/02/03 flow=01 exit=00 screen=00 in=03 player=00 pxy=80,80 v=02/00
BP_transition_call pc=A631 sp=F37C p=01/02/03 flow=01 exit=00 screen=00 in=03 player=00 pxy=80,80 v=02/00
BP_transition_call pc=A631 sp=F37C p=01/02/03 flow=01 exit=00 screen=00 in=03 player=00 pxy=82,80 v=02/00
BP_transition_call pc=A631 sp=F37C p=01/02/03 flow=01 exit=00 screen=00 in=03 player=00 pxy=82,80 v=02/00
BP_transition_call pc=A631 sp=F37C p=01/02/03 flow=01 exit=00 screen=00 in=03 player=00 pxy=84,80 v=02/00
BP_transition_call pc=A631 sp=F37C p=01/02/03 flow=01 exit=00 screen=00 in=03 player=00 pxy=84,80 v=02/00
BP_transition_call pc=A631 sp=F37C p=01/02/03 flow=01 exit=00 screen=00 in=03 player=00 pxy=84,80 v=02/00
BP_transition_call pc=A631 sp=F37C p=01/02/03 flow=01 exit=00 screen=00 in=03 player=00 pxy=84,80 v=02/00
BP_transition_call pc=A631 sp=F37C p=01/02/03 flow=01 exit=00 screen=00 in=03 player=00 pxy=86,80 v=02/00
BP_transition_call pc=A631 sp=F37C p=01/02/03 flow=01 exit=00 screen=00 in=03 player=00 pxy=86,80 v=02/00
BP_transition_call pc=A631 sp=F37C p=01/02/03 flow=01 exit=00 screen=00 in=03 player=00 pxy=88,80 v=02/00
BP_transition_call pc=A631 sp=F37C p=01/02/03 flow=01 exit=00 screen=00 in=03 player=00 pxy=88,80 v=02/00
BP_transition_call pc=A631 sp=F37C p=01/02/03 flow=01 exit=00 screen=00 in=03 player=00 pxy=88,80 v=02/00
BP_transition_call pc=A631 sp=F37C p=01/02/03 flow=01 exit=00 screen=00 in=03 player=00 pxy=90,80 v=02/00
BP_transition_call pc=A631 sp=F37C p=01/02/03 flow=01 exit=00 screen=00 in=03 player=00 pxy=90,80 v=02/00
BP_transition_call pc=A631 sp=F37C p=01/02/03 flow=01 exit=00 screen=00 in=03 player=00 pxy=90,80 v=02/00
BP_transition_call pc=A631 sp=F37C p=01/02/03 flow=01 exit=00 screen=00 in=03 player=00 pxy=90,80 v=02/00
BP_transition_call pc=A631 sp=F37C p=01/02/03 flow=01 exit=00 screen=00 in=03 player=00 pxy=92,80 v=02/00
BP_transition_call pc=A631 sp=F37C p=01/02/03 flow=01 exit=00 screen=00 in=03 player=00 pxy=92,80 v=02/00
BP_transition_call pc=A631 sp=F37C p=01/02/03 flow=01 exit=00 screen=00 in=03 player=00 pxy=94,80 v=02/00
BP_transition_call pc=A631 sp=F37C p=01/02/03 flow=01 exit=00 screen=00 in=03 player=00 pxy=94,80 v=02/00
BP_transition_call pc=A631 sp=F37C p=01/02/03 flow=01 exit=00 screen=00 in=03 player=00 pxy=94,80 v=02/00
BP_transition_call pc=A631 sp=F37C p=01/02/03 flow=01 exit=00 screen=00 in=03 player=00 pxy=94,80 v=02/00
BP_transition_call pc=A631 sp=F37C p=01/02/03 flow=01 exit=00 screen=00 in=03 player=00 pxy=96,80 v=02/00
BP_transition_call pc=A631 sp=F37C p=01/02/03 flow=01 exit=00 screen=00 in=03 player=00 pxy=96,80 v=02/00
BP_transition_call pc=A631 sp=F37C p=01/02/03 flow=01 exit=00 screen=00 in=03 player=00 pxy=98,80 v=02/00
BP_transition_call pc=A631 sp=F37C p=01/02/03 flow=01 exit=00 screen=00 in=03 player=00 pxy=98,80 v=02/00
BP_transition_call pc=A631 sp=F37C p=01/02/03 flow=01 exit=00 screen=00 in=03 player=00 pxy=98,80 v=02/00
BP_transition_call pc=A631 sp=F37C p=01/02/03 flow=01 exit=00 screen=00 in=03 player=00 pxy=100,80 v=02/00
BP_transition_call pc=A631 sp=F37C p=01/02/03 flow=01 exit=00 screen=00 in=03 player=00 pxy=100,80 v=02/00
BP_transition_call pc=A631 sp=F37C p=01/02/03 flow=01 exit=00 screen=00 in=03 player=00 pxy=102,80 v=02/00
BP_transition_call pc=A631 sp=F37C p=01/02/03 flow=01 exit=00 screen=00 in=03 player=00 pxy=102,80 v=02/00
BP_transition_call pc=A631 sp=F37C p=01/02/03 flow=01 exit=00 screen=00 in=03 player=00 pxy=102,80 v=02/00
BP_transition_call pc=A631 sp=F37C p=01/02/03 flow=01 exit=00 screen=00 in=03 player=00 pxy=104,80 v=02/00
BP_transition_call pc=A631 sp=F37C p=01/02/03 flow=01 exit=00 screen=00 in=03 player=00 pxy=104,80 v=02/00
BP_transition_call pc=A631 sp=F37C p=01/02/03 flow=01 exit=00 screen=00 in=03 player=00 pxy=106,80 v=02/00
BP_transition_call pc=A631 sp=F37C p=01/02/03 flow=01 exit=00 screen=00 in=03 player=00 pxy=106,80 v=02/00
BP_transition_call pc=A631 sp=F37C p=01/02/03 flow=01 exit=00 screen=00 in=03 player=00 pxy=106,80 v=02/00
BP_transition_call pc=A631 sp=F37C p=01/02/03 flow=01 exit=00 screen=00 in=03 player=00 pxy=106,80 v=02/00
BP_transition_call pc=A631 sp=F37C p=01/02/03 flow=01 exit=00 screen=00 in=03 player=00 pxy=106,80 v=02/00
BP_transition_call pc=A631 sp=F37C p=01/02/03 flow=01 exit=00 screen=00 in=03 player=00 pxy=106,80 v=02/00
BP_transition_call pc=A631 sp=F37C p=01/02/03 flow=01 exit=00 screen=00 in=03 player=00 pxy=106,80 v=02/00
BP_transition_call pc=A631 sp=F37C p=01/02/03 flow=01 exit=00 screen=00 in=03 player=00 pxy=106,80 v=02/00
BP_transition_call pc=A631 sp=F37C p=01/02/03 flow=01 exit=00 screen=00 in=03 player=00 pxy=106,80 v=02/00
BP_transition_call pc=A631 sp=F37C p=01/02/03 flow=01 exit=00 screen=00 in=03 player=00 pxy=106,80 v=02/00
BP_transition_call pc=A631 sp=F37C p=01/02/03 flow=01 exit=00 screen=00 in=03 player=00 pxy=106,80 v=02/00
BP_transition_call pc=A631 sp=F37C p=01/02/03 flow=01 exit=00 screen=00 in=03 player=00 pxy=106,80 v=02/00
BP_transition_call pc=A631 sp=F37C p=01/02/03 flow=01 exit=00 screen=00 in=03 player=00 pxy=106,80 v=02/00
BP_transition_call pc=A631 sp=F37C p=01/02/03 flow=01 exit=00 screen=00 in=03 player=00 pxy=106,80 v=02/00
BP_transition_call pc=A631 sp=F37C p=01/02/03 flow=01 exit=00 screen=00 in=03 player=00 pxy=106,80 v=02/00
BP_transition_call pc=A631 sp=F37C p=01/02/03 flow=01 exit=00 screen=00 in=03 player=00 pxy=106,80 v=02/00
BP_transition_call pc=A631 sp=F37C p=01/02/03 flow=01 exit=00 screen=00 in=03 player=00 pxy=106,80 v=02/00
BP_transition_call pc=A631 sp=F37C p=01/02/03 flow=01 exit=00 screen=00 in=03 player=00 pxy=106,80 v=02/00
BP_transition_call pc=A631 sp=F37C p=01/02/03 flow=01 exit=00 screen=00 in=03 player=00 pxy=106,80 v=02/00
BP_transition_call pc=A631 sp=F37C p=01/02/03 flow=01 exit=00 screen=00 in=03 player=00 pxy=106,80 v=02/00
BP_transition_call pc=A631 sp=F37C p=01/02/03 flow=01 exit=00 screen=00 in=03 player=00 pxy=106,80 v=02/00
BP_transition_call pc=A631 sp=F37C p=01/02/03 flow=01 exit=00 screen=00 in=03 player=00 pxy=106,80 v=02/00
BP_transition_call pc=A631 sp=F37C p=01/02/03 flow=01 exit=00 screen=00 in=03 player=00 pxy=106,80 v=02/00
BP_transition_call pc=A631 sp=F37C p=01/02/03 flow=01 exit=00 screen=00 in=03 player=00 pxy=106,80 v=02/00
BP_transition_call pc=A631 sp=F37C p=01/02/03 flow=01 exit=00 screen=00 in=03 player=00 pxy=106,80 v=02/00
BP_transition_call pc=A631 sp=F37C p=01/02/03 flow=01 exit=00 screen=00 in=03 player=00 pxy=106,80 v=02/00
BP_transition_call pc=A631 sp=F37C p=01/02/03 flow=01 exit=00 screen=00 in=03 player=00 pxy=106,80 v=02/00
BP_transition_call pc=A631 sp=F37C p=01/02/03 flow=01 exit=00 screen=00 in=03 player=00 pxy=106,80 v=02/00
BP_transition_call pc=A631 sp=F37C p=01/02/03 flow=01 exit=00 screen=00 in=03 player=00 pxy=106,80 v=02/00
BP_transition_call pc=A631 sp=F37C p=01/02/03 flow=01 exit=00 screen=00 in=03 player=00 pxy=106,80 v=02/00
BP_transition_call pc=A631 sp=F37C p=01/02/03 flow=01 exit=00 screen=00 in=03 player=00 pxy=106,80 v=02/00
BP_transition_call pc=A631 sp=F37C p=01/02/03 flow=01 exit=00 screen=00 in=03 player=00 pxy=106,80 v=02/00
BP_transition_call pc=A631 sp=F37C p=01/02/03 flow=01 exit=00 screen=00 in=03 player=00 pxy=106,80 v=02/00
BP_transition_call pc=A631 sp=F37C p=01/02/03 flow=01 exit=00 screen=00 in=03 player=00 pxy=106,80 v=02/00
BP_transition_call pc=A631 sp=F37C p=01/02/03 flow=01 exit=00 screen=00 in=03 player=00 pxy=106,80 v=02/00
BP_transition_call pc=A631 sp=F37C p=01/02/03 flow=01 exit=00 screen=00 in=03 player=00 pxy=106,80 v=02/00
BP_transition_call pc=A631 sp=F37C p=01/02/03 flow=01 exit=00 screen=00 in=03 player=00 pxy=106,80 v=02/00
BP_transition_call pc=A631 sp=F37C p=01/02/03 flow=01 exit=00 screen=00 in=03 player=00 pxy=106,80 v=02/00
BP_transition_call pc=A631 sp=F37C p=01/02/03 flow=01 exit=00 screen=00 in=03 player=00 pxy=106,80 v=02/00
BP_transition_call pc=A631 sp=F37C p=01/02/03 flow=01 exit=00 screen=00 in=03 player=00 pxy=106,80 v=02/00
BP_transition_call pc=A631 sp=F37C p=01/02/03 flow=01 exit=00 screen=00 in=03 player=00 pxy=106,80 v=02/00
BP_transition_call pc=A631 sp=F37C p=01/02/03 flow=01 exit=00 screen=00 in=03 player=00 pxy=106,80 v=02/00
BP_transition_call pc=A631 sp=F37C p=01/02/03 flow=01 exit=00 screen=00 in=03 player=00 pxy=106,80 v=02/00
BP_transition_call pc=A631 sp=F37C p=01/02/03 flow=01 exit=00 screen=00 in=03 player=00 pxy=106,80 v=02/00
BP_transition_call pc=A631 sp=F37C p=01/02/03 flow=01 exit=00 screen=00 in=03 player=00 pxy=106,80 v=02/00
BP_transition_call pc=A631 sp=F37C p=01/02/03 flow=01 exit=00 screen=00 in=03 player=00 pxy=106,80 v=02/00
BP_transition_call pc=A631 sp=F37C p=01/02/03 flow=01 exit=00 screen=00 in=03 player=00 pxy=106,80 v=02/00
BP_transition_call pc=A631 sp=F37C p=01/02/03 flow=01 exit=00 screen=00 in=03 player=00 pxy=106,80 v=02/00
BP_transition_call pc=A631 sp=F37C p=01/02/03 flow=01 exit=00 screen=00 in=03 player=00 pxy=106,80 v=02/00
BP_transition_call pc=A631 sp=F37C p=01/02/03 flow=01 exit=00 screen=00 in=03 player=00 pxy=106,80 v=02/00
BP_transition_call pc=A631 sp=F37C p=01/02/03 flow=01 exit=00 screen=00 in=03 player=00 pxy=106,80 v=02/00
BP_transition_call pc=A631 sp=F37C p=01/02/03 flow=01 exit=00 screen=00 in=03 player=00 pxy=106,80 v=02/00
BP_transition_call pc=A631 sp=F37C p=01/02/03 flow=01 exit=00 screen=00 in=03 player=00 pxy=106,80 v=02/00
BP_transition_call pc=A631 sp=F37C p=01/02/03 flow=01 exit=00 screen=00 in=03 player=00 pxy=106,80 v=02/00
BP_transition_call pc=A631 sp=F37C p=01/02/03 flow=01 exit=00 screen=00 in=03 player=00 pxy=106,80 v=02/00
BP_transition_call pc=A631 sp=F37C p=01/02/03 flow=01 exit=00 screen=00 in=03 player=00 pxy=106,80 v=02/00
BP_transition_call pc=A631 sp=F37C p=01/02/03 flow=01 exit=00 screen=00 in=03 player=00 pxy=106,80 v=02/00
BP_transition_call pc=A631 sp=F37C p=01/02/03 flow=01 exit=00 screen=00 in=03 player=00 pxy=106,80 v=02/00
BP_transition_call pc=A631 sp=F37C p=01/02/03 flow=01 exit=00 screen=00 in=03 player=00 pxy=106,80 v=02/00
BP_transition_call pc=A631 sp=F37C p=01/02/03 flow=01 exit=00 screen=00 in=03 player=00 pxy=106,80 v=02/00
BP_transition_call pc=A631 sp=F37C p=01/02/03 flow=01 exit=00 screen=00 in=03 player=00 pxy=106,80 v=02/00
BP_transition_call pc=A631 sp=F37C p=01/02/03 flow=01 exit=00 screen=00 in=03 player=00 pxy=106,80 v=02/00
BP_transition_call pc=A631 sp=F37C p=01/02/03 flow=01 exit=00 screen=00 in=03 player=00 pxy=106,80 v=02/00
BP_transition_call pc=A631 sp=F37C p=01/02/03 flow=01 exit=00 screen=00 in=03 player=00 pxy=106,80 v=02/00
BP_transition_call pc=A631 sp=F37C p=01/02/03 flow=01 exit=00 screen=00 in=03 player=00 pxy=106,80 v=02/00
BP_transition_call pc=A631 sp=F37C p=01/02/03 flow=01 exit=00 screen=00 in=03 player=00 pxy=106,80 v=02/00
BP_transition_call pc=A631 sp=F37C p=01/02/03 flow=01 exit=00 screen=00 in=03 player=00 pxy=106,80 v=02/00
BP_transition_call pc=A631 sp=F37C p=01/02/03 flow=01 exit=00 screen=00 in=03 player=00 pxy=106,80 v=02/00
BP_transition_call pc=A631 sp=F37C p=01/02/03 flow=01 exit=00 screen=00 in=03 player=00 pxy=106,80 v=02/00
BP_transition_call pc=A631 sp=F37C p=01/02/03 flow=01 exit=00 screen=00 in=03 player=00 pxy=106,80 v=02/00
BP_transition_call pc=A631 sp=F37C p=01/02/03 flow=01 exit=00 screen=00 in=03 player=00 pxy=106,80 v=02/00
BP_transition_call pc=A631 sp=F37C p=01/02/03 flow=01 exit=00 screen=00 in=03 player=00 pxy=106,80 v=02/00
BP_transition_call pc=A631 sp=F37C p=01/02/03 flow=01 exit=00 screen=00 in=03 player=00 pxy=106,80 v=02/00
BP_transition_call pc=A631 sp=F37C p=01/02/03 flow=01 exit=00 screen=00 in=03 player=00 pxy=106,80 v=02/00
BP_transition_call pc=A631 sp=F37C p=01/02/03 flow=01 exit=00 screen=00 in=03 player=00 pxy=106,80 v=02/00
BP_transition_call pc=A631 sp=F37C p=01/02/03 flow=01 exit=00 screen=00 in=03 player=00 pxy=106,80 v=02/00
BP_transition_call pc=A631 sp=F37C p=01/02/03 flow=01 exit=00 screen=00 in=03 player=00 pxy=106,80 v=02/00
BP_transition_call pc=A631 sp=F37C p=01/02/03 flow=01 exit=00 screen=00 in=03 player=00 pxy=106,80 v=02/00
BP_transition_call pc=A631 sp=F37C p=01/02/03 flow=01 exit=00 screen=00 in=03 player=00 pxy=106,80 v=02/00
BP_transition_call pc=A631 sp=F37C p=01/02/03 flow=01 exit=00 screen=00 in=03 player=00 pxy=106,80 v=02/00
BP_transition_call pc=A631 sp=F37C p=01/02/03 flow=01 exit=00 screen=00 in=03 player=00 pxy=106,80 v=02/00
BP_transition_call pc=A631 sp=F37C p=01/02/03 flow=01 exit=00 screen=00 in=03 player=00 pxy=106,80 v=02/00
BP_transition_call pc=A631 sp=F37C p=01/02/03 flow=01 exit=00 screen=00 in=03 player=00 pxy=106,80 v=02/00
BP_transition_call pc=A631 sp=F37C p=01/02/03 flow=01 exit=00 screen=00 in=03 player=00 pxy=106,80 v=02/00
BP_transition_call pc=A631 sp=F37C p=01/02/03 flow=01 exit=00 screen=00 in=03 player=00 pxy=106,80 v=02/00
BP_transition_call pc=A631 sp=F37C p=01/02/03 flow=01 exit=00 screen=00 in=03 player=00 pxy=106,80 v=02/00
BP_transition_call pc=A631 sp=F37C p=01/02/03 flow=01 exit=00 screen=00 in=03 player=00 pxy=106,80 v=02/00
BP_transition_call pc=A631 sp=F37C p=01/02/03 flow=01 exit=00 screen=00 in=03 player=00 pxy=106,80 v=02/00
BP_transition_call pc=A631 sp=F37C p=01/02/03 flow=01 exit=00 screen=00 in=03 player=00 pxy=106,80 v=02/00
BP_transition_call pc=A631 sp=F37C p=01/02/03 flow=01 exit=00 screen=00 in=03 player=00 pxy=106,80 v=02/00
BP_transition_call pc=A631 sp=F37C p=01/02/03 flow=01 exit=00 screen=00 in=03 player=00 pxy=106,80 v=02/00
BP_transition_call pc=A631 sp=F37C p=01/02/03 flow=01 exit=00 screen=00 in=03 player=00 pxy=106,80 v=02/00
BP_transition_call pc=A631 sp=F37C p=01/02/03 flow=01 exit=00 screen=00 in=03 player=00 pxy=106,80 v=02/00
BP_transition_call pc=A631 sp=F37C p=01/02/03 flow=01 exit=00 screen=00 in=03 player=00 pxy=106,80 v=02/00
BP_transition_call pc=A631 sp=F37C p=01/02/03 flow=01 exit=00 screen=00 in=03 player=00 pxy=106,80 v=02/00
BP_transition_call pc=A631 sp=F37C p=01/02/03 flow=01 exit=00 screen=00 in=03 player=00 pxy=106,80 v=02/00
BP_transition_call pc=A631 sp=F37C p=01/02/03 flow=01 exit=00 screen=00 in=03 player=00 pxy=106,80 v=02/00
BP_transition_call pc=A631 sp=F37C p=01/02/03 flow=01 exit=00 screen=00 in=03 player=00 pxy=106,80 v=02/00
BP_transition_call pc=A631 sp=F37C p=01/02/03 flow=01 exit=00 screen=00 in=03 player=00 pxy=106,80 v=02/00
BP_transition_call pc=A631 sp=F37C p=01/02/03 flow=01 exit=00 screen=00 in=03 player=00 pxy=106,80 v=02/00
BP_transition_call pc=A631 sp=F37C p=01/02/03 flow=01 exit=00 screen=00 in=03 player=00 pxy=106,80 v=02/00
BP_transition_call pc=A631 sp=F37C p=01/02/03 flow=01 exit=00 screen=00 in=03 player=00 pxy=106,80 v=02/00
BP_transition_call pc=A631 sp=F37C p=01/02/03 flow=01 exit=00 screen=00 in=03 player=00 pxy=106,80 v=02/00
BP_transition_call pc=A631 sp=F37C p=01/02/03 flow=01 exit=00 screen=00 in=03 player=00 pxy=106,80 v=02/00
BP_transition_call pc=A631 sp=F37C p=01/02/03 flow=01 exit=00 screen=00 in=03 player=00 pxy=106,80 v=02/00
BP_transition_call pc=A631 sp=F37C p=01/02/03 flow=01 exit=00 screen=00 in=03 player=00 pxy=106,80 v=02/00
BP_transition_call pc=A631 sp=F37C p=01/02/03 flow=01 exit=00 screen=00 in=03 player=00 pxy=106,80 v=02/00
BP_transition_call pc=A631 sp=F37C p=01/02/03 flow=01 exit=00 screen=00 in=03 player=00 pxy=106,80 v=02/00
BP_transition_call pc=A631 sp=F37C p=01/02/03 flow=01 exit=00 screen=00 in=03 player=00 pxy=106,80 v=02/00
BP_transition_call pc=A631 sp=F37C p=01/02/03 flow=01 exit=00 screen=00 in=03 player=00 pxy=106,80 v=02/00
BP_transition_call pc=A631 sp=F37C p=01/02/03 flow=01 exit=00 screen=00 in=03 player=00 pxy=106,80 v=02/00
BP_transition_call pc=A631 sp=F37C p=01/02/03 flow=01 exit=00 screen=00 in=03 player=00 pxy=106,80 v=02/00
BP_transition_call pc=A631 sp=F37C p=01/02/03 flow=01 exit=00 screen=00 in=03 player=00 pxy=106,80 v=02/00
BP_transition_call pc=A631 sp=F37C p=01/02/03 flow=01 exit=00 screen=00 in=03 player=00 pxy=106,80 v=02/00
BP_transition_call pc=A631 sp=F37C p=01/02/03 flow=01 exit=00 screen=00 in=03 player=00 pxy=106,80 v=02/00
BP_transition_call pc=A631 sp=F37C p=01/02/03 flow=01 exit=00 screen=00 in=03 player=00 pxy=106,80 v=02/00
BP_transition_call pc=A631 sp=F37C p=01/02/03 flow=01 exit=00 screen=00 in=03 player=00 pxy=106,80 v=02/00
BP_transition_call pc=A631 sp=F37C p=01/02/03 flow=01 exit=00 screen=00 in=03 player=00 pxy=106,80 v=02/00
BP_transition_call pc=A631 sp=F37C p=01/02/03 flow=01 exit=00 screen=00 in=03 player=00 pxy=106,80 v=02/00
BP_transition_call pc=A631 sp=F37C p=01/02/03 flow=01 exit=00 screen=00 in=03 player=00 pxy=106,80 v=02/00
BP_transition_call pc=A631 sp=F37C p=01/02/03 flow=01 exit=00 screen=00 in=03 player=00 pxy=106,80 v=02/00
BP_transition_call pc=A631 sp=F37C p=01/02/03 flow=01 exit=00 screen=00 in=03 player=00 pxy=106,80 v=02/00
BP_transition_call pc=A631 sp=F37C p=01/02/03 flow=01 exit=00 screen=00 in=03 player=00 pxy=106,80 v=02/00
BP_transition_call pc=A631 sp=F37C p=01/02/03 flow=01 exit=00 screen=00 in=03 player=00 pxy=106,80 v=02/00
BP_transition_call pc=A631 sp=F37C p=01/02/03 flow=01 exit=00 screen=00 in=03 player=00 pxy=106,80 v=02/00
BP_transition_call pc=A631 sp=F37C p=01/02/03 flow=01 exit=00 screen=00 in=03 player=00 pxy=106,80 v=02/00
BP_transition_call pc=A631 sp=F37C p=01/02/03 flow=01 exit=00 screen=00 in=03 player=00 pxy=106,80 v=02/00
BP_transition_call pc=A631 sp=F37C p=01/02/03 flow=01 exit=00 screen=00 in=03 player=00 pxy=106,80 v=02/00
BP_transition_call pc=A631 sp=F37C p=01/02/03 flow=01 exit=00 screen=00 in=03 player=00 pxy=106,80 v=02/00
BP_transition_call pc=A631 sp=F37C p=01/02/03 flow=01 exit=00 screen=00 in=03 player=00 pxy=106,80 v=02/00
BP_transition_call pc=A631 sp=F37C p=01/02/03 flow=01 exit=00 screen=00 in=03 player=00 pxy=106,80 v=02/00
BP_transition_call pc=A631 sp=F37C p=01/02/03 flow=01 exit=00 screen=00 in=03 player=00 pxy=106,80 v=02/00
BP_transition_call pc=A631 sp=F37C p=01/02/03 flow=01 exit=00 screen=00 in=03 player=00 pxy=106,80 v=02/00
BP_transition_call pc=A631 sp=F37C p=01/02/03 flow=01 exit=00 screen=00 in=03 player=00 pxy=106,80 v=02/00
BP_transition_call pc=A631 sp=F37C p=01/02/03 flow=01 exit=00 screen=00 in=03 player=00 pxy=106,80 v=02/00
BP_transition_call pc=A631 sp=F37C p=01/02/03 flow=01 exit=00 screen=00 in=03 player=00 pxy=106,80 v=02/00
BP_transition_call pc=A631 sp=F37C p=01/02/03 flow=01 exit=00 screen=00 in=03 player=00 pxy=106,80 v=02/00
BP_transition_call pc=A631 sp=F37C p=01/02/03 flow=01 exit=00 screen=00 in=03 player=00 pxy=106,80 v=02/00
BP_transition_call pc=A631 sp=F37C p=01/02/03 flow=01 exit=00 screen=00 in=03 player=00 pxy=106,80 v=02/00
BP_transition_call pc=A631 sp=F37C p=01/02/03 flow=01 exit=00 screen=00 in=03 player=00 pxy=106,80 v=02/00
BP_transition_call pc=A631 sp=F37C p=01/02/03 flow=01 exit=00 screen=00 in=03 player=00 pxy=106,80 v=02/00
BP_transition_call pc=A631 sp=F37C p=01/02/03 flow=01 exit=00 screen=00 in=03 player=00 pxy=106,80 v=02/00
BP_transition_call pc=A631 sp=F37C p=01/02/03 flow=01 exit=00 screen=00 in=03 player=00 pxy=106,80 v=02/00
BP_transition_call pc=A631 sp=F37C p=01/02/03 flow=01 exit=00 screen=00 in=03 player=00 pxy=106,80 v=02/00
BP_transition_call pc=A631 sp=F37C p=01/02/03 flow=01 exit=00 screen=00 in=03 player=00 pxy=106,80 v=02/00
BP_transition_call pc=A631 sp=F37C p=01/02/03 flow=01 exit=00 screen=00 in=03 player=00 pxy=106,80 v=02/00
BP_transition_call pc=A631 sp=F37C p=01/02/03 flow=01 exit=00 screen=00 in=03 player=00 pxy=106,80 v=02/00
BP_transition_call pc=A631 sp=F37C p=01/02/03 flow=01 exit=00 screen=00 in=03 player=00 pxy=106,80 v=02/00
BP_transition_call pc=A631 sp=F37C p=01/02/03 flow=01 exit=00 screen=00 in=03 player=00 pxy=106,80 v=02/00
BP_transition_call pc=A631 sp=F37C p=01/02/03 flow=01 exit=00 screen=00 in=03 player=00 pxy=106,80 v=02/00
BP_transition_call pc=A631 sp=F37C p=01/02/03 flow=01 exit=00 screen=00 in=03 player=00 pxy=106,80 v=02/00
BP_transition_call pc=A631 sp=F37C p=01/02/03 flow=01 exit=00 screen=00 in=03 player=00 pxy=106,80 v=02/00
BP_transition_call pc=A631 sp=F37C p=01/02/03 flow=01 exit=00 screen=00 in=03 player=00 pxy=106,80 v=02/00
BP_transition_call pc=A631 sp=F37C p=01/02/03 flow=01 exit=00 screen=00 in=03 player=00 pxy=106,80 v=02/00
BP_transition_call pc=A631 sp=F37C p=01/02/03 flow=01 exit=00 screen=00 in=03 player=00 pxy=106,80 v=02/00
BP_transition_call pc=A631 sp=F37C p=01/02/03 flow=01 exit=00 screen=00 in=03 player=00 pxy=106,80 v=02/00
BP_transition_call pc=A631 sp=F37C p=01/02/03 flow=01 exit=00 screen=00 in=03 player=00 pxy=106,80 v=02/00
BP_transition_call pc=A631 sp=F37C p=01/02/03 flow=01 exit=00 screen=00 in=03 player=00 pxy=106,80 v=02/00
BP_transition_call pc=A631 sp=F37C p=01/02/03 flow=01 exit=00 screen=00 in=03 player=00 pxy=106,80 v=02/00
BP_transition_call pc=A631 sp=F37C p=01/02/03 flow=01 exit=00 screen=00 in=03 player=00 pxy=106,80 v=02/00
BP_transition_call pc=A631 sp=F37C p=01/02/03 flow=01 exit=00 screen=00 in=03 player=00 pxy=106,80 v=02/00
BP_transition_call pc=A631 sp=F37C p=01/02/03 flow=01 exit=00 screen=00 in=03 player=00 pxy=106,80 v=02/00
BP_transition_call pc=A631 sp=F37C p=01/02/03 flow=01 exit=00 screen=00 in=03 player=00 pxy=106,80 v=02/00
BP_transition_call pc=A631 sp=F37C p=01/02/03 flow=01 exit=00 screen=00 in=03 player=00 pxy=106,80 v=02/00
BP_transition_call pc=A631 sp=F37C p=01/02/03 flow=01 exit=00 screen=00 in=03 player=00 pxy=106,80 v=02/00
BP_transition_call pc=A631 sp=F37C p=01/02/03 flow=01 exit=00 screen=00 in=03 player=00 pxy=106,80 v=02/00
BP_transition_call pc=A631 sp=F37C p=01/02/03 flow=01 exit=00 screen=00 in=03 player=00 pxy=106,80 v=02/00
BP_transition_call pc=A631 sp=F37C p=01/02/03 flow=01 exit=00 screen=00 in=03 player=00 pxy=106,80 v=02/00
BP_transition_call pc=A631 sp=F37C p=01/02/03 flow=01 exit=00 screen=00 in=03 player=00 pxy=106,80 v=02/00
BP_transition_call pc=A631 sp=F37C p=01/02/03 flow=01 exit=00 screen=00 in=03 player=00 pxy=106,80 v=02/00
BP_transition_call pc=A631 sp=F37C p=01/02/03 flow=01 exit=00 screen=00 in=03 player=00 pxy=106,80 v=02/00
BP_transition_call pc=A631 sp=F37C p=01/02/03 flow=01 exit=00 screen=00 in=03 player=00 pxy=106,80 v=02/00
BP_transition_call pc=A631 sp=F37C p=01/02/03 flow=01 exit=00 screen=00 in=03 player=00 pxy=106,80 v=02/00
BP_transition_call pc=A631 sp=F37C p=01/02/03 flow=01 exit=00 screen=00 in=03 player=00 pxy=106,80 v=02/00
BP_transition_call pc=A631 sp=F37C p=01/02/03 flow=01 exit=00 screen=00 in=03 player=00 pxy=106,80 v=02/00
BP_transition_call pc=A631 sp=F37C p=01/02/03 flow=01 exit=00 screen=00 in=03 player=00 pxy=106,80 v=02/00
BP_transition_call pc=A631 sp=F37C p=01/02/03 flow=01 exit=00 screen=00 in=03 player=00 pxy=106,80 v=02/00
BP_transition_call pc=A631 sp=F37C p=01/02/03 flow=01 exit=00 screen=00 in=03 player=00 pxy=106,80 v=02/00
BP_transition_call pc=A631 sp=F37C p=01/02/03 flow=01 exit=00 screen=00 in=03 player=00 pxy=106,80 v=02/00
BP_transition_call pc=A631 sp=F37C p=01/02/03 flow=01 exit=00 screen=00 in=03 player=00 pxy=106,80 v=02/00
BP_transition_call pc=A631 sp=F37C p=01/02/03 flow=01 exit=00 screen=00 in=03 player=00 pxy=106,80 v=02/00
BP_transition_call pc=A631 sp=F37C p=01/02/03 flow=01 exit=00 screen=00 in=03 player=00 pxy=106,80 v=02/00
BP_transition_call pc=A631 sp=F37C p=01/02/03 flow=01 exit=00 screen=00 in=03 player=00 pxy=106,80 v=02/00
BP_transition_call pc=A631 sp=F37C p=01/02/03 flow=01 exit=00 screen=00 in=03 player=00 pxy=106,80 v=02/00
BP_transition_call pc=A631 sp=F37C p=01/02/03 flow=01 exit=00 screen=00 in=03 player=00 pxy=106,80 v=02/00
BP_transition_call pc=A631 sp=F37C p=01/02/03 flow=01 exit=00 screen=00 in=03 player=00 pxy=106,80 v=02/00
BP_transition_call pc=A631 sp=F37C p=01/02/03 flow=01 exit=00 screen=00 in=03 player=00 pxy=106,80 v=02/00
BP_transition_call pc=A631 sp=F37C p=01/02/03 flow=01 exit=00 screen=00 in=03 player=00 pxy=106,80 v=02/00
BP_transition_call pc=A631 sp=F37C p=01/02/03 flow=01 exit=00 screen=00 in=03 player=00 pxy=106,80 v=02/00
BP_transition_call pc=A631 sp=F37C p=01/02/03 flow=01 exit=00 screen=00 in=03 player=00 pxy=106,80 v=02/00
BP_transition_call pc=A631 sp=F37C p=01/02/03 flow=01 exit=00 screen=00 in=03 player=00 pxy=106,80 v=02/00
BP_transition_call pc=A631 sp=F37C p=01/02/03 flow=01 exit=00 screen=00 in=03 player=00 pxy=106,80 v=02/00
BP_transition_call pc=A631 sp=F37C p=01/02/03 flow=01 exit=00 screen=00 in=03 player=00 pxy=106,80 v=02/00
BP_transition_call pc=A631 sp=F37C p=01/02/03 flow=01 exit=00 screen=00 in=03 player=00 pxy=106,80 v=02/00
BP_transition_call pc=A631 sp=F37C p=01/02/03 flow=01 exit=00 screen=00 in=03 player=00 pxy=106,80 v=02/00
BP_transition_call pc=A631 sp=F37C p=01/02/03 flow=01 exit=00 screen=00 in=03 player=00 pxy=106,80 v=02/00
BP_transition_call pc=A631 sp=F37C p=01/02/03 flow=01 exit=00 screen=00 in=03 player=00 pxy=106,80 v=02/00
BP_transition_call pc=A631 sp=F37C p=01/02/03 flow=01 exit=00 screen=00 in=03 player=00 pxy=106,80 v=02/00
during_right_18 pc=A631 sp=F37C p=01/02/03 flow=01 exit=00 screen=00 in=03 player=00 pxy=106,80 v=02/00
BP_transition_call pc=A631 sp=F37C p=01/02/03 flow=01 exit=00 screen=00 in=03 player=00 pxy=106,80 v=02/00
BP_transition_call pc=A631 sp=F37C p=01/02/03 flow=01 exit=00 screen=00 in=03 player=00 pxy=106,80 v=02/00
BP_transition_call pc=A631 sp=F37C p=01/02/03 flow=01 exit=00 screen=00 in=03 player=00 pxy=106,80 v=02/00
BP_transition_call pc=A631 sp=F37C p=01/02/03 flow=01 exit=00 screen=00 in=03 player=00 pxy=106,80 v=02/00
BP_transition_call pc=A631 sp=F37C p=01/02/03 flow=01 exit=00 screen=00 in=03 player=00 pxy=106,80 v=02/00
BP_transition_call pc=A631 sp=F37C p=01/02/03 flow=01 exit=00 screen=00 in=03 player=00 pxy=106,80 v=02/00
BP_transition_call pc=A631 sp=F37C p=01/02/03 flow=01 exit=00 screen=00 in=03 player=00 pxy=106,80 v=02/00
BP_transition_call pc=A631 sp=F37C p=01/02/03 flow=01 exit=00 screen=00 in=03 player=00 pxy=106,80 v=02/00
BP_transition_call pc=A631 sp=F37C p=01/02/03 flow=01 exit=00 screen=00 in=03 player=00 pxy=106,80 v=02/00
BP_transition_call pc=A631 sp=F37C p=01/02/03 flow=01 exit=00 screen=00 in=03 player=00 pxy=106,80 v=02/00
BP_transition_call pc=A631 sp=F37C p=01/02/03 flow=01 exit=00 screen=00 in=03 player=00 pxy=106,80 v=02/00
BP_transition_call pc=A631 sp=F37C p=01/02/03 flow=01 exit=00 screen=00 in=03 player=00 pxy=106,80 v=02/00
BP_transition_call pc=A631 sp=F37C p=01/02/03 flow=01 exit=00 screen=00 in=03 player=00 pxy=106,80 v=02/00
BP_transition_call pc=A631 sp=F37C p=01/02/03 flow=01 exit=00 screen=00 in=03 player=00 pxy=106,80 v=02/00
BP_transition_call pc=A631 sp=F37C p=01/02/03 flow=01 exit=00 screen=00 in=03 player=00 pxy=106,80 v=02/00
BP_transition_call pc=A631 sp=F37C p=01/02/03 flow=01 exit=00 screen=00 in=03 player=00 pxy=106,80 v=02/00
BP_transition_call pc=A631 sp=F37C p=01/02/03 flow=01 exit=00 screen=00 in=03 player=00 pxy=106,80 v=02/00
BP_transition_call pc=A631 sp=F37C p=01/02/03 flow=01 exit=00 screen=00 in=03 player=00 pxy=106,80 v=02/00
BP_transition_call pc=A631 sp=F37C p=01/02/03 flow=01 exit=00 screen=00 in=03 player=00 pxy=106,80 v=02/00
BP_transition_call pc=A631 sp=F37C p=01/02/03 flow=01 exit=00 screen=00 in=03 player=00 pxy=106,80 v=02/00
BP_transition_call pc=A631 sp=F37C p=01/02/03 flow=01 exit=00 screen=00 in=03 player=00 pxy=106,80 v=02/00
BP_transition_call pc=A631 sp=F37C p=01/02/03 flow=01 exit=00 screen=00 in=03 player=00 pxy=106,80 v=02/00
BP_transition_call pc=A631 sp=F37C p=01/02/03 flow=01 exit=00 screen=00 in=03 player=00 pxy=106,80 v=02/00
BP_transition_call pc=A631 sp=F37C p=01/02/03 flow=01 exit=00 screen=00 in=03 player=00 pxy=106,80 v=02/00
BP_transition_call pc=A631 sp=F37C p=01/02/03 flow=01 exit=00 screen=00 in=03 player=00 pxy=106,80 v=02/00
BP_transition_call pc=A631 sp=F37C p=01/02/03 flow=01 exit=00 screen=00 in=03 player=00 pxy=106,80 v=02/00
BP_transition_call pc=A631 sp=F37C p=01/02/03 flow=01 exit=00 screen=00 in=03 player=00 pxy=106,80 v=02/00
BP_transition_call pc=A631 sp=F37C p=01/02/03 flow=01 exit=00 screen=00 in=03 player=00 pxy=106,80 v=02/00
BP_transition_call pc=A631 sp=F37C p=01/02/03 flow=01 exit=00 screen=00 in=03 player=00 pxy=106,80 v=02/00
BP_transition_call pc=A631 sp=F37C p=01/02/03 flow=01 exit=00 screen=00 in=03 player=00 pxy=106,80 v=02/00
BP_transition_call pc=A631 sp=F37C p=01/02/03 flow=01 exit=00 screen=00 in=03 player=00 pxy=106,80 v=02/00
BP_transition_call pc=A631 sp=F37C p=01/02/03 flow=01 exit=00 screen=00 in=03 player=00 pxy=106,80 v=02/00
BP_transition_call pc=A631 sp=F37C p=01/02/03 flow=01 exit=00 screen=00 in=03 player=00 pxy=106,80 v=02/00
BP_transition_call pc=A631 sp=F37C p=01/02/03 flow=01 exit=00 screen=00 in=03 player=00 pxy=106,80 v=02/00
BP_transition_call pc=A631 sp=F37C p=01/02/03 flow=01 exit=00 screen=00 in=03 player=00 pxy=106,80 v=02/00
BP_transition_call pc=A631 sp=F37C p=01/02/03 flow=01 exit=00 screen=00 in=03 player=00 pxy=106,80 v=02/00
BP_transition_call pc=A631 sp=F37C p=01/02/03 flow=01 exit=00 screen=00 in=03 player=00 pxy=106,80 v=02/00
BP_transition_call pc=A631 sp=F37C p=01/02/03 flow=01 exit=00 screen=00 in=03 player=00 pxy=106,80 v=02/00
BP_transition_call pc=A631 sp=F37C p=01/02/03 flow=01 exit=00 screen=00 in=03 player=00 pxy=106,80 v=02/00
BP_transition_call pc=A631 sp=F37C p=01/02/03 flow=01 exit=00 screen=00 in=03 player=00 pxy=106,80 v=02/00
BP_transition_call pc=A631 sp=F37C p=01/02/03 flow=01 exit=00 screen=00 in=03 player=00 pxy=106,80 v=02/00
BP_transition_call pc=A631 sp=F37C p=01/02/03 flow=01 exit=00 screen=00 in=03 player=00 pxy=106,80 v=02/00
BP_transition_call pc=A631 sp=F37C p=01/02/03 flow=01 exit=00 screen=00 in=03 player=00 pxy=106,80 v=02/00
BP_transition_call pc=A631 sp=F37C p=01/02/03 flow=01 exit=00 screen=00 in=03 player=00 pxy=106,80 v=02/00
BP_transition_call pc=A631 sp=F37C p=01/02/03 flow=01 exit=00 screen=00 in=03 player=00 pxy=106,80 v=02/00
BP_transition_call pc=A631 sp=F37C p=01/02/03 flow=01 exit=00 screen=00 in=03 player=00 pxy=106,80 v=02/00
BP_transition_call pc=A631 sp=F37C p=01/02/03 flow=01 exit=00 screen=00 in=03 player=00 pxy=106,80 v=02/00
BP_transition_call pc=A631 sp=F37C p=01/02/03 flow=01 exit=00 screen=00 in=03 player=00 pxy=106,80 v=02/00
BP_transition_call pc=A631 sp=F37C p=01/02/03 flow=01 exit=00 screen=00 in=03 player=00 pxy=106,80 v=02/00
BP_transition_call pc=A631 sp=F37C p=01/02/03 flow=01 exit=00 screen=00 in=03 player=00 pxy=106,80 v=02/00
BP_transition_call pc=A631 sp=F37C p=01/02/03 flow=01 exit=00 screen=00 in=03 player=00 pxy=106,80 v=02/00
BP_transition_call pc=A631 sp=F37C p=01/02/03 flow=01 exit=00 screen=00 in=03 player=00 pxy=106,80 v=02/00
BP_transition_call pc=A631 sp=F37C p=01/02/03 flow=01 exit=00 screen=00 in=03 player=00 pxy=106,80 v=02/00
BP_transition_call pc=A631 sp=F37C p=01/02/03 flow=01 exit=00 screen=00 in=03 player=00 pxy=106,80 v=02/00
BP_transition_call pc=A631 sp=F37C p=01/02/03 flow=01 exit=00 screen=00 in=03 player=00 pxy=106,80 v=02/00
BP_transition_call pc=A631 sp=F37C p=01/02/03 flow=01 exit=00 screen=00 in=03 player=00 pxy=106,80 v=02/00
BP_transition_call pc=A631 sp=F37C p=01/02/03 flow=01 exit=00 screen=00 in=03 player=00 pxy=106,80 v=02/00
BP_transition_call pc=A631 sp=F37C p=01/02/03 flow=01 exit=00 screen=00 in=03 player=00 pxy=106,80 v=02/00
BP_transition_call pc=A631 sp=F37C p=01/02/03 flow=01 exit=00 screen=00 in=03 player=00 pxy=106,80 v=02/00
BP_transition_call pc=A631 sp=F37C p=01/02/03 flow=01 exit=00 screen=00 in=03 player=00 pxy=106,80 v=02/00
BP_transition_call pc=A631 sp=F37C p=01/02/03 flow=01 exit=00 screen=00 in=03 player=00 pxy=106,80 v=02/00
BP_transition_call pc=A631 sp=F37C p=01/02/03 flow=01 exit=00 screen=00 in=03 player=00 pxy=106,80 v=02/00
BP_transition_call pc=A631 sp=F37C p=01/02/03 flow=01 exit=00 screen=00 in=03 player=00 pxy=106,80 v=02/00
BP_transition_call pc=A631 sp=F37C p=01/02/03 flow=01 exit=00 screen=00 in=03 player=00 pxy=106,80 v=02/00
BP_transition_call pc=A631 sp=F37C p=01/02/03 flow=01 exit=00 screen=00 in=03 player=00 pxy=106,80 v=02/00
BP_transition_call pc=A631 sp=F37C p=01/02/03 flow=01 exit=00 screen=00 in=03 player=00 pxy=106,80 v=02/00
BP_transition_call pc=A631 sp=F37C p=01/02/03 flow=01 exit=00 screen=00 in=03 player=00 pxy=106,80 v=02/00
BP_transition_call pc=A631 sp=F37C p=01/02/03 flow=01 exit=00 screen=00 in=03 player=00 pxy=106,80 v=02/00
BP_transition_call pc=A631 sp=F37C p=01/02/03 flow=01 exit=00 screen=00 in=03 player=00 pxy=106,80 v=02/00
BP_transition_call pc=A631 sp=F37C p=01/02/03 flow=01 exit=00 screen=00 in=03 player=00 pxy=106,80 v=02/00
BP_transition_call pc=A631 sp=F37C p=01/02/03 flow=01 exit=00 screen=00 in=03 player=00 pxy=106,80 v=02/00
BP_transition_call pc=A631 sp=F37C p=01/02/03 flow=01 exit=00 screen=00 in=03 player=00 pxy=106,80 v=02/00
BP_transition_call pc=A631 sp=F37C p=01/02/03 flow=01 exit=00 screen=00 in=03 player=00 pxy=106,80 v=02/00
BP_transition_call pc=A631 sp=F37C p=01/02/03 flow=01 exit=00 screen=00 in=03 player=00 pxy=106,80 v=02/00
BP_transition_call pc=A631 sp=F37C p=01/02/03 flow=01 exit=00 screen=00 in=03 player=00 pxy=106,80 v=02/00
BP_transition_call pc=A631 sp=F37C p=01/02/03 flow=01 exit=00 screen=00 in=03 player=00 pxy=106,80 v=02/00
BP_transition_call pc=A631 sp=F37C p=01/02/03 flow=01 exit=00 screen=00 in=03 player=00 pxy=106,80 v=02/00
BP_transition_call pc=A631 sp=F37C p=01/02/03 flow=01 exit=00 screen=00 in=03 player=00 pxy=106,80 v=02/00
BP_transition_call pc=A631 sp=F37C p=01/02/03 flow=01 exit=00 screen=00 in=03 player=00 pxy=106,80 v=02/00
BP_transition_call pc=A631 sp=F37C p=01/02/03 flow=01 exit=00 screen=00 in=03 player=00 pxy=106,80 v=02/00
BP_transition_call pc=A631 sp=F37C p=01/02/03 flow=01 exit=00 screen=00 in=03 player=00 pxy=106,80 v=02/00
BP_transition_call pc=A631 sp=F37C p=01/02/03 flow=01 exit=00 screen=00 in=03 player=00 pxy=106,80 v=02/00
BP_transition_call pc=A631 sp=F37C p=01/02/03 flow=01 exit=00 screen=00 in=03 player=00 pxy=106,80 v=02/00
BP_transition_call pc=A631 sp=F37C p=01/02/03 flow=01 exit=00 screen=00 in=03 player=00 pxy=106,80 v=02/00
BP_transition_call pc=A631 sp=F37C p=01/02/03 flow=01 exit=00 screen=00 in=03 player=00 pxy=106,80 v=02/00
BP_transition_call pc=A631 sp=F37C p=01/02/03 flow=01 exit=00 screen=00 in=03 player=00 pxy=106,80 v=02/00
BP_transition_call pc=A631 sp=F37C p=01/02/03 flow=01 exit=00 screen=00 in=03 player=00 pxy=106,80 v=02/00
BP_transition_call pc=A631 sp=F37C p=01/02/03 flow=01 exit=00 screen=00 in=03 player=00 pxy=106,80 v=02/00
BP_transition_call pc=A631 sp=F37C p=01/02/03 flow=01 exit=00 screen=00 in=03 player=00 pxy=106,80 v=02/00
BP_transition_call pc=A631 sp=F37C p=01/02/03 flow=01 exit=00 screen=00 in=03 player=00 pxy=106,80 v=02/00
BP_transition_call pc=A631 sp=F37C p=01/02/03 flow=01 exit=00 screen=00 in=03 player=00 pxy=106,80 v=02/00
BP_transition_call pc=A631 sp=F37C p=01/02/03 flow=01 exit=00 screen=00 in=03 player=00 pxy=106,80 v=02/00
BP_transition_call pc=A631 sp=F37C p=01/02/03 flow=01 exit=00 screen=00 in=03 player=00 pxy=106,80 v=02/00
BP_transition_call pc=A631 sp=F37C p=01/02/03 flow=01 exit=00 screen=00 in=03 player=00 pxy=106,80 v=02/00
BP_transition_call pc=A631 sp=F37C p=01/02/03 flow=01 exit=00 screen=00 in=03 player=00 pxy=106,80 v=02/00
BP_transition_call pc=A631 sp=F37C p=01/02/03 flow=01 exit=00 screen=00 in=03 player=00 pxy=106,80 v=02/00
BP_transition_call pc=A631 sp=F37C p=01/02/03 flow=01 exit=00 screen=00 in=03 player=00 pxy=106,80 v=02/00
BP_transition_call pc=A631 sp=F37C p=01/02/03 flow=01 exit=00 screen=00 in=03 player=00 pxy=106,80 v=02/00
BP_transition_call pc=A631 sp=F37C p=01/02/03 flow=01 exit=00 screen=00 in=03 player=00 pxy=106,80 v=02/00
BP_transition_call pc=A631 sp=F37C p=01/02/03 flow=01 exit=00 screen=00 in=03 player=00 pxy=106,80 v=02/00
BP_transition_call pc=A631 sp=F37C p=01/02/03 flow=01 exit=00 screen=00 in=03 player=00 pxy=106,80 v=02/00
BP_transition_call pc=A631 sp=F37C p=01/02/03 flow=01 exit=00 screen=00 in=03 player=00 pxy=106,80 v=02/00
BP_transition_call pc=A631 sp=F37C p=01/02/03 flow=01 exit=00 screen=00 in=03 player=00 pxy=106,80 v=02/00
BP_transition_call pc=A631 sp=F37C p=01/02/03 flow=01 exit=00 screen=00 in=03 player=00 pxy=106,80 v=02/00
BP_transition_call pc=A631 sp=F37C p=01/02/03 flow=01 exit=00 screen=00 in=03 player=00 pxy=106,80 v=02/00
BP_transition_call pc=A631 sp=F37C p=01/02/03 flow=01 exit=00 screen=00 in=03 player=00 pxy=106,80 v=02/00
BP_transition_call pc=A631 sp=F37C p=01/02/03 flow=01 exit=00 screen=00 in=03 player=00 pxy=106,80 v=02/00
BP_transition_call pc=A631 sp=F37C p=01/02/03 flow=01 exit=00 screen=00 in=03 player=00 pxy=106,80 v=02/00
BP_transition_call pc=A631 sp=F37C p=01/02/03 flow=01 exit=00 screen=00 in=03 player=00 pxy=106,80 v=02/00
BP_transition_call pc=A631 sp=F37C p=01/02/03 flow=01 exit=00 screen=00 in=03 player=00 pxy=106,80 v=02/00
BP_transition_call pc=A631 sp=F37C p=01/02/03 flow=01 exit=00 screen=00 in=03 player=00 pxy=106,80 v=02/00
BP_transition_call pc=A631 sp=F37C p=01/02/03 flow=01 exit=00 screen=00 in=03 player=00 pxy=106,80 v=02/00
BP_transition_call pc=A631 sp=F37C p=01/02/03 flow=01 exit=00 screen=00 in=03 player=00 pxy=106,80 v=02/00
BP_transition_call pc=A631 sp=F37C p=01/02/03 flow=01 exit=00 screen=00 in=03 player=00 pxy=106,80 v=02/00
BP_transition_call pc=A631 sp=F37C p=01/02/03 flow=01 exit=00 screen=00 in=03 player=00 pxy=106,80 v=02/00
BP_transition_call pc=A631 sp=F37C p=01/02/03 flow=01 exit=00 screen=00 in=03 player=00 pxy=106,80 v=02/00
BP_transition_call pc=A631 sp=F37C p=01/02/03 flow=01 exit=00 screen=00 in=03 player=00 pxy=106,80 v=02/00
BP_transition_call pc=A631 sp=F37C p=01/02/03 flow=01 exit=00 screen=00 in=03 player=00 pxy=106,80 v=02/00
BP_transition_call pc=A631 sp=F37C p=01/02/03 flow=01 exit=00 screen=00 in=03 player=00 pxy=106,80 v=02/00
BP_transition_call pc=A631 sp=F37C p=01/02/03 flow=01 exit=00 screen=00 in=03 player=00 pxy=106,80 v=02/00
BP_transition_call pc=A631 sp=F37C p=01/02/03 flow=01 exit=00 screen=00 in=03 player=00 pxy=106,80 v=02/00
BP_transition_call pc=A631 sp=F37C p=01/02/03 flow=01 exit=00 screen=00 in=03 player=00 pxy=106,80 v=02/00
BP_transition_call pc=A631 sp=F37C p=01/02/03 flow=01 exit=00 screen=00 in=03 player=00 pxy=106,80 v=02/00
BP_transition_call pc=A631 sp=F37C p=01/02/03 flow=01 exit=00 screen=00 in=03 player=00 pxy=106,80 v=02/00
BP_transition_call pc=A631 sp=F37C p=01/02/03 flow=01 exit=00 screen=00 in=03 player=00 pxy=106,80 v=02/00
BP_transition_call pc=A631 sp=F37C p=01/02/03 flow=01 exit=00 screen=00 in=03 player=00 pxy=106,80 v=02/00
BP_transition_call pc=A631 sp=F37C p=01/02/03 flow=01 exit=00 screen=00 in=03 player=00 pxy=106,80 v=02/00
BP_transition_call pc=A631 sp=F37C p=01/02/03 flow=01 exit=00 screen=00 in=03 player=00 pxy=106,80 v=02/00
BP_transition_call pc=A631 sp=F37C p=01/02/03 flow=01 exit=00 screen=00 in=03 player=00 pxy=106,80 v=02/00
BP_transition_call pc=A631 sp=F37C p=01/02/03 flow=01 exit=00 screen=00 in=03 player=00 pxy=106,80 v=02/00
BP_transition_call pc=A631 sp=F37C p=01/02/03 flow=01 exit=00 screen=00 in=03 player=00 pxy=106,80 v=02/00
BP_transition_call pc=A631 sp=F37C p=01/02/03 flow=01 exit=00 screen=00 in=03 player=00 pxy=106,80 v=02/00
BP_transition_call pc=A631 sp=F37C p=01/02/03 flow=01 exit=00 screen=00 in=03 player=00 pxy=106,80 v=02/00
BP_transition_call pc=A631 sp=F37C p=01/02/03 flow=01 exit=00 screen=00 in=03 player=00 pxy=106,80 v=02/00
BP_transition_call pc=A631 sp=F37C p=01/02/03 flow=01 exit=00 screen=00 in=03 player=00 pxy=106,80 v=02/00
BP_transition_call pc=A631 sp=F37C p=01/02/03 flow=01 exit=00 screen=00 in=03 player=00 pxy=106,80 v=02/00
BP_transition_call pc=A631 sp=F37C p=01/02/03 flow=01 exit=00 screen=00 in=03 player=00 pxy=106,80 v=02/00
BP_transition_call pc=A631 sp=F37C p=01/02/03 flow=01 exit=00 screen=00 in=03 player=00 pxy=106,80 v=02/00
BP_transition_call pc=A631 sp=F37C p=01/02/03 flow=01 exit=00 screen=00 in=03 player=00 pxy=106,80 v=02/00
BP_transition_call pc=A631 sp=F37C p=01/02/03 flow=01 exit=00 screen=00 in=03 player=00 pxy=106,80 v=02/00
BP_transition_call pc=A631 sp=F37C p=01/02/03 flow=01 exit=00 screen=00 in=03 player=00 pxy=106,80 v=02/00
BP_transition_call pc=A631 sp=F37C p=01/02/03 flow=01 exit=00 screen=00 in=03 player=00 pxy=106,80 v=02/00
BP_transition_call pc=A631 sp=F37C p=01/02/03 flow=01 exit=00 screen=00 in=03 player=00 pxy=106,80 v=02/00
BP_transition_call pc=A631 sp=F37C p=01/02/03 flow=01 exit=00 screen=00 in=03 player=00 pxy=106,80 v=02/00
BP_transition_call pc=A631 sp=F37C p=01/02/03 flow=01 exit=00 screen=00 in=03 player=00 pxy=106,80 v=02/00
BP_transition_call pc=A631 sp=F37C p=01/02/03 flow=01 exit=00 screen=00 in=03 player=00 pxy=106,80 v=02/00
BP_transition_call pc=A631 sp=F37C p=01/02/03 flow=01 exit=00 screen=00 in=03 player=00 pxy=106,80 v=02/00
BP_transition_call pc=A631 sp=F37C p=01/02/03 flow=01 exit=00 screen=00 in=03 player=00 pxy=106,80 v=02/00
BP_transition_call pc=A631 sp=F37C p=01/02/03 flow=01 exit=00 screen=00 in=03 player=00 pxy=106,80 v=02/00
BP_transition_call pc=A631 sp=F37C p=01/02/03 flow=01 exit=00 screen=00 in=03 player=00 pxy=106,80 v=02/00
BP_transition_call pc=A631 sp=F37C p=01/02/03 flow=01 exit=00 screen=00 in=03 player=00 pxy=106,80 v=02/00
BP_transition_call pc=A631 sp=F37C p=01/02/03 flow=01 exit=00 screen=00 in=03 player=00 pxy=106,80 v=02/00
BP_transition_call pc=A631 sp=F37C p=01/02/03 flow=01 exit=00 screen=00 in=03 player=00 pxy=106,80 v=02/00
BP_transition_call pc=A631 sp=F37C p=01/02/03 flow=01 exit=00 screen=00 in=03 player=00 pxy=106,80 v=02/00
BP_transition_call pc=A631 sp=F37C p=01/02/03 flow=01 exit=00 screen=00 in=03 player=00 pxy=106,80 v=02/00
BP_transition_call pc=A631 sp=F37C p=01/02/03 flow=01 exit=00 screen=00 in=03 player=00 pxy=106,80 v=02/00
BP_transition_call pc=A631 sp=F37C p=01/02/03 flow=01 exit=00 screen=00 in=03 player=00 pxy=106,80 v=02/00
BP_transition_call pc=A631 sp=F37C p=01/02/03 flow=01 exit=00 screen=00 in=03 player=00 pxy=106,80 v=02/00
BP_transition_call pc=A631 sp=F37C p=01/02/03 flow=01 exit=00 screen=00 in=03 player=00 pxy=106,80 v=02/00
BP_transition_call pc=A631 sp=F37C p=01/02/03 flow=01 exit=00 screen=00 in=03 player=00 pxy=106,80 v=02/00
BP_transition_call pc=A631 sp=F37C p=01/02/03 flow=01 exit=00 screen=00 in=03 player=00 pxy=106,80 v=02/00
BP_transition_call pc=A631 sp=F37C p=01/02/03 flow=01 exit=00 screen=00 in=03 player=00 pxy=106,80 v=02/00
BP_transition_call pc=A631 sp=F37C p=01/02/03 flow=01 exit=00 screen=00 in=03 player=00 pxy=106,80 v=02/00
BP_transition_call pc=A631 sp=F37C p=01/02/03 flow=01 exit=00 screen=00 in=03 player=00 pxy=106,80 v=02/00
BP_transition_call pc=A631 sp=F37C p=01/02/03 flow=01 exit=00 screen=00 in=03 player=00 pxy=106,80 v=02/00
BP_transition_call pc=A631 sp=F37C p=01/02/03 flow=01 exit=00 screen=00 in=03 player=00 pxy=106,80 v=02/00
BP_transition_call pc=A631 sp=F37C p=01/02/03 flow=01 exit=00 screen=00 in=03 player=00 pxy=106,80 v=02/00
BP_transition_call pc=A631 sp=F37C p=01/02/03 flow=01 exit=00 screen=00 in=03 player=00 pxy=106,80 v=02/00
BP_transition_call pc=A631 sp=F37C p=01/02/03 flow=01 exit=00 screen=00 in=03 player=00 pxy=106,80 v=02/00
BP_transition_call pc=A631 sp=F37C p=01/02/03 flow=01 exit=00 screen=00 in=03 player=00 pxy=106,80 v=02/00
BP_transition_call pc=A631 sp=F37C p=01/02/03 flow=01 exit=00 screen=00 in=03 player=00 pxy=106,80 v=02/00
BP_transition_call pc=A631 sp=F37C p=01/02/03 flow=01 exit=00 screen=00 in=03 player=00 pxy=106,80 v=02/00
BP_transition_call pc=A631 sp=F37C p=01/02/03 flow=01 exit=00 screen=00 in=03 player=00 pxy=106,80 v=02/00
BP_transition_call pc=A631 sp=F37C p=01/02/03 flow=01 exit=00 screen=00 in=03 player=00 pxy=106,80 v=02/00
BP_transition_call pc=A631 sp=F37C p=01/02/03 flow=01 exit=00 screen=00 in=03 player=00 pxy=106,80 v=02/00
BP_transition_call pc=A631 sp=F37C p=01/02/03 flow=01 exit=00 screen=00 in=03 player=00 pxy=106,80 v=02/00
BP_transition_call pc=A631 sp=F37C p=01/02/03 flow=01 exit=00 screen=00 in=03 player=00 pxy=106,80 v=02/00
BP_transition_call pc=A631 sp=F37C p=01/02/03 flow=01 exit=00 screen=00 in=03 player=00 pxy=106,80 v=02/00
BP_transition_call pc=A631 sp=F37C p=01/02/03 flow=01 exit=00 screen=00 in=03 player=00 pxy=106,80 v=02/00
BP_transition_call pc=A631 sp=F37C p=01/02/03 flow=01 exit=00 screen=00 in=03 player=00 pxy=106,80 v=02/00
BP_transition_call pc=A631 sp=F37C p=01/02/03 flow=01 exit=00 screen=00 in=03 player=00 pxy=106,80 v=02/00
BP_transition_call pc=A631 sp=F37C p=01/02/03 flow=01 exit=00 screen=00 in=03 player=00 pxy=106,80 v=02/00
BP_transition_call pc=A631 sp=F37C p=01/02/03 flow=01 exit=00 screen=00 in=03 player=00 pxy=106,80 v=02/00
BP_transition_call pc=A631 sp=F37C p=01/02/03 flow=01 exit=00 screen=00 in=03 player=00 pxy=106,80 v=02/00
BP_transition_call pc=A631 sp=F37C p=01/02/03 flow=01 exit=00 screen=00 in=03 player=00 pxy=106,80 v=02/00
BP_transition_call pc=A631 sp=F37C p=01/02/03 flow=01 exit=00 screen=00 in=03 player=00 pxy=106,80 v=02/00
BP_transition_call pc=A631 sp=F37C p=01/02/03 flow=01 exit=00 screen=00 in=03 player=00 pxy=106,80 v=02/00
BP_transition_call pc=A631 sp=F37C p=01/02/03 flow=01 exit=00 screen=00 in=03 player=00 pxy=106,80 v=02/00
BP_transition_call pc=A631 sp=F37C p=01/02/03 flow=01 exit=00 screen=00 in=03 player=00 pxy=106,80 v=02/00
BP_transition_call pc=A631 sp=F37C p=01/02/03 flow=01 exit=00 screen=00 in=03 player=00 pxy=106,80 v=02/00
BP_transition_call pc=A631 sp=F37C p=01/02/03 flow=01 exit=00 screen=00 in=03 player=00 pxy=106,80 v=02/00
BP_transition_call pc=A631 sp=F37C p=01/02/03 flow=01 exit=00 screen=00 in=03 player=00 pxy=106,80 v=02/00
BP_transition_call pc=A631 sp=F37C p=01/02/03 flow=01 exit=00 screen=00 in=03 player=00 pxy=106,80 v=02/00
BP_transition_call pc=A631 sp=F37C p=01/02/03 flow=01 exit=00 screen=00 in=03 player=00 pxy=106,80 v=02/00
BP_transition_call pc=A631 sp=F37C p=01/02/03 flow=01 exit=00 screen=00 in=03 player=00 pxy=106,80 v=02/00
BP_transition_call pc=A631 sp=F37C p=01/02/03 flow=01 exit=00 screen=00 in=03 player=00 pxy=106,80 v=02/00
BP_transition_call pc=A631 sp=F37C p=01/02/03 flow=01 exit=00 screen=00 in=03 player=00 pxy=106,80 v=02/00
BP_transition_call pc=A631 sp=F37C p=01/02/03 flow=01 exit=00 screen=00 in=03 player=00 pxy=106,80 v=02/00
BP_transition_call pc=A631 sp=F37C p=01/02/03 flow=01 exit=00 screen=00 in=03 player=00 pxy=106,80 v=02/00
BP_transition_call pc=A631 sp=F37C p=01/02/03 flow=01 exit=00 screen=00 in=03 player=00 pxy=106,80 v=02/00
BP_transition_call pc=A631 sp=F37C p=01/02/03 flow=01 exit=00 screen=00 in=03 player=00 pxy=106,80 v=02/00
BP_transition_call pc=A631 sp=F37C p=01/02/03 flow=01 exit=00 screen=00 in=03 player=00 pxy=106,80 v=02/00
BP_transition_call pc=A631 sp=F37C p=01/02/03 flow=01 exit=00 screen=00 in=03 player=00 pxy=106,80 v=02/00
BP_transition_call pc=A631 sp=F37C p=01/02/03 flow=01 exit=00 screen=00 in=03 player=00 pxy=106,80 v=02/00
BP_transition_call pc=A631 sp=F37C p=01/02/03 flow=01 exit=00 screen=00 in=03 player=00 pxy=106,80 v=02/00
BP_transition_call pc=A631 sp=F37C p=01/02/03 flow=01 exit=00 screen=00 in=03 player=00 pxy=106,80 v=02/00
BP_transition_call pc=A631 sp=F37C p=01/02/03 flow=01 exit=00 screen=00 in=03 player=00 pxy=106,80 v=02/00
BP_transition_call pc=A631 sp=F37C p=01/02/03 flow=01 exit=00 screen=00 in=03 player=00 pxy=106,80 v=02/00
BP_transition_call pc=A631 sp=F37C p=01/02/03 flow=01 exit=00 screen=00 in=03 player=00 pxy=106,80 v=02/00
BP_transition_call pc=A631 sp=F37C p=01/02/03 flow=01 exit=00 screen=00 in=03 player=00 pxy=106,80 v=02/00
BP_transition_call pc=A631 sp=F37C p=01/02/03 flow=01 exit=00 screen=00 in=03 player=00 pxy=106,80 v=02/00
BP_transition_call pc=A631 sp=F37C p=01/02/03 flow=01 exit=00 screen=00 in=03 player=00 pxy=106,80 v=02/00
BP_transition_call pc=A631 sp=F37C p=01/02/03 flow=01 exit=00 screen=00 in=03 player=00 pxy=106,80 v=02/00
BP_transition_call pc=A631 sp=F37C p=01/02/03 flow=01 exit=00 screen=00 in=03 player=00 pxy=106,80 v=02/00
BP_transition_call pc=A631 sp=F37C p=01/02/03 flow=01 exit=00 screen=00 in=03 player=00 pxy=106,80 v=02/00
BP_transition_call pc=A631 sp=F37C p=01/02/03 flow=01 exit=00 screen=00 in=03 player=00 pxy=106,80 v=02/00
BP_transition_call pc=A631 sp=F37C p=01/02/03 flow=01 exit=00 screen=00 in=03 player=00 pxy=106,80 v=02/00
BP_transition_call pc=A631 sp=F37C p=01/02/03 flow=01 exit=00 screen=00 in=03 player=00 pxy=106,80 v=02/00
BP_transition_call pc=A631 sp=F37C p=01/02/03 flow=01 exit=00 screen=00 in=03 player=00 pxy=106,80 v=02/00
BP_transition_call pc=A631 sp=F37C p=01/02/03 flow=01 exit=00 screen=00 in=03 player=00 pxy=106,80 v=02/00
BP_transition_call pc=A631 sp=F37C p=01/02/03 flow=01 exit=00 screen=00 in=03 player=00 pxy=106,80 v=02/00
BP_transition_call pc=A631 sp=F37C p=01/02/03 flow=01 exit=00 screen=00 in=03 player=00 pxy=106,80 v=02/00
BP_transition_call pc=A631 sp=F37C p=01/02/03 flow=01 exit=00 screen=00 in=03 player=00 pxy=106,80 v=02/00
BP_transition_call pc=A631 sp=F37C p=01/02/03 flow=01 exit=00 screen=00 in=03 player=00 pxy=106,80 v=02/00
BP_transition_call pc=A631 sp=F37C p=01/02/03 flow=01 exit=00 screen=00 in=03 player=00 pxy=106,80 v=02/00
BP_transition_call pc=A631 sp=F37C p=01/02/03 flow=01 exit=00 screen=00 in=03 player=00 pxy=106,80 v=02/00
BP_transition_call pc=A631 sp=F37C p=01/02/03 flow=01 exit=00 screen=00 in=03 player=00 pxy=106,80 v=02/00
BP_transition_call pc=A631 sp=F37C p=01/02/03 flow=01 exit=00 screen=00 in=03 player=00 pxy=106,80 v=02/00
BP_transition_call pc=A631 sp=F37C p=01/02/03 flow=01 exit=00 screen=00 in=03 player=00 pxy=106,80 v=02/00
BP_transition_call pc=A631 sp=F37C p=01/02/03 flow=01 exit=00 screen=00 in=03 player=00 pxy=106,80 v=02/00
BP_transition_call pc=A631 sp=F37C p=01/02/03 flow=01 exit=00 screen=00 in=03 player=00 pxy=106,80 v=02/00
BP_transition_call pc=A631 sp=F37C p=01/02/03 flow=01 exit=00 screen=00 in=03 player=00 pxy=106,80 v=02/00
BP_transition_call pc=A631 sp=F37C p=01/02/03 flow=01 exit=00 screen=00 in=03 player=00 pxy=106,80 v=02/00
BP_transition_call pc=A631 sp=F37C p=01/02/03 flow=01 exit=00 screen=00 in=03 player=00 pxy=106,80 v=02/00
BP_transition_call pc=A631 sp=F37C p=01/02/03 flow=01 exit=00 screen=00 in=03 player=00 pxy=106,80 v=02/00
BP_transition_call pc=A631 sp=F37C p=01/02/03 flow=01 exit=00 screen=00 in=03 player=00 pxy=106,80 v=02/00
BP_transition_call pc=A631 sp=F37C p=01/02/03 flow=01 exit=00 screen=00 in=03 player=00 pxy=106,80 v=02/00
BP_transition_call pc=A631 sp=F37C p=01/02/03 flow=01 exit=00 screen=00 in=03 player=00 pxy=106,80 v=02/00
BP_transition_call pc=A631 sp=F37C p=01/02/03 flow=01 exit=00 screen=00 in=03 player=00 pxy=106,80 v=02/00
BP_transition_call pc=A631 sp=F37C p=01/02/03 flow=01 exit=00 screen=00 in=03 player=00 pxy=106,80 v=02/00
BP_transition_call pc=A631 sp=F37C p=01/02/03 flow=01 exit=00 screen=00 in=03 player=00 pxy=106,80 v=02/00
BP_transition_call pc=A631 sp=F37C p=01/02/03 flow=01 exit=00 screen=00 in=03 player=00 pxy=106,80 v=02/00
BP_transition_call pc=A631 sp=F37C p=01/02/03 flow=01 exit=00 screen=00 in=03 player=00 pxy=106,80 v=02/00
BP_transition_call pc=A631 sp=F37C p=01/02/03 flow=01 exit=00 screen=00 in=03 player=00 pxy=106,80 v=02/00
BP_transition_call pc=A631 sp=F37C p=01/02/03 flow=01 exit=00 screen=00 in=03 player=00 pxy=106,80 v=02/00
BP_transition_call pc=A631 sp=F37C p=01/02/03 flow=01 exit=00 screen=00 in=03 player=00 pxy=106,80 v=02/00
BP_transition_call pc=A631 sp=F37C p=01/02/03 flow=01 exit=00 screen=00 in=03 player=00 pxy=106,80 v=02/00
BP_transition_call pc=A631 sp=F37C p=01/02/03 flow=01 exit=00 screen=00 in=03 player=00 pxy=106,80 v=02/00
BP_transition_call pc=A631 sp=F37C p=01/02/03 flow=01 exit=00 screen=00 in=03 player=00 pxy=106,80 v=02/00
BP_transition_call pc=A631 sp=F37C p=01/02/03 flow=01 exit=00 screen=00 in=03 player=00 pxy=106,80 v=02/00
BP_transition_call pc=A631 sp=F37C p=01/02/03 flow=01 exit=00 screen=00 in=03 player=00 pxy=106,80 v=02/00
BP_transition_call pc=A631 sp=F37C p=01/02/03 flow=01 exit=00 screen=00 in=03 player=00 pxy=106,80 v=02/00
BP_transition_call pc=A631 sp=F37C p=01/02/03 flow=01 exit=00 screen=00 in=03 player=00 pxy=106,80 v=02/00
BP_transition_call pc=A631 sp=F37C p=01/02/03 flow=01 exit=00 screen=00 in=03 player=00 pxy=106,80 v=02/00
BP_transition_call pc=A631 sp=F37C p=01/02/03 flow=01 exit=00 screen=00 in=03 player=00 pxy=106,80 v=02/00
BP_transition_call pc=A631 sp=F37C p=01/02/03 flow=01 exit=00 screen=00 in=03 player=00 pxy=106,80 v=02/00
BP_transition_call pc=A631 sp=F37C p=01/02/03 flow=01 exit=00 screen=00 in=03 player=00 pxy=106,80 v=02/00
BP_transition_call pc=A631 sp=F37C p=01/02/03 flow=01 exit=00 screen=00 in=03 player=00 pxy=106,80 v=02/00
BP_transition_call pc=A631 sp=F37C p=01/02/03 flow=01 exit=00 screen=00 in=03 player=00 pxy=106,80 v=02/00
BP_transition_call pc=A631 sp=F37C p=01/02/03 flow=01 exit=00 screen=00 in=03 player=00 pxy=106,80 v=02/00
BP_transition_call pc=A631 sp=F37C p=01/02/03 flow=01 exit=00 screen=00 in=03 player=00 pxy=106,80 v=02/00
BP_transition_call pc=A631 sp=F37C p=01/02/03 flow=01 exit=00 screen=00 in=03 player=00 pxy=106,80 v=02/00
BP_transition_call pc=A631 sp=F37C p=01/02/03 flow=01 exit=00 screen=00 in=03 player=00 pxy=106,80 v=02/00
BP_transition_call pc=A631 sp=F37C p=01/02/03 flow=01 exit=00 screen=00 in=03 player=00 pxy=106,80 v=02/00
BP_transition_call pc=A631 sp=F37C p=01/02/03 flow=01 exit=00 screen=00 in=03 player=00 pxy=106,80 v=02/00
BP_transition_call pc=A631 sp=F37C p=01/02/03 flow=01 exit=00 screen=00 in=03 player=00 pxy=106,80 v=02/00
BP_transition_call pc=A631 sp=F37C p=01/02/03 flow=01 exit=00 screen=00 in=03 player=00 pxy=106,80 v=02/00
BP_transition_call pc=A631 sp=F37C p=01/02/03 flow=01 exit=00 screen=00 in=03 player=00 pxy=106,80 v=02/00
BP_transition_call pc=A631 sp=F37C p=01/02/03 flow=01 exit=00 screen=00 in=03 player=00 pxy=106,80 v=02/00
BP_transition_call pc=A631 sp=F37C p=01/02/03 flow=01 exit=00 screen=00 in=03 player=00 pxy=106,80 v=02/00
BP_transition_call pc=A631 sp=F37C p=01/02/03 flow=01 exit=00 screen=00 in=03 player=00 pxy=106,80 v=02/00
BP_transition_call pc=A631 sp=F37C p=01/02/03 flow=01 exit=00 screen=00 in=03 player=00 pxy=106,80 v=02/00
BP_transition_call pc=A631 sp=F37C p=01/02/03 flow=01 exit=00 screen=00 in=03 player=00 pxy=106,80 v=02/00
BP_transition_call pc=A631 sp=F37C p=01/02/03 flow=01 exit=00 screen=00 in=03 player=00 pxy=106,80 v=02/00
BP_transition_call pc=A631 sp=F37C p=01/02/03 flow=01 exit=00 screen=00 in=03 player=00 pxy=106,80 v=02/00
BP_transition_call pc=A631 sp=F37C p=01/02/03 flow=01 exit=00 screen=00 in=03 player=00 pxy=106,80 v=02/00
BP_transition_call pc=A631 sp=F37C p=01/02/03 flow=01 exit=00 screen=00 in=03 player=00 pxy=106,80 v=02/00
BP_transition_call pc=A631 sp=F37C p=01/02/03 flow=01 exit=00 screen=00 in=03 player=00 pxy=106,80 v=02/00
BP_transition_call pc=A631 sp=F37C p=01/02/03 flow=01 exit=00 screen=00 in=03 player=00 pxy=106,80 v=02/00
BP_transition_call pc=A631 sp=F37C p=01/02/03 flow=01 exit=00 screen=00 in=03 player=00 pxy=106,80 v=02/00
BP_transition_call pc=A631 sp=F37C p=01/02/03 flow=01 exit=00 screen=00 in=03 player=00 pxy=106,80 v=02/00
BP_transition_call pc=A631 sp=F37C p=01/02/03 flow=01 exit=00 screen=00 in=03 player=00 pxy=106,80 v=02/00
BP_transition_call pc=A631 sp=F37C p=01/02/03 flow=01 exit=00 screen=00 in=03 player=00 pxy=106,80 v=02/00
BP_transition_call pc=A631 sp=F37C p=01/02/03 flow=01 exit=00 screen=00 in=03 player=00 pxy=106,80 v=02/00
BP_transition_call pc=A631 sp=F37C p=01/02/03 flow=01 exit=00 screen=00 in=03 player=00 pxy=106,80 v=02/00
BP_transition_call pc=A631 sp=F37C p=01/02/03 flow=01 exit=00 screen=00 in=03 player=00 pxy=106,80 v=02/00
BP_transition_call pc=A631 sp=F37C p=01/02/03 flow=01 exit=00 screen=00 in=03 player=00 pxy=106,80 v=02/00
BP_transition_call pc=A631 sp=F37C p=01/02/03 flow=01 exit=00 screen=00 in=03 player=00 pxy=106,80 v=02/00
BP_transition_call pc=A631 sp=F37C p=01/02/03 flow=01 exit=00 screen=00 in=03 player=00 pxy=106,80 v=02/00
BP_transition_call pc=A631 sp=F37C p=01/02/03 flow=01 exit=00 screen=00 in=03 player=00 pxy=106,80 v=02/00
BP_transition_call pc=A631 sp=F37C p=01/02/03 flow=01 exit=00 screen=00 in=03 player=00 pxy=106,80 v=02/00
BP_transition_call pc=A631 sp=F37C p=01/02/03 flow=01 exit=00 screen=00 in=03 player=00 pxy=106,80 v=02/00
BP_transition_call pc=A631 sp=F37C p=01/02/03 flow=01 exit=00 screen=00 in=03 player=00 pxy=106,80 v=02/00
BP_transition_call pc=A631 sp=F37C p=01/02/03 flow=01 exit=00 screen=00 in=03 player=00 pxy=106,80 v=02/00
BP_transition_call pc=A631 sp=F37C p=01/02/03 flow=01 exit=00 screen=00 in=03 player=00 pxy=106,80 v=02/00
BP_transition_call pc=A631 sp=F37C p=01/02/03 flow=01 exit=00 screen=00 in=03 player=00 pxy=106,80 v=02/00
BP_transition_call pc=A631 sp=F37C p=01/02/03 flow=01 exit=00 screen=00 in=03 player=00 pxy=106,80 v=02/00
BP_transition_call pc=A631 sp=F37C p=01/02/03 flow=01 exit=00 screen=00 in=03 player=00 pxy=106,80 v=02/00
BP_transition_call pc=A631 sp=F37C p=01/02/03 flow=01 exit=00 screen=00 in=03 player=00 pxy=106,80 v=02/00
BP_transition_call pc=A631 sp=F37C p=01/02/03 flow=01 exit=00 screen=00 in=03 player=00 pxy=106,80 v=02/00
BP_transition_call pc=A631 sp=F37C p=01/02/03 flow=01 exit=00 screen=00 in=03 player=00 pxy=106,80 v=02/00
BP_transition_call pc=A631 sp=F37C p=01/02/03 flow=01 exit=00 screen=00 in=03 player=00 pxy=106,80 v=02/00
BP_transition_call pc=A631 sp=F37C p=01/02/03 flow=01 exit=00 screen=00 in=03 player=00 pxy=106,80 v=02/00
BP_transition_call pc=A631 sp=F37C p=01/02/03 flow=01 exit=00 screen=00 in=03 player=00 pxy=106,80 v=02/00
BP_transition_call pc=A631 sp=F37C p=01/02/03 flow=01 exit=00 screen=00 in=03 player=00 pxy=106,80 v=02/00
BP_transition_call pc=A631 sp=F37C p=01/02/03 flow=01 exit=00 screen=00 in=03 player=00 pxy=106,80 v=02/00
BP_transition_call pc=A631 sp=F37C p=01/02/03 flow=01 exit=00 screen=00 in=03 player=00 pxy=106,80 v=02/00
BP_transition_call pc=A631 sp=F37C p=01/02/03 flow=01 exit=00 screen=00 in=03 player=00 pxy=106,80 v=02/00
BP_transition_call pc=A631 sp=F37C p=01/02/03 flow=01 exit=00 screen=00 in=03 player=00 pxy=106,80 v=02/00
BP_transition_call pc=A631 sp=F37C p=01/02/03 flow=01 exit=00 screen=00 in=03 player=00 pxy=106,80 v=02/00
BP_transition_call pc=A631 sp=F37C p=01/02/03 flow=01 exit=00 screen=00 in=03 player=00 pxy=106,80 v=02/00
BP_transition_call pc=A631 sp=F37C p=01/02/03 flow=01 exit=00 screen=00 in=03 player=00 pxy=106,80 v=02/00
BP_transition_call pc=A631 sp=F37C p=01/02/03 flow=01 exit=00 screen=00 in=03 player=00 pxy=106,80 v=02/00
BP_transition_call pc=A631 sp=F37C p=01/02/03 flow=01 exit=00 screen=00 in=03 player=00 pxy=106,80 v=02/00
BP_transition_call pc=A631 sp=F37C p=01/02/03 flow=01 exit=00 screen=00 in=03 player=00 pxy=106,80 v=02/00
BP_transition_call pc=A631 sp=F37C p=01/02/03 flow=01 exit=00 screen=00 in=03 player=00 pxy=106,80 v=02/00
BP_transition_call pc=A631 sp=F37C p=01/02/03 flow=01 exit=00 screen=00 in=03 player=00 pxy=106,80 v=02/00
BP_transition_call pc=A631 sp=F37C p=01/02/03 flow=01 exit=00 screen=00 in=03 player=00 pxy=106,80 v=02/00
BP_transition_call pc=A631 sp=F37C p=01/02/03 flow=01 exit=00 screen=00 in=03 player=00 pxy=106,80 v=02/00
BP_transition_call pc=A631 sp=F37C p=01/02/03 flow=01 exit=00 screen=00 in=03 player=00 pxy=106,80 v=02/00
BP_transition_call pc=A631 sp=F37C p=01/02/03 flow=01 exit=00 screen=00 in=03 player=00 pxy=106,80 v=02/00
BP_transition_call pc=A631 sp=F37C p=01/02/03 flow=01 exit=00 screen=00 in=03 player=00 pxy=106,80 v=02/00
BP_transition_call pc=A631 sp=F37C p=01/02/03 flow=01 exit=00 screen=00 in=03 player=00 pxy=106,80 v=02/00
BP_transition_call pc=A631 sp=F37C p=01/02/03 flow=01 exit=00 screen=00 in=03 player=00 pxy=106,80 v=02/00
BP_transition_call pc=A631 sp=F37C p=01/02/03 flow=01 exit=00 screen=00 in=03 player=00 pxy=106,80 v=02/00
BP_transition_call pc=A631 sp=F37C p=01/02/03 flow=01 exit=00 screen=00 in=03 player=00 pxy=106,80 v=02/00
BP_transition_call pc=A631 sp=F37C p=01/02/03 flow=01 exit=00 screen=00 in=03 player=00 pxy=106,80 v=02/00
BP_transition_call pc=A631 sp=F37C p=01/02/03 flow=01 exit=00 screen=00 in=03 player=00 pxy=106,80 v=02/00
BP_transition_call pc=A631 sp=F37C p=01/02/03 flow=01 exit=00 screen=00 in=03 player=00 pxy=106,80 v=02/00
BP_transition_call pc=A631 sp=F37C p=01/02/03 flow=01 exit=00 screen=00 in=03 player=00 pxy=106,80 v=02/00
BP_transition_call pc=A631 sp=F37C p=01/02/03 flow=01 exit=00 screen=00 in=03 player=00 pxy=106,80 v=02/00
BP_transition_call pc=A631 sp=F37C p=01/02/03 flow=01 exit=00 screen=00 in=03 player=00 pxy=106,80 v=02/00
BP_transition_call pc=A631 sp=F37C p=01/02/03 flow=01 exit=00 screen=00 in=03 player=00 pxy=106,80 v=02/00
BP_transition_call pc=A631 sp=F37C p=01/02/03 flow=01 exit=00 screen=00 in=03 player=00 pxy=106,80 v=02/00
BP_transition_call pc=A631 sp=F37C p=01/02/03 flow=01 exit=00 screen=00 in=03 player=00 pxy=106,80 v=02/00
BP_transition_call pc=A631 sp=F37C p=01/02/03 flow=01 exit=00 screen=00 in=03 player=00 pxy=106,80 v=02/00
BP_transition_call pc=A631 sp=F37C p=01/02/03 flow=01 exit=00 screen=00 in=03 player=00 pxy=106,80 v=02/00
BP_transition_call pc=A631 sp=F37C p=01/02/03 flow=01 exit=00 screen=00 in=03 player=00 pxy=106,80 v=02/00
BP_transition_call pc=A631 sp=F37C p=01/02/03 flow=01 exit=00 screen=00 in=03 player=00 pxy=106,80 v=02/00
BP_transition_call pc=A631 sp=F37C p=01/02/03 flow=01 exit=00 screen=00 in=03 player=00 pxy=106,80 v=02/00
BP_transition_call pc=A631 sp=F37C p=01/02/03 flow=01 exit=00 screen=00 in=03 player=00 pxy=106,80 v=02/00
BP_transition_call pc=A631 sp=F37C p=01/02/03 flow=01 exit=00 screen=00 in=03 player=00 pxy=106,80 v=02/00
BP_transition_call pc=A631 sp=F37C p=01/02/03 flow=01 exit=00 screen=00 in=03 player=00 pxy=106,80 v=02/00
BP_transition_call pc=A631 sp=F37C p=01/02/03 flow=01 exit=00 screen=00 in=03 player=00 pxy=106,80 v=02/00
BP_transition_call pc=A631 sp=F37C p=01/02/03 flow=01 exit=00 screen=00 in=03 player=00 pxy=106,80 v=02/00
BP_transition_call pc=A631 sp=F37C p=01/02/03 flow=01 exit=00 screen=00 in=03 player=00 pxy=106,80 v=02/00
BP_transition_call pc=A631 sp=F37C p=01/02/03 flow=01 exit=00 screen=00 in=03 player=00 pxy=106,80 v=02/00
BP_transition_call pc=A631 sp=F37C p=01/02/03 flow=01 exit=00 screen=00 in=03 player=00 pxy=106,80 v=02/00
BP_transition_call pc=A631 sp=F37C p=01/02/03 flow=01 exit=00 screen=00 in=03 player=00 pxy=106,80 v=02/00
BP_transition_call pc=A631 sp=F37C p=01/02/03 flow=01 exit=00 screen=00 in=03 player=00 pxy=106,80 v=02/00
BP_transition_call pc=A631 sp=F37C p=01/02/03 flow=01 exit=00 screen=00 in=03 player=00 pxy=106,80 v=02/00
BP_transition_call pc=A631 sp=F37C p=01/02/03 flow=01 exit=00 screen=00 in=03 player=00 pxy=106,80 v=02/00
BP_transition_call pc=A631 sp=F37C p=01/02/03 flow=01 exit=00 screen=00 in=03 player=00 pxy=106,80 v=02/00
BP_transition_call pc=A631 sp=F37C p=01/02/03 flow=01 exit=00 screen=00 in=03 player=00 pxy=106,80 v=02/00
BP_transition_call pc=A631 sp=F37C p=01/02/03 flow=01 exit=00 screen=00 in=03 player=00 pxy=106,80 v=02/00
BP_transition_call pc=A631 sp=F37C p=01/02/03 flow=01 exit=00 screen=00 in=03 player=00 pxy=106,80 v=02/00
BP_transition_call pc=A631 sp=F37C p=01/02/03 flow=01 exit=00 screen=00 in=03 player=00 pxy=106,80 v=02/00
BP_transition_call pc=A631 sp=F37C p=01/02/03 flow=01 exit=00 screen=00 in=03 player=00 pxy=106,80 v=02/00
BP_transition_call pc=A631 sp=F37C p=01/02/03 flow=01 exit=00 screen=00 in=03 player=00 pxy=106,80 v=02/00
BP_transition_call pc=A631 sp=F37C p=01/02/03 flow=01 exit=00 screen=00 in=03 player=00 pxy=106,80 v=02/00
BP_transition_call pc=A631 sp=F37C p=01/02/03 flow=01 exit=00 screen=00 in=03 player=00 pxy=106,80 v=02/00
BP_transition_call pc=A631 sp=F37C p=01/02/03 flow=01 exit=00 screen=00 in=03 player=00 pxy=106,80 v=02/00
BP_transition_call pc=A631 sp=F37C p=01/02/03 flow=01 exit=00 screen=00 in=03 player=00 pxy=106,80 v=02/00
BP_transition_call pc=A631 sp=F37C p=01/02/03 flow=01 exit=00 screen=00 in=03 player=00 pxy=106,80 v=02/00
BP_transition_call pc=A631 sp=F37C p=01/02/03 flow=01 exit=00 screen=00 in=03 player=00 pxy=106,80 v=02/00
BP_transition_call pc=A631 sp=F37C p=01/02/03 flow=01 exit=00 screen=00 in=03 player=00 pxy=106,80 v=02/00
BP_transition_call pc=A631 sp=F37C p=01/02/03 flow=01 exit=00 screen=00 in=03 player=00 pxy=106,80 v=02/00
BP_transition_call pc=A631 sp=F37C p=01/02/03 flow=01 exit=00 screen=00 in=03 player=00 pxy=106,80 v=02/00
BP_transition_call pc=A631 sp=F37C p=01/02/03 flow=01 exit=00 screen=00 in=03 player=00 pxy=106,80 v=02/00
BP_transition_call pc=A631 sp=F37C p=01/02/03 flow=01 exit=00 screen=00 in=03 player=00 pxy=106,80 v=02/00
BP_transition_call pc=A631 sp=F37C p=01/02/03 flow=01 exit=00 screen=00 in=03 player=00 pxy=106,80 v=02/00
BP_transition_call pc=A631 sp=F37C p=01/02/03 flow=01 exit=00 screen=00 in=03 player=00 pxy=106,80 v=02/00
BP_transition_call pc=A631 sp=F37C p=01/02/03 flow=01 exit=00 screen=00 in=03 player=00 pxy=106,80 v=02/00
BP_transition_call pc=A631 sp=F37C p=01/02/03 flow=01 exit=00 screen=00 in=03 player=00 pxy=106,80 v=02/00
BP_transition_call pc=A631 sp=F37C p=01/02/03 flow=01 exit=00 screen=00 in=03 player=00 pxy=106,80 v=02/00
BP_transition_call pc=A631 sp=F37C p=01/02/03 flow=01 exit=00 screen=00 in=03 player=00 pxy=106,80 v=02/00
BP_transition_call pc=A631 sp=F37C p=01/02/03 flow=01 exit=00 screen=00 in=03 player=00 pxy=106,80 v=02/00
BP_transition_call pc=A631 sp=F37C p=01/02/03 flow=01 exit=00 screen=00 in=03 player=00 pxy=106,80 v=02/00
BP_transition_call pc=A631 sp=F37C p=01/02/03 flow=01 exit=00 screen=00 in=03 player=00 pxy=106,80 v=02/00
BP_transition_call pc=A631 sp=F37C p=01/02/03 flow=01 exit=00 screen=00 in=03 player=00 pxy=106,80 v=02/00
BP_transition_call pc=A631 sp=F37C p=01/02/03 flow=01 exit=00 screen=00 in=03 player=00 pxy=106,80 v=02/00
BP_transition_call pc=A631 sp=F37C p=01/02/03 flow=01 exit=00 screen=00 in=03 player=00 pxy=106,80 v=02/00
BP_transition_call pc=A631 sp=F37C p=01/02/03 flow=01 exit=00 screen=00 in=03 player=00 pxy=106,80 v=02/00
BP_transition_call pc=A631 sp=F37C p=01/02/03 flow=01 exit=00 screen=00 in=03 player=00 pxy=106,80 v=02/00
BP_transition_call pc=A631 sp=F37C p=01/02/03 flow=01 exit=00 screen=00 in=03 player=00 pxy=106,80 v=02/00
BP_transition_call pc=A631 sp=F37C p=01/02/03 flow=01 exit=00 screen=00 in=03 player=00 pxy=106,80 v=02/00
BP_transition_call pc=A631 sp=F37C p=01/02/03 flow=01 exit=00 screen=00 in=03 player=00 pxy=106,80 v=02/00
BP_transition_call pc=A631 sp=F37C p=01/02/03 flow=01 exit=00 screen=00 in=03 player=00 pxy=106,80 v=02/00
BP_transition_call pc=A631 sp=F37C p=01/02/03 flow=01 exit=00 screen=00 in=03 player=00 pxy=106,80 v=02/00
BP_transition_call pc=A631 sp=F37C p=01/02/03 flow=01 exit=00 screen=00 in=03 player=00 pxy=106,80 v=02/00
BP_transition_call pc=A631 sp=F37C p=01/02/03 flow=01 exit=00 screen=00 in=03 player=00 pxy=106,80 v=02/00
BP_transition_call pc=A631 sp=F37C p=01/02/03 flow=01 exit=00 screen=00 in=03 player=00 pxy=106,80 v=02/00
BP_transition_call pc=A631 sp=F37C p=01/02/03 flow=01 exit=00 screen=00 in=03 player=00 pxy=106,80 v=02/00
BP_transition_call pc=A631 sp=F37C p=01/02/03 flow=01 exit=00 screen=00 in=03 player=00 pxy=106,80 v=02/00
BP_transition_call pc=A631 sp=F37C p=01/02/03 flow=01 exit=00 screen=00 in=03 player=00 pxy=106,80 v=02/00
BP_transition_call pc=A631 sp=F37C p=01/02/03 flow=01 exit=00 screen=00 in=03 player=00 pxy=106,80 v=02/00
BP_transition_call pc=A631 sp=F37C p=01/02/03 flow=01 exit=00 screen=00 in=03 player=00 pxy=106,80 v=02/00
BP_transition_call pc=A631 sp=F37C p=01/02/03 flow=01 exit=00 screen=00 in=03 player=00 pxy=106,80 v=02/00
BP_transition_call pc=A631 sp=F37C p=01/02/03 flow=01 exit=00 screen=00 in=03 player=00 pxy=106,80 v=02/00
BP_transition_call pc=A631 sp=F37C p=01/02/03 flow=01 exit=00 screen=00 in=03 player=00 pxy=106,80 v=02/00
BP_transition_call pc=A631 sp=F37C p=01/02/03 flow=01 exit=00 screen=00 in=03 player=00 pxy=106,80 v=02/00
BP_transition_call pc=A631 sp=F37C p=01/02/03 flow=01 exit=00 screen=00 in=03 player=00 pxy=106,80 v=02/00
BP_transition_call pc=A631 sp=F37C p=01/02/03 flow=01 exit=00 screen=00 in=03 player=00 pxy=106,80 v=02/00
BP_transition_call pc=A631 sp=F37C p=01/02/03 flow=01 exit=00 screen=00 in=03 player=00 pxy=106,80 v=02/00
BP_transition_call pc=A631 sp=F37C p=01/02/03 flow=01 exit=00 screen=00 in=03 player=00 pxy=106,80 v=02/00
BP_transition_call pc=A631 sp=F37C p=01/02/03 flow=01 exit=00 screen=00 in=03 player=00 pxy=106,80 v=02/00
during_right_20 pc=A631 sp=F37C p=01/02/03 flow=01 exit=00 screen=00 in=03 player=00 pxy=106,80 v=02/00
BP_transition_call pc=A631 sp=F37C p=01/02/03 flow=01 exit=00 screen=00 in=03 player=00 pxy=106,80 v=02/00
BP_transition_call pc=A631 sp=F37C p=01/02/03 flow=01 exit=00 screen=00 in=03 player=00 pxy=106,80 v=02/00
BP_transition_call pc=A631 sp=F37C p=01/02/03 flow=01 exit=00 screen=00 in=03 player=00 pxy=106,80 v=02/00
BP_transition_call pc=A631 sp=F37C p=01/02/03 flow=01 exit=00 screen=00 in=03 player=00 pxy=106,80 v=02/00
BP_transition_call pc=A631 sp=F37C p=01/02/03 flow=01 exit=00 screen=00 in=03 player=00 pxy=106,80 v=02/00
BP_transition_call pc=A631 sp=F37C p=01/02/03 flow=01 exit=00 screen=00 in=03 player=00 pxy=106,80 v=02/00
BP_transition_call pc=A631 sp=F37C p=01/02/03 flow=01 exit=00 screen=00 in=03 player=00 pxy=106,80 v=02/00
BP_transition_call pc=A631 sp=F37C p=01/02/03 flow=01 exit=00 screen=00 in=03 player=00 pxy=106,80 v=02/00
BP_transition_call pc=A631 sp=F37C p=01/02/03 flow=01 exit=00 screen=00 in=03 player=00 pxy=106,80 v=02/00
BP_transition_call pc=A631 sp=F37C p=01/02/03 flow=01 exit=00 screen=00 in=03 player=00 pxy=106,80 v=02/00
BP_transition_call pc=A631 sp=F37C p=01/02/03 flow=01 exit=00 screen=00 in=03 player=00 pxy=106,80 v=02/00
BP_transition_call pc=A631 sp=F37C p=01/02/03 flow=01 exit=00 screen=00 in=03 player=00 pxy=106,80 v=02/00
BP_transition_call pc=A631 sp=F37C p=01/02/03 flow=01 exit=00 screen=00 in=03 player=00 pxy=106,80 v=02/00
BP_transition_call pc=A631 sp=F37C p=01/02/03 flow=01 exit=00 screen=00 in=03 player=00 pxy=106,80 v=02/00
BP_transition_call pc=A631 sp=F37C p=01/02/03 flow=01 exit=00 screen=00 in=03 player=00 pxy=106,80 v=02/00
BP_transition_call pc=A631 sp=F37C p=01/02/03 flow=01 exit=00 screen=00 in=03 player=00 pxy=106,80 v=02/00
BP_transition_call pc=A631 sp=F37C p=01/02/03 flow=01 exit=00 screen=00 in=03 player=00 pxy=106,80 v=02/00
BP_transition_call pc=A631 sp=F37C p=01/02/03 flow=01 exit=00 screen=00 in=03 player=00 pxy=106,80 v=02/00
BP_transition_call pc=A631 sp=F37C p=01/02/03 flow=01 exit=00 screen=00 in=03 player=00 pxy=106,80 v=02/00
BP_transition_call pc=A631 sp=F37C p=01/02/03 flow=01 exit=00 screen=00 in=03 player=00 pxy=106,80 v=02/00
BP_transition_call pc=A631 sp=F37C p=01/02/03 flow=01 exit=00 screen=00 in=03 player=00 pxy=106,80 v=02/00
BP_transition_call pc=A631 sp=F37C p=01/02/03 flow=01 exit=00 screen=00 in=03 player=00 pxy=106,80 v=02/00
BP_transition_call pc=A631 sp=F37C p=01/02/03 flow=01 exit=00 screen=00 in=03 player=00 pxy=106,80 v=02/00
BP_transition_call pc=A631 sp=F37C p=01/02/03 flow=01 exit=00 screen=00 in=03 player=00 pxy=106,80 v=02/00
BP_transition_call pc=A631 sp=F37C p=01/02/03 flow=01 exit=00 screen=00 in=03 player=00 pxy=106,80 v=02/00
BP_transition_call pc=A631 sp=F37C p=01/02/03 flow=01 exit=00 screen=00 in=03 player=00 pxy=106,80 v=02/00
BP_transition_call pc=A631 sp=F37C p=01/02/03 flow=01 exit=00 screen=00 in=03 player=00 pxy=106,80 v=02/00
BP_transition_call pc=A631 sp=F37C p=01/02/03 flow=01 exit=00 screen=00 in=03 player=00 pxy=106,80 v=02/00
BP_transition_call pc=A631 sp=F37C p=01/02/03 flow=01 exit=00 screen=00 in=03 player=00 pxy=106,80 v=02/00
BP_transition_call pc=A631 sp=F37C p=01/02/03 flow=01 exit=00 screen=00 in=03 player=00 pxy=106,80 v=02/00
BP_transition_call pc=A631 sp=F37C p=01/02/03 flow=01 exit=00 screen=00 in=03 player=00 pxy=106,80 v=02/00
BP_transition_call pc=A631 sp=F37C p=01/02/03 flow=01 exit=00 screen=00 in=03 player=00 pxy=106,80 v=02/00
BP_transition_call pc=A631 sp=F37C p=01/02/03 flow=01 exit=00 screen=00 in=03 player=00 pxy=106,80 v=02/00
BP_transition_call pc=A631 sp=F37C p=01/02/03 flow=01 exit=00 screen=00 in=03 player=00 pxy=106,80 v=02/00
BP_transition_call pc=A631 sp=F37C p=01/02/03 flow=01 exit=00 screen=00 in=03 player=00 pxy=106,80 v=02/00
BP_transition_call pc=A631 sp=F37C p=01/02/03 flow=01 exit=00 screen=00 in=03 player=00 pxy=106,80 v=02/00
BP_transition_call pc=A631 sp=F37C p=01/02/03 flow=01 exit=00 screen=00 in=03 player=00 pxy=106,80 v=02/00
BP_transition_call pc=A631 sp=F37C p=01/02/03 flow=01 exit=00 screen=00 in=03 player=00 pxy=106,80 v=02/00
BP_transition_call pc=A631 sp=F37C p=01/02/03 flow=01 exit=00 screen=00 in=03 player=00 pxy=106,80 v=02/00
BP_transition_call pc=A631 sp=F37C p=01/02/03 flow=01 exit=00 screen=00 in=03 player=00 pxy=106,80 v=02/00
BP_transition_call pc=A631 sp=F37C p=01/02/03 flow=01 exit=00 screen=00 in=03 player=00 pxy=106,80 v=02/00
BP_transition_call pc=A631 sp=F37C p=01/02/03 flow=01 exit=00 screen=00 in=03 player=00 pxy=106,80 v=02/00
BP_transition_call pc=A631 sp=F37C p=01/02/03 flow=01 exit=00 screen=00 in=03 player=00 pxy=106,80 v=02/00
BP_transition_call pc=A631 sp=F37C p=01/02/03 flow=01 exit=00 screen=00 in=03 player=00 pxy=106,80 v=02/00
BP_transition_call pc=A631 sp=F37C p=01/02/03 flow=01 exit=00 screen=00 in=03 player=00 pxy=106,80 v=02/00
BP_transition_call pc=A631 sp=F37C p=01/02/03 flow=01 exit=00 screen=00 in=03 player=00 pxy=106,80 v=02/00
BP_transition_call pc=A631 sp=F37C p=01/02/03 flow=01 exit=00 screen=00 in=03 player=00 pxy=106,80 v=02/00
BP_transition_call pc=A631 sp=F37C p=01/02/03 flow=01 exit=00 screen=00 in=03 player=00 pxy=106,80 v=02/00
BP_transition_call pc=A631 sp=F37C p=01/02/03 flow=01 exit=00 screen=00 in=03 player=00 pxy=106,80 v=02/00
BP_transition_call pc=A631 sp=F37C p=01/02/03 flow=01 exit=00 screen=00 in=03 player=00 pxy=106,80 v=02/00
BP_transition_call pc=A631 sp=F37C p=01/02/03 flow=01 exit=00 screen=00 in=03 player=00 pxy=106,80 v=02/00
BP_transition_call pc=A631 sp=F37C p=01/02/03 flow=01 exit=00 screen=00 in=03 player=00 pxy=106,80 v=02/00
BP_transition_call pc=A631 sp=F37C p=01/02/03 flow=01 exit=00 screen=00 in=03 player=00 pxy=106,80 v=02/00
BP_transition_call pc=A631 sp=F37C p=01/02/03 flow=01 exit=00 screen=00 in=03 player=00 pxy=106,80 v=02/00
BP_transition_call pc=A631 sp=F37C p=01/02/03 flow=01 exit=00 screen=00 in=03 player=00 pxy=106,80 v=02/00
BP_transition_call pc=A631 sp=F37C p=01/02/03 flow=01 exit=00 screen=00 in=03 player=00 pxy=106,80 v=02/00
BP_transition_call pc=A631 sp=F37C p=01/02/03 flow=01 exit=00 screen=00 in=03 player=00 pxy=106,80 v=02/00
BP_transition_call pc=A631 sp=F37C p=01/02/03 flow=01 exit=00 screen=00 in=03 player=00 pxy=106,80 v=02/00
BP_transition_call pc=A631 sp=F37C p=01/02/03 flow=01 exit=00 screen=00 in=03 player=00 pxy=106,80 v=02/00
BP_transition_call pc=A631 sp=F37C p=01/02/03 flow=01 exit=00 screen=00 in=03 player=00 pxy=106,80 v=02/00
BP_transition_call pc=A631 sp=F37C p=01/02/03 flow=01 exit=00 screen=00 in=03 player=00 pxy=106,80 v=02/00
BP_transition_call pc=A631 sp=F37C p=01/02/03 flow=01 exit=00 screen=00 in=03 player=00 pxy=106,80 v=02/00
BP_transition_call pc=A631 sp=F37C p=01/02/03 flow=01 exit=00 screen=00 in=03 player=00 pxy=106,80 v=02/00
BP_transition_call pc=A631 sp=F37C p=01/02/03 flow=01 exit=00 screen=00 in=03 player=00 pxy=106,80 v=02/00
BP_transition_call pc=A631 sp=F37C p=01/02/03 flow=01 exit=00 screen=00 in=03 player=00 pxy=106,80 v=02/00
BP_transition_call pc=A631 sp=F37C p=01/02/03 flow=01 exit=00 screen=00 in=03 player=00 pxy=106,80 v=02/00
BP_transition_call pc=A631 sp=F37C p=01/02/03 flow=01 exit=00 screen=00 in=03 player=00 pxy=106,80 v=02/00
BP_transition_call pc=A631 sp=F37C p=01/02/03 flow=01 exit=00 screen=00 in=03 player=00 pxy=106,80 v=02/00
BP_transition_call pc=A631 sp=F37C p=01/02/03 flow=01 exit=00 screen=00 in=03 player=00 pxy=106,80 v=02/00
BP_transition_call pc=A631 sp=F37C p=01/02/03 flow=01 exit=00 screen=00 in=03 player=00 pxy=106,80 v=02/00
BP_transition_call pc=A631 sp=F37C p=01/02/03 flow=01 exit=00 screen=00 in=03 player=00 pxy=106,80 v=02/00
BP_transition_call pc=A631 sp=F37C p=01/02/03 flow=01 exit=00 screen=00 in=03 player=00 pxy=106,80 v=02/00
BP_transition_call pc=A631 sp=F37C p=01/02/03 flow=01 exit=00 screen=00 in=03 player=00 pxy=106,80 v=02/00
BP_transition_call pc=A631 sp=F37C p=01/02/03 flow=01 exit=00 screen=00 in=03 player=00 pxy=106,80 v=02/00
BP_transition_call pc=A631 sp=F37C p=01/02/03 flow=01 exit=00 screen=00 in=03 player=00 pxy=106,80 v=02/00
BP_transition_call pc=A631 sp=F37C p=01/02/03 flow=01 exit=00 screen=00 in=03 player=00 pxy=106,80 v=02/00
BP_transition_call pc=A631 sp=F37C p=01/02/03 flow=01 exit=00 screen=00 in=03 player=00 pxy=106,80 v=02/00
BP_transition_call pc=A631 sp=F37C p=01/02/03 flow=01 exit=00 screen=00 in=03 player=00 pxy=106,80 v=02/00
BP_transition_call pc=A631 sp=F37C p=01/02/03 flow=01 exit=00 screen=00 in=03 player=00 pxy=106,80 v=02/00
BP_transition_call pc=A631 sp=F37C p=01/02/03 flow=01 exit=00 screen=00 in=03 player=00 pxy=106,80 v=02/00
BP_transition_call pc=A631 sp=F37C p=01/02/03 flow=01 exit=00 screen=00 in=03 player=00 pxy=106,80 v=02/00
BP_transition_call pc=A631 sp=F37C p=01/02/03 flow=01 exit=00 screen=00 in=03 player=00 pxy=106,80 v=02/00
BP_transition_call pc=A631 sp=F37C p=01/02/03 flow=01 exit=00 screen=00 in=03 player=00 pxy=106,80 v=02/00
BP_transition_call pc=A631 sp=F37C p=01/02/03 flow=01 exit=00 screen=00 in=03 player=00 pxy=106,80 v=02/00
BP_transition_call pc=A631 sp=F37C p=01/02/03 flow=01 exit=00 screen=00 in=03 player=00 pxy=106,80 v=02/00
BP_transition_call pc=A631 sp=F37C p=01/02/03 flow=01 exit=00 screen=00 in=03 player=00 pxy=106,80 v=02/00
BP_transition_call pc=A631 sp=F37C p=01/02/03 flow=01 exit=00 screen=00 in=03 player=00 pxy=106,80 v=02/00
BP_transition_call pc=A631 sp=F37C p=01/02/03 flow=01 exit=00 screen=00 in=03 player=00 pxy=106,80 v=02/00
BP_transition_call pc=A631 sp=F37C p=01/02/03 flow=01 exit=00 screen=00 in=03 player=00 pxy=106,80 v=02/00
BP_transition_call pc=A631 sp=F37C p=01/02/03 flow=01 exit=00 screen=00 in=03 player=00 pxy=106,80 v=02/00
BP_transition_call pc=A631 sp=F37C p=01/02/03 flow=01 exit=00 screen=00 in=03 player=00 pxy=106,80 v=02/00
BP_transition_call pc=A631 sp=F37C p=01/02/03 flow=01 exit=00 screen=00 in=03 player=00 pxy=106,80 v=02/00
BP_transition_call pc=A631 sp=F37C p=01/02/03 flow=01 exit=00 screen=00 in=03 player=00 pxy=106,80 v=02/00
BP_transition_call pc=A631 sp=F37C p=01/02/03 flow=01 exit=00 screen=00 in=03 player=00 pxy=106,80 v=02/00
BP_transition_call pc=A631 sp=F37C p=01/02/03 flow=01 exit=00 screen=00 in=03 player=00 pxy=106,80 v=02/00
BP_transition_call pc=A631 sp=F37C p=01/02/03 flow=01 exit=00 screen=00 in=03 player=00 pxy=106,80 v=02/00
BP_transition_call pc=A631 sp=F37C p=01/02/03 flow=01 exit=00 screen=00 in=03 player=00 pxy=106,80 v=02/00
BP_transition_call pc=A631 sp=F37C p=01/02/03 flow=01 exit=00 screen=00 in=03 player=00 pxy=106,80 v=02/00
BP_transition_call pc=A631 sp=F37C p=01/02/03 flow=01 exit=00 screen=00 in=03 player=00 pxy=106,80 v=02/00
BP_transition_call pc=A631 sp=F37C p=01/02/03 flow=01 exit=00 screen=00 in=03 player=00 pxy=106,80 v=02/00
BP_transition_call pc=A631 sp=F37C p=01/02/03 flow=01 exit=00 screen=00 in=03 player=00 pxy=106,80 v=02/00
BP_transition_call pc=A631 sp=F37C p=01/02/03 flow=01 exit=00 screen=00 in=03 player=00 pxy=106,80 v=02/00
BP_transition_call pc=A631 sp=F37C p=01/02/03 flow=01 exit=00 screen=00 in=03 player=00 pxy=106,80 v=02/00
BP_transition_call pc=A631 sp=F37C p=01/02/03 flow=01 exit=00 screen=00 in=03 player=00 pxy=106,80 v=02/00
BP_transition_call pc=A631 sp=F37C p=01/02/03 flow=01 exit=00 screen=00 in=03 player=00 pxy=106,80 v=02/00
BP_transition_call pc=A631 sp=F37C p=01/02/03 flow=01 exit=00 screen=00 in=03 player=00 pxy=106,80 v=02/00
BP_transition_call pc=A631 sp=F37C p=01/02/03 flow=01 exit=00 screen=00 in=03 player=00 pxy=106,80 v=02/00
BP_transition_call pc=A631 sp=F37C p=01/02/03 flow=01 exit=00 screen=00 in=03 player=00 pxy=106,80 v=02/00
BP_transition_call pc=A631 sp=F37C p=01/02/03 flow=01 exit=00 screen=00 in=03 player=00 pxy=106,80 v=02/00
BP_transition_call pc=A631 sp=F37C p=01/02/03 flow=01 exit=00 screen=00 in=03 player=00 pxy=106,80 v=02/00
BP_transition_call pc=A631 sp=F37C p=01/02/03 flow=01 exit=00 screen=00 in=03 player=00 pxy=106,80 v=02/00
BP_transition_call pc=A631 sp=F37C p=01/02/03 flow=01 exit=00 screen=00 in=03 player=00 pxy=106,80 v=02/00
BP_transition_call pc=A631 sp=F37C p=01/02/03 flow=01 exit=00 screen=00 in=03 player=00 pxy=106,80 v=02/00
BP_transition_call pc=A631 sp=F37C p=01/02/03 flow=01 exit=00 screen=00 in=03 player=00 pxy=106,80 v=02/00
BP_transition_call pc=A631 sp=F37C p=01/02/03 flow=01 exit=00 screen=00 in=03 player=00 pxy=106,80 v=02/00
BP_transition_call pc=A631 sp=F37C p=01/02/03 flow=01 exit=00 screen=00 in=03 player=00 pxy=106,80 v=02/00
BP_transition_call pc=A631 sp=F37C p=01/02/03 flow=01 exit=00 screen=00 in=03 player=00 pxy=106,80 v=02/00
BP_transition_call pc=A631 sp=F37C p=01/02/03 flow=01 exit=00 screen=00 in=03 player=00 pxy=106,80 v=02/00
BP_transition_call pc=A631 sp=F37C p=01/02/03 flow=01 exit=00 screen=00 in=03 player=00 pxy=106,80 v=02/00
BP_transition_call pc=A631 sp=F37C p=01/02/03 flow=01 exit=00 screen=00 in=03 player=00 pxy=106,80 v=02/00
BP_transition_call pc=A631 sp=F37C p=01/02/03 flow=01 exit=00 screen=00 in=03 player=00 pxy=106,80 v=02/00
BP_transition_call pc=A631 sp=F37C p=01/02/03 flow=01 exit=00 screen=00 in=03 player=00 pxy=106,80 v=02/00
BP_transition_call pc=A631 sp=F37C p=01/02/03 flow=01 exit=00 screen=00 in=03 player=00 pxy=106,80 v=02/00
BP_transition_call pc=A631 sp=F37C p=01/02/03 flow=01 exit=00 screen=00 in=03 player=00 pxy=106,80 v=02/00
BP_transition_call pc=A631 sp=F37C p=01/02/03 flow=01 exit=00 screen=00 in=03 player=00 pxy=106,80 v=02/00
BP_transition_call pc=A631 sp=F37C p=01/02/03 flow=01 exit=00 screen=00 in=03 player=00 pxy=106,80 v=02/00
BP_transition_call pc=A631 sp=F37C p=01/02/03 flow=01 exit=00 screen=00 in=03 player=00 pxy=106,80 v=02/00
BP_transition_call pc=A631 sp=F37C p=01/02/03 flow=01 exit=00 screen=00 in=03 player=00 pxy=106,80 v=02/00
BP_transition_call pc=A631 sp=F37C p=01/02/03 flow=01 exit=00 screen=00 in=03 player=00 pxy=106,80 v=02/00
BP_transition_call pc=A631 sp=F37C p=01/02/03 flow=01 exit=00 screen=00 in=03 player=00 pxy=106,80 v=02/00
BP_transition_call pc=A631 sp=F37C p=01/02/03 flow=01 exit=00 screen=00 in=03 player=00 pxy=106,80 v=02/00
BP_transition_call pc=A631 sp=F37C p=01/02/03 flow=01 exit=00 screen=00 in=03 player=00 pxy=106,80 v=02/00
BP_transition_call pc=A631 sp=F37C p=01/02/03 flow=01 exit=00 screen=00 in=03 player=00 pxy=106,80 v=02/00
BP_transition_call pc=A631 sp=F37C p=01/02/03 flow=01 exit=00 screen=00 in=03 player=00 pxy=106,80 v=02/00
BP_transition_call pc=A631 sp=F37C p=01/02/03 flow=01 exit=00 screen=00 in=03 player=00 pxy=106,80 v=02/00
BP_transition_call pc=A631 sp=F37C p=01/02/03 flow=01 exit=00 screen=00 in=03 player=00 pxy=106,80 v=02/00
BP_transition_call pc=A631 sp=F37C p=01/02/03 flow=01 exit=00 screen=00 in=03 player=00 pxy=106,80 v=02/00
BP_transition_call pc=A631 sp=F37C p=01/02/03 flow=01 exit=00 screen=00 in=03 player=00 pxy=106,80 v=02/00
BP_transition_call pc=A631 sp=F37C p=01/02/03 flow=01 exit=00 screen=00 in=03 player=00 pxy=106,80 v=02/00
BP_transition_call pc=A631 sp=F37C p=01/02/03 flow=01 exit=00 screen=00 in=03 player=00 pxy=106,80 v=02/00
BP_transition_call pc=A631 sp=F37C p=01/02/03 flow=01 exit=00 screen=00 in=03 player=00 pxy=106,80 v=02/00
BP_transition_call pc=A631 sp=F37C p=01/02/03 flow=01 exit=00 screen=00 in=03 player=00 pxy=106,80 v=02/00
BP_transition_call pc=A631 sp=F37C p=01/02/03 flow=01 exit=00 screen=00 in=03 player=00 pxy=106,80 v=02/00
BP_transition_call pc=A631 sp=F37C p=01/02/03 flow=01 exit=00 screen=00 in=03 player=00 pxy=106,80 v=02/00
BP_transition_call pc=A631 sp=F37C p=01/02/03 flow=01 exit=00 screen=00 in=03 player=00 pxy=106,80 v=02/00
BP_transition_call pc=A631 sp=F37C p=01/02/03 flow=01 exit=00 screen=00 in=03 player=00 pxy=106,80 v=02/00
BP_transition_call pc=A631 sp=F37C p=01/02/03 flow=01 exit=00 screen=00 in=03 player=00 pxy=106,80 v=02/00
BP_transition_call pc=A631 sp=F37C p=01/02/03 flow=01 exit=00 screen=00 in=03 player=00 pxy=106,80 v=02/00
BP_transition_call pc=A631 sp=F37C p=01/02/03 flow=01 exit=00 screen=00 in=03 player=00 pxy=106,80 v=02/00
BP_transition_call pc=A631 sp=F37C p=01/02/03 flow=01 exit=00 screen=00 in=03 player=00 pxy=106,80 v=02/00
BP_transition_call pc=A631 sp=F37C p=01/02/03 flow=01 exit=00 screen=00 in=03 player=00 pxy=106,80 v=02/00
BP_transition_call pc=A631 sp=F37C p=01/02/03 flow=01 exit=00 screen=00 in=03 player=00 pxy=106,80 v=02/00
BP_transition_call pc=A631 sp=F37C p=01/02/03 flow=01 exit=00 screen=00 in=03 player=00 pxy=106,80 v=02/00
BP_transition_call pc=A631 sp=F37C p=01/02/03 flow=01 exit=00 screen=00 in=03 player=00 pxy=106,80 v=02/00
BP_transition_call pc=A631 sp=F37C p=01/02/03 flow=01 exit=00 screen=00 in=03 player=00 pxy=106,80 v=02/00
BP_transition_call pc=A631 sp=F37C p=01/02/03 flow=01 exit=00 screen=00 in=03 player=00 pxy=106,80 v=02/00
BP_transition_call pc=A631 sp=F37C p=01/02/03 flow=01 exit=00 screen=00 in=03 player=00 pxy=106,80 v=02/00
BP_transition_call pc=A631 sp=F37C p=01/02/03 flow=01 exit=00 screen=00 in=03 player=00 pxy=106,80 v=02/00
BP_transition_call pc=A631 sp=F37C p=01/02/03 flow=01 exit=00 screen=00 in=03 player=00 pxy=106,80 v=02/00
BP_transition_call pc=A631 sp=F37C p=01/02/03 flow=01 exit=00 screen=00 in=03 player=00 pxy=106,80 v=02/00
BP_transition_call pc=A631 sp=F37C p=01/02/03 flow=01 exit=00 screen=00 in=03 player=00 pxy=106,80 v=02/00
BP_transition_call pc=A631 sp=F37C p=01/02/03 flow=01 exit=00 screen=00 in=03 player=00 pxy=106,80 v=02/00
BP_transition_call pc=A631 sp=F37C p=01/02/03 flow=01 exit=00 screen=00 in=03 player=00 pxy=106,80 v=02/00
BP_transition_call pc=A631 sp=F37C p=01/02/03 flow=01 exit=00 screen=00 in=03 player=00 pxy=106,80 v=02/00
BP_transition_call pc=A631 sp=F37C p=01/02/03 flow=01 exit=00 screen=00 in=03 player=00 pxy=106,80 v=02/00
BP_transition_call pc=A631 sp=F37C p=01/02/03 flow=01 exit=00 screen=00 in=03 player=00 pxy=106,80 v=02/00
BP_transition_call pc=A631 sp=F37C p=01/02/03 flow=01 exit=00 screen=00 in=03 player=00 pxy=106,80 v=02/00
BP_transition_call pc=A631 sp=F37C p=01/02/03 flow=01 exit=00 screen=00 in=03 player=00 pxy=106,80 v=02/00
BP_transition_call pc=A631 sp=F37C p=01/02/03 flow=01 exit=00 screen=00 in=03 player=00 pxy=106,80 v=02/00
BP_transition_call pc=A631 sp=F37C p=01/02/03 flow=01 exit=00 screen=00 in=03 player=00 pxy=106,80 v=02/00
BP_transition_call pc=A631 sp=F37C p=01/02/03 flow=01 exit=00 screen=00 in=03 player=00 pxy=106,80 v=02/00
BP_transition_call pc=A631 sp=F37C p=01/02/03 flow=01 exit=00 screen=00 in=03 player=00 pxy=106,80 v=02/00
BP_transition_call pc=A631 sp=F37C p=01/02/03 flow=01 exit=00 screen=00 in=03 player=00 pxy=106,80 v=02/00
BP_transition_call pc=A631 sp=F37C p=01/02/03 flow=01 exit=00 screen=00 in=03 player=00 pxy=106,80 v=02/00
BP_transition_call pc=A631 sp=F37C p=01/02/03 flow=01 exit=00 screen=00 in=03 player=00 pxy=106,80 v=02/00
BP_transition_call pc=A631 sp=F37C p=01/02/03 flow=01 exit=00 screen=00 in=03 player=00 pxy=106,80 v=02/00
BP_transition_call pc=A631 sp=F37C p=01/02/03 flow=01 exit=00 screen=00 in=03 player=00 pxy=106,80 v=02/00
BP_transition_call pc=A631 sp=F37C p=01/02/03 flow=01 exit=00 screen=00 in=03 player=00 pxy=106,80 v=02/00
BP_transition_call pc=A631 sp=F37C p=01/02/03 flow=01 exit=00 screen=00 in=03 player=00 pxy=106,80 v=02/00
BP_transition_call pc=A631 sp=F37C p=01/02/03 flow=01 exit=00 screen=00 in=03 player=00 pxy=106,80 v=02/00
BP_transition_call pc=A631 sp=F37C p=01/02/03 flow=01 exit=00 screen=00 in=03 player=00 pxy=106,80 v=02/00
BP_transition_call pc=A631 sp=F37C p=01/02/03 flow=01 exit=00 screen=00 in=03 player=00 pxy=106,80 v=02/00
BP_transition_call pc=A631 sp=F37C p=01/02/03 flow=01 exit=00 screen=00 in=03 player=00 pxy=106,80 v=02/00
BP_transition_call pc=A631 sp=F37C p=01/02/03 flow=01 exit=00 screen=00 in=03 player=00 pxy=106,80 v=02/00
BP_transition_call pc=A631 sp=F37C p=01/02/03 flow=01 exit=00 screen=00 in=03 player=00 pxy=106,80 v=02/00
BP_transition_call pc=A631 sp=F37C p=01/02/03 flow=01 exit=00 screen=00 in=03 player=00 pxy=106,80 v=02/00
BP_transition_call pc=A631 sp=F37C p=01/02/03 flow=01 exit=00 screen=00 in=03 player=00 pxy=106,80 v=02/00
BP_transition_call pc=A631 sp=F37C p=01/02/03 flow=01 exit=00 screen=00 in=03 player=00 pxy=106,80 v=02/00
BP_transition_call pc=A631 sp=F37C p=01/02/03 flow=01 exit=00 screen=00 in=03 player=00 pxy=106,80 v=02/00
BP_transition_call pc=A631 sp=F37C p=01/02/03 flow=01 exit=00 screen=00 in=03 player=00 pxy=106,80 v=02/00
BP_transition_call pc=A631 sp=F37C p=01/02/03 flow=01 exit=00 screen=00 in=03 player=00 pxy=106,80 v=02/00
BP_transition_call pc=A631 sp=F37C p=01/02/03 flow=01 exit=00 screen=00 in=03 player=00 pxy=106,80 v=02/00
BP_transition_call pc=A631 sp=F37C p=01/02/03 flow=01 exit=00 screen=00 in=03 player=00 pxy=106,80 v=02/00
BP_transition_call pc=A631 sp=F37C p=01/02/03 flow=01 exit=00 screen=00 in=03 player=00 pxy=106,80 v=02/00
BP_transition_call pc=A631 sp=F37C p=01/02/03 flow=01 exit=00 screen=00 in=03 player=00 pxy=106,80 v=02/00
BP_transition_call pc=A631 sp=F37C p=01/02/03 flow=01 exit=00 screen=00 in=03 player=00 pxy=106,80 v=02/00
BP_transition_call pc=A631 sp=F37C p=01/02/03 flow=01 exit=00 screen=00 in=03 player=00 pxy=106,80 v=02/00
BP_transition_call pc=A631 sp=F37C p=01/02/03 flow=01 exit=00 screen=00 in=03 player=00 pxy=106,80 v=02/00
BP_transition_call pc=A631 sp=F37C p=01/02/03 flow=01 exit=00 screen=00 in=03 player=00 pxy=106,80 v=02/00
BP_transition_call pc=A631 sp=F37C p=01/02/03 flow=01 exit=00 screen=00 in=03 player=00 pxy=106,80 v=02/00
BP_transition_call pc=A631 sp=F37C p=01/02/03 flow=01 exit=00 screen=00 in=03 player=00 pxy=106,80 v=02/00
BP_transition_call pc=A631 sp=F37C p=01/02/03 flow=01 exit=00 screen=00 in=03 player=00 pxy=106,80 v=02/00
BP_transition_call pc=A631 sp=F37C p=01/02/03 flow=01 exit=00 screen=00 in=03 player=00 pxy=106,80 v=02/00
BP_transition_call pc=A631 sp=F37C p=01/02/03 flow=01 exit=00 screen=00 in=03 player=00 pxy=106,80 v=02/00
hold_right_after pc=A631 sp=F37C p=01/02/03 flow=01 exit=00 screen=00 in=03 player=00 pxy=106,80 v=02/00
BP_transition_call pc=A631 sp=F37C p=01/02/03 flow=01 exit=00 screen=00 in=03 player=00 pxy=106,80 v=02/00
BP_transition_call pc=A631 sp=F37C p=01/02/03 flow=01 exit=00 screen=00 in=03 player=00 pxy=106,80 v=02/00
BP_transition_call pc=A631 sp=F37C p=01/02/03 flow=01 exit=00 screen=00 in=03 player=00 pxy=106,80 v=02/00
BP_transition_call pc=A631 sp=F37C p=01/02/03 flow=01 exit=00 screen=00 in=03 player=00 pxy=106,80 v=02/00
BP_transition_call pc=A631 sp=F37C p=01/02/03 flow=01 exit=00 screen=00 in=03 player=00 pxy=106,80 v=02/00
BP_transition_call pc=A631 sp=F37C p=01/02/03 flow=01 exit=00 screen=00 in=03 player=00 pxy=106,80 v=02/00
BP_transition_call pc=A631 sp=F37C p=01/02/03 flow=01 exit=00 screen=00 in=03 player=00 pxy=106,80 v=02/00
BP_transition_call pc=A631 sp=F37C p=01/02/03 flow=01 exit=00 screen=00 in=03 player=00 pxy=106,80 v=02/00
BP_transition_call pc=A631 sp=F37C p=01/02/03 flow=01 exit=00 screen=00 in=03 player=00 pxy=106,80 v=02/00
BP_transition_call pc=A631 sp=F37C p=01/02/03 flow=01 exit=00 screen=00 in=03 player=00 pxy=106,80 v=02/00
BP_transition_call pc=A631 sp=F37C p=01/02/03 flow=01 exit=00 screen=00 in=03 player=00 pxy=106,80 v=02/00
BP_transition_call pc=A631 sp=F37C p=01/02/03 flow=01 exit=00 screen=00 in=03 player=00 pxy=106,80 v=02/00
BP_transition_call pc=A631 sp=F37C p=01/02/03 flow=01 exit=00 screen=00 in=03 player=00 pxy=106,80 v=02/00
BP_transition_call pc=A631 sp=F37C p=01/02/03 flow=01 exit=00 screen=00 in=03 player=00 pxy=106,80 v=02/00
BP_transition_call pc=A631 sp=F37C p=01/02/03 flow=01 exit=00 screen=00 in=03 player=00 pxy=106,80 v=02/00
BP_transition_call pc=A631 sp=F37C p=01/02/03 flow=01 exit=00 screen=00 in=03 player=00 pxy=106,80 v=02/00
BP_transition_call pc=A631 sp=F37C p=01/02/03 flow=01 exit=00 screen=00 in=03 player=00 pxy=106,80 v=02/00
BP_transition_call pc=A631 sp=F37C p=01/02/03 flow=01 exit=00 screen=00 in=03 player=00 pxy=106,80 v=02/00
BP_transition_call pc=A631 sp=F37C p=01/02/03 flow=01 exit=00 screen=00 in=03 player=00 pxy=106,80 v=02/00
BP_transition_call pc=A631 sp=F37C p=01/02/03 flow=01 exit=00 screen=00 in=03 player=00 pxy=106,80 v=02/00
BP_transition_call pc=A631 sp=F37C p=01/02/03 flow=01 exit=00 screen=00 in=03 player=00 pxy=106,80 v=02/00
BP_transition_call pc=A631 sp=F37C p=01/02/03 flow=01 exit=00 screen=00 in=03 player=00 pxy=106,80 v=02/00
BP_transition_call pc=A631 sp=F37C p=01/02/03 flow=01 exit=00 screen=00 in=03 player=00 pxy=106,80 v=02/00
BP_transition_call pc=A631 sp=F37C p=01/02/03 flow=01 exit=00 screen=00 in=03 player=00 pxy=106,80 v=02/00
BP_transition_call pc=A631 sp=F37C p=01/02/03 flow=01 exit=00 screen=00 in=03 player=00 pxy=106,80 v=02/00
BP_transition_call pc=A631 sp=F37C p=01/02/03 flow=01 exit=00 screen=00 in=03 player=00 pxy=106,80 v=02/00
BP_transition_call pc=A631 sp=F37C p=01/02/03 flow=01 exit=00 screen=00 in=03 player=00 pxy=106,80 v=02/00
BP_transition_call pc=A631 sp=F37C p=01/02/03 flow=01 exit=00 screen=00 in=03 player=00 pxy=106,80 v=02/00
BP_transition_call pc=A631 sp=F37C p=01/02/03 flow=01 exit=00 screen=00 in=03 player=00 pxy=106,80 v=02/00
BP_transition_call pc=A631 sp=F37C p=01/02/03 flow=01 exit=00 screen=00 in=03 player=00 pxy=106,80 v=02/00
BP_transition_call pc=A631 sp=F37C p=01/02/03 flow=01 exit=00 screen=00 in=03 player=00 pxy=106,80 v=02/00
BP_transition_call pc=A631 sp=F37C p=01/02/03 flow=01 exit=00 screen=00 in=03 player=00 pxy=106,80 v=02/00
BP_transition_call pc=A631 sp=F37C p=01/02/03 flow=01 exit=00 screen=00 in=03 player=00 pxy=106,80 v=02/00
BP_transition_call pc=A631 sp=F37C p=01/02/03 flow=01 exit=00 screen=00 in=03 player=00 pxy=106,80 v=02/00
BP_transition_call pc=A631 sp=F37C p=01/02/03 flow=01 exit=00 screen=00 in=03 player=00 pxy=106,80 v=02/00
BP_transition_call pc=A631 sp=F37C p=01/02/03 flow=01 exit=00 screen=00 in=03 player=00 pxy=106,80 v=02/00
BP_transition_call pc=A631 sp=F37C p=01/02/03 flow=01 exit=00 screen=00 in=03 player=00 pxy=106,80 v=02/00
BP_transition_call pc=A631 sp=F37C p=01/02/03 flow=01 exit=00 screen=00 in=03 player=00 pxy=106,80 v=02/00
BP_transition_call pc=A631 sp=F37C p=01/02/03 flow=01 exit=00 screen=00 in=03 player=00 pxy=106,80 v=02/00
BP_transition_call pc=A631 sp=F37C p=01/02/03 flow=01 exit=00 screen=00 in=03 player=00 pxy=106,80 v=02/00
BP_transition_call pc=A631 sp=F37C p=01/02/03 flow=01 exit=00 screen=00 in=03 player=00 pxy=106,80 v=02/00
BP_transition_call pc=A631 sp=F37C p=01/02/03 flow=01 exit=00 screen=00 in=03 player=00 pxy=106,80 v=02/00
BP_transition_call pc=A631 sp=F37C p=01/02/03 flow=01 exit=00 screen=00 in=03 player=00 pxy=106,80 v=02/00
BP_transition_call pc=A631 sp=F37C p=01/02/03 flow=01 exit=00 screen=00 in=03 player=00 pxy=106,80 v=02/00
BP_transition_call pc=A631 sp=F37C p=01/02/03 flow=01 exit=00 screen=00 in=03 player=00 pxy=106,80 v=02/00
BP_transition_call pc=A631 sp=F37C p=01/02/03 flow=01 exit=00 screen=00 in=03 player=00 pxy=106,80 v=02/00
BP_transition_call pc=A631 sp=F37C p=01/02/03 flow=01 exit=00 screen=00 in=03 player=00 pxy=106,80 v=02/00
BP_transition_call pc=A631 sp=F37C p=01/02/03 flow=01 exit=00 screen=00 in=03 player=00 pxy=106,80 v=02/00
BP_transition_call pc=A631 sp=F37C p=01/02/03 flow=01 exit=00 screen=00 in=03 player=00 pxy=106,80 v=02/00
BP_transition_call pc=A631 sp=F37C p=01/02/03 flow=01 exit=00 screen=00 in=03 player=00 pxy=106,80 v=02/00
BP_transition_call pc=A631 sp=F37C p=01/02/03 flow=01 exit=00 screen=00 in=03 player=00 pxy=106,80 v=02/00
BP_transition_call pc=A631 sp=F37C p=01/02/03 flow=01 exit=00 screen=00 in=03 player=00 pxy=106,80 v=02/00
BP_transition_call pc=A631 sp=F37C p=01/02/03 flow=01 exit=00 screen=00 in=03 player=00 pxy=106,80 v=02/00
BP_transition_call pc=A631 sp=F37C p=01/02/03 flow=01 exit=00 screen=00 in=03 player=00 pxy=106,80 v=02/00
BP_transition_call pc=A631 sp=F37C p=01/02/03 flow=01 exit=00 screen=00 in=03 player=00 pxy=106,80 v=02/00
BP_transition_call pc=A631 sp=F37C p=01/02/03 flow=01 exit=00 screen=00 in=03 player=00 pxy=106,80 v=02/00
BP_transition_call pc=A631 sp=F37C p=01/02/03 flow=01 exit=00 screen=00 in=03 player=00 pxy=106,80 v=02/00
BP_transition_call pc=A631 sp=F37C p=01/02/03 flow=01 exit=00 screen=00 in=03 player=00 pxy=106,80 v=02/00
BP_transition_call pc=A631 sp=F37C p=01/02/03 flow=01 exit=00 screen=00 in=03 player=00 pxy=106,80 v=02/00
BP_transition_call pc=A631 sp=F37C p=01/02/03 flow=01 exit=00 screen=00 in=03 player=00 pxy=106,80 v=02/00
BP_transition_call pc=A631 sp=F37C p=01/02/03 flow=01 exit=00 screen=00 in=03 player=00 pxy=106,80 v=02/00
BP_transition_call pc=A631 sp=F37C p=01/02/03 flow=01 exit=00 screen=00 in=03 player=00 pxy=106,80 v=02/00
BP_transition_call pc=A631 sp=F37C p=01/02/03 flow=01 exit=00 screen=00 in=03 player=00 pxy=106,80 v=02/00
BP_transition_call pc=A631 sp=F37C p=01/02/03 flow=01 exit=00 screen=00 in=03 player=00 pxy=106,80 v=02/00
BP_transition_call pc=A631 sp=F37C p=01/02/03 flow=01 exit=00 screen=00 in=03 player=00 pxy=106,80 v=02/00
BP_transition_call pc=A631 sp=F37C p=01/02/03 flow=01 exit=00 screen=00 in=03 player=00 pxy=106,80 v=02/00
BP_transition_call pc=A631 sp=F37C p=01/02/03 flow=01 exit=00 screen=00 in=03 player=00 pxy=106,80 v=02/00
BP_transition_call pc=A631 sp=F37C p=01/02/03 flow=01 exit=00 screen=00 in=03 player=00 pxy=106,80 v=02/00
BP_transition_call pc=A631 sp=F37C p=01/02/03 flow=01 exit=00 screen=00 in=03 player=00 pxy=106,80 v=02/00
BP_transition_call pc=A631 sp=F37C p=01/02/03 flow=01 exit=00 screen=00 in=03 player=00 pxy=106,80 v=02/00
BP_transition_call pc=A631 sp=F37C p=01/02/03 flow=01 exit=00 screen=00 in=03 player=00 pxy=106,80 v=02/00
BP_transition_call pc=A631 sp=F37C p=01/02/03 flow=01 exit=00 screen=00 in=03 player=00 pxy=106,80 v=02/00
BP_transition_call pc=A631 sp=F37C p=01/02/03 flow=01 exit=00 screen=00 in=03 player=00 pxy=106,80 v=02/00
BP_transition_call pc=A631 sp=F37C p=01/02/03 flow=01 exit=00 screen=00 in=03 player=00 pxy=106,80 v=02/00
BP_transition_call pc=A631 sp=F37C p=01/02/03 flow=01 exit=00 screen=00 in=03 player=00 pxy=106,80 v=02/00
BP_transition_call pc=A631 sp=F37C p=01/02/03 flow=01 exit=00 screen=00 in=03 player=00 pxy=106,80 v=02/00
BP_transition_call pc=A631 sp=F37C p=01/02/03 flow=01 exit=00 screen=00 in=03 player=00 pxy=106,80 v=02/00
BP_transition_call pc=A631 sp=F37C p=01/02/03 flow=01 exit=00 screen=00 in=03 player=00 pxy=106,80 v=02/00
BP_transition_call pc=A631 sp=F37C p=01/02/03 flow=01 exit=00 screen=00 in=03 player=00 pxy=106,80 v=02/00
BP_transition_call pc=A631 sp=F37C p=01/02/03 flow=01 exit=00 screen=00 in=03 player=00 pxy=106,80 v=02/00
BP_transition_call pc=A631 sp=F37C p=01/02/03 flow=01 exit=00 screen=00 in=03 player=00 pxy=106,80 v=02/00
BP_transition_call pc=A631 sp=F37C p=01/02/03 flow=01 exit=00 screen=00 in=03 player=00 pxy=106,80 v=02/00
BP_transition_call pc=A631 sp=F37C p=01/02/03 flow=01 exit=00 screen=00 in=03 player=00 pxy=106,80 v=02/00
BP_transition_call pc=A631 sp=F37C p=01/02/03 flow=01 exit=00 screen=00 in=03 player=00 pxy=106,80 v=02/00
BP_transition_call pc=A631 sp=F37C p=01/02/03 flow=01 exit=00 screen=00 in=03 player=00 pxy=106,80 v=02/00
BP_transition_call pc=A631 sp=F37C p=01/02/03 flow=01 exit=00 screen=00 in=03 player=00 pxy=106,80 v=02/00
BP_transition_call pc=A631 sp=F37C p=01/02/03 flow=01 exit=00 screen=00 in=03 player=00 pxy=106,80 v=02/00
BP_transition_call pc=A631 sp=F37C p=01/02/03 flow=01 exit=00 screen=00 in=03 player=00 pxy=106,80 v=02/00
BP_transition_call pc=A631 sp=F37C p=01/02/03 flow=01 exit=00 screen=00 in=03 player=00 pxy=106,80 v=02/00
BP_transition_call pc=A631 sp=F37C p=01/02/03 flow=01 exit=00 screen=00 in=03 player=00 pxy=106,80 v=02/00
BP_transition_call pc=A631 sp=F37C p=01/02/03 flow=01 exit=00 screen=00 in=03 player=00 pxy=106,80 v=02/00
BP_transition_call pc=A631 sp=F37C p=01/02/03 flow=01 exit=00 screen=00 in=03 player=00 pxy=106,80 v=02/00
BP_transition_call pc=A631 sp=F37C p=01/02/03 flow=01 exit=00 screen=00 in=03 player=00 pxy=106,80 v=02/00
BP_transition_call pc=A631 sp=F37C p=01/02/03 flow=01 exit=00 screen=00 in=03 player=00 pxy=106,80 v=02/00
BP_transition_call pc=A631 sp=F37C p=01/02/03 flow=01 exit=00 screen=00 in=03 player=00 pxy=106,80 v=02/00
BP_transition_call pc=A631 sp=F37C p=01/02/03 flow=01 exit=00 screen=00 in=03 player=00 pxy=106,80 v=02/00
BP_transition_call pc=A631 sp=F37C p=01/02/03 flow=01 exit=00 screen=00 in=03 player=00 pxy=106,80 v=02/00
BP_transition_call pc=A631 sp=F37C p=01/02/03 flow=01 exit=00 screen=00 in=03 player=00 pxy=106,80 v=02/00
BP_transition_call pc=A631 sp=F37C p=01/02/03 flow=01 exit=00 screen=00 in=03 player=00 pxy=106,80 v=02/00
BP_transition_call pc=A631 sp=F37C p=01/02/03 flow=01 exit=00 screen=00 in=03 player=00 pxy=106,80 v=02/00
BP_transition_call pc=A631 sp=F37C p=01/02/03 flow=01 exit=00 screen=00 in=03 player=00 pxy=106,80 v=02/00
BP_transition_call pc=A631 sp=F37C p=01/02/03 flow=01 exit=00 screen=00 in=03 player=00 pxy=106,80 v=02/00
BP_transition_call pc=A631 sp=F37C p=01/02/03 flow=01 exit=00 screen=00 in=03 player=00 pxy=106,80 v=02/00
BP_transition_call pc=A631 sp=F37C p=01/02/03 flow=01 exit=00 screen=00 in=03 player=00 pxy=106,80 v=02/00
BP_transition_call pc=A631 sp=F37C p=01/02/03 flow=01 exit=00 screen=00 in=03 player=00 pxy=106,80 v=02/00
BP_transition_call pc=A631 sp=F37C p=01/02/03 flow=01 exit=00 screen=00 in=03 player=00 pxy=106,80 v=02/00
BP_transition_call pc=A631 sp=F37C p=01/02/03 flow=01 exit=00 screen=00 in=03 player=00 pxy=106,80 v=02/00
BP_transition_call pc=A631 sp=F37C p=01/02/03 flow=01 exit=00 screen=00 in=03 player=00 pxy=106,80 v=02/00
BP_transition_call pc=A631 sp=F37C p=01/02/03 flow=01 exit=00 screen=00 in=03 player=00 pxy=106,80 v=02/00
BP_transition_call pc=A631 sp=F37C p=01/02/03 flow=01 exit=00 screen=00 in=03 player=00 pxy=106,80 v=02/00
BP_transition_call pc=A631 sp=F37C p=01/02/03 flow=01 exit=00 screen=00 in=03 player=00 pxy=106,80 v=02/00
BP_transition_call pc=A631 sp=F37C p=01/02/03 flow=01 exit=00 screen=00 in=03 player=00 pxy=106,80 v=02/00
BP_transition_call pc=A631 sp=F37C p=01/02/03 flow=01 exit=00 screen=00 in=03 player=00 pxy=106,80 v=02/00
BP_transition_call pc=A631 sp=F37C p=01/02/03 flow=01 exit=00 screen=00 in=03 player=00 pxy=106,80 v=02/00
BP_transition_call pc=A631 sp=F37C p=01/02/03 flow=01 exit=00 screen=00 in=03 player=00 pxy=106,80 v=02/00
BP_transition_call pc=A631 sp=F37C p=01/02/03 flow=01 exit=00 screen=00 in=03 player=00 pxy=106,80 v=02/00
BP_transition_call pc=A631 sp=F37C p=01/02/03 flow=01 exit=00 screen=00 in=03 player=00 pxy=106,80 v=02/00
BP_transition_call pc=A631 sp=F37C p=01/02/03 flow=01 exit=00 screen=00 in=03 player=00 pxy=106,80 v=02/00
BP_transition_call pc=A631 sp=F37C p=01/02/03 flow=01 exit=00 screen=00 in=03 player=00 pxy=106,80 v=02/00
BP_transition_call pc=A631 sp=F37C p=01/02/03 flow=01 exit=00 screen=00 in=03 player=00 pxy=106,80 v=02/00
BP_transition_call pc=A631 sp=F37C p=01/02/03 flow=01 exit=00 screen=00 in=03 player=00 pxy=106,80 v=02/00
BP_transition_call pc=A631 sp=F37C p=01/02/03 flow=01 exit=00 screen=00 in=03 player=00 pxy=106,80 v=02/00
BP_transition_call pc=A631 sp=F37C p=01/02/03 flow=01 exit=00 screen=00 in=03 player=00 pxy=106,80 v=02/00
BP_transition_call pc=A631 sp=F37C p=01/02/03 flow=01 exit=00 screen=00 in=03 player=00 pxy=106,80 v=02/00
BP_transition_call pc=A631 sp=F37C p=01/02/03 flow=01 exit=00 screen=00 in=03 player=00 pxy=106,80 v=02/00
BP_transition_call pc=A631 sp=F37C p=01/02/03 flow=01 exit=00 screen=00 in=03 player=00 pxy=106,80 v=02/00
BP_transition_call pc=A631 sp=F37C p=01/02/03 flow=01 exit=00 screen=00 in=03 player=00 pxy=106,80 v=02/00
BP_transition_call pc=A631 sp=F37C p=01/02/03 flow=01 exit=00 screen=00 in=03 player=00 pxy=106,80 v=02/00
BP_transition_call pc=A631 sp=F37C p=01/02/03 flow=01 exit=00 screen=00 in=03 player=00 pxy=106,80 v=02/00
BP_transition_call pc=A631 sp=F37C p=01/02/03 flow=01 exit=00 screen=00 in=03 player=00 pxy=106,80 v=02/00
BP_transition_call pc=A631 sp=F37C p=01/02/03 flow=01 exit=00 screen=00 in=03 player=00 pxy=106,80 v=02/00
BP_transition_call pc=A631 sp=F37C p=01/02/03 flow=01 exit=00 screen=00 in=03 player=00 pxy=106,80 v=02/00
BP_transition_call pc=A631 sp=F37C p=01/02/03 flow=01 exit=00 screen=00 in=03 player=00 pxy=106,80 v=02/00
BP_transition_call pc=A631 sp=F37C p=01/02/03 flow=01 exit=00 screen=00 in=03 player=00 pxy=106,80 v=02/00
BP_transition_call pc=A631 sp=F37C p=01/02/03 flow=01 exit=00 screen=00 in=03 player=00 pxy=106,80 v=02/00
BP_transition_call pc=A631 sp=F37C p=01/02/03 flow=01 exit=00 screen=00 in=03 player=00 pxy=106,80 v=02/00
BP_transition_call pc=A631 sp=F37C p=01/02/03 flow=01 exit=00 screen=00 in=03 player=00 pxy=106,80 v=02/00
BP_transition_call pc=A631 sp=F37C p=01/02/03 flow=01 exit=00 screen=00 in=03 player=00 pxy=106,80 v=02/00
BP_transition_call pc=A631 sp=F37C p=01/02/03 flow=01 exit=00 screen=00 in=03 player=00 pxy=106,80 v=02/00
BP_transition_call pc=A631 sp=F37C p=01/02/03 flow=01 exit=00 screen=00 in=03 player=00 pxy=106,80 v=02/00
BP_transition_call pc=A631 sp=F37C p=01/02/03 flow=01 exit=00 screen=00 in=03 player=00 pxy=106,80 v=02/00
BP_transition_call pc=A631 sp=F37C p=01/02/03 flow=01 exit=00 screen=00 in=03 player=00 pxy=106,80 v=02/00
BP_transition_call pc=A631 sp=F37C p=01/02/03 flow=01 exit=00 screen=00 in=03 player=00 pxy=106,80 v=02/00
BP_transition_call pc=A631 sp=F37C p=01/02/03 flow=01 exit=00 screen=00 in=03 player=00 pxy=106,80 v=02/00
BP_transition_call pc=A631 sp=F37C p=01/02/03 flow=01 exit=00 screen=00 in=03 player=00 pxy=106,80 v=02/00
BP_transition_call pc=A631 sp=F37C p=01/02/03 flow=01 exit=00 screen=00 in=03 player=00 pxy=106,80 v=02/00
BP_transition_call pc=A631 sp=F37C p=01/02/03 flow=01 exit=00 screen=00 in=03 player=00 pxy=106,80 v=02/00
BP_transition_call pc=A631 sp=F37C p=01/02/03 flow=01 exit=00 screen=00 in=03 player=00 pxy=106,80 v=02/00
BP_transition_call pc=A631 sp=F37C p=01/02/03 flow=01 exit=00 screen=00 in=03 player=00 pxy=106,80 v=02/00
BP_transition_call pc=A631 sp=F37C p=01/02/03 flow=01 exit=00 screen=00 in=03 player=00 pxy=106,80 v=02/00
BP_transition_call pc=A631 sp=F37C p=01/02/03 flow=01 exit=00 screen=00 in=03 player=00 pxy=106,80 v=02/00
BP_transition_call pc=A631 sp=F37C p=01/02/03 flow=01 exit=00 screen=00 in=03 player=00 pxy=106,80 v=02/00
BP_transition_call pc=A631 sp=F37C p=01/02/03 flow=01 exit=00 screen=00 in=03 player=00 pxy=106,80 v=02/00
BP_transition_call pc=A631 sp=F37C p=01/02/03 flow=01 exit=00 screen=00 in=03 player=00 pxy=106,80 v=02/00
BP_transition_call pc=A631 sp=F37C p=01/02/03 flow=01 exit=00 screen=00 in=03 player=00 pxy=106,80 v=02/00
BP_transition_call pc=A631 sp=F37C p=01/02/03 flow=01 exit=00 screen=00 in=03 player=00 pxy=106,80 v=02/00
BP_transition_call pc=A631 sp=F37C p=01/02/03 flow=01 exit=00 screen=00 in=03 player=00 pxy=106,80 v=02/00
BP_transition_call pc=A631 sp=F37C p=01/02/03 flow=01 exit=00 screen=00 in=03 player=00 pxy=106,80 v=02/00
BP_transition_call pc=A631 sp=F37C p=01/02/03 flow=01 exit=00 screen=00 in=03 player=00 pxy=106,80 v=02/00
BP_transition_call pc=A631 sp=F37C p=01/02/03 flow=01 exit=00 screen=00 in=03 player=00 pxy=106,80 v=02/00
BP_transition_call pc=A631 sp=F37C p=01/02/03 flow=01 exit=00 screen=00 in=03 player=00 pxy=106,80 v=02/00
BP_transition_call pc=A631 sp=F37C p=01/02/03 flow=01 exit=00 screen=00 in=03 player=00 pxy=106,80 v=02/00
BP_transition_call pc=A631 sp=F37C p=01/02/03 flow=01 exit=00 screen=00 in=03 player=00 pxy=106,80 v=02/00
BP_transition_call pc=A631 sp=F37C p=01/02/03 flow=01 exit=00 screen=00 in=03 player=00 pxy=106,80 v=02/00
BP_transition_call pc=A631 sp=F37C p=01/02/03 flow=01 exit=00 screen=00 in=03 player=00 pxy=106,80 v=02/00
BP_transition_call pc=A631 sp=F37C p=01/02/03 flow=01 exit=00 screen=00 in=03 player=00 pxy=106,80 v=02/00
BP_transition_call pc=A631 sp=F37C p=01/02/03 flow=01 exit=00 screen=00 in=03 player=00 pxy=106,80 v=02/00
BP_transition_call pc=A631 sp=F37C p=01/02/03 flow=01 exit=00 screen=00 in=03 player=00 pxy=106,80 v=02/00
BP_transition_call pc=A631 sp=F37C p=01/02/03 flow=01 exit=00 screen=00 in=03 player=00 pxy=106,80 v=02/00
BP_transition_call pc=A631 sp=F37C p=01/02/03 flow=01 exit=00 screen=00 in=03 player=00 pxy=106,80 v=02/00
BP_transition_call pc=A631 sp=F37C p=01/02/03 flow=01 exit=00 screen=00 in=03 player=00 pxy=106,80 v=02/00
BP_transition_call pc=A631 sp=F37C p=01/02/03 flow=01 exit=00 screen=00 in=03 player=00 pxy=106,80 v=02/00
BP_transition_call pc=A631 sp=F37C p=01/02/03 flow=01 exit=00 screen=00 in=03 player=00 pxy=106,80 v=02/00
BP_transition_call pc=A631 sp=F37C p=01/02/03 flow=01 exit=00 screen=00 in=03 player=00 pxy=106,80 v=02/00
BP_transition_call pc=A631 sp=F37C p=01/02/03 flow=01 exit=00 screen=00 in=03 player=00 pxy=106,80 v=02/00
BP_transition_call pc=A631 sp=F37C p=01/02/03 flow=01 exit=00 screen=00 in=03 player=00 pxy=106,80 v=02/00
BP_transition_call pc=A631 sp=F37C p=01/02/03 flow=01 exit=00 screen=00 in=03 player=00 pxy=106,80 v=02/00
BP_transition_call pc=A631 sp=F37C p=01/02/03 flow=01 exit=00 screen=00 in=03 player=00 pxy=106,80 v=02/00
BP_transition_call pc=A631 sp=F37C p=01/02/03 flow=01 exit=00 screen=00 in=03 player=00 pxy=106,80 v=02/00
BP_transition_call pc=A631 sp=F37C p=01/02/03 flow=01 exit=00 screen=00 in=03 player=00 pxy=106,80 v=02/00
BP_transition_call pc=A631 sp=F37C p=01/02/03 flow=01 exit=00 screen=00 in=03 player=00 pxy=106,80 v=02/00
BP_transition_call pc=A631 sp=F37C p=01/02/03 flow=01 exit=00 screen=00 in=03 player=00 pxy=106,80 v=02/00
BP_transition_call pc=A631 sp=F37C p=01/02/03 flow=01 exit=00 screen=00 in=03 player=00 pxy=106,80 v=02/00
BP_transition_call pc=A631 sp=F37C p=01/02/03 flow=01 exit=00 screen=00 in=03 player=00 pxy=106,80 v=02/00
BP_transition_call pc=A631 sp=F37C p=01/02/03 flow=01 exit=00 screen=00 in=03 player=00 pxy=106,80 v=02/00
BP_transition_call pc=A631 sp=F37C p=01/02/03 flow=01 exit=00 screen=00 in=03 player=00 pxy=106,80 v=02/00
BP_transition_call pc=A631 sp=F37C p=01/02/03 flow=01 exit=00 screen=00 in=03 player=00 pxy=106,80 v=02/00
BP_transition_call pc=A631 sp=F37C p=01/02/03 flow=01 exit=00 screen=00 in=03 player=00 pxy=106,80 v=02/00
BP_transition_call pc=A631 sp=F37C p=01/02/03 flow=01 exit=00 screen=00 in=03 player=00 pxy=106,80 v=02/00
BP_transition_call pc=A631 sp=F37C p=01/02/03 flow=01 exit=00 screen=00 in=03 player=00 pxy=106,80 v=02/00
BP_transition_call pc=A631 sp=F37C p=01/02/03 flow=01 exit=00 screen=00 in=03 player=00 pxy=106,80 v=02/00
BP_transition_call pc=A631 sp=F37C p=01/02/03 flow=01 exit=00 screen=00 in=03 player=00 pxy=106,80 v=02/00
BP_transition_call pc=A631 sp=F37C p=01/02/03 flow=01 exit=00 screen=00 in=03 player=00 pxy=106,80 v=02/00
BP_transition_call pc=A631 sp=F37C p=01/02/03 flow=01 exit=00 screen=00 in=03 player=00 pxy=106,80 v=02/00
BP_transition_call pc=A631 sp=F37C p=01/02/03 flow=01 exit=00 screen=00 in=03 player=00 pxy=106,80 v=02/00
BP_transition_call pc=A631 sp=F37C p=01/02/03 flow=01 exit=00 screen=00 in=03 player=00 pxy=106,80 v=02/00
BP_transition_call pc=A631 sp=F37C p=01/02/03 flow=01 exit=00 screen=00 in=03 player=00 pxy=106,80 v=02/00
BP_transition_call pc=A631 sp=F37C p=01/02/03 flow=01 exit=00 screen=00 in=03 player=00 pxy=106,80 v=02/00
BP_transition_call pc=A631 sp=F37C p=01/02/03 flow=01 exit=00 screen=00 in=03 player=00 pxy=106,80 v=02/00
BP_transition_call pc=A631 sp=F37C p=01/02/03 flow=01 exit=00 screen=00 in=03 player=00 pxy=106,80 v=02/00
BP_transition_call pc=A631 sp=F37C p=01/02/03 flow=01 exit=00 screen=00 in=03 player=00 pxy=106,80 v=02/00
BP_transition_call pc=A631 sp=F37C p=01/02/03 flow=01 exit=00 screen=00 in=03 player=00 pxy=106,80 v=02/00
BP_transition_call pc=A631 sp=F37C p=01/02/03 flow=01 exit=00 screen=00 in=03 player=00 pxy=106,80 v=02/00
after_right pc=A631 sp=F37C p=01/02/03 flow=01 exit=00 screen=00 in=03 player=00 pxy=106,80 v=02/00
BP_transition_call pc=A631 sp=F37C p=01/02/03 flow=01 exit=00 screen=00 in=03 player=00 pxy=106,80 v=02/00
BP_transition_call pc=A631 sp=F37C p=01/02/03 flow=01 exit=00 screen=00 in=03 player=00 pxy=106,80 v=02/00
BP_transition_call pc=A631 sp=F37C p=01/02/03 flow=01 exit=00 screen=00 in=03 player=00 pxy=106,80 v=02/00
BP_transition_call pc=A631 sp=F37C p=01/02/03 flow=01 exit=00 screen=00 in=03 player=00 pxy=106,80 v=02/00
BP_transition_call pc=A631 sp=F37C p=01/02/03 flow=01 exit=00 screen=00 in=03 player=00 pxy=106,80 v=02/00
BP_transition_call pc=A631 sp=F37C p=01/02/03 flow=01 exit=00 screen=00 in=03 player=00 pxy=106,80 v=02/00
BP_transition_call pc=A631 sp=F37C p=01/02/03 flow=01 exit=00 screen=00 in=03 player=00 pxy=106,80 v=02/00
BP_transition_call pc=A631 sp=F37C p=01/02/03 flow=01 exit=00 screen=00 in=03 player=00 pxy=106,80 v=02/00
BP_transition_call pc=A631 sp=F37C p=01/02/03 flow=01 exit=00 screen=00 in=03 player=00 pxy=106,80 v=02/00
BP_transition_call pc=A631 sp=F37C p=01/02/03 flow=01 exit=00 screen=00 in=03 player=00 pxy=106,80 v=02/00
BP_transition_call pc=A631 sp=F37C p=01/02/03 flow=01 exit=00 screen=00 in=03 player=00 pxy=106,80 v=02/00
BP_transition_call pc=A631 sp=F37C p=01/02/03 flow=01 exit=00 screen=00 in=03 player=00 pxy=106,80 v=02/00
BP_transition_call pc=A631 sp=F37C p=01/02/03 flow=01 exit=00 screen=00 in=03 player=00 pxy=106,80 v=02/00
BP_transition_call pc=A631 sp=F37C p=01/02/03 flow=01 exit=00 screen=00 in=03 player=00 pxy=106,80 v=02/00
BP_transition_call pc=A631 sp=F37C p=01/02/03 flow=01 exit=00 screen=00 in=03 player=00 pxy=106,80 v=02/00
BP_transition_call pc=A631 sp=F37C p=01/02/03 flow=01 exit=00 screen=00 in=03 player=00 pxy=106,80 v=02/00
BP_transition_call pc=A631 sp=F37C p=01/02/03 flow=01 exit=00 screen=00 in=03 player=00 pxy=106,80 v=02/00
BP_transition_call pc=A631 sp=F37C p=01/02/03 flow=01 exit=00 screen=00 in=03 player=00 pxy=106,80 v=02/00
BP_transition_call pc=A631 sp=F37C p=01/02/03 flow=01 exit=00 screen=00 in=03 player=00 pxy=106,80 v=02/00
BP_transition_call pc=A631 sp=F37C p=01/02/03 flow=01 exit=00 screen=00 in=03 player=00 pxy=106,80 v=02/00
BP_transition_call pc=A631 sp=F37C p=01/02/03 flow=01 exit=00 screen=00 in=03 player=00 pxy=106,80 v=02/00
BP_transition_call pc=A631 sp=F37C p=01/02/03 flow=01 exit=00 screen=00 in=03 player=00 pxy=106,80 v=02/00
BP_transition_call pc=A631 sp=F37C p=01/02/03 flow=01 exit=00 screen=00 in=03 player=00 pxy=106,80 v=02/00
BP_transition_call pc=A631 sp=F37C p=01/02/03 flow=01 exit=00 screen=00 in=03 player=00 pxy=106,80 v=02/00
BP_transition_call pc=A631 sp=F37C p=01/02/03 flow=01 exit=00 screen=00 in=03 player=00 pxy=106,80 v=02/00
BP_transition_call pc=A631 sp=F37C p=01/02/03 flow=01 exit=00 screen=00 in=03 player=00 pxy=106,80 v=02/00
BP_transition_call pc=A631 sp=F37C p=01/02/03 flow=01 exit=00 screen=00 in=03 player=00 pxy=106,80 v=02/00
BP_transition_call pc=A631 sp=F37C p=01/02/03 flow=01 exit=00 screen=00 in=03 player=00 pxy=106,80 v=02/00
BP_transition_call pc=A631 sp=F37C p=01/02/03 flow=01 exit=00 screen=00 in=03 player=00 pxy=106,80 v=02/00
BP_transition_call pc=A631 sp=F37C p=01/02/03 flow=01 exit=00 screen=00 in=03 player=00 pxy=106,80 v=02/00
BP_transition_call pc=A631 sp=F37C p=01/02/03 flow=01 exit=00 screen=00 in=03 player=00 pxy=106,80 v=02/00
BP_transition_call pc=A631 sp=F37C p=01/02/03 flow=01 exit=00 screen=00 in=03 player=00 pxy=106,80 v=02/00
BP_transition_call pc=A631 sp=F37C p=01/02/03 flow=01 exit=00 screen=00 in=03 player=00 pxy=106,80 v=02/00
BP_transition_call pc=A631 sp=F37C p=01/02/03 flow=01 exit=00 screen=00 in=03 player=00 pxy=106,80 v=02/00
BP_transition_call pc=A631 sp=F37C p=01/02/03 flow=01 exit=00 screen=00 in=03 player=00 pxy=106,80 v=02/00
BP_transition_call pc=A631 sp=F37C p=01/02/03 flow=01 exit=00 screen=00 in=03 player=00 pxy=106,80 v=02/00
BP_transition_call pc=A631 sp=F37C p=01/02/03 flow=01 exit=00 screen=00 in=03 player=00 pxy=106,80 v=02/00
BP_transition_call pc=A631 sp=F37C p=01/02/03 flow=01 exit=00 screen=00 in=03 player=00 pxy=106,80 v=02/00
BP_transition_call pc=A631 sp=F37C p=01/02/03 flow=01 exit=00 screen=00 in=03 player=00 pxy=106,80 v=02/00
BP_transition_call pc=A631 sp=F37C p=01/02/03 flow=01 exit=00 screen=00 in=03 player=00 pxy=106,80 v=02/00
BP_transition_call pc=A631 sp=F37C p=01/02/03 flow=01 exit=00 screen=00 in=03 player=00 pxy=106,80 v=02/00
BP_transition_call pc=A631 sp=F37C p=01/02/03 flow=01 exit=00 screen=00 in=03 player=00 pxy=106,80 v=02/00
BP_transition_call pc=A631 sp=F37C p=01/02/03 flow=01 exit=00 screen=00 in=03 player=00 pxy=106,80 v=02/00
BP_transition_call pc=A631 sp=F37C p=01/02/03 flow=01 exit=00 screen=00 in=03 player=00 pxy=106,80 v=02/00
BP_transition_call pc=A631 sp=F37C p=01/02/03 flow=01 exit=00 screen=00 in=03 player=00 pxy=106,80 v=02/00
BP_transition_call pc=A631 sp=F37C p=01/02/03 flow=01 exit=00 screen=00 in=03 player=00 pxy=106,80 v=02/00
BP_transition_call pc=A631 sp=F37C p=01/02/03 flow=01 exit=00 screen=00 in=03 player=00 pxy=106,80 v=02/00
BP_transition_call pc=A631 sp=F37C p=01/02/03 flow=01 exit=00 screen=00 in=03 player=00 pxy=106,80 v=02/00
BP_transition_call pc=A631 sp=F37C p=01/02/03 flow=01 exit=00 screen=00 in=03 player=00 pxy=106,80 v=02/00
BP_transition_call pc=A631 sp=F37C p=01/02/03 flow=01 exit=00 screen=00 in=03 player=00 pxy=106,80 v=02/00
BP_transition_call pc=A631 sp=F37C p=01/02/03 flow=01 exit=00 screen=00 in=03 player=00 pxy=106,80 v=02/00
BP_transition_call pc=A631 sp=F37C p=01/02/03 flow=01 exit=00 screen=00 in=03 player=00 pxy=106,80 v=02/00
BP_transition_call pc=A631 sp=F37C p=01/02/03 flow=01 exit=00 screen=00 in=03 player=00 pxy=106,80 v=02/00
BP_transition_call pc=A631 sp=F37C p=01/02/03 flow=01 exit=00 screen=00 in=03 player=00 pxy=106,80 v=02/00
BP_transition_call pc=A631 sp=F37C p=01/02/03 flow=01 exit=00 screen=00 in=03 player=00 pxy=106,80 v=02/00
BP_transition_call pc=A631 sp=F37C p=01/02/03 flow=01 exit=00 screen=00 in=03 player=00 pxy=106,80 v=02/00
BP_transition_call pc=A631 sp=F37C p=01/02/03 flow=01 exit=00 screen=00 in=03 player=00 pxy=106,80 v=02/00
BP_transition_call pc=A631 sp=F37C p=01/02/03 flow=01 exit=00 screen=00 in=03 player=00 pxy=106,80 v=02/00
BP_transition_call pc=A631 sp=F37C p=01/02/03 flow=01 exit=00 screen=00 in=03 player=00 pxy=106,80 v=02/00
BP_transition_call pc=A631 sp=F37C p=01/02/03 flow=01 exit=00 screen=00 in=03 player=00 pxy=106,80 v=02/00
BP_transition_call pc=A631 sp=F37C p=01/02/03 flow=01 exit=00 screen=00 in=03 player=00 pxy=106,80 v=02/00
BP_transition_call pc=A631 sp=F37C p=01/02/03 flow=01 exit=00 screen=00 in=03 player=00 pxy=106,80 v=02/00
BP_transition_call pc=A631 sp=F37C p=01/02/03 flow=01 exit=00 screen=00 in=03 player=00 pxy=106,80 v=02/00
BP_transition_call pc=A631 sp=F37C p=01/02/03 flow=01 exit=00 screen=00 in=03 player=00 pxy=106,80 v=02/00
BP_transition_call pc=A631 sp=F37C p=01/02/03 flow=01 exit=00 screen=00 in=03 player=00 pxy=106,80 v=02/00
BP_transition_call pc=A631 sp=F37C p=01/02/03 flow=01 exit=00 screen=00 in=03 player=00 pxy=106,80 v=02/00
BP_transition_call pc=A631 sp=F37C p=01/02/03 flow=01 exit=00 screen=00 in=03 player=00 pxy=106,80 v=02/00
BP_transition_call pc=A631 sp=F37C p=01/02/03 flow=01 exit=00 screen=00 in=03 player=00 pxy=106,80 v=02/00
BP_transition_call pc=A631 sp=F37C p=01/02/03 flow=01 exit=00 screen=00 in=03 player=00 pxy=106,80 v=02/00
BP_transition_call pc=A631 sp=F37C p=01/02/03 flow=01 exit=00 screen=00 in=03 player=00 pxy=106,80 v=02/00
BP_transition_call pc=A631 sp=F37C p=01/02/03 flow=01 exit=00 screen=00 in=03 player=00 pxy=106,80 v=02/00
BP_transition_call pc=A631 sp=F37C p=01/02/03 flow=01 exit=00 screen=00 in=03 player=00 pxy=106,80 v=02/00
BP_transition_call pc=A631 sp=F37C p=01/02/03 flow=01 exit=00 screen=00 in=03 player=00 pxy=106,80 v=02/00
BP_transition_call pc=A631 sp=F37C p=01/02/03 flow=01 exit=00 screen=00 in=03 player=00 pxy=106,80 v=02/00
BP_transition_call pc=A631 sp=F37C p=01/02/03 flow=01 exit=00 screen=00 in=03 player=00 pxy=106,80 v=02/00
BP_transition_call pc=A631 sp=F37C p=01/02/03 flow=01 exit=00 screen=00 in=03 player=00 pxy=106,80 v=02/00
BP_transition_call pc=A631 sp=F37C p=01/02/03 flow=01 exit=00 screen=00 in=03 player=00 pxy=106,80 v=02/00
BP_transition_call pc=A631 sp=F37C p=01/02/03 flow=01 exit=00 screen=00 in=03 player=00 pxy=106,80 v=02/00
BP_transition_call pc=A631 sp=F37C p=01/02/03 flow=01 exit=00 screen=00 in=03 player=00 pxy=106,80 v=02/00
BP_transition_call pc=A631 sp=F37C p=01/02/03 flow=01 exit=00 screen=00 in=03 player=00 pxy=106,80 v=02/00
BP_transition_call pc=A631 sp=F37C p=01/02/03 flow=01 exit=00 screen=00 in=03 player=00 pxy=106,80 v=02/00
BP_transition_call pc=A631 sp=F37C p=01/02/03 flow=01 exit=00 screen=00 in=03 player=00 pxy=106,80 v=02/00
BP_transition_call pc=A631 sp=F37C p=01/02/03 flow=01 exit=00 screen=00 in=03 player=00 pxy=106,80 v=02/00
BP_transition_call pc=A631 sp=F37C p=01/02/03 flow=01 exit=00 screen=00 in=03 player=00 pxy=106,80 v=02/00
BP_transition_call pc=A631 sp=F37C p=01/02/03 flow=01 exit=00 screen=00 in=03 player=00 pxy=106,80 v=02/00
BP_transition_call pc=A631 sp=F37C p=01/02/03 flow=01 exit=00 screen=00 in=03 player=00 pxy=106,80 v=02/00
BP_transition_call pc=A631 sp=F37C p=01/02/03 flow=01 exit=00 screen=00 in=03 player=00 pxy=106,80 v=02/00
BP_transition_call pc=A631 sp=F37C p=01/02/03 flow=01 exit=00 screen=00 in=03 player=00 pxy=106,80 v=02/00
BP_transition_call pc=A631 sp=F37C p=01/02/03 flow=01 exit=00 screen=00 in=03 player=00 pxy=106,80 v=02/00
BP_transition_call pc=A631 sp=F37C p=01/02/03 flow=01 exit=00 screen=00 in=03 player=00 pxy=106,80 v=02/00
BP_transition_call pc=A631 sp=F37C p=01/02/03 flow=01 exit=00 screen=00 in=03 player=00 pxy=106,80 v=02/00
BP_transition_call pc=A631 sp=F37C p=01/02/03 flow=01 exit=00 screen=00 in=03 player=00 pxy=106,80 v=02/00
BP_transition_call pc=A631 sp=F37C p=01/02/03 flow=01 exit=00 screen=00 in=03 player=00 pxy=106,80 v=02/00
BP_transition_call pc=A631 sp=F37C p=01/02/03 flow=01 exit=00 screen=00 in=03 player=00 pxy=106,80 v=02/00
BP_transition_call pc=A631 sp=F37C p=01/02/03 flow=01 exit=00 screen=00 in=03 player=00 pxy=106,80 v=02/00
BP_transition_call pc=A631 sp=F37C p=01/02/03 flow=01 exit=00 screen=00 in=03 player=00 pxy=106,80 v=02/00
BP_transition_call pc=A631 sp=F37C p=01/02/03 flow=01 exit=00 screen=00 in=03 player=00 pxy=106,80 v=02/00
BP_transition_call pc=A631 sp=F37C p=01/02/03 flow=01 exit=00 screen=00 in=03 player=00 pxy=106,80 v=02/00
BP_transition_call pc=A631 sp=F37C p=01/02/03 flow=01 exit=00 screen=00 in=03 player=00 pxy=106,80 v=02/00
BP_transition_call pc=A631 sp=F37C p=01/02/03 flow=01 exit=00 screen=00 in=03 player=00 pxy=106,80 v=02/00
BP_transition_call pc=A631 sp=F37C p=01/02/03 flow=01 exit=00 screen=00 in=03 player=00 pxy=106,80 v=02/00
BP_transition_call pc=A631 sp=F37C p=01/02/03 flow=01 exit=00 screen=00 in=03 player=00 pxy=106,80 v=02/00
BP_transition_call pc=A631 sp=F37C p=01/02/03 flow=01 exit=00 screen=00 in=03 player=00 pxy=106,80 v=02/00
hold_left_before pc=A631 sp=F37C p=01/02/03 flow=01 exit=00 screen=00 in=03 player=00 pxy=106,80 v=02/00
BP_transition_call pc=A631 sp=F37C p=01/02/03 flow=01 exit=00 screen=00 in=03 player=00 pxy=106,80 v=02/00
BP_transition_call pc=A631 sp=F37C p=01/02/03 flow=01 exit=00 screen=00 in=03 player=00 pxy=106,80 v=02/00
BP_transition_call pc=A631 sp=F37C p=01/02/03 flow=01 exit=00 screen=00 in=03 player=00 pxy=106,80 v=02/00
BP_transition_call pc=A631 sp=F37C p=01/02/03 flow=01 exit=00 screen=00 in=03 player=00 pxy=106,80 v=02/00
BP_transition_call pc=A631 sp=F37C p=01/02/03 flow=01 exit=00 screen=00 in=03 player=00 pxy=106,80 v=02/00
BP_transition_call pc=A631 sp=F37C p=01/02/03 flow=01 exit=00 screen=00 in=03 player=00 pxy=106,80 v=02/00
BP_transition_call pc=A631 sp=F37C p=01/02/03 flow=01 exit=00 screen=00 in=03 player=00 pxy=106,80 v=02/00
BP_transition_call pc=A631 sp=F37C p=01/02/03 flow=01 exit=00 screen=00 in=03 player=00 pxy=106,80 v=02/00
BP_transition_call pc=A631 sp=F37C p=01/02/03 flow=01 exit=00 screen=00 in=03 player=00 pxy=106,80 v=02/00
BP_transition_call pc=A631 sp=F37C p=01/02/03 flow=01 exit=00 screen=00 in=03 player=00 pxy=106,80 v=02/00
BP_transition_call pc=A631 sp=F37C p=01/02/03 flow=01 exit=00 screen=00 in=03 player=00 pxy=106,80 v=02/00
BP_transition_call pc=A631 sp=F37C p=01/02/03 flow=01 exit=00 screen=00 in=03 player=00 pxy=106,80 v=02/00
BP_transition_call pc=A631 sp=F37C p=01/02/03 flow=01 exit=00 screen=00 in=03 player=00 pxy=106,80 v=02/00
BP_transition_call pc=A631 sp=F37C p=01/02/03 flow=01 exit=00 screen=00 in=03 player=00 pxy=106,80 v=02/00
BP_transition_call pc=A631 sp=F37C p=01/02/03 flow=01 exit=00 screen=00 in=03 player=00 pxy=106,80 v=02/00
BP_transition_call pc=A631 sp=F37C p=01/02/03 flow=01 exit=00 screen=00 in=03 player=00 pxy=106,80 v=02/00
BP_transition_call pc=A631 sp=F37C p=01/02/03 flow=01 exit=00 screen=00 in=03 player=00 pxy=106,80 v=02/00
BP_transition_call pc=A631 sp=F37C p=01/02/03 flow=01 exit=00 screen=00 in=03 player=00 pxy=106,80 v=02/00
BP_transition_call pc=A631 sp=F37C p=01/02/03 flow=01 exit=00 screen=00 in=03 player=00 pxy=106,80 v=02/00
BP_transition_call pc=A631 sp=F37C p=01/02/03 flow=01 exit=00 screen=00 in=03 player=00 pxy=106,80 v=02/00
BP_transition_call pc=A631 sp=F37C p=01/02/03 flow=01 exit=00 screen=00 in=03 player=00 pxy=106,80 v=02/00
BP_transition_call pc=A631 sp=F37C p=01/02/03 flow=01 exit=00 screen=00 in=03 player=00 pxy=106,80 v=02/00
BP_transition_call pc=A631 sp=F37C p=01/02/03 flow=01 exit=00 screen=00 in=03 player=00 pxy=106,80 v=02/00
BP_transition_call pc=A631 sp=F37C p=01/02/03 flow=01 exit=00 screen=00 in=03 player=00 pxy=106,80 v=02/00
BP_transition_call pc=A631 sp=F37C p=01/02/03 flow=01 exit=00 screen=00 in=03 player=00 pxy=106,80 v=02/00
BP_transition_call pc=A631 sp=F37C p=01/02/03 flow=01 exit=00 screen=00 in=03 player=00 pxy=106,80 v=02/00
BP_transition_call pc=A631 sp=F37C p=01/02/03 flow=01 exit=00 screen=00 in=03 player=00 pxy=106,80 v=02/00
BP_transition_call pc=A631 sp=F37C p=01/02/03 flow=01 exit=00 screen=00 in=03 player=00 pxy=106,80 v=02/00
BP_transition_call pc=A631 sp=F37C p=01/02/03 flow=01 exit=00 screen=00 in=03 player=00 pxy=106,80 v=02/00
BP_transition_call pc=A631 sp=F37C p=01/02/03 flow=01 exit=00 screen=00 in=03 player=00 pxy=106,80 v=02/00
BP_transition_call pc=A631 sp=F37C p=01/02/03 flow=01 exit=00 screen=00 in=03 player=00 pxy=106,80 v=02/00
BP_transition_call pc=A631 sp=F37C p=01/02/03 flow=01 exit=00 screen=00 in=03 player=00 pxy=106,80 v=02/00
BP_transition_call pc=A631 sp=F37C p=01/02/03 flow=01 exit=00 screen=00 in=03 player=00 pxy=106,80 v=02/00
BP_transition_call pc=A631 sp=F37C p=01/02/03 flow=01 exit=00 screen=00 in=03 player=00 pxy=106,80 v=02/00
BP_transition_call pc=A631 sp=F37C p=01/02/03 flow=01 exit=00 screen=00 in=03 player=00 pxy=106,80 v=02/00
BP_transition_call pc=A631 sp=F37C p=01/02/03 flow=01 exit=00 screen=00 in=03 player=00 pxy=106,80 v=02/00
BP_transition_call pc=A631 sp=F37C p=01/02/03 flow=01 exit=00 screen=00 in=03 player=00 pxy=106,80 v=02/00
BP_transition_call pc=A631 sp=F37C p=01/02/03 flow=01 exit=00 screen=00 in=03 player=00 pxy=106,80 v=02/00
BP_transition_call pc=A631 sp=F37C p=01/02/03 flow=01 exit=00 screen=00 in=03 player=00 pxy=106,80 v=02/00
BP_transition_call pc=A631 sp=F37C p=01/02/03 flow=01 exit=00 screen=00 in=03 player=00 pxy=106,80 v=02/00
BP_transition_call pc=A631 sp=F37C p=01/02/03 flow=01 exit=00 screen=00 in=03 player=00 pxy=106,80 v=02/00
BP_transition_call pc=A631 sp=F37C p=01/02/03 flow=01 exit=00 screen=00 in=03 player=00 pxy=106,80 v=02/00
BP_transition_call pc=A631 sp=F37C p=01/02/03 flow=01 exit=00 screen=00 in=03 player=00 pxy=106,80 v=02/00
BP_transition_call pc=A631 sp=F37C p=01/02/03 flow=01 exit=00 screen=00 in=03 player=00 pxy=106,80 v=02/00
BP_transition_call pc=A631 sp=F37C p=01/02/03 flow=01 exit=00 screen=00 in=03 player=00 pxy=106,80 v=02/00
BP_transition_call pc=A631 sp=F37C p=01/02/03 flow=01 exit=00 screen=00 in=03 player=00 pxy=106,80 v=02/00
BP_transition_call pc=A631 sp=F37C p=01/02/03 flow=01 exit=00 screen=00 in=03 player=00 pxy=106,80 v=02/00
BP_transition_call pc=A631 sp=F37C p=01/02/03 flow=01 exit=00 screen=00 in=03 player=00 pxy=106,80 v=02/00
BP_transition_call pc=A631 sp=F37C p=01/02/03 flow=01 exit=00 screen=00 in=03 player=00 pxy=106,80 v=02/00
BP_transition_call pc=A631 sp=F37C p=01/02/03 flow=01 exit=00 screen=00 in=03 player=00 pxy=106,80 v=02/00
BP_transition_call pc=A631 sp=F37C p=01/02/03 flow=01 exit=00 screen=00 in=03 player=00 pxy=106,80 v=02/00
BP_transition_call pc=A631 sp=F37C p=01/02/03 flow=01 exit=00 screen=00 in=03 player=00 pxy=106,80 v=02/00
BP_transition_call pc=A631 sp=F37C p=01/02/03 flow=01 exit=00 screen=00 in=03 player=00 pxy=106,80 v=02/00
BP_transition_call pc=A631 sp=F37C p=01/02/03 flow=01 exit=00 screen=00 in=03 player=00 pxy=106,80 v=02/00
BP_transition_call pc=A631 sp=F37C p=01/02/03 flow=01 exit=00 screen=00 in=03 player=00 pxy=106,80 v=02/00
BP_transition_call pc=A631 sp=F37C p=01/02/03 flow=01 exit=00 screen=00 in=03 player=00 pxy=106,80 v=02/00
BP_transition_call pc=A631 sp=F37C p=01/02/03 flow=01 exit=00 screen=00 in=03 player=00 pxy=106,80 v=02/00
BP_transition_call pc=A631 sp=F37C p=01/02/03 flow=01 exit=00 screen=00 in=03 player=00 pxy=106,80 v=02/00
BP_transition_call pc=A631 sp=F37C p=01/02/03 flow=01 exit=00 screen=00 in=03 player=00 pxy=106,80 v=02/00
BP_transition_call pc=A631 sp=F37C p=01/02/03 flow=01 exit=00 screen=00 in=03 player=00 pxy=106,80 v=02/00
BP_transition_call pc=A631 sp=F37C p=01/02/03 flow=01 exit=00 screen=00 in=03 player=00 pxy=106,80 v=02/00
BP_transition_call pc=A631 sp=F37C p=01/02/03 flow=01 exit=00 screen=00 in=03 player=00 pxy=106,80 v=02/00
BP_transition_call pc=A631 sp=F37C p=01/02/03 flow=01 exit=00 screen=00 in=03 player=00 pxy=106,80 v=02/00
BP_transition_call pc=A631 sp=F37C p=01/02/03 flow=01 exit=00 screen=00 in=03 player=00 pxy=106,80 v=02/00
BP_transition_call pc=A631 sp=F37C p=01/02/03 flow=01 exit=00 screen=00 in=03 player=00 pxy=106,80 v=02/00
BP_transition_call pc=A631 sp=F37C p=01/02/03 flow=01 exit=00 screen=00 in=03 player=00 pxy=106,80 v=02/00
BP_transition_call pc=A631 sp=F37C p=01/02/03 flow=01 exit=00 screen=00 in=03 player=00 pxy=106,80 v=02/00
BP_transition_call pc=A631 sp=F37C p=01/02/03 flow=01 exit=00 screen=00 in=03 player=00 pxy=106,80 v=02/00
BP_transition_call pc=A631 sp=F37C p=01/02/03 flow=01 exit=00 screen=00 in=03 player=00 pxy=106,80 v=02/00
BP_transition_call pc=A631 sp=F37C p=01/02/03 flow=01 exit=00 screen=00 in=03 player=00 pxy=106,80 v=02/00
BP_transition_call pc=A631 sp=F37C p=01/02/03 flow=01 exit=00 screen=00 in=03 player=00 pxy=106,80 v=02/00
BP_transition_call pc=A631 sp=F37C p=01/02/03 flow=01 exit=00 screen=00 in=03 player=00 pxy=106,80 v=02/00
BP_transition_call pc=A631 sp=F37C p=01/02/03 flow=01 exit=00 screen=00 in=03 player=00 pxy=106,80 v=02/00
BP_transition_call pc=A631 sp=F37C p=01/02/03 flow=01 exit=00 screen=00 in=03 player=00 pxy=106,80 v=02/00
BP_transition_call pc=A631 sp=F37C p=01/02/03 flow=01 exit=00 screen=00 in=03 player=00 pxy=106,80 v=02/00
BP_transition_call pc=A631 sp=F37C p=01/02/03 flow=01 exit=00 screen=00 in=03 player=00 pxy=106,80 v=02/00
BP_transition_call pc=A631 sp=F37C p=01/02/03 flow=01 exit=00 screen=00 in=03 player=00 pxy=106,80 v=02/00
BP_transition_call pc=A631 sp=F37C p=01/02/03 flow=01 exit=00 screen=00 in=03 player=00 pxy=106,80 v=02/00
BP_transition_call pc=A631 sp=F37C p=01/02/03 flow=01 exit=00 screen=00 in=03 player=00 pxy=106,80 v=02/00
BP_transition_call pc=A631 sp=F37C p=01/02/03 flow=01 exit=00 screen=00 in=03 player=00 pxy=106,80 v=02/00
BP_transition_call pc=A631 sp=F37C p=01/02/03 flow=01 exit=00 screen=00 in=03 player=00 pxy=106,80 v=02/00
BP_transition_call pc=A631 sp=F37C p=01/02/03 flow=01 exit=00 screen=00 in=03 player=00 pxy=106,80 v=02/00
BP_transition_call pc=A631 sp=F37C p=01/02/03 flow=01 exit=00 screen=00 in=03 player=00 pxy=106,80 v=02/00
BP_transition_call pc=A631 sp=F37C p=01/02/03 flow=01 exit=00 screen=00 in=03 player=00 pxy=106,80 v=02/00
BP_transition_call pc=A631 sp=F37C p=01/02/03 flow=01 exit=00 screen=00 in=03 player=00 pxy=106,80 v=02/00
BP_transition_call pc=A631 sp=F37C p=01/02/03 flow=01 exit=00 screen=00 in=03 player=00 pxy=106,80 v=02/00
BP_transition_call pc=A631 sp=F37C p=01/02/03 flow=01 exit=00 screen=00 in=03 player=00 pxy=106,80 v=02/00
BP_transition_call pc=A631 sp=F37C p=01/02/03 flow=01 exit=00 screen=00 in=03 player=00 pxy=106,80 v=02/00
BP_transition_call pc=A631 sp=F37C p=01/02/03 flow=01 exit=00 screen=00 in=03 player=00 pxy=106,80 v=02/00
BP_transition_call pc=A631 sp=F37C p=01/02/03 flow=01 exit=00 screen=00 in=03 player=00 pxy=106,80 v=02/00
BP_transition_call pc=A631 sp=F37C p=01/02/03 flow=01 exit=00 screen=00 in=03 player=00 pxy=106,80 v=02/00
BP_transition_call pc=A631 sp=F37C p=01/02/03 flow=01 exit=00 screen=00 in=03 player=00 pxy=106,80 v=02/00
BP_transition_call pc=A631 sp=F37C p=01/02/03 flow=01 exit=00 screen=00 in=03 player=00 pxy=106,80 v=02/00
BP_transition_call pc=A631 sp=F37C p=01/02/03 flow=01 exit=00 screen=00 in=03 player=00 pxy=106,80 v=02/00
BP_transition_call pc=A631 sp=F37C p=01/02/03 flow=01 exit=00 screen=00 in=03 player=00 pxy=106,80 v=02/00
BP_transition_call pc=A631 sp=F37C p=01/02/03 flow=01 exit=00 screen=00 in=03 player=00 pxy=106,80 v=02/00
BP_transition_call pc=A631 sp=F37C p=01/02/03 flow=01 exit=00 screen=00 in=03 player=00 pxy=106,80 v=02/00
BP_transition_call pc=A631 sp=F37C p=01/02/03 flow=01 exit=00 screen=00 in=03 player=00 pxy=106,80 v=02/00
BP_transition_call pc=A631 sp=F37C p=01/02/03 flow=01 exit=00 screen=00 in=03 player=00 pxy=106,80 v=02/00
BP_transition_call pc=A631 sp=F37C p=01/02/03 flow=01 exit=00 screen=00 in=03 player=00 pxy=106,80 v=02/00
BP_transition_call pc=A631 sp=F37C p=01/02/03 flow=01 exit=00 screen=00 in=03 player=00 pxy=106,80 v=02/00
BP_transition_call pc=A631 sp=F37C p=01/02/03 flow=01 exit=00 screen=00 in=03 player=00 pxy=106,80 v=02/00
BP_transition_call pc=A631 sp=F37C p=01/02/03 flow=01 exit=00 screen=00 in=03 player=00 pxy=106,80 v=02/00
BP_transition_call pc=A631 sp=F37C p=01/02/03 flow=01 exit=00 screen=00 in=03 player=00 pxy=106,80 v=02/00
BP_transition_call pc=A631 sp=F37C p=01/02/03 flow=01 exit=00 screen=00 in=03 player=00 pxy=106,80 v=02/00
BP_transition_call pc=A631 sp=F37C p=01/02/03 flow=01 exit=00 screen=00 in=03 player=00 pxy=106,80 v=02/00
BP_transition_call pc=A631 sp=F37C p=01/02/03 flow=01 exit=00 screen=00 in=03 player=00 pxy=106,80 v=02/00
BP_transition_call pc=A631 sp=F37C p=01/02/03 flow=01 exit=00 screen=00 in=03 player=00 pxy=106,80 v=02/00
BP_transition_call pc=A631 sp=F37C p=01/02/03 flow=01 exit=00 screen=00 in=03 player=00 pxy=106,80 v=02/00
BP_transition_call pc=A631 sp=F37C p=01/02/03 flow=01 exit=00 screen=00 in=03 player=00 pxy=106,80 v=02/00
BP_transition_call pc=A631 sp=F37C p=01/02/03 flow=01 exit=00 screen=00 in=03 player=00 pxy=106,80 v=02/00
BP_transition_call pc=A631 sp=F37C p=01/02/03 flow=01 exit=00 screen=00 in=03 player=00 pxy=106,80 v=02/00
BP_transition_call pc=A631 sp=F37C p=01/02/03 flow=01 exit=00 screen=00 in=03 player=00 pxy=106,80 v=02/00
BP_transition_call pc=A631 sp=F37C p=01/02/03 flow=01 exit=00 screen=00 in=03 player=00 pxy=106,80 v=02/00
BP_transition_call pc=A631 sp=F37C p=01/02/03 flow=01 exit=00 screen=00 in=03 player=00 pxy=106,80 v=02/00
BP_transition_call pc=A631 sp=F37C p=01/02/03 flow=01 exit=00 screen=00 in=03 player=00 pxy=106,80 v=02/00
BP_transition_call pc=A631 sp=F37C p=01/02/03 flow=01 exit=00 screen=00 in=03 player=00 pxy=106,80 v=02/00
BP_transition_call pc=A631 sp=F37C p=01/02/03 flow=01 exit=00 screen=00 in=03 player=00 pxy=106,80 v=02/00
BP_transition_call pc=A631 sp=F37C p=01/02/03 flow=01 exit=00 screen=00 in=03 player=00 pxy=106,80 v=02/00
BP_transition_call pc=A631 sp=F37C p=01/02/03 flow=01 exit=00 screen=00 in=03 player=00 pxy=106,80 v=02/00
BP_transition_call pc=A631 sp=F37C p=01/02/03 flow=01 exit=00 screen=00 in=03 player=00 pxy=106,80 v=02/00
BP_transition_call pc=A631 sp=F37C p=01/02/03 flow=01 exit=00 screen=00 in=03 player=00 pxy=106,80 v=02/00
BP_transition_call pc=A631 sp=F37C p=01/02/03 flow=01 exit=00 screen=00 in=03 player=00 pxy=106,80 v=02/00
BP_transition_call pc=A631 sp=F37C p=01/02/03 flow=01 exit=00 screen=00 in=03 player=00 pxy=106,80 v=02/00
BP_transition_call pc=A631 sp=F37C p=01/02/03 flow=01 exit=00 screen=00 in=03 player=00 pxy=106,80 v=02/00
BP_transition_call pc=A631 sp=F37C p=01/02/03 flow=01 exit=00 screen=00 in=03 player=00 pxy=106,80 v=02/00
BP_transition_call pc=A631 sp=F37C p=01/02/03 flow=01 exit=00 screen=00 in=03 player=00 pxy=106,80 v=02/00
BP_transition_call pc=A631 sp=F37C p=01/02/03 flow=01 exit=00 screen=00 in=03 player=00 pxy=106,80 v=02/00
BP_transition_call pc=A631 sp=F37C p=01/02/03 flow=01 exit=00 screen=00 in=03 player=00 pxy=106,80 v=02/00
BP_transition_call pc=A631 sp=F37C p=01/02/03 flow=01 exit=00 screen=00 in=03 player=00 pxy=106,80 v=02/00
BP_transition_call pc=A631 sp=F37C p=01/02/03 flow=01 exit=00 screen=00 in=03 player=00 pxy=106,80 v=02/00
BP_transition_call pc=A631 sp=F37C p=01/02/03 flow=01 exit=00 screen=00 in=03 player=00 pxy=106,80 v=02/00
BP_transition_call pc=A631 sp=F37C p=01/02/03 flow=01 exit=00 screen=00 in=03 player=00 pxy=106,80 v=02/00
BP_transition_call pc=A631 sp=F37C p=01/02/03 flow=01 exit=00 screen=00 in=03 player=00 pxy=106,80 v=02/00
BP_transition_call pc=A631 sp=F37C p=01/02/03 flow=01 exit=00 screen=00 in=03 player=00 pxy=106,80 v=02/00
BP_transition_call pc=A631 sp=F37C p=01/02/03 flow=01 exit=00 screen=00 in=03 player=00 pxy=106,80 v=02/00
BP_transition_call pc=A631 sp=F37C p=01/02/03 flow=01 exit=00 screen=00 in=03 player=00 pxy=106,80 v=02/00
BP_transition_call pc=A631 sp=F37C p=01/02/03 flow=01 exit=00 screen=00 in=03 player=00 pxy=106,80 v=02/00
BP_transition_call pc=A631 sp=F37C p=01/02/03 flow=01 exit=00 screen=00 in=03 player=00 pxy=106,80 v=02/00
BP_transition_call pc=A631 sp=F37C p=01/02/03 flow=01 exit=00 screen=00 in=03 player=00 pxy=106,80 v=02/00
BP_transition_call pc=A631 sp=F37C p=01/02/03 flow=01 exit=00 screen=00 in=03 player=00 pxy=106,80 v=02/00
BP_transition_call pc=A631 sp=F37C p=01/02/03 flow=01 exit=00 screen=00 in=03 player=00 pxy=106,80 v=02/00
BP_transition_call pc=A631 sp=F37C p=01/02/03 flow=01 exit=00 screen=00 in=03 player=00 pxy=106,80 v=02/00
BP_transition_call pc=A631 sp=F37C p=01/02/03 flow=01 exit=00 screen=00 in=03 player=00 pxy=106,80 v=02/00
BP_transition_call pc=A631 sp=F37C p=01/02/03 flow=01 exit=00 screen=00 in=03 player=00 pxy=106,80 v=02/00
BP_transition_call pc=A631 sp=F37C p=01/02/03 flow=01 exit=00 screen=00 in=03 player=00 pxy=106,80 v=02/00
BP_transition_call pc=A631 sp=F37C p=01/02/03 flow=01 exit=00 screen=00 in=03 player=00 pxy=106,80 v=02/00
BP_transition_call pc=A631 sp=F37C p=01/02/03 flow=01 exit=00 screen=00 in=03 player=00 pxy=106,80 v=02/00
BP_transition_call pc=A631 sp=F37C p=01/02/03 flow=01 exit=00 screen=00 in=03 player=00 pxy=106,80 v=02/00
BP_transition_call pc=A631 sp=F37C p=01/02/03 flow=01 exit=00 screen=00 in=03 player=00 pxy=106,80 v=02/00
BP_transition_call pc=A631 sp=F37C p=01/02/03 flow=01 exit=00 screen=00 in=03 player=00 pxy=106,80 v=02/00
BP_transition_call pc=A631 sp=F37C p=01/02/03 flow=01 exit=00 screen=00 in=03 player=00 pxy=106,80 v=02/00
BP_transition_call pc=A631 sp=F37C p=01/02/03 flow=01 exit=00 screen=00 in=03 player=00 pxy=106,80 v=02/00
BP_transition_call pc=A631 sp=F37C p=01/02/03 flow=01 exit=00 screen=00 in=03 player=00 pxy=106,80 v=02/00
BP_transition_call pc=A631 sp=F37C p=01/02/03 flow=01 exit=00 screen=00 in=03 player=00 pxy=106,80 v=02/00
BP_transition_call pc=A631 sp=F37C p=01/02/03 flow=01 exit=00 screen=00 in=03 player=00 pxy=106,80 v=02/00
BP_transition_call pc=A631 sp=F37C p=01/02/03 flow=01 exit=00 screen=00 in=03 player=00 pxy=106,80 v=02/00
BP_transition_call pc=A631 sp=F37C p=01/02/03 flow=01 exit=00 screen=00 in=03 player=00 pxy=106,80 v=02/00
BP_transition_call pc=A631 sp=F37C p=01/02/03 flow=01 exit=00 screen=00 in=03 player=00 pxy=106,80 v=02/00
BP_transition_call pc=A631 sp=F37C p=01/02/03 flow=01 exit=00 screen=00 in=03 player=00 pxy=106,80 v=02/00
BP_transition_call pc=A631 sp=F37C p=01/02/03 flow=01 exit=00 screen=00 in=03 player=00 pxy=106,80 v=02/00
BP_transition_call pc=A631 sp=F37C p=01/02/03 flow=01 exit=00 screen=00 in=03 player=00 pxy=106,80 v=02/00
BP_transition_call pc=A631 sp=F37C p=01/02/03 flow=01 exit=00 screen=00 in=03 player=00 pxy=106,80 v=02/00
BP_transition_call pc=A631 sp=F37C p=01/02/03 flow=01 exit=00 screen=00 in=03 player=00 pxy=106,80 v=02/00
BP_transition_call pc=A631 sp=F37C p=01/02/03 flow=01 exit=00 screen=00 in=03 player=00 pxy=106,80 v=02/00
BP_transition_call pc=A631 sp=F37C p=01/02/03 flow=01 exit=00 screen=00 in=03 player=00 pxy=106,80 v=02/00
BP_transition_call pc=A631 sp=F37C p=01/02/03 flow=01 exit=00 screen=00 in=03 player=00 pxy=106,80 v=02/00
BP_transition_call pc=A631 sp=F37C p=01/02/03 flow=01 exit=00 screen=00 in=03 player=00 pxy=106,80 v=02/00
BP_transition_call pc=A631 sp=F37C p=01/02/03 flow=01 exit=00 screen=00 in=03 player=00 pxy=106,80 v=02/00
BP_transition_call pc=A631 sp=F37C p=01/02/03 flow=01 exit=00 screen=00 in=03 player=00 pxy=106,80 v=02/00
BP_transition_call pc=A631 sp=F37C p=01/02/03 flow=01 exit=00 screen=00 in=03 player=00 pxy=106,80 v=02/00
BP_transition_call pc=A631 sp=F37C p=01/02/03 flow=01 exit=00 screen=00 in=03 player=00 pxy=106,80 v=02/00
BP_transition_call pc=A631 sp=F37C p=01/02/03 flow=01 exit=00 screen=00 in=03 player=00 pxy=106,80 v=02/00
BP_transition_call pc=A631 sp=F37C p=01/02/03 flow=01 exit=00 screen=00 in=03 player=00 pxy=106,80 v=02/00
BP_transition_call pc=A631 sp=F37C p=01/02/03 flow=01 exit=00 screen=00 in=03 player=00 pxy=106,80 v=02/00
BP_transition_call pc=A631 sp=F37C p=01/02/03 flow=01 exit=00 screen=00 in=03 player=00 pxy=106,80 v=02/00
BP_transition_call pc=A631 sp=F37C p=01/02/03 flow=01 exit=00 screen=00 in=03 player=00 pxy=106,80 v=02/00
BP_transition_call pc=A631 sp=F37C p=01/02/03 flow=01 exit=00 screen=00 in=03 player=00 pxy=106,80 v=02/00
BP_transition_call pc=A631 sp=F37C p=01/02/03 flow=01 exit=00 screen=00 in=03 player=00 pxy=106,80 v=02/00
BP_transition_call pc=A631 sp=F37C p=01/02/03 flow=01 exit=00 screen=00 in=03 player=00 pxy=106,80 v=02/00
BP_transition_call pc=A631 sp=F37C p=01/02/03 flow=01 exit=00 screen=00 in=03 player=00 pxy=106,80 v=02/00
BP_transition_call pc=A631 sp=F37C p=01/02/03 flow=01 exit=00 screen=00 in=03 player=00 pxy=106,80 v=02/00
BP_transition_call pc=A631 sp=F37C p=01/02/03 flow=01 exit=00 screen=00 in=03 player=00 pxy=106,80 v=02/00
BP_transition_call pc=A631 sp=F37C p=01/02/03 flow=01 exit=00 screen=00 in=03 player=00 pxy=106,80 v=02/00
BP_transition_call pc=A631 sp=F37C p=01/02/03 flow=01 exit=00 screen=00 in=03 player=00 pxy=106,80 v=02/00
BP_transition_call pc=A631 sp=F37C p=01/02/03 flow=01 exit=00 screen=00 in=03 player=00 pxy=106,80 v=02/00
BP_transition_call pc=A631 sp=F37C p=01/02/03 flow=01 exit=00 screen=00 in=03 player=00 pxy=106,80 v=02/00
BP_transition_call pc=A631 sp=F37C p=01/02/03 flow=01 exit=00 screen=00 in=03 player=00 pxy=106,80 v=02/00
BP_transition_call pc=A631 sp=F37C p=01/02/03 flow=01 exit=00 screen=00 in=03 player=00 pxy=106,80 v=02/00
BP_transition_call pc=A631 sp=F37C p=01/02/03 flow=01 exit=00 screen=00 in=03 player=00 pxy=106,80 v=02/00
BP_transition_call pc=A631 sp=F37C p=01/02/03 flow=01 exit=00 screen=00 in=03 player=00 pxy=106,80 v=02/00
BP_transition_call pc=A631 sp=F37C p=01/02/03 flow=01 exit=00 screen=00 in=03 player=00 pxy=106,80 v=02/00
BP_transition_call pc=A631 sp=F37C p=01/02/03 flow=01 exit=00 screen=00 in=03 player=00 pxy=106,80 v=02/00
BP_transition_call pc=A631 sp=F37C p=01/02/03 flow=01 exit=00 screen=00 in=03 player=00 pxy=106,80 v=02/00
BP_transition_call pc=A631 sp=F37C p=01/02/03 flow=01 exit=00 screen=00 in=03 player=00 pxy=106,80 v=02/00
BP_transition_call pc=A631 sp=F37C p=01/02/03 flow=01 exit=00 screen=00 in=03 player=00 pxy=106,80 v=02/00
BP_transition_call pc=A631 sp=F37C p=01/02/03 flow=01 exit=00 screen=00 in=03 player=00 pxy=106,80 v=02/00
BP_transition_call pc=A631 sp=F37C p=01/02/03 flow=01 exit=00 screen=00 in=03 player=00 pxy=106,80 v=02/00
BP_transition_call pc=A631 sp=F37C p=01/02/03 flow=01 exit=00 screen=00 in=03 player=00 pxy=106,80 v=02/00
BP_transition_call pc=A631 sp=F37C p=01/02/03 flow=01 exit=00 screen=00 in=03 player=00 pxy=106,80 v=02/00
BP_transition_call pc=A631 sp=F37C p=01/02/03 flow=01 exit=00 screen=00 in=03 player=00 pxy=106,80 v=02/00
BP_transition_call pc=A631 sp=F37C p=01/02/03 flow=01 exit=00 screen=00 in=03 player=00 pxy=106,80 v=02/00
BP_transition_call pc=A631 sp=F37C p=01/02/03 flow=01 exit=00 screen=00 in=03 player=00 pxy=106,80 v=02/00
BP_transition_call pc=A631 sp=F37C p=01/02/03 flow=01 exit=00 screen=00 in=03 player=00 pxy=106,80 v=02/00
BP_transition_call pc=A631 sp=F37C p=01/02/03 flow=01 exit=00 screen=00 in=03 player=00 pxy=106,80 v=02/00
BP_transition_call pc=A631 sp=F37C p=01/02/03 flow=01 exit=00 screen=00 in=03 player=00 pxy=106,80 v=02/00
BP_transition_call pc=A631 sp=F37C p=01/02/03 flow=01 exit=00 screen=00 in=03 player=00 pxy=106,80 v=02/00
BP_transition_call pc=A631 sp=F37C p=01/02/03 flow=01 exit=00 screen=00 in=03 player=00 pxy=106,80 v=02/00
BP_transition_call pc=A631 sp=F37C p=01/02/03 flow=01 exit=00 screen=00 in=03 player=00 pxy=106,80 v=02/00
BP_transition_call pc=A631 sp=F37C p=01/02/03 flow=01 exit=00 screen=00 in=03 player=00 pxy=106,80 v=02/00
BP_transition_call pc=A631 sp=F37C p=01/02/03 flow=01 exit=00 screen=00 in=03 player=00 pxy=106,80 v=02/00
BP_transition_call pc=A631 sp=F37C p=01/02/03 flow=01 exit=00 screen=00 in=03 player=00 pxy=106,80 v=02/00
BP_transition_call pc=A631 sp=F37C p=01/02/03 flow=01 exit=00 screen=00 in=03 player=00 pxy=106,80 v=02/00
BP_transition_call pc=A631 sp=F37C p=01/02/03 flow=01 exit=00 screen=00 in=03 player=00 pxy=106,80 v=02/00
BP_transition_call pc=A631 sp=F37C p=01/02/03 flow=01 exit=00 screen=00 in=03 player=00 pxy=106,80 v=02/00
BP_transition_call pc=A631 sp=F37C p=01/02/03 flow=01 exit=00 screen=00 in=03 player=00 pxy=106,80 v=02/00
BP_transition_call pc=A631 sp=F37C p=01/02/03 flow=01 exit=00 screen=00 in=03 player=00 pxy=106,80 v=02/00
BP_transition_call pc=A631 sp=F37C p=01/02/03 flow=01 exit=00 screen=00 in=03 player=00 pxy=106,80 v=02/00
BP_transition_call pc=A631 sp=F37C p=01/02/03 flow=01 exit=00 screen=00 in=03 player=00 pxy=106,80 v=02/00
BP_transition_call pc=A631 sp=F37C p=01/02/03 flow=01 exit=00 screen=00 in=03 player=00 pxy=106,80 v=02/00
BP_transition_call pc=A631 sp=F37C p=01/02/03 flow=01 exit=00 screen=00 in=03 player=00 pxy=106,80 v=02/00
BP_transition_call pc=A631 sp=F37C p=01/02/03 flow=01 exit=00 screen=00 in=03 player=00 pxy=106,80 v=02/00
BP_transition_call pc=A631 sp=F37C p=01/02/03 flow=01 exit=00 screen=00 in=03 player=00 pxy=106,80 v=02/00
BP_transition_call pc=A631 sp=F37C p=01/02/03 flow=01 exit=00 screen=00 in=03 player=00 pxy=106,80 v=02/00
BP_transition_call pc=A631 sp=F37C p=01/02/03 flow=01 exit=00 screen=00 in=03 player=00 pxy=106,80 v=02/00
BP_transition_call pc=A631 sp=F37C p=01/02/03 flow=01 exit=00 screen=00 in=03 player=00 pxy=106,80 v=02/00
BP_transition_call pc=A631 sp=F37C p=01/02/03 flow=01 exit=00 screen=00 in=03 player=00 pxy=106,80 v=02/00
BP_transition_call pc=A631 sp=F37C p=01/02/03 flow=01 exit=00 screen=00 in=03 player=00 pxy=106,80 v=02/00
BP_transition_call pc=A631 sp=F37C p=01/02/03 flow=01 exit=00 screen=00 in=03 player=00 pxy=106,80 v=02/00
BP_transition_call pc=A631 sp=F37C p=01/02/03 flow=01 exit=00 screen=00 in=03 player=00 pxy=106,80 v=02/00
BP_transition_call pc=A631 sp=F37C p=01/02/03 flow=01 exit=00 screen=00 in=03 player=00 pxy=106,80 v=02/00
BP_transition_call pc=A631 sp=F37C p=01/02/03 flow=01 exit=00 screen=00 in=03 player=00 pxy=106,80 v=02/00
BP_transition_call pc=A631 sp=F37C p=01/02/03 flow=01 exit=00 screen=00 in=03 player=00 pxy=106,80 v=02/00
BP_transition_call pc=A631 sp=F37C p=01/02/03 flow=01 exit=00 screen=00 in=03 player=00 pxy=106,80 v=02/00
BP_transition_call pc=A631 sp=F37C p=01/02/03 flow=01 exit=00 screen=00 in=03 player=00 pxy=106,80 v=02/00
BP_transition_call pc=A631 sp=F37C p=01/02/03 flow=01 exit=00 screen=00 in=03 player=00 pxy=106,80 v=02/00
BP_transition_call pc=A631 sp=F37C p=01/02/03 flow=01 exit=00 screen=00 in=03 player=00 pxy=106,80 v=02/00
BP_transition_call pc=A631 sp=F37C p=01/02/03 flow=01 exit=00 screen=00 in=03 player=00 pxy=106,80 v=02/00
BP_transition_call pc=A631 sp=F37C p=01/02/03 flow=01 exit=00 screen=00 in=03 player=00 pxy=106,80 v=02/00
BP_transition_call pc=A631 sp=F37C p=01/02/03 flow=01 exit=00 screen=00 in=03 player=00 pxy=106,80 v=02/00
BP_transition_call pc=A631 sp=F37C p=01/02/03 flow=01 exit=00 screen=00 in=03 player=00 pxy=106,80 v=02/00
BP_transition_call pc=A631 sp=F37C p=01/02/03 flow=01 exit=00 screen=00 in=03 player=00 pxy=106,80 v=02/00
BP_transition_call pc=A631 sp=F37C p=01/02/03 flow=01 exit=00 screen=00 in=03 player=00 pxy=106,80 v=02/00
BP_transition_call pc=A631 sp=F37C p=01/02/03 flow=01 exit=00 screen=00 in=03 player=00 pxy=106,80 v=02/00
BP_transition_call pc=A631 sp=F37C p=01/02/03 flow=01 exit=00 screen=00 in=03 player=00 pxy=106,80 v=02/00
BP_transition_call pc=A631 sp=F37C p=01/02/03 flow=01 exit=00 screen=00 in=03 player=00 pxy=106,80 v=02/00
BP_transition_call pc=A631 sp=F37C p=01/02/03 flow=01 exit=00 screen=00 in=03 player=00 pxy=106,80 v=02/00
BP_transition_call pc=A631 sp=F37C p=01/02/03 flow=01 exit=00 screen=00 in=03 player=00 pxy=106,80 v=02/00
BP_transition_call pc=A631 sp=F37C p=01/02/03 flow=01 exit=00 screen=00 in=03 player=00 pxy=106,80 v=02/00
BP_transition_call pc=A631 sp=F37C p=01/02/03 flow=01 exit=00 screen=00 in=03 player=00 pxy=106,80 v=02/00
BP_transition_call pc=A631 sp=F37C p=01/02/03 flow=01 exit=00 screen=00 in=03 player=00 pxy=106,80 v=02/00
BP_transition_call pc=A631 sp=F37C p=01/02/03 flow=01 exit=00 screen=00 in=03 player=00 pxy=106,80 v=02/00
BP_transition_call pc=A631 sp=F37C p=01/02/03 flow=01 exit=00 screen=00 in=03 player=00 pxy=106,80 v=02/00
BP_transition_call pc=A631 sp=F37C p=01/02/03 flow=01 exit=00 screen=00 in=03 player=00 pxy=106,80 v=02/00
BP_transition_call pc=A631 sp=F37C p=01/02/03 flow=01 exit=00 screen=00 in=03 player=00 pxy=106,80 v=02/00
BP_transition_call pc=A631 sp=F37C p=01/02/03 flow=01 exit=00 screen=00 in=03 player=00 pxy=106,80 v=02/00
BP_transition_call pc=A631 sp=F37C p=01/02/03 flow=01 exit=00 screen=00 in=03 player=00 pxy=106,80 v=02/00
BP_transition_call pc=A631 sp=F37C p=01/02/03 flow=01 exit=00 screen=00 in=03 player=00 pxy=106,80 v=02/00
BP_transition_call pc=A631 sp=F37C p=01/02/03 flow=01 exit=00 screen=00 in=03 player=00 pxy=106,80 v=02/00
BP_transition_call pc=A631 sp=F37C p=01/02/03 flow=01 exit=00 screen=00 in=03 player=00 pxy=106,80 v=02/00
BP_transition_call pc=A631 sp=F37C p=01/02/03 flow=01 exit=00 screen=00 in=03 player=00 pxy=106,80 v=02/00
BP_transition_call pc=A631 sp=F37C p=01/02/03 flow=01 exit=00 screen=00 in=03 player=00 pxy=106,80 v=02/00
BP_transition_call pc=A631 sp=F37C p=01/02/03 flow=01 exit=00 screen=00 in=03 player=00 pxy=106,80 v=02/00
BP_transition_call pc=A631 sp=F37C p=01/02/03 flow=01 exit=00 screen=00 in=03 player=00 pxy=106,80 v=02/00
BP_transition_call pc=A631 sp=F37C p=01/02/03 flow=01 exit=00 screen=00 in=03 player=00 pxy=106,80 v=02/00
BP_transition_call pc=A631 sp=F37C p=01/02/03 flow=01 exit=00 screen=00 in=03 player=00 pxy=106,80 v=02/00
BP_transition_call pc=A631 sp=F37C p=01/02/03 flow=01 exit=00 screen=00 in=03 player=00 pxy=106,80 v=02/00
BP_transition_call pc=A631 sp=F37C p=01/02/03 flow=01 exit=00 screen=00 in=03 player=00 pxy=106,80 v=02/00
BP_transition_call pc=A631 sp=F37C p=01/02/03 flow=01 exit=00 screen=00 in=03 player=00 pxy=106,80 v=02/00
BP_transition_call pc=A631 sp=F37C p=01/02/03 flow=01 exit=00 screen=00 in=03 player=00 pxy=106,80 v=02/00
BP_transition_call pc=A631 sp=F37C p=01/02/03 flow=01 exit=00 screen=00 in=03 player=00 pxy=106,80 v=02/00
BP_transition_call pc=A631 sp=F37C p=01/02/03 flow=01 exit=00 screen=00 in=03 player=00 pxy=106,80 v=02/00
BP_transition_call pc=A631 sp=F37C p=01/02/03 flow=01 exit=00 screen=00 in=03 player=00 pxy=106,80 v=02/00
BP_transition_call pc=A631 sp=F37C p=01/02/03 flow=01 exit=00 screen=00 in=03 player=00 pxy=106,80 v=02/00
BP_transition_call pc=A631 sp=F37C p=01/02/03 flow=01 exit=00 screen=00 in=03 player=00 pxy=106,80 v=02/00
BP_transition_call pc=A631 sp=F37C p=01/02/03 flow=01 exit=00 screen=00 in=03 player=00 pxy=106,80 v=02/00
BP_transition_call pc=A631 sp=F37C p=01/02/03 flow=01 exit=00 screen=00 in=03 player=00 pxy=106,80 v=02/00
BP_transition_call pc=A631 sp=F37C p=01/02/03 flow=01 exit=00 screen=00 in=03 player=00 pxy=106,80 v=02/00
BP_transition_call pc=A631 sp=F37C p=01/02/03 flow=01 exit=00 screen=00 in=03 player=00 pxy=106,80 v=02/00
BP_transition_call pc=A631 sp=F37C p=01/02/03 flow=01 exit=00 screen=00 in=03 player=00 pxy=106,80 v=02/00
BP_transition_call pc=A631 sp=F37C p=01/02/03 flow=01 exit=00 screen=00 in=03 player=00 pxy=106,80 v=02/00
BP_transition_call pc=A631 sp=F37C p=01/02/03 flow=01 exit=00 screen=00 in=03 player=00 pxy=106,80 v=02/00
BP_transition_call pc=A631 sp=F37C p=01/02/03 flow=01 exit=00 screen=00 in=03 player=00 pxy=106,80 v=02/00
BP_transition_call pc=A631 sp=F37C p=01/02/03 flow=01 exit=00 screen=00 in=03 player=00 pxy=106,80 v=02/00
BP_transition_call pc=A631 sp=F37C p=01/02/03 flow=01 exit=00 screen=00 in=03 player=00 pxy=106,80 v=02/00
BP_transition_call pc=A631 sp=F37C p=01/02/03 flow=01 exit=00 screen=00 in=03 player=00 pxy=106,80 v=02/00
BP_transition_call pc=A631 sp=F37C p=01/02/03 flow=01 exit=00 screen=00 in=03 player=00 pxy=106,80 v=02/00
BP_transition_call pc=A631 sp=F37C p=01/02/03 flow=01 exit=00 screen=00 in=03 player=00 pxy=106,80 v=02/00
BP_transition_call pc=A631 sp=F37C p=01/02/03 flow=01 exit=00 screen=00 in=03 player=00 pxy=106,80 v=02/00
BP_transition_call pc=A631 sp=F37C p=01/02/03 flow=01 exit=00 screen=00 in=03 player=00 pxy=106,80 v=02/00
BP_transition_call pc=A631 sp=F37C p=01/02/03 flow=01 exit=00 screen=00 in=03 player=00 pxy=106,80 v=02/00
BP_transition_call pc=A631 sp=F37C p=01/02/03 flow=01 exit=00 screen=00 in=03 player=00 pxy=106,80 v=02/00
BP_transition_call pc=A631 sp=F37C p=01/02/03 flow=01 exit=00 screen=00 in=03 player=00 pxy=106,80 v=02/00
BP_transition_call pc=A631 sp=F37C p=01/02/03 flow=01 exit=00 screen=00 in=03 player=00 pxy=106,80 v=02/00
BP_transition_call pc=A631 sp=F37C p=01/02/03 flow=01 exit=00 screen=00 in=03 player=00 pxy=106,80 v=02/00
BP_transition_call pc=A631 sp=F37C p=01/02/03 flow=01 exit=00 screen=00 in=03 player=00 pxy=106,80 v=02/00
BP_transition_call pc=A631 sp=F37C p=01/02/03 flow=01 exit=00 screen=00 in=03 player=00 pxy=106,80 v=02/00
BP_transition_call pc=A631 sp=F37C p=01/02/03 flow=01 exit=00 screen=00 in=03 player=00 pxy=106,80 v=02/00
BP_transition_call pc=A631 sp=F37C p=01/02/03 flow=01 exit=00 screen=00 in=03 player=00 pxy=106,80 v=02/00
BP_transition_call pc=A631 sp=F37C p=01/02/03 flow=01 exit=00 screen=00 in=03 player=00 pxy=106,80 v=02/00
BP_transition_call pc=A631 sp=F37C p=01/02/03 flow=01 exit=00 screen=00 in=03 player=00 pxy=106,80 v=02/00
BP_transition_call pc=A631 sp=F37C p=01/02/03 flow=01 exit=00 screen=00 in=03 player=00 pxy=106,80 v=02/00
BP_transition_call pc=A631 sp=F37C p=01/02/03 flow=01 exit=00 screen=00 in=03 player=00 pxy=106,80 v=02/00
BP_transition_call pc=A631 sp=F37C p=01/02/03 flow=01 exit=00 screen=00 in=03 player=00 pxy=106,80 v=02/00
BP_transition_call pc=A631 sp=F37C p=01/02/03 flow=01 exit=00 screen=00 in=03 player=00 pxy=106,80 v=02/00
BP_transition_call pc=A631 sp=F37C p=01/02/03 flow=01 exit=00 screen=00 in=03 player=00 pxy=106,80 v=02/00
BP_transition_call pc=A631 sp=F37C p=01/02/03 flow=01 exit=00 screen=00 in=03 player=00 pxy=106,80 v=02/00
BP_transition_call pc=A631 sp=F37C p=01/02/03 flow=01 exit=00 screen=00 in=03 player=00 pxy=106,80 v=02/00
BP_transition_call pc=A631 sp=F37C p=01/02/03 flow=01 exit=00 screen=00 in=03 player=00 pxy=106,80 v=02/00
BP_transition_call pc=A631 sp=F37C p=01/02/03 flow=01 exit=00 screen=00 in=03 player=00 pxy=106,80 v=02/00
BP_transition_call pc=A631 sp=F37C p=01/02/03 flow=01 exit=00 screen=00 in=03 player=00 pxy=106,80 v=02/00
BP_transition_call pc=A631 sp=F37C p=01/02/03 flow=01 exit=00 screen=00 in=03 player=00 pxy=106,80 v=02/00
BP_transition_call pc=A631 sp=F37C p=01/02/03 flow=01 exit=00 screen=00 in=03 player=00 pxy=106,80 v=02/00
BP_transition_call pc=A631 sp=F37C p=01/02/03 flow=01 exit=00 screen=00 in=03 player=00 pxy=106,80 v=02/00
BP_transition_call pc=A631 sp=F37C p=01/02/03 flow=01 exit=00 screen=00 in=03 player=00 pxy=106,80 v=02/00
BP_transition_call pc=A631 sp=F37C p=01/02/03 flow=01 exit=00 screen=00 in=03 player=00 pxy=106,80 v=02/00
BP_transition_call pc=A631 sp=F37C p=01/02/03 flow=01 exit=00 screen=00 in=03 player=00 pxy=106,80 v=02/00
BP_transition_call pc=A631 sp=F37C p=01/02/03 flow=01 exit=00 screen=00 in=03 player=00 pxy=106,80 v=02/00
BP_transition_call pc=A631 sp=F37C p=01/02/03 flow=01 exit=00 screen=00 in=03 player=00 pxy=106,80 v=02/00
BP_transition_call pc=A631 sp=F37C p=01/02/03 flow=01 exit=00 screen=00 in=03 player=00 pxy=106,80 v=02/00
BP_transition_call pc=A631 sp=F37C p=01/02/03 flow=01 exit=00 screen=00 in=03 player=00 pxy=106,80 v=02/00
BP_transition_call pc=A631 sp=F37C p=01/02/03 flow=01 exit=00 screen=00 in=03 player=00 pxy=106,80 v=02/00
BP_transition_call pc=A631 sp=F37C p=01/02/03 flow=01 exit=00 screen=00 in=03 player=00 pxy=106,80 v=02/00
BP_transition_call pc=A631 sp=F37C p=01/02/03 flow=01 exit=00 screen=00 in=03 player=00 pxy=106,80 v=02/00
BP_transition_call pc=A631 sp=F37C p=01/02/03 flow=01 exit=00 screen=00 in=03 player=00 pxy=106,80 v=02/00
BP_transition_call pc=A631 sp=F37C p=01/02/03 flow=01 exit=00 screen=00 in=03 player=00 pxy=106,80 v=02/00
BP_transition_call pc=A631 sp=F37C p=01/02/03 flow=01 exit=00 screen=00 in=03 player=00 pxy=106,80 v=02/00
BP_transition_call pc=A631 sp=F37C p=01/02/03 flow=01 exit=00 screen=00 in=03 player=00 pxy=106,80 v=02/00
BP_transition_call pc=A631 sp=F37C p=01/02/03 flow=01 exit=00 screen=00 in=03 player=00 pxy=106,80 v=02/00
BP_transition_call pc=A631 sp=F37C p=01/02/03 flow=01 exit=00 screen=00 in=03 player=00 pxy=106,80 v=02/00
BP_transition_call pc=A631 sp=F37C p=01/02/03 flow=01 exit=00 screen=00 in=03 player=00 pxy=106,80 v=02/00
BP_transition_call pc=A631 sp=F37C p=01/02/03 flow=01 exit=00 screen=00 in=03 player=00 pxy=106,80 v=02/00
BP_transition_call pc=A631 sp=F37C p=01/02/03 flow=01 exit=00 screen=00 in=03 player=00 pxy=106,80 v=02/00
BP_transition_call pc=A631 sp=F37C p=01/02/03 flow=01 exit=00 screen=00 in=03 player=00 pxy=106,80 v=02/00
BP_transition_call pc=A631 sp=F37C p=01/02/03 flow=01 exit=00 screen=00 in=03 player=00 pxy=106,80 v=02/00
BP_transition_call pc=A631 sp=F37C p=01/02/03 flow=01 exit=00 screen=00 in=03 player=00 pxy=106,80 v=02/00
BP_transition_call pc=A631 sp=F37C p=01/02/03 flow=01 exit=00 screen=00 in=03 player=00 pxy=106,80 v=02/00
BP_transition_call pc=A631 sp=F37C p=01/02/03 flow=01 exit=00 screen=00 in=03 player=00 pxy=106,80 v=02/00
BP_transition_call pc=A631 sp=F37C p=01/02/03 flow=01 exit=00 screen=00 in=03 player=00 pxy=106,80 v=02/00
BP_transition_call pc=A631 sp=F37C p=01/02/03 flow=01 exit=00 screen=00 in=03 player=00 pxy=106,80 v=02/00
BP_transition_call pc=A631 sp=F37C p=01/02/03 flow=01 exit=00 screen=00 in=03 player=00 pxy=106,80 v=02/00
BP_transition_call pc=A631 sp=F37C p=01/02/03 flow=01 exit=00 screen=00 in=03 player=00 pxy=106,80 v=02/00
BP_transition_call pc=A631 sp=F37C p=01/02/03 flow=01 exit=00 screen=00 in=03 player=00 pxy=106,80 v=02/00
BP_transition_call pc=A631 sp=F37C p=01/02/03 flow=01 exit=00 screen=00 in=03 player=00 pxy=106,80 v=02/00
BP_transition_call pc=A631 sp=F37C p=01/02/03 flow=01 exit=00 screen=00 in=03 player=00 pxy=106,80 v=02/00
BP_transition_call pc=A631 sp=F37C p=01/02/03 flow=01 exit=00 screen=00 in=03 player=00 pxy=106,80 v=02/00
BP_transition_call pc=A631 sp=F37C p=01/02/03 flow=01 exit=00 screen=00 in=03 player=00 pxy=106,80 v=02/00
BP_transition_call pc=A631 sp=F37C p=01/02/03 flow=01 exit=00 screen=00 in=03 player=00 pxy=106,80 v=02/00
BP_transition_call pc=A631 sp=F37C p=01/02/03 flow=01 exit=00 screen=00 in=03 player=00 pxy=106,80 v=02/00
BP_transition_call pc=A631 sp=F37C p=01/02/03 flow=01 exit=00 screen=00 in=03 player=00 pxy=106,80 v=02/00
BP_transition_call pc=A631 sp=F37C p=01/02/03 flow=01 exit=00 screen=00 in=03 player=00 pxy=106,80 v=02/00
BP_transition_call pc=A631 sp=F37C p=01/02/03 flow=01 exit=00 screen=00 in=03 player=00 pxy=106,80 v=02/00
BP_transition_call pc=A631 sp=F37C p=01/02/03 flow=01 exit=00 screen=00 in=03 player=00 pxy=106,80 v=02/00
BP_transition_call pc=A631 sp=F37C p=01/02/03 flow=01 exit=00 screen=00 in=03 player=00 pxy=106,80 v=02/00
BP_transition_call pc=A631 sp=F37C p=01/02/03 flow=01 exit=00 screen=00 in=03 player=00 pxy=106,80 v=02/00
BP_transition_call pc=A631 sp=F37C p=01/02/03 flow=01 exit=00 screen=00 in=03 player=00 pxy=106,80 v=02/00
BP_transition_call pc=A631 sp=F37C p=01/02/03 flow=01 exit=00 screen=00 in=03 player=00 pxy=106,80 v=02/00
BP_transition_call pc=A631 sp=F37C p=01/02/03 flow=01 exit=00 screen=00 in=03 player=00 pxy=106,80 v=02/00
BP_transition_call pc=A631 sp=F37C p=01/02/03 flow=01 exit=00 screen=00 in=03 player=00 pxy=106,80 v=02/00
BP_transition_call pc=A631 sp=F37C p=01/02/03 flow=01 exit=00 screen=00 in=03 player=00 pxy=106,80 v=02/00
BP_transition_call pc=A631 sp=F37C p=01/02/03 flow=01 exit=00 screen=00 in=03 player=00 pxy=106,80 v=02/00
BP_transition_call pc=A631 sp=F37C p=01/02/03 flow=01 exit=00 screen=00 in=03 player=00 pxy=106,80 v=02/00
BP_transition_call pc=A631 sp=F37C p=01/02/03 flow=01 exit=00 screen=00 in=03 player=00 pxy=106,80 v=02/00
BP_transition_call pc=A631 sp=F37C p=01/02/03 flow=01 exit=00 screen=00 in=03 player=00 pxy=106,80 v=02/00
BP_transition_call pc=A631 sp=F37C p=01/02/03 flow=01 exit=00 screen=00 in=03 player=00 pxy=106,80 v=02/00
BP_transition_call pc=A631 sp=F37C p=01/02/03 flow=01 exit=00 screen=00 in=03 player=00 pxy=106,80 v=02/00
BP_transition_call pc=A631 sp=F37C p=01/02/03 flow=01 exit=00 screen=00 in=03 player=00 pxy=106,80 v=02/00
BP_transition_call pc=A631 sp=F37C p=01/02/03 flow=01 exit=00 screen=00 in=03 player=00 pxy=106,80 v=02/00
BP_transition_call pc=A631 sp=F37C p=01/02/03 flow=01 exit=00 screen=00 in=03 player=00 pxy=106,80 v=02/00
BP_transition_call pc=A631 sp=F37C p=01/02/03 flow=01 exit=00 screen=00 in=03 player=00 pxy=106,80 v=02/00
BP_transition_call pc=A631 sp=F37C p=01/02/03 flow=01 exit=00 screen=00 in=03 player=00 pxy=106,80 v=02/00
BP_transition_call pc=A631 sp=F37C p=01/02/03 flow=01 exit=00 screen=00 in=03 player=00 pxy=106,80 v=02/00
BP_transition_call pc=A631 sp=F37C p=01/02/03 flow=01 exit=00 screen=00 in=03 player=00 pxy=106,80 v=02/00
BP_transition_call pc=A631 sp=F37C p=01/02/03 flow=01 exit=00 screen=00 in=03 player=00 pxy=106,80 v=02/00
BP_transition_call pc=A631 sp=F37C p=01/02/03 flow=01 exit=00 screen=00 in=03 player=00 pxy=106,80 v=02/00
BP_transition_call pc=A631 sp=F37C p=01/02/03 flow=01 exit=00 screen=00 in=03 player=00 pxy=106,80 v=02/00
BP_transition_call pc=A631 sp=F37C p=01/02/03 flow=01 exit=00 screen=00 in=03 player=00 pxy=106,80 v=02/00
BP_transition_call pc=A631 sp=F37C p=01/02/03 flow=01 exit=00 screen=00 in=03 player=00 pxy=106,80 v=02/00
BP_transition_call pc=A631 sp=F37C p=01/02/03 flow=01 exit=00 screen=00 in=03 player=00 pxy=106,80 v=02/00
BP_transition_call pc=A631 sp=F37C p=01/02/03 flow=01 exit=00 screen=00 in=03 player=00 pxy=106,80 v=02/00
BP_transition_call pc=A631 sp=F37C p=01/02/03 flow=01 exit=00 screen=00 in=03 player=00 pxy=106,80 v=02/00
BP_transition_call pc=A631 sp=F37C p=01/02/03 flow=01 exit=00 screen=00 in=03 player=00 pxy=106,80 v=02/00
BP_transition_call pc=A631 sp=F37C p=01/02/03 flow=01 exit=00 screen=00 in=03 player=00 pxy=106,80 v=02/00
BP_transition_call pc=A631 sp=F37C p=01/02/03 flow=01 exit=00 screen=00 in=03 player=00 pxy=106,80 v=02/00
BP_transition_call pc=A631 sp=F37C p=01/02/03 flow=01 exit=00 screen=00 in=03 player=00 pxy=106,80 v=02/00
BP_transition_call pc=A631 sp=F37C p=01/02/03 flow=01 exit=00 screen=00 in=03 player=00 pxy=106,80 v=02/00
BP_transition_call pc=A631 sp=F37C p=01/02/03 flow=01 exit=00 screen=00 in=03 player=00 pxy=106,80 v=02/00
BP_transition_call pc=A631 sp=F37C p=01/02/03 flow=01 exit=00 screen=00 in=03 player=00 pxy=106,80 v=02/00
BP_transition_call pc=A631 sp=F37C p=01/02/03 flow=01 exit=00 screen=00 in=03 player=00 pxy=106,80 v=02/00
BP_transition_call pc=A631 sp=F37C p=01/02/03 flow=01 exit=00 screen=00 in=03 player=00 pxy=106,80 v=02/00
BP_transition_call pc=A631 sp=F37C p=01/02/03 flow=01 exit=00 screen=00 in=03 player=00 pxy=106,80 v=02/00
BP_transition_call pc=A631 sp=F37C p=01/02/03 flow=01 exit=00 screen=00 in=03 player=00 pxy=106,80 v=02/00
BP_transition_call pc=A631 sp=F37C p=01/02/03 flow=01 exit=00 screen=00 in=03 player=00 pxy=106,80 v=02/00
BP_transition_call pc=A631 sp=F37C p=01/02/03 flow=01 exit=00 screen=00 in=03 player=00 pxy=106,80 v=02/00
BP_transition_call pc=A631 sp=F37C p=01/02/03 flow=01 exit=00 screen=00 in=03 player=00 pxy=106,80 v=02/00
BP_transition_call pc=A631 sp=F37C p=01/02/03 flow=01 exit=00 screen=00 in=03 player=00 pxy=106,80 v=02/00
BP_transition_call pc=A631 sp=F37C p=01/02/03 flow=01 exit=00 screen=00 in=03 player=00 pxy=106,80 v=02/00
BP_transition_call pc=A631 sp=F37C p=01/02/03 flow=01 exit=00 screen=00 in=03 player=00 pxy=106,80 v=02/00
BP_transition_call pc=A631 sp=F37C p=01/02/03 flow=01 exit=00 screen=00 in=03 player=00 pxy=106,80 v=02/00
BP_transition_call pc=A631 sp=F37C p=01/02/03 flow=01 exit=00 screen=00 in=03 player=00 pxy=106,80 v=02/00
BP_transition_call pc=A631 sp=F37C p=01/02/03 flow=01 exit=00 screen=00 in=03 player=00 pxy=106,80 v=02/00
BP_transition_call pc=A631 sp=F37C p=01/02/03 flow=01 exit=00 screen=00 in=03 player=00 pxy=106,80 v=02/00
BP_transition_call pc=A631 sp=F37C p=01/02/03 flow=01 exit=00 screen=00 in=03 player=00 pxy=106,80 v=02/00
BP_transition_call pc=A631 sp=F37C p=01/02/03 flow=01 exit=00 screen=00 in=03 player=00 pxy=106,80 v=02/00
BP_transition_call pc=A631 sp=F37C p=01/02/03 flow=01 exit=00 screen=00 in=03 player=00 pxy=106,80 v=02/00
BP_transition_call pc=A631 sp=F37C p=01/02/03 flow=01 exit=00 screen=00 in=03 player=00 pxy=106,80 v=02/00
BP_transition_call pc=A631 sp=F37C p=01/02/03 flow=01 exit=00 screen=00 in=03 player=00 pxy=106,80 v=02/00
BP_transition_call pc=A631 sp=F37C p=01/02/03 flow=01 exit=00 screen=00 in=03 player=00 pxy=106,80 v=02/00
BP_transition_call pc=A631 sp=F37C p=01/02/03 flow=01 exit=00 screen=00 in=03 player=00 pxy=106,80 v=02/00
BP_transition_call pc=A631 sp=F37C p=01/02/03 flow=01 exit=00 screen=00 in=03 player=00 pxy=106,80 v=02/00
BP_transition_call pc=A631 sp=F37C p=01/02/03 flow=01 exit=00 screen=00 in=03 player=00 pxy=106,80 v=02/00
BP_transition_call pc=A631 sp=F37C p=01/02/03 flow=01 exit=00 screen=00 in=03 player=00 pxy=106,80 v=02/00
BP_transition_call pc=A631 sp=F37C p=01/02/03 flow=01 exit=00 screen=00 in=03 player=00 pxy=106,80 v=02/00
BP_transition_call pc=A631 sp=F37C p=01/02/03 flow=01 exit=00 screen=00 in=03 player=00 pxy=106,80 v=02/00
BP_transition_call pc=A631 sp=F37C p=01/02/03 flow=01 exit=00 screen=00 in=03 player=00 pxy=106,80 v=02/00
BP_transition_call pc=A631 sp=F37C p=01/02/03 flow=01 exit=00 screen=00 in=03 player=00 pxy=106,80 v=02/00
BP_transition_call pc=A631 sp=F37C p=01/02/03 flow=01 exit=00 screen=00 in=03 player=00 pxy=106,80 v=02/00
BP_transition_call pc=A631 sp=F37C p=01/02/03 flow=01 exit=00 screen=00 in=03 player=00 pxy=106,80 v=02/00
BP_transition_call pc=A631 sp=F37C p=01/02/03 flow=01 exit=00 screen=00 in=03 player=00 pxy=106,80 v=02/00
BP_transition_call pc=A631 sp=F37C p=01/02/03 flow=01 exit=00 screen=00 in=03 player=00 pxy=106,80 v=02/00
BP_transition_call pc=A631 sp=F37C p=01/02/03 flow=01 exit=00 screen=00 in=03 player=00 pxy=106,80 v=02/00
BP_transition_call pc=A631 sp=F37C p=01/02/03 flow=01 exit=00 screen=00 in=03 player=00 pxy=106,80 v=02/00
BP_transition_call pc=A631 sp=F37C p=01/02/03 flow=01 exit=00 screen=00 in=03 player=00 pxy=106,80 v=02/00
BP_transition_call pc=A631 sp=F37C p=01/02/03 flow=01 exit=00 screen=00 in=03 player=00 pxy=106,80 v=02/00
BP_transition_call pc=A631 sp=F37C p=01/02/03 flow=01 exit=00 screen=00 in=03 player=00 pxy=106,80 v=02/00
BP_transition_call pc=A631 sp=F37C p=01/02/03 flow=01 exit=00 screen=00 in=03 player=00 pxy=106,80 v=02/00
BP_transition_call pc=A631 sp=F37C p=01/02/03 flow=01 exit=00 screen=00 in=03 player=00 pxy=106,80 v=02/00
BP_transition_call pc=A631 sp=F37C p=01/02/03 flow=01 exit=00 screen=00 in=03 player=00 pxy=106,80 v=02/00
BP_transition_call pc=A631 sp=F37C p=01/02/03 flow=01 exit=00 screen=00 in=03 player=00 pxy=106,80 v=02/00
BP_transition_call pc=A631 sp=F37C p=01/02/03 flow=01 exit=00 screen=00 in=03 player=00 pxy=106,80 v=02/00
BP_transition_call pc=A631 sp=F37C p=01/02/03 flow=01 exit=00 screen=00 in=03 player=00 pxy=106,80 v=02/00
BP_transition_call pc=A631 sp=F37C p=01/02/03 flow=01 exit=00 screen=00 in=03 player=00 pxy=106,80 v=02/00
BP_transition_call pc=A631 sp=F37C p=01/02/03 flow=01 exit=00 screen=00 in=03 player=00 pxy=106,80 v=02/00
BP_transition_call pc=A631 sp=F37C p=01/02/03 flow=01 exit=00 screen=00 in=03 player=00 pxy=106,80 v=02/00
BP_transition_call pc=A631 sp=F37C p=01/02/03 flow=01 exit=00 screen=00 in=03 player=00 pxy=106,80 v=02/00
BP_transition_call pc=A631 sp=F37C p=01/02/03 flow=01 exit=00 screen=00 in=03 player=00 pxy=106,80 v=02/00
BP_transition_call pc=A631 sp=F37C p=01/02/03 flow=01 exit=00 screen=00 in=03 player=00 pxy=106,80 v=02/00
BP_transition_call pc=A631 sp=F37C p=01/02/03 flow=01 exit=00 screen=00 in=03 player=00 pxy=106,80 v=02/00
BP_transition_call pc=A631 sp=F37C p=01/02/03 flow=01 exit=00 screen=00 in=03 player=00 pxy=106,80 v=02/00
BP_transition_call pc=A631 sp=F37C p=01/02/03 flow=01 exit=00 screen=00 in=03 player=00 pxy=106,80 v=02/00
BP_transition_call pc=A631 sp=F37C p=01/02/03 flow=01 exit=00 screen=00 in=03 player=00 pxy=106,80 v=02/00
BP_transition_call pc=A631 sp=F37C p=01/02/03 flow=01 exit=00 screen=00 in=03 player=00 pxy=106,80 v=02/00
BP_transition_call pc=A631 sp=F37C p=01/02/03 flow=01 exit=00 screen=00 in=03 player=00 pxy=106,80 v=02/00
BP_transition_call pc=A631 sp=F37C p=01/02/03 flow=01 exit=00 screen=00 in=03 player=00 pxy=106,80 v=02/00
BP_transition_call pc=A631 sp=F37C p=01/02/03 flow=01 exit=00 screen=00 in=03 player=00 pxy=106,80 v=02/00
BP_transition_call pc=A631 sp=F37C p=01/02/03 flow=01 exit=00 screen=00 in=03 player=00 pxy=106,80 v=02/00
BP_transition_call pc=A631 sp=F37C p=01/02/03 flow=01 exit=00 screen=00 in=03 player=00 pxy=106,80 v=02/00
BP_transition_call pc=A631 sp=F37C p=01/02/03 flow=01 exit=00 screen=00 in=03 player=00 pxy=106,80 v=02/00
BP_transition_call pc=A631 sp=F37C p=01/02/03 flow=01 exit=00 screen=00 in=03 player=00 pxy=106,80 v=02/00
BP_transition_call pc=A631 sp=F37C p=01/02/03 flow=01 exit=00 screen=00 in=03 player=00 pxy=106,80 v=02/00
BP_transition_call pc=A631 sp=F37C p=01/02/03 flow=01 exit=00 screen=00 in=03 player=00 pxy=106,80 v=02/00
BP_transition_call pc=A631 sp=F37C p=01/02/03 flow=01 exit=00 screen=00 in=03 player=00 pxy=106,80 v=02/00
BP_transition_call pc=A631 sp=F37C p=01/02/03 flow=01 exit=00 screen=00 in=03 player=00 pxy=106,80 v=02/00
BP_transition_call pc=A631 sp=F37C p=01/02/03 flow=01 exit=00 screen=00 in=03 player=00 pxy=106,80 v=02/00
BP_transition_call pc=A631 sp=F37C p=01/02/03 flow=01 exit=00 screen=00 in=03 player=00 pxy=106,80 v=02/00
BP_transition_call pc=A631 sp=F37C p=01/02/03 flow=01 exit=00 screen=00 in=03 player=00 pxy=106,80 v=02/00
BP_transition_call pc=A631 sp=F37C p=01/02/03 flow=01 exit=00 screen=00 in=03 player=00 pxy=106,80 v=02/00
BP_transition_call pc=A631 sp=F37C p=01/02/03 flow=01 exit=00 screen=00 in=03 player=00 pxy=106,80 v=02/00
BP_transition_call pc=A631 sp=F37C p=01/02/03 flow=01 exit=00 screen=00 in=03 player=00 pxy=106,80 v=02/00
BP_transition_call pc=A631 sp=F37C p=01/02/03 flow=01 exit=00 screen=00 in=03 player=00 pxy=106,80 v=02/00
BP_transition_call pc=A631 sp=F37C p=01/02/03 flow=01 exit=00 screen=00 in=03 player=00 pxy=106,80 v=02/00
BP_transition_call pc=A631 sp=F37C p=01/02/03 flow=01 exit=00 screen=00 in=03 player=00 pxy=106,80 v=02/00
BP_transition_call pc=A631 sp=F37C p=01/02/03 flow=01 exit=00 screen=00 in=03 player=00 pxy=106,80 v=02/00
BP_transition_call pc=A631 sp=F37C p=01/02/03 flow=01 exit=00 screen=00 in=03 player=00 pxy=106,80 v=02/00
BP_transition_call pc=A631 sp=F37C p=01/02/03 flow=01 exit=00 screen=00 in=03 player=00 pxy=106,80 v=02/00
BP_transition_call pc=A631 sp=F37C p=01/02/03 flow=01 exit=00 screen=00 in=03 player=00 pxy=106,80 v=02/00
BP_transition_call pc=A631 sp=F37C p=01/02/03 flow=01 exit=00 screen=00 in=03 player=00 pxy=106,80 v=02/00
BP_transition_call pc=A631 sp=F37C p=01/02/03 flow=01 exit=00 screen=00 in=03 player=00 pxy=106,80 v=02/00
BP_transition_call pc=A631 sp=F37C p=01/02/03 flow=01 exit=00 screen=00 in=03 player=00 pxy=106,80 v=02/00
BP_transition_call pc=A631 sp=F37C p=01/02/03 flow=01 exit=00 screen=00 in=03 player=00 pxy=106,80 v=02/00
BP_transition_call pc=A631 sp=F37C p=01/02/03 flow=01 exit=00 screen=00 in=03 player=00 pxy=106,80 v=02/00
BP_transition_call pc=A631 sp=F37C p=01/02/03 flow=01 exit=00 screen=00 in=03 player=00 pxy=106,80 v=02/00
BP_transition_call pc=A631 sp=F37C p=01/02/03 flow=01 exit=00 screen=00 in=03 player=00 pxy=106,80 v=02/00
BP_transition_call pc=A631 sp=F37C p=01/02/03 flow=01 exit=00 screen=00 in=03 player=00 pxy=106,80 v=02/00
BP_transition_call pc=A631 sp=F37C p=01/02/03 flow=01 exit=00 screen=00 in=03 player=00 pxy=106,80 v=02/00
BP_transition_call pc=A631 sp=F37C p=01/02/03 flow=01 exit=00 screen=00 in=03 player=00 pxy=106,80 v=02/00
BP_transition_call pc=A631 sp=F37C p=01/02/03 flow=01 exit=00 screen=00 in=03 player=00 pxy=106,80 v=02/00
BP_transition_call pc=A631 sp=F37C p=01/02/03 flow=01 exit=00 screen=00 in=03 player=00 pxy=106,80 v=02/00
BP_transition_call pc=A631 sp=F37C p=01/02/03 flow=01 exit=00 screen=00 in=03 player=00 pxy=106,80 v=02/00
BP_transition_call pc=A631 sp=F37C p=01/02/03 flow=01 exit=00 screen=00 in=03 player=00 pxy=106,80 v=02/00
BP_transition_call pc=A631 sp=F37C p=01/02/03 flow=01 exit=00 screen=00 in=03 player=00 pxy=106,80 v=02/00
BP_transition_call pc=A631 sp=F37C p=01/02/03 flow=01 exit=00 screen=00 in=03 player=00 pxy=106,80 v=02/00
BP_transition_call pc=A631 sp=F37C p=01/02/03 flow=01 exit=00 screen=00 in=03 player=00 pxy=106,80 v=02/00
BP_transition_call pc=A631 sp=F37C p=01/02/03 flow=01 exit=00 screen=00 in=03 player=00 pxy=106,80 v=02/00
BP_transition_call pc=A631 sp=F37C p=01/02/03 flow=01 exit=00 screen=00 in=03 player=00 pxy=106,80 v=02/00
BP_transition_call pc=A631 sp=F37C p=01/02/03 flow=01 exit=00 screen=00 in=03 player=00 pxy=106,80 v=02/00
BP_transition_call pc=A631 sp=F37C p=01/02/03 flow=01 exit=00 screen=00 in=03 player=00 pxy=106,80 v=02/00
BP_transition_call pc=A631 sp=F37C p=01/02/03 flow=01 exit=00 screen=00 in=03 player=00 pxy=106,80 v=02/00
BP_transition_call pc=A631 sp=F37C p=01/02/03 flow=01 exit=00 screen=00 in=03 player=00 pxy=106,80 v=02/00
BP_transition_call pc=A631 sp=F37C p=01/02/03 flow=01 exit=00 screen=00 in=03 player=00 pxy=106,80 v=02/00
BP_transition_call pc=A631 sp=F37C p=01/02/03 flow=01 exit=00 screen=00 in=03 player=00 pxy=106,80 v=02/00
BP_transition_call pc=A631 sp=F37C p=01/02/03 flow=01 exit=00 screen=00 in=03 player=00 pxy=106,80 v=02/00
BP_transition_call pc=A631 sp=F37C p=01/02/03 flow=01 exit=00 screen=00 in=03 player=00 pxy=106,80 v=02/00
BP_transition_call pc=A631 sp=F37C p=01/02/03 flow=01 exit=00 screen=00 in=03 player=00 pxy=106,80 v=02/00
BP_transition_call pc=A631 sp=F37C p=01/02/03 flow=01 exit=00 screen=00 in=03 player=00 pxy=106,80 v=02/00
BP_transition_call pc=A631 sp=F37C p=01/02/03 flow=01 exit=00 screen=00 in=03 player=00 pxy=106,80 v=02/00
BP_transition_call pc=A631 sp=F37C p=01/02/03 flow=01 exit=00 screen=00 in=03 player=00 pxy=106,80 v=02/00
BP_transition_call pc=A631 sp=F37C p=01/02/03 flow=01 exit=00 screen=00 in=03 player=00 pxy=106,80 v=02/00
BP_transition_call pc=A631 sp=F37C p=01/02/03 flow=01 exit=00 screen=00 in=03 player=00 pxy=106,80 v=02/00
BP_transition_call pc=A631 sp=F37C p=01/02/03 flow=01 exit=00 screen=00 in=03 player=00 pxy=106,80 v=02/00
BP_transition_call pc=A631 sp=F37C p=01/02/03 flow=01 exit=00 screen=00 in=03 player=00 pxy=106,80 v=02/00
BP_transition_call pc=A631 sp=F37C p=01/02/03 flow=01 exit=00 screen=00 in=03 player=00 pxy=106,80 v=02/00
BP_transition_call pc=A631 sp=F37C p=01/02/03 flow=01 exit=00 screen=00 in=03 player=00 pxy=106,80 v=02/00
BP_transition_call pc=A631 sp=F37C p=01/02/03 flow=01 exit=00 screen=00 in=03 player=00 pxy=106,80 v=02/00
BP_transition_call pc=A631 sp=F37C p=01/02/03 flow=01 exit=00 screen=00 in=03 player=00 pxy=106,80 v=02/00
BP_transition_call pc=A631 sp=F37C p=01/02/03 flow=01 exit=00 screen=00 in=03 player=00 pxy=106,80 v=02/00
during_left_25 pc=A631 sp=F37C p=01/02/03 flow=01 exit=00 screen=00 in=03 player=00 pxy=106,80 v=02/00
BP_transition_call pc=A631 sp=F37C p=01/02/03 flow=01 exit=00 screen=00 in=03 player=00 pxy=106,80 v=02/00
BP_transition_call pc=A631 sp=F37C p=01/02/03 flow=01 exit=00 screen=00 in=03 player=00 pxy=106,80 v=02/00
BP_transition_call pc=A631 sp=F37C p=01/02/03 flow=01 exit=00 screen=00 in=03 player=00 pxy=106,80 v=02/00
BP_transition_call pc=A631 sp=F37C p=01/02/03 flow=01 exit=00 screen=00 in=03 player=00 pxy=106,80 v=02/00
BP_transition_call pc=A631 sp=F37C p=01/02/03 flow=01 exit=00 screen=00 in=03 player=00 pxy=106,80 v=02/00
BP_transition_call pc=A631 sp=F37C p=01/02/03 flow=01 exit=00 screen=00 in=03 player=00 pxy=106,80 v=02/00
BP_transition_call pc=A631 sp=F37C p=01/02/03 flow=01 exit=00 screen=00 in=03 player=00 pxy=106,80 v=02/00
BP_transition_call pc=A631 sp=F37C p=01/02/03 flow=01 exit=00 screen=00 in=03 player=00 pxy=106,80 v=02/00
BP_transition_call pc=A631 sp=F37C p=01/02/03 flow=01 exit=00 screen=00 in=03 player=00 pxy=106,80 v=02/00
BP_transition_call pc=A631 sp=F37C p=01/02/03 flow=01 exit=00 screen=00 in=03 player=00 pxy=106,80 v=02/00
BP_transition_call pc=A631 sp=F37C p=01/02/03 flow=01 exit=00 screen=00 in=03 player=00 pxy=106,80 v=02/00
BP_transition_call pc=A631 sp=F37C p=01/02/03 flow=01 exit=00 screen=00 in=03 player=00 pxy=106,80 v=02/00
BP_transition_call pc=A631 sp=F37C p=01/02/03 flow=01 exit=00 screen=00 in=03 player=00 pxy=106,80 v=02/00
BP_transition_call pc=A631 sp=F37C p=01/02/03 flow=01 exit=00 screen=00 in=03 player=00 pxy=106,80 v=02/00
BP_transition_call pc=A631 sp=F37C p=01/02/03 flow=01 exit=00 screen=00 in=03 player=00 pxy=106,80 v=02/00
BP_transition_call pc=A631 sp=F37C p=01/02/03 flow=01 exit=00 screen=00 in=03 player=00 pxy=106,80 v=02/00
BP_transition_call pc=A631 sp=F37C p=01/02/03 flow=01 exit=00 screen=00 in=03 player=00 pxy=106,80 v=02/00
BP_transition_call pc=A631 sp=F37C p=01/02/03 flow=01 exit=00 screen=00 in=03 player=00 pxy=106,80 v=02/00
BP_transition_call pc=A631 sp=F37C p=01/02/03 flow=01 exit=00 screen=00 in=03 player=00 pxy=106,80 v=02/00
BP_transition_call pc=A631 sp=F37C p=01/02/03 flow=01 exit=00 screen=00 in=03 player=00 pxy=106,80 v=02/00
BP_transition_call pc=A631 sp=F37C p=01/02/03 flow=01 exit=00 screen=00 in=03 player=00 pxy=106,80 v=02/00
BP_transition_call pc=A631 sp=F37C p=01/02/03 flow=01 exit=00 screen=00 in=03 player=00 pxy=106,80 v=02/00
BP_transition_call pc=A631 sp=F37C p=01/02/03 flow=01 exit=00 screen=00 in=03 player=00 pxy=106,80 v=02/00
BP_transition_call pc=A631 sp=F37C p=01/02/03 flow=01 exit=00 screen=00 in=03 player=00 pxy=106,80 v=02/00
BP_transition_call pc=A631 sp=F37C p=01/02/03 flow=01 exit=00 screen=00 in=03 player=00 pxy=106,80 v=02/00
BP_transition_call pc=A631 sp=F37C p=01/02/03 flow=01 exit=00 screen=00 in=03 player=00 pxy=106,80 v=02/00
BP_transition_call pc=A631 sp=F37C p=01/02/03 flow=01 exit=00 screen=00 in=03 player=00 pxy=106,80 v=02/00
BP_transition_call pc=A631 sp=F37C p=01/02/03 flow=01 exit=00 screen=00 in=03 player=00 pxy=106,80 v=02/00
BP_transition_call pc=A631 sp=F37C p=01/02/03 flow=01 exit=00 screen=00 in=03 player=00 pxy=106,80 v=02/00
BP_transition_call pc=A631 sp=F37C p=01/02/03 flow=01 exit=00 screen=00 in=03 player=00 pxy=106,80 v=02/00
BP_transition_call pc=A631 sp=F37C p=01/02/03 flow=01 exit=00 screen=00 in=03 player=00 pxy=106,80 v=02/00
BP_transition_call pc=A631 sp=F37C p=01/02/03 flow=01 exit=00 screen=00 in=03 player=00 pxy=106,80 v=02/00
BP_transition_call pc=A631 sp=F37C p=01/02/03 flow=01 exit=00 screen=00 in=03 player=00 pxy=106,80 v=02/00
BP_transition_call pc=A631 sp=F37C p=01/02/03 flow=01 exit=00 screen=00 in=03 player=00 pxy=106,80 v=02/00
BP_transition_call pc=A631 sp=F37C p=01/02/03 flow=01 exit=00 screen=00 in=03 player=00 pxy=106,80 v=02/00
BP_transition_call pc=A631 sp=F37C p=01/02/03 flow=01 exit=00 screen=00 in=03 player=00 pxy=106,80 v=02/00
BP_transition_call pc=A631 sp=F37C p=01/02/03 flow=01 exit=00 screen=00 in=03 player=00 pxy=106,80 v=02/00
BP_transition_call pc=A631 sp=F37C p=01/02/03 flow=01 exit=00 screen=00 in=03 player=00 pxy=106,80 v=02/00
BP_transition_call pc=A631 sp=F37C p=01/02/03 flow=01 exit=00 screen=00 in=03 player=00 pxy=106,80 v=02/00
BP_transition_call pc=A631 sp=F37C p=01/02/03 flow=01 exit=00 screen=00 in=03 player=00 pxy=106,80 v=02/00
BP_transition_call pc=A631 sp=F37C p=01/02/03 flow=01 exit=00 screen=00 in=03 player=00 pxy=106,80 v=02/00
BP_transition_call pc=A631 sp=F37C p=01/02/03 flow=01 exit=00 screen=00 in=03 player=00 pxy=106,80 v=02/00
BP_transition_call pc=A631 sp=F37C p=01/02/03 flow=01 exit=00 screen=00 in=03 player=00 pxy=106,80 v=02/00
BP_transition_call pc=A631 sp=F37C p=01/02/03 flow=01 exit=00 screen=00 in=03 player=00 pxy=106,80 v=02/00
BP_transition_call pc=A631 sp=F37C p=01/02/03 flow=01 exit=00 screen=00 in=03 player=00 pxy=106,80 v=02/00
BP_transition_call pc=A631 sp=F37C p=01/02/03 flow=01 exit=00 screen=00 in=03 player=00 pxy=106,80 v=02/00
BP_transition_call pc=A631 sp=F37C p=01/02/03 flow=01 exit=00 screen=00 in=03 player=00 pxy=106,80 v=02/00
BP_transition_call pc=A631 sp=F37C p=01/02/03 flow=01 exit=00 screen=00 in=03 player=00 pxy=106,80 v=02/00
BP_transition_call pc=A631 sp=F37C p=01/02/03 flow=01 exit=00 screen=00 in=03 player=00 pxy=106,80 v=02/00
BP_transition_call pc=A631 sp=F37C p=01/02/03 flow=01 exit=00 screen=00 in=03 player=00 pxy=106,80 v=02/00
BP_transition_call pc=A631 sp=F37C p=01/02/03 flow=01 exit=00 screen=00 in=03 player=00 pxy=106,80 v=02/00
BP_transition_call pc=A631 sp=F37C p=01/02/03 flow=01 exit=00 screen=00 in=03 player=00 pxy=106,80 v=02/00
BP_transition_call pc=A631 sp=F37C p=01/02/03 flow=01 exit=00 screen=00 in=03 player=00 pxy=106,80 v=02/00
BP_transition_call pc=A631 sp=F37C p=01/02/03 flow=01 exit=00 screen=00 in=03 player=00 pxy=106,80 v=02/00
BP_transition_call pc=A631 sp=F37C p=01/02/03 flow=01 exit=00 screen=00 in=03 player=00 pxy=106,80 v=02/00
BP_transition_call pc=A631 sp=F37C p=01/02/03 flow=01 exit=00 screen=00 in=03 player=00 pxy=106,80 v=02/00
BP_transition_call pc=A631 sp=F37C p=01/02/03 flow=01 exit=00 screen=00 in=03 player=00 pxy=106,80 v=02/00
BP_transition_call pc=A631 sp=F37C p=01/02/03 flow=01 exit=00 screen=00 in=03 player=00 pxy=106,80 v=02/00
BP_transition_call pc=A631 sp=F37C p=01/02/03 flow=01 exit=00 screen=00 in=03 player=00 pxy=106,80 v=02/00
BP_transition_call pc=A631 sp=F37C p=01/02/03 flow=01 exit=00 screen=00 in=03 player=00 pxy=106,80 v=02/00
BP_transition_call pc=A631 sp=F37C p=01/02/03 flow=01 exit=00 screen=00 in=03 player=00 pxy=106,80 v=02/00
BP_transition_call pc=A631 sp=F37C p=01/02/03 flow=01 exit=00 screen=00 in=03 player=00 pxy=106,80 v=02/00
BP_transition_call pc=A631 sp=F37C p=01/02/03 flow=01 exit=00 screen=00 in=03 player=00 pxy=106,80 v=02/00
BP_transition_call pc=A631 sp=F37C p=01/02/03 flow=01 exit=00 screen=00 in=03 player=00 pxy=106,80 v=02/00
BP_transition_call pc=A631 sp=F37C p=01/02/03 flow=01 exit=00 screen=00 in=03 player=00 pxy=106,80 v=02/00
BP_transition_call pc=A631 sp=F37C p=01/02/03 flow=01 exit=00 screen=00 in=03 player=00 pxy=106,80 v=02/00
BP_transition_call pc=A631 sp=F37C p=01/02/03 flow=01 exit=00 screen=00 in=03 player=00 pxy=106,80 v=02/00
BP_transition_call pc=A631 sp=F37C p=01/02/03 flow=01 exit=00 screen=00 in=03 player=00 pxy=106,80 v=02/00
BP_transition_call pc=A631 sp=F37C p=01/02/03 flow=01 exit=00 screen=00 in=03 player=00 pxy=106,80 v=02/00
BP_transition_call pc=A631 sp=F37C p=01/02/03 flow=01 exit=00 screen=00 in=03 player=00 pxy=106,80 v=02/00
BP_transition_call pc=A631 sp=F37C p=01/02/03 flow=01 exit=00 screen=00 in=03 player=00 pxy=106,80 v=02/00
BP_transition_call pc=A631 sp=F37C p=01/02/03 flow=01 exit=00 screen=00 in=03 player=00 pxy=106,80 v=02/00
BP_transition_call pc=A631 sp=F37C p=01/02/03 flow=01 exit=00 screen=00 in=03 player=00 pxy=106,80 v=02/00
BP_transition_call pc=A631 sp=F37C p=01/02/03 flow=01 exit=00 screen=00 in=03 player=00 pxy=106,80 v=02/00
BP_transition_call pc=A631 sp=F37C p=01/02/03 flow=01 exit=00 screen=00 in=03 player=00 pxy=106,80 v=02/00
BP_transition_call pc=A631 sp=F37C p=01/02/03 flow=01 exit=00 screen=00 in=03 player=00 pxy=106,80 v=02/00
BP_transition_call pc=A631 sp=F37C p=01/02/03 flow=01 exit=00 screen=00 in=03 player=00 pxy=106,80 v=02/00
BP_transition_call pc=A631 sp=F37C p=01/02/03 flow=01 exit=00 screen=00 in=03 player=00 pxy=106,80 v=02/00
BP_transition_call pc=A631 sp=F37C p=01/02/03 flow=01 exit=00 screen=00 in=03 player=00 pxy=106,80 v=02/00
BP_transition_call pc=A631 sp=F37C p=01/02/03 flow=01 exit=00 screen=00 in=03 player=00 pxy=106,80 v=02/00
BP_transition_call pc=A631 sp=F37C p=01/02/03 flow=01 exit=00 screen=00 in=03 player=00 pxy=106,80 v=02/00
BP_transition_call pc=A631 sp=F37C p=01/02/03 flow=01 exit=00 screen=00 in=03 player=00 pxy=106,80 v=02/00
BP_transition_call pc=A631 sp=F37C p=01/02/03 flow=01 exit=00 screen=00 in=03 player=00 pxy=106,80 v=02/00
BP_transition_call pc=A631 sp=F37C p=01/02/03 flow=01 exit=00 screen=00 in=03 player=00 pxy=106,80 v=02/00
BP_transition_call pc=A631 sp=F37C p=01/02/03 flow=01 exit=00 screen=00 in=03 player=00 pxy=106,80 v=02/00
BP_transition_call pc=A631 sp=F37C p=01/02/03 flow=01 exit=00 screen=00 in=03 player=00 pxy=106,80 v=02/00
BP_transition_call pc=A631 sp=F37C p=01/02/03 flow=01 exit=00 screen=00 in=03 player=00 pxy=106,80 v=02/00
BP_transition_call pc=A631 sp=F37C p=01/02/03 flow=01 exit=00 screen=00 in=03 player=00 pxy=106,80 v=02/00
BP_transition_call pc=A631 sp=F37C p=01/02/03 flow=01 exit=00 screen=00 in=03 player=00 pxy=106,80 v=02/00
BP_transition_call pc=A631 sp=F37C p=01/02/03 flow=01 exit=00 screen=00 in=03 player=00 pxy=106,80 v=02/00
BP_transition_call pc=A631 sp=F37C p=01/02/03 flow=01 exit=00 screen=00 in=03 player=00 pxy=106,80 v=02/00
BP_transition_call pc=A631 sp=F37C p=01/02/03 flow=01 exit=00 screen=00 in=03 player=00 pxy=106,80 v=02/00
BP_transition_call pc=A631 sp=F37C p=01/02/03 flow=01 exit=00 screen=00 in=03 player=00 pxy=106,80 v=02/00
BP_transition_call pc=A631 sp=F37C p=01/02/03 flow=01 exit=00 screen=00 in=03 player=00 pxy=106,80 v=02/00
BP_transition_call pc=A631 sp=F37C p=01/02/03 flow=01 exit=00 screen=00 in=03 player=00 pxy=106,80 v=02/00
BP_transition_call pc=A631 sp=F37C p=01/02/03 flow=01 exit=00 screen=00 in=03 player=00 pxy=106,80 v=02/00
BP_transition_call pc=A631 sp=F37C p=01/02/03 flow=01 exit=00 screen=00 in=03 player=00 pxy=106,80 v=02/00
BP_transition_call pc=A631 sp=F37C p=01/02/03 flow=01 exit=00 screen=00 in=03 player=00 pxy=106,80 v=02/00
BP_transition_call pc=A631 sp=F37C p=01/02/03 flow=01 exit=00 screen=00 in=03 player=00 pxy=106,80 v=02/00
BP_transition_call pc=A631 sp=F37C p=01/02/03 flow=01 exit=00 screen=00 in=03 player=00 pxy=106,80 v=02/00
BP_transition_call pc=A631 sp=F37C p=01/02/03 flow=01 exit=00 screen=00 in=03 player=00 pxy=106,80 v=02/00
BP_transition_call pc=A631 sp=F37C p=01/02/03 flow=01 exit=00 screen=00 in=03 player=00 pxy=106,80 v=02/00
BP_transition_call pc=A631 sp=F37C p=01/02/03 flow=01 exit=00 screen=00 in=03 player=00 pxy=106,80 v=02/00
BP_transition_call pc=A631 sp=F37C p=01/02/03 flow=01 exit=00 screen=00 in=03 player=00 pxy=106,80 v=02/00
BP_transition_call pc=A631 sp=F37C p=01/02/03 flow=01 exit=00 screen=00 in=03 player=00 pxy=106,80 v=02/00
BP_transition_call pc=A631 sp=F37C p=01/02/03 flow=01 exit=00 screen=00 in=03 player=00 pxy=106,80 v=02/00
BP_transition_call pc=A631 sp=F37C p=01/02/03 flow=01 exit=00 screen=00 in=03 player=00 pxy=106,80 v=02/00
BP_transition_call pc=A631 sp=F37C p=01/02/03 flow=01 exit=00 screen=00 in=03 player=00 pxy=106,80 v=02/00
BP_transition_call pc=A631 sp=F37C p=01/02/03 flow=01 exit=00 screen=00 in=03 player=00 pxy=106,80 v=02/00
BP_transition_call pc=A631 sp=F37C p=01/02/03 flow=01 exit=00 screen=00 in=03 player=00 pxy=106,80 v=02/00
BP_transition_call pc=A631 sp=F37C p=01/02/03 flow=01 exit=00 screen=00 in=03 player=00 pxy=106,80 v=02/00
BP_transition_call pc=A631 sp=F37C p=01/02/03 flow=01 exit=00 screen=00 in=03 player=00 pxy=106,80 v=02/00
BP_transition_call pc=A631 sp=F37C p=01/02/03 flow=01 exit=00 screen=00 in=03 player=00 pxy=106,80 v=02/00
BP_transition_call pc=A631 sp=F37C p=01/02/03 flow=01 exit=00 screen=00 in=03 player=00 pxy=106,80 v=02/00
BP_transition_call pc=A631 sp=F37C p=01/02/03 flow=01 exit=00 screen=00 in=03 player=00 pxy=106,80 v=02/00
BP_transition_call pc=A631 sp=F37C p=01/02/03 flow=01 exit=00 screen=00 in=03 player=00 pxy=106,80 v=02/00
BP_transition_call pc=A631 sp=F37C p=01/02/03 flow=01 exit=00 screen=00 in=03 player=00 pxy=106,80 v=02/00
BP_transition_call pc=A631 sp=F37C p=01/02/03 flow=01 exit=00 screen=00 in=03 player=00 pxy=106,80 v=02/00
BP_transition_call pc=A631 sp=F37C p=01/02/03 flow=01 exit=00 screen=00 in=03 player=00 pxy=106,80 v=02/00
BP_transition_call pc=A631 sp=F37C p=01/02/03 flow=01 exit=00 screen=00 in=03 player=00 pxy=106,80 v=02/00
BP_transition_call pc=A631 sp=F37C p=01/02/03 flow=01 exit=00 screen=00 in=03 player=00 pxy=106,80 v=02/00
BP_transition_call pc=A631 sp=F37C p=01/02/03 flow=01 exit=00 screen=00 in=03 player=00 pxy=106,80 v=02/00
BP_transition_call pc=A631 sp=F37C p=01/02/03 flow=01 exit=00 screen=00 in=03 player=00 pxy=106,80 v=02/00
BP_transition_call pc=A631 sp=F37C p=01/02/03 flow=01 exit=00 screen=00 in=03 player=00 pxy=106,80 v=02/00
BP_transition_call pc=A631 sp=F37C p=01/02/03 flow=01 exit=00 screen=00 in=03 player=00 pxy=106,80 v=02/00
BP_transition_call pc=A631 sp=F37C p=01/02/03 flow=01 exit=00 screen=00 in=03 player=00 pxy=106,80 v=02/00
BP_transition_call pc=A631 sp=F37C p=01/02/03 flow=01 exit=00 screen=00 in=03 player=00 pxy=106,80 v=02/00
BP_transition_call pc=A631 sp=F37C p=01/02/03 flow=01 exit=00 screen=00 in=03 player=00 pxy=106,80 v=02/00
BP_transition_call pc=A631 sp=F37C p=01/02/03 flow=01 exit=00 screen=00 in=03 player=00 pxy=106,80 v=02/00
BP_transition_call pc=A631 sp=F37C p=01/02/03 flow=01 exit=00 screen=00 in=03 player=00 pxy=106,80 v=02/00
BP_transition_call pc=A631 sp=F37C p=01/02/03 flow=01 exit=00 screen=00 in=03 player=00 pxy=106,80 v=02/00
BP_transition_call pc=A631 sp=F37C p=01/02/03 flow=01 exit=00 screen=00 in=03 player=00 pxy=106,80 v=02/00
BP_transition_call pc=A631 sp=F37C p=01/02/03 flow=01 exit=00 screen=00 in=03 player=00 pxy=106,80 v=02/00
BP_transition_call pc=A631 sp=F37C p=01/02/03 flow=01 exit=00 screen=00 in=03 player=00 pxy=106,80 v=02/00
BP_transition_call pc=A631 sp=F37C p=01/02/03 flow=01 exit=00 screen=00 in=03 player=00 pxy=106,80 v=02/00
BP_transition_call pc=A631 sp=F37C p=01/02/03 flow=01 exit=00 screen=00 in=03 player=00 pxy=106,80 v=02/00
BP_transition_call pc=A631 sp=F37C p=01/02/03 flow=01 exit=00 screen=00 in=03 player=00 pxy=106,80 v=02/00
BP_transition_call pc=A631 sp=F37C p=01/02/03 flow=01 exit=00 screen=00 in=03 player=00 pxy=106,80 v=02/00
BP_transition_call pc=A631 sp=F37C p=01/02/03 flow=01 exit=00 screen=00 in=03 player=00 pxy=106,80 v=02/00
BP_transition_call pc=A631 sp=F37C p=01/02/03 flow=01 exit=00 screen=00 in=03 player=00 pxy=106,80 v=02/00
BP_transition_call pc=A631 sp=F37C p=01/02/03 flow=01 exit=00 screen=00 in=03 player=00 pxy=106,80 v=02/00
BP_transition_call pc=A631 sp=F37C p=01/02/03 flow=01 exit=00 screen=00 in=03 player=00 pxy=106,80 v=02/00
BP_transition_call pc=A631 sp=F37C p=01/02/03 flow=01 exit=00 screen=00 in=03 player=00 pxy=106,80 v=02/00
BP_transition_call pc=A631 sp=F37C p=01/02/03 flow=01 exit=00 screen=00 in=03 player=00 pxy=106,80 v=02/00
BP_transition_call pc=A631 sp=F37C p=01/02/03 flow=01 exit=00 screen=00 in=03 player=00 pxy=106,80 v=02/00
BP_transition_call pc=A631 sp=F37C p=01/02/03 flow=01 exit=00 screen=00 in=03 player=00 pxy=106,80 v=02/00
BP_transition_call pc=A631 sp=F37C p=01/02/03 flow=01 exit=00 screen=00 in=03 player=00 pxy=106,80 v=02/00
BP_transition_call pc=A631 sp=F37C p=01/02/03 flow=01 exit=00 screen=00 in=03 player=00 pxy=106,80 v=02/00
BP_transition_call pc=A631 sp=F37C p=01/02/03 flow=01 exit=00 screen=00 in=03 player=00 pxy=106,80 v=02/00
BP_transition_call pc=A631 sp=F37C p=01/02/03 flow=01 exit=00 screen=00 in=03 player=00 pxy=106,80 v=02/00
BP_transition_call pc=A631 sp=F37C p=01/02/03 flow=01 exit=00 screen=00 in=03 player=00 pxy=106,80 v=02/00
BP_transition_call pc=A631 sp=F37C p=01/02/03 flow=01 exit=00 screen=00 in=03 player=00 pxy=106,80 v=02/00
BP_transition_call pc=A631 sp=F37C p=01/02/03 flow=01 exit=00 screen=00 in=03 player=00 pxy=106,80 v=02/00
BP_transition_call pc=A631 sp=F37C p=01/02/03 flow=01 exit=00 screen=00 in=03 player=00 pxy=106,80 v=02/00
BP_transition_call pc=A631 sp=F37C p=01/02/03 flow=01 exit=00 screen=00 in=03 player=00 pxy=106,80 v=02/00
BP_transition_call pc=A631 sp=F37C p=01/02/03 flow=01 exit=00 screen=00 in=03 player=00 pxy=106,80 v=02/00
BP_transition_call pc=A631 sp=F37C p=01/02/03 flow=01 exit=00 screen=00 in=03 player=00 pxy=106,80 v=02/00
BP_transition_call pc=A631 sp=F37C p=01/02/03 flow=01 exit=00 screen=00 in=03 player=00 pxy=106,80 v=02/00
BP_transition_call pc=A631 sp=F37C p=01/02/03 flow=01 exit=00 screen=00 in=03 player=00 pxy=106,80 v=02/00
BP_transition_call pc=A631 sp=F37C p=01/02/03 flow=01 exit=00 screen=00 in=03 player=00 pxy=106,80 v=02/00
BP_transition_call pc=A631 sp=F37C p=01/02/03 flow=01 exit=00 screen=00 in=03 player=00 pxy=106,80 v=02/00
BP_transition_call pc=A631 sp=F37C p=01/02/03 flow=01 exit=00 screen=00 in=03 player=00 pxy=106,80 v=02/00
BP_transition_call pc=A631 sp=F37C p=01/02/03 flow=01 exit=00 screen=00 in=03 player=00 pxy=106,80 v=02/00
BP_transition_call pc=A631 sp=F37C p=01/02/03 flow=01 exit=00 screen=00 in=03 player=00 pxy=106,80 v=02/00
BP_transition_call pc=A631 sp=F37C p=01/02/03 flow=01 exit=00 screen=00 in=03 player=00 pxy=106,80 v=02/00
BP_transition_call pc=A631 sp=F37C p=01/02/03 flow=01 exit=00 screen=00 in=03 player=00 pxy=106,80 v=02/00
BP_transition_call pc=A631 sp=F37C p=01/02/03 flow=01 exit=00 screen=00 in=03 player=00 pxy=106,80 v=02/00
BP_transition_call pc=A631 sp=F37C p=01/02/03 flow=01 exit=00 screen=00 in=03 player=00 pxy=106,80 v=02/00
BP_transition_call pc=A631 sp=F37C p=01/02/03 flow=01 exit=00 screen=00 in=03 player=00 pxy=106,80 v=02/00
BP_transition_call pc=A631 sp=F37C p=01/02/03 flow=01 exit=00 screen=00 in=03 player=00 pxy=106,80 v=02/00
BP_transition_call pc=A631 sp=F37C p=01/02/03 flow=01 exit=00 screen=00 in=03 player=00 pxy=106,80 v=02/00
BP_transition_call pc=A631 sp=F37C p=01/02/03 flow=01 exit=00 screen=00 in=03 player=00 pxy=106,80 v=02/00
BP_transition_call pc=A631 sp=F37C p=01/02/03 flow=01 exit=00 screen=00 in=03 player=00 pxy=106,80 v=02/00
BP_transition_call pc=A631 sp=F37C p=01/02/03 flow=01 exit=00 screen=00 in=03 player=00 pxy=106,80 v=02/00
BP_transition_call pc=A631 sp=F37C p=01/02/03 flow=01 exit=00 screen=00 in=03 player=00 pxy=106,80 v=02/00
BP_transition_call pc=A631 sp=F37C p=01/02/03 flow=01 exit=00 screen=00 in=03 player=00 pxy=106,80 v=02/00
BP_transition_call pc=A631 sp=F37C p=01/02/03 flow=01 exit=00 screen=00 in=03 player=00 pxy=106,80 v=02/00
BP_transition_call pc=A631 sp=F37C p=01/02/03 flow=01 exit=00 screen=00 in=03 player=00 pxy=106,80 v=02/00
BP_transition_call pc=A631 sp=F37C p=01/02/03 flow=01 exit=00 screen=00 in=03 player=00 pxy=106,80 v=02/00
BP_transition_call pc=A631 sp=F37C p=01/02/03 flow=01 exit=00 screen=00 in=03 player=00 pxy=106,80 v=02/00
BP_transition_call pc=A631 sp=F37C p=01/02/03 flow=01 exit=00 screen=00 in=03 player=00 pxy=106,80 v=02/00
BP_transition_call pc=A631 sp=F37C p=01/02/03 flow=01 exit=00 screen=00 in=03 player=00 pxy=106,80 v=02/00
BP_transition_call pc=A631 sp=F37C p=01/02/03 flow=01 exit=00 screen=00 in=03 player=00 pxy=106,80 v=02/00
BP_transition_call pc=A631 sp=F37C p=01/02/03 flow=01 exit=00 screen=00 in=03 player=00 pxy=106,80 v=02/00
BP_transition_call pc=A631 sp=F37C p=01/02/03 flow=01 exit=00 screen=00 in=03 player=00 pxy=106,80 v=02/00
BP_transition_call pc=A631 sp=F37C p=01/02/03 flow=01 exit=00 screen=00 in=03 player=00 pxy=106,80 v=02/00
BP_transition_call pc=A631 sp=F37C p=01/02/03 flow=01 exit=00 screen=00 in=03 player=00 pxy=106,80 v=02/00
BP_transition_call pc=A631 sp=F37C p=01/02/03 flow=01 exit=00 screen=00 in=03 player=00 pxy=106,80 v=02/00
BP_transition_call pc=A631 sp=F37C p=01/02/03 flow=01 exit=00 screen=00 in=03 player=00 pxy=106,80 v=02/00
BP_transition_call pc=A631 sp=F37C p=01/02/03 flow=01 exit=00 screen=00 in=03 player=00 pxy=106,80 v=02/00
BP_transition_call pc=A631 sp=F37C p=01/02/03 flow=01 exit=00 screen=00 in=03 player=00 pxy=106,80 v=02/00
BP_transition_call pc=A631 sp=F37C p=01/02/03 flow=01 exit=00 screen=00 in=03 player=00 pxy=106,80 v=02/00
BP_transition_call pc=A631 sp=F37C p=01/02/03 flow=01 exit=00 screen=00 in=03 player=00 pxy=106,80 v=02/00
BP_transition_call pc=A631 sp=F37C p=01/02/03 flow=01 exit=00 screen=00 in=03 player=00 pxy=106,80 v=02/00
BP_transition_call pc=A631 sp=F37C p=01/02/03 flow=01 exit=00 screen=00 in=03 player=00 pxy=106,80 v=02/00
BP_transition_call pc=A631 sp=F37C p=01/02/03 flow=01 exit=00 screen=00 in=03 player=00 pxy=106,80 v=02/00
BP_transition_call pc=A631 sp=F37C p=01/02/03 flow=01 exit=00 screen=00 in=03 player=00 pxy=106,80 v=02/00
BP_transition_call pc=A631 sp=F37C p=01/02/03 flow=01 exit=00 screen=00 in=03 player=00 pxy=106,80 v=02/00
BP_transition_call pc=A631 sp=F37C p=01/02/03 flow=01 exit=00 screen=00 in=03 player=00 pxy=106,80 v=02/00
BP_transition_call pc=A631 sp=F37C p=01/02/03 flow=01 exit=00 screen=00 in=03 player=00 pxy=106,80 v=02/00
BP_transition_call pc=A631 sp=F37C p=01/02/03 flow=01 exit=00 screen=00 in=03 player=00 pxy=106,80 v=02/00
BP_transition_call pc=A631 sp=F37C p=01/02/03 flow=01 exit=00 screen=00 in=03 player=00 pxy=106,80 v=02/00
BP_transition_call pc=A631 sp=F37C p=01/02/03 flow=01 exit=00 screen=00 in=03 player=00 pxy=106,80 v=02/00
BP_transition_call pc=A631 sp=F37C p=01/02/03 flow=01 exit=00 screen=00 in=03 player=00 pxy=106,80 v=02/00
BP_transition_call pc=A631 sp=F37C p=01/02/03 flow=01 exit=00 screen=00 in=03 player=00 pxy=106,80 v=02/00
BP_transition_call pc=A631 sp=F37C p=01/02/03 flow=01 exit=00 screen=00 in=03 player=00 pxy=106,80 v=02/00
BP_transition_call pc=A631 sp=F37C p=01/02/03 flow=01 exit=00 screen=00 in=03 player=00 pxy=106,80 v=02/00
BP_transition_call pc=A631 sp=F37C p=01/02/03 flow=01 exit=00 screen=00 in=03 player=00 pxy=106,80 v=02/00
BP_transition_call pc=A631 sp=F37C p=01/02/03 flow=01 exit=00 screen=00 in=03 player=00 pxy=106,80 v=02/00
BP_transition_call pc=A631 sp=F37C p=01/02/03 flow=01 exit=00 screen=00 in=03 player=00 pxy=106,80 v=02/00
BP_transition_call pc=A631 sp=F37C p=01/02/03 flow=01 exit=00 screen=00 in=03 player=00 pxy=106,80 v=02/00
BP_transition_call pc=A631 sp=F37C p=01/02/03 flow=01 exit=00 screen=00 in=03 player=00 pxy=106,80 v=02/00
BP_transition_call pc=A631 sp=F37C p=01/02/03 flow=01 exit=00 screen=00 in=03 player=00 pxy=106,80 v=02/00
BP_transition_call pc=A631 sp=F37C p=01/02/03 flow=01 exit=00 screen=00 in=03 player=00 pxy=106,80 v=02/00
BP_transition_call pc=A631 sp=F37C p=01/02/03 flow=01 exit=00 screen=00 in=03 player=00 pxy=106,80 v=02/00
BP_transition_call pc=A631 sp=F37C p=01/02/03 flow=01 exit=00 screen=00 in=03 player=00 pxy=106,80 v=02/00
BP_transition_call pc=A631 sp=F37C p=01/02/03 flow=01 exit=00 screen=00 in=03 player=00 pxy=106,80 v=02/00
BP_transition_call pc=A631 sp=F37C p=01/02/03 flow=01 exit=00 screen=00 in=03 player=00 pxy=106,80 v=02/00
BP_transition_call pc=A631 sp=F37C p=01/02/03 flow=01 exit=00 screen=00 in=03 player=00 pxy=106,80 v=02/00
BP_transition_call pc=A631 sp=F37C p=01/02/03 flow=01 exit=00 screen=00 in=03 player=00 pxy=106,80 v=02/00
BP_transition_call pc=A631 sp=F37C p=01/02/03 flow=01 exit=00 screen=00 in=03 player=00 pxy=106,80 v=02/00
BP_transition_call pc=A631 sp=F37C p=01/02/03 flow=01 exit=00 screen=00 in=03 player=00 pxy=106,80 v=02/00
BP_transition_call pc=A631 sp=F37C p=01/02/03 flow=01 exit=00 screen=00 in=03 player=00 pxy=106,80 v=02/00
BP_transition_call pc=A631 sp=F37C p=01/02/03 flow=01 exit=00 screen=00 in=03 player=00 pxy=106,80 v=02/00
BP_transition_call pc=A631 sp=F37C p=01/02/03 flow=01 exit=00 screen=00 in=03 player=00 pxy=106,80 v=02/00
BP_transition_call pc=A631 sp=F37C p=01/02/03 flow=01 exit=00 screen=00 in=03 player=00 pxy=106,80 v=02/00
BP_transition_call pc=A631 sp=F37C p=01/02/03 flow=01 exit=00 screen=00 in=03 player=00 pxy=106,80 v=02/00
BP_transition_call pc=A631 sp=F37C p=01/02/03 flow=01 exit=00 screen=00 in=03 player=00 pxy=106,80 v=02/00
BP_transition_call pc=A631 sp=F37C p=01/02/03 flow=01 exit=00 screen=00 in=03 player=00 pxy=106,80 v=02/00
BP_transition_call pc=A631 sp=F37C p=01/02/03 flow=01 exit=00 screen=00 in=03 player=00 pxy=106,80 v=02/00
BP_transition_call pc=A631 sp=F37C p=01/02/03 flow=01 exit=00 screen=00 in=03 player=00 pxy=106,80 v=02/00
BP_transition_call pc=A631 sp=F37C p=01/02/03 flow=01 exit=00 screen=00 in=03 player=00 pxy=106,80 v=02/00
BP_transition_call pc=A631 sp=F37C p=01/02/03 flow=01 exit=00 screen=00 in=03 player=00 pxy=106,80 v=02/00
BP_transition_call pc=A631 sp=F37C p=01/02/03 flow=01 exit=00 screen=00 in=03 player=00 pxy=106,80 v=02/00
BP_transition_call pc=A631 sp=F37C p=01/02/03 flow=01 exit=00 screen=00 in=03 player=00 pxy=106,80 v=02/00
BP_transition_call pc=A631 sp=F37C p=01/02/03 flow=01 exit=00 screen=00 in=03 player=00 pxy=106,80 v=02/00
BP_transition_call pc=A631 sp=F37C p=01/02/03 flow=01 exit=00 screen=00 in=03 player=00 pxy=106,80 v=02/00
BP_transition_call pc=A631 sp=F37C p=01/02/03 flow=01 exit=00 screen=00 in=03 player=00 pxy=106,80 v=02/00
BP_transition_call pc=A631 sp=F37C p=01/02/03 flow=01 exit=00 screen=00 in=03 player=00 pxy=106,80 v=02/00
BP_transition_call pc=A631 sp=F37C p=01/02/03 flow=01 exit=00 screen=00 in=03 player=00 pxy=106,80 v=02/00
BP_transition_call pc=A631 sp=F37C p=01/02/03 flow=01 exit=00 screen=00 in=03 player=00 pxy=106,80 v=02/00
BP_transition_call pc=A631 sp=F37C p=01/02/03 flow=01 exit=00 screen=00 in=03 player=00 pxy=106,80 v=02/00
BP_transition_call pc=A631 sp=F37C p=01/02/03 flow=01 exit=00 screen=00 in=03 player=00 pxy=106,80 v=02/00
BP_transition_call pc=A631 sp=F37C p=01/02/03 flow=01 exit=00 screen=00 in=03 player=00 pxy=106,80 v=02/00
BP_transition_call pc=A631 sp=F37C p=01/02/03 flow=01 exit=00 screen=00 in=03 player=00 pxy=106,80 v=02/00
BP_transition_call pc=A631 sp=F37C p=01/02/03 flow=01 exit=00 screen=00 in=03 player=00 pxy=106,80 v=02/00
BP_transition_call pc=A631 sp=F37C p=01/02/03 flow=01 exit=00 screen=00 in=03 player=00 pxy=106,80 v=02/00
BP_transition_call pc=A631 sp=F37C p=01/02/03 flow=01 exit=00 screen=00 in=03 player=00 pxy=106,80 v=02/00
BP_transition_call pc=A631 sp=F37C p=01/02/03 flow=01 exit=00 screen=00 in=03 player=00 pxy=106,80 v=02/00
BP_transition_call pc=A631 sp=F37C p=01/02/03 flow=01 exit=00 screen=00 in=03 player=00 pxy=106,80 v=02/00
BP_transition_call pc=A631 sp=F37C p=01/02/03 flow=01 exit=00 screen=00 in=03 player=00 pxy=106,80 v=02/00
BP_transition_call pc=A631 sp=F37C p=01/02/03 flow=01 exit=00 screen=00 in=03 player=00 pxy=106,80 v=02/00
BP_transition_call pc=A631 sp=F37C p=01/02/03 flow=01 exit=00 screen=00 in=03 player=00 pxy=106,80 v=02/00
BP_transition_call pc=A631 sp=F37C p=01/02/03 flow=01 exit=00 screen=00 in=03 player=00 pxy=106,80 v=02/00
BP_transition_call pc=A631 sp=F37C p=01/02/03 flow=01 exit=00 screen=00 in=03 player=00 pxy=106,80 v=02/00
BP_transition_call pc=A631 sp=F37C p=01/02/03 flow=01 exit=00 screen=00 in=03 player=00 pxy=106,80 v=02/00
BP_transition_call pc=A631 sp=F37C p=01/02/03 flow=01 exit=00 screen=00 in=03 player=00 pxy=106,80 v=02/00
BP_transition_call pc=A631 sp=F37C p=01/02/03 flow=01 exit=00 screen=00 in=03 player=00 pxy=106,80 v=02/00
BP_transition_call pc=A631 sp=F37C p=01/02/03 flow=01 exit=00 screen=00 in=03 player=00 pxy=106,80 v=02/00
BP_transition_call pc=A631 sp=F37C p=01/02/03 flow=01 exit=00 screen=00 in=03 player=00 pxy=106,80 v=02/00
BP_transition_call pc=A631 sp=F37C p=01/02/03 flow=01 exit=00 screen=00 in=03 player=00 pxy=106,80 v=02/00
BP_transition_call pc=A631 sp=F37C p=01/02/03 flow=01 exit=00 screen=00 in=03 player=00 pxy=106,80 v=02/00
BP_transition_call pc=A631 sp=F37C p=01/02/03 flow=01 exit=00 screen=00 in=03 player=00 pxy=106,80 v=02/00
BP_transition_call pc=A631 sp=F37C p=01/02/03 flow=01 exit=00 screen=00 in=03 player=00 pxy=106,80 v=02/00
BP_transition_call pc=A631 sp=F37C p=01/02/03 flow=01 exit=00 screen=00 in=03 player=00 pxy=106,80 v=02/00
BP_transition_call pc=A631 sp=F37C p=01/02/03 flow=01 exit=00 screen=00 in=03 player=00 pxy=106,80 v=02/00
BP_transition_call pc=A631 sp=F37C p=01/02/03 flow=01 exit=00 screen=00 in=03 player=00 pxy=106,80 v=02/00
BP_transition_call pc=A631 sp=F37C p=01/02/03 flow=01 exit=00 screen=00 in=03 player=00 pxy=106,80 v=02/00
BP_transition_call pc=A631 sp=F37C p=01/02/03 flow=01 exit=00 screen=00 in=03 player=00 pxy=106,80 v=02/00
BP_transition_call pc=A631 sp=F37C p=01/02/03 flow=01 exit=00 screen=00 in=03 player=00 pxy=106,80 v=02/00
BP_transition_call pc=A631 sp=F37C p=01/02/03 flow=01 exit=00 screen=00 in=03 player=00 pxy=106,80 v=02/00
BP_transition_call pc=A631 sp=F37C p=01/02/03 flow=01 exit=00 screen=00 in=03 player=00 pxy=106,80 v=02/00
BP_transition_call pc=A631 sp=F37C p=01/02/03 flow=01 exit=00 screen=00 in=03 player=00 pxy=106,80 v=02/00
BP_transition_call pc=A631 sp=F37C p=01/02/03 flow=01 exit=00 screen=00 in=03 player=00 pxy=106,80 v=02/00
BP_transition_call pc=A631 sp=F37C p=01/02/03 flow=01 exit=00 screen=00 in=03 player=00 pxy=106,80 v=02/00
BP_transition_call pc=A631 sp=F37C p=01/02/03 flow=01 exit=00 screen=00 in=03 player=00 pxy=106,80 v=02/00
BP_transition_call pc=A631 sp=F37C p=01/02/03 flow=01 exit=00 screen=00 in=03 player=00 pxy=106,80 v=02/00
BP_transition_call pc=A631 sp=F37C p=01/02/03 flow=01 exit=00 screen=00 in=03 player=00 pxy=106,80 v=02/00
BP_transition_call pc=A631 sp=F37C p=01/02/03 flow=01 exit=00 screen=00 in=03 player=00 pxy=106,80 v=02/00
BP_transition_call pc=A631 sp=F37C p=01/02/03 flow=01 exit=00 screen=00 in=03 player=00 pxy=106,80 v=02/00
BP_transition_call pc=A631 sp=F37C p=01/02/03 flow=01 exit=00 screen=00 in=03 player=00 pxy=106,80 v=02/00
BP_transition_call pc=A631 sp=F37C p=01/02/03 flow=01 exit=00 screen=00 in=03 player=00 pxy=106,80 v=02/00
BP_transition_call pc=A631 sp=F37C p=01/02/03 flow=01 exit=00 screen=00 in=03 player=00 pxy=106,80 v=02/00
BP_transition_call pc=A631 sp=F37C p=01/02/03 flow=01 exit=00 screen=00 in=03 player=00 pxy=106,80 v=02/00
BP_transition_call pc=A631 sp=F37C p=01/02/03 flow=01 exit=00 screen=00 in=03 player=00 pxy=106,80 v=02/00
BP_transition_call pc=A631 sp=F37C p=01/02/03 flow=01 exit=00 screen=00 in=03 player=00 pxy=106,80 v=02/00
BP_transition_call pc=A631 sp=F37C p=01/02/03 flow=01 exit=00 screen=00 in=03 player=00 pxy=106,80 v=02/00
BP_transition_call pc=A631 sp=F37C p=01/02/03 flow=01 exit=00 screen=00 in=03 player=00 pxy=106,80 v=02/00
BP_transition_call pc=A631 sp=F37C p=01/02/03 flow=01 exit=00 screen=00 in=03 player=00 pxy=106,80 v=02/00
BP_transition_call pc=A631 sp=F37C p=01/02/03 flow=01 exit=00 screen=00 in=03 player=00 pxy=106,80 v=02/00
BP_transition_call pc=A631 sp=F37C p=01/02/03 flow=01 exit=00 screen=00 in=03 player=00 pxy=106,80 v=02/00
BP_transition_call pc=A631 sp=F37C p=01/02/03 flow=01 exit=00 screen=00 in=03 player=00 pxy=106,80 v=02/00
BP_transition_call pc=A631 sp=F37C p=01/02/03 flow=01 exit=00 screen=00 in=03 player=00 pxy=106,80 v=02/00
BP_transition_call pc=A631 sp=F37C p=01/02/03 flow=01 exit=00 screen=00 in=03 player=00 pxy=106,80 v=02/00
BP_transition_call pc=A631 sp=F37C p=01/02/03 flow=01 exit=00 screen=00 in=03 player=00 pxy=106,80 v=02/00
BP_transition_call pc=A631 sp=F37C p=01/02/03 flow=01 exit=00 screen=00 in=03 player=00 pxy=106,80 v=02/00
BP_transition_call pc=A631 sp=F37C p=01/02/03 flow=01 exit=00 screen=00 in=03 player=00 pxy=106,80 v=02/00
BP_transition_call pc=A631 sp=F37C p=01/02/03 flow=01 exit=00 screen=00 in=03 player=00 pxy=106,80 v=02/00
BP_transition_call pc=A631 sp=F37C p=01/02/03 flow=01 exit=00 screen=00 in=03 player=00 pxy=106,80 v=02/00
BP_transition_call pc=A631 sp=F37C p=01/02/03 flow=01 exit=00 screen=00 in=03 player=00 pxy=106,80 v=02/00
BP_transition_call pc=A631 sp=F37C p=01/02/03 flow=01 exit=00 screen=00 in=03 player=00 pxy=106,80 v=02/00
BP_transition_call pc=A631 sp=F37C p=01/02/03 flow=01 exit=00 screen=00 in=03 player=00 pxy=106,80 v=02/00
BP_transition_call pc=A631 sp=F37C p=01/02/03 flow=01 exit=00 screen=00 in=03 player=00 pxy=106,80 v=02/00
BP_transition_call pc=A631 sp=F37C p=01/02/03 flow=01 exit=00 screen=00 in=03 player=00 pxy=106,80 v=02/00
BP_transition_call pc=A631 sp=F37C p=01/02/03 flow=01 exit=00 screen=00 in=03 player=00 pxy=106,80 v=02/00
BP_transition_call pc=A631 sp=F37C p=01/02/03 flow=01 exit=00 screen=00 in=03 player=00 pxy=106,80 v=02/00
BP_transition_call pc=A631 sp=F37C p=01/02/03 flow=01 exit=00 screen=00 in=03 player=00 pxy=106,80 v=02/00
BP_transition_call pc=A631 sp=F37C p=01/02/03 flow=01 exit=00 screen=00 in=03 player=00 pxy=106,80 v=02/00
BP_transition_call pc=A631 sp=F37C p=01/02/03 flow=01 exit=00 screen=00 in=03 player=00 pxy=106,80 v=02/00
BP_transition_call pc=A631 sp=F37C p=01/02/03 flow=01 exit=00 screen=00 in=03 player=00 pxy=106,80 v=02/00
BP_transition_call pc=A631 sp=F37C p=01/02/03 flow=01 exit=00 screen=00 in=03 player=00 pxy=106,80 v=02/00
BP_transition_call pc=A631 sp=F37C p=01/02/03 flow=01 exit=00 screen=00 in=03 player=00 pxy=106,80 v=02/00
BP_transition_call pc=A631 sp=F37C p=01/02/03 flow=01 exit=00 screen=00 in=03 player=00 pxy=106,80 v=02/00
BP_transition_call pc=A631 sp=F37C p=01/02/03 flow=01 exit=00 screen=00 in=03 player=00 pxy=106,80 v=02/00
BP_transition_call pc=A631 sp=F37C p=01/02/03 flow=01 exit=00 screen=00 in=03 player=00 pxy=106,80 v=02/00
BP_transition_call pc=A631 sp=F37C p=01/02/03 flow=01 exit=00 screen=00 in=03 player=00 pxy=106,80 v=02/00
BP_transition_call pc=A631 sp=F37C p=01/02/03 flow=01 exit=00 screen=00 in=03 player=00 pxy=106,80 v=02/00
BP_transition_call pc=A631 sp=F37C p=01/02/03 flow=01 exit=00 screen=00 in=03 player=00 pxy=106,80 v=02/00
BP_transition_call pc=A631 sp=F37C p=01/02/03 flow=01 exit=00 screen=00 in=03 player=00 pxy=106,80 v=02/00
BP_transition_call pc=A631 sp=F37C p=01/02/03 flow=01 exit=00 screen=00 in=03 player=00 pxy=106,80 v=02/00
BP_transition_call pc=A631 sp=F37C p=01/02/03 flow=01 exit=00 screen=00 in=03 player=00 pxy=106,80 v=02/00
BP_transition_call pc=A631 sp=F37C p=01/02/03 flow=01 exit=00 screen=00 in=03 player=00 pxy=106,80 v=02/00
BP_transition_call pc=A631 sp=F37C p=01/02/03 flow=01 exit=00 screen=00 in=03 player=00 pxy=106,80 v=02/00
BP_transition_call pc=A631 sp=F37C p=01/02/03 flow=01 exit=00 screen=00 in=03 player=00 pxy=106,80 v=02/00
BP_transition_call pc=A631 sp=F37C p=01/02/03 flow=01 exit=00 screen=00 in=03 player=00 pxy=106,80 v=02/00
BP_transition_call pc=A631 sp=F37C p=01/02/03 flow=01 exit=00 screen=00 in=03 player=00 pxy=106,80 v=02/00
BP_transition_call pc=A631 sp=F37C p=01/02/03 flow=01 exit=00 screen=00 in=03 player=00 pxy=106,80 v=02/00
BP_transition_call pc=A631 sp=F37C p=01/02/03 flow=01 exit=00 screen=00 in=03 player=00 pxy=106,80 v=02/00
BP_transition_call pc=A631 sp=F37C p=01/02/03 flow=01 exit=00 screen=00 in=03 player=00 pxy=106,80 v=02/00
BP_transition_call pc=A631 sp=F37C p=01/02/03 flow=01 exit=00 screen=00 in=03 player=00 pxy=106,80 v=02/00
BP_transition_call pc=A631 sp=F37C p=01/02/03 flow=01 exit=00 screen=00 in=03 player=00 pxy=106,80 v=02/00
BP_transition_call pc=A631 sp=F37C p=01/02/03 flow=01 exit=00 screen=00 in=03 player=00 pxy=106,80 v=02/00
BP_transition_call pc=A631 sp=F37C p=01/02/03 flow=01 exit=00 screen=00 in=03 player=00 pxy=106,80 v=02/00
BP_transition_call pc=A631 sp=F37C p=01/02/03 flow=01 exit=00 screen=00 in=03 player=00 pxy=106,80 v=02/00
BP_transition_call pc=A631 sp=F37C p=01/02/03 flow=01 exit=00 screen=00 in=03 player=00 pxy=106,80 v=02/00
BP_transition_call pc=A631 sp=F37C p=01/02/03 flow=01 exit=00 screen=00 in=03 player=00 pxy=106,80 v=02/00
BP_transition_call pc=A631 sp=F37C p=01/02/03 flow=01 exit=00 screen=00 in=03 player=00 pxy=106,80 v=02/00
BP_transition_call pc=A631 sp=F37C p=01/02/03 flow=01 exit=00 screen=00 in=03 player=00 pxy=106,80 v=02/00
BP_transition_call pc=A631 sp=F37C p=01/02/03 flow=01 exit=00 screen=00 in=03 player=00 pxy=106,80 v=02/00
BP_transition_call pc=A631 sp=F37C p=01/02/03 flow=01 exit=00 screen=00 in=03 player=00 pxy=106,80 v=02/00
BP_transition_call pc=A631 sp=F37C p=01/02/03 flow=01 exit=00 screen=00 in=03 player=00 pxy=106,80 v=02/00
BP_transition_call pc=A631 sp=F37C p=01/02/03 flow=01 exit=00 screen=00 in=03 player=00 pxy=106,80 v=02/00
BP_transition_call pc=A631 sp=F37C p=01/02/03 flow=01 exit=00 screen=00 in=03 player=00 pxy=106,80 v=02/00
BP_transition_call pc=A631 sp=F37C p=01/02/03 flow=01 exit=00 screen=00 in=03 player=00 pxy=106,80 v=02/00
BP_transition_call pc=A631 sp=F37C p=01/02/03 flow=01 exit=00 screen=00 in=03 player=00 pxy=106,80 v=02/00
BP_transition_call pc=A631 sp=F37C p=01/02/03 flow=01 exit=00 screen=00 in=03 player=00 pxy=106,80 v=02/00
BP_transition_call pc=A631 sp=F37C p=01/02/03 flow=01 exit=00 screen=00 in=03 player=00 pxy=106,80 v=02/00
BP_transition_call pc=A631 sp=F37C p=01/02/03 flow=01 exit=00 screen=00 in=03 player=00 pxy=106,80 v=02/00
BP_transition_call pc=A631 sp=F37C p=01/02/03 flow=01 exit=00 screen=00 in=03 player=00 pxy=106,80 v=02/00
BP_transition_call pc=A631 sp=F37C p=01/02/03 flow=01 exit=00 screen=00 in=03 player=00 pxy=106,80 v=02/00
BP_transition_call pc=A631 sp=F37C p=01/02/03 flow=01 exit=00 screen=00 in=03 player=00 pxy=106,80 v=02/00
BP_transition_call pc=A631 sp=F37C p=01/02/03 flow=01 exit=00 screen=00 in=03 player=00 pxy=106,80 v=02/00
BP_transition_call pc=A631 sp=F37C p=01/02/03 flow=01 exit=00 screen=00 in=03 player=00 pxy=106,80 v=02/00
BP_transition_call pc=A631 sp=F37C p=01/02/03 flow=01 exit=00 screen=00 in=03 player=00 pxy=106,80 v=02/00
BP_transition_call pc=A631 sp=F37C p=01/02/03 flow=01 exit=00 screen=00 in=03 player=00 pxy=106,80 v=02/00
BP_transition_call pc=A631 sp=F37C p=01/02/03 flow=01 exit=00 screen=00 in=03 player=00 pxy=106,80 v=02/00
BP_transition_call pc=A631 sp=F37C p=01/02/03 flow=01 exit=00 screen=00 in=03 player=00 pxy=106,80 v=02/00
BP_transition_call pc=A631 sp=F37C p=01/02/03 flow=01 exit=00 screen=00 in=03 player=00 pxy=106,80 v=02/00
BP_transition_call pc=A631 sp=F37C p=01/02/03 flow=01 exit=00 screen=00 in=03 player=00 pxy=106,80 v=02/00
BP_transition_call pc=A631 sp=F37C p=01/02/03 flow=01 exit=00 screen=00 in=03 player=00 pxy=106,80 v=02/00
BP_transition_call pc=A631 sp=F37C p=01/02/03 flow=01 exit=00 screen=00 in=03 player=00 pxy=106,80 v=02/00
BP_transition_call pc=A631 sp=F37C p=01/02/03 flow=01 exit=00 screen=00 in=03 player=00 pxy=106,80 v=02/00
BP_transition_call pc=A631 sp=F37C p=01/02/03 flow=01 exit=00 screen=00 in=03 player=00 pxy=106,80 v=02/00
BP_transition_call pc=A631 sp=F37C p=01/02/03 flow=01 exit=00 screen=00 in=03 player=00 pxy=106,80 v=02/00
BP_transition_call pc=A631 sp=F37C p=01/02/03 flow=01 exit=00 screen=00 in=03 player=00 pxy=106,80 v=02/00
BP_transition_call pc=A631 sp=F37C p=01/02/03 flow=01 exit=00 screen=00 in=03 player=00 pxy=106,80 v=02/00
BP_transition_call pc=A631 sp=F37C p=01/02/03 flow=01 exit=00 screen=00 in=03 player=00 pxy=106,80 v=02/00
BP_transition_call pc=A631 sp=F37C p=01/02/03 flow=01 exit=00 screen=00 in=03 player=00 pxy=106,80 v=02/00
BP_transition_call pc=A631 sp=F37C p=01/02/03 flow=01 exit=00 screen=00 in=03 player=00 pxy=106,80 v=02/00
BP_transition_call pc=A631 sp=F37C p=01/02/03 flow=01 exit=00 screen=00 in=03 player=00 pxy=106,80 v=02/00
BP_transition_call pc=A631 sp=F37C p=01/02/03 flow=01 exit=00 screen=00 in=03 player=00 pxy=106,80 v=02/00
BP_transition_call pc=A631 sp=F37C p=01/02/03 flow=01 exit=00 screen=00 in=03 player=00 pxy=106,80 v=02/00
BP_transition_call pc=A631 sp=F37C p=01/02/03 flow=01 exit=00 screen=00 in=03 player=00 pxy=106,80 v=02/00
BP_transition_call pc=A631 sp=F37C p=01/02/03 flow=01 exit=00 screen=00 in=03 player=00 pxy=106,80 v=02/00
BP_transition_call pc=A631 sp=F37C p=01/02/03 flow=01 exit=00 screen=00 in=03 player=00 pxy=106,80 v=02/00
BP_transition_call pc=A631 sp=F37C p=01/02/03 flow=01 exit=00 screen=00 in=03 player=00 pxy=106,80 v=02/00
BP_transition_call pc=A631 sp=F37C p=01/02/03 flow=01 exit=00 screen=00 in=03 player=00 pxy=106,80 v=02/00
BP_transition_call pc=A631 sp=F37C p=01/02/03 flow=01 exit=00 screen=00 in=03 player=00 pxy=106,80 v=02/00
BP_transition_call pc=A631 sp=F37C p=01/02/03 flow=01 exit=00 screen=00 in=03 player=00 pxy=106,80 v=02/00
BP_transition_call pc=A631 sp=F37C p=01/02/03 flow=01 exit=00 screen=00 in=03 player=00 pxy=106,80 v=02/00
BP_transition_call pc=A631 sp=F37C p=01/02/03 flow=01 exit=00 screen=00 in=03 player=00 pxy=106,80 v=02/00
BP_transition_call pc=A631 sp=F37C p=01/02/03 flow=01 exit=00 screen=00 in=03 player=00 pxy=106,80 v=02/00
BP_transition_call pc=A631 sp=F37C p=01/02/03 flow=01 exit=00 screen=00 in=03 player=00 pxy=106,80 v=02/00
BP_transition_call pc=A631 sp=F37C p=01/02/03 flow=01 exit=00 screen=00 in=03 player=00 pxy=106,80 v=02/00
BP_transition_call pc=A631 sp=F37C p=01/02/03 flow=01 exit=00 screen=00 in=03 player=00 pxy=106,80 v=02/00
BP_transition_call pc=A631 sp=F37C p=01/02/03 flow=01 exit=00 screen=00 in=03 player=00 pxy=106,80 v=02/00
BP_transition_call pc=A631 sp=F37C p=01/02/03 flow=01 exit=00 screen=00 in=03 player=00 pxy=106,80 v=02/00
BP_transition_call pc=A631 sp=F37C p=01/02/03 flow=01 exit=00 screen=00 in=03 player=00 pxy=106,80 v=02/00
BP_transition_call pc=A631 sp=F37C p=01/02/03 flow=01 exit=00 screen=00 in=03 player=00 pxy=106,80 v=02/00
BP_transition_call pc=A631 sp=F37C p=01/02/03 flow=01 exit=00 screen=00 in=03 player=00 pxy=106,80 v=02/00
BP_transition_call pc=A631 sp=F37C p=01/02/03 flow=01 exit=00 screen=00 in=03 player=00 pxy=106,80 v=02/00
BP_transition_call pc=A631 sp=F37C p=01/02/03 flow=01 exit=00 screen=00 in=03 player=00 pxy=106,80 v=02/00
BP_transition_call pc=A631 sp=F37C p=01/02/03 flow=01 exit=00 screen=00 in=03 player=00 pxy=106,80 v=02/00
BP_transition_call pc=A631 sp=F37C p=01/02/03 flow=01 exit=00 screen=00 in=03 player=00 pxy=106,80 v=02/00
BP_transition_call pc=A631 sp=F37C p=01/02/03 flow=01 exit=00 screen=00 in=03 player=00 pxy=106,80 v=02/00
BP_transition_call pc=A631 sp=F37C p=01/02/03 flow=01 exit=00 screen=00 in=03 player=00 pxy=106,80 v=02/00
BP_transition_call pc=A631 sp=F37C p=01/02/03 flow=01 exit=00 screen=00 in=03 player=00 pxy=106,80 v=02/00
BP_transition_call pc=A631 sp=F37C p=01/02/03 flow=01 exit=00 screen=00 in=03 player=00 pxy=106,80 v=02/00
BP_transition_call pc=A631 sp=F37C p=01/02/03 flow=01 exit=00 screen=00 in=03 player=00 pxy=106,80 v=02/00
BP_transition_call pc=A631 sp=F37C p=01/02/03 flow=01 exit=00 screen=00 in=03 player=00 pxy=106,80 v=02/00
BP_transition_call pc=A631 sp=F37C p=01/02/03 flow=01 exit=00 screen=00 in=03 player=00 pxy=106,80 v=02/00
BP_transition_call pc=A631 sp=F37C p=01/02/03 flow=01 exit=00 screen=00 in=03 player=00 pxy=106,80 v=02/00
BP_transition_call pc=A631 sp=F37C p=01/02/03 flow=01 exit=00 screen=00 in=03 player=00 pxy=106,80 v=02/00
BP_transition_call pc=A631 sp=F37C p=01/02/03 flow=01 exit=00 screen=00 in=03 player=00 pxy=106,80 v=02/00
BP_transition_call pc=A631 sp=F37C p=01/02/03 flow=01 exit=00 screen=00 in=03 player=00 pxy=106,80 v=02/00
BP_transition_call pc=A631 sp=F37C p=01/02/03 flow=01 exit=00 screen=00 in=03 player=00 pxy=106,80 v=02/00
BP_transition_call pc=A631 sp=F37C p=01/02/03 flow=01 exit=00 screen=00 in=03 player=00 pxy=106,80 v=02/00
BP_transition_call pc=A631 sp=F37C p=01/02/03 flow=01 exit=00 screen=00 in=03 player=00 pxy=106,80 v=02/00
BP_transition_call pc=A631 sp=F37C p=01/02/03 flow=01 exit=00 screen=00 in=03 player=00 pxy=106,80 v=02/00
BP_transition_call pc=A631 sp=F37C p=01/02/03 flow=01 exit=00 screen=00 in=03 player=00 pxy=106,80 v=02/00
BP_transition_call pc=A631 sp=F37C p=01/02/03 flow=01 exit=00 screen=00 in=03 player=00 pxy=106,80 v=02/00
BP_transition_call pc=A631 sp=F37C p=01/02/03 flow=01 exit=00 screen=00 in=03 player=00 pxy=106,80 v=02/00
BP_transition_call pc=A631 sp=F37C p=01/02/03 flow=01 exit=00 screen=00 in=03 player=00 pxy=106,80 v=02/00
BP_transition_call pc=A631 sp=F37C p=01/02/03 flow=01 exit=00 screen=00 in=03 player=00 pxy=106,80 v=02/00
BP_transition_call pc=A631 sp=F37C p=01/02/03 flow=01 exit=00 screen=00 in=03 player=00 pxy=106,80 v=02/00
BP_transition_call pc=A631 sp=F37C p=01/02/03 flow=01 exit=00 screen=00 in=03 player=00 pxy=106,80 v=02/00
BP_transition_call pc=A631 sp=F37C p=01/02/03 flow=01 exit=00 screen=00 in=03 player=00 pxy=106,80 v=02/00
BP_transition_call pc=A631 sp=F37C p=01/02/03 flow=01 exit=00 screen=00 in=03 player=00 pxy=106,80 v=02/00
BP_transition_call pc=A631 sp=F37C p=01/02/03 flow=01 exit=00 screen=00 in=03 player=00 pxy=106,80 v=02/00
BP_transition_call pc=A631 sp=F37C p=01/02/03 flow=01 exit=00 screen=00 in=03 player=00 pxy=106,80 v=02/00
BP_transition_call pc=A631 sp=F37C p=01/02/03 flow=01 exit=00 screen=00 in=03 player=00 pxy=106,80 v=02/00
BP_transition_call pc=A631 sp=F37C p=01/02/03 flow=01 exit=00 screen=00 in=03 player=00 pxy=106,80 v=02/00
BP_transition_call pc=A631 sp=F37C p=01/02/03 flow=01 exit=00 screen=00 in=03 player=00 pxy=106,80 v=02/00
BP_transition_call pc=A631 sp=F37C p=01/02/03 flow=01 exit=00 screen=00 in=03 player=00 pxy=106,80 v=02/00
BP_transition_call pc=A631 sp=F37C p=01/02/03 flow=01 exit=00 screen=00 in=03 player=00 pxy=106,80 v=02/00
BP_transition_call pc=A631 sp=F37C p=01/02/03 flow=01 exit=00 screen=00 in=03 player=00 pxy=106,80 v=02/00
BP_transition_call pc=A631 sp=F37C p=01/02/03 flow=01 exit=00 screen=00 in=03 player=00 pxy=106,80 v=02/00
BP_transition_call pc=A631 sp=F37C p=01/02/03 flow=01 exit=00 screen=00 in=03 player=00 pxy=106,80 v=02/00
BP_transition_call pc=A631 sp=F37C p=01/02/03 flow=01 exit=00 screen=00 in=03 player=00 pxy=106,80 v=02/00
BP_transition_call pc=A631 sp=F37C p=01/02/03 flow=01 exit=00 screen=00 in=03 player=00 pxy=106,80 v=02/00
BP_transition_call pc=A631 sp=F37C p=01/02/03 flow=01 exit=00 screen=00 in=03 player=00 pxy=106,80 v=02/00
BP_transition_call pc=A631 sp=F37C p=01/02/03 flow=01 exit=00 screen=00 in=03 player=00 pxy=106,80 v=02/00
BP_transition_call pc=A631 sp=F37C p=01/02/03 flow=01 exit=00 screen=00 in=03 player=00 pxy=106,80 v=02/00
BP_transition_call pc=A631 sp=F37C p=01/02/03 flow=01 exit=00 screen=00 in=03 player=00 pxy=106,80 v=02/00
BP_transition_call pc=A631 sp=F37C p=01/02/03 flow=01 exit=00 screen=00 in=03 player=00 pxy=106,80 v=02/00
BP_transition_call pc=A631 sp=F37C p=01/02/03 flow=01 exit=00 screen=00 in=03 player=00 pxy=106,80 v=02/00
BP_transition_call pc=A631 sp=F37C p=01/02/03 flow=01 exit=00 screen=00 in=03 player=00 pxy=106,80 v=02/00
BP_transition_call pc=A631 sp=F37C p=01/02/03 flow=01 exit=00 screen=00 in=03 player=00 pxy=106,80 v=02/00
BP_transition_call pc=A631 sp=F37C p=01/02/03 flow=01 exit=00 screen=00 in=03 player=00 pxy=106,80 v=02/00
BP_transition_call pc=A631 sp=F37C p=01/02/03 flow=01 exit=00 screen=00 in=03 player=00 pxy=106,80 v=02/00
BP_transition_call pc=A631 sp=F37C p=01/02/03 flow=01 exit=00 screen=00 in=03 player=00 pxy=106,80 v=02/00
BP_transition_call pc=A631 sp=F37C p=01/02/03 flow=01 exit=00 screen=00 in=03 player=00 pxy=106,80 v=02/00
BP_transition_call pc=A631 sp=F37C p=01/02/03 flow=01 exit=00 screen=00 in=03 player=00 pxy=106,80 v=02/00
BP_transition_call pc=A631 sp=F37C p=01/02/03 flow=01 exit=00 screen=00 in=03 player=00 pxy=106,80 v=02/00
BP_transition_call pc=A631 sp=F37C p=01/02/03 flow=01 exit=00 screen=00 in=03 player=00 pxy=106,80 v=02/00
BP_transition_call pc=A631 sp=F37C p=01/02/03 flow=01 exit=00 screen=00 in=03 player=00 pxy=106,80 v=02/00
BP_transition_call pc=A631 sp=F37C p=01/02/03 flow=01 exit=00 screen=00 in=03 player=00 pxy=106,80 v=02/00
BP_transition_call pc=A631 sp=F37C p=01/02/03 flow=01 exit=00 screen=00 in=03 player=00 pxy=106,80 v=02/00
BP_transition_call pc=A631 sp=F37C p=01/02/03 flow=01 exit=00 screen=00 in=03 player=00 pxy=106,80 v=02/00
BP_transition_call pc=A631 sp=F37C p=01/02/03 flow=01 exit=00 screen=00 in=03 player=00 pxy=106,80 v=02/00
BP_transition_call pc=A631 sp=F37C p=01/02/03 flow=01 exit=00 screen=00 in=03 player=00 pxy=106,80 v=02/00
BP_transition_call pc=A631 sp=F37C p=01/02/03 flow=01 exit=00 screen=00 in=03 player=00 pxy=106,80 v=02/00
BP_transition_call pc=A631 sp=F37C p=01/02/03 flow=01 exit=00 screen=00 in=03 player=00 pxy=106,80 v=02/00
BP_transition_call pc=A631 sp=F37C p=01/02/03 flow=01 exit=00 screen=00 in=03 player=00 pxy=106,80 v=02/00
BP_transition_call pc=A631 sp=F37C p=01/02/03 flow=01 exit=00 screen=00 in=03 player=00 pxy=106,80 v=02/00
BP_transition_call pc=A631 sp=F37C p=01/02/03 flow=01 exit=00 screen=00 in=03 player=00 pxy=106,80 v=02/00
BP_transition_call pc=A631 sp=F37C p=01/02/03 flow=01 exit=00 screen=00 in=03 player=00 pxy=106,80 v=02/00
BP_transition_call pc=A631 sp=F37C p=01/02/03 flow=01 exit=00 screen=00 in=03 player=00 pxy=106,80 v=02/00
BP_transition_call pc=A631 sp=F37C p=01/02/03 flow=01 exit=00 screen=00 in=03 player=00 pxy=106,80 v=02/00
BP_transition_call pc=A631 sp=F37C p=01/02/03 flow=01 exit=00 screen=00 in=03 player=00 pxy=106,80 v=02/00
BP_transition_call pc=A631 sp=F37C p=01/02/03 flow=01 exit=00 screen=00 in=03 player=00 pxy=106,80 v=02/00
BP_transition_call pc=A631 sp=F37C p=01/02/03 flow=01 exit=00 screen=00 in=03 player=00 pxy=106,80 v=02/00
BP_transition_call pc=A631 sp=F37C p=01/02/03 flow=01 exit=00 screen=00 in=03 player=00 pxy=106,80 v=02/00
BP_transition_call pc=A631 sp=F37C p=01/02/03 flow=01 exit=00 screen=00 in=03 player=00 pxy=106,80 v=02/00
BP_transition_call pc=A631 sp=F37C p=01/02/03 flow=01 exit=00 screen=00 in=03 player=00 pxy=106,80 v=02/00
BP_transition_call pc=A631 sp=F37C p=01/02/03 flow=01 exit=00 screen=00 in=03 player=00 pxy=106,80 v=02/00
BP_transition_call pc=A631 sp=F37C p=01/02/03 flow=01 exit=00 screen=00 in=03 player=00 pxy=106,80 v=02/00
BP_transition_call pc=A631 sp=F37C p=01/02/03 flow=01 exit=00 screen=00 in=03 player=00 pxy=106,80 v=02/00
BP_transition_call pc=A631 sp=F37C p=01/02/03 flow=01 exit=00 screen=00 in=03 player=00 pxy=106,80 v=02/00
BP_transition_call pc=A631 sp=F37C p=01/02/03 flow=01 exit=00 screen=00 in=03 player=00 pxy=106,80 v=02/00
BP_transition_call pc=A631 sp=F37C p=01/02/03 flow=01 exit=00 screen=00 in=03 player=00 pxy=106,80 v=02/00
BP_transition_call pc=A631 sp=F37C p=01/02/03 flow=01 exit=00 screen=00 in=03 player=00 pxy=106,80 v=02/00
BP_transition_call pc=A631 sp=F37C p=01/02/03 flow=01 exit=00 screen=00 in=03 player=00 pxy=106,80 v=02/00
BP_transition_call pc=A631 sp=F37C p=01/02/03 flow=01 exit=00 screen=00 in=03 player=00 pxy=106,80 v=02/00
BP_transition_call pc=A631 sp=F37C p=01/02/03 flow=01 exit=00 screen=00 in=03 player=00 pxy=106,80 v=02/00
BP_transition_call pc=A631 sp=F37C p=01/02/03 flow=01 exit=00 screen=00 in=03 player=00 pxy=106,80 v=02/00
BP_transition_call pc=A631 sp=F37C p=01/02/03 flow=01 exit=00 screen=00 in=03 player=00 pxy=106,80 v=02/00
BP_transition_call pc=A631 sp=F37C p=01/02/03 flow=01 exit=00 screen=00 in=03 player=00 pxy=106,80 v=02/00
BP_transition_call pc=A631 sp=F37C p=01/02/03 flow=01 exit=00 screen=00 in=03 player=00 pxy=106,80 v=02/00
BP_transition_call pc=A631 sp=F37C p=01/02/03 flow=01 exit=00 screen=00 in=03 player=00 pxy=106,80 v=02/00
BP_transition_call pc=A631 sp=F37C p=01/02/03 flow=01 exit=00 screen=00 in=03 player=00 pxy=106,80 v=02/00
BP_transition_call pc=A631 sp=F37C p=01/02/03 flow=01 exit=00 screen=00 in=03 player=00 pxy=106,80 v=02/00
BP_transition_call pc=A631 sp=F37C p=01/02/03 flow=01 exit=00 screen=00 in=03 player=00 pxy=106,80 v=02/00
BP_transition_call pc=A631 sp=F37C p=01/02/03 flow=01 exit=00 screen=00 in=03 player=00 pxy=106,80 v=02/00
BP_transition_call pc=A631 sp=F37C p=01/02/03 flow=01 exit=00 screen=00 in=03 player=00 pxy=106,80 v=02/00
BP_transition_call pc=A631 sp=F37C p=01/02/03 flow=01 exit=00 screen=00 in=03 player=00 pxy=106,80 v=02/00
BP_transition_call pc=A631 sp=F37C p=01/02/03 flow=01 exit=00 screen=00 in=03 player=00 pxy=106,80 v=02/00
BP_transition_call pc=A631 sp=F37C p=01/02/03 flow=01 exit=00 screen=00 in=03 player=00 pxy=106,80 v=02/00
BP_transition_call pc=A631 sp=F37C p=01/02/03 flow=01 exit=00 screen=00 in=03 player=00 pxy=106,80 v=02/00
BP_transition_call pc=A631 sp=F37C p=01/02/03 flow=01 exit=00 screen=00 in=03 player=00 pxy=106,80 v=02/00
BP_transition_call pc=A631 sp=F37C p=01/02/03 flow=01 exit=00 screen=00 in=03 player=00 pxy=106,80 v=02/00
BP_transition_call pc=A631 sp=F37C p=01/02/03 flow=01 exit=00 screen=00 in=03 player=00 pxy=106,80 v=02/00
BP_transition_call pc=A631 sp=F37C p=01/02/03 flow=01 exit=00 screen=00 in=03 player=00 pxy=106,80 v=02/00
BP_transition_call pc=A631 sp=F37C p=01/02/03 flow=01 exit=00 screen=00 in=03 player=00 pxy=106,80 v=02/00
BP_transition_call pc=A631 sp=F37C p=01/02/03 flow=01 exit=00 screen=00 in=03 player=00 pxy=106,80 v=02/00
BP_transition_call pc=A631 sp=F37C p=01/02/03 flow=01 exit=00 screen=00 in=03 player=00 pxy=106,80 v=02/00
BP_transition_call pc=A631 sp=F37C p=01/02/03 flow=01 exit=00 screen=00 in=03 player=00 pxy=106,80 v=02/00
BP_transition_call pc=A631 sp=F37C p=01/02/03 flow=01 exit=00 screen=00 in=03 player=00 pxy=106,80 v=02/00
BP_transition_call pc=A631 sp=F37C p=01/02/03 flow=01 exit=00 screen=00 in=03 player=00 pxy=106,80 v=02/00
BP_transition_call pc=A631 sp=F37C p=01/02/03 flow=01 exit=00 screen=00 in=03 player=00 pxy=106,80 v=02/00
BP_transition_call pc=A631 sp=F37C p=01/02/03 flow=01 exit=00 screen=00 in=03 player=00 pxy=106,80 v=02/00
BP_transition_call pc=A631 sp=F37C p=01/02/03 flow=01 exit=00 screen=00 in=03 player=00 pxy=106,80 v=02/00
BP_transition_call pc=A631 sp=F37C p=01/02/03 flow=01 exit=00 screen=00 in=03 player=00 pxy=106,80 v=02/00
BP_transition_call pc=A631 sp=F37C p=01/02/03 flow=01 exit=00 screen=00 in=03 player=00 pxy=106,80 v=02/00
BP_transition_call pc=A631 sp=F37C p=01/02/03 flow=01 exit=00 screen=00 in=03 player=00 pxy=106,80 v=02/00
BP_transition_call pc=A631 sp=F37C p=01/02/03 flow=01 exit=00 screen=00 in=03 player=00 pxy=106,80 v=02/00
BP_transition_call pc=A631 sp=F37C p=01/02/03 flow=01 exit=00 screen=00 in=03 player=00 pxy=106,80 v=02/00
BP_transition_call pc=A631 sp=F37C p=01/02/03 flow=01 exit=00 screen=00 in=03 player=00 pxy=106,80 v=02/00
BP_transition_call pc=A631 sp=F37C p=01/02/03 flow=01 exit=00 screen=00 in=03 player=00 pxy=106,80 v=02/00
BP_transition_call pc=A631 sp=F37C p=01/02/03 flow=01 exit=00 screen=00 in=03 player=00 pxy=106,80 v=02/00
BP_transition_call pc=A631 sp=F37C p=01/02/03 flow=01 exit=00 screen=00 in=03 player=00 pxy=106,80 v=02/00
BP_transition_call pc=A631 sp=F37C p=01/02/03 flow=01 exit=00 screen=00 in=03 player=00 pxy=106,80 v=02/00
BP_transition_call pc=A631 sp=F37C p=01/02/03 flow=01 exit=00 screen=00 in=03 player=00 pxy=106,80 v=02/00
BP_transition_call pc=A631 sp=F37C p=01/02/03 flow=01 exit=00 screen=00 in=03 player=00 pxy=106,80 v=02/00
BP_transition_call pc=A631 sp=F37C p=01/02/03 flow=01 exit=00 screen=00 in=03 player=00 pxy=106,80 v=02/00
BP_transition_call pc=A631 sp=F37C p=01/02/03 flow=01 exit=00 screen=00 in=03 player=00 pxy=106,80 v=02/00
BP_transition_call pc=A631 sp=F37C p=01/02/03 flow=01 exit=00 screen=00 in=03 player=00 pxy=106,80 v=02/00
BP_transition_call pc=A631 sp=F37C p=01/02/03 flow=01 exit=00 screen=00 in=03 player=00 pxy=106,80 v=02/00
BP_transition_call pc=A631 sp=F37C p=01/02/03 flow=01 exit=00 screen=00 in=03 player=00 pxy=106,80 v=02/00
BP_transition_call pc=A631 sp=F37C p=01/02/03 flow=01 exit=00 screen=00 in=03 player=00 pxy=106,80 v=02/00
BP_transition_call pc=A631 sp=F37C p=01/02/03 flow=01 exit=00 screen=00 in=03 player=00 pxy=106,80 v=02/00
BP_transition_call pc=A631 sp=F37C p=01/02/03 flow=01 exit=00 screen=00 in=03 player=00 pxy=106,80 v=02/00
BP_transition_call pc=A631 sp=F37C p=01/02/03 flow=01 exit=00 screen=00 in=03 player=00 pxy=106,80 v=02/00
BP_transition_call pc=A631 sp=F37C p=01/02/03 flow=01 exit=00 screen=00 in=03 player=00 pxy=106,80 v=02/00
BP_transition_call pc=A631 sp=F37C p=01/02/03 flow=01 exit=00 screen=00 in=03 player=00 pxy=106,80 v=02/00
BP_transition_call pc=A631 sp=F37C p=01/02/03 flow=01 exit=00 screen=00 in=03 player=00 pxy=106,80 v=02/00
BP_transition_call pc=A631 sp=F37C p=01/02/03 flow=01 exit=00 screen=00 in=03 player=00 pxy=106,80 v=02/00
BP_transition_call pc=A631 sp=F37C p=01/02/03 flow=01 exit=00 screen=00 in=03 player=00 pxy=106,80 v=02/00
BP_transition_call pc=A631 sp=F37C p=01/02/03 flow=01 exit=00 screen=00 in=03 player=00 pxy=106,80 v=02/00
BP_transition_call pc=A631 sp=F37C p=01/02/03 flow=01 exit=00 screen=00 in=03 player=00 pxy=106,80 v=02/00
BP_transition_call pc=A631 sp=F37C p=01/02/03 flow=01 exit=00 screen=00 in=03 player=00 pxy=106,80 v=02/00
BP_transition_call pc=A631 sp=F37C p=01/02/03 flow=01 exit=00 screen=00 in=03 player=00 pxy=106,80 v=02/00
BP_transition_call pc=A631 sp=F37C p=01/02/03 flow=01 exit=00 screen=00 in=03 player=00 pxy=106,80 v=02/00
BP_transition_call pc=A631 sp=F37C p=01/02/03 flow=01 exit=00 screen=00 in=03 player=00 pxy=106,80 v=02/00
BP_transition_call pc=A631 sp=F37C p=01/02/03 flow=01 exit=00 screen=00 in=03 player=00 pxy=106,80 v=02/00
BP_transition_call pc=A631 sp=F37C p=01/02/03 flow=01 exit=00 screen=00 in=03 player=00 pxy=106,80 v=02/00
BP_transition_call pc=A631 sp=F37C p=01/02/03 flow=01 exit=00 screen=00 in=03 player=00 pxy=106,80 v=02/00
BP_transition_call pc=A631 sp=F37C p=01/02/03 flow=01 exit=00 screen=00 in=03 player=00 pxy=106,80 v=02/00
BP_transition_call pc=A631 sp=F37C p=01/02/03 flow=01 exit=00 screen=00 in=03 player=00 pxy=106,80 v=02/00
BP_transition_call pc=A631 sp=F37C p=01/02/03 flow=01 exit=00 screen=00 in=03 player=00 pxy=106,80 v=02/00
BP_transition_call pc=A631 sp=F37C p=01/02/03 flow=01 exit=00 screen=00 in=03 player=00 pxy=106,80 v=02/00
BP_transition_call pc=A631 sp=F37C p=01/02/03 flow=01 exit=00 screen=00 in=03 player=00 pxy=106,80 v=02/00
BP_transition_call pc=A631 sp=F37C p=01/02/03 flow=01 exit=00 screen=00 in=03 player=00 pxy=106,80 v=02/00
BP_transition_call pc=A631 sp=F37C p=01/02/03 flow=01 exit=00 screen=00 in=03 player=00 pxy=106,80 v=02/00
BP_transition_call pc=A631 sp=F37C p=01/02/03 flow=01 exit=00 screen=00 in=03 player=00 pxy=106,80 v=02/00
BP_transition_call pc=A631 sp=F37C p=01/02/03 flow=01 exit=00 screen=00 in=03 player=00 pxy=106,80 v=02/00
BP_transition_call pc=A631 sp=F37C p=01/02/03 flow=01 exit=00 screen=00 in=03 player=00 pxy=106,80 v=02/00
BP_transition_call pc=A631 sp=F37C p=01/02/03 flow=01 exit=00 screen=00 in=03 player=00 pxy=106,80 v=02/00
BP_transition_call pc=A631 sp=F37C p=01/02/03 flow=01 exit=00 screen=00 in=03 player=00 pxy=106,80 v=02/00
BP_transition_call pc=A631 sp=F37C p=01/02/03 flow=01 exit=00 screen=00 in=03 player=00 pxy=106,80 v=02/00
BP_transition_call pc=A631 sp=F37C p=01/02/03 flow=01 exit=00 screen=00 in=03 player=00 pxy=106,80 v=02/00
BP_transition_call pc=A631 sp=F37C p=01/02/03 flow=01 exit=00 screen=00 in=03 player=00 pxy=106,80 v=02/00
BP_transition_call pc=A631 sp=F37C p=01/02/03 flow=01 exit=00 screen=00 in=03 player=00 pxy=106,80 v=02/00
BP_transition_call pc=A631 sp=F37C p=01/02/03 flow=01 exit=00 screen=00 in=03 player=00 pxy=106,80 v=02/00
BP_transition_call pc=A631 sp=F37C p=01/02/03 flow=01 exit=00 screen=00 in=03 player=00 pxy=106,80 v=02/00
BP_transition_call pc=A631 sp=F37C p=01/02/03 flow=01 exit=00 screen=00 in=03 player=00 pxy=106,80 v=02/00
BP_transition_call pc=A631 sp=F37C p=01/02/03 flow=01 exit=00 screen=00 in=03 player=00 pxy=106,80 v=02/00
BP_transition_call pc=A631 sp=F37C p=01/02/03 flow=01 exit=00 screen=00 in=03 player=00 pxy=106,80 v=02/00
BP_transition_call pc=A631 sp=F37C p=01/02/03 flow=01 exit=00 screen=00 in=03 player=00 pxy=106,80 v=02/00
BP_transition_call pc=A631 sp=F37C p=01/02/03 flow=01 exit=00 screen=00 in=03 player=00 pxy=106,80 v=02/00
BP_transition_call pc=A631 sp=F37C p=01/02/03 flow=01 exit=00 screen=00 in=03 player=00 pxy=106,80 v=02/00
BP_transition_call pc=A631 sp=F37C p=01/02/03 flow=01 exit=00 screen=00 in=03 player=00 pxy=106,80 v=02/00
BP_transition_call pc=A631 sp=F37C p=01/02/03 flow=01 exit=00 screen=00 in=03 player=00 pxy=106,80 v=02/00
BP_transition_call pc=A631 sp=F37C p=01/02/03 flow=01 exit=00 screen=00 in=03 player=00 pxy=106,80 v=02/00
BP_transition_call pc=A631 sp=F37C p=01/02/03 flow=01 exit=00 screen=00 in=03 player=00 pxy=106,80 v=02/00
BP_transition_call pc=A631 sp=F37C p=01/02/03 flow=01 exit=00 screen=00 in=03 player=00 pxy=106,80 v=02/00
BP_transition_call pc=A631 sp=F37C p=01/02/03 flow=01 exit=00 screen=00 in=03 player=00 pxy=106,80 v=02/00
BP_transition_call pc=A631 sp=F37C p=01/02/03 flow=01 exit=00 screen=00 in=03 player=00 pxy=106,80 v=02/00
BP_transition_call pc=A631 sp=F37C p=01/02/03 flow=01 exit=00 screen=00 in=03 player=00 pxy=106,80 v=02/00
BP_transition_call pc=A631 sp=F37C p=01/02/03 flow=01 exit=00 screen=00 in=03 player=00 pxy=106,80 v=02/00
BP_transition_call pc=A631 sp=F37C p=01/02/03 flow=01 exit=00 screen=00 in=03 player=00 pxy=106,80 v=02/00
BP_transition_call pc=A631 sp=F37C p=01/02/03 flow=01 exit=00 screen=00 in=03 player=00 pxy=106,80 v=02/00
BP_transition_call pc=A631 sp=F37C p=01/02/03 flow=01 exit=00 screen=00 in=03 player=00 pxy=106,80 v=02/00
BP_transition_call pc=A631 sp=F37C p=01/02/03 flow=01 exit=00 screen=00 in=03 player=00 pxy=106,80 v=02/00
BP_transition_call pc=A631 sp=F37C p=01/02/03 flow=01 exit=00 screen=00 in=03 player=00 pxy=106,80 v=02/00
BP_transition_call pc=A631 sp=F37C p=01/02/03 flow=01 exit=00 screen=00 in=03 player=00 pxy=106,80 v=02/00
BP_transition_call pc=A631 sp=F37C p=01/02/03 flow=01 exit=00 screen=00 in=03 player=00 pxy=106,80 v=02/00
BP_transition_call pc=A631 sp=F37C p=01/02/03 flow=01 exit=00 screen=00 in=03 player=00 pxy=106,80 v=02/00
BP_transition_call pc=A631 sp=F37C p=01/02/03 flow=01 exit=00 screen=00 in=03 player=00 pxy=106,80 v=02/00
BP_transition_call pc=A631 sp=F37C p=01/02/03 flow=01 exit=00 screen=00 in=03 player=00 pxy=106,80 v=02/00
BP_transition_call pc=A631 sp=F37C p=01/02/03 flow=01 exit=00 screen=00 in=03 player=00 pxy=106,80 v=02/00
BP_transition_call pc=A631 sp=F37C p=01/02/03 flow=01 exit=00 screen=00 in=03 player=00 pxy=106,80 v=02/00
BP_transition_call pc=A631 sp=F37C p=01/02/03 flow=01 exit=00 screen=00 in=03 player=00 pxy=106,80 v=02/00
BP_transition_call pc=A631 sp=F37C p=01/02/03 flow=01 exit=00 screen=00 in=03 player=00 pxy=106,80 v=02/00
BP_transition_call pc=A631 sp=F37C p=01/02/03 flow=01 exit=00 screen=00 in=03 player=00 pxy=106,80 v=02/00
BP_transition_call pc=A631 sp=F37C p=01/02/03 flow=01 exit=00 screen=00 in=03 player=00 pxy=106,80 v=02/00
BP_transition_call pc=A631 sp=F37C p=01/02/03 flow=01 exit=00 screen=00 in=03 player=00 pxy=106,80 v=02/00
BP_transition_call pc=A631 sp=F37C p=01/02/03 flow=01 exit=00 screen=00 in=03 player=00 pxy=106,80 v=02/00
BP_transition_call pc=A631 sp=F37C p=01/02/03 flow=01 exit=00 screen=00 in=03 player=00 pxy=106,80 v=02/00
BP_transition_call pc=A631 sp=F37C p=01/02/03 flow=01 exit=00 screen=00 in=03 player=00 pxy=106,80 v=02/00
BP_transition_call pc=A631 sp=F37C p=01/02/03 flow=01 exit=00 screen=00 in=03 player=00 pxy=106,80 v=02/00
BP_transition_call pc=A631 sp=F37C p=01/02/03 flow=01 exit=00 screen=00 in=03 player=00 pxy=106,80 v=02/00
BP_transition_call pc=A631 sp=F37C p=01/02/03 flow=01 exit=00 screen=00 in=03 player=00 pxy=106,80 v=02/00
BP_transition_call pc=A631 sp=F37C p=01/02/03 flow=01 exit=00 screen=00 in=03 player=00 pxy=106,80 v=02/00
BP_transition_call pc=A631 sp=F37C p=01/02/03 flow=01 exit=00 screen=00 in=03 player=00 pxy=106,80 v=02/00
BP_transition_call pc=A631 sp=F37C p=01/02/03 flow=01 exit=00 screen=00 in=03 player=00 pxy=106,80 v=02/00
BP_transition_call pc=A631 sp=F37C p=01/02/03 flow=01 exit=00 screen=00 in=03 player=00 pxy=106,80 v=02/00
BP_transition_call pc=A631 sp=F37C p=01/02/03 flow=01 exit=00 screen=00 in=03 player=00 pxy=106,80 v=02/00
BP_transition_call pc=A631 sp=F37C p=01/02/03 flow=01 exit=00 screen=00 in=03 player=00 pxy=106,80 v=02/00
BP_transition_call pc=A631 sp=F37C p=01/02/03 flow=01 exit=00 screen=00 in=03 player=00 pxy=106,80 v=02/00
BP_transition_call pc=A631 sp=F37C p=01/02/03 flow=01 exit=00 screen=00 in=03 player=00 pxy=106,80 v=02/00
BP_transition_call pc=A631 sp=F37C p=01/02/03 flow=01 exit=00 screen=00 in=03 player=00 pxy=106,80 v=02/00
BP_transition_call pc=A631 sp=F37C p=01/02/03 flow=01 exit=00 screen=00 in=03 player=00 pxy=106,80 v=02/00
BP_transition_call pc=A631 sp=F37C p=01/02/03 flow=01 exit=00 screen=00 in=03 player=00 pxy=106,80 v=02/00
BP_transition_call pc=A631 sp=F37C p=01/02/03 flow=01 exit=00 screen=00 in=03 player=00 pxy=106,80 v=02/00
BP_transition_call pc=A631 sp=F37C p=01/02/03 flow=01 exit=00 screen=00 in=03 player=00 pxy=106,80 v=02/00
during_left_28 pc=A631 sp=F37C p=01/02/03 flow=01 exit=00 screen=00 in=03 player=00 pxy=106,80 v=02/00
BP_transition_call pc=A631 sp=F37C p=01/02/03 flow=01 exit=00 screen=00 in=03 player=00 pxy=106,80 v=02/00
BP_transition_call pc=A631 sp=F37C p=01/02/03 flow=01 exit=00 screen=00 in=03 player=00 pxy=106,80 v=02/00
BP_transition_call pc=A631 sp=F37C p=01/02/03 flow=01 exit=00 screen=00 in=03 player=00 pxy=106,80 v=02/00
BP_transition_call pc=A631 sp=F37C p=01/02/03 flow=01 exit=00 screen=00 in=03 player=00 pxy=106,80 v=02/00
BP_transition_call pc=A631 sp=F37C p=01/02/03 flow=01 exit=00 screen=00 in=03 player=00 pxy=106,80 v=02/00
BP_transition_call pc=A631 sp=F37C p=01/02/03 flow=01 exit=00 screen=00 in=03 player=00 pxy=106,80 v=02/00
BP_transition_call pc=A631 sp=F37C p=01/02/03 flow=01 exit=00 screen=00 in=03 player=00 pxy=106,80 v=02/00
BP_transition_call pc=A631 sp=F37C p=01/02/03 flow=01 exit=00 screen=00 in=03 player=00 pxy=106,80 v=02/00
BP_transition_call pc=A631 sp=F37C p=01/02/03 flow=01 exit=00 screen=00 in=03 player=00 pxy=106,80 v=02/00
BP_transition_call pc=A631 sp=F37C p=01/02/03 flow=01 exit=00 screen=00 in=03 player=00 pxy=106,80 v=02/00
BP_transition_call pc=A631 sp=F37C p=01/02/03 flow=01 exit=00 screen=00 in=03 player=00 pxy=106,80 v=02/00
BP_transition_call pc=A631 sp=F37C p=01/02/03 flow=01 exit=00 screen=00 in=03 player=00 pxy=106,80 v=02/00
BP_transition_call pc=A631 sp=F37C p=01/02/03 flow=01 exit=00 screen=00 in=03 player=00 pxy=106,80 v=02/00
BP_transition_call pc=A631 sp=F37C p=01/02/03 flow=01 exit=00 screen=00 in=03 player=00 pxy=106,80 v=02/00
BP_transition_call pc=A631 sp=F37C p=01/02/03 flow=01 exit=00 screen=00 in=03 player=00 pxy=106,80 v=02/00
BP_transition_call pc=A631 sp=F37C p=01/02/03 flow=01 exit=00 screen=00 in=03 player=00 pxy=106,80 v=02/00
BP_transition_call pc=A631 sp=F37C p=01/02/03 flow=01 exit=00 screen=00 in=03 player=00 pxy=106,80 v=02/00
BP_transition_call pc=A631 sp=F37C p=01/02/03 flow=01 exit=00 screen=00 in=03 player=00 pxy=106,80 v=02/00
BP_transition_call pc=A631 sp=F37C p=01/02/03 flow=01 exit=00 screen=00 in=03 player=00 pxy=106,80 v=02/00
BP_transition_call pc=A631 sp=F37C p=01/02/03 flow=01 exit=00 screen=00 in=03 player=00 pxy=106,80 v=02/00
BP_transition_call pc=A631 sp=F37C p=01/02/03 flow=01 exit=00 screen=00 in=03 player=00 pxy=106,80 v=02/00
BP_transition_call pc=A631 sp=F37C p=01/02/03 flow=01 exit=00 screen=00 in=03 player=00 pxy=106,80 v=02/00
BP_transition_call pc=A631 sp=F37C p=01/02/03 flow=01 exit=00 screen=00 in=03 player=00 pxy=106,80 v=02/00
BP_transition_call pc=A631 sp=F37C p=01/02/03 flow=01 exit=00 screen=00 in=03 player=00 pxy=106,80 v=02/00
BP_transition_call pc=A631 sp=F37C p=01/02/03 flow=01 exit=00 screen=00 in=03 player=00 pxy=106,80 v=02/00
BP_transition_call pc=A631 sp=F37C p=01/02/03 flow=01 exit=00 screen=00 in=03 player=00 pxy=106,80 v=02/00
BP_transition_call pc=A631 sp=F37C p=01/02/03 flow=01 exit=00 screen=00 in=03 player=00 pxy=106,80 v=02/00
BP_transition_call pc=A631 sp=F37C p=01/02/03 flow=01 exit=00 screen=00 in=03 player=00 pxy=106,80 v=02/00
BP_transition_call pc=A631 sp=F37C p=01/02/03 flow=01 exit=00 screen=00 in=03 player=00 pxy=106,80 v=02/00
BP_transition_call pc=A631 sp=F37C p=01/02/03 flow=01 exit=00 screen=00 in=03 player=00 pxy=106,80 v=02/00
BP_transition_call pc=A631 sp=F37C p=01/02/03 flow=01 exit=00 screen=00 in=03 player=00 pxy=106,80 v=02/00
BP_transition_call pc=A631 sp=F37C p=01/02/03 flow=01 exit=00 screen=00 in=03 player=00 pxy=106,80 v=02/00
BP_transition_call pc=A631 sp=F37C p=01/02/03 flow=01 exit=00 screen=00 in=03 player=00 pxy=106,80 v=02/00
BP_transition_call pc=A631 sp=F37C p=01/02/03 flow=01 exit=00 screen=00 in=03 player=00 pxy=106,80 v=02/00
BP_transition_call pc=A631 sp=F37C p=01/02/03 flow=01 exit=00 screen=00 in=03 player=00 pxy=106,80 v=02/00
BP_transition_call pc=A631 sp=F37C p=01/02/03 flow=01 exit=00 screen=00 in=03 player=00 pxy=106,80 v=02/00
BP_transition_call pc=A631 sp=F37C p=01/02/03 flow=01 exit=00 screen=00 in=03 player=00 pxy=106,80 v=02/00
BP_transition_call pc=A631 sp=F37C p=01/02/03 flow=01 exit=00 screen=00 in=03 player=00 pxy=106,80 v=02/00
BP_transition_call pc=A631 sp=F37C p=01/02/03 flow=01 exit=00 screen=00 in=03 player=00 pxy=106,80 v=02/00
BP_transition_call pc=A631 sp=F37C p=01/02/03 flow=01 exit=00 screen=00 in=03 player=00 pxy=106,80 v=02/00
BP_transition_call pc=A631 sp=F37C p=01/02/03 flow=01 exit=00 screen=00 in=03 player=00 pxy=106,80 v=02/00
BP_transition_call pc=A631 sp=F37C p=01/02/03 flow=01 exit=00 screen=00 in=03 player=00 pxy=106,80 v=02/00
BP_transition_call pc=A631 sp=F37C p=01/02/03 flow=01 exit=00 screen=00 in=03 player=00 pxy=106,80 v=02/00
BP_transition_call pc=A631 sp=F37C p=01/02/03 flow=01 exit=00 screen=00 in=03 player=00 pxy=106,80 v=02/00
BP_transition_call pc=A631 sp=F37C p=01/02/03 flow=01 exit=00 screen=00 in=03 player=00 pxy=106,80 v=02/00
BP_transition_call pc=A631 sp=F37C p=01/02/03 flow=01 exit=00 screen=00 in=03 player=00 pxy=106,80 v=02/00
BP_transition_call pc=A631 sp=F37C p=01/02/03 flow=01 exit=00 screen=00 in=03 player=00 pxy=106,80 v=02/00
BP_transition_call pc=A631 sp=F37C p=01/02/03 flow=01 exit=00 screen=00 in=03 player=00 pxy=106,80 v=02/00
BP_transition_call pc=A631 sp=F37C p=01/02/03 flow=01 exit=00 screen=00 in=03 player=00 pxy=106,80 v=02/00
BP_transition_call pc=A631 sp=F37C p=01/02/03 flow=01 exit=00 screen=00 in=03 player=00 pxy=106,80 v=02/00
BP_transition_call pc=A631 sp=F37C p=01/02/03 flow=01 exit=00 screen=00 in=03 player=00 pxy=106,80 v=02/00
BP_transition_call pc=A631 sp=F37C p=01/02/03 flow=01 exit=00 screen=00 in=03 player=00 pxy=106,80 v=02/00
BP_transition_call pc=A631 sp=F37C p=01/02/03 flow=01 exit=00 screen=00 in=03 player=00 pxy=106,80 v=02/00
BP_transition_call pc=A631 sp=F37C p=01/02/03 flow=01 exit=00 screen=00 in=03 player=00 pxy=106,80 v=02/00
BP_transition_call pc=A631 sp=F37C p=01/02/03 flow=01 exit=00 screen=00 in=03 player=00 pxy=106,80 v=02/00
BP_transition_call pc=A631 sp=F37C p=01/02/03 flow=01 exit=00 screen=00 in=03 player=00 pxy=106,80 v=02/00
BP_transition_call pc=A631 sp=F37C p=01/02/03 flow=01 exit=00 screen=00 in=03 player=00 pxy=106,80 v=02/00
BP_transition_call pc=A631 sp=F37C p=01/02/03 flow=01 exit=00 screen=00 in=03 player=00 pxy=106,80 v=02/00
BP_transition_call pc=A631 sp=F37C p=01/02/03 flow=01 exit=00 screen=00 in=03 player=00 pxy=106,80 v=02/00
BP_transition_call pc=A631 sp=F37C p=01/02/03 flow=01 exit=00 screen=00 in=03 player=00 pxy=106,80 v=02/00
BP_transition_call pc=A631 sp=F37C p=01/02/03 flow=01 exit=00 screen=00 in=03 player=00 pxy=106,80 v=02/00
BP_transition_call pc=A631 sp=F37C p=01/02/03 flow=01 exit=00 screen=00 in=03 player=00 pxy=106,80 v=02/00
BP_transition_call pc=A631 sp=F37C p=01/02/03 flow=01 exit=00 screen=00 in=03 player=00 pxy=106,80 v=02/00
BP_transition_call pc=A631 sp=F37C p=01/02/03 flow=01 exit=00 screen=00 in=03 player=00 pxy=106,80 v=02/00
BP_transition_call pc=A631 sp=F37C p=01/02/03 flow=01 exit=00 screen=00 in=03 player=00 pxy=106,80 v=02/00
BP_transition_call pc=A631 sp=F37C p=01/02/03 flow=01 exit=00 screen=00 in=03 player=00 pxy=106,80 v=02/00
BP_transition_call pc=A631 sp=F37C p=01/02/03 flow=01 exit=00 screen=00 in=03 player=00 pxy=106,80 v=02/00
BP_transition_call pc=A631 sp=F37C p=01/02/03 flow=01 exit=00 screen=00 in=03 player=00 pxy=106,80 v=02/00
BP_transition_call pc=A631 sp=F37C p=01/02/03 flow=01 exit=00 screen=00 in=03 player=00 pxy=106,80 v=02/00
BP_transition_call pc=A631 sp=F37C p=01/02/03 flow=01 exit=00 screen=00 in=03 player=00 pxy=106,80 v=02/00
BP_transition_call pc=A631 sp=F37C p=01/02/03 flow=01 exit=00 screen=00 in=03 player=00 pxy=106,80 v=02/00
BP_transition_call pc=A631 sp=F37C p=01/02/03 flow=01 exit=00 screen=00 in=03 player=00 pxy=106,80 v=02/00
BP_transition_call pc=A631 sp=F37C p=01/02/03 flow=01 exit=00 screen=00 in=03 player=00 pxy=106,80 v=02/00
BP_transition_call pc=A631 sp=F37C p=01/02/03 flow=01 exit=00 screen=00 in=03 player=00 pxy=106,80 v=02/00
BP_transition_call pc=A631 sp=F37C p=01/02/03 flow=01 exit=00 screen=00 in=03 player=00 pxy=106,80 v=02/00
BP_transition_call pc=A631 sp=F37C p=01/02/03 flow=01 exit=00 screen=00 in=03 player=00 pxy=106,80 v=02/00
BP_transition_call pc=A631 sp=F37C p=01/02/03 flow=01 exit=00 screen=00 in=03 player=00 pxy=106,80 v=02/00
BP_transition_call pc=A631 sp=F37C p=01/02/03 flow=01 exit=00 screen=00 in=03 player=00 pxy=106,80 v=02/00
BP_transition_call pc=A631 sp=F37C p=01/02/03 flow=01 exit=00 screen=00 in=03 player=00 pxy=106,80 v=02/00
BP_transition_call pc=A631 sp=F37C p=01/02/03 flow=01 exit=00 screen=00 in=03 player=00 pxy=106,80 v=02/00
BP_transition_call pc=A631 sp=F37C p=01/02/03 flow=01 exit=00 screen=00 in=03 player=00 pxy=106,80 v=02/00
BP_transition_call pc=A631 sp=F37C p=01/02/03 flow=01 exit=00 screen=00 in=03 player=00 pxy=106,80 v=02/00
BP_transition_call pc=A631 sp=F37C p=01/02/03 flow=01 exit=00 screen=00 in=03 player=00 pxy=106,80 v=02/00
BP_transition_call pc=A631 sp=F37C p=01/02/03 flow=01 exit=00 screen=00 in=03 player=00 pxy=106,80 v=02/00
BP_transition_call pc=A631 sp=F37C p=01/02/03 flow=01 exit=00 screen=00 in=03 player=00 pxy=106,80 v=02/00
BP_transition_call pc=A631 sp=F37C p=01/02/03 flow=01 exit=00 screen=00 in=03 player=00 pxy=106,80 v=02/00
BP_transition_call pc=A631 sp=F37C p=01/02/03 flow=01 exit=00 screen=00 in=03 player=00 pxy=106,80 v=02/00
BP_transition_call pc=A631 sp=F37C p=01/02/03 flow=01 exit=00 screen=00 in=03 player=00 pxy=106,80 v=02/00
BP_transition_call pc=A631 sp=F37C p=01/02/03 flow=01 exit=00 screen=00 in=03 player=00 pxy=106,80 v=02/00
BP_transition_call pc=A631 sp=F37C p=01/02/03 flow=01 exit=00 screen=00 in=03 player=00 pxy=106,80 v=02/00
BP_transition_call pc=A631 sp=F37C p=01/02/03 flow=01 exit=00 screen=00 in=03 player=00 pxy=106,80 v=02/00
BP_transition_call pc=A631 sp=F37C p=01/02/03 flow=01 exit=00 screen=00 in=03 player=00 pxy=106,80 v=02/00
BP_transition_call pc=A631 sp=F37C p=01/02/03 flow=01 exit=00 screen=00 in=03 player=00 pxy=106,80 v=02/00
BP_transition_call pc=A631 sp=F37C p=01/02/03 flow=01 exit=00 screen=00 in=03 player=00 pxy=106,80 v=02/00
BP_transition_call pc=A631 sp=F37C p=01/02/03 flow=01 exit=00 screen=00 in=03 player=00 pxy=106,80 v=02/00
BP_transition_call pc=A631 sp=F37C p=01/02/03 flow=01 exit=00 screen=00 in=03 player=00 pxy=106,80 v=02/00
BP_transition_call pc=A631 sp=F37C p=01/02/03 flow=01 exit=00 screen=00 in=03 player=00 pxy=106,80 v=02/00
BP_transition_call pc=A631 sp=F37C p=01/02/03 flow=01 exit=00 screen=00 in=03 player=00 pxy=106,80 v=02/00
BP_transition_call pc=A631 sp=F37C p=01/02/03 flow=01 exit=00 screen=00 in=03 player=00 pxy=106,80 v=02/00
BP_transition_call pc=A631 sp=F37C p=01/02/03 flow=01 exit=00 screen=00 in=03 player=00 pxy=106,80 v=02/00
BP_transition_call pc=A631 sp=F37C p=01/02/03 flow=01 exit=00 screen=00 in=03 player=00 pxy=106,80 v=02/00
BP_transition_call pc=A631 sp=F37C p=01/02/03 flow=01 exit=00 screen=00 in=03 player=00 pxy=106,80 v=02/00
BP_transition_call pc=A631 sp=F37C p=01/02/03 flow=01 exit=00 screen=00 in=03 player=00 pxy=106,80 v=02/00
BP_transition_call pc=A631 sp=F37C p=01/02/03 flow=01 exit=00 screen=00 in=03 player=00 pxy=106,80 v=02/00
BP_transition_call pc=A631 sp=F37C p=01/02/03 flow=01 exit=00 screen=00 in=03 player=00 pxy=106,80 v=02/00
BP_transition_call pc=A631 sp=F37C p=01/02/03 flow=01 exit=00 screen=00 in=03 player=00 pxy=106,80 v=02/00
BP_transition_call pc=A631 sp=F37C p=01/02/03 flow=01 exit=00 screen=00 in=03 player=00 pxy=106,80 v=02/00
BP_transition_call pc=A631 sp=F37C p=01/02/03 flow=01 exit=00 screen=00 in=03 player=00 pxy=106,80 v=02/00
BP_transition_call pc=A631 sp=F37C p=01/02/03 flow=01 exit=00 screen=00 in=03 player=00 pxy=106,80 v=02/00
BP_transition_call pc=A631 sp=F37C p=01/02/03 flow=01 exit=00 screen=00 in=03 player=00 pxy=106,80 v=02/00
BP_transition_call pc=A631 sp=F37C p=01/02/03 flow=01 exit=00 screen=00 in=03 player=00 pxy=106,80 v=02/00
BP_transition_call pc=A631 sp=F37C p=01/02/03 flow=01 exit=00 screen=00 in=03 player=00 pxy=106,80 v=02/00
BP_transition_call pc=A631 sp=F37C p=01/02/03 flow=01 exit=00 screen=00 in=03 player=00 pxy=106,80 v=02/00
BP_transition_call pc=A631 sp=F37C p=01/02/03 flow=01 exit=00 screen=00 in=03 player=00 pxy=106,80 v=02/00
BP_transition_call pc=A631 sp=F37C p=01/02/03 flow=01 exit=00 screen=00 in=03 player=00 pxy=106,80 v=02/00
BP_transition_call pc=A631 sp=F37C p=01/02/03 flow=01 exit=00 screen=00 in=03 player=00 pxy=106,80 v=02/00
BP_transition_call pc=A631 sp=F37C p=01/02/03 flow=01 exit=00 screen=00 in=03 player=00 pxy=106,80 v=02/00
BP_transition_call pc=A631 sp=F37C p=01/02/03 flow=01 exit=00 screen=00 in=03 player=00 pxy=106,80 v=02/00
BP_transition_call pc=A631 sp=F37C p=01/02/03 flow=01 exit=00 screen=00 in=03 player=00 pxy=106,80 v=02/00
BP_transition_call pc=A631 sp=F37C p=01/02/03 flow=01 exit=00 screen=00 in=03 player=00 pxy=106,80 v=02/00
BP_transition_call pc=A631 sp=F37C p=01/02/03 flow=01 exit=00 screen=00 in=03 player=00 pxy=106,80 v=02/00
BP_transition_call pc=A631 sp=F37C p=01/02/03 flow=01 exit=00 screen=00 in=03 player=00 pxy=106,80 v=02/00
BP_transition_call pc=A631 sp=F37C p=01/02/03 flow=01 exit=00 screen=00 in=03 player=00 pxy=106,80 v=02/00
BP_transition_call pc=A631 sp=F37C p=01/02/03 flow=01 exit=00 screen=00 in=03 player=00 pxy=106,80 v=02/00
BP_transition_call pc=A631 sp=F37C p=01/02/03 flow=01 exit=00 screen=00 in=03 player=00 pxy=106,80 v=02/00
BP_transition_call pc=A631 sp=F37C p=01/02/03 flow=01 exit=00 screen=00 in=03 player=00 pxy=106,80 v=02/00
BP_transition_call pc=A631 sp=F37C p=01/02/03 flow=01 exit=00 screen=00 in=03 player=00 pxy=106,80 v=02/00
BP_transition_call pc=A631 sp=F37C p=01/02/03 flow=01 exit=00 screen=00 in=03 player=00 pxy=106,80 v=02/00
BP_transition_call pc=A631 sp=F37C p=01/02/03 flow=01 exit=00 screen=00 in=03 player=00 pxy=106,80 v=02/00
BP_transition_call pc=A631 sp=F37C p=01/02/03 flow=01 exit=00 screen=00 in=03 player=00 pxy=106,80 v=02/00
BP_transition_call pc=A631 sp=F37C p=01/02/03 flow=01 exit=00 screen=00 in=03 player=00 pxy=106,80 v=02/00
BP_transition_call pc=A631 sp=F37C p=01/02/03 flow=01 exit=00 screen=00 in=03 player=00 pxy=106,80 v=02/00
BP_transition_call pc=A631 sp=F37C p=01/02/03 flow=01 exit=00 screen=00 in=03 player=00 pxy=106,80 v=02/00
BP_transition_call pc=A631 sp=F37C p=01/02/03 flow=01 exit=00 screen=00 in=03 player=00 pxy=106,80 v=02/00
BP_transition_call pc=A631 sp=F37C p=01/02/03 flow=01 exit=00 screen=00 in=03 player=00 pxy=106,80 v=02/00
BP_transition_call pc=A631 sp=F37C p=01/02/03 flow=01 exit=00 screen=00 in=03 player=00 pxy=106,80 v=02/00
BP_transition_call pc=A631 sp=F37C p=01/02/03 flow=01 exit=00 screen=00 in=03 player=00 pxy=106,80 v=02/00
BP_transition_call pc=A631 sp=F37C p=01/02/03 flow=01 exit=00 screen=00 in=03 player=00 pxy=106,80 v=02/00
BP_transition_call pc=A631 sp=F37C p=01/02/03 flow=01 exit=00 screen=00 in=03 player=00 pxy=106,80 v=02/00
BP_transition_call pc=A631 sp=F37C p=01/02/03 flow=01 exit=00 screen=00 in=03 player=00 pxy=106,80 v=02/00
BP_transition_call pc=A631 sp=F37C p=01/02/03 flow=01 exit=00 screen=00 in=03 player=00 pxy=106,80 v=02/00
BP_transition_call pc=A631 sp=F37C p=01/02/03 flow=01 exit=00 screen=00 in=03 player=00 pxy=106,80 v=02/00
BP_transition_call pc=A631 sp=F37C p=01/02/03 flow=01 exit=00 screen=00 in=03 player=00 pxy=106,80 v=02/00
BP_transition_call pc=A631 sp=F37C p=01/02/03 flow=01 exit=00 screen=00 in=03 player=00 pxy=106,80 v=02/00
BP_transition_call pc=A631 sp=F37C p=01/02/03 flow=01 exit=00 screen=00 in=03 player=00 pxy=106,80 v=02/00
BP_transition_call pc=A631 sp=F37C p=01/02/03 flow=01 exit=00 screen=00 in=03 player=00 pxy=106,80 v=02/00
BP_transition_call pc=A631 sp=F37C p=01/02/03 flow=01 exit=00 screen=00 in=03 player=00 pxy=106,80 v=02/00
BP_transition_call pc=A631 sp=F37C p=01/02/03 flow=01 exit=00 screen=00 in=03 player=00 pxy=106,80 v=02/00
BP_transition_call pc=A631 sp=F37C p=01/02/03 flow=01 exit=00 screen=00 in=03 player=00 pxy=106,80 v=02/00
BP_transition_call pc=A631 sp=F37C p=01/02/03 flow=01 exit=00 screen=00 in=03 player=00 pxy=106,80 v=02/00
BP_transition_call pc=A631 sp=F37C p=01/02/03 flow=01 exit=00 screen=00 in=03 player=00 pxy=106,80 v=02/00
BP_transition_call pc=A631 sp=F37C p=01/02/03 flow=01 exit=00 screen=00 in=03 player=00 pxy=106,80 v=02/00
BP_transition_call pc=A631 sp=F37C p=01/02/03 flow=01 exit=00 screen=00 in=03 player=00 pxy=106,80 v=02/00
BP_transition_call pc=A631 sp=F37C p=01/02/03 flow=01 exit=00 screen=00 in=03 player=00 pxy=106,80 v=02/00
BP_transition_call pc=A631 sp=F37C p=01/02/03 flow=01 exit=00 screen=00 in=03 player=00 pxy=106,80 v=02/00
BP_transition_call pc=A631 sp=F37C p=01/02/03 flow=01 exit=00 screen=00 in=03 player=00 pxy=106,80 v=02/00
BP_transition_call pc=A631 sp=F37C p=01/02/03 flow=01 exit=00 screen=00 in=03 player=00 pxy=106,80 v=02/00
BP_transition_call pc=A631 sp=F37C p=01/02/03 flow=01 exit=00 screen=00 in=03 player=00 pxy=106,80 v=02/00
BP_transition_call pc=A631 sp=F37C p=01/02/03 flow=01 exit=00 screen=00 in=03 player=00 pxy=106,80 v=02/00
BP_transition_call pc=A631 sp=F37C p=01/02/03 flow=01 exit=00 screen=00 in=03 player=00 pxy=106,80 v=02/00
BP_transition_call pc=A631 sp=F37C p=01/02/03 flow=01 exit=00 screen=00 in=03 player=00 pxy=106,80 v=02/00
BP_transition_call pc=A631 sp=F37C p=01/02/03 flow=01 exit=00 screen=00 in=03 player=00 pxy=106,80 v=02/00
BP_transition_call pc=A631 sp=F37C p=01/02/03 flow=01 exit=00 screen=00 in=03 player=00 pxy=106,80 v=02/00
BP_transition_call pc=A631 sp=F37C p=01/02/03 flow=01 exit=00 screen=00 in=03 player=00 pxy=106,80 v=02/00
BP_transition_call pc=A631 sp=F37C p=01/02/03 flow=01 exit=00 screen=00 in=03 player=00 pxy=106,80 v=02/00
BP_transition_call pc=A631 sp=F37C p=01/02/03 flow=01 exit=00 screen=00 in=03 player=00 pxy=106,80 v=02/00
BP_transition_call pc=A631 sp=F37C p=01/02/03 flow=01 exit=00 screen=00 in=03 player=00 pxy=106,80 v=02/00
BP_transition_call pc=A631 sp=F37C p=01/02/03 flow=01 exit=00 screen=00 in=03 player=00 pxy=106,80 v=02/00
BP_transition_call pc=A631 sp=F37C p=01/02/03 flow=01 exit=00 screen=00 in=03 player=00 pxy=106,80 v=02/00
BP_transition_call pc=A631 sp=F37C p=01/02/03 flow=01 exit=00 screen=00 in=03 player=00 pxy=106,80 v=02/00
BP_transition_call pc=A631 sp=F37C p=01/02/03 flow=01 exit=00 screen=00 in=03 player=00 pxy=106,80 v=02/00
BP_transition_call pc=A631 sp=F37C p=01/02/03 flow=01 exit=00 screen=00 in=03 player=00 pxy=106,80 v=02/00
BP_transition_call pc=A631 sp=F37C p=01/02/03 flow=01 exit=00 screen=00 in=03 player=00 pxy=106,80 v=02/00
BP_transition_call pc=A631 sp=F37C p=01/02/03 flow=01 exit=00 screen=00 in=03 player=00 pxy=106,80 v=02/00
BP_transition_call pc=A631 sp=F37C p=01/02/03 flow=01 exit=00 screen=00 in=03 player=00 pxy=106,80 v=02/00
BP_transition_call pc=A631 sp=F37C p=01/02/03 flow=01 exit=00 screen=00 in=03 player=00 pxy=106,80 v=02/00
BP_transition_call pc=A631 sp=F37C p=01/02/03 flow=01 exit=00 screen=00 in=03 player=00 pxy=106,80 v=02/00
BP_transition_call pc=A631 sp=F37C p=01/02/03 flow=01 exit=00 screen=00 in=03 player=00 pxy=106,80 v=02/00
BP_transition_call pc=A631 sp=F37C p=01/02/03 flow=01 exit=00 screen=00 in=03 player=00 pxy=106,80 v=02/00
BP_transition_call pc=A631 sp=F37C p=01/02/03 flow=01 exit=00 screen=00 in=03 player=00 pxy=106,80 v=02/00
BP_transition_call pc=A631 sp=F37C p=01/02/03 flow=01 exit=00 screen=00 in=03 player=00 pxy=106,80 v=02/00
BP_transition_call pc=A631 sp=F37C p=01/02/03 flow=01 exit=00 screen=00 in=03 player=00 pxy=106,80 v=02/00
BP_transition_call pc=A631 sp=F37C p=01/02/03 flow=01 exit=00 screen=00 in=03 player=00 pxy=106,80 v=02/00
BP_transition_call pc=A631 sp=F37C p=01/02/03 flow=01 exit=00 screen=00 in=03 player=00 pxy=106,80 v=02/00
BP_transition_call pc=A631 sp=F37C p=01/02/03 flow=01 exit=00 screen=00 in=03 player=00 pxy=106,80 v=02/00
BP_transition_call pc=A631 sp=F37C p=01/02/03 flow=01 exit=00 screen=00 in=03 player=00 pxy=106,80 v=02/00
BP_transition_call pc=A631 sp=F37C p=01/02/03 flow=01 exit=00 screen=00 in=03 player=00 pxy=106,80 v=02/00
BP_transition_call pc=A631 sp=F37C p=01/02/03 flow=01 exit=00 screen=00 in=03 player=00 pxy=106,80 v=02/00
BP_transition_call pc=A631 sp=F37C p=01/02/03 flow=01 exit=00 screen=00 in=03 player=00 pxy=106,80 v=02/00
BP_transition_call pc=A631 sp=F37C p=01/02/03 flow=01 exit=00 screen=00 in=03 player=00 pxy=106,80 v=02/00
BP_transition_call pc=A631 sp=F37C p=01/02/03 flow=01 exit=00 screen=00 in=03 player=00 pxy=106,80 v=02/00
BP_transition_call pc=A631 sp=F37C p=01/02/03 flow=01 exit=00 screen=00 in=03 player=00 pxy=106,80 v=02/00
BP_transition_call pc=A631 sp=F37C p=01/02/03 flow=01 exit=00 screen=00 in=03 player=00 pxy=106,80 v=02/00
BP_transition_call pc=A631 sp=F37C p=01/02/03 flow=01 exit=00 screen=00 in=03 player=00 pxy=106,80 v=02/00
BP_transition_call pc=A631 sp=F37C p=01/02/03 flow=01 exit=00 screen=00 in=03 player=00 pxy=106,80 v=02/00
BP_transition_call pc=A631 sp=F37C p=01/02/03 flow=01 exit=00 screen=00 in=03 player=00 pxy=106,80 v=02/00
BP_transition_call pc=A631 sp=F37C p=01/02/03 flow=01 exit=00 screen=00 in=03 player=00 pxy=106,80 v=02/00
BP_transition_call pc=A631 sp=F37C p=01/02/03 flow=01 exit=00 screen=00 in=03 player=00 pxy=106,80 v=02/00
BP_transition_call pc=A631 sp=F37C p=01/02/03 flow=01 exit=00 screen=00 in=03 player=00 pxy=106,80 v=02/00
BP_transition_call pc=A631 sp=F37C p=01/02/03 flow=01 exit=00 screen=00 in=03 player=00 pxy=106,80 v=02/00
BP_transition_call pc=A631 sp=F37C p=01/02/03 flow=01 exit=00 screen=00 in=03 player=00 pxy=106,80 v=02/00
BP_transition_call pc=A631 sp=F37C p=01/02/03 flow=01 exit=00 screen=00 in=03 player=00 pxy=106,80 v=02/00
BP_transition_call pc=A631 sp=F37C p=01/02/03 flow=01 exit=00 screen=00 in=03 player=00 pxy=106,80 v=02/00
BP_transition_call pc=A631 sp=F37C p=01/02/03 flow=01 exit=00 screen=00 in=03 player=00 pxy=106,80 v=02/00
BP_transition_call pc=A631 sp=F37C p=01/02/03 flow=01 exit=00 screen=00 in=03 player=00 pxy=106,80 v=02/00
BP_transition_call pc=A631 sp=F37C p=01/02/03 flow=01 exit=00 screen=00 in=03 player=00 pxy=106,80 v=02/00
BP_transition_call pc=A631 sp=F37C p=01/02/03 flow=01 exit=00 screen=00 in=03 player=00 pxy=106,80 v=02/00
BP_transition_call pc=A631 sp=F37C p=01/02/03 flow=01 exit=00 screen=00 in=03 player=00 pxy=106,80 v=02/00
BP_transition_call pc=A631 sp=F37C p=01/02/03 flow=01 exit=00 screen=00 in=03 player=00 pxy=106,80 v=02/00
BP_transition_call pc=A631 sp=F37C p=01/02/03 flow=01 exit=00 screen=00 in=03 player=00 pxy=106,80 v=02/00
BP_transition_call pc=A631 sp=F37C p=01/02/03 flow=01 exit=00 screen=00 in=03 player=00 pxy=106,80 v=02/00
BP_transition_call pc=A631 sp=F37C p=01/02/03 flow=01 exit=00 screen=00 in=03 player=00 pxy=106,80 v=02/00
BP_transition_call pc=A631 sp=F37C p=01/02/03 flow=01 exit=00 screen=00 in=03 player=00 pxy=106,80 v=02/00
BP_transition_call pc=A631 sp=F37C p=01/02/03 flow=01 exit=00 screen=00 in=03 player=00 pxy=106,80 v=02/00
BP_transition_call pc=A631 sp=F37C p=01/02/03 flow=01 exit=00 screen=00 in=03 player=00 pxy=106,80 v=02/00
BP_transition_call pc=A631 sp=F37C p=01/02/03 flow=01 exit=00 screen=00 in=03 player=00 pxy=106,80 v=02/00
BP_transition_call pc=A631 sp=F37C p=01/02/03 flow=01 exit=00 screen=00 in=03 player=00 pxy=106,80 v=02/00
BP_transition_call pc=A631 sp=F37C p=01/02/03 flow=01 exit=00 screen=00 in=03 player=00 pxy=106,80 v=02/00
BP_transition_call pc=A631 sp=F37C p=01/02/03 flow=01 exit=00 screen=00 in=03 player=00 pxy=106,80 v=02/00
BP_transition_call pc=A631 sp=F37C p=01/02/03 flow=01 exit=00 screen=00 in=03 player=00 pxy=106,80 v=02/00
BP_transition_call pc=A631 sp=F37C p=01/02/03 flow=01 exit=00 screen=00 in=03 player=00 pxy=106,80 v=02/00
BP_transition_call pc=A631 sp=F37C p=01/02/03 flow=01 exit=00 screen=00 in=03 player=00 pxy=106,80 v=02/00
BP_transition_call pc=A631 sp=F37C p=01/02/03 flow=01 exit=00 screen=00 in=03 player=00 pxy=106,80 v=02/00
BP_transition_call pc=A631 sp=F37C p=01/02/03 flow=01 exit=00 screen=00 in=03 player=00 pxy=106,80 v=02/00
BP_transition_call pc=A631 sp=F37C p=01/02/03 flow=01 exit=00 screen=00 in=03 player=00 pxy=106,80 v=02/00
BP_transition_call pc=A631 sp=F37C p=01/02/03 flow=01 exit=00 screen=00 in=03 player=00 pxy=106,80 v=02/00
BP_transition_call pc=A631 sp=F37C p=01/02/03 flow=01 exit=00 screen=00 in=03 player=00 pxy=106,80 v=02/00
BP_transition_call pc=A631 sp=F37C p=01/02/03 flow=01 exit=00 screen=00 in=03 player=00 pxy=106,80 v=02/00
BP_transition_call pc=A631 sp=F37C p=01/02/03 flow=01 exit=00 screen=00 in=03 player=00 pxy=106,80 v=02/00
BP_transition_call pc=A631 sp=F37C p=01/02/03 flow=01 exit=00 screen=00 in=03 player=00 pxy=106,80 v=02/00
BP_transition_call pc=A631 sp=F37C p=01/02/03 flow=01 exit=00 screen=00 in=03 player=00 pxy=106,80 v=02/00
BP_transition_call pc=A631 sp=F37C p=01/02/03 flow=01 exit=00 screen=00 in=03 player=00 pxy=106,80 v=02/00
BP_transition_call pc=A631 sp=F37C p=01/02/03 flow=01 exit=00 screen=00 in=03 player=00 pxy=106,80 v=02/00
BP_transition_call pc=A631 sp=F37C p=01/02/03 flow=01 exit=00 screen=00 in=03 player=00 pxy=106,80 v=02/00
BP_transition_call pc=A631 sp=F37C p=01/02/03 flow=01 exit=00 screen=00 in=03 player=00 pxy=106,80 v=02/00
BP_transition_call pc=A631 sp=F37C p=01/02/03 flow=01 exit=00 screen=00 in=03 player=00 pxy=106,80 v=02/00
BP_transition_call pc=A631 sp=F37C p=01/02/03 flow=01 exit=00 screen=00 in=03 player=00 pxy=106,80 v=02/00
BP_transition_call pc=A631 sp=F37C p=01/02/03 flow=01 exit=00 screen=00 in=03 player=00 pxy=106,80 v=02/00
BP_transition_call pc=A631 sp=F37C p=01/02/03 flow=01 exit=00 screen=00 in=03 player=00 pxy=106,80 v=02/00
BP_transition_call pc=A631 sp=F37C p=01/02/03 flow=01 exit=00 screen=00 in=03 player=00 pxy=106,80 v=02/00
BP_transition_call pc=A631 sp=F37C p=01/02/03 flow=01 exit=00 screen=00 in=03 player=00 pxy=106,80 v=02/00
BP_transition_call pc=A631 sp=F37C p=01/02/03 flow=01 exit=00 screen=00 in=03 player=00 pxy=106,80 v=02/00
BP_transition_call pc=A631 sp=F37C p=01/02/03 flow=01 exit=00 screen=00 in=03 player=00 pxy=106,80 v=02/00
BP_transition_call pc=A631 sp=F37C p=01/02/03 flow=01 exit=00 screen=00 in=03 player=00 pxy=106,80 v=02/00
BP_transition_call pc=A631 sp=F37C p=01/02/03 flow=01 exit=00 screen=00 in=03 player=00 pxy=106,80 v=02/00
BP_transition_call pc=A631 sp=F37C p=01/02/03 flow=01 exit=00 screen=00 in=03 player=00 pxy=106,80 v=02/00
BP_transition_call pc=A631 sp=F37C p=01/02/03 flow=01 exit=00 screen=00 in=03 player=00 pxy=106,80 v=02/00
BP_transition_call pc=A631 sp=F37C p=01/02/03 flow=01 exit=00 screen=00 in=03 player=00 pxy=106,80 v=02/00
BP_transition_call pc=A631 sp=F37C p=01/02/03 flow=01 exit=00 screen=00 in=03 player=00 pxy=106,80 v=02/00
BP_transition_call pc=A631 sp=F37C p=01/02/03 flow=01 exit=00 screen=00 in=03 player=00 pxy=106,80 v=02/00
BP_transition_call pc=A631 sp=F37C p=01/02/03 flow=01 exit=00 screen=00 in=03 player=00 pxy=106,80 v=02/00
BP_transition_call pc=A631 sp=F37C p=01/02/03 flow=01 exit=00 screen=00 in=03 player=00 pxy=106,80 v=02/00
BP_transition_call pc=A631 sp=F37C p=01/02/03 flow=01 exit=00 screen=00 in=03 player=00 pxy=106,80 v=02/00
BP_transition_call pc=A631 sp=F37C p=01/02/03 flow=01 exit=00 screen=00 in=03 player=00 pxy=106,80 v=02/00
BP_transition_call pc=A631 sp=F37C p=01/02/03 flow=01 exit=00 screen=00 in=03 player=00 pxy=106,80 v=02/00
BP_transition_call pc=A631 sp=F37C p=01/02/03 flow=01 exit=00 screen=00 in=03 player=00 pxy=106,80 v=02/00
BP_transition_call pc=A631 sp=F37C p=01/02/03 flow=01 exit=00 screen=00 in=03 player=00 pxy=106,80 v=02/00
BP_transition_call pc=A631 sp=F37C p=01/02/03 flow=01 exit=00 screen=00 in=03 player=00 pxy=106,80 v=02/00
BP_transition_call pc=A631 sp=F37C p=01/02/03 flow=01 exit=00 screen=00 in=03 player=00 pxy=106,80 v=02/00
BP_transition_call pc=A631 sp=F37C p=01/02/03 flow=01 exit=00 screen=00 in=03 player=00 pxy=106,80 v=02/00
BP_transition_call pc=A631 sp=F37C p=01/02/03 flow=01 exit=00 screen=00 in=03 player=00 pxy=106,80 v=02/00
BP_transition_call pc=A631 sp=F37C p=01/02/03 flow=01 exit=00 screen=00 in=03 player=00 pxy=106,80 v=02/00
BP_transition_call pc=A631 sp=F37C p=01/02/03 flow=01 exit=00 screen=00 in=03 player=00 pxy=106,80 v=02/00
BP_transition_call pc=A631 sp=F37C p=01/02/03 flow=01 exit=00 screen=00 in=03 player=00 pxy=106,80 v=02/00
BP_transition_call pc=A631 sp=F37C p=01/02/03 flow=01 exit=00 screen=00 in=03 player=00 pxy=106,80 v=02/00
BP_transition_call pc=A631 sp=F37C p=01/02/03 flow=01 exit=00 screen=00 in=03 player=00 pxy=106,80 v=02/00
BP_transition_call pc=A631 sp=F37C p=01/02/03 flow=01 exit=00 screen=00 in=03 player=00 pxy=106,80 v=02/00
BP_transition_call pc=A631 sp=F37C p=01/02/03 flow=01 exit=00 screen=00 in=03 player=00 pxy=106,80 v=02/00
BP_transition_call pc=A631 sp=F37C p=01/02/03 flow=01 exit=00 screen=00 in=03 player=00 pxy=106,80 v=02/00
BP_transition_call pc=A631 sp=F37C p=01/02/03 flow=01 exit=00 screen=00 in=03 player=00 pxy=106,80 v=02/00
BP_transition_call pc=A631 sp=F37C p=01/02/03 flow=01 exit=00 screen=00 in=03 player=00 pxy=106,80 v=02/00
BP_transition_call pc=A631 sp=F37C p=01/02/03 flow=01 exit=00 screen=00 in=03 player=00 pxy=106,80 v=02/00
BP_transition_call pc=A631 sp=F37C p=01/02/03 flow=01 exit=00 screen=00 in=03 player=00 pxy=106,80 v=02/00
BP_transition_call pc=A631 sp=F37C p=01/02/03 flow=01 exit=00 screen=00 in=03 player=00 pxy=106,80 v=02/00
BP_transition_call pc=A631 sp=F37C p=01/02/03 flow=01 exit=00 screen=00 in=03 player=00 pxy=106,80 v=02/00
BP_transition_call pc=A631 sp=F37C p=01/02/03 flow=01 exit=00 screen=00 in=03 player=00 pxy=106,80 v=02/00
BP_transition_call pc=A631 sp=F37C p=01/02/03 flow=01 exit=00 screen=00 in=03 player=00 pxy=106,80 v=02/00
BP_transition_call pc=A631 sp=F37C p=01/02/03 flow=01 exit=00 screen=00 in=03 player=00 pxy=106,80 v=02/00
BP_transition_call pc=A631 sp=F37C p=01/02/03 flow=01 exit=00 screen=00 in=03 player=00 pxy=106,80 v=02/00
BP_transition_call pc=A631 sp=F37C p=01/02/03 flow=01 exit=00 screen=00 in=03 player=00 pxy=106,80 v=02/00
BP_transition_call pc=A631 sp=F37C p=01/02/03 flow=01 exit=00 screen=00 in=03 player=00 pxy=106,80 v=02/00
BP_transition_call pc=A631 sp=F37C p=01/02/03 flow=01 exit=00 screen=00 in=03 player=00 pxy=106,80 v=02/00
BP_transition_call pc=A631 sp=F37C p=01/02/03 flow=01 exit=00 screen=00 in=03 player=00 pxy=106,80 v=02/00
BP_transition_call pc=A631 sp=F37C p=01/02/03 flow=01 exit=00 screen=00 in=03 player=00 pxy=106,80 v=02/00
BP_transition_call pc=A631 sp=F37C p=01/02/03 flow=01 exit=00 screen=00 in=03 player=00 pxy=106,80 v=02/00
BP_transition_call pc=A631 sp=F37C p=01/02/03 flow=01 exit=00 screen=00 in=03 player=00 pxy=106,80 v=02/00
BP_transition_call pc=A631 sp=F37C p=01/02/03 flow=01 exit=00 screen=00 in=03 player=00 pxy=106,80 v=02/00
BP_transition_call pc=A631 sp=F37C p=01/02/03 flow=01 exit=00 screen=00 in=03 player=00 pxy=106,80 v=02/00
BP_transition_call pc=A631 sp=F37C p=01/02/03 flow=01 exit=00 screen=00 in=03 player=00 pxy=106,80 v=02/00
BP_transition_call pc=A631 sp=F37C p=01/02/03 flow=01 exit=00 screen=00 in=03 player=00 pxy=106,80 v=02/00
BP_transition_call pc=A631 sp=F37C p=01/02/03 flow=01 exit=00 screen=00 in=03 player=00 pxy=106,80 v=02/00
BP_transition_call pc=A631 sp=F37C p=01/02/03 flow=01 exit=00 screen=00 in=03 player=00 pxy=106,80 v=02/00
BP_transition_call pc=A631 sp=F37C p=01/02/03 flow=01 exit=00 screen=00 in=03 player=00 pxy=106,80 v=02/00
BP_transition_call pc=A631 sp=F37C p=01/02/03 flow=01 exit=00 screen=00 in=03 player=00 pxy=106,80 v=02/00
BP_transition_call pc=A631 sp=F37C p=01/02/03 flow=01 exit=00 screen=00 in=03 player=00 pxy=106,80 v=02/00
BP_transition_call pc=A631 sp=F37C p=01/02/03 flow=01 exit=00 screen=00 in=03 player=00 pxy=106,80 v=02/00
BP_transition_call pc=A631 sp=F37C p=01/02/03 flow=01 exit=00 screen=00 in=03 player=00 pxy=106,80 v=02/00
BP_transition_call pc=A631 sp=F37C p=01/02/03 flow=01 exit=00 screen=00 in=03 player=00 pxy=106,80 v=02/00
BP_transition_call pc=A631 sp=F37C p=01/02/03 flow=01 exit=00 screen=00 in=03 player=00 pxy=106,80 v=02/00
BP_transition_call pc=A631 sp=F37C p=01/02/03 flow=01 exit=00 screen=00 in=03 player=00 pxy=106,80 v=02/00
BP_transition_call pc=A631 sp=F37C p=01/02/03 flow=01 exit=00 screen=00 in=03 player=00 pxy=106,80 v=02/00
BP_transition_call pc=A631 sp=F37C p=01/02/03 flow=01 exit=00 screen=00 in=03 player=00 pxy=106,80 v=02/00
BP_transition_call pc=A631 sp=F37C p=01/02/03 flow=01 exit=00 screen=00 in=03 player=00 pxy=106,80 v=02/00
BP_transition_call pc=A631 sp=F37C p=01/02/03 flow=01 exit=00 screen=00 in=03 player=00 pxy=106,80 v=02/00
BP_transition_call pc=A631 sp=F37C p=01/02/03 flow=01 exit=00 screen=00 in=03 player=00 pxy=106,80 v=02/00
BP_transition_call pc=A631 sp=F37C p=01/02/03 flow=01 exit=00 screen=00 in=03 player=00 pxy=106,80 v=02/00
hold_left_after pc=A631 sp=F37C p=01/02/03 flow=01 exit=00 screen=00 in=03 player=00 pxy=106,80 v=02/00
BP_transition_call pc=A631 sp=F37C p=01/02/03 flow=01 exit=00 screen=00 in=03 player=00 pxy=106,80 v=02/00
BP_transition_call pc=A631 sp=F37C p=01/02/03 flow=01 exit=00 screen=00 in=03 player=00 pxy=106,80 v=02/00
BP_transition_call pc=A631 sp=F37C p=01/02/03 flow=01 exit=00 screen=00 in=03 player=00 pxy=106,80 v=02/00
BP_transition_call pc=A631 sp=F37C p=01/02/03 flow=01 exit=00 screen=00 in=03 player=00 pxy=106,80 v=02/00
BP_transition_call pc=A631 sp=F37C p=01/02/03 flow=01 exit=00 screen=00 in=03 player=00 pxy=106,80 v=02/00
BP_transition_call pc=A631 sp=F37C p=01/02/03 flow=01 exit=00 screen=00 in=03 player=00 pxy=106,80 v=02/00
BP_transition_call pc=A631 sp=F37C p=01/02/03 flow=01 exit=00 screen=00 in=03 player=00 pxy=106,80 v=02/00
BP_transition_call pc=A631 sp=F37C p=01/02/03 flow=01 exit=00 screen=00 in=03 player=00 pxy=106,80 v=02/00
BP_transition_call pc=A631 sp=F37C p=01/02/03 flow=01 exit=00 screen=00 in=03 player=00 pxy=106,80 v=02/00
BP_transition_call pc=A631 sp=F37C p=01/02/03 flow=01 exit=00 screen=00 in=03 player=00 pxy=106,80 v=02/00
BP_transition_call pc=A631 sp=F37C p=01/02/03 flow=01 exit=00 screen=00 in=03 player=00 pxy=106,80 v=02/00
BP_transition_call pc=A631 sp=F37C p=01/02/03 flow=01 exit=00 screen=00 in=03 player=00 pxy=106,80 v=02/00
BP_transition_call pc=A631 sp=F37C p=01/02/03 flow=01 exit=00 screen=00 in=03 player=00 pxy=106,80 v=02/00
BP_transition_call pc=A631 sp=F37C p=01/02/03 flow=01 exit=00 screen=00 in=03 player=00 pxy=106,80 v=02/00
BP_transition_call pc=A631 sp=F37C p=01/02/03 flow=01 exit=00 screen=00 in=03 player=00 pxy=106,80 v=02/00
BP_transition_call pc=A631 sp=F37C p=01/02/03 flow=01 exit=00 screen=00 in=03 player=00 pxy=106,80 v=02/00
BP_transition_call pc=A631 sp=F37C p=01/02/03 flow=01 exit=00 screen=00 in=03 player=00 pxy=106,80 v=02/00
BP_transition_call pc=A631 sp=F37C p=01/02/03 flow=01 exit=00 screen=00 in=03 player=00 pxy=106,80 v=02/00
BP_transition_call pc=A631 sp=F37C p=01/02/03 flow=01 exit=00 screen=00 in=03 player=00 pxy=106,80 v=02/00
BP_transition_call pc=A631 sp=F37C p=01/02/03 flow=01 exit=00 screen=00 in=03 player=00 pxy=106,80 v=02/00
BP_transition_call pc=A631 sp=F37C p=01/02/03 flow=01 exit=00 screen=00 in=03 player=00 pxy=106,80 v=02/00
BP_transition_call pc=A631 sp=F37C p=01/02/03 flow=01 exit=00 screen=00 in=03 player=00 pxy=106,80 v=02/00
BP_transition_call pc=A631 sp=F37C p=01/02/03 flow=01 exit=00 screen=00 in=03 player=00 pxy=106,80 v=02/00
BP_transition_call pc=A631 sp=F37C p=01/02/03 flow=01 exit=00 screen=00 in=03 player=00 pxy=106,80 v=02/00
BP_transition_call pc=A631 sp=F37C p=01/02/03 flow=01 exit=00 screen=00 in=03 player=00 pxy=106,80 v=02/00
BP_transition_call pc=A631 sp=F37C p=01/02/03 flow=01 exit=00 screen=00 in=03 player=00 pxy=106,80 v=02/00
BP_transition_call pc=A631 sp=F37C p=01/02/03 flow=01 exit=00 screen=00 in=03 player=00 pxy=106,80 v=02/00
BP_transition_call pc=A631 sp=F37C p=01/02/03 flow=01 exit=00 screen=00 in=03 player=00 pxy=106,80 v=02/00
BP_transition_call pc=A631 sp=F37C p=01/02/03 flow=01 exit=00 screen=00 in=03 player=00 pxy=106,80 v=02/00
BP_transition_call pc=A631 sp=F37C p=01/02/03 flow=01 exit=00 screen=00 in=03 player=00 pxy=106,80 v=02/00
BP_transition_call pc=A631 sp=F37C p=01/02/03 flow=01 exit=00 screen=00 in=03 player=00 pxy=106,80 v=02/00
BP_transition_call pc=A631 sp=F37C p=01/02/03 flow=01 exit=00 screen=00 in=03 player=00 pxy=106,80 v=02/00
BP_transition_call pc=A631 sp=F37C p=01/02/03 flow=01 exit=00 screen=00 in=03 player=00 pxy=106,80 v=02/00
BP_transition_call pc=A631 sp=F37C p=01/02/03 flow=01 exit=00 screen=00 in=03 player=00 pxy=106,80 v=02/00
BP_transition_call pc=A631 sp=F37C p=01/02/03 flow=01 exit=00 screen=00 in=03 player=00 pxy=106,80 v=02/00
BP_transition_call pc=A631 sp=F37C p=01/02/03 flow=01 exit=00 screen=00 in=03 player=00 pxy=106,80 v=02/00
BP_transition_call pc=A631 sp=F37C p=01/02/03 flow=01 exit=00 screen=00 in=03 player=00 pxy=106,80 v=02/00
BP_transition_call pc=A631 sp=F37C p=01/02/03 flow=01 exit=00 screen=00 in=03 player=00 pxy=106,80 v=02/00
BP_transition_call pc=A631 sp=F37C p=01/02/03 flow=01 exit=00 screen=00 in=03 player=00 pxy=106,80 v=02/00
BP_transition_call pc=A631 sp=F37C p=01/02/03 flow=01 exit=00 screen=00 in=03 player=00 pxy=106,80 v=02/00
BP_transition_call pc=A631 sp=F37C p=01/02/03 flow=01 exit=00 screen=00 in=03 player=00 pxy=106,80 v=02/00
BP_transition_call pc=A631 sp=F37C p=01/02/03 flow=01 exit=00 screen=00 in=03 player=00 pxy=106,80 v=02/00
BP_transition_call pc=A631 sp=F37C p=01/02/03 flow=01 exit=00 screen=00 in=03 player=00 pxy=106,80 v=02/00
BP_transition_call pc=A631 sp=F37C p=01/02/03 flow=01 exit=00 screen=00 in=03 player=00 pxy=106,80 v=02/00
BP_transition_call pc=A631 sp=F37C p=01/02/03 flow=01 exit=00 screen=00 in=03 player=00 pxy=106,80 v=02/00
BP_transition_call pc=A631 sp=F37C p=01/02/03 flow=01 exit=00 screen=00 in=03 player=00 pxy=106,80 v=02/00
BP_transition_call pc=A631 sp=F37C p=01/02/03 flow=01 exit=00 screen=00 in=03 player=00 pxy=106,80 v=02/00
BP_transition_call pc=A631 sp=F37C p=01/02/03 flow=01 exit=00 screen=00 in=03 player=00 pxy=106,80 v=02/00
BP_transition_call pc=A631 sp=F37C p=01/02/03 flow=01 exit=00 screen=00 in=03 player=00 pxy=106,80 v=02/00
BP_transition_call pc=A631 sp=F37C p=01/02/03 flow=01 exit=00 screen=00 in=03 player=00 pxy=106,80 v=02/00
BP_transition_call pc=A631 sp=F37C p=01/02/03 flow=01 exit=00 screen=00 in=03 player=00 pxy=106,80 v=02/00
BP_transition_call pc=A631 sp=F37C p=01/02/03 flow=01 exit=00 screen=00 in=03 player=00 pxy=106,80 v=02/00
BP_transition_call pc=A631 sp=F37C p=01/02/03 flow=01 exit=00 screen=00 in=03 player=00 pxy=106,80 v=02/00
BP_transition_call pc=A631 sp=F37C p=01/02/03 flow=01 exit=00 screen=00 in=03 player=00 pxy=106,80 v=02/00
BP_transition_call pc=A631 sp=F37C p=01/02/03 flow=01 exit=00 screen=00 in=03 player=00 pxy=106,80 v=02/00
BP_transition_call pc=A631 sp=F37C p=01/02/03 flow=01 exit=00 screen=00 in=03 player=00 pxy=106,80 v=02/00
BP_transition_call pc=A631 sp=F37C p=01/02/03 flow=01 exit=00 screen=00 in=03 player=00 pxy=106,80 v=02/00
BP_transition_call pc=A631 sp=F37C p=01/02/03 flow=01 exit=00 screen=00 in=03 player=00 pxy=106,80 v=02/00
BP_transition_call pc=A631 sp=F37C p=01/02/03 flow=01 exit=00 screen=00 in=03 player=00 pxy=106,80 v=02/00
BP_transition_call pc=A631 sp=F37C p=01/02/03 flow=01 exit=00 screen=00 in=03 player=00 pxy=106,80 v=02/00
BP_transition_call pc=A631 sp=F37C p=01/02/03 flow=01 exit=00 screen=00 in=03 player=00 pxy=106,80 v=02/00
BP_transition_call pc=A631 sp=F37C p=01/02/03 flow=01 exit=00 screen=00 in=03 player=00 pxy=106,80 v=02/00
BP_transition_call pc=A631 sp=F37C p=01/02/03 flow=01 exit=00 screen=00 in=03 player=00 pxy=106,80 v=02/00
BP_transition_call pc=A631 sp=F37C p=01/02/03 flow=01 exit=00 screen=00 in=03 player=00 pxy=106,80 v=02/00
BP_transition_call pc=A631 sp=F37C p=01/02/03 flow=01 exit=00 screen=00 in=03 player=00 pxy=106,80 v=02/00
BP_transition_call pc=A631 sp=F37C p=01/02/03 flow=01 exit=00 screen=00 in=03 player=00 pxy=106,80 v=02/00
BP_transition_call pc=A631 sp=F37C p=01/02/03 flow=01 exit=00 screen=00 in=03 player=00 pxy=106,80 v=02/00
BP_transition_call pc=A631 sp=F37C p=01/02/03 flow=01 exit=00 screen=00 in=03 player=00 pxy=106,80 v=02/00
BP_transition_call pc=A631 sp=F37C p=01/02/03 flow=01 exit=00 screen=00 in=03 player=00 pxy=106,80 v=02/00
BP_transition_call pc=A631 sp=F37C p=01/02/03 flow=01 exit=00 screen=00 in=03 player=00 pxy=106,80 v=02/00
BP_transition_call pc=A631 sp=F37C p=01/02/03 flow=01 exit=00 screen=00 in=03 player=00 pxy=106,80 v=02/00
BP_transition_call pc=A631 sp=F37C p=01/02/03 flow=01 exit=00 screen=00 in=03 player=00 pxy=106,80 v=02/00
BP_transition_call pc=A631 sp=F37C p=01/02/03 flow=01 exit=00 screen=00 in=03 player=00 pxy=106,80 v=02/00
BP_transition_call pc=A631 sp=F37C p=01/02/03 flow=01 exit=00 screen=00 in=03 player=00 pxy=106,80 v=02/00
BP_transition_call pc=A631 sp=F37C p=01/02/03 flow=01 exit=00 screen=00 in=03 player=00 pxy=106,80 v=02/00
BP_transition_call pc=A631 sp=F37C p=01/02/03 flow=01 exit=00 screen=00 in=03 player=00 pxy=106,80 v=02/00
BP_transition_call pc=A631 sp=F37C p=01/02/03 flow=01 exit=00 screen=00 in=03 player=00 pxy=106,80 v=02/00
BP_transition_call pc=A631 sp=F37C p=01/02/03 flow=01 exit=00 screen=00 in=03 player=00 pxy=106,80 v=02/00
BP_transition_call pc=A631 sp=F37C p=01/02/03 flow=01 exit=00 screen=00 in=03 player=00 pxy=106,80 v=02/00
BP_transition_call pc=A631 sp=F37C p=01/02/03 flow=01 exit=00 screen=00 in=03 player=00 pxy=106,80 v=02/00
BP_transition_call pc=A631 sp=F37C p=01/02/03 flow=01 exit=00 screen=00 in=03 player=00 pxy=106,80 v=02/00
BP_transition_call pc=A631 sp=F37C p=01/02/03 flow=01 exit=00 screen=00 in=03 player=00 pxy=106,80 v=02/00
BP_transition_call pc=A631 sp=F37C p=01/02/03 flow=01 exit=00 screen=00 in=03 player=00 pxy=106,80 v=02/00
BP_transition_call pc=A631 sp=F37C p=01/02/03 flow=01 exit=00 screen=00 in=03 player=00 pxy=106,80 v=02/00
BP_transition_call pc=A631 sp=F37C p=01/02/03 flow=01 exit=00 screen=00 in=03 player=00 pxy=106,80 v=02/00
BP_transition_call pc=A631 sp=F37C p=01/02/03 flow=01 exit=00 screen=00 in=03 player=00 pxy=106,80 v=02/00
BP_transition_call pc=A631 sp=F37C p=01/02/03 flow=01 exit=00 screen=00 in=03 player=00 pxy=106,80 v=02/00
BP_transition_call pc=A631 sp=F37C p=01/02/03 flow=01 exit=00 screen=00 in=03 player=00 pxy=106,80 v=02/00
BP_transition_call pc=A631 sp=F37C p=01/02/03 flow=01 exit=00 screen=00 in=03 player=00 pxy=106,80 v=02/00
BP_transition_call pc=A631 sp=F37C p=01/02/03 flow=01 exit=00 screen=00 in=03 player=00 pxy=106,80 v=02/00
BP_transition_call pc=A631 sp=F37C p=01/02/03 flow=01 exit=00 screen=00 in=03 player=00 pxy=106,80 v=02/00
BP_transition_call pc=A631 sp=F37C p=01/02/03 flow=01 exit=00 screen=00 in=03 player=00 pxy=106,80 v=02/00
BP_transition_call pc=A631 sp=F37C p=01/02/03 flow=01 exit=00 screen=00 in=03 player=00 pxy=106,80 v=02/00
BP_transition_call pc=A631 sp=F37C p=01/02/03 flow=01 exit=00 screen=00 in=03 player=00 pxy=106,80 v=02/00
BP_transition_call pc=A631 sp=F37C p=01/02/03 flow=01 exit=00 screen=00 in=03 player=00 pxy=106,80 v=02/00
BP_transition_call pc=A631 sp=F37C p=01/02/03 flow=01 exit=00 screen=00 in=03 player=00 pxy=106,80 v=02/00
BP_transition_call pc=A631 sp=F37C p=01/02/03 flow=01 exit=00 screen=00 in=03 player=00 pxy=106,80 v=02/00
BP_transition_call pc=A631 sp=F37C p=01/02/03 flow=01 exit=00 screen=00 in=03 player=00 pxy=106,80 v=02/00
BP_transition_call pc=A631 sp=F37C p=01/02/03 flow=01 exit=00 screen=00 in=03 player=00 pxy=106,80 v=02/00
BP_transition_call pc=A631 sp=F37C p=01/02/03 flow=01 exit=00 screen=00 in=03 player=00 pxy=106,80 v=02/00
BP_transition_call pc=A631 sp=F37C p=01/02/03 flow=01 exit=00 screen=00 in=03 player=00 pxy=106,80 v=02/00
final pc=A631 sp=F37C p=01/02/03 flow=01 exit=00 screen=00 in=03 player=00 pxy=106,80 v=02/00
