TRACE_START
irq#1 pc=0038 sp=F2F8
irq#2 pc=0038 sp=F2FA
irq#3 pc=0038 sp=F2F0
irq#4 pc=0038 sp=F2EE
irq#5 pc=0038 sp=F2F2
irq#6 pc=0038 sp=F2F2
irq#7 pc=0038 sp=F2EC
irq#8 pc=0038 sp=F2FC
irq#9 pc=0038 sp=F2FC
irq#10 pc=0038 sp=F2FC
irq#11 pc=0038 sp=F2FC
irq#12 pc=0038 sp=F2FC
irq#13 pc=0038 sp=F2FC
irq#14 pc=0038 sp=F2FC
irq#15 pc=0038 sp=F2FC
irq#16 pc=0038 sp=F2FC
irq#17 pc=0038 sp=F2FC
irq#18 pc=0038 sp=F2FC
irq#19 pc=0038 sp=F2FC
irq#20 pc=0038 sp=F2FC
irq#21 pc=0038 sp=F2FC
irq#22 pc=0038 sp=F2FC
irq#23 pc=0038 sp=F2FC
irq#24 pc=0038 sp=F2FC
irq#25 pc=0038 sp=F2FC
irq#26 pc=0038 sp=F2FC
irq#27 pc=0038 sp=F2FC
irq#28 pc=0038 sp=F2FC
irq#29 pc=0038 sp=F2FC
irq#30 pc=0038 sp=F2FC
irq#31 pc=0038 sp=F2FC
irq#32 pc=0038 sp=F2FC
irq#33 pc=0038 sp=F2FC
irq#34 pc=0038 sp=F2FC
irq#35 pc=0038 sp=F2FC
irq#36 pc=0038 sp=F2FC
irq#37 pc=0038 sp=F2FC
irq#38 pc=0038 sp=F2FC
irq#39 pc=0038 sp=F2FC
irq#40 pc=0038 sp=F2FC
irq#41 pc=0038 sp=F2FC
irq#42 pc=0038 sp=F2FC
irq#43 pc=0038 sp=F2FC
irq#44 pc=0038 sp=F2FC
irq#45 pc=0038 sp=F2FC
irq#46 pc=0038 sp=F2FC
irq#47 pc=0038 sp=F2FC
irq#48 pc=0038 sp=F2FC
irq#49 pc=0038 sp=F2FC
irq#50 pc=0038 sp=F2FC
irq#51 pc=0038 sp=F2FC
irq#52 pc=0038 sp=F2FC
irq#53 pc=0038 sp=F2FC
irq#54 pc=0038 sp=F2FC
irq#55 pc=0038 sp=F2FC
irq#56 pc=0038 sp=F2FC
irq#57 pc=0038 sp=F2FC
irq#58 pc=0038 sp=F2FC
irq#59 pc=0038 sp=F2FC
irq#60 pc=0038 sp=F2FC
irq#61 pc=0038 sp=F2FC
irq#62 pc=0038 sp=F2FC
irq#63 pc=0038 sp=F2FC
irq#64 pc=0038 sp=F2FC
irq#65 pc=0038 sp=F2FC
irq#66 pc=0038 sp=F2FC
irq#67 pc=0038 sp=F2FC
irq#68 pc=0038 sp=F2FC
irq#69 pc=0038 sp=F2FC
irq#70 pc=0038 sp=F2FC
irq#71 pc=0038 sp=F2FC
irq#72 pc=0038 sp=F2FC
irq#73 pc=0038 sp=F2FC
irq#74 pc=0038 sp=F2FC
irq#75 pc=0038 sp=F2FC
irq#76 pc=0038 sp=F2FC
irq#77 pc=0038 sp=F2FC
irq#78 pc=0038 sp=F2FC
irq#79 pc=0038 sp=F2FC
irq#80 pc=0038 sp=F2FC
irq#81 pc=0038 sp=F2FC
irq#82 pc=0038 sp=F2FC
irq#83 pc=0038 sp=F2FC
irq#84 pc=0038 sp=F2FC
irq#85 pc=0038 sp=F2FC
irq#86 pc=0038 sp=F2FC
irq#87 pc=0038 sp=F2FC
irq#88 pc=0038 sp=F2FC
irq#89 pc=0038 sp=F2FC
irq#90 pc=0038 sp=F2FC
irq#91 pc=0038 sp=F2FC
irq#92 pc=0038 sp=F2FC
irq#93 pc=0038 sp=F2FC
irq#94 pc=0038 sp=F2FC
irq#95 pc=0038 sp=F2FC
irq#96 pc=0038 sp=F2FC
irq#97 pc=0038 sp=F2FC
irq#98 pc=0038 sp=F2FC
irq#99 pc=0038 sp=F2FC
irq#100 pc=0038 sp=F2FC
irq#101 pc=0038 sp=F2FC
irq#102 pc=0038 sp=F2FC
irq#103 pc=0038 sp=F2FC
irq#104 pc=0038 sp=F2FC
irq#105 pc=0038 sp=F2FC
irq#106 pc=0038 sp=F2FC
irq#107 pc=0038 sp=F2FC
irq#108 pc=0038 sp=F2FC
irq#109 pc=0038 sp=F2FC
irq#110 pc=0038 sp=F2FC
irq#111 pc=0038 sp=F2FC
irq#112 pc=0038 sp=F2FC
irq#113 pc=0038 sp=F2FC
irq#114 pc=0038 sp=F2FC
irq#115 pc=0038 sp=F2FC
irq#116 pc=0038 sp=F2FC
irq#117 pc=0038 sp=F2FC
irq#118 pc=0038 sp=F2FC
irq#119 pc=0038 sp=F2FC
irq#120 pc=0038 sp=F2FC
irq#121 pc=0038 sp=F2FC
irq#122 pc=0038 sp=F2FC
irq#123 pc=0038 sp=F2FC
irq#124 pc=0038 sp=F2FC
irq#125 pc=0038 sp=F2FC
irq#126 pc=0038 sp=F2FC
irq#127 pc=0038 sp=F2FC
irq#128 pc=0038 sp=F2FC
irq#129 pc=0038 sp=F2EE
irq#130 pc=0038 sp=F2E8
init#1 pc=4010 sp=F2EC
irq#131 pc=0038 sp=F37C
irq#132 pc=0038 sp=F376
irq#133 pc=0038 sp=F376
irq#134 pc=0038 sp=F37A
irq#135 pc=0038 sp=F37A
irq#136 pc=0038 sp=F37A
irq#137 pc=0038 sp=F374
gf#1 pc=A008 sp=F380
irq#138 pc=0038 sp=F370
irq#139 pc=0038 sp=F34E
irq#140 pc=0038 sp=F34E
irq#141 pc=0038 sp=F34E
irq#142 pc=0038 sp=F34E
irq#143 pc=0038 sp=F34E
irq#144 pc=0038 sp=F34E
irq#145 pc=0038 sp=F34E
irq#146 pc=0038 sp=F34E
irq#147 pc=0038 sp=F34E
irq#148 pc=0038 sp=F34E
irq#149 pc=0038 sp=F34E
irq#150 pc=0038 sp=F34E
irq#151 pc=0038 sp=F34E
irq#152 pc=0038 sp=F34E
irq#153 pc=0038 sp=F34E
irq#154 pc=0038 sp=F34E
irq#155 pc=0038 sp=F34E
irq#156 pc=0038 sp=F34E
irq#157 pc=0038 sp=F34E
irq#158 pc=0038 sp=F34E
irq#159 pc=0038 sp=F34E
irq#160 pc=0038 sp=F34E
irq#161 pc=0038 sp=F34E
irq#162 pc=0038 sp=F34E
irq#163 pc=0038 sp=F34E
irq#164 pc=0038 sp=F34E
irq#165 pc=0038 sp=F34E
irq#166 pc=0038 sp=F34E
irq#167 pc=0038 sp=F34E
irq#168 pc=0038 sp=F34E
irq#169 pc=0038 sp=F34E
irq#170 pc=0038 sp=F34E
irq#171 pc=0038 sp=F34E
irq#172 pc=0038 sp=F34E
irq#173 pc=0038 sp=F34E
irq#174 pc=0038 sp=F34E
irq#175 pc=0038 sp=F34E
irq#176 pc=0038 sp=F34E
irq#177 pc=0038 sp=F34E
irq#178 pc=0038 sp=F34E
irq#179 pc=0038 sp=F34E
irq#180 pc=0038 sp=F34E
irq#181 pc=0038 sp=F34E
irq#182 pc=0038 sp=F34E
irq#183 pc=0038 sp=F34E
irq#184 pc=0038 sp=F34E
irq#185 pc=0038 sp=F34E
irq#186 pc=0038 sp=F34E
irq#187 pc=0038 sp=F34E
irq#188 pc=0038 sp=F34E
irq#189 pc=0038 sp=F34E
irq#190 pc=0038 sp=F34E
irq#191 pc=0038 sp=F34E
irq#192 pc=0038 sp=F34E
irq#193 pc=0038 sp=F34E
irq#194 pc=0038 sp=F34E
irq#195 pc=0038 sp=F34E
irq#196 pc=0038 sp=F34E
irq#197 pc=0038 sp=F34E
irq#198 pc=0038 sp=F34E
irq#199 pc=0038 sp=F34E
irq#200 pc=0038 sp=F34E
irq#201 pc=0038 sp=F34E
irq#202 pc=0038 sp=F34E
irq#203 pc=0038 sp=F34E
irq#204 pc=0038 sp=F34E
irq#205 pc=0038 sp=F34E
irq#206 pc=0038 sp=F34E
irq#207 pc=0038 sp=F34E
irq#208 pc=0038 sp=F34E
irq#209 pc=0038 sp=F34E
irq#210 pc=0038 sp=F34E
irq#211 pc=0038 sp=F34E
irq#212 pc=0038 sp=F34E
irq#213 pc=0038 sp=F34E
irq#214 pc=0038 sp=F34E
irq#215 pc=0038 sp=F34E
irq#216 pc=0038 sp=F34E
irq#217 pc=0038 sp=F34E
irq#218 pc=0038 sp=F34E
irq#219 pc=0038 sp=F34E
irq#220 pc=0038 sp=F34E
irq#221 pc=0038 sp=F34E
irq#222 pc=0038 sp=F34E
irq#223 pc=0038 sp=F34E
irq#224 pc=0038 sp=F34E
irq#225 pc=0038 sp=F34E
irq#226 pc=0038 sp=F34E
irq#227 pc=0038 sp=F34E
irq#228 pc=0038 sp=F34E
irq#229 pc=0038 sp=F34E
irq#230 pc=0038 sp=F34E
irq#231 pc=0038 sp=F34E
irq#232 pc=0038 sp=F34E
irq#233 pc=0038 sp=F34E
irq#234 pc=0038 sp=F34E
irq#235 pc=0038 sp=F34E
irq#236 pc=0038 sp=F34E
irq#237 pc=0038 sp=F34E
irq#238 pc=0038 sp=F34E
irq#239 pc=0038 sp=F34E
irq#240 pc=0038 sp=F34E
irq#241 pc=0038 sp=F34E
irq#242 pc=0038 sp=F34E
irq#243 pc=0038 sp=F34E
irq#244 pc=0038 sp=F34E
irq#245 pc=0038 sp=F34E
irq#246 pc=0038 sp=F34E
irq#247 pc=0038 sp=F34E
irq#248 pc=0038 sp=F34E
irq#249 pc=0038 sp=F34E
irq#250 pc=0038 sp=F34E
irq#251 pc=0038 sp=F34E
irq#252 pc=0038 sp=F34E
irq#253 pc=0038 sp=F34E
irq#254 pc=0038 sp=F34E
irq#255 pc=0038 sp=F34E
irq#256 pc=0038 sp=F34E
irq#257 pc=0038 sp=F34E
irq#258 pc=0038 sp=F34E
irq#259 pc=0038 sp=F34E
irq#260 pc=0038 sp=F34E
irq#261 pc=0038 sp=F34E
irq#262 pc=0038 sp=F34E
irq#263 pc=0038 sp=F34E
irq#264 pc=0038 sp=F34E
irq#265 pc=0038 sp=F34E
irq#266 pc=0038 sp=F34E
irq#267 pc=0038 sp=F34E
irq#268 pc=0038 sp=F34E
irq#269 pc=0038 sp=F34E
irq#270 pc=0038 sp=F34E
irq#271 pc=0038 sp=F34E
irq#272 pc=0038 sp=F34E
irq#273 pc=0038 sp=F34E
irq#274 pc=0038 sp=F34E
irq#275 pc=0038 sp=F34E
irq#276 pc=0038 sp=F34E
irq#277 pc=0038 sp=F34E
irq#278 pc=0038 sp=F34E
irq#279 pc=0038 sp=F34E
irq#280 pc=0038 sp=F34E
irq#281 pc=0038 sp=F34E
irq#282 pc=0038 sp=F34E
irq#283 pc=0038 sp=F34E
irq#284 pc=0038 sp=F34E
irq#285 pc=0038 sp=F34E
irq#286 pc=0038 sp=F34E
irq#287 pc=0038 sp=F34E
irq#288 pc=0038 sp=F34E
irq#289 pc=0038 sp=F34E
irq#290 pc=0038 sp=F34E
irq#291 pc=0038 sp=F34E
irq#292 pc=0038 sp=F34E
irq#293 pc=0038 sp=F34E
irq#294 pc=0038 sp=F34E
irq#295 pc=0038 sp=F34E
irq#296 pc=0038 sp=F34E
irq#297 pc=0038 sp=F34E
irq#298 pc=0038 sp=F34E
irq#299 pc=0038 sp=F34E
irq#300 pc=0038 sp=F34E
irq#301 pc=0038 sp=F34E
irq#302 pc=0038 sp=F34E
irq#303 pc=0038 sp=F34E
irq#304 pc=0038 sp=F34E
irq#305 pc=0038 sp=F34E
irq#306 pc=0038 sp=F34E
irq#307 pc=0038 sp=F34E
irq#308 pc=0038 sp=F34E
irq#309 pc=0038 sp=F34E
irq#310 pc=0038 sp=F34E
irq#311 pc=0038 sp=F34E
irq#312 pc=0038 sp=F34E
irq#313 pc=0038 sp=F34E
irq#314 pc=0038 sp=F34E
irq#315 pc=0038 sp=F34E
irq#316 pc=0038 sp=F34E
irq#317 pc=0038 sp=F34E
irq#318 pc=0038 sp=F34E
irq#319 pc=0038 sp=F34E
irq#320 pc=0038 sp=F34E
irq#321 pc=0038 sp=F34E
irq#322 pc=0038 sp=F34E
irq#323 pc=0038 sp=F34E
irq#324 pc=0038 sp=F34E
irq#325 pc=0038 sp=F34E
irq#326 pc=0038 sp=F34E
irq#327 pc=0038 sp=F34E
irq#328 pc=0038 sp=F34E
irq#329 pc=0038 sp=F34E
irq#330 pc=0038 sp=F34E
irq#331 pc=0038 sp=F34E
irq#332 pc=0038 sp=F34E
irq#333 pc=0038 sp=F34E
irq#334 pc=0038 sp=F34E
irq#335 pc=0038 sp=F34E
irq#336 pc=0038 sp=F34E
irq#337 pc=0038 sp=F34E
irq#338 pc=0038 sp=F34E
irq#339 pc=0038 sp=F34E
irq#340 pc=0038 sp=F34E
irq#341 pc=0038 sp=F34E
irq#342 pc=0038 sp=F34E
irq#343 pc=0038 sp=F34E
irq#344 pc=0038 sp=F34E
irq#345 pc=0038 sp=F34E
irq#346 pc=0038 sp=F34E
irq#347 pc=0038 sp=F34E
irq#348 pc=0038 sp=F34E
irq#349 pc=0038 sp=F34E
irq#350 pc=0038 sp=F34E
irq#351 pc=0038 sp=F34E
irq#352 pc=0038 sp=F34E
irq#353 pc=0038 sp=F34E
irq#354 pc=0038 sp=F34E
irq#355 pc=0038 sp=F34E
irq#356 pc=0038 sp=F34E
irq#357 pc=0038 sp=F34E
irq#358 pc=0038 sp=F34E
irq#359 pc=0038 sp=F34E
irq#360 pc=0038 sp=F34E
irq#361 pc=0038 sp=F34E
irq#362 pc=0038 sp=F34E
irq#363 pc=0038 sp=F34E
irq#364 pc=0038 sp=F34E
irq#365 pc=0038 sp=F34E
irq#366 pc=0038 sp=F34E
irq#367 pc=0038 sp=F34E
irq#368 pc=0038 sp=F34E
irq#369 pc=0038 sp=F34E
irq#370 pc=0038 sp=F34E
irq#371 pc=0038 sp=F34E
irq#372 pc=0038 sp=F34E
irq#373 pc=0038 sp=F34E
irq#374 pc=0038 sp=F34E
irq#375 pc=0038 sp=F34E
irq#376 pc=0038 sp=F34E
irq#377 pc=0038 sp=F34E
irq#378 pc=0038 sp=F34E
irq#379 pc=0038 sp=F34E
irq#380 pc=0038 sp=F34E
irq#381 pc=0038 sp=F34E
irq#382 pc=0038 sp=F34E
irq#383 pc=0038 sp=F34E
irq#384 pc=0038 sp=F34E
irq#385 pc=0038 sp=F34E
irq#386 pc=0038 sp=F34E
irq#387 pc=0038 sp=F34E
irq#388 pc=0038 sp=F34E
irq#389 pc=0038 sp=F34E
irq#390 pc=0038 sp=F34E
irq#391 pc=0038 sp=F34E
irq#392 pc=0038 sp=F34E
irq#393 pc=0038 sp=F34E
irq#394 pc=0038 sp=F34E
irq#395 pc=0038 sp=F34E
irq#396 pc=0038 sp=F34E
irq#397 pc=0038 sp=F34E
irq#398 pc=0038 sp=F34E
irq#399 pc=0038 sp=F34E
irq#400 pc=0038 sp=F34E
irq#401 pc=0038 sp=F34E
irq#402 pc=0038 sp=F34E
irq#403 pc=0038 sp=F34E
irq#404 pc=0038 sp=F34E
irq#405 pc=0038 sp=F34E
irq#406 pc=0038 sp=F34E
irq#407 pc=0038 sp=F34E
irq#408 pc=0038 sp=F34E
irq#409 pc=0038 sp=F34E
irq#410 pc=0038 sp=F34E
irq#411 pc=0038 sp=F34E
irq#412 pc=0038 sp=F34E
irq#413 pc=0038 sp=F34E
irq#414 pc=0038 sp=F34E
irq#415 pc=0038 sp=F34E
irq#416 pc=0038 sp=F34E
irq#417 pc=0038 sp=F34E
irq#418 pc=0038 sp=F34E
irq#419 pc=0038 sp=F34E
irq#420 pc=0038 sp=F34E
irq#421 pc=0038 sp=F34E
irq#422 pc=0038 sp=F34E
irq#423 pc=0038 sp=F34E
irq#424 pc=0038 sp=F34E
irq#425 pc=0038 sp=F34E
irq#426 pc=0038 sp=F34A
irq#427 pc=0038 sp=F34E
irq#428 pc=0038 sp=F34E
irq#429 pc=0038 sp=F34E
irq#430 pc=0038 sp=F34E
irq#431 pc=0038 sp=F34E
irq#432 pc=0038 sp=F34E
irq#433 pc=0038 sp=F34E
irq#434 pc=0038 sp=F34E
irq#435 pc=0038 sp=F34E
irq#436 pc=0038 sp=F34E
irq#437 pc=0038 sp=F34E
irq#438 pc=0038 sp=F34E
irq#439 pc=0038 sp=F34E
irq#440 pc=0038 sp=F34E
irq#441 pc=0038 sp=F34E
irq#442 pc=0038 sp=F34E
irq#443 pc=0038 sp=F34E
irq#444 pc=0038 sp=F34E
irq#445 pc=0038 sp=F34E
irq#446 pc=0038 sp=F34E
irq#447 pc=0038 sp=F34E
irq#448 pc=0038 sp=F34E
irq#449 pc=0038 sp=F34E
irq#450 pc=0038 sp=F34E
irq#451 pc=0038 sp=F34E
irq#452 pc=0038 sp=F34E
irq#453 pc=0038 sp=F34E
irq#454 pc=0038 sp=F34E
irq#455 pc=0038 sp=F34E
irq#456 pc=0038 sp=F34E
irq#457 pc=0038 sp=F34E
irq#458 pc=0038 sp=F34E
irq#459 pc=0038 sp=F34E
irq#460 pc=0038 sp=F34E
irq#461 pc=0038 sp=F34E
irq#462 pc=0038 sp=F34E
irq#463 pc=0038 sp=F34E
irq#464 pc=0038 sp=F34E
irq#465 pc=0038 sp=F34E
irq#466 pc=0038 sp=F34E
irq#467 pc=0038 sp=F34E
irq#468 pc=0038 sp=F34E
irq#469 pc=0038 sp=F34E
irq#470 pc=0038 sp=F34E
irq#471 pc=0038 sp=F34E
irq#472 pc=0038 sp=F34E
irq#473 pc=0038 sp=F34E
irq#474 pc=0038 sp=F34E
irq#475 pc=0038 sp=F34E
irq#476 pc=0038 sp=F34E
irq#477 pc=0038 sp=F34E
irq#478 pc=0038 sp=F34E
irq#479 pc=0038 sp=F34E
irq#480 pc=0038 sp=F34E
irq#481 pc=0038 sp=F34E
irq#482 pc=0038 sp=F34E
irq#483 pc=0038 sp=F34E
irq#484 pc=0038 sp=F34E
irq#485 pc=0038 sp=F34E
irq#486 pc=0038 sp=F34E
irq#487 pc=0038 sp=F34E
irq#488 pc=0038 sp=F34E
irq#489 pc=0038 sp=F34E
irq#490 pc=0038 sp=F34E
irq#491 pc=0038 sp=F34E
irq#492 pc=0038 sp=F34E
irq#493 pc=0038 sp=F34E
irq#494 pc=0038 sp=F34E
irq#495 pc=0038 sp=F34E
irq#496 pc=0038 sp=F34E
irq#497 pc=0038 sp=F34E
irq#498 pc=0038 sp=F34E
irq#499 pc=0038 sp=F34E
irq#500 pc=0038 sp=F34E
irq#501 pc=0038 sp=F34E
irq#502 pc=0038 sp=F34E
irq#503 pc=0038 sp=F34E
irq#504 pc=0038 sp=F34E
irq#505 pc=0038 sp=F34E
irq#506 pc=0038 sp=F34E
irq#507 pc=0038 sp=F34E
irq#508 pc=0038 sp=F34E
irq#509 pc=0038 sp=F34E
irq#510 pc=0038 sp=F34E
irq#511 pc=0038 sp=F34E
irq#512 pc=0038 sp=F34E
irq#513 pc=0038 sp=F34E
irq#514 pc=0038 sp=F34E
irq#515 pc=0038 sp=F34E
irq#516 pc=0038 sp=F34E
irq#517 pc=0038 sp=F34E
irq#518 pc=0038 sp=F34E
irq#519 pc=0038 sp=F34E
irq#520 pc=0038 sp=F34E
irq#521 pc=0038 sp=F34E
irq#522 pc=0038 sp=F34E
irq#523 pc=0038 sp=F34E
irq#524 pc=0038 sp=F34E
irq#525 pc=0038 sp=F34E
irq#526 pc=0038 sp=F34E
irq#527 pc=0038 sp=F34E
irq#528 pc=0038 sp=F34E
irq#529 pc=0038 sp=F34E
irq#530 pc=0038 sp=F34E
irq#531 pc=0038 sp=F34E
irq#532 pc=0038 sp=F34E
irq#533 pc=0038 sp=F34E
irq#534 pc=0038 sp=F34E
irq#535 pc=0038 sp=F34E
irq#536 pc=0038 sp=F34E
irq#537 pc=0038 sp=F34E
irq#538 pc=0038 sp=F34E
irq#539 pc=0038 sp=F34E
irq#540 pc=0038 sp=F34E
irq#541 pc=0038 sp=F34E
irq#542 pc=0038 sp=F34E
irq#543 pc=0038 sp=F34E
irq#544 pc=0038 sp=F34E
irq#545 pc=0038 sp=F34E
irq#546 pc=0038 sp=F34E
irq#547 pc=0038 sp=F34E
irq#548 pc=0038 sp=F34E
irq#549 pc=0038 sp=F34E
irq#550 pc=0038 sp=F34E
irq#551 pc=0038 sp=F34E
irq#552 pc=0038 sp=F34E
irq#553 pc=0038 sp=F34E
irq#554 pc=0038 sp=F34E
irq#555 pc=0038 sp=F34E
irq#556 pc=0038 sp=F34E
irq#557 pc=0038 sp=F34E
irq#558 pc=0038 sp=F34E
irq#559 pc=0038 sp=F34E
irq#560 pc=0038 sp=F34E
irq#561 pc=0038 sp=F34E
irq#562 pc=0038 sp=F34E
irq#563 pc=0038 sp=F34E
irq#564 pc=0038 sp=F34E
irq#565 pc=0038 sp=F34E
irq#566 pc=0038 sp=F34E
irq#567 pc=0038 sp=F34E
irq#568 pc=0038 sp=F34E
irq#569 pc=0038 sp=F34E
irq#570 pc=0038 sp=F34E
irq#571 pc=0038 sp=F34E
irq#572 pc=0038 sp=F34E
irq#573 pc=0038 sp=F34E
irq#574 pc=0038 sp=F34E
irq#575 pc=0038 sp=F34E
irq#576 pc=0038 sp=F34E
irq#577 pc=0038 sp=F34E
irq#578 pc=0038 sp=F34E
irq#579 pc=0038 sp=F34E
irq#580 pc=0038 sp=F34E
irq#581 pc=0038 sp=F34E
irq#582 pc=0038 sp=F34E
irq#583 pc=0038 sp=F34E
irq#584 pc=0038 sp=F34E
irq#585 pc=0038 sp=F34E
irq#586 pc=0038 sp=F34E
irq#587 pc=0038 sp=F34E
irq#588 pc=0038 sp=F34E
irq#589 pc=0038 sp=F34E
irq#590 pc=0038 sp=F34E
irq#591 pc=0038 sp=F34E
irq#592 pc=0038 sp=F34E
irq#593 pc=0038 sp=F34E
irq#594 pc=0038 sp=F34E
irq#595 pc=0038 sp=F34E
irq#596 pc=0038 sp=F34E
irq#597 pc=0038 sp=F34E
irq#598 pc=0038 sp=F34E
irq#599 pc=0038 sp=F34E
irq#600 pc=0038 sp=F34E
irq#601 pc=0038 sp=F34E
irq#602 pc=0038 sp=F34E
irq#603 pc=0038 sp=F34E
irq#604 pc=0038 sp=F34E
irq#605 pc=0038 sp=F34E
irq#606 pc=0038 sp=F34E
irq#607 pc=0038 sp=F34E
irq#608 pc=0038 sp=F34E
irq#609 pc=0038 sp=F34E
irq#610 pc=0038 sp=F346
irq#611 pc=0038 sp=F34E
irq#612 pc=0038 sp=F34E
irq#613 pc=0038 sp=F34E
irq#614 pc=0038 sp=F34E
irq#615 pc=0038 sp=F34E
irq#616 pc=0038 sp=F34E
irq#617 pc=0038 sp=F34E
irq#618 pc=0038 sp=F34E
irq#619 pc=0038 sp=F34E
irq#620 pc=0038 sp=F34E
irq#621 pc=0038 sp=F34E
irq#622 pc=0038 sp=F34E
irq#623 pc=0038 sp=F34E
irq#624 pc=0038 sp=F34E
irq#625 pc=0038 sp=F34E
irq#626 pc=0038 sp=F34E
irq#627 pc=0038 sp=F34E
irq#628 pc=0038 sp=F34E
irq#629 pc=0038 sp=F34E
irq#630 pc=0038 sp=F34E
irq#631 pc=0038 sp=F34E
irq#632 pc=0038 sp=F34E
irq#633 pc=0038 sp=F34E
irq#634 pc=0038 sp=F34E
irq#635 pc=0038 sp=F34E
irq#636 pc=0038 sp=F34E
irq#637 pc=0038 sp=F34E
irq#638 pc=0038 sp=F34E
irq#639 pc=0038 sp=F34E
irq#640 pc=0038 sp=F34E
irq#641 pc=0038 sp=F34E
irq#642 pc=0038 sp=F34E
irq#643 pc=0038 sp=F34E
irq#644 pc=0038 sp=F34E
irq#645 pc=0038 sp=F34E
irq#646 pc=0038 sp=F34E
irq#647 pc=0038 sp=F34E
irq#648 pc=0038 sp=F34E
irq#649 pc=0038 sp=F34E
irq#650 pc=0038 sp=F34E
irq#651 pc=0038 sp=F34E
irq#652 pc=0038 sp=F34E
irq#653 pc=0038 sp=F34E
irq#654 pc=0038 sp=F34E
irq#655 pc=0038 sp=F34E
irq#656 pc=0038 sp=F34E
irq#657 pc=0038 sp=F34E
irq#658 pc=0038 sp=F34E
irq#659 pc=0038 sp=F34E
irq#660 pc=0038 sp=F34E
irq#661 pc=0038 sp=F34E
irq#662 pc=0038 sp=F34E
irq#663 pc=0038 sp=F34E
irq#664 pc=0038 sp=F34E
irq#665 pc=0038 sp=F34E
irq#666 pc=0038 sp=F34E
irq#667 pc=0038 sp=F34E
irq#668 pc=0038 sp=F34E
irq#669 pc=0038 sp=F34E
irq#670 pc=0038 sp=F34E
irq#671 pc=0038 sp=F34E
irq#672 pc=0038 sp=F34E
irq#673 pc=0038 sp=F34E
irq#674 pc=0038 sp=F34E
irq#675 pc=0038 sp=F34E
irq#676 pc=0038 sp=F34E
irq#677 pc=0038 sp=F34E
irq#678 pc=0038 sp=F34E
irq#679 pc=0038 sp=F34E
irq#680 pc=0038 sp=F34E
irq#681 pc=0038 sp=F34E
irq#682 pc=0038 sp=F34E
irq#683 pc=0038 sp=F34E
irq#684 pc=0038 sp=F34E
irq#685 pc=0038 sp=F34E
irq#686 pc=0038 sp=F34E
irq#687 pc=0038 sp=F34E
irq#688 pc=0038 sp=F34E
irq#689 pc=0038 sp=F34E
irq#690 pc=0038 sp=F34E
irq#691 pc=0038 sp=F34E
irq#692 pc=0038 sp=F34E
irq#693 pc=0038 sp=F34E
irq#694 pc=0038 sp=F34E
irq#695 pc=0038 sp=F34E
irq#696 pc=0038 sp=F34E
irq#697 pc=0038 sp=F34E
irq#698 pc=0038 sp=F34E
irq#699 pc=0038 sp=F34E
irq#700 pc=0038 sp=F34E
irq#701 pc=0038 sp=F34E
irq#702 pc=0038 sp=F34E
irq#703 pc=0038 sp=F34E
irq#704 pc=0038 sp=F34E
irq#705 pc=0038 sp=F34E
irq#706 pc=0038 sp=F34E
irq#707 pc=0038 sp=F34E
irq#708 pc=0038 sp=F34E
irq#709 pc=0038 sp=F34E
irq#710 pc=0038 sp=F34E
irq#711 pc=0038 sp=F34E
irq#712 pc=0038 sp=F34E
irq#713 pc=0038 sp=F34E
irq#714 pc=0038 sp=F34E
irq#715 pc=0038 sp=F34E
irq#716 pc=0038 sp=F34E
irq#717 pc=0038 sp=F34E
irq#718 pc=0038 sp=F34E
irq#719 pc=0038 sp=F34E
irq#720 pc=0038 sp=F34E
irq#721 pc=0038 sp=F34E
irq#722 pc=0038 sp=F34E
irq#723 pc=0038 sp=F34E
irq#724 pc=0038 sp=F34E
irq#725 pc=0038 sp=F34E
irq#726 pc=0038 sp=F34E
irq#727 pc=0038 sp=F34E
irq#728 pc=0038 sp=F34E
irq#729 pc=0038 sp=F34E
irq#730 pc=0038 sp=F34E
irq#731 pc=0038 sp=F34E
irq#732 pc=0038 sp=F34E
irq#733 pc=0038 sp=F34E
irq#734 pc=0038 sp=F34E
irq#735 pc=0038 sp=F34E
irq#736 pc=0038 sp=F34E
irq#737 pc=0038 sp=F34E
irq#738 pc=0038 sp=F34E
irq#739 pc=0038 sp=F34E
irq#740 pc=0038 sp=F34E
irq#741 pc=0038 sp=F34E
irq#742 pc=0038 sp=F34E
irq#743 pc=0038 sp=F34E
irq#744 pc=0038 sp=F34E
irq#745 pc=0038 sp=F34E
irq#746 pc=0038 sp=F34E
irq#747 pc=0038 sp=F34E
irq#748 pc=0038 sp=F34E
irq#749 pc=0038 sp=F34E
irq#750 pc=0038 sp=F34E
irq#751 pc=0038 sp=F34E
irq#752 pc=0038 sp=F34E
irq#753 pc=0038 sp=F34E
irq#754 pc=0038 sp=F34E
irq#755 pc=0038 sp=F34E
irq#756 pc=0038 sp=F34E
irq#757 pc=0038 sp=F34E
irq#758 pc=0038 sp=F34E
irq#759 pc=0038 sp=F34E
irq#760 pc=0038 sp=F34E
irq#761 pc=0038 sp=F34E
irq#762 pc=0038 sp=F34E
irq#763 pc=0038 sp=F34E
irq#764 pc=0038 sp=F34E
irq#765 pc=0038 sp=F34E
irq#766 pc=0038 sp=F34E
irq#767 pc=0038 sp=F34E
irq#768 pc=0038 sp=F34E
irq#769 pc=0038 sp=F34E
irq#770 pc=0038 sp=F34E
irq#771 pc=0038 sp=F34E
irq#772 pc=0038 sp=F34E
irq#773 pc=0038 sp=F34E
irq#774 pc=0038 sp=F34E
irq#775 pc=0038 sp=F34E
irq#776 pc=0038 sp=F34E
irq#777 pc=0038 sp=F34E
irq#778 pc=0038 sp=F34E
irq#779 pc=0038 sp=F34E
irq#780 pc=0038 sp=F34E
irq#781 pc=0038 sp=F34E
irq#782 pc=0038 sp=F34E
irq#783 pc=0038 sp=F34E
irq#784 pc=0038 sp=F34E
irq#785 pc=0038 sp=F34E
irq#786 pc=0038 sp=F34E
irq#787 pc=0038 sp=F34E
irq#788 pc=0038 sp=F34E
irq#789 pc=0038 sp=F34E
irq#790 pc=0038 sp=F34E
irq#791 pc=0038 sp=F34E
irq#792 pc=0038 sp=F34E
irq#793 pc=0038 sp=F34E
irq#794 pc=0038 sp=F342
irq#795 pc=0038 sp=F34E
irq#796 pc=0038 sp=F34E
irq#797 pc=0038 sp=F34E
irq#798 pc=0038 sp=F34E
irq#799 pc=0038 sp=F34E
irq#800 pc=0038 sp=F34E
irq#801 pc=0038 sp=F34E
irq#802 pc=0038 sp=F34E
irq#803 pc=0038 sp=F34E
irq#804 pc=0038 sp=F34E
irq#805 pc=0038 sp=F34E
irq#806 pc=0038 sp=F34E
irq#807 pc=0038 sp=F34E
irq#808 pc=0038 sp=F34E
irq#809 pc=0038 sp=F34E
irq#810 pc=0038 sp=F34E
irq#811 pc=0038 sp=F34E
irq#812 pc=0038 sp=F34E
irq#813 pc=0038 sp=F34E
irq#814 pc=0038 sp=F34E
irq#815 pc=0038 sp=F34E
irq#816 pc=0038 sp=F34E
irq#817 pc=0038 sp=F34E
irq#818 pc=0038 sp=F34E
irq#819 pc=0038 sp=F34E
irq#820 pc=0038 sp=F34E
irq#821 pc=0038 sp=F34E
irq#822 pc=0038 sp=F34E
irq#823 pc=0038 sp=F34E
irq#824 pc=0038 sp=F34E
irq#825 pc=0038 sp=F34E
irq#826 pc=0038 sp=F34E
irq#827 pc=0038 sp=F34E
irq#828 pc=0038 sp=F34E
irq#829 pc=0038 sp=F34E
irq#830 pc=0038 sp=F34E
irq#831 pc=0038 sp=F34E
irq#832 pc=0038 sp=F34E
irq#833 pc=0038 sp=F34E
irq#834 pc=0038 sp=F34E
irq#835 pc=0038 sp=F34E
irq#836 pc=0038 sp=F34E
irq#837 pc=0038 sp=F34E
irq#838 pc=0038 sp=F34E
irq#839 pc=0038 sp=F34E
irq#840 pc=0038 sp=F34E
irq#841 pc=0038 sp=F34E
irq#842 pc=0038 sp=F34E
irq#843 pc=0038 sp=F34E
irq#844 pc=0038 sp=F34E
irq#845 pc=0038 sp=F34E
irq#846 pc=0038 sp=F34E
irq#847 pc=0038 sp=F34E
irq#848 pc=0038 sp=F34E
irq#849 pc=0038 sp=F34E
irq#850 pc=0038 sp=F34E
irq#851 pc=0038 sp=F34E
irq#852 pc=0038 sp=F34E
irq#853 pc=0038 sp=F34E
irq#854 pc=0038 sp=F34E
irq#855 pc=0038 sp=F34E
irq#856 pc=0038 sp=F34E
irq#857 pc=0038 sp=F34E
irq#858 pc=0038 sp=F34E
irq#859 pc=0038 sp=F34E
irq#860 pc=0038 sp=F34E
irq#861 pc=0038 sp=F34E
irq#862 pc=0038 sp=F34E
irq#863 pc=0038 sp=F34E
irq#864 pc=0038 sp=F34E
irq#865 pc=0038 sp=F34E
irq#866 pc=0038 sp=F34E
irq#867 pc=0038 sp=F34E
irq#868 pc=0038 sp=F34E
irq#869 pc=0038 sp=F34E
irq#870 pc=0038 sp=F34E
irq#871 pc=0038 sp=F34E
irq#872 pc=0038 sp=F34E
irq#873 pc=0038 sp=F34E
irq#874 pc=0038 sp=F34E
irq#875 pc=0038 sp=F34E
irq#876 pc=0038 sp=F34E
irq#877 pc=0038 sp=F34E
irq#878 pc=0038 sp=F34E
irq#879 pc=0038 sp=F34E
irq#880 pc=0038 sp=F34E
irq#881 pc=0038 sp=F34E
irq#882 pc=0038 sp=F34E
irq#883 pc=0038 sp=F34E
irq#884 pc=0038 sp=F34E
irq#885 pc=0038 sp=F34E
irq#886 pc=0038 sp=F34E
irq#887 pc=0038 sp=F34E
irq#888 pc=0038 sp=F34E
irq#889 pc=0038 sp=F34E
irq#890 pc=0038 sp=F34E
irq#891 pc=0038 sp=F34E
irq#892 pc=0038 sp=F34E
irq#893 pc=0038 sp=F34E
irq#894 pc=0038 sp=F34E
irq#895 pc=0038 sp=F34E
irq#896 pc=0038 sp=F34E
irq#897 pc=0038 sp=F34E
irq#898 pc=0038 sp=F34E
irq#899 pc=0038 sp=F34E
irq#900 pc=0038 sp=F34E
irq#901 pc=0038 sp=F34E
irq#902 pc=0038 sp=F34E
irq#903 pc=0038 sp=F34E
irq#904 pc=0038 sp=F34E
irq#905 pc=0038 sp=F34E
irq#906 pc=0038 sp=F34E
irq#907 pc=0038 sp=F34E
irq#908 pc=0038 sp=F34E
irq#909 pc=0038 sp=F34E
irq#910 pc=0038 sp=F34E
irq#911 pc=0038 sp=F34E
irq#912 pc=0038 sp=F34E
irq#913 pc=0038 sp=F34E
irq#914 pc=0038 sp=F34E
irq#915 pc=0038 sp=F34E
irq#916 pc=0038 sp=F34E
irq#917 pc=0038 sp=F34E
irq#918 pc=0038 sp=F34E
irq#919 pc=0038 sp=F34E
irq#920 pc=0038 sp=F34E
irq#921 pc=0038 sp=F34E
irq#922 pc=0038 sp=F34E
irq#923 pc=0038 sp=F34E
irq#924 pc=0038 sp=F34E
irq#925 pc=0038 sp=F34E
irq#926 pc=0038 sp=F34E
irq#927 pc=0038 sp=F34E
irq#928 pc=0038 sp=F34E
irq#929 pc=0038 sp=F34E
irq#930 pc=0038 sp=F34E
irq#931 pc=0038 sp=F34E
irq#932 pc=0038 sp=F34E
irq#933 pc=0038 sp=F34E
irq#934 pc=0038 sp=F34E
irq#935 pc=0038 sp=F34E
irq#936 pc=0038 sp=F34E
irq#937 pc=0038 sp=F34E
irq#938 pc=0038 sp=F34E
irq#939 pc=0038 sp=F34E
irq#940 pc=0038 sp=F34E
irq#941 pc=0038 sp=F34E
irq#942 pc=0038 sp=F34E
irq#943 pc=0038 sp=F34E
irq#944 pc=0038 sp=F34E
irq#945 pc=0038 sp=F34E
irq#946 pc=0038 sp=F34E
irq#947 pc=0038 sp=F34E
irq#948 pc=0038 sp=F34E
irq#949 pc=0038 sp=F34E
irq#950 pc=0038 sp=F34E
irq#951 pc=0038 sp=F34E
irq#952 pc=0038 sp=F34E
irq#953 pc=0038 sp=F34E
irq#954 pc=0038 sp=F34E
irq#955 pc=0038 sp=F34E
irq#956 pc=0038 sp=F34E
irq#957 pc=0038 sp=F34E
irq#958 pc=0038 sp=F34E
irq#959 pc=0038 sp=F34E
irq#960 pc=0038 sp=F34E
irq#961 pc=0038 sp=F34E
irq#962 pc=0038 sp=F34E
irq#963 pc=0038 sp=F34E
irq#964 pc=0038 sp=F34E
irq#965 pc=0038 sp=F34E
irq#966 pc=0038 sp=F34E
irq#967 pc=0038 sp=F34E
irq#968 pc=0038 sp=F34E
irq#969 pc=0038 sp=F34E
irq#970 pc=0038 sp=F34E
irq#971 pc=0038 sp=F34E
irq#972 pc=0038 sp=F34E
irq#973 pc=0038 sp=F34E
irq#974 pc=0038 sp=F34E
irq#975 pc=0038 sp=F34E
irq#976 pc=0038 sp=F34E
irq#977 pc=0038 sp=F34E
irq#978 pc=0038 sp=F33E
irq#979 pc=0038 sp=F34E
irq#980 pc=0038 sp=F34E
irq#981 pc=0038 sp=F34E
irq#982 pc=0038 sp=F34E
irq#983 pc=0038 sp=F34E
irq#984 pc=0038 sp=F34E
irq#985 pc=0038 sp=F34E
irq#986 pc=0038 sp=F34E
irq#987 pc=0038 sp=F34E
irq#988 pc=0038 sp=F34E
irq#989 pc=0038 sp=F34E
irq#990 pc=0038 sp=F34E
irq#991 pc=0038 sp=F34E
irq#992 pc=0038 sp=F34E
irq#993 pc=0038 sp=F34E
irq#994 pc=0038 sp=F34E
irq#995 pc=0038 sp=F34E
irq#996 pc=0038 sp=F34E
irq#997 pc=0038 sp=F34E
irq#998 pc=0038 sp=F34E
irq#999 pc=0038 sp=F34E
irq#1000 pc=0038 sp=F34E
irq#1001 pc=0038 sp=F34E
irq#1002 pc=0038 sp=F34E
irq#1003 pc=0038 sp=F34E
irq#1004 pc=0038 sp=F34E
irq#1005 pc=0038 sp=F34E
irq#1006 pc=0038 sp=F34E
irq#1007 pc=0038 sp=F34E
irq#1008 pc=0038 sp=F34E
irq#1009 pc=0038 sp=F34E
irq#1010 pc=0038 sp=F34E
irq#1011 pc=0038 sp=F34E
irq#1012 pc=0038 sp=F34E
irq#1013 pc=0038 sp=F34E
irq#1014 pc=0038 sp=F34E
irq#1015 pc=0038 sp=F34E
irq#1016 pc=0038 sp=F34E
irq#1017 pc=0038 sp=F34E
irq#1018 pc=0038 sp=F34E
irq#1019 pc=0038 sp=F34E
irq#1020 pc=0038 sp=F34E
irq#1021 pc=0038 sp=F34E
irq#1022 pc=0038 sp=F34E
irq#1023 pc=0038 sp=F34E
irq#1024 pc=0038 sp=F34E
irq#1025 pc=0038 sp=F34E
irq#1026 pc=0038 sp=F34E
irq#1027 pc=0038 sp=F34E
irq#1028 pc=0038 sp=F34E
irq#1029 pc=0038 sp=F34E
irq#1030 pc=0038 sp=F34E
irq#1031 pc=0038 sp=F34E
irq#1032 pc=0038 sp=F34E
irq#1033 pc=0038 sp=F34E
irq#1034 pc=0038 sp=F34E
irq#1035 pc=0038 sp=F34E
irq#1036 pc=0038 sp=F34E
irq#1037 pc=0038 sp=F34E
irq#1038 pc=0038 sp=F34E
irq#1039 pc=0038 sp=F34E
irq#1040 pc=0038 sp=F34E
irq#1041 pc=0038 sp=F34E
irq#1042 pc=0038 sp=F34E
irq#1043 pc=0038 sp=F34E
irq#1044 pc=0038 sp=F34E
irq#1045 pc=0038 sp=F34E
irq#1046 pc=0038 sp=F34E
irq#1047 pc=0038 sp=F34E
irq#1048 pc=0038 sp=F34E
irq#1049 pc=0038 sp=F34E
irq#1050 pc=0038 sp=F34E
irq#1051 pc=0038 sp=F34E
irq#1052 pc=0038 sp=F34E
irq#1053 pc=0038 sp=F34E
irq#1054 pc=0038 sp=F34E
irq#1055 pc=0038 sp=F34E
irq#1056 pc=0038 sp=F34E
irq#1057 pc=0038 sp=F34E
irq#1058 pc=0038 sp=F34E
irq#1059 pc=0038 sp=F34E
irq#1060 pc=0038 sp=F34E
irq#1061 pc=0038 sp=F34E
irq#1062 pc=0038 sp=F34E
irq#1063 pc=0038 sp=F34E
irq#1064 pc=0038 sp=F34E
irq#1065 pc=0038 sp=F34E
irq#1066 pc=0038 sp=F34E
irq#1067 pc=0038 sp=F34E
irq#1068 pc=0038 sp=F34E
irq#1069 pc=0038 sp=F34E
irq#1070 pc=0038 sp=F34E
irq#1071 pc=0038 sp=F34E
irq#1072 pc=0038 sp=F34E
irq#1073 pc=0038 sp=F34E
irq#1074 pc=0038 sp=F34E
irq#1075 pc=0038 sp=F34E
irq#1076 pc=0038 sp=F34E
irq#1077 pc=0038 sp=F34E
irq#1078 pc=0038 sp=F34E
irq#1079 pc=0038 sp=F34E
irq#1080 pc=0038 sp=F34E
irq#1081 pc=0038 sp=F34E
irq#1082 pc=0038 sp=F34E
irq#1083 pc=0038 sp=F34E
irq#1084 pc=0038 sp=F34E
irq#1085 pc=0038 sp=F34E
irq#1086 pc=0038 sp=F34E
irq#1087 pc=0038 sp=F34E
irq#1088 pc=0038 sp=F34E
irq#1089 pc=0038 sp=F34E
irq#1090 pc=0038 sp=F34E
irq#1091 pc=0038 sp=F34E
irq#1092 pc=0038 sp=F34E
irq#1093 pc=0038 sp=F34E
irq#1094 pc=0038 sp=F34E
irq#1095 pc=0038 sp=F34E
irq#1096 pc=0038 sp=F34E
irq#1097 pc=0038 sp=F34E
irq#1098 pc=0038 sp=F34E
irq#1099 pc=0038 sp=F34E
irq#1100 pc=0038 sp=F34E
irq#1101 pc=0038 sp=F34E
irq#1102 pc=0038 sp=F34E
irq#1103 pc=0038 sp=F34E
irq#1104 pc=0038 sp=F34E
irq#1105 pc=0038 sp=F34E
irq#1106 pc=0038 sp=F34E
irq#1107 pc=0038 sp=F34E
irq#1108 pc=0038 sp=F34E
irq#1109 pc=0038 sp=F34E
irq#1110 pc=0038 sp=F34E
irq#1111 pc=0038 sp=F34E
irq#1112 pc=0038 sp=F34E
irq#1113 pc=0038 sp=F34E
irq#1114 pc=0038 sp=F34E
irq#1115 pc=0038 sp=F34E
irq#1116 pc=0038 sp=F34E
irq#1117 pc=0038 sp=F34E
irq#1118 pc=0038 sp=F34E
irq#1119 pc=0038 sp=F34E
irq#1120 pc=0038 sp=F34E
irq#1121 pc=0038 sp=F34E
irq#1122 pc=0038 sp=F34E
irq#1123 pc=0038 sp=F34E
irq#1124 pc=0038 sp=F34E
irq#1125 pc=0038 sp=F34E
irq#1126 pc=0038 sp=F34E
irq#1127 pc=0038 sp=F34E
irq#1128 pc=0038 sp=F34E
irq#1129 pc=0038 sp=F34E
irq#1130 pc=0038 sp=F34E
irq#1131 pc=0038 sp=F34E
irq#1132 pc=0038 sp=F34E
irq#1133 pc=0038 sp=F34E
irq#1134 pc=0038 sp=F34E
irq#1135 pc=0038 sp=F34E
irq#1136 pc=0038 sp=F34E
irq#1137 pc=0038 sp=F34E
irq#1138 pc=0038 sp=F34E
irq#1139 pc=0038 sp=F34E
irq#1140 pc=0038 sp=F34E
irq#1141 pc=0038 sp=F34E
irq#1142 pc=0038 sp=F34E
irq#1143 pc=0038 sp=F34E
irq#1144 pc=0038 sp=F34E
irq#1145 pc=0038 sp=F34E
irq#1146 pc=0038 sp=F34E
irq#1147 pc=0038 sp=F34E
irq#1148 pc=0038 sp=F34E
irq#1149 pc=0038 sp=F34E
irq#1150 pc=0038 sp=F34E
irq#1151 pc=0038 sp=F34E
irq#1152 pc=0038 sp=F34E
irq#1153 pc=0038 sp=F34E
irq#1154 pc=0038 sp=F34E
irq#1155 pc=0038 sp=F34E
irq#1156 pc=0038 sp=F34E
irq#1157 pc=0038 sp=F34E
irq#1158 pc=0038 sp=F34E
irq#1159 pc=0038 sp=F34E
irq#1160 pc=0038 sp=F34E
irq#1161 pc=0038 sp=F34E
irq#1162 pc=0038 sp=F338
irq#1163 pc=0038 sp=F34E
irq#1164 pc=0038 sp=F34E
irq#1165 pc=0038 sp=F34E
irq#1166 pc=0038 sp=F34E
irq#1167 pc=0038 sp=F34E
irq#1168 pc=0038 sp=F34E
irq#1169 pc=0038 sp=F34E
irq#1170 pc=0038 sp=F34E
irq#1171 pc=0038 sp=F34E
irq#1172 pc=0038 sp=F34E
irq#1173 pc=0038 sp=F34E
irq#1174 pc=0038 sp=F34E
irq#1175 pc=0038 sp=F34E
irq#1176 pc=0038 sp=F34E
irq#1177 pc=0038 sp=F34E
irq#1178 pc=0038 sp=F34E
irq#1179 pc=0038 sp=F34E
irq#1180 pc=0038 sp=F34E
irq#1181 pc=0038 sp=F34E
irq#1182 pc=0038 sp=F34E
irq#1183 pc=0038 sp=F34E
irq#1184 pc=0038 sp=F34E
irq#1185 pc=0038 sp=F34E
irq#1186 pc=0038 sp=F34E
irq#1187 pc=0038 sp=F34E
irq#1188 pc=0038 sp=F34E
irq#1189 pc=0038 sp=F34E
irq#1190 pc=0038 sp=F34E
irq#1191 pc=0038 sp=F34E
irq#1192 pc=0038 sp=F34E
irq#1193 pc=0038 sp=F34E
irq#1194 pc=0038 sp=F34E
irq#1195 pc=0038 sp=F34E
irq#1196 pc=0038 sp=F34E
irq#1197 pc=0038 sp=F34E
irq#1198 pc=0038 sp=F34E
irq#1199 pc=0038 sp=F34E
irq#1200 pc=0038 sp=F34E
irq#1201 pc=0038 sp=F34E
irq#1202 pc=0038 sp=F34E
irq#1203 pc=0038 sp=F34E
irq#1204 pc=0038 sp=F34E
irq#1205 pc=0038 sp=F34E
irq#1206 pc=0038 sp=F34E
irq#1207 pc=0038 sp=F34E
irq#1208 pc=0038 sp=F34E
irq#1209 pc=0038 sp=F34E
irq#1210 pc=0038 sp=F34E
irq#1211 pc=0038 sp=F34E
irq#1212 pc=0038 sp=F34E
irq#1213 pc=0038 sp=F34E
irq#1214 pc=0038 sp=F34E
irq#1215 pc=0038 sp=F34E
irq#1216 pc=0038 sp=F34E
irq#1217 pc=0038 sp=F34E
irq#1218 pc=0038 sp=F34E
irq#1219 pc=0038 sp=F34E
irq#1220 pc=0038 sp=F34E
irq#1221 pc=0038 sp=F34E
irq#1222 pc=0038 sp=F34E
irq#1223 pc=0038 sp=F34E
irq#1224 pc=0038 sp=F34E
irq#1225 pc=0038 sp=F34E
irq#1226 pc=0038 sp=F34E
irq#1227 pc=0038 sp=F34E
irq#1228 pc=0038 sp=F34E
irq#1229 pc=0038 sp=F34E
irq#1230 pc=0038 sp=F34E
irq#1231 pc=0038 sp=F34E
irq#1232 pc=0038 sp=F34E
irq#1233 pc=0038 sp=F34E
irq#1234 pc=0038 sp=F34E
irq#1235 pc=0038 sp=F34E
irq#1236 pc=0038 sp=F34E
irq#1237 pc=0038 sp=F34E
irq#1238 pc=0038 sp=F34E
irq#1239 pc=0038 sp=F34E
irq#1240 pc=0038 sp=F34E
irq#1241 pc=0038 sp=F34E
irq#1242 pc=0038 sp=F34E
irq#1243 pc=0038 sp=F34E
irq#1244 pc=0038 sp=F34E
irq#1245 pc=0038 sp=F34E
irq#1246 pc=0038 sp=F34E
irq#1247 pc=0038 sp=F34E
irq#1248 pc=0038 sp=F34E
irq#1249 pc=0038 sp=F34E
irq#1250 pc=0038 sp=F34E
irq#1251 pc=0038 sp=F34E
irq#1252 pc=0038 sp=F34E
irq#1253 pc=0038 sp=F34E
irq#1254 pc=0038 sp=F34E
irq#1255 pc=0038 sp=F34E
irq#1256 pc=0038 sp=F34E
irq#1257 pc=0038 sp=F34E
irq#1258 pc=0038 sp=F34E
irq#1259 pc=0038 sp=F34E
irq#1260 pc=0038 sp=F34E
irq#1261 pc=0038 sp=F34E
irq#1262 pc=0038 sp=F34E
irq#1263 pc=0038 sp=F34E
irq#1264 pc=0038 sp=F34E
irq#1265 pc=0038 sp=F34E
irq#1266 pc=0038 sp=F34E
irq#1267 pc=0038 sp=F34E
irq#1268 pc=0038 sp=F34E
irq#1269 pc=0038 sp=F34E
irq#1270 pc=0038 sp=F34E
irq#1271 pc=0038 sp=F34E
irq#1272 pc=0038 sp=F34E
irq#1273 pc=0038 sp=F34E
irq#1274 pc=0038 sp=F34E
irq#1275 pc=0038 sp=F34E
irq#1276 pc=0038 sp=F34E
irq#1277 pc=0038 sp=F34E
irq#1278 pc=0038 sp=F34E
irq#1279 pc=0038 sp=F34E
irq#1280 pc=0038 sp=F34E
irq#1281 pc=0038 sp=F34E
irq#1282 pc=0038 sp=F34E
irq#1283 pc=0038 sp=F34E
irq#1284 pc=0038 sp=F34E
irq#1285 pc=0038 sp=F34E
irq#1286 pc=0038 sp=F34E
irq#1287 pc=0038 sp=F34E
irq#1288 pc=0038 sp=F34E
irq#1289 pc=0038 sp=F34E
irq#1290 pc=0038 sp=F34E
irq#1291 pc=0038 sp=F34E
irq#1292 pc=0038 sp=F34E
irq#1293 pc=0038 sp=F34E
irq#1294 pc=0038 sp=F34E
irq#1295 pc=0038 sp=F34E
irq#1296 pc=0038 sp=F34E
irq#1297 pc=0038 sp=F34E
irq#1298 pc=0038 sp=F34E
irq#1299 pc=0038 sp=F34E
irq#1300 pc=0038 sp=F34E
irq#1301 pc=0038 sp=F34E
irq#1302 pc=0038 sp=F34E
irq#1303 pc=0038 sp=F34E
irq#1304 pc=0038 sp=F34E
irq#1305 pc=0038 sp=F34E
irq#1306 pc=0038 sp=F34E
irq#1307 pc=0038 sp=F34E
irq#1308 pc=0038 sp=F34E
irq#1309 pc=0038 sp=F34E
irq#1310 pc=0038 sp=F34E
irq#1311 pc=0038 sp=F34E
irq#1312 pc=0038 sp=F34E
irq#1313 pc=0038 sp=F34E
irq#1314 pc=0038 sp=F34E
irq#1315 pc=0038 sp=F34E
irq#1316 pc=0038 sp=F34E
irq#1317 pc=0038 sp=F34E
irq#1318 pc=0038 sp=F34E
irq#1319 pc=0038 sp=F34E
irq#1320 pc=0038 sp=F34E
irq#1321 pc=0038 sp=F34E
irq#1322 pc=0038 sp=F34E
irq#1323 pc=0038 sp=F34E
irq#1324 pc=0038 sp=F34E
irq#1325 pc=0038 sp=F34E
irq#1326 pc=0038 sp=F34E
irq#1327 pc=0038 sp=F34E
irq#1328 pc=0038 sp=F34E
irq#1329 pc=0038 sp=F34E
irq#1330 pc=0038 sp=F34E
irq#1331 pc=0038 sp=F34E
irq#1332 pc=0038 sp=F34E
irq#1333 pc=0038 sp=F34E
irq#1334 pc=0038 sp=F34E
irq#1335 pc=0038 sp=F34E
irq#1336 pc=0038 sp=F34E
irq#1337 pc=0038 sp=F34E
irq#1338 pc=0038 sp=F34E
irq#1339 pc=0038 sp=F34E
irq#1340 pc=0038 sp=F34E
irq#1341 pc=0038 sp=F34E
irq#1342 pc=0038 sp=F34E
irq#1343 pc=0038 sp=F34E
irq#1344 pc=0038 sp=F34E
irq#1345 pc=0038 sp=F34E
irq#1346 pc=0038 sp=F336
irq#1347 pc=0038 sp=F34E
irq#1348 pc=0038 sp=F34E
irq#1349 pc=0038 sp=F34E
irq#1350 pc=0038 sp=F34E
irq#1351 pc=0038 sp=F34E
irq#1352 pc=0038 sp=F34E
irq#1353 pc=0038 sp=F34E
irq#1354 pc=0038 sp=F34E
irq#1355 pc=0038 sp=F34E
irq#1356 pc=0038 sp=F34E
irq#1357 pc=0038 sp=F34E
irq#1358 pc=0038 sp=F34E
irq#1359 pc=0038 sp=F34E
irq#1360 pc=0038 sp=F34E
irq#1361 pc=0038 sp=F34E
irq#1362 pc=0038 sp=F34E
irq#1363 pc=0038 sp=F34E
irq#1364 pc=0038 sp=F34E
irq#1365 pc=0038 sp=F34E
irq#1366 pc=0038 sp=F34E
irq#1367 pc=0038 sp=F34E
irq#1368 pc=0038 sp=F34E
irq#1369 pc=0038 sp=F34E
irq#1370 pc=0038 sp=F34E
irq#1371 pc=0038 sp=F34E
irq#1372 pc=0038 sp=F34E
irq#1373 pc=0038 sp=F34E
irq#1374 pc=0038 sp=F34E
irq#1375 pc=0038 sp=F34E
irq#1376 pc=0038 sp=F34E
irq#1377 pc=0038 sp=F34E
irq#1378 pc=0038 sp=F34E
irq#1379 pc=0038 sp=F34E
irq#1380 pc=0038 sp=F34E
irq#1381 pc=0038 sp=F34E
irq#1382 pc=0038 sp=F34E
irq#1383 pc=0038 sp=F34E
irq#1384 pc=0038 sp=F34E
irq#1385 pc=0038 sp=F34E
irq#1386 pc=0038 sp=F34E
irq#1387 pc=0038 sp=F34E
irq#1388 pc=0038 sp=F34E
irq#1389 pc=0038 sp=F34E
irq#1390 pc=0038 sp=F34E
irq#1391 pc=0038 sp=F34E
irq#1392 pc=0038 sp=F34E
irq#1393 pc=0038 sp=F34E
irq#1394 pc=0038 sp=F34E
irq#1395 pc=0038 sp=F34E
irq#1396 pc=0038 sp=F34E
irq#1397 pc=0038 sp=F34E
irq#1398 pc=0038 sp=F34E
irq#1399 pc=0038 sp=F34E
irq#1400 pc=0038 sp=F34E
irq#1401 pc=0038 sp=F34E
irq#1402 pc=0038 sp=F34E
irq#1403 pc=0038 sp=F34E
irq#1404 pc=0038 sp=F34E
irq#1405 pc=0038 sp=F34E
irq#1406 pc=0038 sp=F34E
irq#1407 pc=0038 sp=F34E
irq#1408 pc=0038 sp=F34E
irq#1409 pc=0038 sp=F34E
irq#1410 pc=0038 sp=F34E
irq#1411 pc=0038 sp=F34E
irq#1412 pc=0038 sp=F34E
irq#1413 pc=0038 sp=F34E
irq#1414 pc=0038 sp=F34E
irq#1415 pc=0038 sp=F34E
irq#1416 pc=0038 sp=F34E
irq#1417 pc=0038 sp=F34E
irq#1418 pc=0038 sp=F34E
irq#1419 pc=0038 sp=F34E
irq#1420 pc=0038 sp=F34E
irq#1421 pc=0038 sp=F34E
irq#1422 pc=0038 sp=F34E
irq#1423 pc=0038 sp=F34E
irq#1424 pc=0038 sp=F34E
irq#1425 pc=0038 sp=F34E
irq#1426 pc=0038 sp=F34E
irq#1427 pc=0038 sp=F34E
irq#1428 pc=0038 sp=F34E
irq#1429 pc=0038 sp=F34E
irq#1430 pc=0038 sp=F34E
irq#1431 pc=0038 sp=F34E
irq#1432 pc=0038 sp=F34E
irq#1433 pc=0038 sp=F34E
irq#1434 pc=0038 sp=F34E
irq#1435 pc=0038 sp=F34E
irq#1436 pc=0038 sp=F34E
irq#1437 pc=0038 sp=F34E
irq#1438 pc=0038 sp=F34E
irq#1439 pc=0038 sp=F34E
irq#1440 pc=0038 sp=F34E
irq#1441 pc=0038 sp=F34E
irq#1442 pc=0038 sp=F34E
irq#1443 pc=0038 sp=F34E
irq#1444 pc=0038 sp=F34E
irq#1445 pc=0038 sp=F34E
irq#1446 pc=0038 sp=F34E
irq#1447 pc=0038 sp=F34E
irq#1448 pc=0038 sp=F34E
irq#1449 pc=0038 sp=F34E
irq#1450 pc=0038 sp=F34E
irq#1451 pc=0038 sp=F34E
irq#1452 pc=0038 sp=F34E
irq#1453 pc=0038 sp=F34E
irq#1454 pc=0038 sp=F34E
irq#1455 pc=0038 sp=F34E
irq#1456 pc=0038 sp=F34E
irq#1457 pc=0038 sp=F34E
irq#1458 pc=0038 sp=F34E
irq#1459 pc=0038 sp=F34E
irq#1460 pc=0038 sp=F34E
irq#1461 pc=0038 sp=F34E
irq#1462 pc=0038 sp=F34E
irq#1463 pc=0038 sp=F34E
irq#1464 pc=0038 sp=F34E
irq#1465 pc=0038 sp=F34E
irq#1466 pc=0038 sp=F34E
irq#1467 pc=0038 sp=F34E
irq#1468 pc=0038 sp=F34E
irq#1469 pc=0038 sp=F34E
irq#1470 pc=0038 sp=F34E
irq#1471 pc=0038 sp=F34E
irq#1472 pc=0038 sp=F34E
irq#1473 pc=0038 sp=F34E
irq#1474 pc=0038 sp=F34E
irq#1475 pc=0038 sp=F34E
irq#1476 pc=0038 sp=F34E
irq#1477 pc=0038 sp=F34E
irq#1478 pc=0038 sp=F34E
irq#1479 pc=0038 sp=F34E
irq#1480 pc=0038 sp=F34E
irq#1481 pc=0038 sp=F34E
irq#1482 pc=0038 sp=F34E
irq#1483 pc=0038 sp=F34E
irq#1484 pc=0038 sp=F34E
irq#1485 pc=0038 sp=F34E
irq#1486 pc=0038 sp=F34E
irq#1487 pc=0038 sp=F34E
irq#1488 pc=0038 sp=F34E
irq#1489 pc=0038 sp=F34E
irq#1490 pc=0038 sp=F34E
irq#1491 pc=0038 sp=F34E
irq#1492 pc=0038 sp=F34E
irq#1493 pc=0038 sp=F34E
irq#1494 pc=0038 sp=F34E
irq#1495 pc=0038 sp=F34E
irq#1496 pc=0038 sp=F34E
irq#1497 pc=0038 sp=F34E
irq#1498 pc=0038 sp=F34E
irq#1499 pc=0038 sp=F34E
irq#1500 pc=0038 sp=F34E
irq#1501 pc=0038 sp=F34E
irq#1502 pc=0038 sp=F34E
irq#1503 pc=0038 sp=F34E
irq#1504 pc=0038 sp=F34E
irq#1505 pc=0038 sp=F34E
irq#1506 pc=0038 sp=F34E
irq#1507 pc=0038 sp=F34E
irq#1508 pc=0038 sp=F34E
irq#1509 pc=0038 sp=F34E
irq#1510 pc=0038 sp=F34E
irq#1511 pc=0038 sp=F34E
irq#1512 pc=0038 sp=F34E
irq#1513 pc=0038 sp=F34E
irq#1514 pc=0038 sp=F34E
irq#1515 pc=0038 sp=F34E
irq#1516 pc=0038 sp=F34E
irq#1517 pc=0038 sp=F34E
irq#1518 pc=0038 sp=F34E
irq#1519 pc=0038 sp=F34E
irq#1520 pc=0038 sp=F34E
irq#1521 pc=0038 sp=F34E
irq#1522 pc=0038 sp=F34E
irq#1523 pc=0038 sp=F34E
irq#1524 pc=0038 sp=F34E
irq#1525 pc=0038 sp=F34E
irq#1526 pc=0038 sp=F34E
irq#1527 pc=0038 sp=F34E
irq#1528 pc=0038 sp=F34E
irq#1529 pc=0038 sp=F34E
irq#1530 pc=0038 sp=F338
irq#1531 pc=0038 sp=F34E
irq#1532 pc=0038 sp=F34E
irq#1533 pc=0038 sp=F34E
irq#1534 pc=0038 sp=F34E
irq#1535 pc=0038 sp=F34E
irq#1536 pc=0038 sp=F34E
irq#1537 pc=0038 sp=F34E
irq#1538 pc=0038 sp=F34E
irq#1539 pc=0038 sp=F34E
irq#1540 pc=0038 sp=F34E
irq#1541 pc=0038 sp=F34E
irq#1542 pc=0038 sp=F34E
irq#1543 pc=0038 sp=F34E
irq#1544 pc=0038 sp=F34E
irq#1545 pc=0038 sp=F34E
irq#1546 pc=0038 sp=F34E
irq#1547 pc=0038 sp=F34E
irq#1548 pc=0038 sp=F34E
irq#1549 pc=0038 sp=F34E
irq#1550 pc=0038 sp=F34E
irq#1551 pc=0038 sp=F34E
irq#1552 pc=0038 sp=F34E
irq#1553 pc=0038 sp=F34E
irq#1554 pc=0038 sp=F34E
irq#1555 pc=0038 sp=F34E
irq#1556 pc=0038 sp=F34E
irq#1557 pc=0038 sp=F34E
irq#1558 pc=0038 sp=F34E
irq#1559 pc=0038 sp=F34E
irq#1560 pc=0038 sp=F34E
irq#1561 pc=0038 sp=F34E
irq#1562 pc=0038 sp=F34E
irq#1563 pc=0038 sp=F34E
irq#1564 pc=0038 sp=F34E
irq#1565 pc=0038 sp=F34E
irq#1566 pc=0038 sp=F34E
irq#1567 pc=0038 sp=F34E
irq#1568 pc=0038 sp=F34E
irq#1569 pc=0038 sp=F34E
irq#1570 pc=0038 sp=F34E
irq#1571 pc=0038 sp=F34E
irq#1572 pc=0038 sp=F34E
irq#1573 pc=0038 sp=F34E
irq#1574 pc=0038 sp=F34E
irq#1575 pc=0038 sp=F34E
irq#1576 pc=0038 sp=F34E
irq#1577 pc=0038 sp=F34E
irq#1578 pc=0038 sp=F34E
irq#1579 pc=0038 sp=F34E
irq#1580 pc=0038 sp=F34E
irq#1581 pc=0038 sp=F34E
irq#1582 pc=0038 sp=F34E
irq#1583 pc=0038 sp=F34E
irq#1584 pc=0038 sp=F34E
irq#1585 pc=0038 sp=F34E
irq#1586 pc=0038 sp=F34E
irq#1587 pc=0038 sp=F34E
irq#1588 pc=0038 sp=F34E
irq#1589 pc=0038 sp=F34E
irq#1590 pc=0038 sp=F34E
irq#1591 pc=0038 sp=F34E
irq#1592 pc=0038 sp=F34E
irq#1593 pc=0038 sp=F34E
irq#1594 pc=0038 sp=F34E
irq#1595 pc=0038 sp=F34E
irq#1596 pc=0038 sp=F34E
irq#1597 pc=0038 sp=F34E
irq#1598 pc=0038 sp=F34E
irq#1599 pc=0038 sp=F34E
irq#1600 pc=0038 sp=F34E
irq#1601 pc=0038 sp=F34E
irq#1602 pc=0038 sp=F34E
irq#1603 pc=0038 sp=F34E
irq#1604 pc=0038 sp=F34E
irq#1605 pc=0038 sp=F34E
irq#1606 pc=0038 sp=F34E
irq#1607 pc=0038 sp=F34E
irq#1608 pc=0038 sp=F34E
irq#1609 pc=0038 sp=F34E
irq#1610 pc=0038 sp=F34E
irq#1611 pc=0038 sp=F34E
irq#1612 pc=0038 sp=F34E
irq#1613 pc=0038 sp=F34E
irq#1614 pc=0038 sp=F34E
irq#1615 pc=0038 sp=F34E
irq#1616 pc=0038 sp=F34E
irq#1617 pc=0038 sp=F34E
irq#1618 pc=0038 sp=F34E
irq#1619 pc=0038 sp=F34E
irq#1620 pc=0038 sp=F34E
irq#1621 pc=0038 sp=F34E
irq#1622 pc=0038 sp=F34E
irq#1623 pc=0038 sp=F34E
irq#1624 pc=0038 sp=F34E
irq#1625 pc=0038 sp=F34E
irq#1626 pc=0038 sp=F34E
irq#1627 pc=0038 sp=F34E
irq#1628 pc=0038 sp=F34E
irq#1629 pc=0038 sp=F34E
irq#1630 pc=0038 sp=F34E
irq#1631 pc=0038 sp=F34E
irq#1632 pc=0038 sp=F34E
irq#1633 pc=0038 sp=F34E
irq#1634 pc=0038 sp=F34E
irq#1635 pc=0038 sp=F34E
irq#1636 pc=0038 sp=F34E
irq#1637 pc=0038 sp=F34E
irq#1638 pc=0038 sp=F34E
irq#1639 pc=0038 sp=F34E
irq#1640 pc=0038 sp=F34E
irq#1641 pc=0038 sp=F34E
irq#1642 pc=0038 sp=F34E
irq#1643 pc=0038 sp=F34E
irq#1644 pc=0038 sp=F34E
irq#1645 pc=0038 sp=F34E
irq#1646 pc=0038 sp=F34E
irq#1647 pc=0038 sp=F34E
irq#1648 pc=0038 sp=F34E
irq#1649 pc=0038 sp=F34E
irq#1650 pc=0038 sp=F34E
irq#1651 pc=0038 sp=F34E
irq#1652 pc=0038 sp=F34E
irq#1653 pc=0038 sp=F34E
irq#1654 pc=0038 sp=F34E
irq#1655 pc=0038 sp=F34E
irq#1656 pc=0038 sp=F34E
irq#1657 pc=0038 sp=F34E
irq#1658 pc=0038 sp=F34E
irq#1659 pc=0038 sp=F34E
irq#1660 pc=0038 sp=F34E
irq#1661 pc=0038 sp=F34E
irq#1662 pc=0038 sp=F34E
irq#1663 pc=0038 sp=F34E
irq#1664 pc=0038 sp=F34E
irq#1665 pc=0038 sp=F34E
irq#1666 pc=0038 sp=F34E
irq#1667 pc=0038 sp=F34E
irq#1668 pc=0038 sp=F34E
irq#1669 pc=0038 sp=F34E
irq#1670 pc=0038 sp=F34E
irq#1671 pc=0038 sp=F34E
irq#1672 pc=0038 sp=F34E
irq#1673 pc=0038 sp=F34E
irq#1674 pc=0038 sp=F34E
irq#1675 pc=0038 sp=F34E
irq#1676 pc=0038 sp=F34E
irq#1677 pc=0038 sp=F34E
irq#1678 pc=0038 sp=F34E
irq#1679 pc=0038 sp=F34E
irq#1680 pc=0038 sp=F34E
irq#1681 pc=0038 sp=F34E
irq#1682 pc=0038 sp=F34E
irq#1683 pc=0038 sp=F34E
irq#1684 pc=0038 sp=F34E
irq#1685 pc=0038 sp=F34E
irq#1686 pc=0038 sp=F34E
irq#1687 pc=0038 sp=F34E
irq#1688 pc=0038 sp=F34E
irq#1689 pc=0038 sp=F34E
irq#1690 pc=0038 sp=F34E
irq#1691 pc=0038 sp=F34E
irq#1692 pc=0038 sp=F34E
irq#1693 pc=0038 sp=F34E
irq#1694 pc=0038 sp=F34E
irq#1695 pc=0038 sp=F34E
irq#1696 pc=0038 sp=F34E
irq#1697 pc=0038 sp=F34E
irq#1698 pc=0038 sp=F34E
irq#1699 pc=0038 sp=F34E
irq#1700 pc=0038 sp=F34E
irq#1701 pc=0038 sp=F34E
irq#1702 pc=0038 sp=F34E
irq#1703 pc=0038 sp=F34E
irq#1704 pc=0038 sp=F34E
irq#1705 pc=0038 sp=F34E
irq#1706 pc=0038 sp=F34E
irq#1707 pc=0038 sp=F34E
irq#1708 pc=0038 sp=F34E
irq#1709 pc=0038 sp=F34E
irq#1710 pc=0038 sp=F34E
irq#1711 pc=0038 sp=F34E
irq#1712 pc=0038 sp=F34E
irq#1713 pc=0038 sp=F34E
irq#1714 pc=0038 sp=F33A
irq#1715 pc=0038 sp=F34E
irq#1716 pc=0038 sp=F34E
irq#1717 pc=0038 sp=F34E
irq#1718 pc=0038 sp=F34E
irq#1719 pc=0038 sp=F34E
irq#1720 pc=0038 sp=F34E
irq#1721 pc=0038 sp=F34E
irq#1722 pc=0038 sp=F34E
irq#1723 pc=0038 sp=F34E
irq#1724 pc=0038 sp=F34E
irq#1725 pc=0038 sp=F34E
irq#1726 pc=0038 sp=F34E
irq#1727 pc=0038 sp=F34E
irq#1728 pc=0038 sp=F34E
irq#1729 pc=0038 sp=F34E
irq#1730 pc=0038 sp=F34E
irq#1731 pc=0038 sp=F34E
irq#1732 pc=0038 sp=F34E
irq#1733 pc=0038 sp=F34E
irq#1734 pc=0038 sp=F34E
irq#1735 pc=0038 sp=F34E
irq#1736 pc=0038 sp=F34E
irq#1737 pc=0038 sp=F34E
irq#1738 pc=0038 sp=F34E
irq#1739 pc=0038 sp=F34E
irq#1740 pc=0038 sp=F34E
irq#1741 pc=0038 sp=F34E
irq#1742 pc=0038 sp=F34E
irq#1743 pc=0038 sp=F34E
irq#1744 pc=0038 sp=F34E
irq#1745 pc=0038 sp=F34E
irq#1746 pc=0038 sp=F34E
irq#1747 pc=0038 sp=F34E
irq#1748 pc=0038 sp=F34E
irq#1749 pc=0038 sp=F34E
irq#1750 pc=0038 sp=F34E
irq#1751 pc=0038 sp=F34E
irq#1752 pc=0038 sp=F34E
irq#1753 pc=0038 sp=F34E
irq#1754 pc=0038 sp=F34E
irq#1755 pc=0038 sp=F34E
irq#1756 pc=0038 sp=F34E
irq#1757 pc=0038 sp=F34E
irq#1758 pc=0038 sp=F34E
irq#1759 pc=0038 sp=F34E
irq#1760 pc=0038 sp=F34E
irq#1761 pc=0038 sp=F34E
irq#1762 pc=0038 sp=F34E
irq#1763 pc=0038 sp=F34E
irq#1764 pc=0038 sp=F34E
irq#1765 pc=0038 sp=F34E
irq#1766 pc=0038 sp=F34E
irq#1767 pc=0038 sp=F34E
irq#1768 pc=0038 sp=F34E
irq#1769 pc=0038 sp=F34E
irq#1770 pc=0038 sp=F34E
irq#1771 pc=0038 sp=F34E
irq#1772 pc=0038 sp=F34E
irq#1773 pc=0038 sp=F34E
irq#1774 pc=0038 sp=F34E
irq#1775 pc=0038 sp=F34E
irq#1776 pc=0038 sp=F34E
irq#1777 pc=0038 sp=F34E
irq#1778 pc=0038 sp=F34E
irq#1779 pc=0038 sp=F34E
irq#1780 pc=0038 sp=F34E
irq#1781 pc=0038 sp=F34E
irq#1782 pc=0038 sp=F34E
irq#1783 pc=0038 sp=F34E
irq#1784 pc=0038 sp=F34E
irq#1785 pc=0038 sp=F34E
irq#1786 pc=0038 sp=F34E
irq#1787 pc=0038 sp=F34E
irq#1788 pc=0038 sp=F34E
irq#1789 pc=0038 sp=F34E
irq#1790 pc=0038 sp=F34E
irq#1791 pc=0038 sp=F34E
irq#1792 pc=0038 sp=F34E
irq#1793 pc=0038 sp=F34E
irq#1794 pc=0038 sp=F34E
irq#1795 pc=0038 sp=F34E
irq#1796 pc=0038 sp=F34E
irq#1797 pc=0038 sp=F34E
irq#1798 pc=0038 sp=F34E
irq#1799 pc=0038 sp=F34E
irq#1800 pc=0038 sp=F34E
irq#1801 pc=0038 sp=F34E
irq#1802 pc=0038 sp=F34E
irq#1803 pc=0038 sp=F34E
irq#1804 pc=0038 sp=F34E
irq#1805 pc=0038 sp=F34E
irq#1806 pc=0038 sp=F34E
irq#1807 pc=0038 sp=F34E
irq#1808 pc=0038 sp=F34E
irq#1809 pc=0038 sp=F34E
irq#1810 pc=0038 sp=F34E
irq#1811 pc=0038 sp=F34E
irq#1812 pc=0038 sp=F34E
irq#1813 pc=0038 sp=F34E
irq#1814 pc=0038 sp=F34E
irq#1815 pc=0038 sp=F34E
irq#1816 pc=0038 sp=F34E
irq#1817 pc=0038 sp=F34E
irq#1818 pc=0038 sp=F34E
irq#1819 pc=0038 sp=F34E
irq#1820 pc=0038 sp=F34E
irq#1821 pc=0038 sp=F34E
irq#1822 pc=0038 sp=F34E
irq#1823 pc=0038 sp=F34E
irq#1824 pc=0038 sp=F34E
irq#1825 pc=0038 sp=F34E
irq#1826 pc=0038 sp=F34E
irq#1827 pc=0038 sp=F34E
irq#1828 pc=0038 sp=F34E
irq#1829 pc=0038 sp=F34E
irq#1830 pc=0038 sp=F34E
irq#1831 pc=0038 sp=F34E
irq#1832 pc=0038 sp=F34E
irq#1833 pc=0038 sp=F34E
irq#1834 pc=0038 sp=F34E
irq#1835 pc=0038 sp=F34E
irq#1836 pc=0038 sp=F34E
irq#1837 pc=0038 sp=F34E
irq#1838 pc=0038 sp=F34E
irq#1839 pc=0038 sp=F34E
irq#1840 pc=0038 sp=F34E
irq#1841 pc=0038 sp=F34E
irq#1842 pc=0038 sp=F34E
irq#1843 pc=0038 sp=F34E
irq#1844 pc=0038 sp=F34E
irq#1845 pc=0038 sp=F34E
irq#1846 pc=0038 sp=F34E
irq#1847 pc=0038 sp=F34E
irq#1848 pc=0038 sp=F34E
irq#1849 pc=0038 sp=F34E
irq#1850 pc=0038 sp=F34E
irq#1851 pc=0038 sp=F34E
irq#1852 pc=0038 sp=F34E
irq#1853 pc=0038 sp=F34E
irq#1854 pc=0038 sp=F34E
irq#1855 pc=0038 sp=F34E
irq#1856 pc=0038 sp=F34E
irq#1857 pc=0038 sp=F34E
irq#1858 pc=0038 sp=F34E
irq#1859 pc=0038 sp=F34E
irq#1860 pc=0038 sp=F34E
irq#1861 pc=0038 sp=F34E
irq#1862 pc=0038 sp=F34E
irq#1863 pc=0038 sp=F34E
irq#1864 pc=0038 sp=F34E
irq#1865 pc=0038 sp=F34E
irq#1866 pc=0038 sp=F34E
irq#1867 pc=0038 sp=F34E
irq#1868 pc=0038 sp=F34E
irq#1869 pc=0038 sp=F34E
irq#1870 pc=0038 sp=F34E
irq#1871 pc=0038 sp=F34E
irq#1872 pc=0038 sp=F34E
irq#1873 pc=0038 sp=F34E
irq#1874 pc=0038 sp=F34E
irq#1875 pc=0038 sp=F34E
irq#1876 pc=0038 sp=F34E
irq#1877 pc=0038 sp=F34E
irq#1878 pc=0038 sp=F34E
irq#1879 pc=0038 sp=F34E
irq#1880 pc=0038 sp=F34E
irq#1881 pc=0038 sp=F34E
irq#1882 pc=0038 sp=F34E
irq#1883 pc=0038 sp=F34E
irq#1884 pc=0038 sp=F34E
irq#1885 pc=0038 sp=F34E
irq#1886 pc=0038 sp=F34E
irq#1887 pc=0038 sp=F34E
irq#1888 pc=0038 sp=F34E
irq#1889 pc=0038 sp=F34E
irq#1890 pc=0038 sp=F34E
irq#1891 pc=0038 sp=F34E
irq#1892 pc=0038 sp=F34E
irq#1893 pc=0038 sp=F34E
irq#1894 pc=0038 sp=F34E
irq#1895 pc=0038 sp=F34E
irq#1896 pc=0038 sp=F34E
irq#1897 pc=0038 sp=F34E
irq#1898 pc=0038 sp=F33E
irq#1899 pc=0038 sp=F34E
irq#1900 pc=0038 sp=F34E
irq#1901 pc=0038 sp=F34E
irq#1902 pc=0038 sp=F34E
irq#1903 pc=0038 sp=F34E
irq#1904 pc=0038 sp=F34E
irq#1905 pc=0038 sp=F34E
irq#1906 pc=0038 sp=F34E
irq#1907 pc=0038 sp=F34E
irq#1908 pc=0038 sp=F34E
irq#1909 pc=0038 sp=F34E
irq#1910 pc=0038 sp=F34E
irq#1911 pc=0038 sp=F34E
irq#1912 pc=0038 sp=F34E
irq#1913 pc=0038 sp=F34E
irq#1914 pc=0038 sp=F34E
irq#1915 pc=0038 sp=F34E
irq#1916 pc=0038 sp=F34E
irq#1917 pc=0038 sp=F34E
irq#1918 pc=0038 sp=F34E
irq#1919 pc=0038 sp=F34E
irq#1920 pc=0038 sp=F34E
irq#1921 pc=0038 sp=F34E
irq#1922 pc=0038 sp=F34E
irq#1923 pc=0038 sp=F34E
irq#1924 pc=0038 sp=F34E
irq#1925 pc=0038 sp=F34E
irq#1926 pc=0038 sp=F34E
irq#1927 pc=0038 sp=F34E
irq#1928 pc=0038 sp=F34E
irq#1929 pc=0038 sp=F34E
irq#1930 pc=0038 sp=F34E
irq#1931 pc=0038 sp=F34E
irq#1932 pc=0038 sp=F34E
irq#1933 pc=0038 sp=F34E
irq#1934 pc=0038 sp=F34E
irq#1935 pc=0038 sp=F34E
irq#1936 pc=0038 sp=F34E
irq#1937 pc=0038 sp=F34E
irq#1938 pc=0038 sp=F34E
irq#1939 pc=0038 sp=F34E
irq#1940 pc=0038 sp=F34E
irq#1941 pc=0038 sp=F34E
irq#1942 pc=0038 sp=F34E
irq#1943 pc=0038 sp=F34E
irq#1944 pc=0038 sp=F34E
irq#1945 pc=0038 sp=F34E
irq#1946 pc=0038 sp=F34E
irq#1947 pc=0038 sp=F34E
irq#1948 pc=0038 sp=F34E
irq#1949 pc=0038 sp=F34E
irq#1950 pc=0038 sp=F34E
irq#1951 pc=0038 sp=F34E
irq#1952 pc=0038 sp=F34E
irq#1953 pc=0038 sp=F34E
irq#1954 pc=0038 sp=F34E
irq#1955 pc=0038 sp=F34E
irq#1956 pc=0038 sp=F34E
irq#1957 pc=0038 sp=F34E
irq#1958 pc=0038 sp=F34E
irq#1959 pc=0038 sp=F34E
irq#1960 pc=0038 sp=F34E
irq#1961 pc=0038 sp=F34E
irq#1962 pc=0038 sp=F34E
irq#1963 pc=0038 sp=F34E
irq#1964 pc=0038 sp=F34E
irq#1965 pc=0038 sp=F34E
irq#1966 pc=0038 sp=F34E
irq#1967 pc=0038 sp=F34E
irq#1968 pc=0038 sp=F34E
irq#1969 pc=0038 sp=F34E
irq#1970 pc=0038 sp=F34E
irq#1971 pc=0038 sp=F34E
irq#1972 pc=0038 sp=F34E
irq#1973 pc=0038 sp=F34E
irq#1974 pc=0038 sp=F34E
irq#1975 pc=0038 sp=F34E
irq#1976 pc=0038 sp=F34E
irq#1977 pc=0038 sp=F34E
irq#1978 pc=0038 sp=F34E
irq#1979 pc=0038 sp=F34E
irq#1980 pc=0038 sp=F34E
irq#1981 pc=0038 sp=F34E
irq#1982 pc=0038 sp=F34E
irq#1983 pc=0038 sp=F34E
irq#1984 pc=0038 sp=F34E
irq#1985 pc=0038 sp=F34E
irq#1986 pc=0038 sp=F34E
irq#1987 pc=0038 sp=F34E
irq#1988 pc=0038 sp=F34E
irq#1989 pc=0038 sp=F34E
irq#1990 pc=0038 sp=F34E
irq#1991 pc=0038 sp=F34E
irq#1992 pc=0038 sp=F34E
irq#1993 pc=0038 sp=F34E
irq#1994 pc=0038 sp=F34E
irq#1995 pc=0038 sp=F34E
irq#1996 pc=0038 sp=F34E
irq#1997 pc=0038 sp=F34E
irq#1998 pc=0038 sp=F34E
irq#1999 pc=0038 sp=F34E
irq#2000 pc=0038 sp=F34E
irq#2001 pc=0038 sp=F34E
irq#2002 pc=0038 sp=F34E
irq#2003 pc=0038 sp=F34E
irq#2004 pc=0038 sp=F34E
irq#2005 pc=0038 sp=F34E
irq#2006 pc=0038 sp=F34E
irq#2007 pc=0038 sp=F34E
irq#2008 pc=0038 sp=F34E
irq#2009 pc=0038 sp=F34E
irq#2010 pc=0038 sp=F34E
irq#2011 pc=0038 sp=F34E
irq#2012 pc=0038 sp=F34E
irq#2013 pc=0038 sp=F34E
irq#2014 pc=0038 sp=F34E
irq#2015 pc=0038 sp=F34E
irq#2016 pc=0038 sp=F34E
irq#2017 pc=0038 sp=F34E
irq#2018 pc=0038 sp=F34E
irq#2019 pc=0038 sp=F34E
irq#2020 pc=0038 sp=F34E
irq#2021 pc=0038 sp=F34E
irq#2022 pc=0038 sp=F34E
irq#2023 pc=0038 sp=F34E
irq#2024 pc=0038 sp=F34E
irq#2025 pc=0038 sp=F34E
irq#2026 pc=0038 sp=F34E
irq#2027 pc=0038 sp=F34E
irq#2028 pc=0038 sp=F34E
irq#2029 pc=0038 sp=F34E
irq#2030 pc=0038 sp=F34E
irq#2031 pc=0038 sp=F34E
irq#2032 pc=0038 sp=F34E
irq#2033 pc=0038 sp=F34E
irq#2034 pc=0038 sp=F34E
irq#2035 pc=0038 sp=F34E
irq#2036 pc=0038 sp=F34E
irq#2037 pc=0038 sp=F34E
irq#2038 pc=0038 sp=F34E
irq#2039 pc=0038 sp=F34E
irq#2040 pc=0038 sp=F34E
irq#2041 pc=0038 sp=F34E
irq#2042 pc=0038 sp=F34E
irq#2043 pc=0038 sp=F34E
irq#2044 pc=0038 sp=F34E
irq#2045 pc=0038 sp=F34E
irq#2046 pc=0038 sp=F34E
irq#2047 pc=0038 sp=F34E
irq#2048 pc=0038 sp=F34E
irq#2049 pc=0038 sp=F34E
irq#2050 pc=0038 sp=F34E
irq#2051 pc=0038 sp=F34E
irq#2052 pc=0038 sp=F34E
irq#2053 pc=0038 sp=F34E
irq#2054 pc=0038 sp=F34E
irq#2055 pc=0038 sp=F34E
irq#2056 pc=0038 sp=F34E
irq#2057 pc=0038 sp=F34E
irq#2058 pc=0038 sp=F34E
irq#2059 pc=0038 sp=F34E
irq#2060 pc=0038 sp=F34E
irq#2061 pc=0038 sp=F34E
irq#2062 pc=0038 sp=F34E
irq#2063 pc=0038 sp=F34E
irq#2064 pc=0038 sp=F34E
irq#2065 pc=0038 sp=F34E
irq#2066 pc=0038 sp=F34E
irq#2067 pc=0038 sp=F34E
irq#2068 pc=0038 sp=F34E
irq#2069 pc=0038 sp=F34E
irq#2070 pc=0038 sp=F34E
irq#2071 pc=0038 sp=F34E
irq#2072 pc=0038 sp=F34E
irq#2073 pc=0038 sp=F34E
irq#2074 pc=0038 sp=F34E
irq#2075 pc=0038 sp=F34E
irq#2076 pc=0038 sp=F34E
irq#2077 pc=0038 sp=F34E
irq#2078 pc=0038 sp=F34E
irq#2079 pc=0038 sp=F34E
irq#2080 pc=0038 sp=F34E
irq#2081 pc=0038 sp=F34E
irq#2082 pc=0038 sp=F342
irq#2083 pc=0038 sp=F34E
irq#2084 pc=0038 sp=F34E
irq#2085 pc=0038 sp=F34E
irq#2086 pc=0038 sp=F34E
irq#2087 pc=0038 sp=F34E
irq#2088 pc=0038 sp=F34E
irq#2089 pc=0038 sp=F34E
irq#2090 pc=0038 sp=F34E
irq#2091 pc=0038 sp=F34E
irq#2092 pc=0038 sp=F34E
irq#2093 pc=0038 sp=F34E
irq#2094 pc=0038 sp=F34E
irq#2095 pc=0038 sp=F34E
irq#2096 pc=0038 sp=F34E
irq#2097 pc=0038 sp=F34E
irq#2098 pc=0038 sp=F34E
irq#2099 pc=0038 sp=F34E
irq#2100 pc=0038 sp=F34E
irq#2101 pc=0038 sp=F34E
irq#2102 pc=0038 sp=F34E
irq#2103 pc=0038 sp=F34E
irq#2104 pc=0038 sp=F34E
irq#2105 pc=0038 sp=F34E
irq#2106 pc=0038 sp=F34E
irq#2107 pc=0038 sp=F34E
irq#2108 pc=0038 sp=F34E
irq#2109 pc=0038 sp=F34E
irq#2110 pc=0038 sp=F34E
irq#2111 pc=0038 sp=F34E
irq#2112 pc=0038 sp=F34E
irq#2113 pc=0038 sp=F34E
irq#2114 pc=0038 sp=F34E
irq#2115 pc=0038 sp=F34E
irq#2116 pc=0038 sp=F34E
irq#2117 pc=0038 sp=F34E
irq#2118 pc=0038 sp=F34E
irq#2119 pc=0038 sp=F34E
irq#2120 pc=0038 sp=F34E
irq#2121 pc=0038 sp=F34E
irq#2122 pc=0038 sp=F34E
irq#2123 pc=0038 sp=F34E
irq#2124 pc=0038 sp=F34E
irq#2125 pc=0038 sp=F34E
irq#2126 pc=0038 sp=F34E
irq#2127 pc=0038 sp=F34E
irq#2128 pc=0038 sp=F34E
irq#2129 pc=0038 sp=F34E
irq#2130 pc=0038 sp=F34E
irq#2131 pc=0038 sp=F34E
irq#2132 pc=0038 sp=F34E
irq#2133 pc=0038 sp=F34E
irq#2134 pc=0038 sp=F34E
irq#2135 pc=0038 sp=F34E
irq#2136 pc=0038 sp=F34E
irq#2137 pc=0038 sp=F34E
irq#2138 pc=0038 sp=F34E
irq#2139 pc=0038 sp=F34E
irq#2140 pc=0038 sp=F34E
irq#2141 pc=0038 sp=F34E
irq#2142 pc=0038 sp=F34E
irq#2143 pc=0038 sp=F34E
irq#2144 pc=0038 sp=F34E
irq#2145 pc=0038 sp=F34E
irq#2146 pc=0038 sp=F34E
irq#2147 pc=0038 sp=F34E
irq#2148 pc=0038 sp=F34E
irq#2149 pc=0038 sp=F34E
irq#2150 pc=0038 sp=F34E
irq#2151 pc=0038 sp=F34E
irq#2152 pc=0038 sp=F34E
irq#2153 pc=0038 sp=F34E
irq#2154 pc=0038 sp=F34E
irq#2155 pc=0038 sp=F34E
irq#2156 pc=0038 sp=F34E
irq#2157 pc=0038 sp=F34E
irq#2158 pc=0038 sp=F34E
irq#2159 pc=0038 sp=F34E
irq#2160 pc=0038 sp=F34E
irq#2161 pc=0038 sp=F34E
irq#2162 pc=0038 sp=F34E
irq#2163 pc=0038 sp=F34E
irq#2164 pc=0038 sp=F34E
irq#2165 pc=0038 sp=F34E
irq#2166 pc=0038 sp=F34E
irq#2167 pc=0038 sp=F34E
irq#2168 pc=0038 sp=F34E
irq#2169 pc=0038 sp=F34E
irq#2170 pc=0038 sp=F34E
irq#2171 pc=0038 sp=F34E
irq#2172 pc=0038 sp=F34E
irq#2173 pc=0038 sp=F34E
irq#2174 pc=0038 sp=F34E
irq#2175 pc=0038 sp=F34E
irq#2176 pc=0038 sp=F34E
irq#2177 pc=0038 sp=F34E
irq#2178 pc=0038 sp=F34E
irq#2179 pc=0038 sp=F34E
irq#2180 pc=0038 sp=F34E
irq#2181 pc=0038 sp=F34E
irq#2182 pc=0038 sp=F34E
irq#2183 pc=0038 sp=F34E
irq#2184 pc=0038 sp=F34E
irq#2185 pc=0038 sp=F34E
irq#2186 pc=0038 sp=F34E
irq#2187 pc=0038 sp=F34E
irq#2188 pc=0038 sp=F34E
irq#2189 pc=0038 sp=F34E
irq#2190 pc=0038 sp=F34E
irq#2191 pc=0038 sp=F34E
irq#2192 pc=0038 sp=F34E
irq#2193 pc=0038 sp=F34E
irq#2194 pc=0038 sp=F34E
irq#2195 pc=0038 sp=F34E
irq#2196 pc=0038 sp=F34E
irq#2197 pc=0038 sp=F34E
irq#2198 pc=0038 sp=F34E
irq#2199 pc=0038 sp=F34E
irq#2200 pc=0038 sp=F34E
irq#2201 pc=0038 sp=F34E
irq#2202 pc=0038 sp=F34E
irq#2203 pc=0038 sp=F34E
irq#2204 pc=0038 sp=F34E
irq#2205 pc=0038 sp=F34E
irq#2206 pc=0038 sp=F34E
irq#2207 pc=0038 sp=F34E
irq#2208 pc=0038 sp=F34E
irq#2209 pc=0038 sp=F34E
irq#2210 pc=0038 sp=F34E
irq#2211 pc=0038 sp=F34E
irq#2212 pc=0038 sp=F34E
irq#2213 pc=0038 sp=F34E
irq#2214 pc=0038 sp=F34E
irq#2215 pc=0038 sp=F34E
irq#2216 pc=0038 sp=F34E
irq#2217 pc=0038 sp=F34E
irq#2218 pc=0038 sp=F34E
irq#2219 pc=0038 sp=F34E
irq#2220 pc=0038 sp=F34E
irq#2221 pc=0038 sp=F34E
irq#2222 pc=0038 sp=F34E
irq#2223 pc=0038 sp=F34E
irq#2224 pc=0038 sp=F34E
irq#2225 pc=0038 sp=F34E
irq#2226 pc=0038 sp=F34E
irq#2227 pc=0038 sp=F34E
irq#2228 pc=0038 sp=F34E
irq#2229 pc=0038 sp=F34E
irq#2230 pc=0038 sp=F34E
irq#2231 pc=0038 sp=F34E
irq#2232 pc=0038 sp=F34E
irq#2233 pc=0038 sp=F34E
irq#2234 pc=0038 sp=F34E
irq#2235 pc=0038 sp=F34E
irq#2236 pc=0038 sp=F34E
irq#2237 pc=0038 sp=F34E
irq#2238 pc=0038 sp=F34E
irq#2239 pc=0038 sp=F34E
irq#2240 pc=0038 sp=F34E
irq#2241 pc=0038 sp=F34E
irq#2242 pc=0038 sp=F34E
irq#2243 pc=0038 sp=F34E
irq#2244 pc=0038 sp=F34E
irq#2245 pc=0038 sp=F34E
irq#2246 pc=0038 sp=F34E
irq#2247 pc=0038 sp=F34E
irq#2248 pc=0038 sp=F34E
irq#2249 pc=0038 sp=F34E
irq#2250 pc=0038 sp=F34E
irq#2251 pc=0038 sp=F34E
irq#2252 pc=0038 sp=F34E
irq#2253 pc=0038 sp=F34E
irq#2254 pc=0038 sp=F34E
irq#2255 pc=0038 sp=F34E
irq#2256 pc=0038 sp=F34E
irq#2257 pc=0038 sp=F34E
irq#2258 pc=0038 sp=F34E
irq#2259 pc=0038 sp=F34E
irq#2260 pc=0038 sp=F34E
irq#2261 pc=0038 sp=F34E
irq#2262 pc=0038 sp=F34E
irq#2263 pc=0038 sp=F34E
irq#2264 pc=0038 sp=F34E
irq#2265 pc=0038 sp=F34E
irq#2266 pc=0038 sp=F346
irq#2267 pc=0038 sp=F34E
irq#2268 pc=0038 sp=F34E
irq#2269 pc=0038 sp=F34E
irq#2270 pc=0038 sp=F34E
irq#2271 pc=0038 sp=F34E
irq#2272 pc=0038 sp=F34E
irq#2273 pc=0038 sp=F34E
irq#2274 pc=0038 sp=F34E
irq#2275 pc=0038 sp=F34E
irq#2276 pc=0038 sp=F34E
irq#2277 pc=0038 sp=F34E
irq#2278 pc=0038 sp=F34E
irq#2279 pc=0038 sp=F34E
irq#2280 pc=0038 sp=F34E
irq#2281 pc=0038 sp=F34E
irq#2282 pc=0038 sp=F34E
irq#2283 pc=0038 sp=F34E
irq#2284 pc=0038 sp=F34E
irq#2285 pc=0038 sp=F34E
irq#2286 pc=0038 sp=F34E
irq#2287 pc=0038 sp=F34E
irq#2288 pc=0038 sp=F34E
irq#2289 pc=0038 sp=F34E
irq#2290 pc=0038 sp=F34E
irq#2291 pc=0038 sp=F34E
irq#2292 pc=0038 sp=F34E
irq#2293 pc=0038 sp=F34E
irq#2294 pc=0038 sp=F34E
irq#2295 pc=0038 sp=F34E
irq#2296 pc=0038 sp=F34E
irq#2297 pc=0038 sp=F34E
irq#2298 pc=0038 sp=F34E
irq#2299 pc=0038 sp=F34E
irq#2300 pc=0038 sp=F34E
irq#2301 pc=0038 sp=F34E
irq#2302 pc=0038 sp=F34E
irq#2303 pc=0038 sp=F34E
irq#2304 pc=0038 sp=F34E
irq#2305 pc=0038 sp=F34E
irq#2306 pc=0038 sp=F34E
irq#2307 pc=0038 sp=F34E
irq#2308 pc=0038 sp=F34E
irq#2309 pc=0038 sp=F34E
irq#2310 pc=0038 sp=F34E
irq#2311 pc=0038 sp=F34E
irq#2312 pc=0038 sp=F34E
irq#2313 pc=0038 sp=F34E
irq#2314 pc=0038 sp=F34E
irq#2315 pc=0038 sp=F34E
irq#2316 pc=0038 sp=F34E
irq#2317 pc=0038 sp=F34E
irq#2318 pc=0038 sp=F34E
irq#2319 pc=0038 sp=F34E
irq#2320 pc=0038 sp=F34E
irq#2321 pc=0038 sp=F34E
irq#2322 pc=0038 sp=F34E
irq#2323 pc=0038 sp=F34E
irq#2324 pc=0038 sp=F34E
irq#2325 pc=0038 sp=F34E
irq#2326 pc=0038 sp=F34E
irq#2327 pc=0038 sp=F34E
irq#2328 pc=0038 sp=F34E
irq#2329 pc=0038 sp=F34E
irq#2330 pc=0038 sp=F34E
irq#2331 pc=0038 sp=F34E
irq#2332 pc=0038 sp=F34E
irq#2333 pc=0038 sp=F34E
irq#2334 pc=0038 sp=F34E
irq#2335 pc=0038 sp=F34E
irq#2336 pc=0038 sp=F34E
irq#2337 pc=0038 sp=F34E
irq#2338 pc=0038 sp=F34E
irq#2339 pc=0038 sp=F34E
irq#2340 pc=0038 sp=F34E
irq#2341 pc=0038 sp=F34E
irq#2342 pc=0038 sp=F34E
irq#2343 pc=0038 sp=F34E
irq#2344 pc=0038 sp=F34E
irq#2345 pc=0038 sp=F34E
irq#2346 pc=0038 sp=F34E
irq#2347 pc=0038 sp=F34E
irq#2348 pc=0038 sp=F34E
irq#2349 pc=0038 sp=F34E
irq#2350 pc=0038 sp=F34E
irq#2351 pc=0038 sp=F34E
irq#2352 pc=0038 sp=F34E
irq#2353 pc=0038 sp=F34E
irq#2354 pc=0038 sp=F34E
irq#2355 pc=0038 sp=F34E
irq#2356 pc=0038 sp=F34E
irq#2357 pc=0038 sp=F34E
irq#2358 pc=0038 sp=F34E
irq#2359 pc=0038 sp=F34E
irq#2360 pc=0038 sp=F34E
irq#2361 pc=0038 sp=F34E
irq#2362 pc=0038 sp=F34E
irq#2363 pc=0038 sp=F34E
irq#2364 pc=0038 sp=F34E
irq#2365 pc=0038 sp=F34E
irq#2366 pc=0038 sp=F34E
irq#2367 pc=0038 sp=F34E
irq#2368 pc=0038 sp=F34E
irq#2369 pc=0038 sp=F34E
irq#2370 pc=0038 sp=F34E
irq#2371 pc=0038 sp=F34E
irq#2372 pc=0038 sp=F34E
irq#2373 pc=0038 sp=F34E
irq#2374 pc=0038 sp=F34E
irq#2375 pc=0038 sp=F34E
irq#2376 pc=0038 sp=F34E
irq#2377 pc=0038 sp=F34E
irq#2378 pc=0038 sp=F34E
irq#2379 pc=0038 sp=F34E
irq#2380 pc=0038 sp=F34E
irq#2381 pc=0038 sp=F34E
irq#2382 pc=0038 sp=F34E
irq#2383 pc=0038 sp=F34E
irq#2384 pc=0038 sp=F34E
irq#2385 pc=0038 sp=F34E
irq#2386 pc=0038 sp=F34E
irq#2387 pc=0038 sp=F34E
irq#2388 pc=0038 sp=F34E
irq#2389 pc=0038 sp=F34E
irq#2390 pc=0038 sp=F34E
irq#2391 pc=0038 sp=F34E
irq#2392 pc=0038 sp=F34E
irq#2393 pc=0038 sp=F34E
irq#2394 pc=0038 sp=F34E
irq#2395 pc=0038 sp=F34E
irq#2396 pc=0038 sp=F34E
irq#2397 pc=0038 sp=F34E
irq#2398 pc=0038 sp=F34E
irq#2399 pc=0038 sp=F34E
irq#2400 pc=0038 sp=F34E
irq#2401 pc=0038 sp=F34E
irq#2402 pc=0038 sp=F34E
irq#2403 pc=0038 sp=F34E
irq#2404 pc=0038 sp=F34E
irq#2405 pc=0038 sp=F34E
irq#2406 pc=0038 sp=F34E
irq#2407 pc=0038 sp=F34E
irq#2408 pc=0038 sp=F34E
irq#2409 pc=0038 sp=F34E
irq#2410 pc=0038 sp=F34E
irq#2411 pc=0038 sp=F34E
irq#2412 pc=0038 sp=F34E
irq#2413 pc=0038 sp=F34E
irq#2414 pc=0038 sp=F34E
irq#2415 pc=0038 sp=F34E
irq#2416 pc=0038 sp=F34E
irq#2417 pc=0038 sp=F34E
irq#2418 pc=0038 sp=F34E
irq#2419 pc=0038 sp=F34E
irq#2420 pc=0038 sp=F34E
irq#2421 pc=0038 sp=F34E
irq#2422 pc=0038 sp=F34E
irq#2423 pc=0038 sp=F34E
irq#2424 pc=0038 sp=F34E
irq#2425 pc=0038 sp=F34E
irq#2426 pc=0038 sp=F34E
irq#2427 pc=0038 sp=F34E
irq#2428 pc=0038 sp=F34E
irq#2429 pc=0038 sp=F34E
irq#2430 pc=0038 sp=F34E
irq#2431 pc=0038 sp=F34E
irq#2432 pc=0038 sp=F34E
irq#2433 pc=0038 sp=F34E
irq#2434 pc=0038 sp=F34E
irq#2435 pc=0038 sp=F34E
irq#2436 pc=0038 sp=F34E
irq#2437 pc=0038 sp=F34E
irq#2438 pc=0038 sp=F34E
irq#2439 pc=0038 sp=F34E
irq#2440 pc=0038 sp=F34E
irq#2441 pc=0038 sp=F34E
irq#2442 pc=0038 sp=F34E
irq#2443 pc=0038 sp=F34E
irq#2444 pc=0038 sp=F34E
irq#2445 pc=0038 sp=F34E
irq#2446 pc=0038 sp=F34E
irq#2447 pc=0038 sp=F34E
irq#2448 pc=0038 sp=F34E
irq#2449 pc=0038 sp=F34E
irq#2450 pc=0038 sp=F34C
irq#2451 pc=0038 sp=F34E
irq#2452 pc=0038 sp=F34E
irq#2453 pc=0038 sp=F34E
irq#2454 pc=0038 sp=F34E
irq#2455 pc=0038 sp=F34E
irq#2456 pc=0038 sp=F34E
irq#2457 pc=0038 sp=F34E
irq#2458 pc=0038 sp=F34E
irq#2459 pc=0038 sp=F34E
irq#2460 pc=0038 sp=F34E
irq#2461 pc=0038 sp=F34E
irq#2462 pc=0038 sp=F34E
irq#2463 pc=0038 sp=F34E
irq#2464 pc=0038 sp=F34E
irq#2465 pc=0038 sp=F34E
irq#2466 pc=0038 sp=F34E
irq#2467 pc=0038 sp=F34E
irq#2468 pc=0038 sp=F34E
irq#2469 pc=0038 sp=F34E
irq#2470 pc=0038 sp=F34E
irq#2471 pc=0038 sp=F34E
irq#2472 pc=0038 sp=F34E
irq#2473 pc=0038 sp=F34E
irq#2474 pc=0038 sp=F34E
irq#2475 pc=0038 sp=F34E
irq#2476 pc=0038 sp=F34E
irq#2477 pc=0038 sp=F34E
irq#2478 pc=0038 sp=F34E
irq#2479 pc=0038 sp=F34E
irq#2480 pc=0038 sp=F34E
irq#2481 pc=0038 sp=F34E
irq#2482 pc=0038 sp=F34E
irq#2483 pc=0038 sp=F34E
irq#2484 pc=0038 sp=F34E
irq#2485 pc=0038 sp=F34E
irq#2486 pc=0038 sp=F34E
irq#2487 pc=0038 sp=F34E
irq#2488 pc=0038 sp=F34E
irq#2489 pc=0038 sp=F34E
irq#2490 pc=0038 sp=F34E
irq#2491 pc=0038 sp=F34E
irq#2492 pc=0038 sp=F34E
irq#2493 pc=0038 sp=F34E
irq#2494 pc=0038 sp=F34E
irq#2495 pc=0038 sp=F34E
irq#2496 pc=0038 sp=F34E
irq#2497 pc=0038 sp=F34E
irq#2498 pc=0038 sp=F34E
irq#2499 pc=0038 sp=F34E
irq#2500 pc=0038 sp=F34E
irq#2501 pc=0038 sp=F34E
irq#2502 pc=0038 sp=F34E
irq#2503 pc=0038 sp=F34E
irq#2504 pc=0038 sp=F34E
irq#2505 pc=0038 sp=F34E
irq#2506 pc=0038 sp=F34E
irq#2507 pc=0038 sp=F34E
irq#2508 pc=0038 sp=F34E
irq#2509 pc=0038 sp=F34E
irq#2510 pc=0038 sp=F34E
irq#2511 pc=0038 sp=F34E
irq#2512 pc=0038 sp=F34E
irq#2513 pc=0038 sp=F34E
irq#2514 pc=0038 sp=F34E
irq#2515 pc=0038 sp=F34E
irq#2516 pc=0038 sp=F34E
irq#2517 pc=0038 sp=F34E
irq#2518 pc=0038 sp=F34E
irq#2519 pc=0038 sp=F34E
irq#2520 pc=0038 sp=F34E
irq#2521 pc=0038 sp=F34E
irq#2522 pc=0038 sp=F34E
irq#2523 pc=0038 sp=F34E
irq#2524 pc=0038 sp=F34E
irq#2525 pc=0038 sp=F34E
irq#2526 pc=0038 sp=F34E
irq#2527 pc=0038 sp=F34E
irq#2528 pc=0038 sp=F34E
irq#2529 pc=0038 sp=F34E
irq#2530 pc=0038 sp=F34E
irq#2531 pc=0038 sp=F34E
irq#2532 pc=0038 sp=F34E
irq#2533 pc=0038 sp=F34E
irq#2534 pc=0038 sp=F34E
irq#2535 pc=0038 sp=F34E
irq#2536 pc=0038 sp=F34E
irq#2537 pc=0038 sp=F34E
irq#2538 pc=0038 sp=F34E
irq#2539 pc=0038 sp=F34E
irq#2540 pc=0038 sp=F34E
irq#2541 pc=0038 sp=F34E
irq#2542 pc=0038 sp=F34E
irq#2543 pc=0038 sp=F34E
irq#2544 pc=0038 sp=F34E
irq#2545 pc=0038 sp=F34E
irq#2546 pc=0038 sp=F34E
irq#2547 pc=0038 sp=F34E
irq#2548 pc=0038 sp=F34E
irq#2549 pc=0038 sp=F34E
irq#2550 pc=0038 sp=F34E
irq#2551 pc=0038 sp=F34E
irq#2552 pc=0038 sp=F34E
irq#2553 pc=0038 sp=F34E
irq#2554 pc=0038 sp=F34E
irq#2555 pc=0038 sp=F34E
irq#2556 pc=0038 sp=F34E
irq#2557 pc=0038 sp=F34E
irq#2558 pc=0038 sp=F34E
irq#2559 pc=0038 sp=F34E
irq#2560 pc=0038 sp=F34E
irq#2561 pc=0038 sp=F34E
irq#2562 pc=0038 sp=F34E
irq#2563 pc=0038 sp=F34E
irq#2564 pc=0038 sp=F34E
irq#2565 pc=0038 sp=F34E
irq#2566 pc=0038 sp=F34E
irq#2567 pc=0038 sp=F34E
irq#2568 pc=0038 sp=F34E
irq#2569 pc=0038 sp=F34E
irq#2570 pc=0038 sp=F34E
irq#2571 pc=0038 sp=F34E
irq#2572 pc=0038 sp=F34E
irq#2573 pc=0038 sp=F34E
irq#2574 pc=0038 sp=F34E
irq#2575 pc=0038 sp=F34E
irq#2576 pc=0038 sp=F34E
irq#2577 pc=0038 sp=F34E
irq#2578 pc=0038 sp=F34E
irq#2579 pc=0038 sp=F34E
irq#2580 pc=0038 sp=F34E
irq#2581 pc=0038 sp=F34E
irq#2582 pc=0038 sp=F34E
irq#2583 pc=0038 sp=F34E
irq#2584 pc=0038 sp=F34E
irq#2585 pc=0038 sp=F34E
irq#2586 pc=0038 sp=F34E
irq#2587 pc=0038 sp=F34E
irq#2588 pc=0038 sp=F34E
irq#2589 pc=0038 sp=F34E
irq#2590 pc=0038 sp=F34E
irq#2591 pc=0038 sp=F34E
irq#2592 pc=0038 sp=F34E
irq#2593 pc=0038 sp=F34E
irq#2594 pc=0038 sp=F34E
irq#2595 pc=0038 sp=F34E
irq#2596 pc=0038 sp=F34E
irq#2597 pc=0038 sp=F34E
irq#2598 pc=0038 sp=F34E
irq#2599 pc=0038 sp=F34E
irq#2600 pc=0038 sp=F34E
irq#2601 pc=0038 sp=F34E
irq#2602 pc=0038 sp=F34E
irq#2603 pc=0038 sp=F34E
irq#2604 pc=0038 sp=F34E
irq#2605 pc=0038 sp=F34E
irq#2606 pc=0038 sp=F34E
irq#2607 pc=0038 sp=F34E
irq#2608 pc=0038 sp=F34E
irq#2609 pc=0038 sp=F34E
irq#2610 pc=0038 sp=F34E
irq#2611 pc=0038 sp=F34E
irq#2612 pc=0038 sp=F34E
irq#2613 pc=0038 sp=F34E
irq#2614 pc=0038 sp=F34E
irq#2615 pc=0038 sp=F34E
irq#2616 pc=0038 sp=F34E
irq#2617 pc=0038 sp=F34E
irq#2618 pc=0038 sp=F34E
irq#2619 pc=0038 sp=F34E
irq#2620 pc=0038 sp=F34E
irq#2621 pc=0038 sp=F34E
irq#2622 pc=0038 sp=F34E
irq#2623 pc=0038 sp=F34E
irq#2624 pc=0038 sp=F34E
irq#2625 pc=0038 sp=F34E
irq#2626 pc=0038 sp=F34E
irq#2627 pc=0038 sp=F34E
irq#2628 pc=0038 sp=F34E
irq#2629 pc=0038 sp=F34E
irq#2630 pc=0038 sp=F34E
irq#2631 pc=0038 sp=F34E
irq#2632 pc=0038 sp=F34E
irq#2633 pc=0038 sp=F34E
irq#2634 pc=0038 sp=F34C
irq#2635 pc=0038 sp=F34E
irq#2636 pc=0038 sp=F34E
irq#2637 pc=0038 sp=F34E
irq#2638 pc=0038 sp=F34E
irq#2639 pc=0038 sp=F34E
irq#2640 pc=0038 sp=F34E
irq#2641 pc=0038 sp=F34E
irq#2642 pc=0038 sp=F34E
irq#2643 pc=0038 sp=F34E
irq#2644 pc=0038 sp=F34E
irq#2645 pc=0038 sp=F34E
irq#2646 pc=0038 sp=F34E
irq#2647 pc=0038 sp=F34E
irq#2648 pc=0038 sp=F34E
irq#2649 pc=0038 sp=F34E
irq#2650 pc=0038 sp=F34E
irq#2651 pc=0038 sp=F34E
irq#2652 pc=0038 sp=F34E
irq#2653 pc=0038 sp=F34E
irq#2654 pc=0038 sp=F34E
irq#2655 pc=0038 sp=F34E
irq#2656 pc=0038 sp=F34E
irq#2657 pc=0038 sp=F34E
irq#2658 pc=0038 sp=F34E
irq#2659 pc=0038 sp=F34E
irq#2660 pc=0038 sp=F34E
irq#2661 pc=0038 sp=F34E
irq#2662 pc=0038 sp=F34E
irq#2663 pc=0038 sp=F34E
irq#2664 pc=0038 sp=F34E
irq#2665 pc=0038 sp=F34E
irq#2666 pc=0038 sp=F34E
irq#2667 pc=0038 sp=F34E
irq#2668 pc=0038 sp=F34E
irq#2669 pc=0038 sp=F34E
irq#2670 pc=0038 sp=F34E
irq#2671 pc=0038 sp=F34E
irq#2672 pc=0038 sp=F34E
irq#2673 pc=0038 sp=F34E
irq#2674 pc=0038 sp=F34E
irq#2675 pc=0038 sp=F34E
irq#2676 pc=0038 sp=F34E
irq#2677 pc=0038 sp=F34E
irq#2678 pc=0038 sp=F34E
irq#2679 pc=0038 sp=F34E
irq#2680 pc=0038 sp=F34E
irq#2681 pc=0038 sp=F34E
irq#2682 pc=0038 sp=F34E
irq#2683 pc=0038 sp=F34E
irq#2684 pc=0038 sp=F34E
irq#2685 pc=0038 sp=F34E
irq#2686 pc=0038 sp=F34E
irq#2687 pc=0038 sp=F34E
irq#2688 pc=0038 sp=F34E
irq#2689 pc=0038 sp=F34E
irq#2690 pc=0038 sp=F34E
irq#2691 pc=0038 sp=F34E
irq#2692 pc=0038 sp=F34E
irq#2693 pc=0038 sp=F34E
irq#2694 pc=0038 sp=F34E
irq#2695 pc=0038 sp=F34E
irq#2696 pc=0038 sp=F34E
irq#2697 pc=0038 sp=F34E
irq#2698 pc=0038 sp=F34E
irq#2699 pc=0038 sp=F34E
irq#2700 pc=0038 sp=F34E
irq#2701 pc=0038 sp=F34E
irq#2702 pc=0038 sp=F34E
irq#2703 pc=0038 sp=F34E
irq#2704 pc=0038 sp=F34E
irq#2705 pc=0038 sp=F34E
irq#2706 pc=0038 sp=F34E
irq#2707 pc=0038 sp=F34E
irq#2708 pc=0038 sp=F34E
irq#2709 pc=0038 sp=F34E
irq#2710 pc=0038 sp=F34E
irq#2711 pc=0038 sp=F34E
irq#2712 pc=0038 sp=F34E
irq#2713 pc=0038 sp=F34E
irq#2714 pc=0038 sp=F34E
irq#2715 pc=0038 sp=F34E
irq#2716 pc=0038 sp=F34E
irq#2717 pc=0038 sp=F34E
irq#2718 pc=0038 sp=F34E
irq#2719 pc=0038 sp=F34E
irq#2720 pc=0038 sp=F34E
irq#2721 pc=0038 sp=F34E
irq#2722 pc=0038 sp=F34E
irq#2723 pc=0038 sp=F34E
irq#2724 pc=0038 sp=F34E
irq#2725 pc=0038 sp=F34E
irq#2726 pc=0038 sp=F34E
irq#2727 pc=0038 sp=F34E
irq#2728 pc=0038 sp=F34E
irq#2729 pc=0038 sp=F34E
irq#2730 pc=0038 sp=F34E
irq#2731 pc=0038 sp=F34E
irq#2732 pc=0038 sp=F34E
irq#2733 pc=0038 sp=F34E
irq#2734 pc=0038 sp=F34E
irq#2735 pc=0038 sp=F34E
irq#2736 pc=0038 sp=F34E
irq#2737 pc=0038 sp=F34E
irq#2738 pc=0038 sp=F34E
irq#2739 pc=0038 sp=F34E
irq#2740 pc=0038 sp=F34E
irq#2741 pc=0038 sp=F34E
irq#2742 pc=0038 sp=F34E
irq#2743 pc=0038 sp=F34E
irq#2744 pc=0038 sp=F34E
irq#2745 pc=0038 sp=F34E
irq#2746 pc=0038 sp=F34E
irq#2747 pc=0038 sp=F34E
irq#2748 pc=0038 sp=F34E
irq#2749 pc=0038 sp=F34E
irq#2750 pc=0038 sp=F34E
irq#2751 pc=0038 sp=F34E
irq#2752 pc=0038 sp=F34E
irq#2753 pc=0038 sp=F34E
irq#2754 pc=0038 sp=F34E
irq#2755 pc=0038 sp=F34E
irq#2756 pc=0038 sp=F34E
irq#2757 pc=0038 sp=F34E
irq#2758 pc=0038 sp=F34E
irq#2759 pc=0038 sp=F34E
irq#2760 pc=0038 sp=F34E
irq#2761 pc=0038 sp=F34E
irq#2762 pc=0038 sp=F34E
irq#2763 pc=0038 sp=F34E
irq#2764 pc=0038 sp=F34E
irq#2765 pc=0038 sp=F34E
irq#2766 pc=0038 sp=F34E
irq#2767 pc=0038 sp=F34E
irq#2768 pc=0038 sp=F34E
irq#2769 pc=0038 sp=F34E
irq#2770 pc=0038 sp=F34E
irq#2771 pc=0038 sp=F34E
irq#2772 pc=0038 sp=F34E
irq#2773 pc=0038 sp=F34E
irq#2774 pc=0038 sp=F34E
irq#2775 pc=0038 sp=F34E
irq#2776 pc=0038 sp=F34E
irq#2777 pc=0038 sp=F34E
irq#2778 pc=0038 sp=F34E
irq#2779 pc=0038 sp=F34E
irq#2780 pc=0038 sp=F34E
irq#2781 pc=0038 sp=F34E
irq#2782 pc=0038 sp=F34E
irq#2783 pc=0038 sp=F34E
irq#2784 pc=0038 sp=F34E
irq#2785 pc=0038 sp=F34E
irq#2786 pc=0038 sp=F34E
irq#2787 pc=0038 sp=F34E
irq#2788 pc=0038 sp=F34E
irq#2789 pc=0038 sp=F34E
irq#2790 pc=0038 sp=F34E
irq#2791 pc=0038 sp=F34E
irq#2792 pc=0038 sp=F34E
irq#2793 pc=0038 sp=F34E
irq#2794 pc=0038 sp=F34E
irq#2795 pc=0038 sp=F34E
irq#2796 pc=0038 sp=F34E
irq#2797 pc=0038 sp=F34E
irq#2798 pc=0038 sp=F34E
irq#2799 pc=0038 sp=F34E
irq#2800 pc=0038 sp=F34E
irq#2801 pc=0038 sp=F34E
irq#2802 pc=0038 sp=F34E
irq#2803 pc=0038 sp=F34E
irq#2804 pc=0038 sp=F34E
irq#2805 pc=0038 sp=F34E
irq#2806 pc=0038 sp=F34E
irq#2807 pc=0038 sp=F34E
irq#2808 pc=0038 sp=F34E
irq#2809 pc=0038 sp=F34E
irq#2810 pc=0038 sp=F34E
irq#2811 pc=0038 sp=F34E
irq#2812 pc=0038 sp=F34E
irq#2813 pc=0038 sp=F34E
irq#2814 pc=0038 sp=F34E
irq#2815 pc=0038 sp=F34E
irq#2816 pc=0038 sp=F34E
irq#2817 pc=0038 sp=F34E
irq#2818 pc=0038 sp=F34E
irq#2819 pc=0038 sp=F348
irq#2820 pc=0038 sp=F34E
irq#2821 pc=0038 sp=F34E
irq#2822 pc=0038 sp=F34E
irq#2823 pc=0038 sp=F34E
irq#2824 pc=0038 sp=F34E
irq#2825 pc=0038 sp=F34E
irq#2826 pc=0038 sp=F34E
irq#2827 pc=0038 sp=F34E
irq#2828 pc=0038 sp=F34E
irq#2829 pc=0038 sp=F34E
irq#2830 pc=0038 sp=F34E
irq#2831 pc=0038 sp=F34E
irq#2832 pc=0038 sp=F34E
irq#2833 pc=0038 sp=F34E
irq#2834 pc=0038 sp=F34E
irq#2835 pc=0038 sp=F34E
irq#2836 pc=0038 sp=F34E
irq#2837 pc=0038 sp=F34E
irq#2838 pc=0038 sp=F34E
irq#2839 pc=0038 sp=F34E
irq#2840 pc=0038 sp=F34E
irq#2841 pc=0038 sp=F34E
irq#2842 pc=0038 sp=F34E
irq#2843 pc=0038 sp=F34E
irq#2844 pc=0038 sp=F34E
irq#2845 pc=0038 sp=F34E
irq#2846 pc=0038 sp=F34E
irq#2847 pc=0038 sp=F34E
irq#2848 pc=0038 sp=F34E
irq#2849 pc=0038 sp=F34E
irq#2850 pc=0038 sp=F34E
irq#2851 pc=0038 sp=F34E
irq#2852 pc=0038 sp=F34E
irq#2853 pc=0038 sp=F34E
irq#2854 pc=0038 sp=F34E
irq#2855 pc=0038 sp=F34E
irq#2856 pc=0038 sp=F34E
irq#2857 pc=0038 sp=F34E
irq#2858 pc=0038 sp=F34E
irq#2859 pc=0038 sp=F34E
irq#2860 pc=0038 sp=F34E
irq#2861 pc=0038 sp=F34E
irq#2862 pc=0038 sp=F34E
irq#2863 pc=0038 sp=F34E
irq#2864 pc=0038 sp=F34E
irq#2865 pc=0038 sp=F34E
irq#2866 pc=0038 sp=F34E
irq#2867 pc=0038 sp=F34E
irq#2868 pc=0038 sp=F34E
irq#2869 pc=0038 sp=F34E
irq#2870 pc=0038 sp=F34E
irq#2871 pc=0038 sp=F34E
irq#2872 pc=0038 sp=F34E
irq#2873 pc=0038 sp=F34E
irq#2874 pc=0038 sp=F34E
irq#2875 pc=0038 sp=F34E
irq#2876 pc=0038 sp=F34E
irq#2877 pc=0038 sp=F34E
irq#2878 pc=0038 sp=F34E
irq#2879 pc=0038 sp=F34E
irq#2880 pc=0038 sp=F34E
irq#2881 pc=0038 sp=F34E
irq#2882 pc=0038 sp=F34E
irq#2883 pc=0038 sp=F34E
irq#2884 pc=0038 sp=F34E
irq#2885 pc=0038 sp=F34E
irq#2886 pc=0038 sp=F34E
irq#2887 pc=0038 sp=F34E
irq#2888 pc=0038 sp=F34E
irq#2889 pc=0038 sp=F34E
irq#2890 pc=0038 sp=F34E
irq#2891 pc=0038 sp=F34E
irq#2892 pc=0038 sp=F34E
irq#2893 pc=0038 sp=F34E
irq#2894 pc=0038 sp=F34E
irq#2895 pc=0038 sp=F34E
irq#2896 pc=0038 sp=F34E
irq#2897 pc=0038 sp=F34E
irq#2898 pc=0038 sp=F34E
irq#2899 pc=0038 sp=F34E
irq#2900 pc=0038 sp=F34E
irq#2901 pc=0038 sp=F34E
irq#2902 pc=0038 sp=F34E
irq#2903 pc=0038 sp=F34E
irq#2904 pc=0038 sp=F34E
irq#2905 pc=0038 sp=F34E
irq#2906 pc=0038 sp=F34E
irq#2907 pc=0038 sp=F34E
irq#2908 pc=0038 sp=F34E
irq#2909 pc=0038 sp=F34E
irq#2910 pc=0038 sp=F34E
irq#2911 pc=0038 sp=F34E
irq#2912 pc=0038 sp=F34E
irq#2913 pc=0038 sp=F34E
irq#2914 pc=0038 sp=F34E
irq#2915 pc=0038 sp=F34E
irq#2916 pc=0038 sp=F34E
irq#2917 pc=0038 sp=F34E
irq#2918 pc=0038 sp=F34E
irq#2919 pc=0038 sp=F34E
irq#2920 pc=0038 sp=F34E
irq#2921 pc=0038 sp=F34E
irq#2922 pc=0038 sp=F34E
irq#2923 pc=0038 sp=F34E
irq#2924 pc=0038 sp=F34E
irq#2925 pc=0038 sp=F34E
irq#2926 pc=0038 sp=F34E
irq#2927 pc=0038 sp=F34E
irq#2928 pc=0038 sp=F34E
irq#2929 pc=0038 sp=F34E
irq#2930 pc=0038 sp=F34E
irq#2931 pc=0038 sp=F34E
irq#2932 pc=0038 sp=F34E
irq#2933 pc=0038 sp=F34E
irq#2934 pc=0038 sp=F34E
irq#2935 pc=0038 sp=F34E
irq#2936 pc=0038 sp=F34E
irq#2937 pc=0038 sp=F34E
irq#2938 pc=0038 sp=F34E
irq#2939 pc=0038 sp=F34E
irq#2940 pc=0038 sp=F34E
irq#2941 pc=0038 sp=F34E
irq#2942 pc=0038 sp=F34E
irq#2943 pc=0038 sp=F34E
irq#2944 pc=0038 sp=F34E
irq#2945 pc=0038 sp=F34E
irq#2946 pc=0038 sp=F34E
irq#2947 pc=0038 sp=F34E
irq#2948 pc=0038 sp=F34E
irq#2949 pc=0038 sp=F34E
irq#2950 pc=0038 sp=F34E
irq#2951 pc=0038 sp=F34E
irq#2952 pc=0038 sp=F34E
irq#2953 pc=0038 sp=F34E
irq#2954 pc=0038 sp=F34E
irq#2955 pc=0038 sp=F34E
irq#2956 pc=0038 sp=F34E
irq#2957 pc=0038 sp=F34E
irq#2958 pc=0038 sp=F34E
irq#2959 pc=0038 sp=F34E
irq#2960 pc=0038 sp=F34E
irq#2961 pc=0038 sp=F34E
irq#2962 pc=0038 sp=F34E
irq#2963 pc=0038 sp=F34E
irq#2964 pc=0038 sp=F34E
irq#2965 pc=0038 sp=F34E
irq#2966 pc=0038 sp=F34E
irq#2967 pc=0038 sp=F34E
irq#2968 pc=0038 sp=F34E
irq#2969 pc=0038 sp=F34E
irq#2970 pc=0038 sp=F34E
irq#2971 pc=0038 sp=F34E
irq#2972 pc=0038 sp=F34E
irq#2973 pc=0038 sp=F34E
irq#2974 pc=0038 sp=F34E
irq#2975 pc=0038 sp=F34E
irq#2976 pc=0038 sp=F34E
irq#2977 pc=0038 sp=F34E
irq#2978 pc=0038 sp=F34E
irq#2979 pc=0038 sp=F34E
irq#2980 pc=0038 sp=F34E
irq#2981 pc=0038 sp=F34E
irq#2982 pc=0038 sp=F34E
irq#2983 pc=0038 sp=F34E
irq#2984 pc=0038 sp=F34E
irq#2985 pc=0038 sp=F34E
irq#2986 pc=0038 sp=F34E
irq#2987 pc=0038 sp=F34E
irq#2988 pc=0038 sp=F34E
irq#2989 pc=0038 sp=F34E
irq#2990 pc=0038 sp=F34E
irq#2991 pc=0038 sp=F34E
irq#2992 pc=0038 sp=F34E
irq#2993 pc=0038 sp=F34E
irq#2994 pc=0038 sp=F34E
irq#2995 pc=0038 sp=F34E
irq#2996 pc=0038 sp=F34E
irq#2997 pc=0038 sp=F34E
irq#2998 pc=0038 sp=F34E
irq#2999 pc=0038 sp=F34E
irq#3000 pc=0038 sp=F34E
irq#3001 pc=0038 sp=F34E
irq#3002 pc=0038 sp=F34E
irq#3003 pc=0038 sp=F344
irq#3004 pc=0038 sp=F34E
irq#3005 pc=0038 sp=F34E
irq#3006 pc=0038 sp=F34E
irq#3007 pc=0038 sp=F34E
irq#3008 pc=0038 sp=F34E
irq#3009 pc=0038 sp=F34E
irq#3010 pc=0038 sp=F34E
irq#3011 pc=0038 sp=F34E
irq#3012 pc=0038 sp=F34E
irq#3013 pc=0038 sp=F34E
irq#3014 pc=0038 sp=F34E
irq#3015 pc=0038 sp=F34E
irq#3016 pc=0038 sp=F34E
irq#3017 pc=0038 sp=F34E
irq#3018 pc=0038 sp=F34E
irq#3019 pc=0038 sp=F34E
irq#3020 pc=0038 sp=F34E
irq#3021 pc=0038 sp=F34E
irq#3022 pc=0038 sp=F34E
irq#3023 pc=0038 sp=F34E
irq#3024 pc=0038 sp=F34E
irq#3025 pc=0038 sp=F34E
irq#3026 pc=0038 sp=F34E
irq#3027 pc=0038 sp=F34E
irq#3028 pc=0038 sp=F34E
irq#3029 pc=0038 sp=F34E
irq#3030 pc=0038 sp=F34E
irq#3031 pc=0038 sp=F34E
irq#3032 pc=0038 sp=F34E
irq#3033 pc=0038 sp=F34E
irq#3034 pc=0038 sp=F34E
irq#3035 pc=0038 sp=F34E
irq#3036 pc=0038 sp=F34E
irq#3037 pc=0038 sp=F34E
irq#3038 pc=0038 sp=F34E
irq#3039 pc=0038 sp=F34E
irq#3040 pc=0038 sp=F34E
irq#3041 pc=0038 sp=F34E
irq#3042 pc=0038 sp=F34E
irq#3043 pc=0038 sp=F34E
irq#3044 pc=0038 sp=F34E
irq#3045 pc=0038 sp=F34E
irq#3046 pc=0038 sp=F34E
irq#3047 pc=0038 sp=F34E
irq#3048 pc=0038 sp=F34E
irq#3049 pc=0038 sp=F34E
irq#3050 pc=0038 sp=F34E
irq#3051 pc=0038 sp=F34E
irq#3052 pc=0038 sp=F34E
irq#3053 pc=0038 sp=F34E
irq#3054 pc=0038 sp=F34E
irq#3055 pc=0038 sp=F34E
irq#3056 pc=0038 sp=F34E
irq#3057 pc=0038 sp=F34E
irq#3058 pc=0038 sp=F34E
irq#3059 pc=0038 sp=F34E
irq#3060 pc=0038 sp=F34E
irq#3061 pc=0038 sp=F34E
irq#3062 pc=0038 sp=F34E
irq#3063 pc=0038 sp=F34E
irq#3064 pc=0038 sp=F34E
irq#3065 pc=0038 sp=F34E
irq#3066 pc=0038 sp=F34E
irq#3067 pc=0038 sp=F34E
irq#3068 pc=0038 sp=F34E
irq#3069 pc=0038 sp=F34E
irq#3070 pc=0038 sp=F34E
irq#3071 pc=0038 sp=F34E
irq#3072 pc=0038 sp=F34E
irq#3073 pc=0038 sp=F34E
irq#3074 pc=0038 sp=F34E
irq#3075 pc=0038 sp=F34E
irq#3076 pc=0038 sp=F34E
irq#3077 pc=0038 sp=F34E
irq#3078 pc=0038 sp=F34E
irq#3079 pc=0038 sp=F34E
irq#3080 pc=0038 sp=F34E
irq#3081 pc=0038 sp=F34E
irq#3082 pc=0038 sp=F34E
irq#3083 pc=0038 sp=F34E
irq#3084 pc=0038 sp=F34E
irq#3085 pc=0038 sp=F34E
irq#3086 pc=0038 sp=F34E
irq#3087 pc=0038 sp=F34E
irq#3088 pc=0038 sp=F34E
irq#3089 pc=0038 sp=F34E
irq#3090 pc=0038 sp=F34E
irq#3091 pc=0038 sp=F34E
irq#3092 pc=0038 sp=F34E
irq#3093 pc=0038 sp=F34E
irq#3094 pc=0038 sp=F34E
irq#3095 pc=0038 sp=F34E
irq#3096 pc=0038 sp=F34E
irq#3097 pc=0038 sp=F34E
irq#3098 pc=0038 sp=F34E
irq#3099 pc=0038 sp=F34E
irq#3100 pc=0038 sp=F34E
irq#3101 pc=0038 sp=F34E
irq#3102 pc=0038 sp=F34E
irq#3103 pc=0038 sp=F34E
irq#3104 pc=0038 sp=F34E
irq#3105 pc=0038 sp=F34E
irq#3106 pc=0038 sp=F34E
irq#3107 pc=0038 sp=F34E
irq#3108 pc=0038 sp=F34E
irq#3109 pc=0038 sp=F34E
irq#3110 pc=0038 sp=F34E
irq#3111 pc=0038 sp=F34E
irq#3112 pc=0038 sp=F34E
irq#3113 pc=0038 sp=F34E
irq#3114 pc=0038 sp=F34E
irq#3115 pc=0038 sp=F34E
irq#3116 pc=0038 sp=F34E
irq#3117 pc=0038 sp=F34E
irq#3118 pc=0038 sp=F34E
irq#3119 pc=0038 sp=F34E
irq#3120 pc=0038 sp=F34E
irq#3121 pc=0038 sp=F34E
irq#3122 pc=0038 sp=F34E
irq#3123 pc=0038 sp=F34E
irq#3124 pc=0038 sp=F34E
irq#3125 pc=0038 sp=F34E
irq#3126 pc=0038 sp=F34E
irq#3127 pc=0038 sp=F34E
irq#3128 pc=0038 sp=F34E
irq#3129 pc=0038 sp=F34E
irq#3130 pc=0038 sp=F34E
irq#3131 pc=0038 sp=F34E
irq#3132 pc=0038 sp=F34E
irq#3133 pc=0038 sp=F34E
irq#3134 pc=0038 sp=F34E
irq#3135 pc=0038 sp=F34E
irq#3136 pc=0038 sp=F34E
irq#3137 pc=0038 sp=F34E
irq#3138 pc=0038 sp=F34E
irq#3139 pc=0038 sp=F34E
irq#3140 pc=0038 sp=F34E
irq#3141 pc=0038 sp=F34E
irq#3142 pc=0038 sp=F34E
irq#3143 pc=0038 sp=F34E
irq#3144 pc=0038 sp=F34E
irq#3145 pc=0038 sp=F34E
irq#3146 pc=0038 sp=F34E
irq#3147 pc=0038 sp=F34E
irq#3148 pc=0038 sp=F34E
irq#3149 pc=0038 sp=F34E
irq#3150 pc=0038 sp=F34E
irq#3151 pc=0038 sp=F34E
irq#3152 pc=0038 sp=F34E
irq#3153 pc=0038 sp=F34E
irq#3154 pc=0038 sp=F34E
irq#3155 pc=0038 sp=F34E
irq#3156 pc=0038 sp=F34E
irq#3157 pc=0038 sp=F34E
irq#3158 pc=0038 sp=F34E
irq#3159 pc=0038 sp=F34E
irq#3160 pc=0038 sp=F34E
irq#3161 pc=0038 sp=F34E
irq#3162 pc=0038 sp=F34E
irq#3163 pc=0038 sp=F34E
irq#3164 pc=0038 sp=F34E
irq#3165 pc=0038 sp=F34E
irq#3166 pc=0038 sp=F34E
irq#3167 pc=0038 sp=F34E
irq#3168 pc=0038 sp=F34E
irq#3169 pc=0038 sp=F34E
irq#3170 pc=0038 sp=F34E
irq#3171 pc=0038 sp=F34E
irq#3172 pc=0038 sp=F34E
irq#3173 pc=0038 sp=F34E
irq#3174 pc=0038 sp=F34E
irq#3175 pc=0038 sp=F34E
irq#3176 pc=0038 sp=F34E
irq#3177 pc=0038 sp=F34E
irq#3178 pc=0038 sp=F34E
irq#3179 pc=0038 sp=F34E
irq#3180 pc=0038 sp=F34E
irq#3181 pc=0038 sp=F34E
irq#3182 pc=0038 sp=F34E
irq#3183 pc=0038 sp=F34E
irq#3184 pc=0038 sp=F34E
irq#3185 pc=0038 sp=F34E
irq#3186 pc=0038 sp=F34E
irq#3187 pc=0038 sp=F340
irq#3188 pc=0038 sp=F34E
irq#3189 pc=0038 sp=F34E
irq#3190 pc=0038 sp=F34E
irq#3191 pc=0038 sp=F34E
irq#3192 pc=0038 sp=F34E
irq#3193 pc=0038 sp=F34E
irq#3194 pc=0038 sp=F34E
irq#3195 pc=0038 sp=F34E
irq#3196 pc=0038 sp=F34E
irq#3197 pc=0038 sp=F34E
irq#3198 pc=0038 sp=F34E
irq#3199 pc=0038 sp=F34E
irq#3200 pc=0038 sp=F34E
irq#3201 pc=0038 sp=F34E
irq#3202 pc=0038 sp=F34E
irq#3203 pc=0038 sp=F34E
irq#3204 pc=0038 sp=F34E
irq#3205 pc=0038 sp=F34E
irq#3206 pc=0038 sp=F34E
irq#3207 pc=0038 sp=F34E
irq#3208 pc=0038 sp=F34E
irq#3209 pc=0038 sp=F34E
irq#3210 pc=0038 sp=F34E
irq#3211 pc=0038 sp=F34E
irq#3212 pc=0038 sp=F34E
irq#3213 pc=0038 sp=F34E
irq#3214 pc=0038 sp=F34E
irq#3215 pc=0038 sp=F34E
irq#3216 pc=0038 sp=F34E
irq#3217 pc=0038 sp=F34E
irq#3218 pc=0038 sp=F34E
irq#3219 pc=0038 sp=F34E
irq#3220 pc=0038 sp=F34E
irq#3221 pc=0038 sp=F34E
irq#3222 pc=0038 sp=F34E
irq#3223 pc=0038 sp=F34E
irq#3224 pc=0038 sp=F34E
irq#3225 pc=0038 sp=F34E
irq#3226 pc=0038 sp=F34E
irq#3227 pc=0038 sp=F34E
irq#3228 pc=0038 sp=F34E
irq#3229 pc=0038 sp=F34E
irq#3230 pc=0038 sp=F34E
irq#3231 pc=0038 sp=F34E
irq#3232 pc=0038 sp=F34E
irq#3233 pc=0038 sp=F34E
irq#3234 pc=0038 sp=F34E
irq#3235 pc=0038 sp=F34E
irq#3236 pc=0038 sp=F34E
irq#3237 pc=0038 sp=F34E
irq#3238 pc=0038 sp=F34E
irq#3239 pc=0038 sp=F34E
irq#3240 pc=0038 sp=F34E
irq#3241 pc=0038 sp=F34E
irq#3242 pc=0038 sp=F34E
irq#3243 pc=0038 sp=F34E
irq#3244 pc=0038 sp=F34E
irq#3245 pc=0038 sp=F34E
irq#3246 pc=0038 sp=F34E
irq#3247 pc=0038 sp=F34E
irq#3248 pc=0038 sp=F34E
irq#3249 pc=0038 sp=F34E
irq#3250 pc=0038 sp=F34E
irq#3251 pc=0038 sp=F34E
irq#3252 pc=0038 sp=F34E
irq#3253 pc=0038 sp=F34E
irq#3254 pc=0038 sp=F34E
irq#3255 pc=0038 sp=F34E
irq#3256 pc=0038 sp=F34E
irq#3257 pc=0038 sp=F34E
irq#3258 pc=0038 sp=F34E
irq#3259 pc=0038 sp=F34E
irq#3260 pc=0038 sp=F34E
irq#3261 pc=0038 sp=F34E
irq#3262 pc=0038 sp=F34E
irq#3263 pc=0038 sp=F34E
irq#3264 pc=0038 sp=F34E
irq#3265 pc=0038 sp=F34E
irq#3266 pc=0038 sp=F34E
irq#3267 pc=0038 sp=F34E
irq#3268 pc=0038 sp=F34E
irq#3269 pc=0038 sp=F34E
irq#3270 pc=0038 sp=F34E
irq#3271 pc=0038 sp=F34E
irq#3272 pc=0038 sp=F34E
irq#3273 pc=0038 sp=F34E
irq#3274 pc=0038 sp=F34E
irq#3275 pc=0038 sp=F34E
irq#3276 pc=0038 sp=F34E
irq#3277 pc=0038 sp=F34E
irq#3278 pc=0038 sp=F34E
irq#3279 pc=0038 sp=F34E
irq#3280 pc=0038 sp=F34E
irq#3281 pc=0038 sp=F34E
irq#3282 pc=0038 sp=F34E
irq#3283 pc=0038 sp=F34E
irq#3284 pc=0038 sp=F34E
irq#3285 pc=0038 sp=F34E
irq#3286 pc=0038 sp=F34E
irq#3287 pc=0038 sp=F34E
irq#3288 pc=0038 sp=F34E
irq#3289 pc=0038 sp=F34E
irq#3290 pc=0038 sp=F34E
irq#3291 pc=0038 sp=F34E
irq#3292 pc=0038 sp=F34E
irq#3293 pc=0038 sp=F34E
irq#3294 pc=0038 sp=F34E
irq#3295 pc=0038 sp=F34E
irq#3296 pc=0038 sp=F34E
irq#3297 pc=0038 sp=F34E
irq#3298 pc=0038 sp=F34E
irq#3299 pc=0038 sp=F34E
irq#3300 pc=0038 sp=F34E
irq#3301 pc=0038 sp=F34E
irq#3302 pc=0038 sp=F34E
irq#3303 pc=0038 sp=F34E
irq#3304 pc=0038 sp=F34E
irq#3305 pc=0038 sp=F34E
irq#3306 pc=0038 sp=F34E
irq#3307 pc=0038 sp=F34E
irq#3308 pc=0038 sp=F34E
irq#3309 pc=0038 sp=F34E
irq#3310 pc=0038 sp=F34E
irq#3311 pc=0038 sp=F34E
irq#3312 pc=0038 sp=F34E
irq#3313 pc=0038 sp=F34E
irq#3314 pc=0038 sp=F34E
irq#3315 pc=0038 sp=F34E
irq#3316 pc=0038 sp=F34E
irq#3317 pc=0038 sp=F34E
irq#3318 pc=0038 sp=F34E
irq#3319 pc=0038 sp=F34E
irq#3320 pc=0038 sp=F34E
irq#3321 pc=0038 sp=F34E
irq#3322 pc=0038 sp=F34E
irq#3323 pc=0038 sp=F34E
irq#3324 pc=0038 sp=F34E
irq#3325 pc=0038 sp=F34E
irq#3326 pc=0038 sp=F34E
irq#3327 pc=0038 sp=F34E
irq#3328 pc=0038 sp=F34E
irq#3329 pc=0038 sp=F34E
irq#3330 pc=0038 sp=F34E
irq#3331 pc=0038 sp=F34E
irq#3332 pc=0038 sp=F34E
irq#3333 pc=0038 sp=F34E
irq#3334 pc=0038 sp=F34E
irq#3335 pc=0038 sp=F34E
irq#3336 pc=0038 sp=F34E
irq#3337 pc=0038 sp=F34E
irq#3338 pc=0038 sp=F34E
irq#3339 pc=0038 sp=F34E
irq#3340 pc=0038 sp=F34E
irq#3341 pc=0038 sp=F34E
irq#3342 pc=0038 sp=F34E
irq#3343 pc=0038 sp=F34E
irq#3344 pc=0038 sp=F34E
irq#3345 pc=0038 sp=F34E
irq#3346 pc=0038 sp=F34E
irq#3347 pc=0038 sp=F34E
irq#3348 pc=0038 sp=F34E
irq#3349 pc=0038 sp=F34E
irq#3350 pc=0038 sp=F34E
irq#3351 pc=0038 sp=F34E
irq#3352 pc=0038 sp=F34E
irq#3353 pc=0038 sp=F34E
irq#3354 pc=0038 sp=F34E
irq#3355 pc=0038 sp=F34E
irq#3356 pc=0038 sp=F34E
irq#3357 pc=0038 sp=F34E
irq#3358 pc=0038 sp=F34E
irq#3359 pc=0038 sp=F34E
irq#3360 pc=0038 sp=F34E
irq#3361 pc=0038 sp=F34E
irq#3362 pc=0038 sp=F34E
irq#3363 pc=0038 sp=F34E
irq#3364 pc=0038 sp=F34E
irq#3365 pc=0038 sp=F34E
irq#3366 pc=0038 sp=F34E
irq#3367 pc=0038 sp=F34E
irq#3368 pc=0038 sp=F34E
irq#3369 pc=0038 sp=F34E
irq#3370 pc=0038 sp=F34E
irq#3371 pc=0038 sp=F33C
irq#3372 pc=0038 sp=F34E
irq#3373 pc=0038 sp=F34E
irq#3374 pc=0038 sp=F34E
irq#3375 pc=0038 sp=F34E
irq#3376 pc=0038 sp=F34E
irq#3377 pc=0038 sp=F34E
irq#3378 pc=0038 sp=F34E
irq#3379 pc=0038 sp=F34E
irq#3380 pc=0038 sp=F34E
irq#3381 pc=0038 sp=F34E
irq#3382 pc=0038 sp=F34E
irq#3383 pc=0038 sp=F34E
irq#3384 pc=0038 sp=F34E
irq#3385 pc=0038 sp=F34E
irq#3386 pc=0038 sp=F34E
irq#3387 pc=0038 sp=F34E
irq#3388 pc=0038 sp=F34E
irq#3389 pc=0038 sp=F34E
irq#3390 pc=0038 sp=F34E
irq#3391 pc=0038 sp=F34E
irq#3392 pc=0038 sp=F34E
irq#3393 pc=0038 sp=F34E
irq#3394 pc=0038 sp=F34E
irq#3395 pc=0038 sp=F34E
irq#3396 pc=0038 sp=F34E
irq#3397 pc=0038 sp=F34E
irq#3398 pc=0038 sp=F34E
irq#3399 pc=0038 sp=F34E
irq#3400 pc=0038 sp=F34E
irq#3401 pc=0038 sp=F34E
irq#3402 pc=0038 sp=F34E
irq#3403 pc=0038 sp=F34E
irq#3404 pc=0038 sp=F34E
irq#3405 pc=0038 sp=F34E
irq#3406 pc=0038 sp=F34E
irq#3407 pc=0038 sp=F34E
irq#3408 pc=0038 sp=F34E
irq#3409 pc=0038 sp=F34E
irq#3410 pc=0038 sp=F34E
irq#3411 pc=0038 sp=F34E
irq#3412 pc=0038 sp=F34E
irq#3413 pc=0038 sp=F34E
irq#3414 pc=0038 sp=F34E
irq#3415 pc=0038 sp=F34E
irq#3416 pc=0038 sp=F34E
irq#3417 pc=0038 sp=F34E
irq#3418 pc=0038 sp=F34E
irq#3419 pc=0038 sp=F34E
irq#3420 pc=0038 sp=F34E
irq#3421 pc=0038 sp=F34E
irq#3422 pc=0038 sp=F34E
irq#3423 pc=0038 sp=F34E
irq#3424 pc=0038 sp=F34E
irq#3425 pc=0038 sp=F34E
irq#3426 pc=0038 sp=F34E
irq#3427 pc=0038 sp=F34E
irq#3428 pc=0038 sp=F34E
irq#3429 pc=0038 sp=F34E
irq#3430 pc=0038 sp=F34E
irq#3431 pc=0038 sp=F34E
irq#3432 pc=0038 sp=F34E
irq#3433 pc=0038 sp=F34E
irq#3434 pc=0038 sp=F34E
irq#3435 pc=0038 sp=F34E
irq#3436 pc=0038 sp=F34E
irq#3437 pc=0038 sp=F34E
irq#3438 pc=0038 sp=F34E
irq#3439 pc=0038 sp=F34E
irq#3440 pc=0038 sp=F34E
irq#3441 pc=0038 sp=F34E
irq#3442 pc=0038 sp=F34E
irq#3443 pc=0038 sp=F34E
irq#3444 pc=0038 sp=F34E
irq#3445 pc=0038 sp=F34E
irq#3446 pc=0038 sp=F34E
irq#3447 pc=0038 sp=F34E
irq#3448 pc=0038 sp=F34E
irq#3449 pc=0038 sp=F34E
irq#3450 pc=0038 sp=F34E
irq#3451 pc=0038 sp=F34E
irq#3452 pc=0038 sp=F34E
irq#3453 pc=0038 sp=F34E
irq#3454 pc=0038 sp=F34E
irq#3455 pc=0038 sp=F34E
irq#3456 pc=0038 sp=F34E
irq#3457 pc=0038 sp=F34E
irq#3458 pc=0038 sp=F34E
irq#3459 pc=0038 sp=F34E
irq#3460 pc=0038 sp=F34E
irq#3461 pc=0038 sp=F34E
irq#3462 pc=0038 sp=F34E
irq#3463 pc=0038 sp=F34E
irq#3464 pc=0038 sp=F34E
irq#3465 pc=0038 sp=F34E
irq#3466 pc=0038 sp=F34E
irq#3467 pc=0038 sp=F34E
irq#3468 pc=0038 sp=F34E
irq#3469 pc=0038 sp=F34E
irq#3470 pc=0038 sp=F34E
irq#3471 pc=0038 sp=F34E
irq#3472 pc=0038 sp=F34E
irq#3473 pc=0038 sp=F34E
irq#3474 pc=0038 sp=F34E
irq#3475 pc=0038 sp=F34E
irq#3476 pc=0038 sp=F34E
irq#3477 pc=0038 sp=F34E
irq#3478 pc=0038 sp=F34E
irq#3479 pc=0038 sp=F34E
irq#3480 pc=0038 sp=F34E
irq#3481 pc=0038 sp=F34E
irq#3482 pc=0038 sp=F34E
irq#3483 pc=0038 sp=F34E
irq#3484 pc=0038 sp=F34E
irq#3485 pc=0038 sp=F34E
irq#3486 pc=0038 sp=F34E
irq#3487 pc=0038 sp=F34E
irq#3488 pc=0038 sp=F34E
irq#3489 pc=0038 sp=F34E
irq#3490 pc=0038 sp=F34E
irq#3491 pc=0038 sp=F34E
irq#3492 pc=0038 sp=F34E
irq#3493 pc=0038 sp=F34E
irq#3494 pc=0038 sp=F34E
irq#3495 pc=0038 sp=F34E
irq#3496 pc=0038 sp=F34E
irq#3497 pc=0038 sp=F34E
irq#3498 pc=0038 sp=F34E
irq#3499 pc=0038 sp=F34E
irq#3500 pc=0038 sp=F34E
irq#3501 pc=0038 sp=F34E
irq#3502 pc=0038 sp=F34E
irq#3503 pc=0038 sp=F34E
irq#3504 pc=0038 sp=F34E
irq#3505 pc=0038 sp=F34E
irq#3506 pc=0038 sp=F34E
irq#3507 pc=0038 sp=F34E
irq#3508 pc=0038 sp=F34E
irq#3509 pc=0038 sp=F34E
irq#3510 pc=0038 sp=F34E
irq#3511 pc=0038 sp=F34E
irq#3512 pc=0038 sp=F34E
irq#3513 pc=0038 sp=F34E
irq#3514 pc=0038 sp=F34E
irq#3515 pc=0038 sp=F34E
irq#3516 pc=0038 sp=F34E
irq#3517 pc=0038 sp=F34E
irq#3518 pc=0038 sp=F34E
irq#3519 pc=0038 sp=F34E
irq#3520 pc=0038 sp=F34E
irq#3521 pc=0038 sp=F34E
irq#3522 pc=0038 sp=F34E
irq#3523 pc=0038 sp=F34E
irq#3524 pc=0038 sp=F34E
irq#3525 pc=0038 sp=F34E
irq#3526 pc=0038 sp=F34E
irq#3527 pc=0038 sp=F34E
irq#3528 pc=0038 sp=F34E
irq#3529 pc=0038 sp=F34E
irq#3530 pc=0038 sp=F34E
irq#3531 pc=0038 sp=F34E
irq#3532 pc=0038 sp=F34E
irq#3533 pc=0038 sp=F34E
irq#3534 pc=0038 sp=F34E
irq#3535 pc=0038 sp=F34E
irq#3536 pc=0038 sp=F34E
irq#3537 pc=0038 sp=F34E
irq#3538 pc=0038 sp=F34E
irq#3539 pc=0038 sp=F34E
irq#3540 pc=0038 sp=F34E
irq#3541 pc=0038 sp=F34E
irq#3542 pc=0038 sp=F34E
irq#3543 pc=0038 sp=F34E
irq#3544 pc=0038 sp=F34E
irq#3545 pc=0038 sp=F34E
irq#3546 pc=0038 sp=F34E
irq#3547 pc=0038 sp=F34E
irq#3548 pc=0038 sp=F34E
irq#3549 pc=0038 sp=F34E
irq#3550 pc=0038 sp=F34E
irq#3551 pc=0038 sp=F34E
irq#3552 pc=0038 sp=F34E
irq#3553 pc=0038 sp=F34E
irq#3554 pc=0038 sp=F34E
irq#3555 pc=0038 sp=F338
irq#3556 pc=0038 sp=F34E
irq#3557 pc=0038 sp=F34E
irq#3558 pc=0038 sp=F34E
irq#3559 pc=0038 sp=F34E
irq#3560 pc=0038 sp=F34E
irq#3561 pc=0038 sp=F34E
irq#3562 pc=0038 sp=F34E
irq#3563 pc=0038 sp=F34E
irq#3564 pc=0038 sp=F34E
irq#3565 pc=0038 sp=F34E
irq#3566 pc=0038 sp=F34E
irq#3567 pc=0038 sp=F34E
irq#3568 pc=0038 sp=F34E
irq#3569 pc=0038 sp=F34E
irq#3570 pc=0038 sp=F34E
irq#3571 pc=0038 sp=F34E
irq#3572 pc=0038 sp=F34E
irq#3573 pc=0038 sp=F34E
irq#3574 pc=0038 sp=F34E
irq#3575 pc=0038 sp=F34E
irq#3576 pc=0038 sp=F34E
irq#3577 pc=0038 sp=F34E
irq#3578 pc=0038 sp=F34E
irq#3579 pc=0038 sp=F34E
irq#3580 pc=0038 sp=F34E
irq#3581 pc=0038 sp=F34E
irq#3582 pc=0038 sp=F34E
irq#3583 pc=0038 sp=F34E
irq#3584 pc=0038 sp=F34E
irq#3585 pc=0038 sp=F34E
irq#3586 pc=0038 sp=F34E
irq#3587 pc=0038 sp=F34E
irq#3588 pc=0038 sp=F34E
irq#3589 pc=0038 sp=F34E
irq#3590 pc=0038 sp=F34E
irq#3591 pc=0038 sp=F34E
irq#3592 pc=0038 sp=F34E
irq#3593 pc=0038 sp=F34E
irq#3594 pc=0038 sp=F34E
irq#3595 pc=0038 sp=F34E
irq#3596 pc=0038 sp=F34E
irq#3597 pc=0038 sp=F34E
irq#3598 pc=0038 sp=F34E
irq#3599 pc=0038 sp=F34E
irq#3600 pc=0038 sp=F34E
irq#3601 pc=0038 sp=F34E
irq#3602 pc=0038 sp=F34E
irq#3603 pc=0038 sp=F34E
irq#3604 pc=0038 sp=F34E
irq#3605 pc=0038 sp=F34E
irq#3606 pc=0038 sp=F34E
irq#3607 pc=0038 sp=F34E
irq#3608 pc=0038 sp=F34E
irq#3609 pc=0038 sp=F34E
irq#3610 pc=0038 sp=F34E
irq#3611 pc=0038 sp=F34E
irq#3612 pc=0038 sp=F34E
irq#3613 pc=0038 sp=F34E
irq#3614 pc=0038 sp=F34E
irq#3615 pc=0038 sp=F34E
irq#3616 pc=0038 sp=F34E
irq#3617 pc=0038 sp=F34E
irq#3618 pc=0038 sp=F34E
irq#3619 pc=0038 sp=F34E
irq#3620 pc=0038 sp=F34E
irq#3621 pc=0038 sp=F34E
irq#3622 pc=0038 sp=F34E
irq#3623 pc=0038 sp=F34E
irq#3624 pc=0038 sp=F34E
irq#3625 pc=0038 sp=F34E
irq#3626 pc=0038 sp=F34E
irq#3627 pc=0038 sp=F34E
irq#3628 pc=0038 sp=F34E
irq#3629 pc=0038 sp=F34E
irq#3630 pc=0038 sp=F34E
irq#3631 pc=0038 sp=F34E
irq#3632 pc=0038 sp=F34E
irq#3633 pc=0038 sp=F34E
irq#3634 pc=0038 sp=F34E
irq#3635 pc=0038 sp=F34E
irq#3636 pc=0038 sp=F34E
irq#3637 pc=0038 sp=F34E
irq#3638 pc=0038 sp=F34E
irq#3639 pc=0038 sp=F34E
irq#3640 pc=0038 sp=F34E
irq#3641 pc=0038 sp=F34E
irq#3642 pc=0038 sp=F34E
irq#3643 pc=0038 sp=F34E
irq#3644 pc=0038 sp=F34E
irq#3645 pc=0038 sp=F34E
irq#3646 pc=0038 sp=F34E
irq#3647 pc=0038 sp=F34E
irq#3648 pc=0038 sp=F34E
irq#3649 pc=0038 sp=F34E
irq#3650 pc=0038 sp=F34E
irq#3651 pc=0038 sp=F34E
irq#3652 pc=0038 sp=F34E
irq#3653 pc=0038 sp=F34E
irq#3654 pc=0038 sp=F34E
irq#3655 pc=0038 sp=F34E
irq#3656 pc=0038 sp=F34E
irq#3657 pc=0038 sp=F34E
irq#3658 pc=0038 sp=F34E
irq#3659 pc=0038 sp=F34E
irq#3660 pc=0038 sp=F34E
irq#3661 pc=0038 sp=F34E
irq#3662 pc=0038 sp=F34E
irq#3663 pc=0038 sp=F34E
irq#3664 pc=0038 sp=F34E
irq#3665 pc=0038 sp=F34E
irq#3666 pc=0038 sp=F34E
irq#3667 pc=0038 sp=F34E
irq#3668 pc=0038 sp=F34E
irq#3669 pc=0038 sp=F34E
irq#3670 pc=0038 sp=F34E
irq#3671 pc=0038 sp=F34E
irq#3672 pc=0038 sp=F34E
irq#3673 pc=0038 sp=F34E
irq#3674 pc=0038 sp=F34E
irq#3675 pc=0038 sp=F34E
irq#3676 pc=0038 sp=F34E
irq#3677 pc=0038 sp=F34E
irq#3678 pc=0038 sp=F34E
irq#3679 pc=0038 sp=F34E
irq#3680 pc=0038 sp=F34E
irq#3681 pc=0038 sp=F34E
irq#3682 pc=0038 sp=F34E
irq#3683 pc=0038 sp=F34E
irq#3684 pc=0038 sp=F34E
irq#3685 pc=0038 sp=F34E
irq#3686 pc=0038 sp=F34E
irq#3687 pc=0038 sp=F34E
irq#3688 pc=0038 sp=F34E
irq#3689 pc=0038 sp=F34E
irq#3690 pc=0038 sp=F34E
irq#3691 pc=0038 sp=F34E
irq#3692 pc=0038 sp=F34E
irq#3693 pc=0038 sp=F34E
irq#3694 pc=0038 sp=F34E
irq#3695 pc=0038 sp=F34E
irq#3696 pc=0038 sp=F34E
irq#3697 pc=0038 sp=F34E
irq#3698 pc=0038 sp=F34E
irq#3699 pc=0038 sp=F34E
irq#3700 pc=0038 sp=F34E
irq#3701 pc=0038 sp=F34E
irq#3702 pc=0038 sp=F34E
irq#3703 pc=0038 sp=F34E
irq#3704 pc=0038 sp=F34E
irq#3705 pc=0038 sp=F34E
irq#3706 pc=0038 sp=F34E
irq#3707 pc=0038 sp=F34E
irq#3708 pc=0038 sp=F34E
irq#3709 pc=0038 sp=F34E
irq#3710 pc=0038 sp=F34E
irq#3711 pc=0038 sp=F34E
irq#3712 pc=0038 sp=F34E
irq#3713 pc=0038 sp=F34E
irq#3714 pc=0038 sp=F34E
irq#3715 pc=0038 sp=F34E
irq#3716 pc=0038 sp=F34E
irq#3717 pc=0038 sp=F34E
irq#3718 pc=0038 sp=F34E
irq#3719 pc=0038 sp=F34E
irq#3720 pc=0038 sp=F34E
irq#3721 pc=0038 sp=F34E
irq#3722 pc=0038 sp=F34E
irq#3723 pc=0038 sp=F34E
irq#3724 pc=0038 sp=F34E
irq#3725 pc=0038 sp=F34E
irq#3726 pc=0038 sp=F34E
irq#3727 pc=0038 sp=F34E
irq#3728 pc=0038 sp=F34E
irq#3729 pc=0038 sp=F34E
irq#3730 pc=0038 sp=F34E
irq#3731 pc=0038 sp=F34E
irq#3732 pc=0038 sp=F34E
irq#3733 pc=0038 sp=F34E
irq#3734 pc=0038 sp=F34E
irq#3735 pc=0038 sp=F34E
irq#3736 pc=0038 sp=F34E
irq#3737 pc=0038 sp=F34E
irq#3738 pc=0038 sp=F34E
irq#3739 pc=0038 sp=F338
irq#3740 pc=0038 sp=F34E
irq#3741 pc=0038 sp=F34E
irq#3742 pc=0038 sp=F34E
irq#3743 pc=0038 sp=F34E
irq#3744 pc=0038 sp=F34E
irq#3745 pc=0038 sp=F34E
irq#3746 pc=0038 sp=F34E
irq#3747 pc=0038 sp=F34E
irq#3748 pc=0038 sp=F34E
irq#3749 pc=0038 sp=F34E
irq#3750 pc=0038 sp=F34E
irq#3751 pc=0038 sp=F34E
irq#3752 pc=0038 sp=F34E
irq#3753 pc=0038 sp=F34E
irq#3754 pc=0038 sp=F34E
irq#3755 pc=0038 sp=F34E
irq#3756 pc=0038 sp=F34E
irq#3757 pc=0038 sp=F34E
irq#3758 pc=0038 sp=F34E
irq#3759 pc=0038 sp=F34E
irq#3760 pc=0038 sp=F34E
irq#3761 pc=0038 sp=F34E
irq#3762 pc=0038 sp=F34E
irq#3763 pc=0038 sp=F34E
irq#3764 pc=0038 sp=F34E
irq#3765 pc=0038 sp=F34E
irq#3766 pc=0038 sp=F34E
irq#3767 pc=0038 sp=F34E
irq#3768 pc=0038 sp=F34E
irq#3769 pc=0038 sp=F34E
irq#3770 pc=0038 sp=F34E
irq#3771 pc=0038 sp=F34E
irq#3772 pc=0038 sp=F34E
irq#3773 pc=0038 sp=F34E
irq#3774 pc=0038 sp=F34E
irq#3775 pc=0038 sp=F34E
irq#3776 pc=0038 sp=F34E
irq#3777 pc=0038 sp=F34E
irq#3778 pc=0038 sp=F34E
irq#3779 pc=0038 sp=F34E
irq#3780 pc=0038 sp=F34E
irq#3781 pc=0038 sp=F34E
irq#3782 pc=0038 sp=F34E
irq#3783 pc=0038 sp=F34E
irq#3784 pc=0038 sp=F34E
irq#3785 pc=0038 sp=F34E
irq#3786 pc=0038 sp=F34E
irq#3787 pc=0038 sp=F34E
irq#3788 pc=0038 sp=F34E
irq#3789 pc=0038 sp=F34E
irq#3790 pc=0038 sp=F34E
irq#3791 pc=0038 sp=F34E
irq#3792 pc=0038 sp=F34E
irq#3793 pc=0038 sp=F34E
irq#3794 pc=0038 sp=F34E
irq#3795 pc=0038 sp=F34E
irq#3796 pc=0038 sp=F34E
irq#3797 pc=0038 sp=F34E
irq#3798 pc=0038 sp=F34E
irq#3799 pc=0038 sp=F34E
irq#3800 pc=0038 sp=F34E
irq#3801 pc=0038 sp=F34E
irq#3802 pc=0038 sp=F34E
irq#3803 pc=0038 sp=F34E
irq#3804 pc=0038 sp=F34E
irq#3805 pc=0038 sp=F34E
irq#3806 pc=0038 sp=F34E
irq#3807 pc=0038 sp=F34E
irq#3808 pc=0038 sp=F34E
irq#3809 pc=0038 sp=F34E
irq#3810 pc=0038 sp=F34E
irq#3811 pc=0038 sp=F34E
irq#3812 pc=0038 sp=F34E
irq#3813 pc=0038 sp=F34E
irq#3814 pc=0038 sp=F34E
irq#3815 pc=0038 sp=F34E
irq#3816 pc=0038 sp=F34E
irq#3817 pc=0038 sp=F34E
irq#3818 pc=0038 sp=F34E
irq#3819 pc=0038 sp=F34E
irq#3820 pc=0038 sp=F34E
irq#3821 pc=0038 sp=F34E
irq#3822 pc=0038 sp=F34E
irq#3823 pc=0038 sp=F34E
irq#3824 pc=0038 sp=F34E
irq#3825 pc=0038 sp=F34E
irq#3826 pc=0038 sp=F34E
irq#3827 pc=0038 sp=F34E
irq#3828 pc=0038 sp=F34E
irq#3829 pc=0038 sp=F34E
irq#3830 pc=0038 sp=F34E
irq#3831 pc=0038 sp=F34E
irq#3832 pc=0038 sp=F34E
irq#3833 pc=0038 sp=F34E
irq#3834 pc=0038 sp=F34E
irq#3835 pc=0038 sp=F34E
irq#3836 pc=0038 sp=F34E
irq#3837 pc=0038 sp=F34E
irq#3838 pc=0038 sp=F34E
irq#3839 pc=0038 sp=F34E
irq#3840 pc=0038 sp=F34E
irq#3841 pc=0038 sp=F34E
irq#3842 pc=0038 sp=F34E
irq#3843 pc=0038 sp=F34E
irq#3844 pc=0038 sp=F34E
irq#3845 pc=0038 sp=F34E
irq#3846 pc=0038 sp=F34E
irq#3847 pc=0038 sp=F34E
irq#3848 pc=0038 sp=F34E
irq#3849 pc=0038 sp=F34E
irq#3850 pc=0038 sp=F34E
irq#3851 pc=0038 sp=F34E
irq#3852 pc=0038 sp=F34E
irq#3853 pc=0038 sp=F34E
irq#3854 pc=0038 sp=F34E
irq#3855 pc=0038 sp=F34E
irq#3856 pc=0038 sp=F34E
irq#3857 pc=0038 sp=F34E
irq#3858 pc=0038 sp=F34E
irq#3859 pc=0038 sp=F34E
irq#3860 pc=0038 sp=F34E
irq#3861 pc=0038 sp=F34E
irq#3862 pc=0038 sp=F34E
irq#3863 pc=0038 sp=F34E
irq#3864 pc=0038 sp=F34E
irq#3865 pc=0038 sp=F34E
irq#3866 pc=0038 sp=F34E
irq#3867 pc=0038 sp=F34E
irq#3868 pc=0038 sp=F34E
irq#3869 pc=0038 sp=F34E
irq#3870 pc=0038 sp=F34E
irq#3871 pc=0038 sp=F34E
irq#3872 pc=0038 sp=F34E
irq#3873 pc=0038 sp=F34E
irq#3874 pc=0038 sp=F34E
irq#3875 pc=0038 sp=F34E
irq#3876 pc=0038 sp=F34E
irq#3877 pc=0038 sp=F34E
irq#3878 pc=0038 sp=F34E
irq#3879 pc=0038 sp=F34E
irq#3880 pc=0038 sp=F34E
irq#3881 pc=0038 sp=F34E
irq#3882 pc=0038 sp=F34E
irq#3883 pc=0038 sp=F34E
irq#3884 pc=0038 sp=F34E
irq#3885 pc=0038 sp=F34E
irq#3886 pc=0038 sp=F34E
irq#3887 pc=0038 sp=F34E
irq#3888 pc=0038 sp=F34E
irq#3889 pc=0038 sp=F34E
irq#3890 pc=0038 sp=F34E
irq#3891 pc=0038 sp=F34E
irq#3892 pc=0038 sp=F34E
irq#3893 pc=0038 sp=F34E
irq#3894 pc=0038 sp=F34E
irq#3895 pc=0038 sp=F34E
irq#3896 pc=0038 sp=F34E
irq#3897 pc=0038 sp=F34E
irq#3898 pc=0038 sp=F34E
irq#3899 pc=0038 sp=F34E
irq#3900 pc=0038 sp=F34E
irq#3901 pc=0038 sp=F34E
irq#3902 pc=0038 sp=F34E
irq#3903 pc=0038 sp=F34E
irq#3904 pc=0038 sp=F34E
irq#3905 pc=0038 sp=F34E
irq#3906 pc=0038 sp=F34E
irq#3907 pc=0038 sp=F34E
irq#3908 pc=0038 sp=F34E
irq#3909 pc=0038 sp=F34E
irq#3910 pc=0038 sp=F34E
irq#3911 pc=0038 sp=F34E
irq#3912 pc=0038 sp=F34E
irq#3913 pc=0038 sp=F34E
irq#3914 pc=0038 sp=F34E
irq#3915 pc=0038 sp=F34E
irq#3916 pc=0038 sp=F34E
irq#3917 pc=0038 sp=F34E
irq#3918 pc=0038 sp=F34E
irq#3919 pc=0038 sp=F34E
irq#3920 pc=0038 sp=F34E
irq#3921 pc=0038 sp=F34E
irq#3922 pc=0038 sp=F34E
irq#3923 pc=0038 sp=F338
irq#3924 pc=0038 sp=F34E
irq#3925 pc=0038 sp=F34E
irq#3926 pc=0038 sp=F34E
irq#3927 pc=0038 sp=F34E
irq#3928 pc=0038 sp=F34E
irq#3929 pc=0038 sp=F34E
irq#3930 pc=0038 sp=F34E
irq#3931 pc=0038 sp=F34E
irq#3932 pc=0038 sp=F34E
irq#3933 pc=0038 sp=F34E
irq#3934 pc=0038 sp=F34E
irq#3935 pc=0038 sp=F34E
irq#3936 pc=0038 sp=F34E
irq#3937 pc=0038 sp=F34E
irq#3938 pc=0038 sp=F34E
irq#3939 pc=0038 sp=F34E
irq#3940 pc=0038 sp=F34E
irq#3941 pc=0038 sp=F34E
irq#3942 pc=0038 sp=F34E
irq#3943 pc=0038 sp=F34E
irq#3944 pc=0038 sp=F34E
irq#3945 pc=0038 sp=F34E
irq#3946 pc=0038 sp=F34E
irq#3947 pc=0038 sp=F34E
irq#3948 pc=0038 sp=F34E
irq#3949 pc=0038 sp=F34E
irq#3950 pc=0038 sp=F34E
irq#3951 pc=0038 sp=F34E
irq#3952 pc=0038 sp=F34E
irq#3953 pc=0038 sp=F34E
irq#3954 pc=0038 sp=F34E
irq#3955 pc=0038 sp=F34E
irq#3956 pc=0038 sp=F34E
irq#3957 pc=0038 sp=F34E
irq#3958 pc=0038 sp=F34E
irq#3959 pc=0038 sp=F34E
irq#3960 pc=0038 sp=F34E
irq#3961 pc=0038 sp=F34E
irq#3962 pc=0038 sp=F34E
irq#3963 pc=0038 sp=F34E
irq#3964 pc=0038 sp=F34E
irq#3965 pc=0038 sp=F34E
irq#3966 pc=0038 sp=F34E
irq#3967 pc=0038 sp=F34E
irq#3968 pc=0038 sp=F34E
irq#3969 pc=0038 sp=F34E
irq#3970 pc=0038 sp=F34E
irq#3971 pc=0038 sp=F34E
irq#3972 pc=0038 sp=F34E
irq#3973 pc=0038 sp=F34E
irq#3974 pc=0038 sp=F34E
irq#3975 pc=0038 sp=F34E
irq#3976 pc=0038 sp=F34E
irq#3977 pc=0038 sp=F34E
irq#3978 pc=0038 sp=F34E
irq#3979 pc=0038 sp=F34E
irq#3980 pc=0038 sp=F34E
irq#3981 pc=0038 sp=F34E
irq#3982 pc=0038 sp=F34E
irq#3983 pc=0038 sp=F34E
irq#3984 pc=0038 sp=F34E
irq#3985 pc=0038 sp=F34E
irq#3986 pc=0038 sp=F34E
irq#3987 pc=0038 sp=F34E
irq#3988 pc=0038 sp=F34E
irq#3989 pc=0038 sp=F34E
irq#3990 pc=0038 sp=F34E
irq#3991 pc=0038 sp=F34E
irq#3992 pc=0038 sp=F34E
irq#3993 pc=0038 sp=F34E
irq#3994 pc=0038 sp=F34E
irq#3995 pc=0038 sp=F34E
irq#3996 pc=0038 sp=F34E
irq#3997 pc=0038 sp=F34E
irq#3998 pc=0038 sp=F34E
irq#3999 pc=0038 sp=F34E
irq#4000 pc=0038 sp=F34E
irq#4001 pc=0038 sp=F34E
irq#4002 pc=0038 sp=F34E
irq#4003 pc=0038 sp=F34E
irq#4004 pc=0038 sp=F34E
irq#4005 pc=0038 sp=F34E
irq#4006 pc=0038 sp=F34E
irq#4007 pc=0038 sp=F34E
irq#4008 pc=0038 sp=F34E
irq#4009 pc=0038 sp=F34E
irq#4010 pc=0038 sp=F34E
irq#4011 pc=0038 sp=F34E
irq#4012 pc=0038 sp=F34E
irq#4013 pc=0038 sp=F34E
irq#4014 pc=0038 sp=F34E
irq#4015 pc=0038 sp=F34E
irq#4016 pc=0038 sp=F34E
irq#4017 pc=0038 sp=F34E
irq#4018 pc=0038 sp=F34E
irq#4019 pc=0038 sp=F34E
irq#4020 pc=0038 sp=F34E
irq#4021 pc=0038 sp=F34E
irq#4022 pc=0038 sp=F34E
irq#4023 pc=0038 sp=F34E
irq#4024 pc=0038 sp=F34E
irq#4025 pc=0038 sp=F34E
irq#4026 pc=0038 sp=F34E
irq#4027 pc=0038 sp=F34E
irq#4028 pc=0038 sp=F34E
irq#4029 pc=0038 sp=F34E
irq#4030 pc=0038 sp=F34E
irq#4031 pc=0038 sp=F34E
irq#4032 pc=0038 sp=F34E
irq#4033 pc=0038 sp=F34E
irq#4034 pc=0038 sp=F34E
irq#4035 pc=0038 sp=F34E
irq#4036 pc=0038 sp=F34E
irq#4037 pc=0038 sp=F34E
irq#4038 pc=0038 sp=F34E
irq#4039 pc=0038 sp=F34E
irq#4040 pc=0038 sp=F34E
irq#4041 pc=0038 sp=F34E
irq#4042 pc=0038 sp=F34E
irq#4043 pc=0038 sp=F34E
irq#4044 pc=0038 sp=F34E
irq#4045 pc=0038 sp=F34E
irq#4046 pc=0038 sp=F34E
irq#4047 pc=0038 sp=F34E
irq#4048 pc=0038 sp=F34E
irq#4049 pc=0038 sp=F34E
irq#4050 pc=0038 sp=F34E
irq#4051 pc=0038 sp=F34E
irq#4052 pc=0038 sp=F34E
irq#4053 pc=0038 sp=F34E
irq#4054 pc=0038 sp=F34E
irq#4055 pc=0038 sp=F34E
irq#4056 pc=0038 sp=F34E
irq#4057 pc=0038 sp=F34E
irq#4058 pc=0038 sp=F34E
irq#4059 pc=0038 sp=F34E
irq#4060 pc=0038 sp=F34E
irq#4061 pc=0038 sp=F34E
irq#4062 pc=0038 sp=F34E
irq#4063 pc=0038 sp=F34E
irq#4064 pc=0038 sp=F34E
irq#4065 pc=0038 sp=F34E
irq#4066 pc=0038 sp=F34E
irq#4067 pc=0038 sp=F34E
irq#4068 pc=0038 sp=F34E
irq#4069 pc=0038 sp=F34E
irq#4070 pc=0038 sp=F34E
irq#4071 pc=0038 sp=F34E
irq#4072 pc=0038 sp=F34E
irq#4073 pc=0038 sp=F34E
irq#4074 pc=0038 sp=F34E
irq#4075 pc=0038 sp=F34E
irq#4076 pc=0038 sp=F34E
irq#4077 pc=0038 sp=F34E
irq#4078 pc=0038 sp=F34E
irq#4079 pc=0038 sp=F34E
irq#4080 pc=0038 sp=F34E
irq#4081 pc=0038 sp=F34E
irq#4082 pc=0038 sp=F34E
irq#4083 pc=0038 sp=F34E
irq#4084 pc=0038 sp=F34E
irq#4085 pc=0038 sp=F34E
irq#4086 pc=0038 sp=F34E
irq#4087 pc=0038 sp=F34E
irq#4088 pc=0038 sp=F34E
irq#4089 pc=0038 sp=F34E
irq#4090 pc=0038 sp=F34E
irq#4091 pc=0038 sp=F34E
irq#4092 pc=0038 sp=F34E
irq#4093 pc=0038 sp=F34E
irq#4094 pc=0038 sp=F34E
irq#4095 pc=0038 sp=F34E
irq#4096 pc=0038 sp=F34E
irq#4097 pc=0038 sp=F34E
irq#4098 pc=0038 sp=F34E
irq#4099 pc=0038 sp=F34E
irq#4100 pc=0038 sp=F34E
irq#4101 pc=0038 sp=F34E
irq#4102 pc=0038 sp=F34E
irq#4103 pc=0038 sp=F34E
irq#4104 pc=0038 sp=F34E
irq#4105 pc=0038 sp=F34E
irq#4106 pc=0038 sp=F34E
irq#4107 pc=0038 sp=F33A
irq#4108 pc=0038 sp=F34E
irq#4109 pc=0038 sp=F34E
irq#4110 pc=0038 sp=F34E
irq#4111 pc=0038 sp=F34E
irq#4112 pc=0038 sp=F34E
irq#4113 pc=0038 sp=F34E
irq#4114 pc=0038 sp=F34E
irq#4115 pc=0038 sp=F34E
irq#4116 pc=0038 sp=F34E
irq#4117 pc=0038 sp=F34E
irq#4118 pc=0038 sp=F34E
irq#4119 pc=0038 sp=F34E
irq#4120 pc=0038 sp=F34E
irq#4121 pc=0038 sp=F34E
irq#4122 pc=0038 sp=F34E
irq#4123 pc=0038 sp=F34E
irq#4124 pc=0038 sp=F34E
irq#4125 pc=0038 sp=F34E
irq#4126 pc=0038 sp=F34E
irq#4127 pc=0038 sp=F34E
irq#4128 pc=0038 sp=F34E
irq#4129 pc=0038 sp=F34E
irq#4130 pc=0038 sp=F34E
irq#4131 pc=0038 sp=F34E
irq#4132 pc=0038 sp=F34E
irq#4133 pc=0038 sp=F34E
irq#4134 pc=0038 sp=F34E
irq#4135 pc=0038 sp=F34E
irq#4136 pc=0038 sp=F34E
irq#4137 pc=0038 sp=F34E
irq#4138 pc=0038 sp=F34E
irq#4139 pc=0038 sp=F34E
irq#4140 pc=0038 sp=F34E
irq#4141 pc=0038 sp=F34E
irq#4142 pc=0038 sp=F34E
irq#4143 pc=0038 sp=F34E
irq#4144 pc=0038 sp=F34E
irq#4145 pc=0038 sp=F34E
irq#4146 pc=0038 sp=F34E
irq#4147 pc=0038 sp=F34E
irq#4148 pc=0038 sp=F34E
irq#4149 pc=0038 sp=F34E
irq#4150 pc=0038 sp=F34E
irq#4151 pc=0038 sp=F34E
irq#4152 pc=0038 sp=F34E
irq#4153 pc=0038 sp=F34E
irq#4154 pc=0038 sp=F34E
irq#4155 pc=0038 sp=F34E
irq#4156 pc=0038 sp=F34E
irq#4157 pc=0038 sp=F34E
irq#4158 pc=0038 sp=F34E
irq#4159 pc=0038 sp=F34E
irq#4160 pc=0038 sp=F34E
irq#4161 pc=0038 sp=F34E
irq#4162 pc=0038 sp=F34E
irq#4163 pc=0038 sp=F34E
irq#4164 pc=0038 sp=F34E
irq#4165 pc=0038 sp=F34E
irq#4166 pc=0038 sp=F34E
irq#4167 pc=0038 sp=F34E
irq#4168 pc=0038 sp=F34E
irq#4169 pc=0038 sp=F34E
irq#4170 pc=0038 sp=F34E
irq#4171 pc=0038 sp=F34E
irq#4172 pc=0038 sp=F34E
irq#4173 pc=0038 sp=F34E
irq#4174 pc=0038 sp=F34E
irq#4175 pc=0038 sp=F34E
irq#4176 pc=0038 sp=F34E
irq#4177 pc=0038 sp=F34E
irq#4178 pc=0038 sp=F34E
irq#4179 pc=0038 sp=F34E
irq#4180 pc=0038 sp=F34E
irq#4181 pc=0038 sp=F34E
irq#4182 pc=0038 sp=F34E
irq#4183 pc=0038 sp=F34E
irq#4184 pc=0038 sp=F34E
irq#4185 pc=0038 sp=F34E
irq#4186 pc=0038 sp=F34E
irq#4187 pc=0038 sp=F34E
irq#4188 pc=0038 sp=F34E
irq#4189 pc=0038 sp=F34E
irq#4190 pc=0038 sp=F34E
irq#4191 pc=0038 sp=F34E
irq#4192 pc=0038 sp=F34E
irq#4193 pc=0038 sp=F34E
irq#4194 pc=0038 sp=F34E
irq#4195 pc=0038 sp=F34E
irq#4196 pc=0038 sp=F34E
irq#4197 pc=0038 sp=F34E
irq#4198 pc=0038 sp=F34E
irq#4199 pc=0038 sp=F34E
irq#4200 pc=0038 sp=F34E
irq#4201 pc=0038 sp=F34E
irq#4202 pc=0038 sp=F34E
irq#4203 pc=0038 sp=F34E
irq#4204 pc=0038 sp=F34E
irq#4205 pc=0038 sp=F34E
irq#4206 pc=0038 sp=F34E
irq#4207 pc=0038 sp=F34E
irq#4208 pc=0038 sp=F34E
irq#4209 pc=0038 sp=F34E
irq#4210 pc=0038 sp=F34E
irq#4211 pc=0038 sp=F34E
irq#4212 pc=0038 sp=F34E
irq#4213 pc=0038 sp=F34E
irq#4214 pc=0038 sp=F34E
irq#4215 pc=0038 sp=F34E
irq#4216 pc=0038 sp=F34E
irq#4217 pc=0038 sp=F34E
irq#4218 pc=0038 sp=F34E
irq#4219 pc=0038 sp=F34E
irq#4220 pc=0038 sp=F34E
irq#4221 pc=0038 sp=F34E
irq#4222 pc=0038 sp=F34E
irq#4223 pc=0038 sp=F34E
irq#4224 pc=0038 sp=F34E
irq#4225 pc=0038 sp=F34E
irq#4226 pc=0038 sp=F34E
irq#4227 pc=0038 sp=F34E
irq#4228 pc=0038 sp=F34E
irq#4229 pc=0038 sp=F34E
irq#4230 pc=0038 sp=F34E
irq#4231 pc=0038 sp=F34E
irq#4232 pc=0038 sp=F34E
irq#4233 pc=0038 sp=F34E
irq#4234 pc=0038 sp=F34E
irq#4235 pc=0038 sp=F34E
irq#4236 pc=0038 sp=F34E
irq#4237 pc=0038 sp=F34E
irq#4238 pc=0038 sp=F34E
irq#4239 pc=0038 sp=F34E
irq#4240 pc=0038 sp=F34E
irq#4241 pc=0038 sp=F34E
irq#4242 pc=0038 sp=F34E
irq#4243 pc=0038 sp=F34E
irq#4244 pc=0038 sp=F34E
irq#4245 pc=0038 sp=F34E
irq#4246 pc=0038 sp=F34E
irq#4247 pc=0038 sp=F34E
irq#4248 pc=0038 sp=F34E
irq#4249 pc=0038 sp=F34E
irq#4250 pc=0038 sp=F34E
irq#4251 pc=0038 sp=F34E
irq#4252 pc=0038 sp=F34E
irq#4253 pc=0038 sp=F34E
irq#4254 pc=0038 sp=F34E
irq#4255 pc=0038 sp=F34E
irq#4256 pc=0038 sp=F34E
irq#4257 pc=0038 sp=F34E
irq#4258 pc=0038 sp=F34E
irq#4259 pc=0038 sp=F34E
irq#4260 pc=0038 sp=F34E
irq#4261 pc=0038 sp=F34E
irq#4262 pc=0038 sp=F34E
irq#4263 pc=0038 sp=F34E
irq#4264 pc=0038 sp=F34E
irq#4265 pc=0038 sp=F34E
irq#4266 pc=0038 sp=F34E
irq#4267 pc=0038 sp=F34E
irq#4268 pc=0038 sp=F34E
irq#4269 pc=0038 sp=F34E
irq#4270 pc=0038 sp=F34E
irq#4271 pc=0038 sp=F34E
irq#4272 pc=0038 sp=F34E
irq#4273 pc=0038 sp=F34E
irq#4274 pc=0038 sp=F34E
irq#4275 pc=0038 sp=F34E
irq#4276 pc=0038 sp=F34E
irq#4277 pc=0038 sp=F34E
irq#4278 pc=0038 sp=F34E
irq#4279 pc=0038 sp=F34E
irq#4280 pc=0038 sp=F34E
irq#4281 pc=0038 sp=F34E
irq#4282 pc=0038 sp=F34E
irq#4283 pc=0038 sp=F34E
irq#4284 pc=0038 sp=F34E
irq#4285 pc=0038 sp=F34E
irq#4286 pc=0038 sp=F34E
irq#4287 pc=0038 sp=F34E
irq#4288 pc=0038 sp=F34E
irq#4289 pc=0038 sp=F34E
irq#4290 pc=0038 sp=F34E
irq#4291 pc=0038 sp=F33E
irq#4292 pc=0038 sp=F34E
irq#4293 pc=0038 sp=F34E
irq#4294 pc=0038 sp=F34E
irq#4295 pc=0038 sp=F34E
irq#4296 pc=0038 sp=F34E
irq#4297 pc=0038 sp=F34E
irq#4298 pc=0038 sp=F34E
irq#4299 pc=0038 sp=F34E
irq#4300 pc=0038 sp=F34E
irq#4301 pc=0038 sp=F34E
irq#4302 pc=0038 sp=F34E
irq#4303 pc=0038 sp=F34E
irq#4304 pc=0038 sp=F34E
irq#4305 pc=0038 sp=F34E
irq#4306 pc=0038 sp=F34E
irq#4307 pc=0038 sp=F34E
irq#4308 pc=0038 sp=F34E
irq#4309 pc=0038 sp=F34E
irq#4310 pc=0038 sp=F34E
irq#4311 pc=0038 sp=F34E
irq#4312 pc=0038 sp=F34E
irq#4313 pc=0038 sp=F34E
irq#4314 pc=0038 sp=F34E
irq#4315 pc=0038 sp=F34E
irq#4316 pc=0038 sp=F34E
irq#4317 pc=0038 sp=F34E
irq#4318 pc=0038 sp=F34E
irq#4319 pc=0038 sp=F34E
irq#4320 pc=0038 sp=F34E
irq#4321 pc=0038 sp=F34E
irq#4322 pc=0038 sp=F34E
irq#4323 pc=0038 sp=F34E
irq#4324 pc=0038 sp=F34E
irq#4325 pc=0038 sp=F34E
irq#4326 pc=0038 sp=F34E
irq#4327 pc=0038 sp=F34E
irq#4328 pc=0038 sp=F34E
irq#4329 pc=0038 sp=F34E
irq#4330 pc=0038 sp=F34E
irq#4331 pc=0038 sp=F34E
irq#4332 pc=0038 sp=F34E
irq#4333 pc=0038 sp=F34E
irq#4334 pc=0038 sp=F34E
irq#4335 pc=0038 sp=F34E
irq#4336 pc=0038 sp=F34E
irq#4337 pc=0038 sp=F34E
irq#4338 pc=0038 sp=F34E
irq#4339 pc=0038 sp=F34E
irq#4340 pc=0038 sp=F34E
irq#4341 pc=0038 sp=F34E
irq#4342 pc=0038 sp=F34E
irq#4343 pc=0038 sp=F34E
irq#4344 pc=0038 sp=F34E
irq#4345 pc=0038 sp=F34E
irq#4346 pc=0038 sp=F34E
irq#4347 pc=0038 sp=F34E
irq#4348 pc=0038 sp=F34E
irq#4349 pc=0038 sp=F34E
irq#4350 pc=0038 sp=F34E
irq#4351 pc=0038 sp=F34E
irq#4352 pc=0038 sp=F34E
irq#4353 pc=0038 sp=F34E
irq#4354 pc=0038 sp=F34E
irq#4355 pc=0038 sp=F34E
irq#4356 pc=0038 sp=F34E
irq#4357 pc=0038 sp=F34E
irq#4358 pc=0038 sp=F34E
irq#4359 pc=0038 sp=F34E
irq#4360 pc=0038 sp=F34E
irq#4361 pc=0038 sp=F34E
irq#4362 pc=0038 sp=F34E
irq#4363 pc=0038 sp=F34E
irq#4364 pc=0038 sp=F34E
irq#4365 pc=0038 sp=F34E
irq#4366 pc=0038 sp=F34E
irq#4367 pc=0038 sp=F34E
irq#4368 pc=0038 sp=F34E
irq#4369 pc=0038 sp=F34E
irq#4370 pc=0038 sp=F34E
irq#4371 pc=0038 sp=F34E
irq#4372 pc=0038 sp=F34E
irq#4373 pc=0038 sp=F34E
irq#4374 pc=0038 sp=F34E
irq#4375 pc=0038 sp=F34E
irq#4376 pc=0038 sp=F34E
irq#4377 pc=0038 sp=F34E
irq#4378 pc=0038 sp=F34E
irq#4379 pc=0038 sp=F34E
irq#4380 pc=0038 sp=F34E
irq#4381 pc=0038 sp=F34E
irq#4382 pc=0038 sp=F34E
irq#4383 pc=0038 sp=F34E
irq#4384 pc=0038 sp=F34E
irq#4385 pc=0038 sp=F34E
irq#4386 pc=0038 sp=F34E
irq#4387 pc=0038 sp=F34E
irq#4388 pc=0038 sp=F34E
irq#4389 pc=0038 sp=F34E
irq#4390 pc=0038 sp=F34E
irq#4391 pc=0038 sp=F34E
irq#4392 pc=0038 sp=F34E
irq#4393 pc=0038 sp=F34E
irq#4394 pc=0038 sp=F34E
irq#4395 pc=0038 sp=F34E
irq#4396 pc=0038 sp=F34E
irq#4397 pc=0038 sp=F34E
irq#4398 pc=0038 sp=F34E
irq#4399 pc=0038 sp=F34E
irq#4400 pc=0038 sp=F34E
irq#4401 pc=0038 sp=F34E
irq#4402 pc=0038 sp=F34E
irq#4403 pc=0038 sp=F34E
irq#4404 pc=0038 sp=F34E
irq#4405 pc=0038 sp=F34E
irq#4406 pc=0038 sp=F34E
irq#4407 pc=0038 sp=F34E
irq#4408 pc=0038 sp=F34E
irq#4409 pc=0038 sp=F34E
irq#4410 pc=0038 sp=F34E
irq#4411 pc=0038 sp=F34E
irq#4412 pc=0038 sp=F34E
irq#4413 pc=0038 sp=F34E
irq#4414 pc=0038 sp=F34E
irq#4415 pc=0038 sp=F34E
irq#4416 pc=0038 sp=F34E
irq#4417 pc=0038 sp=F34E
irq#4418 pc=0038 sp=F34E
irq#4419 pc=0038 sp=F34E
irq#4420 pc=0038 sp=F34E
irq#4421 pc=0038 sp=F34E
irq#4422 pc=0038 sp=F34E
irq#4423 pc=0038 sp=F34E
irq#4424 pc=0038 sp=F34E
irq#4425 pc=0038 sp=F34E
irq#4426 pc=0038 sp=F34E
irq#4427 pc=0038 sp=F34E
irq#4428 pc=0038 sp=F34E
irq#4429 pc=0038 sp=F34E
irq#4430 pc=0038 sp=F34E
irq#4431 pc=0038 sp=F34E
irq#4432 pc=0038 sp=F34E
irq#4433 pc=0038 sp=F34E
irq#4434 pc=0038 sp=F34E
irq#4435 pc=0038 sp=F34E
irq#4436 pc=0038 sp=F34E
irq#4437 pc=0038 sp=F34E
irq#4438 pc=0038 sp=F34E
irq#4439 pc=0038 sp=F34E
irq#4440 pc=0038 sp=F34E
irq#4441 pc=0038 sp=F34E
irq#4442 pc=0038 sp=F34E
irq#4443 pc=0038 sp=F34E
irq#4444 pc=0038 sp=F34E
irq#4445 pc=0038 sp=F34E
irq#4446 pc=0038 sp=F34E
irq#4447 pc=0038 sp=F34E
irq#4448 pc=0038 sp=F34E
irq#4449 pc=0038 sp=F34E
irq#4450 pc=0038 sp=F34E
irq#4451 pc=0038 sp=F34E
irq#4452 pc=0038 sp=F34E
irq#4453 pc=0038 sp=F34E
irq#4454 pc=0038 sp=F34E
irq#4455 pc=0038 sp=F34E
irq#4456 pc=0038 sp=F34E
irq#4457 pc=0038 sp=F34E
irq#4458 pc=0038 sp=F34E
irq#4459 pc=0038 sp=F34E
irq#4460 pc=0038 sp=F34E
irq#4461 pc=0038 sp=F34E
irq#4462 pc=0038 sp=F34E
irq#4463 pc=0038 sp=F34E
irq#4464 pc=0038 sp=F34E
irq#4465 pc=0038 sp=F34E
irq#4466 pc=0038 sp=F34E
irq#4467 pc=0038 sp=F34E
irq#4468 pc=0038 sp=F34E
irq#4469 pc=0038 sp=F34E
irq#4470 pc=0038 sp=F34E
irq#4471 pc=0038 sp=F34E
irq#4472 pc=0038 sp=F34E
irq#4473 pc=0038 sp=F34E
irq#4474 pc=0038 sp=F34E
irq#4475 pc=0038 sp=F344
irq#4476 pc=0038 sp=F34E
irq#4477 pc=0038 sp=F34E
irq#4478 pc=0038 sp=F34E
irq#4479 pc=0038 sp=F34E
irq#4480 pc=0038 sp=F34E
irq#4481 pc=0038 sp=F34E
irq#4482 pc=0038 sp=F34E
irq#4483 pc=0038 sp=F34E
irq#4484 pc=0038 sp=F34E
irq#4485 pc=0038 sp=F34E
irq#4486 pc=0038 sp=F34E
irq#4487 pc=0038 sp=F34E
irq#4488 pc=0038 sp=F34E
irq#4489 pc=0038 sp=F34E
irq#4490 pc=0038 sp=F34E
irq#4491 pc=0038 sp=F34E
irq#4492 pc=0038 sp=F34E
irq#4493 pc=0038 sp=F34E
irq#4494 pc=0038 sp=F34E
irq#4495 pc=0038 sp=F34E
irq#4496 pc=0038 sp=F34E
irq#4497 pc=0038 sp=F34E
irq#4498 pc=0038 sp=F34E
irq#4499 pc=0038 sp=F34E
irq#4500 pc=0038 sp=F34E
irq#4501 pc=0038 sp=F34E
irq#4502 pc=0038 sp=F34E
irq#4503 pc=0038 sp=F34E
irq#4504 pc=0038 sp=F34E
irq#4505 pc=0038 sp=F34E
irq#4506 pc=0038 sp=F34E
irq#4507 pc=0038 sp=F34E
irq#4508 pc=0038 sp=F34E
irq#4509 pc=0038 sp=F34E
irq#4510 pc=0038 sp=F34E
irq#4511 pc=0038 sp=F34E
irq#4512 pc=0038 sp=F34E
irq#4513 pc=0038 sp=F34E
irq#4514 pc=0038 sp=F34E
irq#4515 pc=0038 sp=F34E
irq#4516 pc=0038 sp=F34E
irq#4517 pc=0038 sp=F34E
irq#4518 pc=0038 sp=F34E
irq#4519 pc=0038 sp=F34E
irq#4520 pc=0038 sp=F34E
irq#4521 pc=0038 sp=F34E
irq#4522 pc=0038 sp=F34E
irq#4523 pc=0038 sp=F34E
irq#4524 pc=0038 sp=F34E
irq#4525 pc=0038 sp=F34E
irq#4526 pc=0038 sp=F34E
irq#4527 pc=0038 sp=F34E
irq#4528 pc=0038 sp=F34E
irq#4529 pc=0038 sp=F34E
irq#4530 pc=0038 sp=F34E
irq#4531 pc=0038 sp=F34E
irq#4532 pc=0038 sp=F34E
irq#4533 pc=0038 sp=F34E
irq#4534 pc=0038 sp=F34E
irq#4535 pc=0038 sp=F34E
irq#4536 pc=0038 sp=F34E
irq#4537 pc=0038 sp=F34E
irq#4538 pc=0038 sp=F34E
irq#4539 pc=0038 sp=F34E
irq#4540 pc=0038 sp=F34E
irq#4541 pc=0038 sp=F34E
irq#4542 pc=0038 sp=F34E
irq#4543 pc=0038 sp=F34E
irq#4544 pc=0038 sp=F34E
irq#4545 pc=0038 sp=F34E
irq#4546 pc=0038 sp=F34E
irq#4547 pc=0038 sp=F34E
irq#4548 pc=0038 sp=F34E
irq#4549 pc=0038 sp=F34E
irq#4550 pc=0038 sp=F34E
irq#4551 pc=0038 sp=F34E
irq#4552 pc=0038 sp=F34E
irq#4553 pc=0038 sp=F34E
irq#4554 pc=0038 sp=F34E
irq#4555 pc=0038 sp=F34E
irq#4556 pc=0038 sp=F34E
irq#4557 pc=0038 sp=F34E
irq#4558 pc=0038 sp=F34E
irq#4559 pc=0038 sp=F34E
irq#4560 pc=0038 sp=F34E
irq#4561 pc=0038 sp=F34E
irq#4562 pc=0038 sp=F34E
irq#4563 pc=0038 sp=F34E
irq#4564 pc=0038 sp=F34E
irq#4565 pc=0038 sp=F34E
irq#4566 pc=0038 sp=F34E
irq#4567 pc=0038 sp=F34E
irq#4568 pc=0038 sp=F34E
irq#4569 pc=0038 sp=F34E
irq#4570 pc=0038 sp=F34E
irq#4571 pc=0038 sp=F34E
irq#4572 pc=0038 sp=F34E
irq#4573 pc=0038 sp=F34E
irq#4574 pc=0038 sp=F34E
irq#4575 pc=0038 sp=F34E
irq#4576 pc=0038 sp=F34E
irq#4577 pc=0038 sp=F34E
irq#4578 pc=0038 sp=F34E
irq#4579 pc=0038 sp=F34E
irq#4580 pc=0038 sp=F34E
irq#4581 pc=0038 sp=F34E
irq#4582 pc=0038 sp=F34E
irq#4583 pc=0038 sp=F34E
irq#4584 pc=0038 sp=F34E
irq#4585 pc=0038 sp=F34E
irq#4586 pc=0038 sp=F34E
irq#4587 pc=0038 sp=F34E
irq#4588 pc=0038 sp=F34E
irq#4589 pc=0038 sp=F34E
irq#4590 pc=0038 sp=F34E
irq#4591 pc=0038 sp=F34E
irq#4592 pc=0038 sp=F34E
irq#4593 pc=0038 sp=F34E
irq#4594 pc=0038 sp=F34E
irq#4595 pc=0038 sp=F34E
irq#4596 pc=0038 sp=F34E
irq#4597 pc=0038 sp=F34E
irq#4598 pc=0038 sp=F34E
irq#4599 pc=0038 sp=F34E
irq#4600 pc=0038 sp=F34E
irq#4601 pc=0038 sp=F34E
irq#4602 pc=0038 sp=F34E
irq#4603 pc=0038 sp=F34E
irq#4604 pc=0038 sp=F34E
irq#4605 pc=0038 sp=F34E
irq#4606 pc=0038 sp=F34E
irq#4607 pc=0038 sp=F34E
irq#4608 pc=0038 sp=F34E
irq#4609 pc=0038 sp=F34E
irq#4610 pc=0038 sp=F34E
irq#4611 pc=0038 sp=F34E
irq#4612 pc=0038 sp=F34E
irq#4613 pc=0038 sp=F34E
irq#4614 pc=0038 sp=F34E
irq#4615 pc=0038 sp=F34E
irq#4616 pc=0038 sp=F34E
irq#4617 pc=0038 sp=F34E
irq#4618 pc=0038 sp=F34E
irq#4619 pc=0038 sp=F34E
irq#4620 pc=0038 sp=F34E
irq#4621 pc=0038 sp=F34E
irq#4622 pc=0038 sp=F34E
irq#4623 pc=0038 sp=F34E
irq#4624 pc=0038 sp=F34E
irq#4625 pc=0038 sp=F34E
irq#4626 pc=0038 sp=F34E
irq#4627 pc=0038 sp=F34E
irq#4628 pc=0038 sp=F34E
irq#4629 pc=0038 sp=F34E
irq#4630 pc=0038 sp=F34E
irq#4631 pc=0038 sp=F34E
irq#4632 pc=0038 sp=F34E
irq#4633 pc=0038 sp=F34E
irq#4634 pc=0038 sp=F34E
irq#4635 pc=0038 sp=F34E
irq#4636 pc=0038 sp=F34E
irq#4637 pc=0038 sp=F34E
irq#4638 pc=0038 sp=F34E
irq#4639 pc=0038 sp=F34E
irq#4640 pc=0038 sp=F34E
irq#4641 pc=0038 sp=F34E
irq#4642 pc=0038 sp=F34E
irq#4643 pc=0038 sp=F34E
irq#4644 pc=0038 sp=F34E
irq#4645 pc=0038 sp=F34E
irq#4646 pc=0038 sp=F34E
irq#4647 pc=0038 sp=F34E
irq#4648 pc=0038 sp=F34E
irq#4649 pc=0038 sp=F34E
irq#4650 pc=0038 sp=F34E
irq#4651 pc=0038 sp=F34E
irq#4652 pc=0038 sp=F34E
irq#4653 pc=0038 sp=F34E
irq#4654 pc=0038 sp=F34E
irq#4655 pc=0038 sp=F34E
irq#4656 pc=0038 sp=F34E
irq#4657 pc=0038 sp=F34E
irq#4658 pc=0038 sp=F34E
irq#4659 pc=0038 sp=F348
irq#4660 pc=0038 sp=F34E
irq#4661 pc=0038 sp=F34E
irq#4662 pc=0038 sp=F34E
irq#4663 pc=0038 sp=F34E
irq#4664 pc=0038 sp=F34E
irq#4665 pc=0038 sp=F34E
irq#4666 pc=0038 sp=F34E
irq#4667 pc=0038 sp=F34E
irq#4668 pc=0038 sp=F34E
irq#4669 pc=0038 sp=F34E
irq#4670 pc=0038 sp=F34E
irq#4671 pc=0038 sp=F34E
irq#4672 pc=0038 sp=F34E
irq#4673 pc=0038 sp=F34E
irq#4674 pc=0038 sp=F34E
irq#4675 pc=0038 sp=F34E
irq#4676 pc=0038 sp=F34E
irq#4677 pc=0038 sp=F34E
irq#4678 pc=0038 sp=F34E
irq#4679 pc=0038 sp=F34E
irq#4680 pc=0038 sp=F34E
irq#4681 pc=0038 sp=F34E
irq#4682 pc=0038 sp=F34E
irq#4683 pc=0038 sp=F34E
irq#4684 pc=0038 sp=F34E
irq#4685 pc=0038 sp=F34E
irq#4686 pc=0038 sp=F34E
irq#4687 pc=0038 sp=F34E
irq#4688 pc=0038 sp=F34E
irq#4689 pc=0038 sp=F34E
irq#4690 pc=0038 sp=F34E
irq#4691 pc=0038 sp=F34E
irq#4692 pc=0038 sp=F34E
irq#4693 pc=0038 sp=F34E
irq#4694 pc=0038 sp=F34E
irq#4695 pc=0038 sp=F34E
irq#4696 pc=0038 sp=F34E
irq#4697 pc=0038 sp=F34E
irq#4698 pc=0038 sp=F34E
irq#4699 pc=0038 sp=F34E
irq#4700 pc=0038 sp=F34E
irq#4701 pc=0038 sp=F34E
irq#4702 pc=0038 sp=F34E
irq#4703 pc=0038 sp=F34E
irq#4704 pc=0038 sp=F34E
irq#4705 pc=0038 sp=F34E
irq#4706 pc=0038 sp=F34E
irq#4707 pc=0038 sp=F34E
irq#4708 pc=0038 sp=F34E
irq#4709 pc=0038 sp=F34E
irq#4710 pc=0038 sp=F34E
irq#4711 pc=0038 sp=F34E
irq#4712 pc=0038 sp=F34E
irq#4713 pc=0038 sp=F34E
irq#4714 pc=0038 sp=F34E
irq#4715 pc=0038 sp=F34E
irq#4716 pc=0038 sp=F34E
irq#4717 pc=0038 sp=F34E
irq#4718 pc=0038 sp=F34E
irq#4719 pc=0038 sp=F34E
irq#4720 pc=0038 sp=F34E
irq#4721 pc=0038 sp=F34E
irq#4722 pc=0038 sp=F34E
irq#4723 pc=0038 sp=F34E
irq#4724 pc=0038 sp=F34E
irq#4725 pc=0038 sp=F34E
irq#4726 pc=0038 sp=F34E
irq#4727 pc=0038 sp=F34E
irq#4728 pc=0038 sp=F34E
irq#4729 pc=0038 sp=F34E
irq#4730 pc=0038 sp=F34E
irq#4731 pc=0038 sp=F34E
irq#4732 pc=0038 sp=F34E
irq#4733 pc=0038 sp=F34E
irq#4734 pc=0038 sp=F34E
irq#4735 pc=0038 sp=F34E
irq#4736 pc=0038 sp=F34E
irq#4737 pc=0038 sp=F34E
irq#4738 pc=0038 sp=F34E
irq#4739 pc=0038 sp=F34E
irq#4740 pc=0038 sp=F34E
irq#4741 pc=0038 sp=F34E
irq#4742 pc=0038 sp=F34E
irq#4743 pc=0038 sp=F34E
irq#4744 pc=0038 sp=F34E
irq#4745 pc=0038 sp=F34E
irq#4746 pc=0038 sp=F34E
irq#4747 pc=0038 sp=F34E
irq#4748 pc=0038 sp=F34E
irq#4749 pc=0038 sp=F34E
irq#4750 pc=0038 sp=F34E
irq#4751 pc=0038 sp=F34E
irq#4752 pc=0038 sp=F34E
irq#4753 pc=0038 sp=F34E
irq#4754 pc=0038 sp=F34E
irq#4755 pc=0038 sp=F34E
irq#4756 pc=0038 sp=F34E
irq#4757 pc=0038 sp=F34E
irq#4758 pc=0038 sp=F34E
irq#4759 pc=0038 sp=F34E
irq#4760 pc=0038 sp=F34E
irq#4761 pc=0038 sp=F34E
irq#4762 pc=0038 sp=F34E
irq#4763 pc=0038 sp=F34E
irq#4764 pc=0038 sp=F34E
irq#4765 pc=0038 sp=F34E
irq#4766 pc=0038 sp=F34E
irq#4767 pc=0038 sp=F34E
irq#4768 pc=0038 sp=F34E
irq#4769 pc=0038 sp=F34E
irq#4770 pc=0038 sp=F34E
irq#4771 pc=0038 sp=F34E
irq#4772 pc=0038 sp=F34E
irq#4773 pc=0038 sp=F34E
irq#4774 pc=0038 sp=F34E
irq#4775 pc=0038 sp=F34E
irq#4776 pc=0038 sp=F34E
irq#4777 pc=0038 sp=F34E
irq#4778 pc=0038 sp=F34E
irq#4779 pc=0038 sp=F34E
irq#4780 pc=0038 sp=F34E
irq#4781 pc=0038 sp=F34E
irq#4782 pc=0038 sp=F34E
irq#4783 pc=0038 sp=F34E
irq#4784 pc=0038 sp=F34E
irq#4785 pc=0038 sp=F34E
irq#4786 pc=0038 sp=F34E
irq#4787 pc=0038 sp=F34E
irq#4788 pc=0038 sp=F34E
irq#4789 pc=0038 sp=F34E
irq#4790 pc=0038 sp=F34E
irq#4791 pc=0038 sp=F34E
irq#4792 pc=0038 sp=F34E
irq#4793 pc=0038 sp=F34E
irq#4794 pc=0038 sp=F34E
irq#4795 pc=0038 sp=F34E
irq#4796 pc=0038 sp=F34E
irq#4797 pc=0038 sp=F34E
irq#4798 pc=0038 sp=F34E
irq#4799 pc=0038 sp=F34E
irq#4800 pc=0038 sp=F34E
irq#4801 pc=0038 sp=F34E
irq#4802 pc=0038 sp=F34E
irq#4803 pc=0038 sp=F34E
irq#4804 pc=0038 sp=F34E
irq#4805 pc=0038 sp=F34E
irq#4806 pc=0038 sp=F34E
irq#4807 pc=0038 sp=F34E
irq#4808 pc=0038 sp=F34E
irq#4809 pc=0038 sp=F34E
irq#4810 pc=0038 sp=F34E
irq#4811 pc=0038 sp=F34E
irq#4812 pc=0038 sp=F34E
irq#4813 pc=0038 sp=F34E
irq#4814 pc=0038 sp=F34E
irq#4815 pc=0038 sp=F34E
irq#4816 pc=0038 sp=F34E
irq#4817 pc=0038 sp=F34E
irq#4818 pc=0038 sp=F34E
irq#4819 pc=0038 sp=F34E
irq#4820 pc=0038 sp=F34E
irq#4821 pc=0038 sp=F34E
irq#4822 pc=0038 sp=F34E
irq#4823 pc=0038 sp=F34E
irq#4824 pc=0038 sp=F34E
irq#4825 pc=0038 sp=F34E
irq#4826 pc=0038 sp=F34E
irq#4827 pc=0038 sp=F34E
irq#4828 pc=0038 sp=F34E
irq#4829 pc=0038 sp=F34E
irq#4830 pc=0038 sp=F34E
irq#4831 pc=0038 sp=F34E
irq#4832 pc=0038 sp=F34E
irq#4833 pc=0038 sp=F34E
irq#4834 pc=0038 sp=F34E
irq#4835 pc=0038 sp=F34E
irq#4836 pc=0038 sp=F34E
irq#4837 pc=0038 sp=F34E
irq#4838 pc=0038 sp=F34E
irq#4839 pc=0038 sp=F34E
irq#4840 pc=0038 sp=F34E
irq#4841 pc=0038 sp=F34E
irq#4842 pc=0038 sp=F34E
irq#4843 pc=0038 sp=F34E
irq#4844 pc=0038 sp=F34E
irq#4845 pc=0038 sp=F34E
irq#4846 pc=0038 sp=F34E
irq#4847 pc=0038 sp=F34E
irq#4848 pc=0038 sp=F34E
irq#4849 pc=0038 sp=F34E
irq#4850 pc=0038 sp=F34E
irq#4851 pc=0038 sp=F34E
irq#4852 pc=0038 sp=F34E
irq#4853 pc=0038 sp=F34E
irq#4854 pc=0038 sp=F34E
irq#4855 pc=0038 sp=F34E
irq#4856 pc=0038 sp=F34E
irq#4857 pc=0038 sp=F34E
irq#4858 pc=0038 sp=F34E
irq#4859 pc=0038 sp=F34E
irq#4860 pc=0038 sp=F34E
irq#4861 pc=0038 sp=F34E
irq#4862 pc=0038 sp=F34E
irq#4863 pc=0038 sp=F34E
irq#4864 pc=0038 sp=F34E
irq#4865 pc=0038 sp=F34E
irq#4866 pc=0038 sp=F34E
irq#4867 pc=0038 sp=F34E
irq#4868 pc=0038 sp=F34E
irq#4869 pc=0038 sp=F34E
irq#4870 pc=0038 sp=F34E
irq#4871 pc=0038 sp=F34E
irq#4872 pc=0038 sp=F34E
irq#4873 pc=0038 sp=F34E
irq#4874 pc=0038 sp=F34E
irq#4875 pc=0038 sp=F34E
irq#4876 pc=0038 sp=F34E
irq#4877 pc=0038 sp=F34E
irq#4878 pc=0038 sp=F34E
irq#4879 pc=0038 sp=F34E
irq#4880 pc=0038 sp=F34E
irq#4881 pc=0038 sp=F34E
irq#4882 pc=0038 sp=F34E
irq#4883 pc=0038 sp=F34E
irq#4884 pc=0038 sp=F34E
irq#4885 pc=0038 sp=F34E
irq#4886 pc=0038 sp=F34E
irq#4887 pc=0038 sp=F34E
irq#4888 pc=0038 sp=F34E
irq#4889 pc=0038 sp=F34E
irq#4890 pc=0038 sp=F34E
irq#4891 pc=0038 sp=F34E
irq#4892 pc=0038 sp=F34E
irq#4893 pc=0038 sp=F34E
irq#4894 pc=0038 sp=F34E
irq#4895 pc=0038 sp=F34E
irq#4896 pc=0038 sp=F34E
irq#4897 pc=0038 sp=F34E
irq#4898 pc=0038 sp=F34E
irq#4899 pc=0038 sp=F34E
irq#4900 pc=0038 sp=F34E
irq#4901 pc=0038 sp=F34E
irq#4902 pc=0038 sp=F34E
irq#4903 pc=0038 sp=F34E
irq#4904 pc=0038 sp=F34E
irq#4905 pc=0038 sp=F34E
irq#4906 pc=0038 sp=F34E
irq#4907 pc=0038 sp=F34E
irq#4908 pc=0038 sp=F34E
irq#4909 pc=0038 sp=F34E
irq#4910 pc=0038 sp=F34E
irq#4911 pc=0038 sp=F34E
irq#4912 pc=0038 sp=F34E
irq#4913 pc=0038 sp=F34E
irq#4914 pc=0038 sp=F34E
irq#4915 pc=0038 sp=F34E
irq#4916 pc=0038 sp=F34E
irq#4917 pc=0038 sp=F34E
irq#4918 pc=0038 sp=F34E
irq#4919 pc=0038 sp=F34E
irq#4920 pc=0038 sp=F34E
irq#4921 pc=0038 sp=F34E
irq#4922 pc=0038 sp=F34E
irq#4923 pc=0038 sp=F34E
irq#4924 pc=0038 sp=F34E
irq#4925 pc=0038 sp=F34E
irq#4926 pc=0038 sp=F34E
irq#4927 pc=0038 sp=F34E
irq#4928 pc=0038 sp=F34E
irq#4929 pc=0038 sp=F34E
irq#4930 pc=0038 sp=F34E
irq#4931 pc=0038 sp=F34E
irq#4932 pc=0038 sp=F34E
irq#4933 pc=0038 sp=F34E
irq#4934 pc=0038 sp=F34E
irq#4935 pc=0038 sp=F34E
irq#4936 pc=0038 sp=F34E
irq#4937 pc=0038 sp=F34E
irq#4938 pc=0038 sp=F34E
irq#4939 pc=0038 sp=F34E
irq#4940 pc=0038 sp=F34E
irq#4941 pc=0038 sp=F34E
irq#4942 pc=0038 sp=F34E
irq#4943 pc=0038 sp=F34E
irq#4944 pc=0038 sp=F34E
irq#4945 pc=0038 sp=F34E
irq#4946 pc=0038 sp=F34E
irq#4947 pc=0038 sp=F34E
irq#4948 pc=0038 sp=F34E
irq#4949 pc=0038 sp=F34E
irq#4950 pc=0038 sp=F34E
irq#4951 pc=0038 sp=F34E
irq#4952 pc=0038 sp=F34E
irq#4953 pc=0038 sp=F34E
irq#4954 pc=0038 sp=F34E
irq#4955 pc=0038 sp=F34E
irq#4956 pc=0038 sp=F34E
irq#4957 pc=0038 sp=F34E
irq#4958 pc=0038 sp=F34E
irq#4959 pc=0038 sp=F34E
irq#4960 pc=0038 sp=F34E
irq#4961 pc=0038 sp=F34E
irq#4962 pc=0038 sp=F34E
irq#4963 pc=0038 sp=F34E
irq#4964 pc=0038 sp=F34E
irq#4965 pc=0038 sp=F34E
irq#4966 pc=0038 sp=F34E
irq#4967 pc=0038 sp=F34E
irq#4968 pc=0038 sp=F34E
irq#4969 pc=0038 sp=F34E
irq#4970 pc=0038 sp=F34E
irq#4971 pc=0038 sp=F34E
irq#4972 pc=0038 sp=F34E
irq#4973 pc=0038 sp=F34E
irq#4974 pc=0038 sp=F34E
irq#4975 pc=0038 sp=F34E
irq#4976 pc=0038 sp=F34E
irq#4977 pc=0038 sp=F34E
irq#4978 pc=0038 sp=F34E
irq#4979 pc=0038 sp=F34E
irq#4980 pc=0038 sp=F34E
irq#4981 pc=0038 sp=F34E
irq#4982 pc=0038 sp=F34E
irq#4983 pc=0038 sp=F34E
irq#4984 pc=0038 sp=F34E
irq#4985 pc=0038 sp=F34E
irq#4986 pc=0038 sp=F34E
irq#4987 pc=0038 sp=F34E
irq#4988 pc=0038 sp=F34E
irq#4989 pc=0038 sp=F34E
irq#4990 pc=0038 sp=F34E
irq#4991 pc=0038 sp=F34E
irq#4992 pc=0038 sp=F34E
irq#4993 pc=0038 sp=F34E
irq#4994 pc=0038 sp=F34E
irq#4995 pc=0038 sp=F34E
irq#4996 pc=0038 sp=F34E
irq#4997 pc=0038 sp=F34E
irq#4998 pc=0038 sp=F34E
irq#4999 pc=0038 sp=F34E
irq#5000 pc=0038 sp=F34E
irq#5001 pc=0038 sp=F34E
irq#5002 pc=0038 sp=F34E
irq#5003 pc=0038 sp=F34E
irq#5004 pc=0038 sp=F34E
irq#5005 pc=0038 sp=F34E
irq#5006 pc=0038 sp=F34E
irq#5007 pc=0038 sp=F34E
irq#5008 pc=0038 sp=F34E
irq#5009 pc=0038 sp=F34E
irq#5010 pc=0038 sp=F34E
irq#5011 pc=0038 sp=F34E
irq#5012 pc=0038 sp=F34E
irq#5013 pc=0038 sp=F34E
irq#5014 pc=0038 sp=F34E
irq#5015 pc=0038 sp=F34E
irq#5016 pc=0038 sp=F34E
irq#5017 pc=0038 sp=F34E
irq#5018 pc=0038 sp=F34E
irq#5019 pc=0038 sp=F34E
irq#5020 pc=0038 sp=F34E
irq#5021 pc=0038 sp=F34E
irq#5022 pc=0038 sp=F34E
irq#5023 pc=0038 sp=F34E
irq#5024 pc=0038 sp=F34E
irq#5025 pc=0038 sp=F34E
irq#5026 pc=0038 sp=F34E
irq#5027 pc=0038 sp=F344
irq#5028 pc=0038 sp=F34E
irq#5029 pc=0038 sp=F34E
irq#5030 pc=0038 sp=F34E
irq#5031 pc=0038 sp=F34E
irq#5032 pc=0038 sp=F34E
irq#5033 pc=0038 sp=F34E
irq#5034 pc=0038 sp=F34E
irq#5035 pc=0038 sp=F34E
irq#5036 pc=0038 sp=F34E
irq#5037 pc=0038 sp=F34E
irq#5038 pc=0038 sp=F34E
irq#5039 pc=0038 sp=F34E
irq#5040 pc=0038 sp=F34E
irq#5041 pc=0038 sp=F34E
irq#5042 pc=0038 sp=F34E
irq#5043 pc=0038 sp=F34E
irq#5044 pc=0038 sp=F34E
irq#5045 pc=0038 sp=F34E
irq#5046 pc=0038 sp=F34E
irq#5047 pc=0038 sp=F34E
irq#5048 pc=0038 sp=F34E
irq#5049 pc=0038 sp=F34E
irq#5050 pc=0038 sp=F34E
irq#5051 pc=0038 sp=F34E
irq#5052 pc=0038 sp=F34E
irq#5053 pc=0038 sp=F34E
irq#5054 pc=0038 sp=F34E
irq#5055 pc=0038 sp=F34E
irq#5056 pc=0038 sp=F34E
irq#5057 pc=0038 sp=F34E
irq#5058 pc=0038 sp=F34E
irq#5059 pc=0038 sp=F34E
irq#5060 pc=0038 sp=F34E
irq#5061 pc=0038 sp=F34E
irq#5062 pc=0038 sp=F34E
irq#5063 pc=0038 sp=F34E
irq#5064 pc=0038 sp=F34E
irq#5065 pc=0038 sp=F34E
irq#5066 pc=0038 sp=F34E
irq#5067 pc=0038 sp=F34E
irq#5068 pc=0038 sp=F34E
irq#5069 pc=0038 sp=F34E
irq#5070 pc=0038 sp=F34E
irq#5071 pc=0038 sp=F34E
irq#5072 pc=0038 sp=F34E
irq#5073 pc=0038 sp=F34E
irq#5074 pc=0038 sp=F34E
irq#5075 pc=0038 sp=F34E
irq#5076 pc=0038 sp=F34E
irq#5077 pc=0038 sp=F34E
irq#5078 pc=0038 sp=F34E
irq#5079 pc=0038 sp=F34E
irq#5080 pc=0038 sp=F34E
irq#5081 pc=0038 sp=F34E
irq#5082 pc=0038 sp=F34E
irq#5083 pc=0038 sp=F34E
irq#5084 pc=0038 sp=F34E
irq#5085 pc=0038 sp=F34E
irq#5086 pc=0038 sp=F34E
irq#5087 pc=0038 sp=F34E
irq#5088 pc=0038 sp=F34E
irq#5089 pc=0038 sp=F34E
irq#5090 pc=0038 sp=F34E
irq#5091 pc=0038 sp=F34E
irq#5092 pc=0038 sp=F34E
irq#5093 pc=0038 sp=F34E
irq#5094 pc=0038 sp=F34E
irq#5095 pc=0038 sp=F34E
irq#5096 pc=0038 sp=F34E
irq#5097 pc=0038 sp=F34E
irq#5098 pc=0038 sp=F34E
irq#5099 pc=0038 sp=F34E
irq#5100 pc=0038 sp=F34E
irq#5101 pc=0038 sp=F34E
irq#5102 pc=0038 sp=F34E
irq#5103 pc=0038 sp=F34E
irq#5104 pc=0038 sp=F34E
irq#5105 pc=0038 sp=F34E
irq#5106 pc=0038 sp=F34E
irq#5107 pc=0038 sp=F34E
irq#5108 pc=0038 sp=F34E
irq#5109 pc=0038 sp=F34E
irq#5110 pc=0038 sp=F34E
irq#5111 pc=0038 sp=F34E
irq#5112 pc=0038 sp=F34E
irq#5113 pc=0038 sp=F34E
irq#5114 pc=0038 sp=F34E
irq#5115 pc=0038 sp=F34E
irq#5116 pc=0038 sp=F34E
irq#5117 pc=0038 sp=F34E
irq#5118 pc=0038 sp=F34E
irq#5119 pc=0038 sp=F34E
irq#5120 pc=0038 sp=F34E
irq#5121 pc=0038 sp=F34E
irq#5122 pc=0038 sp=F34E
irq#5123 pc=0038 sp=F34E
irq#5124 pc=0038 sp=F34E
irq#5125 pc=0038 sp=F34E
irq#5126 pc=0038 sp=F34E
irq#5127 pc=0038 sp=F34E
irq#5128 pc=0038 sp=F34E
irq#5129 pc=0038 sp=F34E
irq#5130 pc=0038 sp=F34E
irq#5131 pc=0038 sp=F34E
irq#5132 pc=0038 sp=F34E
irq#5133 pc=0038 sp=F34E
irq#5134 pc=0038 sp=F34E
irq#5135 pc=0038 sp=F34E
irq#5136 pc=0038 sp=F34E
irq#5137 pc=0038 sp=F34E
irq#5138 pc=0038 sp=F34E
irq#5139 pc=0038 sp=F34E
irq#5140 pc=0038 sp=F34E
irq#5141 pc=0038 sp=F34E
irq#5142 pc=0038 sp=F34E
irq#5143 pc=0038 sp=F34E
irq#5144 pc=0038 sp=F34E
irq#5145 pc=0038 sp=F34E
irq#5146 pc=0038 sp=F34E
irq#5147 pc=0038 sp=F34E
irq#5148 pc=0038 sp=F34E
irq#5149 pc=0038 sp=F34E
irq#5150 pc=0038 sp=F34E
irq#5151 pc=0038 sp=F34E
irq#5152 pc=0038 sp=F34E
irq#5153 pc=0038 sp=F34E
irq#5154 pc=0038 sp=F34E
irq#5155 pc=0038 sp=F34E
irq#5156 pc=0038 sp=F34E
irq#5157 pc=0038 sp=F34E
irq#5158 pc=0038 sp=F34E
irq#5159 pc=0038 sp=F34E
irq#5160 pc=0038 sp=F34E
irq#5161 pc=0038 sp=F34E
irq#5162 pc=0038 sp=F34E
irq#5163 pc=0038 sp=F34E
irq#5164 pc=0038 sp=F34E
irq#5165 pc=0038 sp=F34E
irq#5166 pc=0038 sp=F34E
irq#5167 pc=0038 sp=F34E
irq#5168 pc=0038 sp=F34E
irq#5169 pc=0038 sp=F34E
irq#5170 pc=0038 sp=F34E
irq#5171 pc=0038 sp=F34E
irq#5172 pc=0038 sp=F34E
irq#5173 pc=0038 sp=F34E
irq#5174 pc=0038 sp=F34E
irq#5175 pc=0038 sp=F34E
irq#5176 pc=0038 sp=F34E
irq#5177 pc=0038 sp=F34E
irq#5178 pc=0038 sp=F34E
irq#5179 pc=0038 sp=F34E
irq#5180 pc=0038 sp=F34E
irq#5181 pc=0038 sp=F34E
irq#5182 pc=0038 sp=F34E
irq#5183 pc=0038 sp=F34E
irq#5184 pc=0038 sp=F34E
irq#5185 pc=0038 sp=F34E
irq#5186 pc=0038 sp=F34E
irq#5187 pc=0038 sp=F34E
irq#5188 pc=0038 sp=F34E
irq#5189 pc=0038 sp=F34E
irq#5190 pc=0038 sp=F34E
irq#5191 pc=0038 sp=F34E
irq#5192 pc=0038 sp=F34E
irq#5193 pc=0038 sp=F34E
irq#5194 pc=0038 sp=F34E
irq#5195 pc=0038 sp=F34E
irq#5196 pc=0038 sp=F34E
irq#5197 pc=0038 sp=F34E
irq#5198 pc=0038 sp=F34E
irq#5199 pc=0038 sp=F34E
irq#5200 pc=0038 sp=F34E
irq#5201 pc=0038 sp=F34E
irq#5202 pc=0038 sp=F34E
irq#5203 pc=0038 sp=F34E
irq#5204 pc=0038 sp=F34E
irq#5205 pc=0038 sp=F34E
irq#5206 pc=0038 sp=F34E
irq#5207 pc=0038 sp=F34E
irq#5208 pc=0038 sp=F34E
irq#5209 pc=0038 sp=F34E
irq#5210 pc=0038 sp=F34E
irq#5211 pc=0038 sp=F348
irq#5212 pc=0038 sp=F34E
irq#5213 pc=0038 sp=F34E
irq#5214 pc=0038 sp=F34E
irq#5215 pc=0038 sp=F34E
irq#5216 pc=0038 sp=F34E
irq#5217 pc=0038 sp=F34E
irq#5218 pc=0038 sp=F34E
irq#5219 pc=0038 sp=F34E
irq#5220 pc=0038 sp=F34E
irq#5221 pc=0038 sp=F34E
irq#5222 pc=0038 sp=F34E
irq#5223 pc=0038 sp=F34E
irq#5224 pc=0038 sp=F34E
irq#5225 pc=0038 sp=F34E
irq#5226 pc=0038 sp=F34E
irq#5227 pc=0038 sp=F34E
irq#5228 pc=0038 sp=F34E
irq#5229 pc=0038 sp=F34E
irq#5230 pc=0038 sp=F34E
irq#5231 pc=0038 sp=F34E
irq#5232 pc=0038 sp=F34E
irq#5233 pc=0038 sp=F34E
irq#5234 pc=0038 sp=F34E
irq#5235 pc=0038 sp=F34E
irq#5236 pc=0038 sp=F34E
irq#5237 pc=0038 sp=F34E
irq#5238 pc=0038 sp=F34E
irq#5239 pc=0038 sp=F34E
irq#5240 pc=0038 sp=F34E
irq#5241 pc=0038 sp=F34E
irq#5242 pc=0038 sp=F34E
irq#5243 pc=0038 sp=F34E
irq#5244 pc=0038 sp=F34E
irq#5245 pc=0038 sp=F34E
irq#5246 pc=0038 sp=F34E
irq#5247 pc=0038 sp=F34E
irq#5248 pc=0038 sp=F34E
irq#5249 pc=0038 sp=F34E
irq#5250 pc=0038 sp=F34E
irq#5251 pc=0038 sp=F34E
irq#5252 pc=0038 sp=F34E
irq#5253 pc=0038 sp=F34E
irq#5254 pc=0038 sp=F34E
irq#5255 pc=0038 sp=F34E
irq#5256 pc=0038 sp=F34E
irq#5257 pc=0038 sp=F34E
irq#5258 pc=0038 sp=F34E
irq#5259 pc=0038 sp=F34E
irq#5260 pc=0038 sp=F34E
irq#5261 pc=0038 sp=F34E
irq#5262 pc=0038 sp=F34E
irq#5263 pc=0038 sp=F34E
irq#5264 pc=0038 sp=F34E
irq#5265 pc=0038 sp=F34E
irq#5266 pc=0038 sp=F34E
irq#5267 pc=0038 sp=F34E
irq#5268 pc=0038 sp=F34E
irq#5269 pc=0038 sp=F34E
irq#5270 pc=0038 sp=F34E
irq#5271 pc=0038 sp=F34E
irq#5272 pc=0038 sp=F34E
irq#5273 pc=0038 sp=F34E
irq#5274 pc=0038 sp=F34E
irq#5275 pc=0038 sp=F34E
irq#5276 pc=0038 sp=F34E
irq#5277 pc=0038 sp=F34E
irq#5278 pc=0038 sp=F34E
irq#5279 pc=0038 sp=F34E
irq#5280 pc=0038 sp=F34E
irq#5281 pc=0038 sp=F34E
irq#5282 pc=0038 sp=F34E
irq#5283 pc=0038 sp=F34E
irq#5284 pc=0038 sp=F34E
irq#5285 pc=0038 sp=F34E
irq#5286 pc=0038 sp=F34E
irq#5287 pc=0038 sp=F34E
irq#5288 pc=0038 sp=F34E
irq#5289 pc=0038 sp=F34E
irq#5290 pc=0038 sp=F34E
irq#5291 pc=0038 sp=F34E
irq#5292 pc=0038 sp=F34E
irq#5293 pc=0038 sp=F34E
irq#5294 pc=0038 sp=F34E
irq#5295 pc=0038 sp=F34E
irq#5296 pc=0038 sp=F34E
irq#5297 pc=0038 sp=F34E
irq#5298 pc=0038 sp=F34E
irq#5299 pc=0038 sp=F34E
irq#5300 pc=0038 sp=F34E
irq#5301 pc=0038 sp=F34E
irq#5302 pc=0038 sp=F34E
irq#5303 pc=0038 sp=F34E
irq#5304 pc=0038 sp=F34E
irq#5305 pc=0038 sp=F34E
irq#5306 pc=0038 sp=F34E
irq#5307 pc=0038 sp=F34E
irq#5308 pc=0038 sp=F34E
irq#5309 pc=0038 sp=F34E
irq#5310 pc=0038 sp=F34E
irq#5311 pc=0038 sp=F34E
irq#5312 pc=0038 sp=F34E
irq#5313 pc=0038 sp=F34E
irq#5314 pc=0038 sp=F34E
irq#5315 pc=0038 sp=F34E
irq#5316 pc=0038 sp=F34E
irq#5317 pc=0038 sp=F34E
irq#5318 pc=0038 sp=F34E
irq#5319 pc=0038 sp=F34E
irq#5320 pc=0038 sp=F34E
irq#5321 pc=0038 sp=F34E
irq#5322 pc=0038 sp=F34E
irq#5323 pc=0038 sp=F34E
irq#5324 pc=0038 sp=F34E
irq#5325 pc=0038 sp=F34E
irq#5326 pc=0038 sp=F34E
irq#5327 pc=0038 sp=F34E
irq#5328 pc=0038 sp=F34E
irq#5329 pc=0038 sp=F34E
irq#5330 pc=0038 sp=F34E
irq#5331 pc=0038 sp=F34E
irq#5332 pc=0038 sp=F34E
irq#5333 pc=0038 sp=F34E
irq#5334 pc=0038 sp=F34E
irq#5335 pc=0038 sp=F34E
irq#5336 pc=0038 sp=F34E
irq#5337 pc=0038 sp=F34E
irq#5338 pc=0038 sp=F34E
irq#5339 pc=0038 sp=F34E
irq#5340 pc=0038 sp=F34E
irq#5341 pc=0038 sp=F34E
irq#5342 pc=0038 sp=F34E
irq#5343 pc=0038 sp=F34E
irq#5344 pc=0038 sp=F34E
irq#5345 pc=0038 sp=F34E
irq#5346 pc=0038 sp=F34E
irq#5347 pc=0038 sp=F34E
irq#5348 pc=0038 sp=F34E
irq#5349 pc=0038 sp=F34E
irq#5350 pc=0038 sp=F34E
irq#5351 pc=0038 sp=F34E
irq#5352 pc=0038 sp=F34E
irq#5353 pc=0038 sp=F34E
irq#5354 pc=0038 sp=F34E
irq#5355 pc=0038 sp=F34E
irq#5356 pc=0038 sp=F34E
irq#5357 pc=0038 sp=F34E
irq#5358 pc=0038 sp=F34E
irq#5359 pc=0038 sp=F34E
irq#5360 pc=0038 sp=F34E
irq#5361 pc=0038 sp=F34E
irq#5362 pc=0038 sp=F34E
irq#5363 pc=0038 sp=F34E
irq#5364 pc=0038 sp=F34E
irq#5365 pc=0038 sp=F34E
irq#5366 pc=0038 sp=F34E
irq#5367 pc=0038 sp=F34E
irq#5368 pc=0038 sp=F34E
irq#5369 pc=0038 sp=F34E
irq#5370 pc=0038 sp=F34E
irq#5371 pc=0038 sp=F34E
irq#5372 pc=0038 sp=F34E
irq#5373 pc=0038 sp=F34E
irq#5374 pc=0038 sp=F34E
irq#5375 pc=0038 sp=F34E
irq#5376 pc=0038 sp=F34E
irq#5377 pc=0038 sp=F34E
irq#5378 pc=0038 sp=F34E
irq#5379 pc=0038 sp=F34E
irq#5380 pc=0038 sp=F34E
irq#5381 pc=0038 sp=F34E
irq#5382 pc=0038 sp=F34E
irq#5383 pc=0038 sp=F34E
irq#5384 pc=0038 sp=F34E
irq#5385 pc=0038 sp=F34E
irq#5386 pc=0038 sp=F34E
irq#5387 pc=0038 sp=F34E
irq#5388 pc=0038 sp=F34E
irq#5389 pc=0038 sp=F34E
irq#5390 pc=0038 sp=F34E
irq#5391 pc=0038 sp=F34E
irq#5392 pc=0038 sp=F34E
irq#5393 pc=0038 sp=F34E
irq#5394 pc=0038 sp=F34E
irq#5395 pc=0038 sp=F34E
irq#5396 pc=0038 sp=F34E
irq#5397 pc=0038 sp=F34E
irq#5398 pc=0038 sp=F34E
irq#5399 pc=0038 sp=F34E
irq#5400 pc=0038 sp=F34E
irq#5401 pc=0038 sp=F34E
irq#5402 pc=0038 sp=F34E
irq#5403 pc=0038 sp=F34E
irq#5404 pc=0038 sp=F34E
irq#5405 pc=0038 sp=F34E
irq#5406 pc=0038 sp=F34E
irq#5407 pc=0038 sp=F34E
irq#5408 pc=0038 sp=F34E
irq#5409 pc=0038 sp=F34E
irq#5410 pc=0038 sp=F34E
irq#5411 pc=0038 sp=F34E
irq#5412 pc=0038 sp=F34E
irq#5413 pc=0038 sp=F34E
irq#5414 pc=0038 sp=F34E
irq#5415 pc=0038 sp=F34E
irq#5416 pc=0038 sp=F34E
irq#5417 pc=0038 sp=F34E
irq#5418 pc=0038 sp=F34E
irq#5419 pc=0038 sp=F34E
irq#5420 pc=0038 sp=F34E
irq#5421 pc=0038 sp=F34E
irq#5422 pc=0038 sp=F34E
irq#5423 pc=0038 sp=F34E
irq#5424 pc=0038 sp=F34E
irq#5425 pc=0038 sp=F34E
irq#5426 pc=0038 sp=F34E
irq#5427 pc=0038 sp=F34E
irq#5428 pc=0038 sp=F34E
irq#5429 pc=0038 sp=F34E
irq#5430 pc=0038 sp=F34E
irq#5431 pc=0038 sp=F34E
irq#5432 pc=0038 sp=F34E
irq#5433 pc=0038 sp=F34E
irq#5434 pc=0038 sp=F34E
irq#5435 pc=0038 sp=F34E
irq#5436 pc=0038 sp=F34E
irq#5437 pc=0038 sp=F34E
irq#5438 pc=0038 sp=F34E
irq#5439 pc=0038 sp=F34E
irq#5440 pc=0038 sp=F34E
irq#5441 pc=0038 sp=F34E
irq#5442 pc=0038 sp=F34E
irq#5443 pc=0038 sp=F34E
irq#5444 pc=0038 sp=F34E
irq#5445 pc=0038 sp=F34E
irq#5446 pc=0038 sp=F34E
irq#5447 pc=0038 sp=F34E
irq#5448 pc=0038 sp=F34E
irq#5449 pc=0038 sp=F34E
irq#5450 pc=0038 sp=F34E
irq#5451 pc=0038 sp=F34E
irq#5452 pc=0038 sp=F34E
irq#5453 pc=0038 sp=F34E
irq#5454 pc=0038 sp=F34E
irq#5455 pc=0038 sp=F34E
irq#5456 pc=0038 sp=F34E
irq#5457 pc=0038 sp=F34E
irq#5458 pc=0038 sp=F34E
irq#5459 pc=0038 sp=F34E
irq#5460 pc=0038 sp=F34E
irq#5461 pc=0038 sp=F34E
irq#5462 pc=0038 sp=F34E
irq#5463 pc=0038 sp=F34E
irq#5464 pc=0038 sp=F34E
irq#5465 pc=0038 sp=F34E
irq#5466 pc=0038 sp=F34E
irq#5467 pc=0038 sp=F34E
irq#5468 pc=0038 sp=F34E
irq#5469 pc=0038 sp=F34E
irq#5470 pc=0038 sp=F34E
irq#5471 pc=0038 sp=F34E
irq#5472 pc=0038 sp=F34E
irq#5473 pc=0038 sp=F34E
irq#5474 pc=0038 sp=F34E
irq#5475 pc=0038 sp=F34E
irq#5476 pc=0038 sp=F34E
irq#5477 pc=0038 sp=F34E
irq#5478 pc=0038 sp=F34E
irq#5479 pc=0038 sp=F34E
irq#5480 pc=0038 sp=F34E
irq#5481 pc=0038 sp=F34E
irq#5482 pc=0038 sp=F34E
irq#5483 pc=0038 sp=F34E
irq#5484 pc=0038 sp=F34E
irq#5485 pc=0038 sp=F34E
irq#5486 pc=0038 sp=F34E
irq#5487 pc=0038 sp=F34E
irq#5488 pc=0038 sp=F34E
irq#5489 pc=0038 sp=F34E
irq#5490 pc=0038 sp=F34E
irq#5491 pc=0038 sp=F34E
irq#5492 pc=0038 sp=F34E
irq#5493 pc=0038 sp=F34E
irq#5494 pc=0038 sp=F34E
irq#5495 pc=0038 sp=F34E
irq#5496 pc=0038 sp=F34E
irq#5497 pc=0038 sp=F34E
irq#5498 pc=0038 sp=F34E
irq#5499 pc=0038 sp=F34E
irq#5500 pc=0038 sp=F34E
irq#5501 pc=0038 sp=F34E
irq#5502 pc=0038 sp=F34E
irq#5503 pc=0038 sp=F34E
irq#5504 pc=0038 sp=F34E
irq#5505 pc=0038 sp=F34E
irq#5506 pc=0038 sp=F34E
irq#5507 pc=0038 sp=F34E
irq#5508 pc=0038 sp=F34E
irq#5509 pc=0038 sp=F34E
irq#5510 pc=0038 sp=F34E
irq#5511 pc=0038 sp=F34E
irq#5512 pc=0038 sp=F34E
irq#5513 pc=0038 sp=F34E
irq#5514 pc=0038 sp=F34E
irq#5515 pc=0038 sp=F34E
irq#5516 pc=0038 sp=F34E
irq#5517 pc=0038 sp=F34E
irq#5518 pc=0038 sp=F34E
irq#5519 pc=0038 sp=F34E
irq#5520 pc=0038 sp=F34E
irq#5521 pc=0038 sp=F34E
irq#5522 pc=0038 sp=F34E
irq#5523 pc=0038 sp=F34E
irq#5524 pc=0038 sp=F34E
irq#5525 pc=0038 sp=F34E
irq#5526 pc=0038 sp=F34E
irq#5527 pc=0038 sp=F34E
irq#5528 pc=0038 sp=F34E
irq#5529 pc=0038 sp=F34E
irq#5530 pc=0038 sp=F34E
irq#5531 pc=0038 sp=F34E
irq#5532 pc=0038 sp=F34E
irq#5533 pc=0038 sp=F34E
irq#5534 pc=0038 sp=F34E
irq#5535 pc=0038 sp=F34E
irq#5536 pc=0038 sp=F34E
irq#5537 pc=0038 sp=F34E
irq#5538 pc=0038 sp=F34E
irq#5539 pc=0038 sp=F34E
irq#5540 pc=0038 sp=F34E
irq#5541 pc=0038 sp=F34E
irq#5542 pc=0038 sp=F34E
irq#5543 pc=0038 sp=F34E
irq#5544 pc=0038 sp=F34E
irq#5545 pc=0038 sp=F34E
irq#5546 pc=0038 sp=F34E
irq#5547 pc=0038 sp=F34E
irq#5548 pc=0038 sp=F34E
irq#5549 pc=0038 sp=F34E
irq#5550 pc=0038 sp=F34E
irq#5551 pc=0038 sp=F34E
irq#5552 pc=0038 sp=F34E
irq#5553 pc=0038 sp=F34E
irq#5554 pc=0038 sp=F34E
irq#5555 pc=0038 sp=F34E
irq#5556 pc=0038 sp=F34E
irq#5557 pc=0038 sp=F34E
irq#5558 pc=0038 sp=F34E
irq#5559 pc=0038 sp=F34E
irq#5560 pc=0038 sp=F34E
irq#5561 pc=0038 sp=F34E
irq#5562 pc=0038 sp=F34E
irq#5563 pc=0038 sp=F34E
irq#5564 pc=0038 sp=F34E
irq#5565 pc=0038 sp=F34E
irq#5566 pc=0038 sp=F34E
irq#5567 pc=0038 sp=F34E
irq#5568 pc=0038 sp=F34E
irq#5569 pc=0038 sp=F34E
irq#5570 pc=0038 sp=F34E
irq#5571 pc=0038 sp=F34E
irq#5572 pc=0038 sp=F34E
irq#5573 pc=0038 sp=F34E
irq#5574 pc=0038 sp=F34E
irq#5575 pc=0038 sp=F34E
irq#5576 pc=0038 sp=F34E
irq#5577 pc=0038 sp=F34E
irq#5578 pc=0038 sp=F34E
irq#5579 pc=0038 sp=F34E
irq#5580 pc=0038 sp=F34C
irq#5581 pc=0038 sp=F34E
irq#5582 pc=0038 sp=F34E
irq#5583 pc=0038 sp=F34E
irq#5584 pc=0038 sp=F34E
irq#5585 pc=0038 sp=F34E
irq#5586 pc=0038 sp=F34E
irq#5587 pc=0038 sp=F34E
irq#5588 pc=0038 sp=F34E
irq#5589 pc=0038 sp=F34E
irq#5590 pc=0038 sp=F34E
irq#5591 pc=0038 sp=F34E
irq#5592 pc=0038 sp=F34E
irq#5593 pc=0038 sp=F34E
irq#5594 pc=0038 sp=F34E
irq#5595 pc=0038 sp=F34E
irq#5596 pc=0038 sp=F34E
irq#5597 pc=0038 sp=F34E
irq#5598 pc=0038 sp=F34E
irq#5599 pc=0038 sp=F34E
irq#5600 pc=0038 sp=F34E
irq#5601 pc=0038 sp=F34E
irq#5602 pc=0038 sp=F34E
irq#5603 pc=0038 sp=F34E
irq#5604 pc=0038 sp=F34E
irq#5605 pc=0038 sp=F34E
irq#5606 pc=0038 sp=F34E
irq#5607 pc=0038 sp=F34E
irq#5608 pc=0038 sp=F34E
irq#5609 pc=0038 sp=F34E
irq#5610 pc=0038 sp=F34E
irq#5611 pc=0038 sp=F34E
irq#5612 pc=0038 sp=F34E
irq#5613 pc=0038 sp=F34E
irq#5614 pc=0038 sp=F34E
irq#5615 pc=0038 sp=F34E
irq#5616 pc=0038 sp=F34E
irq#5617 pc=0038 sp=F34E
irq#5618 pc=0038 sp=F34E
irq#5619 pc=0038 sp=F34E
irq#5620 pc=0038 sp=F34E
irq#5621 pc=0038 sp=F34E
irq#5622 pc=0038 sp=F34E
irq#5623 pc=0038 sp=F34E
irq#5624 pc=0038 sp=F34E
irq#5625 pc=0038 sp=F34E
irq#5626 pc=0038 sp=F34E
irq#5627 pc=0038 sp=F34E
irq#5628 pc=0038 sp=F34E
irq#5629 pc=0038 sp=F34E
irq#5630 pc=0038 sp=F34E
irq#5631 pc=0038 sp=F34E
irq#5632 pc=0038 sp=F34E
irq#5633 pc=0038 sp=F34E
irq#5634 pc=0038 sp=F34E
irq#5635 pc=0038 sp=F34E
irq#5636 pc=0038 sp=F34E
irq#5637 pc=0038 sp=F34E
irq#5638 pc=0038 sp=F34E
irq#5639 pc=0038 sp=F34E
irq#5640 pc=0038 sp=F34E
irq#5641 pc=0038 sp=F34E
irq#5642 pc=0038 sp=F34E
irq#5643 pc=0038 sp=F34E
irq#5644 pc=0038 sp=F34E
irq#5645 pc=0038 sp=F34E
irq#5646 pc=0038 sp=F34E
irq#5647 pc=0038 sp=F34E
irq#5648 pc=0038 sp=F34E
irq#5649 pc=0038 sp=F34E
irq#5650 pc=0038 sp=F34E
irq#5651 pc=0038 sp=F34E
irq#5652 pc=0038 sp=F34E
irq#5653 pc=0038 sp=F34E
irq#5654 pc=0038 sp=F34E
irq#5655 pc=0038 sp=F34E
irq#5656 pc=0038 sp=F34E
irq#5657 pc=0038 sp=F34E
irq#5658 pc=0038 sp=F34E
irq#5659 pc=0038 sp=F34E
irq#5660 pc=0038 sp=F34E
irq#5661 pc=0038 sp=F34E
irq#5662 pc=0038 sp=F34E
irq#5663 pc=0038 sp=F34E
irq#5664 pc=0038 sp=F34E
irq#5665 pc=0038 sp=F34E
irq#5666 pc=0038 sp=F34E
irq#5667 pc=0038 sp=F34E
irq#5668 pc=0038 sp=F34E
irq#5669 pc=0038 sp=F34E
irq#5670 pc=0038 sp=F34E
irq#5671 pc=0038 sp=F34E
irq#5672 pc=0038 sp=F34E
irq#5673 pc=0038 sp=F34E
irq#5674 pc=0038 sp=F34E
irq#5675 pc=0038 sp=F34E
irq#5676 pc=0038 sp=F34E
irq#5677 pc=0038 sp=F34E
irq#5678 pc=0038 sp=F34E
irq#5679 pc=0038 sp=F34E
irq#5680 pc=0038 sp=F34E
irq#5681 pc=0038 sp=F34E
irq#5682 pc=0038 sp=F34E
irq#5683 pc=0038 sp=F34E
irq#5684 pc=0038 sp=F34E
irq#5685 pc=0038 sp=F34E
irq#5686 pc=0038 sp=F34E
irq#5687 pc=0038 sp=F34E
irq#5688 pc=0038 sp=F34E
irq#5689 pc=0038 sp=F34E
irq#5690 pc=0038 sp=F34E
irq#5691 pc=0038 sp=F34E
irq#5692 pc=0038 sp=F34E
irq#5693 pc=0038 sp=F34E
irq#5694 pc=0038 sp=F34E
irq#5695 pc=0038 sp=F34E
irq#5696 pc=0038 sp=F34E
irq#5697 pc=0038 sp=F34E
irq#5698 pc=0038 sp=F34E
irq#5699 pc=0038 sp=F34E
irq#5700 pc=0038 sp=F34E
irq#5701 pc=0038 sp=F34E
irq#5702 pc=0038 sp=F34E
irq#5703 pc=0038 sp=F34E
irq#5704 pc=0038 sp=F34E
irq#5705 pc=0038 sp=F34E
irq#5706 pc=0038 sp=F34E
irq#5707 pc=0038 sp=F34E
irq#5708 pc=0038 sp=F34E
irq#5709 pc=0038 sp=F34E
irq#5710 pc=0038 sp=F34E
irq#5711 pc=0038 sp=F34E
irq#5712 pc=0038 sp=F34E
irq#5713 pc=0038 sp=F34E
irq#5714 pc=0038 sp=F34E
irq#5715 pc=0038 sp=F34E
irq#5716 pc=0038 sp=F34E
irq#5717 pc=0038 sp=F34E
irq#5718 pc=0038 sp=F34E
irq#5719 pc=0038 sp=F34E
irq#5720 pc=0038 sp=F34E
irq#5721 pc=0038 sp=F34E
irq#5722 pc=0038 sp=F34E
irq#5723 pc=0038 sp=F34E
irq#5724 pc=0038 sp=F34E
irq#5725 pc=0038 sp=F34E
irq#5726 pc=0038 sp=F34E
irq#5727 pc=0038 sp=F34E
irq#5728 pc=0038 sp=F34E
irq#5729 pc=0038 sp=F34E
irq#5730 pc=0038 sp=F34E
irq#5731 pc=0038 sp=F34E
irq#5732 pc=0038 sp=F34E
irq#5733 pc=0038 sp=F34E
irq#5734 pc=0038 sp=F34E
irq#5735 pc=0038 sp=F34E
irq#5736 pc=0038 sp=F34E
irq#5737 pc=0038 sp=F34E
irq#5738 pc=0038 sp=F34E
irq#5739 pc=0038 sp=F34E
irq#5740 pc=0038 sp=F34E
irq#5741 pc=0038 sp=F34E
irq#5742 pc=0038 sp=F34E
irq#5743 pc=0038 sp=F34E
irq#5744 pc=0038 sp=F34E
irq#5745 pc=0038 sp=F34E
irq#5746 pc=0038 sp=F34E
irq#5747 pc=0038 sp=F34E
irq#5748 pc=0038 sp=F34E
irq#5749 pc=0038 sp=F34E
irq#5750 pc=0038 sp=F34E
irq#5751 pc=0038 sp=F34E
irq#5752 pc=0038 sp=F34E
irq#5753 pc=0038 sp=F34E
irq#5754 pc=0038 sp=F34E
irq#5755 pc=0038 sp=F34E
irq#5756 pc=0038 sp=F34E
irq#5757 pc=0038 sp=F34E
irq#5758 pc=0038 sp=F34E
irq#5759 pc=0038 sp=F34E
irq#5760 pc=0038 sp=F34E
irq#5761 pc=0038 sp=F34E
irq#5762 pc=0038 sp=F34E
irq#5763 pc=0038 sp=F34E
irq#5764 pc=0038 sp=F346
irq#5765 pc=0038 sp=F34E
irq#5766 pc=0038 sp=F34E
irq#5767 pc=0038 sp=F34E
irq#5768 pc=0038 sp=F34E
irq#5769 pc=0038 sp=F34E
irq#5770 pc=0038 sp=F34E
irq#5771 pc=0038 sp=F34E
irq#5772 pc=0038 sp=F34E
irq#5773 pc=0038 sp=F34E
irq#5774 pc=0038 sp=F34E
irq#5775 pc=0038 sp=F34E
irq#5776 pc=0038 sp=F34E
irq#5777 pc=0038 sp=F34E
irq#5778 pc=0038 sp=F34E
irq#5779 pc=0038 sp=F34E
irq#5780 pc=0038 sp=F34E
irq#5781 pc=0038 sp=F34E
irq#5782 pc=0038 sp=F34E
irq#5783 pc=0038 sp=F34E
irq#5784 pc=0038 sp=F34E
irq#5785 pc=0038 sp=F34E
irq#5786 pc=0038 sp=F34E
irq#5787 pc=0038 sp=F34E
irq#5788 pc=0038 sp=F34E
irq#5789 pc=0038 sp=F34E
irq#5790 pc=0038 sp=F34E
irq#5791 pc=0038 sp=F34E
irq#5792 pc=0038 sp=F34E
irq#5793 pc=0038 sp=F34E
irq#5794 pc=0038 sp=F34E
irq#5795 pc=0038 sp=F34E
irq#5796 pc=0038 sp=F34E
irq#5797 pc=0038 sp=F34E
irq#5798 pc=0038 sp=F34E
irq#5799 pc=0038 sp=F34E
irq#5800 pc=0038 sp=F34E
irq#5801 pc=0038 sp=F34E
irq#5802 pc=0038 sp=F34E
irq#5803 pc=0038 sp=F34E
irq#5804 pc=0038 sp=F34E
irq#5805 pc=0038 sp=F34E
irq#5806 pc=0038 sp=F34E
irq#5807 pc=0038 sp=F34E
irq#5808 pc=0038 sp=F34E
irq#5809 pc=0038 sp=F34E
irq#5810 pc=0038 sp=F34E
irq#5811 pc=0038 sp=F34E
irq#5812 pc=0038 sp=F34E
irq#5813 pc=0038 sp=F34E
irq#5814 pc=0038 sp=F34E
irq#5815 pc=0038 sp=F34E
irq#5816 pc=0038 sp=F34E
irq#5817 pc=0038 sp=F34E
irq#5818 pc=0038 sp=F34E
irq#5819 pc=0038 sp=F34E
irq#5820 pc=0038 sp=F34E
irq#5821 pc=0038 sp=F34E
irq#5822 pc=0038 sp=F34E
irq#5823 pc=0038 sp=F34E
irq#5824 pc=0038 sp=F34E
irq#5825 pc=0038 sp=F34E
irq#5826 pc=0038 sp=F34E
irq#5827 pc=0038 sp=F34E
irq#5828 pc=0038 sp=F34E
irq#5829 pc=0038 sp=F34E
irq#5830 pc=0038 sp=F34E
irq#5831 pc=0038 sp=F34E
irq#5832 pc=0038 sp=F34E
irq#5833 pc=0038 sp=F34E
irq#5834 pc=0038 sp=F34E
irq#5835 pc=0038 sp=F34E
irq#5836 pc=0038 sp=F34E
irq#5837 pc=0038 sp=F34E
irq#5838 pc=0038 sp=F34E
irq#5839 pc=0038 sp=F34E
irq#5840 pc=0038 sp=F34E
irq#5841 pc=0038 sp=F34E
irq#5842 pc=0038 sp=F34E
irq#5843 pc=0038 sp=F34E
irq#5844 pc=0038 sp=F34E
irq#5845 pc=0038 sp=F34E
irq#5846 pc=0038 sp=F34E
irq#5847 pc=0038 sp=F34E
irq#5848 pc=0038 sp=F34E
irq#5849 pc=0038 sp=F34E
irq#5850 pc=0038 sp=F34E
irq#5851 pc=0038 sp=F34E
irq#5852 pc=0038 sp=F34E
irq#5853 pc=0038 sp=F34E
irq#5854 pc=0038 sp=F34E
irq#5855 pc=0038 sp=F34E
irq#5856 pc=0038 sp=F34E
irq#5857 pc=0038 sp=F34E
irq#5858 pc=0038 sp=F34E
irq#5859 pc=0038 sp=F34E
irq#5860 pc=0038 sp=F34E
irq#5861 pc=0038 sp=F34E
irq#5862 pc=0038 sp=F34E
irq#5863 pc=0038 sp=F34E
irq#5864 pc=0038 sp=F34E
irq#5865 pc=0038 sp=F34E
irq#5866 pc=0038 sp=F34E
irq#5867 pc=0038 sp=F34E
irq#5868 pc=0038 sp=F34E
irq#5869 pc=0038 sp=F34E
irq#5870 pc=0038 sp=F34E
irq#5871 pc=0038 sp=F34E
irq#5872 pc=0038 sp=F34E
irq#5873 pc=0038 sp=F34E
irq#5874 pc=0038 sp=F34E
irq#5875 pc=0038 sp=F34E
irq#5876 pc=0038 sp=F34E
irq#5877 pc=0038 sp=F34E
irq#5878 pc=0038 sp=F34E
irq#5879 pc=0038 sp=F34E
irq#5880 pc=0038 sp=F34E
irq#5881 pc=0038 sp=F34E
irq#5882 pc=0038 sp=F34E
irq#5883 pc=0038 sp=F34E
irq#5884 pc=0038 sp=F34E
irq#5885 pc=0038 sp=F34E
irq#5886 pc=0038 sp=F34E
irq#5887 pc=0038 sp=F34E
irq#5888 pc=0038 sp=F34E
irq#5889 pc=0038 sp=F34E
irq#5890 pc=0038 sp=F34E
irq#5891 pc=0038 sp=F34E
irq#5892 pc=0038 sp=F34E
irq#5893 pc=0038 sp=F34E
irq#5894 pc=0038 sp=F34E
irq#5895 pc=0038 sp=F34E
irq#5896 pc=0038 sp=F34E
irq#5897 pc=0038 sp=F34E
irq#5898 pc=0038 sp=F34E
irq#5899 pc=0038 sp=F34E
irq#5900 pc=0038 sp=F34E
irq#5901 pc=0038 sp=F34E
irq#5902 pc=0038 sp=F34E
irq#5903 pc=0038 sp=F34E
irq#5904 pc=0038 sp=F34E
irq#5905 pc=0038 sp=F34E
irq#5906 pc=0038 sp=F34E
irq#5907 pc=0038 sp=F34E
irq#5908 pc=0038 sp=F34E
irq#5909 pc=0038 sp=F34E
irq#5910 pc=0038 sp=F34E
irq#5911 pc=0038 sp=F34E
irq#5912 pc=0038 sp=F34E
irq#5913 pc=0038 sp=F34E
irq#5914 pc=0038 sp=F34E
irq#5915 pc=0038 sp=F34E
irq#5916 pc=0038 sp=F34E
irq#5917 pc=0038 sp=F34E
irq#5918 pc=0038 sp=F34E
irq#5919 pc=0038 sp=F34E
irq#5920 pc=0038 sp=F34E
irq#5921 pc=0038 sp=F34E
irq#5922 pc=0038 sp=F34E
irq#5923 pc=0038 sp=F34E
irq#5924 pc=0038 sp=F34E
irq#5925 pc=0038 sp=F34E
irq#5926 pc=0038 sp=F34E
irq#5927 pc=0038 sp=F34E
irq#5928 pc=0038 sp=F34E
irq#5929 pc=0038 sp=F34E
irq#5930 pc=0038 sp=F34E
irq#5931 pc=0038 sp=F34E
irq#5932 pc=0038 sp=F34E
irq#5933 pc=0038 sp=F34E
irq#5934 pc=0038 sp=F34E
irq#5935 pc=0038 sp=F34E
irq#5936 pc=0038 sp=F34E
irq#5937 pc=0038 sp=F34E
irq#5938 pc=0038 sp=F34E
irq#5939 pc=0038 sp=F34E
irq#5940 pc=0038 sp=F34E
irq#5941 pc=0038 sp=F34E
irq#5942 pc=0038 sp=F34E
irq#5943 pc=0038 sp=F34E
irq#5944 pc=0038 sp=F34E
irq#5945 pc=0038 sp=F34E
irq#5946 pc=0038 sp=F34E
irq#5947 pc=0038 sp=F34E
irq#5948 pc=0038 sp=F344
irq#5949 pc=0038 sp=F34E
irq#5950 pc=0038 sp=F34E
irq#5951 pc=0038 sp=F34E
irq#5952 pc=0038 sp=F34E
irq#5953 pc=0038 sp=F34E
irq#5954 pc=0038 sp=F34E
irq#5955 pc=0038 sp=F34E
irq#5956 pc=0038 sp=F34E
irq#5957 pc=0038 sp=F34E
irq#5958 pc=0038 sp=F34E
irq#5959 pc=0038 sp=F34E
irq#5960 pc=0038 sp=F34E
irq#5961 pc=0038 sp=F34E
irq#5962 pc=0038 sp=F34E
irq#5963 pc=0038 sp=F34E
irq#5964 pc=0038 sp=F34E
irq#5965 pc=0038 sp=F34E
irq#5966 pc=0038 sp=F34E
irq#5967 pc=0038 sp=F34E
irq#5968 pc=0038 sp=F34E
irq#5969 pc=0038 sp=F34E
irq#5970 pc=0038 sp=F34E
irq#5971 pc=0038 sp=F34E
irq#5972 pc=0038 sp=F34E
irq#5973 pc=0038 sp=F34E
irq#5974 pc=0038 sp=F34E
irq#5975 pc=0038 sp=F34E
irq#5976 pc=0038 sp=F34E
irq#5977 pc=0038 sp=F34E
irq#5978 pc=0038 sp=F34E
irq#5979 pc=0038 sp=F34E
irq#5980 pc=0038 sp=F34E
irq#5981 pc=0038 sp=F34E
irq#5982 pc=0038 sp=F34E
irq#5983 pc=0038 sp=F34E
irq#5984 pc=0038 sp=F34E
irq#5985 pc=0038 sp=F34E
irq#5986 pc=0038 sp=F34E
irq#5987 pc=0038 sp=F34E
irq#5988 pc=0038 sp=F34E
irq#5989 pc=0038 sp=F34E
irq#5990 pc=0038 sp=F34E
irq#5991 pc=0038 sp=F34E
irq#5992 pc=0038 sp=F34E
irq#5993 pc=0038 sp=F34E
irq#5994 pc=0038 sp=F34E
irq#5995 pc=0038 sp=F34E
irq#5996 pc=0038 sp=F34E
irq#5997 pc=0038 sp=F34E
irq#5998 pc=0038 sp=F34E
irq#5999 pc=0038 sp=F34E
irq#6000 pc=0038 sp=F34E
irq#6001 pc=0038 sp=F34E
irq#6002 pc=0038 sp=F34E
irq#6003 pc=0038 sp=F34E
irq#6004 pc=0038 sp=F34E
irq#6005 pc=0038 sp=F34E
irq#6006 pc=0038 sp=F34E
irq#6007 pc=0038 sp=F34E
irq#6008 pc=0038 sp=F34E
irq#6009 pc=0038 sp=F34E
irq#6010 pc=0038 sp=F34E
irq#6011 pc=0038 sp=F34E
irq#6012 pc=0038 sp=F34E
irq#6013 pc=0038 sp=F34E
irq#6014 pc=0038 sp=F34E
irq#6015 pc=0038 sp=F34E
irq#6016 pc=0038 sp=F34E
irq#6017 pc=0038 sp=F34E
irq#6018 pc=0038 sp=F34E
irq#6019 pc=0038 sp=F34E
irq#6020 pc=0038 sp=F34E
irq#6021 pc=0038 sp=F34E
irq#6022 pc=0038 sp=F34E
irq#6023 pc=0038 sp=F34E
irq#6024 pc=0038 sp=F34E
irq#6025 pc=0038 sp=F34E
irq#6026 pc=0038 sp=F34E
irq#6027 pc=0038 sp=F34E
irq#6028 pc=0038 sp=F34E
irq#6029 pc=0038 sp=F34E
irq#6030 pc=0038 sp=F34E
irq#6031 pc=0038 sp=F34E
irq#6032 pc=0038 sp=F34E
irq#6033 pc=0038 sp=F34E
irq#6034 pc=0038 sp=F34E
irq#6035 pc=0038 sp=F34E
irq#6036 pc=0038 sp=F34E
irq#6037 pc=0038 sp=F34E
irq#6038 pc=0038 sp=F34E
irq#6039 pc=0038 sp=F34E
irq#6040 pc=0038 sp=F34E
irq#6041 pc=0038 sp=F34E
irq#6042 pc=0038 sp=F34E
irq#6043 pc=0038 sp=F34E
irq#6044 pc=0038 sp=F34E
irq#6045 pc=0038 sp=F34E
irq#6046 pc=0038 sp=F34E
irq#6047 pc=0038 sp=F34E
irq#6048 pc=0038 sp=F34E
irq#6049 pc=0038 sp=F34E
irq#6050 pc=0038 sp=F34E
irq#6051 pc=0038 sp=F34E
irq#6052 pc=0038 sp=F34E
irq#6053 pc=0038 sp=F34E
irq#6054 pc=0038 sp=F34E
irq#6055 pc=0038 sp=F34E
irq#6056 pc=0038 sp=F34E
irq#6057 pc=0038 sp=F34E
irq#6058 pc=0038 sp=F34E
irq#6059 pc=0038 sp=F34E
irq#6060 pc=0038 sp=F34E
irq#6061 pc=0038 sp=F34E
irq#6062 pc=0038 sp=F34E
irq#6063 pc=0038 sp=F34E
irq#6064 pc=0038 sp=F34E
irq#6065 pc=0038 sp=F34E
irq#6066 pc=0038 sp=F34E
irq#6067 pc=0038 sp=F34E
irq#6068 pc=0038 sp=F34E
irq#6069 pc=0038 sp=F34E
irq#6070 pc=0038 sp=F34E
irq#6071 pc=0038 sp=F34E
irq#6072 pc=0038 sp=F34E
irq#6073 pc=0038 sp=F34E
irq#6074 pc=0038 sp=F34E
irq#6075 pc=0038 sp=F34E
irq#6076 pc=0038 sp=F34E
irq#6077 pc=0038 sp=F34E
irq#6078 pc=0038 sp=F34E
irq#6079 pc=0038 sp=F34E
irq#6080 pc=0038 sp=F34E
irq#6081 pc=0038 sp=F34E
irq#6082 pc=0038 sp=F34E
irq#6083 pc=0038 sp=F34E
irq#6084 pc=0038 sp=F34E
irq#6085 pc=0038 sp=F34E
irq#6086 pc=0038 sp=F34E
irq#6087 pc=0038 sp=F34E
irq#6088 pc=0038 sp=F34E
irq#6089 pc=0038 sp=F34E
irq#6090 pc=0038 sp=F34E
irq#6091 pc=0038 sp=F34E
irq#6092 pc=0038 sp=F34E
irq#6093 pc=0038 sp=F34E
irq#6094 pc=0038 sp=F34E
irq#6095 pc=0038 sp=F34E
irq#6096 pc=0038 sp=F34E
irq#6097 pc=0038 sp=F34E
irq#6098 pc=0038 sp=F34E
irq#6099 pc=0038 sp=F34E
irq#6100 pc=0038 sp=F34E
irq#6101 pc=0038 sp=F34E
irq#6102 pc=0038 sp=F34E
irq#6103 pc=0038 sp=F34E
irq#6104 pc=0038 sp=F34E
irq#6105 pc=0038 sp=F34E
irq#6106 pc=0038 sp=F34E
irq#6107 pc=0038 sp=F34E
irq#6108 pc=0038 sp=F34E
irq#6109 pc=0038 sp=F34E
irq#6110 pc=0038 sp=F34E
irq#6111 pc=0038 sp=F34E
irq#6112 pc=0038 sp=F34E
irq#6113 pc=0038 sp=F34E
irq#6114 pc=0038 sp=F34E
irq#6115 pc=0038 sp=F34E
irq#6116 pc=0038 sp=F34E
irq#6117 pc=0038 sp=F34E
irq#6118 pc=0038 sp=F34E
irq#6119 pc=0038 sp=F34E
irq#6120 pc=0038 sp=F34E
irq#6121 pc=0038 sp=F34E
irq#6122 pc=0038 sp=F34E
irq#6123 pc=0038 sp=F34E
irq#6124 pc=0038 sp=F34E
irq#6125 pc=0038 sp=F34E
irq#6126 pc=0038 sp=F34E
irq#6127 pc=0038 sp=F34E
irq#6128 pc=0038 sp=F34E
irq#6129 pc=0038 sp=F34E
irq#6130 pc=0038 sp=F34E
irq#6131 pc=0038 sp=F34E
irq#6132 pc=0038 sp=F33E
irq#6133 pc=0038 sp=F34E
irq#6134 pc=0038 sp=F34E
irq#6135 pc=0038 sp=F34E
irq#6136 pc=0038 sp=F34E
irq#6137 pc=0038 sp=F34E
irq#6138 pc=0038 sp=F34E
irq#6139 pc=0038 sp=F34E
irq#6140 pc=0038 sp=F34E
irq#6141 pc=0038 sp=F34E
irq#6142 pc=0038 sp=F34E
irq#6143 pc=0038 sp=F34E
irq#6144 pc=0038 sp=F34E
irq#6145 pc=0038 sp=F34E
irq#6146 pc=0038 sp=F34E
irq#6147 pc=0038 sp=F34E
irq#6148 pc=0038 sp=F34E
irq#6149 pc=0038 sp=F34E
irq#6150 pc=0038 sp=F34E
irq#6151 pc=0038 sp=F34E
irq#6152 pc=0038 sp=F34E
irq#6153 pc=0038 sp=F34E
irq#6154 pc=0038 sp=F34E
irq#6155 pc=0038 sp=F34E
irq#6156 pc=0038 sp=F34E
irq#6157 pc=0038 sp=F34E
irq#6158 pc=0038 sp=F34E
irq#6159 pc=0038 sp=F34E
irq#6160 pc=0038 sp=F34E
irq#6161 pc=0038 sp=F34E
irq#6162 pc=0038 sp=F34E
irq#6163 pc=0038 sp=F34E
irq#6164 pc=0038 sp=F34E
irq#6165 pc=0038 sp=F34E
irq#6166 pc=0038 sp=F34E
irq#6167 pc=0038 sp=F34E
irq#6168 pc=0038 sp=F34E
irq#6169 pc=0038 sp=F34E
irq#6170 pc=0038 sp=F34E
irq#6171 pc=0038 sp=F34E
irq#6172 pc=0038 sp=F34E
irq#6173 pc=0038 sp=F34E
irq#6174 pc=0038 sp=F34E
irq#6175 pc=0038 sp=F34E
irq#6176 pc=0038 sp=F34E
irq#6177 pc=0038 sp=F34E
irq#6178 pc=0038 sp=F34E
irq#6179 pc=0038 sp=F34E
irq#6180 pc=0038 sp=F34E
irq#6181 pc=0038 sp=F34E
irq#6182 pc=0038 sp=F34E
irq#6183 pc=0038 sp=F34E
irq#6184 pc=0038 sp=F34E
irq#6185 pc=0038 sp=F34E
irq#6186 pc=0038 sp=F34E
irq#6187 pc=0038 sp=F34E
irq#6188 pc=0038 sp=F34E
irq#6189 pc=0038 sp=F34E
irq#6190 pc=0038 sp=F34E
irq#6191 pc=0038 sp=F34E
irq#6192 pc=0038 sp=F34E
irq#6193 pc=0038 sp=F34E
irq#6194 pc=0038 sp=F34E
irq#6195 pc=0038 sp=F34E
irq#6196 pc=0038 sp=F34E
irq#6197 pc=0038 sp=F34E
irq#6198 pc=0038 sp=F34E
irq#6199 pc=0038 sp=F34E
irq#6200 pc=0038 sp=F34E
irq#6201 pc=0038 sp=F34E
irq#6202 pc=0038 sp=F34E
irq#6203 pc=0038 sp=F34E
irq#6204 pc=0038 sp=F34E
irq#6205 pc=0038 sp=F34E
irq#6206 pc=0038 sp=F34E
irq#6207 pc=0038 sp=F34E
irq#6208 pc=0038 sp=F34E
irq#6209 pc=0038 sp=F34E
irq#6210 pc=0038 sp=F34E
irq#6211 pc=0038 sp=F34E
irq#6212 pc=0038 sp=F34E
irq#6213 pc=0038 sp=F34E
irq#6214 pc=0038 sp=F34E
irq#6215 pc=0038 sp=F34E
irq#6216 pc=0038 sp=F34E
irq#6217 pc=0038 sp=F34E
irq#6218 pc=0038 sp=F34E
irq#6219 pc=0038 sp=F34E
irq#6220 pc=0038 sp=F34E
irq#6221 pc=0038 sp=F34E
irq#6222 pc=0038 sp=F34E
irq#6223 pc=0038 sp=F34E
irq#6224 pc=0038 sp=F34E
irq#6225 pc=0038 sp=F34E
irq#6226 pc=0038 sp=F34E
irq#6227 pc=0038 sp=F34E
irq#6228 pc=0038 sp=F34E
irq#6229 pc=0038 sp=F34E
irq#6230 pc=0038 sp=F34E
irq#6231 pc=0038 sp=F34E
irq#6232 pc=0038 sp=F34E
irq#6233 pc=0038 sp=F34E
irq#6234 pc=0038 sp=F34E
irq#6235 pc=0038 sp=F34E
irq#6236 pc=0038 sp=F34E
irq#6237 pc=0038 sp=F34E
irq#6238 pc=0038 sp=F34E
irq#6239 pc=0038 sp=F34E
irq#6240 pc=0038 sp=F34E
irq#6241 pc=0038 sp=F34E
irq#6242 pc=0038 sp=F34E
irq#6243 pc=0038 sp=F34E
irq#6244 pc=0038 sp=F34E
irq#6245 pc=0038 sp=F34E
irq#6246 pc=0038 sp=F34E
irq#6247 pc=0038 sp=F34E
irq#6248 pc=0038 sp=F34E
irq#6249 pc=0038 sp=F34E
irq#6250 pc=0038 sp=F34E
irq#6251 pc=0038 sp=F34E
irq#6252 pc=0038 sp=F34E
irq#6253 pc=0038 sp=F34E
irq#6254 pc=0038 sp=F34E
irq#6255 pc=0038 sp=F34E
irq#6256 pc=0038 sp=F34E
irq#6257 pc=0038 sp=F34E
irq#6258 pc=0038 sp=F34E
irq#6259 pc=0038 sp=F34E
irq#6260 pc=0038 sp=F34E
irq#6261 pc=0038 sp=F34E
irq#6262 pc=0038 sp=F34E
irq#6263 pc=0038 sp=F34E
irq#6264 pc=0038 sp=F34E
irq#6265 pc=0038 sp=F34E
irq#6266 pc=0038 sp=F34E
irq#6267 pc=0038 sp=F34E
irq#6268 pc=0038 sp=F34E
irq#6269 pc=0038 sp=F34E
irq#6270 pc=0038 sp=F34E
irq#6271 pc=0038 sp=F34E
irq#6272 pc=0038 sp=F34E
irq#6273 pc=0038 sp=F34E
irq#6274 pc=0038 sp=F34E
irq#6275 pc=0038 sp=F34E
irq#6276 pc=0038 sp=F34E
irq#6277 pc=0038 sp=F34E
irq#6278 pc=0038 sp=F34E
irq#6279 pc=0038 sp=F34E
irq#6280 pc=0038 sp=F34E
irq#6281 pc=0038 sp=F34E
irq#6282 pc=0038 sp=F34E
irq#6283 pc=0038 sp=F34E
irq#6284 pc=0038 sp=F34E
irq#6285 pc=0038 sp=F34E
irq#6286 pc=0038 sp=F34E
irq#6287 pc=0038 sp=F34E
irq#6288 pc=0038 sp=F34E
irq#6289 pc=0038 sp=F34E
irq#6290 pc=0038 sp=F34E
irq#6291 pc=0038 sp=F34E
irq#6292 pc=0038 sp=F34E
irq#6293 pc=0038 sp=F34E
irq#6294 pc=0038 sp=F34E
irq#6295 pc=0038 sp=F34E
irq#6296 pc=0038 sp=F34E
irq#6297 pc=0038 sp=F34E
irq#6298 pc=0038 sp=F34E
irq#6299 pc=0038 sp=F34E
irq#6300 pc=0038 sp=F34E
irq#6301 pc=0038 sp=F34E
irq#6302 pc=0038 sp=F34E
irq#6303 pc=0038 sp=F34E
irq#6304 pc=0038 sp=F34E
irq#6305 pc=0038 sp=F34E
irq#6306 pc=0038 sp=F34E
irq#6307 pc=0038 sp=F34E
irq#6308 pc=0038 sp=F34E
irq#6309 pc=0038 sp=F34E
irq#6310 pc=0038 sp=F34E
irq#6311 pc=0038 sp=F34E
irq#6312 pc=0038 sp=F34E
irq#6313 pc=0038 sp=F34E
irq#6314 pc=0038 sp=F34E
irq#6315 pc=0038 sp=F34E
irq#6316 pc=0038 sp=F33A
irq#6317 pc=0038 sp=F34E
irq#6318 pc=0038 sp=F34E
irq#6319 pc=0038 sp=F34E
irq#6320 pc=0038 sp=F34E
irq#6321 pc=0038 sp=F34E
irq#6322 pc=0038 sp=F34E
irq#6323 pc=0038 sp=F34E
irq#6324 pc=0038 sp=F34E
irq#6325 pc=0038 sp=F34E
irq#6326 pc=0038 sp=F34E
irq#6327 pc=0038 sp=F34E
irq#6328 pc=0038 sp=F34E
irq#6329 pc=0038 sp=F34E
irq#6330 pc=0038 sp=F34E
irq#6331 pc=0038 sp=F34E
irq#6332 pc=0038 sp=F34E
irq#6333 pc=0038 sp=F34E
irq#6334 pc=0038 sp=F34E
irq#6335 pc=0038 sp=F34E
irq#6336 pc=0038 sp=F34E
irq#6337 pc=0038 sp=F34E
irq#6338 pc=0038 sp=F34E
irq#6339 pc=0038 sp=F34E
irq#6340 pc=0038 sp=F34E
irq#6341 pc=0038 sp=F34E
irq#6342 pc=0038 sp=F34E
irq#6343 pc=0038 sp=F34E
irq#6344 pc=0038 sp=F34E
irq#6345 pc=0038 sp=F34E
irq#6346 pc=0038 sp=F34E
irq#6347 pc=0038 sp=F34E
irq#6348 pc=0038 sp=F34E
irq#6349 pc=0038 sp=F34E
irq#6350 pc=0038 sp=F34E
irq#6351 pc=0038 sp=F34E
irq#6352 pc=0038 sp=F34E
irq#6353 pc=0038 sp=F34E
irq#6354 pc=0038 sp=F34E
irq#6355 pc=0038 sp=F34E
irq#6356 pc=0038 sp=F34E
irq#6357 pc=0038 sp=F34E
irq#6358 pc=0038 sp=F34E
irq#6359 pc=0038 sp=F34E
irq#6360 pc=0038 sp=F34E
irq#6361 pc=0038 sp=F34E
irq#6362 pc=0038 sp=F34E
irq#6363 pc=0038 sp=F34E
irq#6364 pc=0038 sp=F34E
irq#6365 pc=0038 sp=F34E
irq#6366 pc=0038 sp=F34E
irq#6367 pc=0038 sp=F34E
irq#6368 pc=0038 sp=F34E
irq#6369 pc=0038 sp=F34E
irq#6370 pc=0038 sp=F34E
irq#6371 pc=0038 sp=F34E
irq#6372 pc=0038 sp=F34E
irq#6373 pc=0038 sp=F34E
irq#6374 pc=0038 sp=F34E
irq#6375 pc=0038 sp=F34E
irq#6376 pc=0038 sp=F34E
irq#6377 pc=0038 sp=F34E
irq#6378 pc=0038 sp=F34E
irq#6379 pc=0038 sp=F34E
irq#6380 pc=0038 sp=F34E
irq#6381 pc=0038 sp=F34E
irq#6382 pc=0038 sp=F34E
irq#6383 pc=0038 sp=F34E
irq#6384 pc=0038 sp=F34E
irq#6385 pc=0038 sp=F34E
irq#6386 pc=0038 sp=F34E
irq#6387 pc=0038 sp=F34E
irq#6388 pc=0038 sp=F34E
irq#6389 pc=0038 sp=F34E
irq#6390 pc=0038 sp=F34E
irq#6391 pc=0038 sp=F34E
irq#6392 pc=0038 sp=F34E
irq#6393 pc=0038 sp=F34E
irq#6394 pc=0038 sp=F34E
irq#6395 pc=0038 sp=F34E
irq#6396 pc=0038 sp=F34E
irq#6397 pc=0038 sp=F34E
irq#6398 pc=0038 sp=F34E
irq#6399 pc=0038 sp=F34E
irq#6400 pc=0038 sp=F34E
irq#6401 pc=0038 sp=F34E
irq#6402 pc=0038 sp=F34E
irq#6403 pc=0038 sp=F34E
irq#6404 pc=0038 sp=F34E
irq#6405 pc=0038 sp=F34E
irq#6406 pc=0038 sp=F34E
irq#6407 pc=0038 sp=F34E
irq#6408 pc=0038 sp=F34E
irq#6409 pc=0038 sp=F34E
irq#6410 pc=0038 sp=F34E
irq#6411 pc=0038 sp=F34E
irq#6412 pc=0038 sp=F34E
irq#6413 pc=0038 sp=F34E
irq#6414 pc=0038 sp=F34E
irq#6415 pc=0038 sp=F34E
irq#6416 pc=0038 sp=F34E
irq#6417 pc=0038 sp=F34E
irq#6418 pc=0038 sp=F34E
irq#6419 pc=0038 sp=F34E
irq#6420 pc=0038 sp=F34E
irq#6421 pc=0038 sp=F34E
irq#6422 pc=0038 sp=F34E
irq#6423 pc=0038 sp=F34E
irq#6424 pc=0038 sp=F34E
irq#6425 pc=0038 sp=F34E
irq#6426 pc=0038 sp=F34E
irq#6427 pc=0038 sp=F34E
irq#6428 pc=0038 sp=F34E
irq#6429 pc=0038 sp=F34E
irq#6430 pc=0038 sp=F34E
irq#6431 pc=0038 sp=F34E
irq#6432 pc=0038 sp=F34E
irq#6433 pc=0038 sp=F34E
irq#6434 pc=0038 sp=F34E
irq#6435 pc=0038 sp=F34E
irq#6436 pc=0038 sp=F34E
irq#6437 pc=0038 sp=F34E
irq#6438 pc=0038 sp=F34E
irq#6439 pc=0038 sp=F34E
irq#6440 pc=0038 sp=F34E
irq#6441 pc=0038 sp=F34E
irq#6442 pc=0038 sp=F34E
irq#6443 pc=0038 sp=F34E
irq#6444 pc=0038 sp=F34E
irq#6445 pc=0038 sp=F34E
irq#6446 pc=0038 sp=F34E
irq#6447 pc=0038 sp=F34E
irq#6448 pc=0038 sp=F34E
irq#6449 pc=0038 sp=F34E
irq#6450 pc=0038 sp=F34E
irq#6451 pc=0038 sp=F34E
irq#6452 pc=0038 sp=F34E
irq#6453 pc=0038 sp=F34E
irq#6454 pc=0038 sp=F34E
irq#6455 pc=0038 sp=F34E
irq#6456 pc=0038 sp=F34E
irq#6457 pc=0038 sp=F34E
irq#6458 pc=0038 sp=F34E
irq#6459 pc=0038 sp=F34E
irq#6460 pc=0038 sp=F34E
irq#6461 pc=0038 sp=F34E
irq#6462 pc=0038 sp=F34E
irq#6463 pc=0038 sp=F34E
irq#6464 pc=0038 sp=F34E
irq#6465 pc=0038 sp=F34E
irq#6466 pc=0038 sp=F34E
irq#6467 pc=0038 sp=F34E
irq#6468 pc=0038 sp=F34E
irq#6469 pc=0038 sp=F34E
irq#6470 pc=0038 sp=F34E
irq#6471 pc=0038 sp=F34E
irq#6472 pc=0038 sp=F34E
irq#6473 pc=0038 sp=F34E
irq#6474 pc=0038 sp=F34E
irq#6475 pc=0038 sp=F34E
irq#6476 pc=0038 sp=F34E
irq#6477 pc=0038 sp=F34E
irq#6478 pc=0038 sp=F34E
irq#6479 pc=0038 sp=F34E
irq#6480 pc=0038 sp=F34E
irq#6481 pc=0038 sp=F34E
irq#6482 pc=0038 sp=F34E
irq#6483 pc=0038 sp=F34E
irq#6484 pc=0038 sp=F34E
irq#6485 pc=0038 sp=F34E
irq#6486 pc=0038 sp=F34E
irq#6487 pc=0038 sp=F34E
irq#6488 pc=0038 sp=F34E
irq#6489 pc=0038 sp=F34E
irq#6490 pc=0038 sp=F34E
irq#6491 pc=0038 sp=F34E
irq#6492 pc=0038 sp=F34E
irq#6493 pc=0038 sp=F34E
irq#6494 pc=0038 sp=F34E
irq#6495 pc=0038 sp=F34E
irq#6496 pc=0038 sp=F34E
irq#6497 pc=0038 sp=F34E
irq#6498 pc=0038 sp=F34E
irq#6499 pc=0038 sp=F34E
irq#6500 pc=0038 sp=F336
irq#6501 pc=0038 sp=F34E
irq#6502 pc=0038 sp=F34E
irq#6503 pc=0038 sp=F34E
irq#6504 pc=0038 sp=F34E
irq#6505 pc=0038 sp=F34E
irq#6506 pc=0038 sp=F34E
irq#6507 pc=0038 sp=F34E
irq#6508 pc=0038 sp=F34E
irq#6509 pc=0038 sp=F34E
irq#6510 pc=0038 sp=F34E
irq#6511 pc=0038 sp=F34E
irq#6512 pc=0038 sp=F34E
irq#6513 pc=0038 sp=F34E
irq#6514 pc=0038 sp=F34E
irq#6515 pc=0038 sp=F34E
irq#6516 pc=0038 sp=F34E
irq#6517 pc=0038 sp=F34E
irq#6518 pc=0038 sp=F34E
irq#6519 pc=0038 sp=F34E
irq#6520 pc=0038 sp=F34E
irq#6521 pc=0038 sp=F34E
irq#6522 pc=0038 sp=F34E
irq#6523 pc=0038 sp=F34E
irq#6524 pc=0038 sp=F34E
irq#6525 pc=0038 sp=F34E
irq#6526 pc=0038 sp=F34E
irq#6527 pc=0038 sp=F34E
irq#6528 pc=0038 sp=F34E
irq#6529 pc=0038 sp=F34E
irq#6530 pc=0038 sp=F34E
irq#6531 pc=0038 sp=F34E
irq#6532 pc=0038 sp=F34E
irq#6533 pc=0038 sp=F34E
irq#6534 pc=0038 sp=F34E
irq#6535 pc=0038 sp=F34E
irq#6536 pc=0038 sp=F34E
irq#6537 pc=0038 sp=F34E
irq#6538 pc=0038 sp=F34E
irq#6539 pc=0038 sp=F34E
irq#6540 pc=0038 sp=F34E
irq#6541 pc=0038 sp=F34E
irq#6542 pc=0038 sp=F34E
irq#6543 pc=0038 sp=F34E
irq#6544 pc=0038 sp=F34E
irq#6545 pc=0038 sp=F34E
irq#6546 pc=0038 sp=F34E
irq#6547 pc=0038 sp=F34E
irq#6548 pc=0038 sp=F34E
irq#6549 pc=0038 sp=F34E
irq#6550 pc=0038 sp=F34E
irq#6551 pc=0038 sp=F34E
irq#6552 pc=0038 sp=F34E
irq#6553 pc=0038 sp=F34E
irq#6554 pc=0038 sp=F34E
irq#6555 pc=0038 sp=F34E
irq#6556 pc=0038 sp=F34E
irq#6557 pc=0038 sp=F34E
irq#6558 pc=0038 sp=F34E
irq#6559 pc=0038 sp=F34E
irq#6560 pc=0038 sp=F34E
irq#6561 pc=0038 sp=F34E
irq#6562 pc=0038 sp=F34E
irq#6563 pc=0038 sp=F34E
irq#6564 pc=0038 sp=F34E
irq#6565 pc=0038 sp=F34E
irq#6566 pc=0038 sp=F34E
irq#6567 pc=0038 sp=F34E
irq#6568 pc=0038 sp=F34E
irq#6569 pc=0038 sp=F34E
irq#6570 pc=0038 sp=F34E
irq#6571 pc=0038 sp=F34E
irq#6572 pc=0038 sp=F34E
irq#6573 pc=0038 sp=F34E
irq#6574 pc=0038 sp=F34E
irq#6575 pc=0038 sp=F34E
irq#6576 pc=0038 sp=F34E
irq#6577 pc=0038 sp=F34E
irq#6578 pc=0038 sp=F34E
irq#6579 pc=0038 sp=F34E
irq#6580 pc=0038 sp=F34E
irq#6581 pc=0038 sp=F34E
irq#6582 pc=0038 sp=F34E
irq#6583 pc=0038 sp=F34E
irq#6584 pc=0038 sp=F34E
irq#6585 pc=0038 sp=F34E
irq#6586 pc=0038 sp=F34E
irq#6587 pc=0038 sp=F34E
irq#6588 pc=0038 sp=F34E
irq#6589 pc=0038 sp=F34E
irq#6590 pc=0038 sp=F34E
irq#6591 pc=0038 sp=F34E
irq#6592 pc=0038 sp=F34E
irq#6593 pc=0038 sp=F34E
irq#6594 pc=0038 sp=F34E
irq#6595 pc=0038 sp=F34E
irq#6596 pc=0038 sp=F34E
irq#6597 pc=0038 sp=F34E
irq#6598 pc=0038 sp=F34E
irq#6599 pc=0038 sp=F34E
irq#6600 pc=0038 sp=F34E
irq#6601 pc=0038 sp=F34E
irq#6602 pc=0038 sp=F34E
irq#6603 pc=0038 sp=F34E
irq#6604 pc=0038 sp=F34E
irq#6605 pc=0038 sp=F34E
irq#6606 pc=0038 sp=F34E
irq#6607 pc=0038 sp=F34E
irq#6608 pc=0038 sp=F34E
irq#6609 pc=0038 sp=F34E
irq#6610 pc=0038 sp=F34E
irq#6611 pc=0038 sp=F34E
irq#6612 pc=0038 sp=F34E
irq#6613 pc=0038 sp=F34E
irq#6614 pc=0038 sp=F34E
irq#6615 pc=0038 sp=F34E
irq#6616 pc=0038 sp=F34E
irq#6617 pc=0038 sp=F34E
irq#6618 pc=0038 sp=F34E
irq#6619 pc=0038 sp=F34E
irq#6620 pc=0038 sp=F34E
irq#6621 pc=0038 sp=F34E
irq#6622 pc=0038 sp=F34E
irq#6623 pc=0038 sp=F34E
irq#6624 pc=0038 sp=F34E
irq#6625 pc=0038 sp=F34E
irq#6626 pc=0038 sp=F34E
irq#6627 pc=0038 sp=F34E
irq#6628 pc=0038 sp=F34E
irq#6629 pc=0038 sp=F34E
irq#6630 pc=0038 sp=F34E
irq#6631 pc=0038 sp=F34E
irq#6632 pc=0038 sp=F34E
irq#6633 pc=0038 sp=F34E
irq#6634 pc=0038 sp=F34E
irq#6635 pc=0038 sp=F34E
irq#6636 pc=0038 sp=F34E
irq#6637 pc=0038 sp=F34E
irq#6638 pc=0038 sp=F34E
irq#6639 pc=0038 sp=F34E
irq#6640 pc=0038 sp=F34E
irq#6641 pc=0038 sp=F34E
irq#6642 pc=0038 sp=F34E
irq#6643 pc=0038 sp=F34E
irq#6644 pc=0038 sp=F34E
irq#6645 pc=0038 sp=F34E
irq#6646 pc=0038 sp=F34E
irq#6647 pc=0038 sp=F34E
irq#6648 pc=0038 sp=F34E
irq#6649 pc=0038 sp=F34E
irq#6650 pc=0038 sp=F34E
irq#6651 pc=0038 sp=F34E
irq#6652 pc=0038 sp=F34E
irq#6653 pc=0038 sp=F34E
irq#6654 pc=0038 sp=F34E
irq#6655 pc=0038 sp=F34E
irq#6656 pc=0038 sp=F34E
irq#6657 pc=0038 sp=F34E
irq#6658 pc=0038 sp=F34E
irq#6659 pc=0038 sp=F34E
irq#6660 pc=0038 sp=F34E
irq#6661 pc=0038 sp=F34E
irq#6662 pc=0038 sp=F34E
irq#6663 pc=0038 sp=F34E
irq#6664 pc=0038 sp=F34E
irq#6665 pc=0038 sp=F34E
irq#6666 pc=0038 sp=F34E
irq#6667 pc=0038 sp=F34E
irq#6668 pc=0038 sp=F34E
irq#6669 pc=0038 sp=F34E
irq#6670 pc=0038 sp=F34E
irq#6671 pc=0038 sp=F34E
irq#6672 pc=0038 sp=F34E
irq#6673 pc=0038 sp=F34E
irq#6674 pc=0038 sp=F34E
irq#6675 pc=0038 sp=F34E
irq#6676 pc=0038 sp=F34E
irq#6677 pc=0038 sp=F34E
irq#6678 pc=0038 sp=F34E
irq#6679 pc=0038 sp=F34E
irq#6680 pc=0038 sp=F34E
irq#6681 pc=0038 sp=F34E
irq#6682 pc=0038 sp=F34E
irq#6683 pc=0038 sp=F34E
irq#6684 pc=0038 sp=F34E
irq#6685 pc=0038 sp=F34E
irq#6686 pc=0038 sp=F34E
irq#6687 pc=0038 sp=F34E
irq#6688 pc=0038 sp=F34E
irq#6689 pc=0038 sp=F34E
irq#6690 pc=0038 sp=F34E
irq#6691 pc=0038 sp=F34E
irq#6692 pc=0038 sp=F34E
irq#6693 pc=0038 sp=F34E
irq#6694 pc=0038 sp=F34E
irq#6695 pc=0038 sp=F34E
irq#6696 pc=0038 sp=F34E
irq#6697 pc=0038 sp=F34E
irq#6698 pc=0038 sp=F34E
irq#6699 pc=0038 sp=F34E
irq#6700 pc=0038 sp=F34E
irq#6701 pc=0038 sp=F34E
irq#6702 pc=0038 sp=F34E
irq#6703 pc=0038 sp=F34E
irq#6704 pc=0038 sp=F34E
irq#6705 pc=0038 sp=F34E
irq#6706 pc=0038 sp=F34E
irq#6707 pc=0038 sp=F34E
irq#6708 pc=0038 sp=F34E
irq#6709 pc=0038 sp=F34E
irq#6710 pc=0038 sp=F34E
irq#6711 pc=0038 sp=F34E
irq#6712 pc=0038 sp=F34E
irq#6713 pc=0038 sp=F34E
irq#6714 pc=0038 sp=F34E
irq#6715 pc=0038 sp=F34E
irq#6716 pc=0038 sp=F34E
irq#6717 pc=0038 sp=F34E
irq#6718 pc=0038 sp=F34E
irq#6719 pc=0038 sp=F34E
irq#6720 pc=0038 sp=F34E
irq#6721 pc=0038 sp=F34E
irq#6722 pc=0038 sp=F34E
irq#6723 pc=0038 sp=F34E
irq#6724 pc=0038 sp=F34E
irq#6725 pc=0038 sp=F34E
irq#6726 pc=0038 sp=F34E
irq#6727 pc=0038 sp=F34E
irq#6728 pc=0038 sp=F34E
irq#6729 pc=0038 sp=F34E
irq#6730 pc=0038 sp=F34E
irq#6731 pc=0038 sp=F34E
irq#6732 pc=0038 sp=F34E
irq#6733 pc=0038 sp=F34E
irq#6734 pc=0038 sp=F34E
irq#6735 pc=0038 sp=F34E
irq#6736 pc=0038 sp=F34E
irq#6737 pc=0038 sp=F34E
irq#6738 pc=0038 sp=F34E
irq#6739 pc=0038 sp=F34E
irq#6740 pc=0038 sp=F34E
irq#6741 pc=0038 sp=F34E
irq#6742 pc=0038 sp=F34E
irq#6743 pc=0038 sp=F34E
irq#6744 pc=0038 sp=F34E
irq#6745 pc=0038 sp=F34E
irq#6746 pc=0038 sp=F34E
irq#6747 pc=0038 sp=F34E
irq#6748 pc=0038 sp=F34E
irq#6749 pc=0038 sp=F34E
irq#6750 pc=0038 sp=F34E
irq#6751 pc=0038 sp=F34E
irq#6752 pc=0038 sp=F34E
irq#6753 pc=0038 sp=F34E
irq#6754 pc=0038 sp=F34E
irq#6755 pc=0038 sp=F34E
irq#6756 pc=0038 sp=F34E
irq#6757 pc=0038 sp=F34E
irq#6758 pc=0038 sp=F34E
irq#6759 pc=0038 sp=F34E
irq#6760 pc=0038 sp=F34E
irq#6761 pc=0038 sp=F34E
irq#6762 pc=0038 sp=F34E
irq#6763 pc=0038 sp=F34E
irq#6764 pc=0038 sp=F34E
irq#6765 pc=0038 sp=F34E
irq#6766 pc=0038 sp=F34E
irq#6767 pc=0038 sp=F34E
irq#6768 pc=0038 sp=F34E
irq#6769 pc=0038 sp=F34E
irq#6770 pc=0038 sp=F34E
irq#6771 pc=0038 sp=F34E
irq#6772 pc=0038 sp=F34E
irq#6773 pc=0038 sp=F34E
irq#6774 pc=0038 sp=F34E
irq#6775 pc=0038 sp=F34E
irq#6776 pc=0038 sp=F34E
irq#6777 pc=0038 sp=F34E
irq#6778 pc=0038 sp=F34E
irq#6779 pc=0038 sp=F34E
irq#6780 pc=0038 sp=F34E
irq#6781 pc=0038 sp=F34E
irq#6782 pc=0038 sp=F34E
irq#6783 pc=0038 sp=F34E
irq#6784 pc=0038 sp=F34E
irq#6785 pc=0038 sp=F34E
irq#6786 pc=0038 sp=F34E
irq#6787 pc=0038 sp=F34E
irq#6788 pc=0038 sp=F34E
irq#6789 pc=0038 sp=F34E
irq#6790 pc=0038 sp=F34E
irq#6791 pc=0038 sp=F34E
irq#6792 pc=0038 sp=F34E
irq#6793 pc=0038 sp=F34E
irq#6794 pc=0038 sp=F34E
irq#6795 pc=0038 sp=F34E
irq#6796 pc=0038 sp=F34E
irq#6797 pc=0038 sp=F34E
irq#6798 pc=0038 sp=F34E
irq#6799 pc=0038 sp=F34E
irq#6800 pc=0038 sp=F34E
irq#6801 pc=0038 sp=F34E
irq#6802 pc=0038 sp=F34E
irq#6803 pc=0038 sp=F34E
irq#6804 pc=0038 sp=F34E
irq#6805 pc=0038 sp=F34E
irq#6806 pc=0038 sp=F34E
irq#6807 pc=0038 sp=F34E
irq#6808 pc=0038 sp=F34E
irq#6809 pc=0038 sp=F34E
irq#6810 pc=0038 sp=F34E
irq#6811 pc=0038 sp=F34E
irq#6812 pc=0038 sp=F34E
irq#6813 pc=0038 sp=F34E
irq#6814 pc=0038 sp=F34E
irq#6815 pc=0038 sp=F34E
irq#6816 pc=0038 sp=F34E
irq#6817 pc=0038 sp=F34E
irq#6818 pc=0038 sp=F34E
irq#6819 pc=0038 sp=F34E
irq#6820 pc=0038 sp=F34E
irq#6821 pc=0038 sp=F34E
irq#6822 pc=0038 sp=F34E
irq#6823 pc=0038 sp=F34E
irq#6824 pc=0038 sp=F34E
irq#6825 pc=0038 sp=F34E
irq#6826 pc=0038 sp=F34E
irq#6827 pc=0038 sp=F34E
irq#6828 pc=0038 sp=F34E
irq#6829 pc=0038 sp=F34E
irq#6830 pc=0038 sp=F34E
irq#6831 pc=0038 sp=F34E
irq#6832 pc=0038 sp=F34E
irq#6833 pc=0038 sp=F34E
irq#6834 pc=0038 sp=F34E
irq#6835 pc=0038 sp=F34E
irq#6836 pc=0038 sp=F34E
irq#6837 pc=0038 sp=F34E
irq#6838 pc=0038 sp=F34E
irq#6839 pc=0038 sp=F34E
irq#6840 pc=0038 sp=F34E
irq#6841 pc=0038 sp=F34E
irq#6842 pc=0038 sp=F34E
irq#6843 pc=0038 sp=F34E
irq#6844 pc=0038 sp=F34E
irq#6845 pc=0038 sp=F34E
irq#6846 pc=0038 sp=F34E
irq#6847 pc=0038 sp=F34E
irq#6848 pc=0038 sp=F34E
irq#6849 pc=0038 sp=F34E
irq#6850 pc=0038 sp=F34E
irq#6851 pc=0038 sp=F34E
irq#6852 pc=0038 sp=F34E
irq#6853 pc=0038 sp=F34E
irq#6854 pc=0038 sp=F34E
irq#6855 pc=0038 sp=F34E
irq#6856 pc=0038 sp=F34E
irq#6857 pc=0038 sp=F34E
irq#6858 pc=0038 sp=F34E
irq#6859 pc=0038 sp=F34E
irq#6860 pc=0038 sp=F34E
irq#6861 pc=0038 sp=F34E
irq#6862 pc=0038 sp=F34E
irq#6863 pc=0038 sp=F34E
irq#6864 pc=0038 sp=F34E
irq#6865 pc=0038 sp=F34E
irq#6866 pc=0038 sp=F34E
irq#6867 pc=0038 sp=F34E
irq#6868 pc=0038 sp=F338
irq#6869 pc=0038 sp=F34E
irq#6870 pc=0038 sp=F34E
irq#6871 pc=0038 sp=F34E
irq#6872 pc=0038 sp=F34E
irq#6873 pc=0038 sp=F34E
irq#6874 pc=0038 sp=F34E
irq#6875 pc=0038 sp=F34E
irq#6876 pc=0038 sp=F34E
irq#6877 pc=0038 sp=F34E
irq#6878 pc=0038 sp=F34E
irq#6879 pc=0038 sp=F34E
irq#6880 pc=0038 sp=F34E
irq#6881 pc=0038 sp=F34E
irq#6882 pc=0038 sp=F34E
irq#6883 pc=0038 sp=F34E
irq#6884 pc=0038 sp=F34E
irq#6885 pc=0038 sp=F34E
irq#6886 pc=0038 sp=F34E
irq#6887 pc=0038 sp=F34E
irq#6888 pc=0038 sp=F34E
irq#6889 pc=0038 sp=F34E
irq#6890 pc=0038 sp=F34E
irq#6891 pc=0038 sp=F34E
irq#6892 pc=0038 sp=F34E
irq#6893 pc=0038 sp=F34E
irq#6894 pc=0038 sp=F34E
irq#6895 pc=0038 sp=F34E
irq#6896 pc=0038 sp=F34E
irq#6897 pc=0038 sp=F34E
irq#6898 pc=0038 sp=F34E
irq#6899 pc=0038 sp=F34E
irq#6900 pc=0038 sp=F34E
irq#6901 pc=0038 sp=F34E
irq#6902 pc=0038 sp=F34E
irq#6903 pc=0038 sp=F34E
irq#6904 pc=0038 sp=F34E
irq#6905 pc=0038 sp=F34E
irq#6906 pc=0038 sp=F34E
irq#6907 pc=0038 sp=F34E
irq#6908 pc=0038 sp=F34E
irq#6909 pc=0038 sp=F34E
irq#6910 pc=0038 sp=F34E
irq#6911 pc=0038 sp=F34E
irq#6912 pc=0038 sp=F34E
irq#6913 pc=0038 sp=F34E
irq#6914 pc=0038 sp=F34E
irq#6915 pc=0038 sp=F34E
irq#6916 pc=0038 sp=F34E
irq#6917 pc=0038 sp=F34E
irq#6918 pc=0038 sp=F34E
irq#6919 pc=0038 sp=F34E
irq#6920 pc=0038 sp=F34E
irq#6921 pc=0038 sp=F34E
irq#6922 pc=0038 sp=F34E
irq#6923 pc=0038 sp=F34E
irq#6924 pc=0038 sp=F34E
irq#6925 pc=0038 sp=F34E
irq#6926 pc=0038 sp=F34E
irq#6927 pc=0038 sp=F34E
irq#6928 pc=0038 sp=F34E
irq#6929 pc=0038 sp=F34E
irq#6930 pc=0038 sp=F34E
irq#6931 pc=0038 sp=F34E
irq#6932 pc=0038 sp=F34E
irq#6933 pc=0038 sp=F34E
irq#6934 pc=0038 sp=F34E
irq#6935 pc=0038 sp=F34E
irq#6936 pc=0038 sp=F34E
irq#6937 pc=0038 sp=F34E
irq#6938 pc=0038 sp=F34E
irq#6939 pc=0038 sp=F34E
irq#6940 pc=0038 sp=F34E
irq#6941 pc=0038 sp=F34E
irq#6942 pc=0038 sp=F34E
irq#6943 pc=0038 sp=F34E
irq#6944 pc=0038 sp=F34E
irq#6945 pc=0038 sp=F34E
irq#6946 pc=0038 sp=F34E
irq#6947 pc=0038 sp=F34E
irq#6948 pc=0038 sp=F34E
irq#6949 pc=0038 sp=F34E
irq#6950 pc=0038 sp=F34E
irq#6951 pc=0038 sp=F34E
irq#6952 pc=0038 sp=F34E
irq#6953 pc=0038 sp=F34E
irq#6954 pc=0038 sp=F34E
irq#6955 pc=0038 sp=F34E
irq#6956 pc=0038 sp=F34E
irq#6957 pc=0038 sp=F34E
irq#6958 pc=0038 sp=F34E
irq#6959 pc=0038 sp=F34E
irq#6960 pc=0038 sp=F34E
irq#6961 pc=0038 sp=F34E
irq#6962 pc=0038 sp=F34E
irq#6963 pc=0038 sp=F34E
irq#6964 pc=0038 sp=F34E
irq#6965 pc=0038 sp=F34E
irq#6966 pc=0038 sp=F34E
irq#6967 pc=0038 sp=F34E
irq#6968 pc=0038 sp=F34E
irq#6969 pc=0038 sp=F34E
irq#6970 pc=0038 sp=F34E
irq#6971 pc=0038 sp=F34E
irq#6972 pc=0038 sp=F34E
irq#6973 pc=0038 sp=F34E
irq#6974 pc=0038 sp=F34E
irq#6975 pc=0038 sp=F34E
irq#6976 pc=0038 sp=F34E
irq#6977 pc=0038 sp=F34E
irq#6978 pc=0038 sp=F34E
irq#6979 pc=0038 sp=F34E
irq#6980 pc=0038 sp=F34E
irq#6981 pc=0038 sp=F34E
irq#6982 pc=0038 sp=F34E
irq#6983 pc=0038 sp=F34E
irq#6984 pc=0038 sp=F34E
irq#6985 pc=0038 sp=F34E
irq#6986 pc=0038 sp=F34E
irq#6987 pc=0038 sp=F34E
irq#6988 pc=0038 sp=F34E
irq#6989 pc=0038 sp=F34E
irq#6990 pc=0038 sp=F34E
irq#6991 pc=0038 sp=F34E
irq#6992 pc=0038 sp=F34E
irq#6993 pc=0038 sp=F34E
irq#6994 pc=0038 sp=F34E
irq#6995 pc=0038 sp=F34E
irq#6996 pc=0038 sp=F34E
irq#6997 pc=0038 sp=F34E
irq#6998 pc=0038 sp=F34E
irq#6999 pc=0038 sp=F34E
irq#7000 pc=0038 sp=F34E
irq#7001 pc=0038 sp=F34E
irq#7002 pc=0038 sp=F34E
irq#7003 pc=0038 sp=F34E
irq#7004 pc=0038 sp=F34E
irq#7005 pc=0038 sp=F34E
irq#7006 pc=0038 sp=F34E
irq#7007 pc=0038 sp=F34E
irq#7008 pc=0038 sp=F34E
irq#7009 pc=0038 sp=F34E
irq#7010 pc=0038 sp=F34E
irq#7011 pc=0038 sp=F34E
irq#7012 pc=0038 sp=F34E
irq#7013 pc=0038 sp=F34E
irq#7014 pc=0038 sp=F34E
irq#7015 pc=0038 sp=F34E
irq#7016 pc=0038 sp=F34E
irq#7017 pc=0038 sp=F34E
irq#7018 pc=0038 sp=F34E
irq#7019 pc=0038 sp=F34E
irq#7020 pc=0038 sp=F34E
irq#7021 pc=0038 sp=F34E
irq#7022 pc=0038 sp=F34E
irq#7023 pc=0038 sp=F34E
irq#7024 pc=0038 sp=F34E
irq#7025 pc=0038 sp=F34E
irq#7026 pc=0038 sp=F34E
irq#7027 pc=0038 sp=F34E
irq#7028 pc=0038 sp=F34E
irq#7029 pc=0038 sp=F34E
irq#7030 pc=0038 sp=F34E
irq#7031 pc=0038 sp=F34E
irq#7032 pc=0038 sp=F34E
irq#7033 pc=0038 sp=F34E
irq#7034 pc=0038 sp=F34E
irq#7035 pc=0038 sp=F34E
irq#7036 pc=0038 sp=F34E
irq#7037 pc=0038 sp=F34E
irq#7038 pc=0038 sp=F34E
irq#7039 pc=0038 sp=F34E
irq#7040 pc=0038 sp=F34E
irq#7041 pc=0038 sp=F34E
irq#7042 pc=0038 sp=F34E
irq#7043 pc=0038 sp=F34E
irq#7044 pc=0038 sp=F34E
irq#7045 pc=0038 sp=F34E
irq#7046 pc=0038 sp=F34E
irq#7047 pc=0038 sp=F34E
irq#7048 pc=0038 sp=F34E
irq#7049 pc=0038 sp=F34E
irq#7050 pc=0038 sp=F34E
irq#7051 pc=0038 sp=F34E
irq#7052 pc=0038 sp=F33C
irq#7053 pc=0038 sp=F34E
irq#7054 pc=0038 sp=F34E
irq#7055 pc=0038 sp=F34E
irq#7056 pc=0038 sp=F34E
irq#7057 pc=0038 sp=F34E
irq#7058 pc=0038 sp=F34E
irq#7059 pc=0038 sp=F34E
irq#7060 pc=0038 sp=F34E
irq#7061 pc=0038 sp=F34E
irq#7062 pc=0038 sp=F34E
irq#7063 pc=0038 sp=F34E
irq#7064 pc=0038 sp=F34E
irq#7065 pc=0038 sp=F34E
irq#7066 pc=0038 sp=F34E
irq#7067 pc=0038 sp=F34E
irq#7068 pc=0038 sp=F34E
irq#7069 pc=0038 sp=F34E
irq#7070 pc=0038 sp=F34E
irq#7071 pc=0038 sp=F34E
irq#7072 pc=0038 sp=F34E
irq#7073 pc=0038 sp=F34E
irq#7074 pc=0038 sp=F34E
irq#7075 pc=0038 sp=F34E
irq#7076 pc=0038 sp=F34E
irq#7077 pc=0038 sp=F34E
irq#7078 pc=0038 sp=F34E
irq#7079 pc=0038 sp=F34E
irq#7080 pc=0038 sp=F34E
irq#7081 pc=0038 sp=F34E
irq#7082 pc=0038 sp=F34E
irq#7083 pc=0038 sp=F34E
irq#7084 pc=0038 sp=F34E
irq#7085 pc=0038 sp=F34E
irq#7086 pc=0038 sp=F34E
irq#7087 pc=0038 sp=F34E
irq#7088 pc=0038 sp=F34E
irq#7089 pc=0038 sp=F34E
irq#7090 pc=0038 sp=F34E
irq#7091 pc=0038 sp=F34E
irq#7092 pc=0038 sp=F34E
irq#7093 pc=0038 sp=F34E
irq#7094 pc=0038 sp=F34E
irq#7095 pc=0038 sp=F34E
irq#7096 pc=0038 sp=F34E
irq#7097 pc=0038 sp=F34E
irq#7098 pc=0038 sp=F34E
irq#7099 pc=0038 sp=F34E
irq#7100 pc=0038 sp=F34E
irq#7101 pc=0038 sp=F34E
irq#7102 pc=0038 sp=F34E
irq#7103 pc=0038 sp=F34E
irq#7104 pc=0038 sp=F34E
irq#7105 pc=0038 sp=F34E
irq#7106 pc=0038 sp=F34E
irq#7107 pc=0038 sp=F34E
irq#7108 pc=0038 sp=F34E
irq#7109 pc=0038 sp=F34E
irq#7110 pc=0038 sp=F34E
irq#7111 pc=0038 sp=F34E
irq#7112 pc=0038 sp=F34E
irq#7113 pc=0038 sp=F34E
irq#7114 pc=0038 sp=F34E
irq#7115 pc=0038 sp=F34E
irq#7116 pc=0038 sp=F34E
irq#7117 pc=0038 sp=F34E
irq#7118 pc=0038 sp=F34E
irq#7119 pc=0038 sp=F34E
irq#7120 pc=0038 sp=F34E
irq#7121 pc=0038 sp=F34E
irq#7122 pc=0038 sp=F34E
irq#7123 pc=0038 sp=F34E
irq#7124 pc=0038 sp=F34E
irq#7125 pc=0038 sp=F34E
irq#7126 pc=0038 sp=F34E
irq#7127 pc=0038 sp=F34E
irq#7128 pc=0038 sp=F34E
irq#7129 pc=0038 sp=F34E
irq#7130 pc=0038 sp=F34E
irq#7131 pc=0038 sp=F34E
irq#7132 pc=0038 sp=F34E
irq#7133 pc=0038 sp=F34E
irq#7134 pc=0038 sp=F34E
irq#7135 pc=0038 sp=F34E
irq#7136 pc=0038 sp=F34E
irq#7137 pc=0038 sp=F34E
irq#7138 pc=0038 sp=F34E
irq#7139 pc=0038 sp=F34E
irq#7140 pc=0038 sp=F34E
irq#7141 pc=0038 sp=F34E
irq#7142 pc=0038 sp=F34E
irq#7143 pc=0038 sp=F34E
irq#7144 pc=0038 sp=F34E
irq#7145 pc=0038 sp=F34E
irq#7146 pc=0038 sp=F34E
irq#7147 pc=0038 sp=F34E
irq#7148 pc=0038 sp=F34E
irq#7149 pc=0038 sp=F34E
irq#7150 pc=0038 sp=F34E
irq#7151 pc=0038 sp=F34E
irq#7152 pc=0038 sp=F34E
irq#7153 pc=0038 sp=F34E
irq#7154 pc=0038 sp=F34E
irq#7155 pc=0038 sp=F34E
irq#7156 pc=0038 sp=F34E
irq#7157 pc=0038 sp=F34E
irq#7158 pc=0038 sp=F34E
irq#7159 pc=0038 sp=F34E
irq#7160 pc=0038 sp=F34E
irq#7161 pc=0038 sp=F34E
irq#7162 pc=0038 sp=F34E
irq#7163 pc=0038 sp=F34E
irq#7164 pc=0038 sp=F34E
irq#7165 pc=0038 sp=F34E
irq#7166 pc=0038 sp=F34E
irq#7167 pc=0038 sp=F34E
irq#7168 pc=0038 sp=F34E
irq#7169 pc=0038 sp=F34E
irq#7170 pc=0038 sp=F34E
irq#7171 pc=0038 sp=F34E
irq#7172 pc=0038 sp=F34E
irq#7173 pc=0038 sp=F34E
irq#7174 pc=0038 sp=F34E
irq#7175 pc=0038 sp=F34E
irq#7176 pc=0038 sp=F34E
irq#7177 pc=0038 sp=F34E
irq#7178 pc=0038 sp=F34E
irq#7179 pc=0038 sp=F34E
irq#7180 pc=0038 sp=F34E
irq#7181 pc=0038 sp=F34E
irq#7182 pc=0038 sp=F34E
irq#7183 pc=0038 sp=F34E
irq#7184 pc=0038 sp=F34E
irq#7185 pc=0038 sp=F34E
irq#7186 pc=0038 sp=F34E
irq#7187 pc=0038 sp=F34E
irq#7188 pc=0038 sp=F34E
irq#7189 pc=0038 sp=F34E
irq#7190 pc=0038 sp=F34E
irq#7191 pc=0038 sp=F34E
irq#7192 pc=0038 sp=F34E
irq#7193 pc=0038 sp=F34E
irq#7194 pc=0038 sp=F34E
irq#7195 pc=0038 sp=F34E
irq#7196 pc=0038 sp=F34E
irq#7197 pc=0038 sp=F34E
irq#7198 pc=0038 sp=F34E
irq#7199 pc=0038 sp=F34E
irq#7200 pc=0038 sp=F34E
irq#7201 pc=0038 sp=F34E
irq#7202 pc=0038 sp=F34E
irq#7203 pc=0038 sp=F34E
irq#7204 pc=0038 sp=F34E
irq#7205 pc=0038 sp=F34E
irq#7206 pc=0038 sp=F34E
irq#7207 pc=0038 sp=F34E
irq#7208 pc=0038 sp=F34E
irq#7209 pc=0038 sp=F34E
irq#7210 pc=0038 sp=F34E
irq#7211 pc=0038 sp=F34E
irq#7212 pc=0038 sp=F34E
irq#7213 pc=0038 sp=F34E
irq#7214 pc=0038 sp=F34E
irq#7215 pc=0038 sp=F34E
irq#7216 pc=0038 sp=F34E
irq#7217 pc=0038 sp=F34E
irq#7218 pc=0038 sp=F34E
irq#7219 pc=0038 sp=F34E
irq#7220 pc=0038 sp=F34E
irq#7221 pc=0038 sp=F34E
irq#7222 pc=0038 sp=F34E
irq#7223 pc=0038 sp=F34E
irq#7224 pc=0038 sp=F34E
irq#7225 pc=0038 sp=F34E
irq#7226 pc=0038 sp=F34E
irq#7227 pc=0038 sp=F34E
irq#7228 pc=0038 sp=F34E
irq#7229 pc=0038 sp=F34E
irq#7230 pc=0038 sp=F34E
irq#7231 pc=0038 sp=F34E
irq#7232 pc=0038 sp=F34E
irq#7233 pc=0038 sp=F34E
irq#7234 pc=0038 sp=F34E
irq#7235 pc=0038 sp=F34E
irq#7236 pc=0038 sp=F342
irq#7237 pc=0038 sp=F34E
irq#7238 pc=0038 sp=F34E
irq#7239 pc=0038 sp=F34E
irq#7240 pc=0038 sp=F34E
irq#7241 pc=0038 sp=F34E
irq#7242 pc=0038 sp=F34E
irq#7243 pc=0038 sp=F34E
irq#7244 pc=0038 sp=F34E
irq#7245 pc=0038 sp=F34E
irq#7246 pc=0038 sp=F34E
irq#7247 pc=0038 sp=F34E
irq#7248 pc=0038 sp=F34E
irq#7249 pc=0038 sp=F34E
irq#7250 pc=0038 sp=F34E
irq#7251 pc=0038 sp=F34E
irq#7252 pc=0038 sp=F34E
irq#7253 pc=0038 sp=F34E
irq#7254 pc=0038 sp=F34E
irq#7255 pc=0038 sp=F34E
irq#7256 pc=0038 sp=F34E
irq#7257 pc=0038 sp=F34E
irq#7258 pc=0038 sp=F34E
irq#7259 pc=0038 sp=F34E
irq#7260 pc=0038 sp=F34E
irq#7261 pc=0038 sp=F34E
irq#7262 pc=0038 sp=F34E
irq#7263 pc=0038 sp=F34E
irq#7264 pc=0038 sp=F34E
irq#7265 pc=0038 sp=F34E
irq#7266 pc=0038 sp=F34E
irq#7267 pc=0038 sp=F34E
irq#7268 pc=0038 sp=F34E
irq#7269 pc=0038 sp=F34E
irq#7270 pc=0038 sp=F34E
irq#7271 pc=0038 sp=F34E
irq#7272 pc=0038 sp=F34E
irq#7273 pc=0038 sp=F34E
irq#7274 pc=0038 sp=F34E
irq#7275 pc=0038 sp=F34E
irq#7276 pc=0038 sp=F34E
irq#7277 pc=0038 sp=F34E
irq#7278 pc=0038 sp=F34E
irq#7279 pc=0038 sp=F34E
irq#7280 pc=0038 sp=F34E
irq#7281 pc=0038 sp=F34E
irq#7282 pc=0038 sp=F34E
irq#7283 pc=0038 sp=F34E
irq#7284 pc=0038 sp=F34E
irq#7285 pc=0038 sp=F34E
irq#7286 pc=0038 sp=F34E
irq#7287 pc=0038 sp=F34E
irq#7288 pc=0038 sp=F34E
irq#7289 pc=0038 sp=F34E
irq#7290 pc=0038 sp=F34E
irq#7291 pc=0038 sp=F34E
irq#7292 pc=0038 sp=F34E
irq#7293 pc=0038 sp=F34E
irq#7294 pc=0038 sp=F34E
irq#7295 pc=0038 sp=F34E
irq#7296 pc=0038 sp=F34E
irq#7297 pc=0038 sp=F34E
irq#7298 pc=0038 sp=F34E
irq#7299 pc=0038 sp=F34E
irq#7300 pc=0038 sp=F34E
irq#7301 pc=0038 sp=F34E
irq#7302 pc=0038 sp=F34E
irq#7303 pc=0038 sp=F34E
irq#7304 pc=0038 sp=F34E
irq#7305 pc=0038 sp=F34E
irq#7306 pc=0038 sp=F34E
irq#7307 pc=0038 sp=F34E
irq#7308 pc=0038 sp=F34E
irq#7309 pc=0038 sp=F34E
irq#7310 pc=0038 sp=F34E
irq#7311 pc=0038 sp=F34E
irq#7312 pc=0038 sp=F34E
irq#7313 pc=0038 sp=F34E
irq#7314 pc=0038 sp=F34E
irq#7315 pc=0038 sp=F34E
irq#7316 pc=0038 sp=F34E
irq#7317 pc=0038 sp=F34E
irq#7318 pc=0038 sp=F34E
irq#7319 pc=0038 sp=F34E
irq#7320 pc=0038 sp=F34E
irq#7321 pc=0038 sp=F34E
irq#7322 pc=0038 sp=F34E
irq#7323 pc=0038 sp=F34E
irq#7324 pc=0038 sp=F34E
irq#7325 pc=0038 sp=F34E
irq#7326 pc=0038 sp=F34E
irq#7327 pc=0038 sp=F34E
irq#7328 pc=0038 sp=F34E
irq#7329 pc=0038 sp=F34E
irq#7330 pc=0038 sp=F34E
irq#7331 pc=0038 sp=F34E
irq#7332 pc=0038 sp=F34E
irq#7333 pc=0038 sp=F34E
irq#7334 pc=0038 sp=F34E
irq#7335 pc=0038 sp=F34E
irq#7336 pc=0038 sp=F34E
irq#7337 pc=0038 sp=F34E
irq#7338 pc=0038 sp=F34E
irq#7339 pc=0038 sp=F34E
irq#7340 pc=0038 sp=F34E
irq#7341 pc=0038 sp=F34E
irq#7342 pc=0038 sp=F34E
irq#7343 pc=0038 sp=F34E
irq#7344 pc=0038 sp=F34E
irq#7345 pc=0038 sp=F34E
irq#7346 pc=0038 sp=F34E
irq#7347 pc=0038 sp=F34E
irq#7348 pc=0038 sp=F34E
irq#7349 pc=0038 sp=F34E
irq#7350 pc=0038 sp=F34E
irq#7351 pc=0038 sp=F34E
irq#7352 pc=0038 sp=F34E
irq#7353 pc=0038 sp=F34E
irq#7354 pc=0038 sp=F34E
irq#7355 pc=0038 sp=F34E
irq#7356 pc=0038 sp=F34E
irq#7357 pc=0038 sp=F34E
irq#7358 pc=0038 sp=F34E
irq#7359 pc=0038 sp=F34E
irq#7360 pc=0038 sp=F34E
irq#7361 pc=0038 sp=F34E
irq#7362 pc=0038 sp=F34E
irq#7363 pc=0038 sp=F34E
irq#7364 pc=0038 sp=F34E
irq#7365 pc=0038 sp=F34E
irq#7366 pc=0038 sp=F34E
irq#7367 pc=0038 sp=F34E
irq#7368 pc=0038 sp=F34E
irq#7369 pc=0038 sp=F34E
irq#7370 pc=0038 sp=F34E
irq#7371 pc=0038 sp=F34E
irq#7372 pc=0038 sp=F34E
irq#7373 pc=0038 sp=F34E
irq#7374 pc=0038 sp=F34E
irq#7375 pc=0038 sp=F34E
irq#7376 pc=0038 sp=F34E
irq#7377 pc=0038 sp=F34E
irq#7378 pc=0038 sp=F34E
irq#7379 pc=0038 sp=F34E
irq#7380 pc=0038 sp=F34E
irq#7381 pc=0038 sp=F34E
irq#7382 pc=0038 sp=F34E
irq#7383 pc=0038 sp=F34E
irq#7384 pc=0038 sp=F34E
irq#7385 pc=0038 sp=F34E
irq#7386 pc=0038 sp=F34E
irq#7387 pc=0038 sp=F34E
irq#7388 pc=0038 sp=F34E
irq#7389 pc=0038 sp=F34E
irq#7390 pc=0038 sp=F34E
irq#7391 pc=0038 sp=F34E
irq#7392 pc=0038 sp=F34E
irq#7393 pc=0038 sp=F34E
irq#7394 pc=0038 sp=F34E
irq#7395 pc=0038 sp=F34E
irq#7396 pc=0038 sp=F34E
irq#7397 pc=0038 sp=F34E
irq#7398 pc=0038 sp=F34E
irq#7399 pc=0038 sp=F34E
irq#7400 pc=0038 sp=F34E
irq#7401 pc=0038 sp=F34E
irq#7402 pc=0038 sp=F34E
irq#7403 pc=0038 sp=F34E
irq#7404 pc=0038 sp=F34E
irq#7405 pc=0038 sp=F34E
irq#7406 pc=0038 sp=F34E
irq#7407 pc=0038 sp=F34E
irq#7408 pc=0038 sp=F34E
irq#7409 pc=0038 sp=F34E
irq#7410 pc=0038 sp=F34E
irq#7411 pc=0038 sp=F34E
irq#7412 pc=0038 sp=F34E
irq#7413 pc=0038 sp=F34E
irq#7414 pc=0038 sp=F34E
irq#7415 pc=0038 sp=F34E
irq#7416 pc=0038 sp=F34E
irq#7417 pc=0038 sp=F34E
irq#7418 pc=0038 sp=F34E
irq#7419 pc=0038 sp=F34E
irq#7420 pc=0038 sp=F346
irq#7421 pc=0038 sp=F34E
irq#7422 pc=0038 sp=F34E
irq#7423 pc=0038 sp=F34E
irq#7424 pc=0038 sp=F34E
irq#7425 pc=0038 sp=F34E
irq#7426 pc=0038 sp=F34E
irq#7427 pc=0038 sp=F34E
irq#7428 pc=0038 sp=F34E
irq#7429 pc=0038 sp=F34E
irq#7430 pc=0038 sp=F34E
irq#7431 pc=0038 sp=F34E
irq#7432 pc=0038 sp=F34E
irq#7433 pc=0038 sp=F34E
irq#7434 pc=0038 sp=F34E
irq#7435 pc=0038 sp=F34E
irq#7436 pc=0038 sp=F34E
irq#7437 pc=0038 sp=F34E
irq#7438 pc=0038 sp=F34E
irq#7439 pc=0038 sp=F34E
irq#7440 pc=0038 sp=F34E
irq#7441 pc=0038 sp=F34E
irq#7442 pc=0038 sp=F34E
irq#7443 pc=0038 sp=F34E
irq#7444 pc=0038 sp=F34E
irq#7445 pc=0038 sp=F34E
irq#7446 pc=0038 sp=F34E
irq#7447 pc=0038 sp=F34E
irq#7448 pc=0038 sp=F34E
irq#7449 pc=0038 sp=F34E
irq#7450 pc=0038 sp=F34E
irq#7451 pc=0038 sp=F34E
irq#7452 pc=0038 sp=F34E
irq#7453 pc=0038 sp=F34E
irq#7454 pc=0038 sp=F34E
irq#7455 pc=0038 sp=F34E
irq#7456 pc=0038 sp=F34E
irq#7457 pc=0038 sp=F34E
irq#7458 pc=0038 sp=F34E
irq#7459 pc=0038 sp=F34E
irq#7460 pc=0038 sp=F34E
irq#7461 pc=0038 sp=F34E
irq#7462 pc=0038 sp=F34E
irq#7463 pc=0038 sp=F34E
irq#7464 pc=0038 sp=F34E
irq#7465 pc=0038 sp=F34E
irq#7466 pc=0038 sp=F34E
irq#7467 pc=0038 sp=F34E
irq#7468 pc=0038 sp=F34E
irq#7469 pc=0038 sp=F34E
irq#7470 pc=0038 sp=F34E
irq#7471 pc=0038 sp=F34E
irq#7472 pc=0038 sp=F34E
irq#7473 pc=0038 sp=F34E
irq#7474 pc=0038 sp=F34E
irq#7475 pc=0038 sp=F34E
irq#7476 pc=0038 sp=F34E
irq#7477 pc=0038 sp=F34E
irq#7478 pc=0038 sp=F34E
irq#7479 pc=0038 sp=F34E
irq#7480 pc=0038 sp=F34E
irq#7481 pc=0038 sp=F34E
irq#7482 pc=0038 sp=F34E
irq#7483 pc=0038 sp=F34E
irq#7484 pc=0038 sp=F34E
irq#7485 pc=0038 sp=F34E
irq#7486 pc=0038 sp=F34E
irq#7487 pc=0038 sp=F34E
irq#7488 pc=0038 sp=F34E
irq#7489 pc=0038 sp=F34E
irq#7490 pc=0038 sp=F34E
irq#7491 pc=0038 sp=F34E
irq#7492 pc=0038 sp=F34E
irq#7493 pc=0038 sp=F34E
irq#7494 pc=0038 sp=F34E
irq#7495 pc=0038 sp=F34E
irq#7496 pc=0038 sp=F34E
irq#7497 pc=0038 sp=F34E
irq#7498 pc=0038 sp=F34E
irq#7499 pc=0038 sp=F34E
irq#7500 pc=0038 sp=F34E
irq#7501 pc=0038 sp=F34E
irq#7502 pc=0038 sp=F34E
irq#7503 pc=0038 sp=F34E
irq#7504 pc=0038 sp=F34E
irq#7505 pc=0038 sp=F34E
irq#7506 pc=0038 sp=F34E
irq#7507 pc=0038 sp=F34E
irq#7508 pc=0038 sp=F34E
irq#7509 pc=0038 sp=F34E
irq#7510 pc=0038 sp=F34E
irq#7511 pc=0038 sp=F34E
irq#7512 pc=0038 sp=F34E
irq#7513 pc=0038 sp=F34E
irq#7514 pc=0038 sp=F34E
irq#7515 pc=0038 sp=F34E
irq#7516 pc=0038 sp=F34E
irq#7517 pc=0038 sp=F34E
irq#7518 pc=0038 sp=F34E
irq#7519 pc=0038 sp=F34E
irq#7520 pc=0038 sp=F34E
irq#7521 pc=0038 sp=F34E
irq#7522 pc=0038 sp=F34E
irq#7523 pc=0038 sp=F34E
irq#7524 pc=0038 sp=F34E
irq#7525 pc=0038 sp=F34E
irq#7526 pc=0038 sp=F34E
irq#7527 pc=0038 sp=F34E
irq#7528 pc=0038 sp=F34E
irq#7529 pc=0038 sp=F34E
irq#7530 pc=0038 sp=F34E
irq#7531 pc=0038 sp=F34E
irq#7532 pc=0038 sp=F34E
irq#7533 pc=0038 sp=F34E
irq#7534 pc=0038 sp=F34E
irq#7535 pc=0038 sp=F34E
irq#7536 pc=0038 sp=F34E
irq#7537 pc=0038 sp=F34E
irq#7538 pc=0038 sp=F34E
irq#7539 pc=0038 sp=F34E
irq#7540 pc=0038 sp=F34E
irq#7541 pc=0038 sp=F34E
irq#7542 pc=0038 sp=F34E
irq#7543 pc=0038 sp=F34E
irq#7544 pc=0038 sp=F34E
irq#7545 pc=0038 sp=F34E
irq#7546 pc=0038 sp=F34E
irq#7547 pc=0038 sp=F34E
irq#7548 pc=0038 sp=F34E
irq#7549 pc=0038 sp=F34E
irq#7550 pc=0038 sp=F34E
irq#7551 pc=0038 sp=F34E
irq#7552 pc=0038 sp=F34E
irq#7553 pc=0038 sp=F34E
irq#7554 pc=0038 sp=F34E
irq#7555 pc=0038 sp=F34E
irq#7556 pc=0038 sp=F34E
irq#7557 pc=0038 sp=F34E
irq#7558 pc=0038 sp=F34E
irq#7559 pc=0038 sp=F34E
irq#7560 pc=0038 sp=F34E
irq#7561 pc=0038 sp=F34E
irq#7562 pc=0038 sp=F34E
irq#7563 pc=0038 sp=F34E
irq#7564 pc=0038 sp=F34E
irq#7565 pc=0038 sp=F34E
irq#7566 pc=0038 sp=F34E
irq#7567 pc=0038 sp=F34E
irq#7568 pc=0038 sp=F34E
irq#7569 pc=0038 sp=F34E
irq#7570 pc=0038 sp=F34E
irq#7571 pc=0038 sp=F34E
irq#7572 pc=0038 sp=F34E
irq#7573 pc=0038 sp=F34E
irq#7574 pc=0038 sp=F34E
irq#7575 pc=0038 sp=F34E
irq#7576 pc=0038 sp=F34E
irq#7577 pc=0038 sp=F34E
irq#7578 pc=0038 sp=F34E
irq#7579 pc=0038 sp=F34E
irq#7580 pc=0038 sp=F34E
irq#7581 pc=0038 sp=F34E
irq#7582 pc=0038 sp=F34E
irq#7583 pc=0038 sp=F34E
irq#7584 pc=0038 sp=F34E
irq#7585 pc=0038 sp=F34E
irq#7586 pc=0038 sp=F34E
irq#7587 pc=0038 sp=F34E
irq#7588 pc=0038 sp=F34E
irq#7589 pc=0038 sp=F34E
irq#7590 pc=0038 sp=F34E
irq#7591 pc=0038 sp=F34E
irq#7592 pc=0038 sp=F34E
irq#7593 pc=0038 sp=F34E
irq#7594 pc=0038 sp=F34E
irq#7595 pc=0038 sp=F34E
irq#7596 pc=0038 sp=F34E
irq#7597 pc=0038 sp=F34E
irq#7598 pc=0038 sp=F34E
irq#7599 pc=0038 sp=F34E
irq#7600 pc=0038 sp=F34E
irq#7601 pc=0038 sp=F34E
irq#7602 pc=0038 sp=F34E
irq#7603 pc=0038 sp=F34E
irq#7604 pc=0038 sp=F34A
irq#7605 pc=0038 sp=F34E
irq#7606 pc=0038 sp=F34E
irq#7607 pc=0038 sp=F34E
irq#7608 pc=0038 sp=F34E
irq#7609 pc=0038 sp=F34E
irq#7610 pc=0038 sp=F34E
irq#7611 pc=0038 sp=F34E
irq#7612 pc=0038 sp=F34E
irq#7613 pc=0038 sp=F34E
irq#7614 pc=0038 sp=F34E
irq#7615 pc=0038 sp=F34E
irq#7616 pc=0038 sp=F34E
irq#7617 pc=0038 sp=F34E
irq#7618 pc=0038 sp=F34E
irq#7619 pc=0038 sp=F34E
irq#7620 pc=0038 sp=F34E
irq#7621 pc=0038 sp=F34E
irq#7622 pc=0038 sp=F34E
irq#7623 pc=0038 sp=F34E
irq#7624 pc=0038 sp=F34E
irq#7625 pc=0038 sp=F34E
irq#7626 pc=0038 sp=F34E
irq#7627 pc=0038 sp=F34E
irq#7628 pc=0038 sp=F34E
irq#7629 pc=0038 sp=F34E
irq#7630 pc=0038 sp=F34E
irq#7631 pc=0038 sp=F34E
irq#7632 pc=0038 sp=F34E
irq#7633 pc=0038 sp=F34E
irq#7634 pc=0038 sp=F34E
irq#7635 pc=0038 sp=F34E
irq#7636 pc=0038 sp=F34E
irq#7637 pc=0038 sp=F34E
irq#7638 pc=0038 sp=F34E
irq#7639 pc=0038 sp=F34E
irq#7640 pc=0038 sp=F34E
irq#7641 pc=0038 sp=F34E
irq#7642 pc=0038 sp=F34E
irq#7643 pc=0038 sp=F34E
irq#7644 pc=0038 sp=F34E
irq#7645 pc=0038 sp=F34E
irq#7646 pc=0038 sp=F34E
irq#7647 pc=0038 sp=F34E
irq#7648 pc=0038 sp=F34E
irq#7649 pc=0038 sp=F34E
irq#7650 pc=0038 sp=F34E
irq#7651 pc=0038 sp=F34E
irq#7652 pc=0038 sp=F34E
irq#7653 pc=0038 sp=F34E
irq#7654 pc=0038 sp=F34E
irq#7655 pc=0038 sp=F34E
irq#7656 pc=0038 sp=F34E
irq#7657 pc=0038 sp=F34E
irq#7658 pc=0038 sp=F34E
irq#7659 pc=0038 sp=F34E
irq#7660 pc=0038 sp=F34E
irq#7661 pc=0038 sp=F34E
irq#7662 pc=0038 sp=F34E
irq#7663 pc=0038 sp=F34E
irq#7664 pc=0038 sp=F34E
irq#7665 pc=0038 sp=F34E
irq#7666 pc=0038 sp=F34E
irq#7667 pc=0038 sp=F34E
irq#7668 pc=0038 sp=F34E
irq#7669 pc=0038 sp=F34E
irq#7670 pc=0038 sp=F34E
irq#7671 pc=0038 sp=F34E
irq#7672 pc=0038 sp=F34E
irq#7673 pc=0038 sp=F34E
irq#7674 pc=0038 sp=F34E
irq#7675 pc=0038 sp=F34E
irq#7676 pc=0038 sp=F34E
irq#7677 pc=0038 sp=F34E
irq#7678 pc=0038 sp=F34E
irq#7679 pc=0038 sp=F34E
irq#7680 pc=0038 sp=F34E
irq#7681 pc=0038 sp=F34E
irq#7682 pc=0038 sp=F34E
irq#7683 pc=0038 sp=F34E
irq#7684 pc=0038 sp=F34E
irq#7685 pc=0038 sp=F34E
irq#7686 pc=0038 sp=F34E
irq#7687 pc=0038 sp=F34E
irq#7688 pc=0038 sp=F34E
irq#7689 pc=0038 sp=F34E
irq#7690 pc=0038 sp=F34E
irq#7691 pc=0038 sp=F34E
irq#7692 pc=0038 sp=F34E
irq#7693 pc=0038 sp=F34E
irq#7694 pc=0038 sp=F34E
irq#7695 pc=0038 sp=F34E
irq#7696 pc=0038 sp=F34E
irq#7697 pc=0038 sp=F34E
irq#7698 pc=0038 sp=F34E
irq#7699 pc=0038 sp=F34E
irq#7700 pc=0038 sp=F34E
irq#7701 pc=0038 sp=F34E
irq#7702 pc=0038 sp=F34E
irq#7703 pc=0038 sp=F34E
irq#7704 pc=0038 sp=F34E
irq#7705 pc=0038 sp=F34E
irq#7706 pc=0038 sp=F34E
irq#7707 pc=0038 sp=F34E
irq#7708 pc=0038 sp=F34E
irq#7709 pc=0038 sp=F34E
irq#7710 pc=0038 sp=F34E
irq#7711 pc=0038 sp=F34E
irq#7712 pc=0038 sp=F34E
irq#7713 pc=0038 sp=F34E
irq#7714 pc=0038 sp=F34E
irq#7715 pc=0038 sp=F34E
irq#7716 pc=0038 sp=F34E
irq#7717 pc=0038 sp=F34E
irq#7718 pc=0038 sp=F34E
irq#7719 pc=0038 sp=F34E
irq#7720 pc=0038 sp=F34E
irq#7721 pc=0038 sp=F34E
irq#7722 pc=0038 sp=F34E
irq#7723 pc=0038 sp=F34E
irq#7724 pc=0038 sp=F34E
irq#7725 pc=0038 sp=F34E
irq#7726 pc=0038 sp=F34E
irq#7727 pc=0038 sp=F34E
irq#7728 pc=0038 sp=F34E
irq#7729 pc=0038 sp=F34E
irq#7730 pc=0038 sp=F34E
irq#7731 pc=0038 sp=F34E
irq#7732 pc=0038 sp=F34E
irq#7733 pc=0038 sp=F34E
irq#7734 pc=0038 sp=F34E
irq#7735 pc=0038 sp=F34E
irq#7736 pc=0038 sp=F34E
irq#7737 pc=0038 sp=F34E
irq#7738 pc=0038 sp=F34E
irq#7739 pc=0038 sp=F34E
irq#7740 pc=0038 sp=F34E
irq#7741 pc=0038 sp=F34E
irq#7742 pc=0038 sp=F34E
irq#7743 pc=0038 sp=F34E
irq#7744 pc=0038 sp=F34E
irq#7745 pc=0038 sp=F34E
irq#7746 pc=0038 sp=F34E
irq#7747 pc=0038 sp=F34E
irq#7748 pc=0038 sp=F34E
irq#7749 pc=0038 sp=F34E
irq#7750 pc=0038 sp=F34E
irq#7751 pc=0038 sp=F34E
irq#7752 pc=0038 sp=F34E
irq#7753 pc=0038 sp=F34E
irq#7754 pc=0038 sp=F34E
irq#7755 pc=0038 sp=F34E
irq#7756 pc=0038 sp=F34E
irq#7757 pc=0038 sp=F34E
irq#7758 pc=0038 sp=F34E
irq#7759 pc=0038 sp=F34E
irq#7760 pc=0038 sp=F34E
irq#7761 pc=0038 sp=F34E
irq#7762 pc=0038 sp=F34E
irq#7763 pc=0038 sp=F34E
irq#7764 pc=0038 sp=F34E
irq#7765 pc=0038 sp=F34E
irq#7766 pc=0038 sp=F34E
irq#7767 pc=0038 sp=F34E
irq#7768 pc=0038 sp=F34E
irq#7769 pc=0038 sp=F34E
irq#7770 pc=0038 sp=F34E
irq#7771 pc=0038 sp=F34E
irq#7772 pc=0038 sp=F34E
irq#7773 pc=0038 sp=F34E
irq#7774 pc=0038 sp=F34E
irq#7775 pc=0038 sp=F34E
irq#7776 pc=0038 sp=F34E
irq#7777 pc=0038 sp=F34E
irq#7778 pc=0038 sp=F34E
irq#7779 pc=0038 sp=F34E
irq#7780 pc=0038 sp=F34E
irq#7781 pc=0038 sp=F34E
irq#7782 pc=0038 sp=F34E
irq#7783 pc=0038 sp=F34E
irq#7784 pc=0038 sp=F34E
irq#7785 pc=0038 sp=F34E
irq#7786 pc=0038 sp=F34E
irq#7787 pc=0038 sp=F34E
irq#7788 pc=0038 sp=F34C
irq#7789 pc=0038 sp=F34E
irq#7790 pc=0038 sp=F34E
irq#7791 pc=0038 sp=F34E
irq#7792 pc=0038 sp=F34E
irq#7793 pc=0038 sp=F34E
irq#7794 pc=0038 sp=F34E
irq#7795 pc=0038 sp=F34E
irq#7796 pc=0038 sp=F34E
irq#7797 pc=0038 sp=F34E
irq#7798 pc=0038 sp=F34E
irq#7799 pc=0038 sp=F34E
irq#7800 pc=0038 sp=F34E
irq#7801 pc=0038 sp=F34E
irq#7802 pc=0038 sp=F34E
irq#7803 pc=0038 sp=F34E
irq#7804 pc=0038 sp=F34E
irq#7805 pc=0038 sp=F34E
irq#7806 pc=0038 sp=F34E
irq#7807 pc=0038 sp=F34E
irq#7808 pc=0038 sp=F34E
irq#7809 pc=0038 sp=F34E
irq#7810 pc=0038 sp=F34E
irq#7811 pc=0038 sp=F34E
irq#7812 pc=0038 sp=F34E
irq#7813 pc=0038 sp=F34E
irq#7814 pc=0038 sp=F34E
irq#7815 pc=0038 sp=F34E
irq#7816 pc=0038 sp=F34E
irq#7817 pc=0038 sp=F34E
irq#7818 pc=0038 sp=F34E
irq#7819 pc=0038 sp=F34E
irq#7820 pc=0038 sp=F34E
irq#7821 pc=0038 sp=F34E
irq#7822 pc=0038 sp=F34E
irq#7823 pc=0038 sp=F34E
irq#7824 pc=0038 sp=F34E
irq#7825 pc=0038 sp=F34E
irq#7826 pc=0038 sp=F34E
irq#7827 pc=0038 sp=F34E
irq#7828 pc=0038 sp=F34E
irq#7829 pc=0038 sp=F34E
irq#7830 pc=0038 sp=F34E
irq#7831 pc=0038 sp=F34E
irq#7832 pc=0038 sp=F34E
irq#7833 pc=0038 sp=F34E
irq#7834 pc=0038 sp=F34E
irq#7835 pc=0038 sp=F34E
irq#7836 pc=0038 sp=F34E
irq#7837 pc=0038 sp=F34E
irq#7838 pc=0038 sp=F34E
irq#7839 pc=0038 sp=F34E
irq#7840 pc=0038 sp=F34E
irq#7841 pc=0038 sp=F34E
irq#7842 pc=0038 sp=F34E
irq#7843 pc=0038 sp=F34E
irq#7844 pc=0038 sp=F34E
irq#7845 pc=0038 sp=F34E
irq#7846 pc=0038 sp=F34E
irq#7847 pc=0038 sp=F34E
irq#7848 pc=0038 sp=F34E
irq#7849 pc=0038 sp=F34E
irq#7850 pc=0038 sp=F34E
irq#7851 pc=0038 sp=F34E
irq#7852 pc=0038 sp=F34E
irq#7853 pc=0038 sp=F34E
irq#7854 pc=0038 sp=F34E
irq#7855 pc=0038 sp=F34E
irq#7856 pc=0038 sp=F34E
irq#7857 pc=0038 sp=F34E
irq#7858 pc=0038 sp=F34E
irq#7859 pc=0038 sp=F34E
irq#7860 pc=0038 sp=F34E
irq#7861 pc=0038 sp=F34E
irq#7862 pc=0038 sp=F34E
irq#7863 pc=0038 sp=F34E
irq#7864 pc=0038 sp=F34E
irq#7865 pc=0038 sp=F34E
irq#7866 pc=0038 sp=F34E
irq#7867 pc=0038 sp=F34E
irq#7868 pc=0038 sp=F34E
irq#7869 pc=0038 sp=F34E
irq#7870 pc=0038 sp=F34E
irq#7871 pc=0038 sp=F34E
irq#7872 pc=0038 sp=F34E
irq#7873 pc=0038 sp=F34E
irq#7874 pc=0038 sp=F34E
irq#7875 pc=0038 sp=F34E
irq#7876 pc=0038 sp=F34E
irq#7877 pc=0038 sp=F34E
irq#7878 pc=0038 sp=F34E
irq#7879 pc=0038 sp=F34E
irq#7880 pc=0038 sp=F34E
irq#7881 pc=0038 sp=F34E
irq#7882 pc=0038 sp=F34E
irq#7883 pc=0038 sp=F34E
irq#7884 pc=0038 sp=F34E
irq#7885 pc=0038 sp=F34E
irq#7886 pc=0038 sp=F34E
irq#7887 pc=0038 sp=F34E
irq#7888 pc=0038 sp=F34E
irq#7889 pc=0038 sp=F34E
irq#7890 pc=0038 sp=F34E
irq#7891 pc=0038 sp=F34E
irq#7892 pc=0038 sp=F34E
irq#7893 pc=0038 sp=F34E
irq#7894 pc=0038 sp=F34E
irq#7895 pc=0038 sp=F34E
irq#7896 pc=0038 sp=F34E
irq#7897 pc=0038 sp=F34E
irq#7898 pc=0038 sp=F34E
irq#7899 pc=0038 sp=F34E
irq#7900 pc=0038 sp=F34E
irq#7901 pc=0038 sp=F34E
irq#7902 pc=0038 sp=F34E
irq#7903 pc=0038 sp=F34E
irq#7904 pc=0038 sp=F34E
irq#7905 pc=0038 sp=F34E
irq#7906 pc=0038 sp=F34E
irq#7907 pc=0038 sp=F34E
irq#7908 pc=0038 sp=F34E
irq#7909 pc=0038 sp=F34E
irq#7910 pc=0038 sp=F34E
irq#7911 pc=0038 sp=F34E
irq#7912 pc=0038 sp=F34E
irq#7913 pc=0038 sp=F34E
irq#7914 pc=0038 sp=F34E
irq#7915 pc=0038 sp=F34E
irq#7916 pc=0038 sp=F34E
irq#7917 pc=0038 sp=F34E
irq#7918 pc=0038 sp=F34E
irq#7919 pc=0038 sp=F34E
irq#7920 pc=0038 sp=F34E
irq#7921 pc=0038 sp=F34E
irq#7922 pc=0038 sp=F34E
irq#7923 pc=0038 sp=F34E
irq#7924 pc=0038 sp=F34E
irq#7925 pc=0038 sp=F34E
irq#7926 pc=0038 sp=F34E
irq#7927 pc=0038 sp=F34E
irq#7928 pc=0038 sp=F34E
irq#7929 pc=0038 sp=F34E
irq#7930 pc=0038 sp=F34E
irq#7931 pc=0038 sp=F34E
irq#7932 pc=0038 sp=F34E
irq#7933 pc=0038 sp=F34E
irq#7934 pc=0038 sp=F34E
irq#7935 pc=0038 sp=F34E
irq#7936 pc=0038 sp=F34E
irq#7937 pc=0038 sp=F34E
irq#7938 pc=0038 sp=F34E
irq#7939 pc=0038 sp=F34E
irq#7940 pc=0038 sp=F34E
irq#7941 pc=0038 sp=F34E
irq#7942 pc=0038 sp=F34E
irq#7943 pc=0038 sp=F34E
irq#7944 pc=0038 sp=F34E
irq#7945 pc=0038 sp=F34E
irq#7946 pc=0038 sp=F34E
irq#7947 pc=0038 sp=F34E
irq#7948 pc=0038 sp=F34E
irq#7949 pc=0038 sp=F34E
irq#7950 pc=0038 sp=F34E
irq#7951 pc=0038 sp=F34E
irq#7952 pc=0038 sp=F34E
irq#7953 pc=0038 sp=F34E
irq#7954 pc=0038 sp=F34E
irq#7955 pc=0038 sp=F34E
irq#7956 pc=0038 sp=F34E
irq#7957 pc=0038 sp=F34E
irq#7958 pc=0038 sp=F34E
irq#7959 pc=0038 sp=F34E
irq#7960 pc=0038 sp=F34E
irq#7961 pc=0038 sp=F34E
irq#7962 pc=0038 sp=F34E
irq#7963 pc=0038 sp=F34E
irq#7964 pc=0038 sp=F34E
irq#7965 pc=0038 sp=F34E
irq#7966 pc=0038 sp=F34E
irq#7967 pc=0038 sp=F34E
irq#7968 pc=0038 sp=F34E
irq#7969 pc=0038 sp=F34E
irq#7970 pc=0038 sp=F34E
irq#7971 pc=0038 sp=F34E
irq#7972 pc=0038 sp=F34E
irq#7973 pc=0038 sp=F34A
irq#7974 pc=0038 sp=F34E
irq#7975 pc=0038 sp=F34E
irq#7976 pc=0038 sp=F34E
irq#7977 pc=0038 sp=F34E
irq#7978 pc=0038 sp=F34E
irq#7979 pc=0038 sp=F34E
irq#7980 pc=0038 sp=F34E
irq#7981 pc=0038 sp=F34E
irq#7982 pc=0038 sp=F34E
irq#7983 pc=0038 sp=F34E
irq#7984 pc=0038 sp=F34E
irq#7985 pc=0038 sp=F34E
irq#7986 pc=0038 sp=F34E
irq#7987 pc=0038 sp=F34E
irq#7988 pc=0038 sp=F34E
irq#7989 pc=0038 sp=F34E
irq#7990 pc=0038 sp=F34E
irq#7991 pc=0038 sp=F34E
irq#7992 pc=0038 sp=F34E
irq#7993 pc=0038 sp=F34E
irq#7994 pc=0038 sp=F34E
irq#7995 pc=0038 sp=F34E
irq#7996 pc=0038 sp=F34E
irq#7997 pc=0038 sp=F34E
irq#7998 pc=0038 sp=F34E
irq#7999 pc=0038 sp=F34E
irq#8000 pc=0038 sp=F34E
irq#8001 pc=0038 sp=F34E
irq#8002 pc=0038 sp=F34E
irq#8003 pc=0038 sp=F34E
irq#8004 pc=0038 sp=F34E
irq#8005 pc=0038 sp=F34E
irq#8006 pc=0038 sp=F34E
irq#8007 pc=0038 sp=F34E
irq#8008 pc=0038 sp=F34E
irq#8009 pc=0038 sp=F34E
irq#8010 pc=0038 sp=F34E
irq#8011 pc=0038 sp=F34E
irq#8012 pc=0038 sp=F34E
irq#8013 pc=0038 sp=F34E
irq#8014 pc=0038 sp=F34E
irq#8015 pc=0038 sp=F34E
irq#8016 pc=0038 sp=F34E
irq#8017 pc=0038 sp=F34E
irq#8018 pc=0038 sp=F34E
irq#8019 pc=0038 sp=F34E
irq#8020 pc=0038 sp=F34E
irq#8021 pc=0038 sp=F34E
irq#8022 pc=0038 sp=F34E
irq#8023 pc=0038 sp=F34E
irq#8024 pc=0038 sp=F34E
irq#8025 pc=0038 sp=F34E
irq#8026 pc=0038 sp=F34E
irq#8027 pc=0038 sp=F34E
irq#8028 pc=0038 sp=F34E
irq#8029 pc=0038 sp=F34E
irq#8030 pc=0038 sp=F34E
irq#8031 pc=0038 sp=F34E
irq#8032 pc=0038 sp=F34E
irq#8033 pc=0038 sp=F34E
irq#8034 pc=0038 sp=F34E
irq#8035 pc=0038 sp=F34E
irq#8036 pc=0038 sp=F34E
irq#8037 pc=0038 sp=F34E
irq#8038 pc=0038 sp=F34E
irq#8039 pc=0038 sp=F34E
irq#8040 pc=0038 sp=F34E
irq#8041 pc=0038 sp=F34E
irq#8042 pc=0038 sp=F34E
irq#8043 pc=0038 sp=F34E
irq#8044 pc=0038 sp=F34E
irq#8045 pc=0038 sp=F34E
irq#8046 pc=0038 sp=F34E
irq#8047 pc=0038 sp=F34E
irq#8048 pc=0038 sp=F34E
irq#8049 pc=0038 sp=F34E
irq#8050 pc=0038 sp=F34E
irq#8051 pc=0038 sp=F34E
irq#8052 pc=0038 sp=F34E
irq#8053 pc=0038 sp=F34E
irq#8054 pc=0038 sp=F34E
irq#8055 pc=0038 sp=F34E
irq#8056 pc=0038 sp=F34E
irq#8057 pc=0038 sp=F34E
irq#8058 pc=0038 sp=F34E
irq#8059 pc=0038 sp=F34E
irq#8060 pc=0038 sp=F34E
irq#8061 pc=0038 sp=F34E
irq#8062 pc=0038 sp=F34E
irq#8063 pc=0038 sp=F34E
irq#8064 pc=0038 sp=F34E
irq#8065 pc=0038 sp=F34E
irq#8066 pc=0038 sp=F34E
irq#8067 pc=0038 sp=F34E
irq#8068 pc=0038 sp=F34E
irq#8069 pc=0038 sp=F34E
irq#8070 pc=0038 sp=F34E
irq#8071 pc=0038 sp=F34E
irq#8072 pc=0038 sp=F34E
irq#8073 pc=0038 sp=F34E
irq#8074 pc=0038 sp=F34E
irq#8075 pc=0038 sp=F34E
irq#8076 pc=0038 sp=F34E
irq#8077 pc=0038 sp=F34E
irq#8078 pc=0038 sp=F34E
irq#8079 pc=0038 sp=F34E
irq#8080 pc=0038 sp=F34E
irq#8081 pc=0038 sp=F34E
irq#8082 pc=0038 sp=F34E
irq#8083 pc=0038 sp=F34E
irq#8084 pc=0038 sp=F34E
irq#8085 pc=0038 sp=F34E
irq#8086 pc=0038 sp=F34E
irq#8087 pc=0038 sp=F34E
irq#8088 pc=0038 sp=F34E
irq#8089 pc=0038 sp=F34E
irq#8090 pc=0038 sp=F34E
irq#8091 pc=0038 sp=F34E
irq#8092 pc=0038 sp=F34E
irq#8093 pc=0038 sp=F34E
irq#8094 pc=0038 sp=F34E
irq#8095 pc=0038 sp=F34E
irq#8096 pc=0038 sp=F34E
irq#8097 pc=0038 sp=F34E
irq#8098 pc=0038 sp=F34E
irq#8099 pc=0038 sp=F34E
irq#8100 pc=0038 sp=F34E
irq#8101 pc=0038 sp=F34E
irq#8102 pc=0038 sp=F34E
irq#8103 pc=0038 sp=F34E
irq#8104 pc=0038 sp=F34E
irq#8105 pc=0038 sp=F34E
irq#8106 pc=0038 sp=F34E
irq#8107 pc=0038 sp=F34E
irq#8108 pc=0038 sp=F34E
irq#8109 pc=0038 sp=F34E
irq#8110 pc=0038 sp=F34E
irq#8111 pc=0038 sp=F34E
irq#8112 pc=0038 sp=F34E
irq#8113 pc=0038 sp=F34E
irq#8114 pc=0038 sp=F34E
irq#8115 pc=0038 sp=F34E
irq#8116 pc=0038 sp=F34E
irq#8117 pc=0038 sp=F34E
irq#8118 pc=0038 sp=F34E
irq#8119 pc=0038 sp=F34E
irq#8120 pc=0038 sp=F34E
irq#8121 pc=0038 sp=F34E
irq#8122 pc=0038 sp=F34E
irq#8123 pc=0038 sp=F34E
irq#8124 pc=0038 sp=F34E
irq#8125 pc=0038 sp=F34E
irq#8126 pc=0038 sp=F34E
irq#8127 pc=0038 sp=F34E
irq#8128 pc=0038 sp=F34E
irq#8129 pc=0038 sp=F34E
irq#8130 pc=0038 sp=F34E
irq#8131 pc=0038 sp=F34E
irq#8132 pc=0038 sp=F34E
irq#8133 pc=0038 sp=F34E
irq#8134 pc=0038 sp=F34E
irq#8135 pc=0038 sp=F34E
irq#8136 pc=0038 sp=F34E
irq#8137 pc=0038 sp=F34E
irq#8138 pc=0038 sp=F34E
irq#8139 pc=0038 sp=F34E
irq#8140 pc=0038 sp=F34E
irq#8141 pc=0038 sp=F34E
irq#8142 pc=0038 sp=F34E
irq#8143 pc=0038 sp=F34E
irq#8144 pc=0038 sp=F34E
irq#8145 pc=0038 sp=F34E
irq#8146 pc=0038 sp=F34E
irq#8147 pc=0038 sp=F34E
irq#8148 pc=0038 sp=F34E
irq#8149 pc=0038 sp=F34E
irq#8150 pc=0038 sp=F34E
irq#8151 pc=0038 sp=F34E
irq#8152 pc=0038 sp=F34E
irq#8153 pc=0038 sp=F34E
irq#8154 pc=0038 sp=F34E
irq#8155 pc=0038 sp=F34E
irq#8156 pc=0038 sp=F34E
irq#8157 pc=0038 sp=F344
irq#8158 pc=0038 sp=F34E
irq#8159 pc=0038 sp=F34E
irq#8160 pc=0038 sp=F34E
irq#8161 pc=0038 sp=F34E
irq#8162 pc=0038 sp=F34E
irq#8163 pc=0038 sp=F34E
irq#8164 pc=0038 sp=F34E
irq#8165 pc=0038 sp=F34E
irq#8166 pc=0038 sp=F34E
irq#8167 pc=0038 sp=F34E
irq#8168 pc=0038 sp=F34E
irq#8169 pc=0038 sp=F34E
irq#8170 pc=0038 sp=F34E
irq#8171 pc=0038 sp=F34E
irq#8172 pc=0038 sp=F34E
irq#8173 pc=0038 sp=F34E
irq#8174 pc=0038 sp=F34E
irq#8175 pc=0038 sp=F34E
irq#8176 pc=0038 sp=F34E
irq#8177 pc=0038 sp=F34E
irq#8178 pc=0038 sp=F34E
irq#8179 pc=0038 sp=F34E
irq#8180 pc=0038 sp=F34E
irq#8181 pc=0038 sp=F34E
irq#8182 pc=0038 sp=F34E
irq#8183 pc=0038 sp=F34E
irq#8184 pc=0038 sp=F34E
irq#8185 pc=0038 sp=F34E
irq#8186 pc=0038 sp=F34E
irq#8187 pc=0038 sp=F34E
irq#8188 pc=0038 sp=F34E
irq#8189 pc=0038 sp=F34E
irq#8190 pc=0038 sp=F34E
irq#8191 pc=0038 sp=F34E
irq#8192 pc=0038 sp=F34E
irq#8193 pc=0038 sp=F34E
irq#8194 pc=0038 sp=F34E
irq#8195 pc=0038 sp=F34E
irq#8196 pc=0038 sp=F34E
irq#8197 pc=0038 sp=F34E
irq#8198 pc=0038 sp=F34E
irq#8199 pc=0038 sp=F34E
irq#8200 pc=0038 sp=F34E
irq#8201 pc=0038 sp=F34E
irq#8202 pc=0038 sp=F34E
irq#8203 pc=0038 sp=F34E
irq#8204 pc=0038 sp=F34E
irq#8205 pc=0038 sp=F34E
irq#8206 pc=0038 sp=F34E
irq#8207 pc=0038 sp=F34E
irq#8208 pc=0038 sp=F34E
irq#8209 pc=0038 sp=F34E
irq#8210 pc=0038 sp=F34E
irq#8211 pc=0038 sp=F34E
irq#8212 pc=0038 sp=F34E
irq#8213 pc=0038 sp=F34E
irq#8214 pc=0038 sp=F34E
irq#8215 pc=0038 sp=F34E
irq#8216 pc=0038 sp=F34E
irq#8217 pc=0038 sp=F34E
irq#8218 pc=0038 sp=F34E
irq#8219 pc=0038 sp=F34E
irq#8220 pc=0038 sp=F34E
irq#8221 pc=0038 sp=F34E
irq#8222 pc=0038 sp=F34E
irq#8223 pc=0038 sp=F34E
irq#8224 pc=0038 sp=F34E
irq#8225 pc=0038 sp=F34E
irq#8226 pc=0038 sp=F34E
irq#8227 pc=0038 sp=F34E
irq#8228 pc=0038 sp=F34E
irq#8229 pc=0038 sp=F34E
irq#8230 pc=0038 sp=F34E
irq#8231 pc=0038 sp=F34E
irq#8232 pc=0038 sp=F34E
irq#8233 pc=0038 sp=F34E
irq#8234 pc=0038 sp=F34E
irq#8235 pc=0038 sp=F34E
irq#8236 pc=0038 sp=F34E
irq#8237 pc=0038 sp=F34E
irq#8238 pc=0038 sp=F34E
irq#8239 pc=0038 sp=F34E
irq#8240 pc=0038 sp=F34E
irq#8241 pc=0038 sp=F34E
irq#8242 pc=0038 sp=F34E
irq#8243 pc=0038 sp=F34E
irq#8244 pc=0038 sp=F34E
irq#8245 pc=0038 sp=F34E
irq#8246 pc=0038 sp=F34E
irq#8247 pc=0038 sp=F34E
irq#8248 pc=0038 sp=F34E
irq#8249 pc=0038 sp=F34E
irq#8250 pc=0038 sp=F34E
irq#8251 pc=0038 sp=F34E
irq#8252 pc=0038 sp=F34E
irq#8253 pc=0038 sp=F34E
irq#8254 pc=0038 sp=F34E
irq#8255 pc=0038 sp=F34E
irq#8256 pc=0038 sp=F34E
irq#8257 pc=0038 sp=F34E
irq#8258 pc=0038 sp=F34E
irq#8259 pc=0038 sp=F34E
irq#8260 pc=0038 sp=F34E
irq#8261 pc=0038 sp=F34E
irq#8262 pc=0038 sp=F34E
irq#8263 pc=0038 sp=F34E
irq#8264 pc=0038 sp=F34E
irq#8265 pc=0038 sp=F34E
irq#8266 pc=0038 sp=F34E
irq#8267 pc=0038 sp=F34E
irq#8268 pc=0038 sp=F34E
irq#8269 pc=0038 sp=F34E
irq#8270 pc=0038 sp=F34E
irq#8271 pc=0038 sp=F34E
irq#8272 pc=0038 sp=F34E
irq#8273 pc=0038 sp=F34E
irq#8274 pc=0038 sp=F34E
irq#8275 pc=0038 sp=F34E
irq#8276 pc=0038 sp=F34E
irq#8277 pc=0038 sp=F34E
irq#8278 pc=0038 sp=F34E
irq#8279 pc=0038 sp=F34E
irq#8280 pc=0038 sp=F34E
irq#8281 pc=0038 sp=F34E
irq#8282 pc=0038 sp=F34E
irq#8283 pc=0038 sp=F34E
irq#8284 pc=0038 sp=F34E
irq#8285 pc=0038 sp=F34E
irq#8286 pc=0038 sp=F34E
irq#8287 pc=0038 sp=F34E
irq#8288 pc=0038 sp=F34E
irq#8289 pc=0038 sp=F34E
irq#8290 pc=0038 sp=F34E
irq#8291 pc=0038 sp=F34E
irq#8292 pc=0038 sp=F34E
irq#8293 pc=0038 sp=F34E
irq#8294 pc=0038 sp=F34E
irq#8295 pc=0038 sp=F34E
irq#8296 pc=0038 sp=F34E
irq#8297 pc=0038 sp=F34E
irq#8298 pc=0038 sp=F34E
irq#8299 pc=0038 sp=F34E
irq#8300 pc=0038 sp=F34E
irq#8301 pc=0038 sp=F34E
irq#8302 pc=0038 sp=F34E
irq#8303 pc=0038 sp=F34E
irq#8304 pc=0038 sp=F34E
irq#8305 pc=0038 sp=F34E
irq#8306 pc=0038 sp=F34E
irq#8307 pc=0038 sp=F34E
irq#8308 pc=0038 sp=F34E
irq#8309 pc=0038 sp=F34E
irq#8310 pc=0038 sp=F34E
irq#8311 pc=0038 sp=F34E
irq#8312 pc=0038 sp=F34E
irq#8313 pc=0038 sp=F34E
irq#8314 pc=0038 sp=F34E
irq#8315 pc=0038 sp=F34E
irq#8316 pc=0038 sp=F34E
irq#8317 pc=0038 sp=F34E
irq#8318 pc=0038 sp=F34E
irq#8319 pc=0038 sp=F34E
irq#8320 pc=0038 sp=F34E
irq#8321 pc=0038 sp=F34E
irq#8322 pc=0038 sp=F34E
irq#8323 pc=0038 sp=F34E
irq#8324 pc=0038 sp=F34E
irq#8325 pc=0038 sp=F34E
irq#8326 pc=0038 sp=F34E
irq#8327 pc=0038 sp=F34E
irq#8328 pc=0038 sp=F34E
irq#8329 pc=0038 sp=F34E
irq#8330 pc=0038 sp=F34E
irq#8331 pc=0038 sp=F34E
irq#8332 pc=0038 sp=F34E
irq#8333 pc=0038 sp=F34E
irq#8334 pc=0038 sp=F34E
irq#8335 pc=0038 sp=F34E
irq#8336 pc=0038 sp=F34E
irq#8337 pc=0038 sp=F34E
irq#8338 pc=0038 sp=F34E
irq#8339 pc=0038 sp=F34E
irq#8340 pc=0038 sp=F34E
irq#8341 pc=0038 sp=F342
irq#8342 pc=0038 sp=F34E
irq#8343 pc=0038 sp=F34E
irq#8344 pc=0038 sp=F34E
irq#8345 pc=0038 sp=F34E
irq#8346 pc=0038 sp=F34E
irq#8347 pc=0038 sp=F34E
irq#8348 pc=0038 sp=F34E
irq#8349 pc=0038 sp=F34E
irq#8350 pc=0038 sp=F34E
irq#8351 pc=0038 sp=F34E
irq#8352 pc=0038 sp=F34E
irq#8353 pc=0038 sp=F34E
irq#8354 pc=0038 sp=F34E
irq#8355 pc=0038 sp=F34E
irq#8356 pc=0038 sp=F34E
irq#8357 pc=0038 sp=F34E
irq#8358 pc=0038 sp=F34E
irq#8359 pc=0038 sp=F34E
irq#8360 pc=0038 sp=F34E
irq#8361 pc=0038 sp=F34E
irq#8362 pc=0038 sp=F34E
irq#8363 pc=0038 sp=F34E
irq#8364 pc=0038 sp=F34E
irq#8365 pc=0038 sp=F34E
irq#8366 pc=0038 sp=F34E
irq#8367 pc=0038 sp=F34E
irq#8368 pc=0038 sp=F34E
irq#8369 pc=0038 sp=F34E
irq#8370 pc=0038 sp=F34E
irq#8371 pc=0038 sp=F34E
irq#8372 pc=0038 sp=F34E
irq#8373 pc=0038 sp=F34E
irq#8374 pc=0038 sp=F34E
irq#8375 pc=0038 sp=F34E
irq#8376 pc=0038 sp=F34E
irq#8377 pc=0038 sp=F34E
irq#8378 pc=0038 sp=F34E
irq#8379 pc=0038 sp=F34E
irq#8380 pc=0038 sp=F34E
irq#8381 pc=0038 sp=F34E
irq#8382 pc=0038 sp=F34E
irq#8383 pc=0038 sp=F34E
irq#8384 pc=0038 sp=F34E
irq#8385 pc=0038 sp=F34E
irq#8386 pc=0038 sp=F34E
irq#8387 pc=0038 sp=F34E
irq#8388 pc=0038 sp=F34E
irq#8389 pc=0038 sp=F34E
irq#8390 pc=0038 sp=F34E
irq#8391 pc=0038 sp=F34E
irq#8392 pc=0038 sp=F34E
irq#8393 pc=0038 sp=F34E
irq#8394 pc=0038 sp=F34E
irq#8395 pc=0038 sp=F34E
irq#8396 pc=0038 sp=F34E
irq#8397 pc=0038 sp=F34E
irq#8398 pc=0038 sp=F34E
irq#8399 pc=0038 sp=F34E
irq#8400 pc=0038 sp=F34E
irq#8401 pc=0038 sp=F34E
irq#8402 pc=0038 sp=F34E
irq#8403 pc=0038 sp=F34E
irq#8404 pc=0038 sp=F34E
irq#8405 pc=0038 sp=F34E
irq#8406 pc=0038 sp=F34E
irq#8407 pc=0038 sp=F34E
irq#8408 pc=0038 sp=F34E
irq#8409 pc=0038 sp=F34E
irq#8410 pc=0038 sp=F34E
irq#8411 pc=0038 sp=F34E
irq#8412 pc=0038 sp=F34E
irq#8413 pc=0038 sp=F34E
irq#8414 pc=0038 sp=F34E
irq#8415 pc=0038 sp=F34E
irq#8416 pc=0038 sp=F34E
irq#8417 pc=0038 sp=F34E
irq#8418 pc=0038 sp=F34E
irq#8419 pc=0038 sp=F34E
irq#8420 pc=0038 sp=F34E
irq#8421 pc=0038 sp=F34E
irq#8422 pc=0038 sp=F34E
irq#8423 pc=0038 sp=F34E
irq#8424 pc=0038 sp=F34E
irq#8425 pc=0038 sp=F34E
irq#8426 pc=0038 sp=F34E
irq#8427 pc=0038 sp=F34E
irq#8428 pc=0038 sp=F34E
irq#8429 pc=0038 sp=F34E
irq#8430 pc=0038 sp=F34E
irq#8431 pc=0038 sp=F34E
irq#8432 pc=0038 sp=F34E
irq#8433 pc=0038 sp=F34E
irq#8434 pc=0038 sp=F34E
irq#8435 pc=0038 sp=F34E
irq#8436 pc=0038 sp=F34E
irq#8437 pc=0038 sp=F34E
irq#8438 pc=0038 sp=F34E
irq#8439 pc=0038 sp=F34E
irq#8440 pc=0038 sp=F34E
irq#8441 pc=0038 sp=F34E
irq#8442 pc=0038 sp=F34E
irq#8443 pc=0038 sp=F34E
irq#8444 pc=0038 sp=F34E
irq#8445 pc=0038 sp=F34E
irq#8446 pc=0038 sp=F34E
irq#8447 pc=0038 sp=F34E
irq#8448 pc=0038 sp=F34E
irq#8449 pc=0038 sp=F34E
irq#8450 pc=0038 sp=F34E
irq#8451 pc=0038 sp=F34E
irq#8452 pc=0038 sp=F34E
irq#8453 pc=0038 sp=F34E
irq#8454 pc=0038 sp=F34E
irq#8455 pc=0038 sp=F34E
irq#8456 pc=0038 sp=F34E
irq#8457 pc=0038 sp=F34E
irq#8458 pc=0038 sp=F34E
irq#8459 pc=0038 sp=F34E
irq#8460 pc=0038 sp=F34E
irq#8461 pc=0038 sp=F34E
irq#8462 pc=0038 sp=F34E
irq#8463 pc=0038 sp=F34E
irq#8464 pc=0038 sp=F34E
irq#8465 pc=0038 sp=F34E
irq#8466 pc=0038 sp=F34E
irq#8467 pc=0038 sp=F34E
irq#8468 pc=0038 sp=F34E
irq#8469 pc=0038 sp=F34E
irq#8470 pc=0038 sp=F34E
irq#8471 pc=0038 sp=F34E
irq#8472 pc=0038 sp=F34E
irq#8473 pc=0038 sp=F34E
irq#8474 pc=0038 sp=F34E
irq#8475 pc=0038 sp=F34E
irq#8476 pc=0038 sp=F34E
irq#8477 pc=0038 sp=F34E
irq#8478 pc=0038 sp=F34E
irq#8479 pc=0038 sp=F34E
irq#8480 pc=0038 sp=F34E
irq#8481 pc=0038 sp=F34E
irq#8482 pc=0038 sp=F34E
irq#8483 pc=0038 sp=F34E
irq#8484 pc=0038 sp=F34E
irq#8485 pc=0038 sp=F34E
irq#8486 pc=0038 sp=F34E
irq#8487 pc=0038 sp=F34E
irq#8488 pc=0038 sp=F34E
irq#8489 pc=0038 sp=F34E
irq#8490 pc=0038 sp=F34E
irq#8491 pc=0038 sp=F34E
irq#8492 pc=0038 sp=F34E
irq#8493 pc=0038 sp=F34E
irq#8494 pc=0038 sp=F34E
irq#8495 pc=0038 sp=F34E
irq#8496 pc=0038 sp=F34E
irq#8497 pc=0038 sp=F34E
irq#8498 pc=0038 sp=F34E
irq#8499 pc=0038 sp=F34E
irq#8500 pc=0038 sp=F34E
irq#8501 pc=0038 sp=F34E
irq#8502 pc=0038 sp=F34E
irq#8503 pc=0038 sp=F34E
irq#8504 pc=0038 sp=F34E
irq#8505 pc=0038 sp=F34E
irq#8506 pc=0038 sp=F34E
irq#8507 pc=0038 sp=F34E
irq#8508 pc=0038 sp=F34E
irq#8509 pc=0038 sp=F34E
irq#8510 pc=0038 sp=F34E
irq#8511 pc=0038 sp=F34E
irq#8512 pc=0038 sp=F34E
irq#8513 pc=0038 sp=F34E
irq#8514 pc=0038 sp=F34E
irq#8515 pc=0038 sp=F34E
irq#8516 pc=0038 sp=F34E
irq#8517 pc=0038 sp=F34E
irq#8518 pc=0038 sp=F34E
irq#8519 pc=0038 sp=F34E
irq#8520 pc=0038 sp=F34E
irq#8521 pc=0038 sp=F34E
irq#8522 pc=0038 sp=F34E
irq#8523 pc=0038 sp=F34E
irq#8524 pc=0038 sp=F34E
irq#8525 pc=0038 sp=F33C
irq#8526 pc=0038 sp=F34E
irq#8527 pc=0038 sp=F34E
irq#8528 pc=0038 sp=F34E
irq#8529 pc=0038 sp=F34E
irq#8530 pc=0038 sp=F34E
irq#8531 pc=0038 sp=F34E
irq#8532 pc=0038 sp=F34E
irq#8533 pc=0038 sp=F34E
irq#8534 pc=0038 sp=F34E
irq#8535 pc=0038 sp=F34E
irq#8536 pc=0038 sp=F34E
irq#8537 pc=0038 sp=F34E
irq#8538 pc=0038 sp=F34E
irq#8539 pc=0038 sp=F34E
irq#8540 pc=0038 sp=F34E
irq#8541 pc=0038 sp=F34E
irq#8542 pc=0038 sp=F34E
irq#8543 pc=0038 sp=F34E
irq#8544 pc=0038 sp=F34E
irq#8545 pc=0038 sp=F34E
irq#8546 pc=0038 sp=F34E
irq#8547 pc=0038 sp=F34E
irq#8548 pc=0038 sp=F34E
irq#8549 pc=0038 sp=F34E
irq#8550 pc=0038 sp=F34E
irq#8551 pc=0038 sp=F34E
irq#8552 pc=0038 sp=F34E
irq#8553 pc=0038 sp=F34E
irq#8554 pc=0038 sp=F34E
irq#8555 pc=0038 sp=F34E
irq#8556 pc=0038 sp=F34E
irq#8557 pc=0038 sp=F34E
irq#8558 pc=0038 sp=F34E
irq#8559 pc=0038 sp=F34E
irq#8560 pc=0038 sp=F34E
irq#8561 pc=0038 sp=F34E
irq#8562 pc=0038 sp=F34E
irq#8563 pc=0038 sp=F34E
irq#8564 pc=0038 sp=F34E
irq#8565 pc=0038 sp=F34E
irq#8566 pc=0038 sp=F34E
irq#8567 pc=0038 sp=F34E
irq#8568 pc=0038 sp=F34E
irq#8569 pc=0038 sp=F34E
irq#8570 pc=0038 sp=F34E
irq#8571 pc=0038 sp=F34E
irq#8572 pc=0038 sp=F34E
irq#8573 pc=0038 sp=F34E
irq#8574 pc=0038 sp=F34E
irq#8575 pc=0038 sp=F34E
irq#8576 pc=0038 sp=F34E
irq#8577 pc=0038 sp=F34E
irq#8578 pc=0038 sp=F34E
irq#8579 pc=0038 sp=F34E
irq#8580 pc=0038 sp=F34E
irq#8581 pc=0038 sp=F34E
irq#8582 pc=0038 sp=F34E
irq#8583 pc=0038 sp=F34E
irq#8584 pc=0038 sp=F34E
irq#8585 pc=0038 sp=F34E
irq#8586 pc=0038 sp=F34E
irq#8587 pc=0038 sp=F34E
irq#8588 pc=0038 sp=F34E
irq#8589 pc=0038 sp=F34E
irq#8590 pc=0038 sp=F34E
irq#8591 pc=0038 sp=F34E
irq#8592 pc=0038 sp=F34E
irq#8593 pc=0038 sp=F34E
irq#8594 pc=0038 sp=F34E
irq#8595 pc=0038 sp=F34E
irq#8596 pc=0038 sp=F34E
irq#8597 pc=0038 sp=F34E
irq#8598 pc=0038 sp=F34E
irq#8599 pc=0038 sp=F34E
irq#8600 pc=0038 sp=F34E
irq#8601 pc=0038 sp=F34E
irq#8602 pc=0038 sp=F34E
irq#8603 pc=0038 sp=F34E
irq#8604 pc=0038 sp=F34E
irq#8605 pc=0038 sp=F34E
irq#8606 pc=0038 sp=F34E
irq#8607 pc=0038 sp=F34E
irq#8608 pc=0038 sp=F34E
irq#8609 pc=0038 sp=F34E
irq#8610 pc=0038 sp=F34E
irq#8611 pc=0038 sp=F34E
irq#8612 pc=0038 sp=F34E
irq#8613 pc=0038 sp=F34E
irq#8614 pc=0038 sp=F34E
irq#8615 pc=0038 sp=F34E
irq#8616 pc=0038 sp=F34E
irq#8617 pc=0038 sp=F34E
irq#8618 pc=0038 sp=F34E
irq#8619 pc=0038 sp=F34E
irq#8620 pc=0038 sp=F34E
irq#8621 pc=0038 sp=F34E
irq#8622 pc=0038 sp=F34E
irq#8623 pc=0038 sp=F34E
irq#8624 pc=0038 sp=F34E
irq#8625 pc=0038 sp=F34E
irq#8626 pc=0038 sp=F34E
irq#8627 pc=0038 sp=F34E
irq#8628 pc=0038 sp=F34E
irq#8629 pc=0038 sp=F34E
irq#8630 pc=0038 sp=F34E
irq#8631 pc=0038 sp=F34E
irq#8632 pc=0038 sp=F34E
irq#8633 pc=0038 sp=F34E
irq#8634 pc=0038 sp=F34E
irq#8635 pc=0038 sp=F34E
irq#8636 pc=0038 sp=F34E
irq#8637 pc=0038 sp=F34E
irq#8638 pc=0038 sp=F34E
irq#8639 pc=0038 sp=F34E
irq#8640 pc=0038 sp=F34E
irq#8641 pc=0038 sp=F34E
irq#8642 pc=0038 sp=F34E
irq#8643 pc=0038 sp=F34E
irq#8644 pc=0038 sp=F34E
irq#8645 pc=0038 sp=F34E
irq#8646 pc=0038 sp=F34E
irq#8647 pc=0038 sp=F34E
irq#8648 pc=0038 sp=F34E
irq#8649 pc=0038 sp=F34E
irq#8650 pc=0038 sp=F34E
irq#8651 pc=0038 sp=F34E
irq#8652 pc=0038 sp=F34E
irq#8653 pc=0038 sp=F34E
irq#8654 pc=0038 sp=F34E
irq#8655 pc=0038 sp=F34E
irq#8656 pc=0038 sp=F34E
irq#8657 pc=0038 sp=F34E
irq#8658 pc=0038 sp=F34E
irq#8659 pc=0038 sp=F34E
irq#8660 pc=0038 sp=F34E
irq#8661 pc=0038 sp=F34E
irq#8662 pc=0038 sp=F34E
irq#8663 pc=0038 sp=F34E
irq#8664 pc=0038 sp=F34E
irq#8665 pc=0038 sp=F34E
irq#8666 pc=0038 sp=F34E
irq#8667 pc=0038 sp=F34E
irq#8668 pc=0038 sp=F34E
irq#8669 pc=0038 sp=F34E
irq#8670 pc=0038 sp=F34E
irq#8671 pc=0038 sp=F34E
irq#8672 pc=0038 sp=F34E
irq#8673 pc=0038 sp=F34E
irq#8674 pc=0038 sp=F34E
irq#8675 pc=0038 sp=F34E
irq#8676 pc=0038 sp=F34E
irq#8677 pc=0038 sp=F34E
irq#8678 pc=0038 sp=F34E
irq#8679 pc=0038 sp=F34E
irq#8680 pc=0038 sp=F34E
irq#8681 pc=0038 sp=F34E
irq#8682 pc=0038 sp=F34E
irq#8683 pc=0038 sp=F34E
irq#8684 pc=0038 sp=F34E
irq#8685 pc=0038 sp=F34E
irq#8686 pc=0038 sp=F34E
irq#8687 pc=0038 sp=F34E
irq#8688 pc=0038 sp=F34E
irq#8689 pc=0038 sp=F34E
irq#8690 pc=0038 sp=F34E
irq#8691 pc=0038 sp=F34E
irq#8692 pc=0038 sp=F34E
irq#8693 pc=0038 sp=F34E
irq#8694 pc=0038 sp=F34E
irq#8695 pc=0038 sp=F34E
irq#8696 pc=0038 sp=F34E
irq#8697 pc=0038 sp=F34E
irq#8698 pc=0038 sp=F34E
irq#8699 pc=0038 sp=F34E
irq#8700 pc=0038 sp=F34E
irq#8701 pc=0038 sp=F34E
irq#8702 pc=0038 sp=F34E
irq#8703 pc=0038 sp=F34E
irq#8704 pc=0038 sp=F34E
irq#8705 pc=0038 sp=F34E
irq#8706 pc=0038 sp=F34E
irq#8707 pc=0038 sp=F34E
irq#8708 pc=0038 sp=F34E
irq#8709 pc=0038 sp=F338
irq#8710 pc=0038 sp=F34E
irq#8711 pc=0038 sp=F34E
irq#8712 pc=0038 sp=F34E
irq#8713 pc=0038 sp=F34E
irq#8714 pc=0038 sp=F34E
irq#8715 pc=0038 sp=F34E
irq#8716 pc=0038 sp=F34E
irq#8717 pc=0038 sp=F34E
irq#8718 pc=0038 sp=F34E
irq#8719 pc=0038 sp=F34E
irq#8720 pc=0038 sp=F34E
irq#8721 pc=0038 sp=F34E
irq#8722 pc=0038 sp=F34E
irq#8723 pc=0038 sp=F34E
irq#8724 pc=0038 sp=F34E
irq#8725 pc=0038 sp=F34E
irq#8726 pc=0038 sp=F34E
irq#8727 pc=0038 sp=F34E
irq#8728 pc=0038 sp=F34E
irq#8729 pc=0038 sp=F34E
irq#8730 pc=0038 sp=F34E
irq#8731 pc=0038 sp=F34E
irq#8732 pc=0038 sp=F34E
irq#8733 pc=0038 sp=F34E
irq#8734 pc=0038 sp=F34E
irq#8735 pc=0038 sp=F34E
irq#8736 pc=0038 sp=F34E
irq#8737 pc=0038 sp=F34E
irq#8738 pc=0038 sp=F34E
irq#8739 pc=0038 sp=F34E
irq#8740 pc=0038 sp=F34E
irq#8741 pc=0038 sp=F34E
irq#8742 pc=0038 sp=F34E
irq#8743 pc=0038 sp=F34E
irq#8744 pc=0038 sp=F34E
irq#8745 pc=0038 sp=F34E
irq#8746 pc=0038 sp=F34E
irq#8747 pc=0038 sp=F34E
irq#8748 pc=0038 sp=F34E
irq#8749 pc=0038 sp=F34E
irq#8750 pc=0038 sp=F34E
irq#8751 pc=0038 sp=F34E
irq#8752 pc=0038 sp=F34E
irq#8753 pc=0038 sp=F34E
irq#8754 pc=0038 sp=F34E
irq#8755 pc=0038 sp=F34E
irq#8756 pc=0038 sp=F34E
irq#8757 pc=0038 sp=F34E
irq#8758 pc=0038 sp=F34E
irq#8759 pc=0038 sp=F34E
irq#8760 pc=0038 sp=F34E
irq#8761 pc=0038 sp=F34E
irq#8762 pc=0038 sp=F34E
irq#8763 pc=0038 sp=F34E
irq#8764 pc=0038 sp=F34E
irq#8765 pc=0038 sp=F34E
irq#8766 pc=0038 sp=F34E
irq#8767 pc=0038 sp=F34E
irq#8768 pc=0038 sp=F34E
irq#8769 pc=0038 sp=F34E
irq#8770 pc=0038 sp=F34E
irq#8771 pc=0038 sp=F34E
irq#8772 pc=0038 sp=F34E
irq#8773 pc=0038 sp=F34E
irq#8774 pc=0038 sp=F34E
irq#8775 pc=0038 sp=F34E
irq#8776 pc=0038 sp=F34E
irq#8777 pc=0038 sp=F34E
irq#8778 pc=0038 sp=F34E
irq#8779 pc=0038 sp=F34E
irq#8780 pc=0038 sp=F34E
irq#8781 pc=0038 sp=F34E
irq#8782 pc=0038 sp=F34E
irq#8783 pc=0038 sp=F34E
irq#8784 pc=0038 sp=F34E
irq#8785 pc=0038 sp=F34E
irq#8786 pc=0038 sp=F34E
irq#8787 pc=0038 sp=F34E
irq#8788 pc=0038 sp=F34E
irq#8789 pc=0038 sp=F34E
irq#8790 pc=0038 sp=F34E
irq#8791 pc=0038 sp=F34E
irq#8792 pc=0038 sp=F34E
irq#8793 pc=0038 sp=F34E
irq#8794 pc=0038 sp=F34E
irq#8795 pc=0038 sp=F34E
irq#8796 pc=0038 sp=F34E
irq#8797 pc=0038 sp=F34E
irq#8798 pc=0038 sp=F34E
irq#8799 pc=0038 sp=F34E
irq#8800 pc=0038 sp=F34E
irq#8801 pc=0038 sp=F34E
irq#8802 pc=0038 sp=F34E
irq#8803 pc=0038 sp=F34E
irq#8804 pc=0038 sp=F34E
irq#8805 pc=0038 sp=F34E
irq#8806 pc=0038 sp=F34E
irq#8807 pc=0038 sp=F34E
irq#8808 pc=0038 sp=F34E
irq#8809 pc=0038 sp=F34E
irq#8810 pc=0038 sp=F34E
irq#8811 pc=0038 sp=F34E
irq#8812 pc=0038 sp=F34E
irq#8813 pc=0038 sp=F34E
irq#8814 pc=0038 sp=F34E
irq#8815 pc=0038 sp=F34E
irq#8816 pc=0038 sp=F34E
irq#8817 pc=0038 sp=F34E
irq#8818 pc=0038 sp=F34E
irq#8819 pc=0038 sp=F34E
irq#8820 pc=0038 sp=F34E
irq#8821 pc=0038 sp=F34E
irq#8822 pc=0038 sp=F34E
irq#8823 pc=0038 sp=F34E
irq#8824 pc=0038 sp=F34E
irq#8825 pc=0038 sp=F34E
irq#8826 pc=0038 sp=F34E
irq#8827 pc=0038 sp=F34E
irq#8828 pc=0038 sp=F34E
irq#8829 pc=0038 sp=F34E
irq#8830 pc=0038 sp=F34E
irq#8831 pc=0038 sp=F34E
irq#8832 pc=0038 sp=F34E
irq#8833 pc=0038 sp=F34E
irq#8834 pc=0038 sp=F34E
irq#8835 pc=0038 sp=F34E
irq#8836 pc=0038 sp=F34E
irq#8837 pc=0038 sp=F34E
irq#8838 pc=0038 sp=F34E
irq#8839 pc=0038 sp=F34E
irq#8840 pc=0038 sp=F34E
irq#8841 pc=0038 sp=F34E
irq#8842 pc=0038 sp=F34E
irq#8843 pc=0038 sp=F34E
irq#8844 pc=0038 sp=F34E
irq#8845 pc=0038 sp=F34E
irq#8846 pc=0038 sp=F34E
irq#8847 pc=0038 sp=F34E
irq#8848 pc=0038 sp=F34E
irq#8849 pc=0038 sp=F34E
irq#8850 pc=0038 sp=F34E
irq#8851 pc=0038 sp=F34E
irq#8852 pc=0038 sp=F34E
irq#8853 pc=0038 sp=F34E
irq#8854 pc=0038 sp=F34E
irq#8855 pc=0038 sp=F34E
irq#8856 pc=0038 sp=F34E
irq#8857 pc=0038 sp=F34E
irq#8858 pc=0038 sp=F34E
irq#8859 pc=0038 sp=F34E
irq#8860 pc=0038 sp=F34E
irq#8861 pc=0038 sp=F34E
irq#8862 pc=0038 sp=F34E
irq#8863 pc=0038 sp=F34E
irq#8864 pc=0038 sp=F34E
irq#8865 pc=0038 sp=F34E
irq#8866 pc=0038 sp=F34E
irq#8867 pc=0038 sp=F34E
irq#8868 pc=0038 sp=F34E
irq#8869 pc=0038 sp=F34E
irq#8870 pc=0038 sp=F34E
irq#8871 pc=0038 sp=F34E
irq#8872 pc=0038 sp=F34E
irq#8873 pc=0038 sp=F34E
irq#8874 pc=0038 sp=F34E
irq#8875 pc=0038 sp=F34E
irq#8876 pc=0038 sp=F34E
irq#8877 pc=0038 sp=F34E
irq#8878 pc=0038 sp=F34E
irq#8879 pc=0038 sp=F34E
irq#8880 pc=0038 sp=F34E
irq#8881 pc=0038 sp=F34E
irq#8882 pc=0038 sp=F34E
irq#8883 pc=0038 sp=F34E
irq#8884 pc=0038 sp=F34E
irq#8885 pc=0038 sp=F34E
irq#8886 pc=0038 sp=F34E
irq#8887 pc=0038 sp=F34E
irq#8888 pc=0038 sp=F34E
irq#8889 pc=0038 sp=F34E
irq#8890 pc=0038 sp=F34E
irq#8891 pc=0038 sp=F34E
irq#8892 pc=0038 sp=F34E
irq#8893 pc=0038 sp=F338
irq#8894 pc=0038 sp=F34E
irq#8895 pc=0038 sp=F34E
irq#8896 pc=0038 sp=F34E
irq#8897 pc=0038 sp=F34E
irq#8898 pc=0038 sp=F34E
irq#8899 pc=0038 sp=F34E
irq#8900 pc=0038 sp=F34E
irq#8901 pc=0038 sp=F34E
irq#8902 pc=0038 sp=F34E
irq#8903 pc=0038 sp=F34E
irq#8904 pc=0038 sp=F34E
irq#8905 pc=0038 sp=F34E
irq#8906 pc=0038 sp=F34E
irq#8907 pc=0038 sp=F34E
irq#8908 pc=0038 sp=F34E
irq#8909 pc=0038 sp=F34E
irq#8910 pc=0038 sp=F34E
irq#8911 pc=0038 sp=F34E
irq#8912 pc=0038 sp=F34E
irq#8913 pc=0038 sp=F34E
irq#8914 pc=0038 sp=F34E
irq#8915 pc=0038 sp=F34E
irq#8916 pc=0038 sp=F34E
irq#8917 pc=0038 sp=F34E
irq#8918 pc=0038 sp=F34E
irq#8919 pc=0038 sp=F34E
irq#8920 pc=0038 sp=F34E
irq#8921 pc=0038 sp=F34E
irq#8922 pc=0038 sp=F34E
irq#8923 pc=0038 sp=F34E
irq#8924 pc=0038 sp=F34E
irq#8925 pc=0038 sp=F34E
irq#8926 pc=0038 sp=F34E
irq#8927 pc=0038 sp=F34E
irq#8928 pc=0038 sp=F34E
irq#8929 pc=0038 sp=F34E
irq#8930 pc=0038 sp=F34E
irq#8931 pc=0038 sp=F34E
irq#8932 pc=0038 sp=F34E
irq#8933 pc=0038 sp=F34E
irq#8934 pc=0038 sp=F34E
irq#8935 pc=0038 sp=F34E
irq#8936 pc=0038 sp=F34E
irq#8937 pc=0038 sp=F34E
irq#8938 pc=0038 sp=F34E
irq#8939 pc=0038 sp=F34E
irq#8940 pc=0038 sp=F34E
irq#8941 pc=0038 sp=F34E
irq#8942 pc=0038 sp=F34E
irq#8943 pc=0038 sp=F34E
irq#8944 pc=0038 sp=F34E
irq#8945 pc=0038 sp=F34E
irq#8946 pc=0038 sp=F34E
irq#8947 pc=0038 sp=F34E
irq#8948 pc=0038 sp=F34E
irq#8949 pc=0038 sp=F34E
irq#8950 pc=0038 sp=F34E
irq#8951 pc=0038 sp=F34E
irq#8952 pc=0038 sp=F34E
irq#8953 pc=0038 sp=F34E
irq#8954 pc=0038 sp=F34E
irq#8955 pc=0038 sp=F34E
irq#8956 pc=0038 sp=F34E
irq#8957 pc=0038 sp=F34E
irq#8958 pc=0038 sp=F34E
irq#8959 pc=0038 sp=F34E
irq#8960 pc=0038 sp=F34E
irq#8961 pc=0038 sp=F34E
irq#8962 pc=0038 sp=F34E
irq#8963 pc=0038 sp=F34E
irq#8964 pc=0038 sp=F34E
irq#8965 pc=0038 sp=F34E
irq#8966 pc=0038 sp=F34E
irq#8967 pc=0038 sp=F34E
irq#8968 pc=0038 sp=F34E
irq#8969 pc=0038 sp=F34E
irq#8970 pc=0038 sp=F34E
irq#8971 pc=0038 sp=F34E
irq#8972 pc=0038 sp=F34E
irq#8973 pc=0038 sp=F34E
irq#8974 pc=0038 sp=F34E
irq#8975 pc=0038 sp=F34E
irq#8976 pc=0038 sp=F34E
irq#8977 pc=0038 sp=F34E
irq#8978 pc=0038 sp=F34E
irq#8979 pc=0038 sp=F34E
irq#8980 pc=0038 sp=F34E
irq#8981 pc=0038 sp=F34E
irq#8982 pc=0038 sp=F34E
irq#8983 pc=0038 sp=F34E
irq#8984 pc=0038 sp=F34E
irq#8985 pc=0038 sp=F34E
irq#8986 pc=0038 sp=F34E
irq#8987 pc=0038 sp=F34E
irq#8988 pc=0038 sp=F34E
irq#8989 pc=0038 sp=F34E
irq#8990 pc=0038 sp=F34E
irq#8991 pc=0038 sp=F34E
irq#8992 pc=0038 sp=F34E
irq#8993 pc=0038 sp=F34E
irq#8994 pc=0038 sp=F34E
irq#8995 pc=0038 sp=F34E
irq#8996 pc=0038 sp=F34E
irq#8997 pc=0038 sp=F34E
irq#8998 pc=0038 sp=F34E
irq#8999 pc=0038 sp=F34E
irq#9000 pc=0038 sp=F34E
irq#9001 pc=0038 sp=F34E
irq#9002 pc=0038 sp=F34E
irq#9003 pc=0038 sp=F34E
irq#9004 pc=0038 sp=F34E
irq#9005 pc=0038 sp=F34E
irq#9006 pc=0038 sp=F34E
irq#9007 pc=0038 sp=F34E
irq#9008 pc=0038 sp=F34E
irq#9009 pc=0038 sp=F34E
irq#9010 pc=0038 sp=F34E
irq#9011 pc=0038 sp=F34E
irq#9012 pc=0038 sp=F34E
irq#9013 pc=0038 sp=F34E
irq#9014 pc=0038 sp=F34E
irq#9015 pc=0038 sp=F34E
irq#9016 pc=0038 sp=F34E
irq#9017 pc=0038 sp=F34E
irq#9018 pc=0038 sp=F34E
irq#9019 pc=0038 sp=F34E
irq#9020 pc=0038 sp=F34E
irq#9021 pc=0038 sp=F34E
irq#9022 pc=0038 sp=F34E
irq#9023 pc=0038 sp=F34E
irq#9024 pc=0038 sp=F34E
irq#9025 pc=0038 sp=F34E
irq#9026 pc=0038 sp=F34E
irq#9027 pc=0038 sp=F34E
irq#9028 pc=0038 sp=F34E
irq#9029 pc=0038 sp=F34E
irq#9030 pc=0038 sp=F34E
irq#9031 pc=0038 sp=F34E
irq#9032 pc=0038 sp=F34E
irq#9033 pc=0038 sp=F34E
irq#9034 pc=0038 sp=F34E
irq#9035 pc=0038 sp=F34E
irq#9036 pc=0038 sp=F34E
irq#9037 pc=0038 sp=F34E
irq#9038 pc=0038 sp=F34E
irq#9039 pc=0038 sp=F34E
irq#9040 pc=0038 sp=F34E
irq#9041 pc=0038 sp=F34E
irq#9042 pc=0038 sp=F34E
irq#9043 pc=0038 sp=F34E
irq#9044 pc=0038 sp=F34E
irq#9045 pc=0038 sp=F34E
irq#9046 pc=0038 sp=F34E
irq#9047 pc=0038 sp=F34E
irq#9048 pc=0038 sp=F34E
irq#9049 pc=0038 sp=F34E
irq#9050 pc=0038 sp=F34E
irq#9051 pc=0038 sp=F34E
irq#9052 pc=0038 sp=F34E
irq#9053 pc=0038 sp=F34E
irq#9054 pc=0038 sp=F34E
irq#9055 pc=0038 sp=F34E
irq#9056 pc=0038 sp=F34E
irq#9057 pc=0038 sp=F34E
irq#9058 pc=0038 sp=F34E
irq#9059 pc=0038 sp=F34E
irq#9060 pc=0038 sp=F34E
irq#9061 pc=0038 sp=F34E
irq#9062 pc=0038 sp=F34E
irq#9063 pc=0038 sp=F34E
irq#9064 pc=0038 sp=F34E
irq#9065 pc=0038 sp=F34E
irq#9066 pc=0038 sp=F34E
irq#9067 pc=0038 sp=F34E
irq#9068 pc=0038 sp=F34E
irq#9069 pc=0038 sp=F34E
irq#9070 pc=0038 sp=F34E
irq#9071 pc=0038 sp=F34E
irq#9072 pc=0038 sp=F34E
irq#9073 pc=0038 sp=F34E
irq#9074 pc=0038 sp=F34E
irq#9075 pc=0038 sp=F34E
irq#9076 pc=0038 sp=F34E
irq#9077 pc=0038 sp=F338
irq#9078 pc=0038 sp=F34E
irq#9079 pc=0038 sp=F34E
irq#9080 pc=0038 sp=F34E
irq#9081 pc=0038 sp=F34E
irq#9082 pc=0038 sp=F34E
irq#9083 pc=0038 sp=F34E
irq#9084 pc=0038 sp=F34E
irq#9085 pc=0038 sp=F34E
irq#9086 pc=0038 sp=F34E
irq#9087 pc=0038 sp=F34E
irq#9088 pc=0038 sp=F34E
irq#9089 pc=0038 sp=F34E
irq#9090 pc=0038 sp=F34E
irq#9091 pc=0038 sp=F34E
irq#9092 pc=0038 sp=F34E
irq#9093 pc=0038 sp=F34E
irq#9094 pc=0038 sp=F34E
irq#9095 pc=0038 sp=F34E
irq#9096 pc=0038 sp=F34E
irq#9097 pc=0038 sp=F34E
irq#9098 pc=0038 sp=F34E
irq#9099 pc=0038 sp=F34E
irq#9100 pc=0038 sp=F34E
irq#9101 pc=0038 sp=F34E
irq#9102 pc=0038 sp=F34E
irq#9103 pc=0038 sp=F34E
irq#9104 pc=0038 sp=F34E
irq#9105 pc=0038 sp=F34E
irq#9106 pc=0038 sp=F34E
irq#9107 pc=0038 sp=F34E
irq#9108 pc=0038 sp=F34E
irq#9109 pc=0038 sp=F34E
irq#9110 pc=0038 sp=F34E
irq#9111 pc=0038 sp=F34E
irq#9112 pc=0038 sp=F34E
irq#9113 pc=0038 sp=F34E
irq#9114 pc=0038 sp=F34E
irq#9115 pc=0038 sp=F34E
irq#9116 pc=0038 sp=F34E
irq#9117 pc=0038 sp=F34E
irq#9118 pc=0038 sp=F34E
irq#9119 pc=0038 sp=F34E
irq#9120 pc=0038 sp=F34E
irq#9121 pc=0038 sp=F34E
irq#9122 pc=0038 sp=F34E
irq#9123 pc=0038 sp=F34E
irq#9124 pc=0038 sp=F34E
irq#9125 pc=0038 sp=F34E
irq#9126 pc=0038 sp=F34E
irq#9127 pc=0038 sp=F34E
irq#9128 pc=0038 sp=F34E
irq#9129 pc=0038 sp=F34E
irq#9130 pc=0038 sp=F34E
irq#9131 pc=0038 sp=F34E
irq#9132 pc=0038 sp=F34E
irq#9133 pc=0038 sp=F34E
irq#9134 pc=0038 sp=F34E
irq#9135 pc=0038 sp=F34E
irq#9136 pc=0038 sp=F34E
irq#9137 pc=0038 sp=F34E
irq#9138 pc=0038 sp=F34E
irq#9139 pc=0038 sp=F34E
irq#9140 pc=0038 sp=F34E
irq#9141 pc=0038 sp=F34E
irq#9142 pc=0038 sp=F34E
irq#9143 pc=0038 sp=F34E
irq#9144 pc=0038 sp=F34E
irq#9145 pc=0038 sp=F34E
irq#9146 pc=0038 sp=F34E
irq#9147 pc=0038 sp=F34E
irq#9148 pc=0038 sp=F34E
irq#9149 pc=0038 sp=F34E
irq#9150 pc=0038 sp=F34E
irq#9151 pc=0038 sp=F34E
irq#9152 pc=0038 sp=F34E
irq#9153 pc=0038 sp=F34E
irq#9154 pc=0038 sp=F34E
irq#9155 pc=0038 sp=F34E
irq#9156 pc=0038 sp=F34E
irq#9157 pc=0038 sp=F34E
irq#9158 pc=0038 sp=F34E
irq#9159 pc=0038 sp=F34E
irq#9160 pc=0038 sp=F34E
irq#9161 pc=0038 sp=F34E
irq#9162 pc=0038 sp=F34E
irq#9163 pc=0038 sp=F34E
irq#9164 pc=0038 sp=F34E
irq#9165 pc=0038 sp=F34E
irq#9166 pc=0038 sp=F34E
irq#9167 pc=0038 sp=F34E
irq#9168 pc=0038 sp=F34E
irq#9169 pc=0038 sp=F34E
irq#9170 pc=0038 sp=F34E
irq#9171 pc=0038 sp=F34E
irq#9172 pc=0038 sp=F34E
irq#9173 pc=0038 sp=F34E
irq#9174 pc=0038 sp=F34E
irq#9175 pc=0038 sp=F34E
irq#9176 pc=0038 sp=F34E
irq#9177 pc=0038 sp=F34E
irq#9178 pc=0038 sp=F34E
irq#9179 pc=0038 sp=F34E
irq#9180 pc=0038 sp=F34E
irq#9181 pc=0038 sp=F34E
irq#9182 pc=0038 sp=F34E
irq#9183 pc=0038 sp=F34E
irq#9184 pc=0038 sp=F34E
irq#9185 pc=0038 sp=F34E
irq#9186 pc=0038 sp=F34E
irq#9187 pc=0038 sp=F34E
irq#9188 pc=0038 sp=F34E
irq#9189 pc=0038 sp=F34E
irq#9190 pc=0038 sp=F34E
irq#9191 pc=0038 sp=F34E
irq#9192 pc=0038 sp=F34E
irq#9193 pc=0038 sp=F34E
irq#9194 pc=0038 sp=F34E
irq#9195 pc=0038 sp=F34E
irq#9196 pc=0038 sp=F34E
irq#9197 pc=0038 sp=F34E
irq#9198 pc=0038 sp=F34E
irq#9199 pc=0038 sp=F34E
irq#9200 pc=0038 sp=F34E
irq#9201 pc=0038 sp=F34E
irq#9202 pc=0038 sp=F34E
irq#9203 pc=0038 sp=F34E
irq#9204 pc=0038 sp=F34E
irq#9205 pc=0038 sp=F34E
irq#9206 pc=0038 sp=F34E
irq#9207 pc=0038 sp=F34E
irq#9208 pc=0038 sp=F34E
irq#9209 pc=0038 sp=F34E
irq#9210 pc=0038 sp=F34E
irq#9211 pc=0038 sp=F34E
irq#9212 pc=0038 sp=F34E
irq#9213 pc=0038 sp=F34E
irq#9214 pc=0038 sp=F34E
irq#9215 pc=0038 sp=F34E
irq#9216 pc=0038 sp=F34E
irq#9217 pc=0038 sp=F34E
irq#9218 pc=0038 sp=F34E
irq#9219 pc=0038 sp=F34E
irq#9220 pc=0038 sp=F34E
irq#9221 pc=0038 sp=F34E
irq#9222 pc=0038 sp=F34E
irq#9223 pc=0038 sp=F34E
irq#9224 pc=0038 sp=F34E
irq#9225 pc=0038 sp=F34E
irq#9226 pc=0038 sp=F34E
irq#9227 pc=0038 sp=F34E
irq#9228 pc=0038 sp=F34E
irq#9229 pc=0038 sp=F34E
irq#9230 pc=0038 sp=F34E
irq#9231 pc=0038 sp=F34E
irq#9232 pc=0038 sp=F34E
irq#9233 pc=0038 sp=F34E
irq#9234 pc=0038 sp=F34E
irq#9235 pc=0038 sp=F34E
irq#9236 pc=0038 sp=F34E
irq#9237 pc=0038 sp=F34E
irq#9238 pc=0038 sp=F34E
irq#9239 pc=0038 sp=F34E
irq#9240 pc=0038 sp=F34E
irq#9241 pc=0038 sp=F34E
irq#9242 pc=0038 sp=F34E
irq#9243 pc=0038 sp=F34E
irq#9244 pc=0038 sp=F34E
irq#9245 pc=0038 sp=F34E
irq#9246 pc=0038 sp=F34E
irq#9247 pc=0038 sp=F34E
irq#9248 pc=0038 sp=F34E
irq#9249 pc=0038 sp=F34E
irq#9250 pc=0038 sp=F34E
irq#9251 pc=0038 sp=F34E
irq#9252 pc=0038 sp=F34E
irq#9253 pc=0038 sp=F34E
irq#9254 pc=0038 sp=F34E
irq#9255 pc=0038 sp=F34E
irq#9256 pc=0038 sp=F34E
irq#9257 pc=0038 sp=F34E
irq#9258 pc=0038 sp=F34E
irq#9259 pc=0038 sp=F34E
irq#9260 pc=0038 sp=F34E
irq#9261 pc=0038 sp=F33A
irq#9262 pc=0038 sp=F34E
irq#9263 pc=0038 sp=F34E
irq#9264 pc=0038 sp=F34E
irq#9265 pc=0038 sp=F34E
irq#9266 pc=0038 sp=F34E
irq#9267 pc=0038 sp=F34E
irq#9268 pc=0038 sp=F34E
irq#9269 pc=0038 sp=F34E
irq#9270 pc=0038 sp=F34E
irq#9271 pc=0038 sp=F34E
irq#9272 pc=0038 sp=F34E
irq#9273 pc=0038 sp=F34E
irq#9274 pc=0038 sp=F34E
irq#9275 pc=0038 sp=F34E
irq#9276 pc=0038 sp=F34E
irq#9277 pc=0038 sp=F34E
irq#9278 pc=0038 sp=F34E
irq#9279 pc=0038 sp=F34E
irq#9280 pc=0038 sp=F34E
irq#9281 pc=0038 sp=F34E
irq#9282 pc=0038 sp=F34E
irq#9283 pc=0038 sp=F34E
irq#9284 pc=0038 sp=F34E
irq#9285 pc=0038 sp=F34E
irq#9286 pc=0038 sp=F34E
irq#9287 pc=0038 sp=F34E
irq#9288 pc=0038 sp=F34E
irq#9289 pc=0038 sp=F34E
irq#9290 pc=0038 sp=F34E
irq#9291 pc=0038 sp=F34E
irq#9292 pc=0038 sp=F34E
irq#9293 pc=0038 sp=F34E
irq#9294 pc=0038 sp=F34E
irq#9295 pc=0038 sp=F34E
irq#9296 pc=0038 sp=F34E
irq#9297 pc=0038 sp=F34E
irq#9298 pc=0038 sp=F34E
irq#9299 pc=0038 sp=F34E
irq#9300 pc=0038 sp=F34E
irq#9301 pc=0038 sp=F34E
irq#9302 pc=0038 sp=F34E
irq#9303 pc=0038 sp=F34E
irq#9304 pc=0038 sp=F34E
irq#9305 pc=0038 sp=F34E
irq#9306 pc=0038 sp=F34E
irq#9307 pc=0038 sp=F34E
irq#9308 pc=0038 sp=F34E
irq#9309 pc=0038 sp=F34E
irq#9310 pc=0038 sp=F34E
irq#9311 pc=0038 sp=F34E
irq#9312 pc=0038 sp=F34E
irq#9313 pc=0038 sp=F34E
irq#9314 pc=0038 sp=F34E
irq#9315 pc=0038 sp=F34E
irq#9316 pc=0038 sp=F34E
irq#9317 pc=0038 sp=F34E
irq#9318 pc=0038 sp=F34E
irq#9319 pc=0038 sp=F34E
irq#9320 pc=0038 sp=F34E
irq#9321 pc=0038 sp=F34E
irq#9322 pc=0038 sp=F34E
irq#9323 pc=0038 sp=F34E
irq#9324 pc=0038 sp=F34E
irq#9325 pc=0038 sp=F34E
irq#9326 pc=0038 sp=F34E
irq#9327 pc=0038 sp=F34E
irq#9328 pc=0038 sp=F34E
irq#9329 pc=0038 sp=F34E
irq#9330 pc=0038 sp=F34E
irq#9331 pc=0038 sp=F34E
irq#9332 pc=0038 sp=F34E
irq#9333 pc=0038 sp=F34E
irq#9334 pc=0038 sp=F34E
irq#9335 pc=0038 sp=F34E
irq#9336 pc=0038 sp=F34E
irq#9337 pc=0038 sp=F34E
irq#9338 pc=0038 sp=F34E
irq#9339 pc=0038 sp=F34E
irq#9340 pc=0038 sp=F34E
irq#9341 pc=0038 sp=F34E
irq#9342 pc=0038 sp=F34E
irq#9343 pc=0038 sp=F34E
irq#9344 pc=0038 sp=F34E
irq#9345 pc=0038 sp=F34E
irq#9346 pc=0038 sp=F34E
irq#9347 pc=0038 sp=F34E
irq#9348 pc=0038 sp=F34E
irq#9349 pc=0038 sp=F34E
irq#9350 pc=0038 sp=F34E
irq#9351 pc=0038 sp=F34E
irq#9352 pc=0038 sp=F34E
irq#9353 pc=0038 sp=F34E
irq#9354 pc=0038 sp=F34E
irq#9355 pc=0038 sp=F34E
irq#9356 pc=0038 sp=F34E
irq#9357 pc=0038 sp=F34E
irq#9358 pc=0038 sp=F34E
irq#9359 pc=0038 sp=F34E
irq#9360 pc=0038 sp=F34E
irq#9361 pc=0038 sp=F34E
irq#9362 pc=0038 sp=F34E
irq#9363 pc=0038 sp=F34E
irq#9364 pc=0038 sp=F34E
irq#9365 pc=0038 sp=F34E
irq#9366 pc=0038 sp=F34E
irq#9367 pc=0038 sp=F34E
irq#9368 pc=0038 sp=F34E
irq#9369 pc=0038 sp=F34E
irq#9370 pc=0038 sp=F34E
irq#9371 pc=0038 sp=F34E
irq#9372 pc=0038 sp=F34E
irq#9373 pc=0038 sp=F34E
irq#9374 pc=0038 sp=F34E
irq#9375 pc=0038 sp=F34E
irq#9376 pc=0038 sp=F34E
irq#9377 pc=0038 sp=F34E
irq#9378 pc=0038 sp=F34E
irq#9379 pc=0038 sp=F34E
irq#9380 pc=0038 sp=F34E
irq#9381 pc=0038 sp=F34E
irq#9382 pc=0038 sp=F34E
irq#9383 pc=0038 sp=F34E
irq#9384 pc=0038 sp=F34E
irq#9385 pc=0038 sp=F34E
irq#9386 pc=0038 sp=F34E
irq#9387 pc=0038 sp=F34E
irq#9388 pc=0038 sp=F34E
irq#9389 pc=0038 sp=F34E
irq#9390 pc=0038 sp=F34E
irq#9391 pc=0038 sp=F34E
irq#9392 pc=0038 sp=F34E
irq#9393 pc=0038 sp=F34E
irq#9394 pc=0038 sp=F34E
irq#9395 pc=0038 sp=F34E
irq#9396 pc=0038 sp=F34E
irq#9397 pc=0038 sp=F34E
irq#9398 pc=0038 sp=F34E
irq#9399 pc=0038 sp=F34E
irq#9400 pc=0038 sp=F34E
irq#9401 pc=0038 sp=F34E
irq#9402 pc=0038 sp=F34E
irq#9403 pc=0038 sp=F34E
irq#9404 pc=0038 sp=F34E
irq#9405 pc=0038 sp=F34E
irq#9406 pc=0038 sp=F34E
irq#9407 pc=0038 sp=F34E
irq#9408 pc=0038 sp=F34E
irq#9409 pc=0038 sp=F34E
irq#9410 pc=0038 sp=F34E
irq#9411 pc=0038 sp=F34E
irq#9412 pc=0038 sp=F34E
irq#9413 pc=0038 sp=F34E
irq#9414 pc=0038 sp=F34E
irq#9415 pc=0038 sp=F34E
irq#9416 pc=0038 sp=F34E
irq#9417 pc=0038 sp=F34E
irq#9418 pc=0038 sp=F34E
irq#9419 pc=0038 sp=F34E
irq#9420 pc=0038 sp=F34E
irq#9421 pc=0038 sp=F34E
irq#9422 pc=0038 sp=F34E
irq#9423 pc=0038 sp=F34E
irq#9424 pc=0038 sp=F34E
irq#9425 pc=0038 sp=F34E
irq#9426 pc=0038 sp=F34E
irq#9427 pc=0038 sp=F34E
irq#9428 pc=0038 sp=F34E
irq#9429 pc=0038 sp=F34E
irq#9430 pc=0038 sp=F34E
irq#9431 pc=0038 sp=F34E
irq#9432 pc=0038 sp=F34E
irq#9433 pc=0038 sp=F34E
irq#9434 pc=0038 sp=F34E
irq#9435 pc=0038 sp=F34E
irq#9436 pc=0038 sp=F34E
irq#9437 pc=0038 sp=F34E
irq#9438 pc=0038 sp=F34E
irq#9439 pc=0038 sp=F34E
irq#9440 pc=0038 sp=F34E
irq#9441 pc=0038 sp=F34E
irq#9442 pc=0038 sp=F34E
irq#9443 pc=0038 sp=F34E
irq#9444 pc=0038 sp=F34E
irq#9445 pc=0038 sp=F33E
irq#9446 pc=0038 sp=F34E
irq#9447 pc=0038 sp=F34E
irq#9448 pc=0038 sp=F34E
irq#9449 pc=0038 sp=F34E
irq#9450 pc=0038 sp=F34E
irq#9451 pc=0038 sp=F34E
irq#9452 pc=0038 sp=F34E
irq#9453 pc=0038 sp=F34E
irq#9454 pc=0038 sp=F34E
irq#9455 pc=0038 sp=F34E
irq#9456 pc=0038 sp=F34E
irq#9457 pc=0038 sp=F34E
irq#9458 pc=0038 sp=F34E
irq#9459 pc=0038 sp=F34E
irq#9460 pc=0038 sp=F34E
irq#9461 pc=0038 sp=F34E
irq#9462 pc=0038 sp=F34E
irq#9463 pc=0038 sp=F34E
irq#9464 pc=0038 sp=F34E
irq#9465 pc=0038 sp=F34E
irq#9466 pc=0038 sp=F34E
irq#9467 pc=0038 sp=F34E
irq#9468 pc=0038 sp=F34E
irq#9469 pc=0038 sp=F34E
irq#9470 pc=0038 sp=F34E
irq#9471 pc=0038 sp=F34E
irq#9472 pc=0038 sp=F34E
irq#9473 pc=0038 sp=F34E
irq#9474 pc=0038 sp=F34E
irq#9475 pc=0038 sp=F34E
irq#9476 pc=0038 sp=F34E
irq#9477 pc=0038 sp=F34E
irq#9478 pc=0038 sp=F34E
irq#9479 pc=0038 sp=F34E
irq#9480 pc=0038 sp=F34E
irq#9481 pc=0038 sp=F34E
irq#9482 pc=0038 sp=F34E
irq#9483 pc=0038 sp=F34E
irq#9484 pc=0038 sp=F34E
irq#9485 pc=0038 sp=F34E
irq#9486 pc=0038 sp=F34E
irq#9487 pc=0038 sp=F34E
irq#9488 pc=0038 sp=F34E
irq#9489 pc=0038 sp=F34E
irq#9490 pc=0038 sp=F34E
irq#9491 pc=0038 sp=F34E
irq#9492 pc=0038 sp=F34E
irq#9493 pc=0038 sp=F34E
irq#9494 pc=0038 sp=F34E
irq#9495 pc=0038 sp=F34E
irq#9496 pc=0038 sp=F34E
irq#9497 pc=0038 sp=F34E
irq#9498 pc=0038 sp=F34E
irq#9499 pc=0038 sp=F34E
irq#9500 pc=0038 sp=F34E
irq#9501 pc=0038 sp=F34E
irq#9502 pc=0038 sp=F34E
irq#9503 pc=0038 sp=F34E
irq#9504 pc=0038 sp=F34E
irq#9505 pc=0038 sp=F34E
irq#9506 pc=0038 sp=F34E
irq#9507 pc=0038 sp=F34E
irq#9508 pc=0038 sp=F34E
irq#9509 pc=0038 sp=F34E
irq#9510 pc=0038 sp=F34E
irq#9511 pc=0038 sp=F34E
irq#9512 pc=0038 sp=F34E
irq#9513 pc=0038 sp=F34E
irq#9514 pc=0038 sp=F34E
irq#9515 pc=0038 sp=F34E
irq#9516 pc=0038 sp=F34E
irq#9517 pc=0038 sp=F34E
irq#9518 pc=0038 sp=F34E
irq#9519 pc=0038 sp=F34E
irq#9520 pc=0038 sp=F34E
irq#9521 pc=0038 sp=F34E
irq#9522 pc=0038 sp=F34E
irq#9523 pc=0038 sp=F34E
irq#9524 pc=0038 sp=F34E
irq#9525 pc=0038 sp=F34E
irq#9526 pc=0038 sp=F34E
irq#9527 pc=0038 sp=F34E
irq#9528 pc=0038 sp=F34E
irq#9529 pc=0038 sp=F34E
irq#9530 pc=0038 sp=F34E
irq#9531 pc=0038 sp=F34E
irq#9532 pc=0038 sp=F34E
irq#9533 pc=0038 sp=F34E
irq#9534 pc=0038 sp=F34E
irq#9535 pc=0038 sp=F34E
irq#9536 pc=0038 sp=F34E
irq#9537 pc=0038 sp=F34E
irq#9538 pc=0038 sp=F34E
irq#9539 pc=0038 sp=F34E
irq#9540 pc=0038 sp=F34E
irq#9541 pc=0038 sp=F34E
irq#9542 pc=0038 sp=F34E
irq#9543 pc=0038 sp=F34E
irq#9544 pc=0038 sp=F34E
irq#9545 pc=0038 sp=F34E
irq#9546 pc=0038 sp=F34E
irq#9547 pc=0038 sp=F34E
irq#9548 pc=0038 sp=F34E
irq#9549 pc=0038 sp=F34E
irq#9550 pc=0038 sp=F34E
irq#9551 pc=0038 sp=F34E
irq#9552 pc=0038 sp=F34E
irq#9553 pc=0038 sp=F34E
irq#9554 pc=0038 sp=F34E
irq#9555 pc=0038 sp=F34E
irq#9556 pc=0038 sp=F34E
irq#9557 pc=0038 sp=F34E
irq#9558 pc=0038 sp=F34E
irq#9559 pc=0038 sp=F34E
irq#9560 pc=0038 sp=F34E
irq#9561 pc=0038 sp=F34E
irq#9562 pc=0038 sp=F34E
irq#9563 pc=0038 sp=F34E
irq#9564 pc=0038 sp=F34E
irq#9565 pc=0038 sp=F34E
irq#9566 pc=0038 sp=F34E
irq#9567 pc=0038 sp=F34E
irq#9568 pc=0038 sp=F34E
irq#9569 pc=0038 sp=F34E
irq#9570 pc=0038 sp=F34E
irq#9571 pc=0038 sp=F34E
irq#9572 pc=0038 sp=F34E
irq#9573 pc=0038 sp=F34E
irq#9574 pc=0038 sp=F34E
irq#9575 pc=0038 sp=F34E
irq#9576 pc=0038 sp=F34E
irq#9577 pc=0038 sp=F34E
irq#9578 pc=0038 sp=F34E
irq#9579 pc=0038 sp=F34E
irq#9580 pc=0038 sp=F34E
irq#9581 pc=0038 sp=F34E
irq#9582 pc=0038 sp=F34E
irq#9583 pc=0038 sp=F34E
irq#9584 pc=0038 sp=F34E
irq#9585 pc=0038 sp=F34E
irq#9586 pc=0038 sp=F34E
irq#9587 pc=0038 sp=F34E
irq#9588 pc=0038 sp=F34E
irq#9589 pc=0038 sp=F34E
irq#9590 pc=0038 sp=F34E
irq#9591 pc=0038 sp=F34E
irq#9592 pc=0038 sp=F34E
irq#9593 pc=0038 sp=F34E
irq#9594 pc=0038 sp=F34E
irq#9595 pc=0038 sp=F34E
irq#9596 pc=0038 sp=F34E
irq#9597 pc=0038 sp=F34E
irq#9598 pc=0038 sp=F34E
irq#9599 pc=0038 sp=F34E
irq#9600 pc=0038 sp=F34E
irq#9601 pc=0038 sp=F34E
irq#9602 pc=0038 sp=F34E
irq#9603 pc=0038 sp=F34E
irq#9604 pc=0038 sp=F34E
irq#9605 pc=0038 sp=F34E
irq#9606 pc=0038 sp=F34E
irq#9607 pc=0038 sp=F34E
irq#9608 pc=0038 sp=F34E
irq#9609 pc=0038 sp=F34E
irq#9610 pc=0038 sp=F34E
irq#9611 pc=0038 sp=F34E
irq#9612 pc=0038 sp=F34E
irq#9613 pc=0038 sp=F34E
irq#9614 pc=0038 sp=F34E
irq#9615 pc=0038 sp=F34E
irq#9616 pc=0038 sp=F34E
irq#9617 pc=0038 sp=F34E
irq#9618 pc=0038 sp=F34E
irq#9619 pc=0038 sp=F34E
irq#9620 pc=0038 sp=F34E
irq#9621 pc=0038 sp=F34E
irq#9622 pc=0038 sp=F34E
irq#9623 pc=0038 sp=F34E
irq#9624 pc=0038 sp=F34E
irq#9625 pc=0038 sp=F34E
irq#9626 pc=0038 sp=F34E
irq#9627 pc=0038 sp=F34E
irq#9628 pc=0038 sp=F34E
irq#9629 pc=0038 sp=F338
irq#9630 pc=0038 sp=F34E
irq#9631 pc=0038 sp=F34E
irq#9632 pc=0038 sp=F34E
irq#9633 pc=0038 sp=F34E
irq#9634 pc=0038 sp=F34E
irq#9635 pc=0038 sp=F34E
irq#9636 pc=0038 sp=F34E
irq#9637 pc=0038 sp=F34E
irq#9638 pc=0038 sp=F34E
irq#9639 pc=0038 sp=F34E
irq#9640 pc=0038 sp=F34E
irq#9641 pc=0038 sp=F34E
irq#9642 pc=0038 sp=F34E
irq#9643 pc=0038 sp=F34E
irq#9644 pc=0038 sp=F34E
irq#9645 pc=0038 sp=F34E
irq#9646 pc=0038 sp=F34E
irq#9647 pc=0038 sp=F34E
irq#9648 pc=0038 sp=F34E
irq#9649 pc=0038 sp=F34E
irq#9650 pc=0038 sp=F34E
irq#9651 pc=0038 sp=F34E
irq#9652 pc=0038 sp=F34E
irq#9653 pc=0038 sp=F34E
irq#9654 pc=0038 sp=F34E
irq#9655 pc=0038 sp=F34E
irq#9656 pc=0038 sp=F34E
irq#9657 pc=0038 sp=F34E
irq#9658 pc=0038 sp=F34E
irq#9659 pc=0038 sp=F34E
irq#9660 pc=0038 sp=F34E
irq#9661 pc=0038 sp=F34E
irq#9662 pc=0038 sp=F34E
irq#9663 pc=0038 sp=F34E
irq#9664 pc=0038 sp=F34E
irq#9665 pc=0038 sp=F34E
irq#9666 pc=0038 sp=F34E
irq#9667 pc=0038 sp=F34E
irq#9668 pc=0038 sp=F34E
irq#9669 pc=0038 sp=F34E
irq#9670 pc=0038 sp=F34E
irq#9671 pc=0038 sp=F34E
irq#9672 pc=0038 sp=F34E
irq#9673 pc=0038 sp=F34E
irq#9674 pc=0038 sp=F34E
irq#9675 pc=0038 sp=F34E
irq#9676 pc=0038 sp=F34E
irq#9677 pc=0038 sp=F34E
irq#9678 pc=0038 sp=F34E
irq#9679 pc=0038 sp=F34E
irq#9680 pc=0038 sp=F34E
irq#9681 pc=0038 sp=F34E
irq#9682 pc=0038 sp=F34E
irq#9683 pc=0038 sp=F34E
irq#9684 pc=0038 sp=F34E
irq#9685 pc=0038 sp=F34E
irq#9686 pc=0038 sp=F34E
irq#9687 pc=0038 sp=F34E
irq#9688 pc=0038 sp=F34E
irq#9689 pc=0038 sp=F34E
irq#9690 pc=0038 sp=F34E
irq#9691 pc=0038 sp=F34E
irq#9692 pc=0038 sp=F34E
irq#9693 pc=0038 sp=F34E
irq#9694 pc=0038 sp=F34E
irq#9695 pc=0038 sp=F34E
irq#9696 pc=0038 sp=F34E
irq#9697 pc=0038 sp=F34E
irq#9698 pc=0038 sp=F34E
irq#9699 pc=0038 sp=F34E
irq#9700 pc=0038 sp=F34E
irq#9701 pc=0038 sp=F34E
irq#9702 pc=0038 sp=F34E
irq#9703 pc=0038 sp=F34E
irq#9704 pc=0038 sp=F34E
irq#9705 pc=0038 sp=F34E
irq#9706 pc=0038 sp=F34E
irq#9707 pc=0038 sp=F34E
irq#9708 pc=0038 sp=F34E
irq#9709 pc=0038 sp=F34E
irq#9710 pc=0038 sp=F34E
irq#9711 pc=0038 sp=F34E
irq#9712 pc=0038 sp=F34E
irq#9713 pc=0038 sp=F34E
irq#9714 pc=0038 sp=F34E
irq#9715 pc=0038 sp=F34E
irq#9716 pc=0038 sp=F34E
irq#9717 pc=0038 sp=F34E
irq#9718 pc=0038 sp=F34E
irq#9719 pc=0038 sp=F34E
irq#9720 pc=0038 sp=F34E
irq#9721 pc=0038 sp=F34E
irq#9722 pc=0038 sp=F34E
irq#9723 pc=0038 sp=F34E
irq#9724 pc=0038 sp=F34E
irq#9725 pc=0038 sp=F34E
irq#9726 pc=0038 sp=F34E
irq#9727 pc=0038 sp=F34E
irq#9728 pc=0038 sp=F34E
irq#9729 pc=0038 sp=F34E
irq#9730 pc=0038 sp=F34E
irq#9731 pc=0038 sp=F34E
irq#9732 pc=0038 sp=F34E
irq#9733 pc=0038 sp=F34E
irq#9734 pc=0038 sp=F34E
irq#9735 pc=0038 sp=F34E
irq#9736 pc=0038 sp=F34E
irq#9737 pc=0038 sp=F34E
irq#9738 pc=0038 sp=F34E
irq#9739 pc=0038 sp=F34E
irq#9740 pc=0038 sp=F34E
irq#9741 pc=0038 sp=F34E
irq#9742 pc=0038 sp=F34E
irq#9743 pc=0038 sp=F34E
irq#9744 pc=0038 sp=F34E
irq#9745 pc=0038 sp=F34E
irq#9746 pc=0038 sp=F34E
irq#9747 pc=0038 sp=F34E
irq#9748 pc=0038 sp=F34E
irq#9749 pc=0038 sp=F34E
irq#9750 pc=0038 sp=F34E
irq#9751 pc=0038 sp=F34E
irq#9752 pc=0038 sp=F34E
irq#9753 pc=0038 sp=F34E
irq#9754 pc=0038 sp=F34E
irq#9755 pc=0038 sp=F34E
irq#9756 pc=0038 sp=F34E
irq#9757 pc=0038 sp=F34E
irq#9758 pc=0038 sp=F34E
irq#9759 pc=0038 sp=F34E
irq#9760 pc=0038 sp=F34E
irq#9761 pc=0038 sp=F34E
irq#9762 pc=0038 sp=F34E
irq#9763 pc=0038 sp=F34E
irq#9764 pc=0038 sp=F34E
irq#9765 pc=0038 sp=F34E
irq#9766 pc=0038 sp=F34E
irq#9767 pc=0038 sp=F34E
irq#9768 pc=0038 sp=F34E
irq#9769 pc=0038 sp=F34E
irq#9770 pc=0038 sp=F34E
irq#9771 pc=0038 sp=F34E
irq#9772 pc=0038 sp=F34E
irq#9773 pc=0038 sp=F34E
irq#9774 pc=0038 sp=F34E
irq#9775 pc=0038 sp=F34E
irq#9776 pc=0038 sp=F34E
irq#9777 pc=0038 sp=F34E
irq#9778 pc=0038 sp=F34E
irq#9779 pc=0038 sp=F34E
irq#9780 pc=0038 sp=F34E
irq#9781 pc=0038 sp=F34E
irq#9782 pc=0038 sp=F34E
irq#9783 pc=0038 sp=F34E
irq#9784 pc=0038 sp=F34E
irq#9785 pc=0038 sp=F34E
irq#9786 pc=0038 sp=F34E
irq#9787 pc=0038 sp=F34E
irq#9788 pc=0038 sp=F34E
irq#9789 pc=0038 sp=F34E
irq#9790 pc=0038 sp=F34E
irq#9791 pc=0038 sp=F34E
irq#9792 pc=0038 sp=F34E
irq#9793 pc=0038 sp=F34E
irq#9794 pc=0038 sp=F34E
irq#9795 pc=0038 sp=F34E
irq#9796 pc=0038 sp=F34E
irq#9797 pc=0038 sp=F34E
irq#9798 pc=0038 sp=F34E
irq#9799 pc=0038 sp=F34E
irq#9800 pc=0038 sp=F34E
irq#9801 pc=0038 sp=F34E
irq#9802 pc=0038 sp=F34E
irq#9803 pc=0038 sp=F34E
irq#9804 pc=0038 sp=F34E
irq#9805 pc=0038 sp=F34E
irq#9806 pc=0038 sp=F34E
irq#9807 pc=0038 sp=F34E
irq#9808 pc=0038 sp=F34E
irq#9809 pc=0038 sp=F34E
irq#9810 pc=0038 sp=F34E
irq#9811 pc=0038 sp=F34E
irq#9812 pc=0038 sp=F34E
irq#9813 pc=0038 sp=F33A
irq#9814 pc=0038 sp=F34E
irq#9815 pc=0038 sp=F34E
irq#9816 pc=0038 sp=F34E
irq#9817 pc=0038 sp=F34E
irq#9818 pc=0038 sp=F34E
irq#9819 pc=0038 sp=F34E
irq#9820 pc=0038 sp=F34E
irq#9821 pc=0038 sp=F34E
irq#9822 pc=0038 sp=F34E
irq#9823 pc=0038 sp=F34E
irq#9824 pc=0038 sp=F34E
irq#9825 pc=0038 sp=F34E
irq#9826 pc=0038 sp=F34E
irq#9827 pc=0038 sp=F34E
irq#9828 pc=0038 sp=F34E
irq#9829 pc=0038 sp=F34E
irq#9830 pc=0038 sp=F34E
irq#9831 pc=0038 sp=F34E
irq#9832 pc=0038 sp=F34E
irq#9833 pc=0038 sp=F34E
irq#9834 pc=0038 sp=F34E
irq#9835 pc=0038 sp=F34E
irq#9836 pc=0038 sp=F34E
irq#9837 pc=0038 sp=F34E
irq#9838 pc=0038 sp=F34E
irq#9839 pc=0038 sp=F34E
irq#9840 pc=0038 sp=F34E
irq#9841 pc=0038 sp=F34E
irq#9842 pc=0038 sp=F34E
irq#9843 pc=0038 sp=F34E
irq#9844 pc=0038 sp=F34E
irq#9845 pc=0038 sp=F34E
irq#9846 pc=0038 sp=F34E
irq#9847 pc=0038 sp=F34E
irq#9848 pc=0038 sp=F34E
irq#9849 pc=0038 sp=F34E
irq#9850 pc=0038 sp=F34E
irq#9851 pc=0038 sp=F34E
irq#9852 pc=0038 sp=F34E
irq#9853 pc=0038 sp=F34E
irq#9854 pc=0038 sp=F34E
irq#9855 pc=0038 sp=F34E
irq#9856 pc=0038 sp=F34E
irq#9857 pc=0038 sp=F34E
irq#9858 pc=0038 sp=F34E
irq#9859 pc=0038 sp=F34E
irq#9860 pc=0038 sp=F34E
irq#9861 pc=0038 sp=F34E
irq#9862 pc=0038 sp=F34E
irq#9863 pc=0038 sp=F34E
irq#9864 pc=0038 sp=F34E
irq#9865 pc=0038 sp=F34E
irq#9866 pc=0038 sp=F34E
irq#9867 pc=0038 sp=F34E
irq#9868 pc=0038 sp=F34E
irq#9869 pc=0038 sp=F34E
irq#9870 pc=0038 sp=F34E
irq#9871 pc=0038 sp=F34E
irq#9872 pc=0038 sp=F34E
irq#9873 pc=0038 sp=F34E
irq#9874 pc=0038 sp=F34E
irq#9875 pc=0038 sp=F34E
irq#9876 pc=0038 sp=F34E
irq#9877 pc=0038 sp=F34E
irq#9878 pc=0038 sp=F34E
irq#9879 pc=0038 sp=F34E
irq#9880 pc=0038 sp=F34E
irq#9881 pc=0038 sp=F34E
irq#9882 pc=0038 sp=F34E
irq#9883 pc=0038 sp=F34E
irq#9884 pc=0038 sp=F34E
irq#9885 pc=0038 sp=F34E
irq#9886 pc=0038 sp=F34E
irq#9887 pc=0038 sp=F34E
irq#9888 pc=0038 sp=F34E
irq#9889 pc=0038 sp=F34E
irq#9890 pc=0038 sp=F34E
irq#9891 pc=0038 sp=F34E
irq#9892 pc=0038 sp=F34E
irq#9893 pc=0038 sp=F34E
irq#9894 pc=0038 sp=F34E
irq#9895 pc=0038 sp=F34E
irq#9896 pc=0038 sp=F34E
irq#9897 pc=0038 sp=F34E
irq#9898 pc=0038 sp=F34E
irq#9899 pc=0038 sp=F34E
irq#9900 pc=0038 sp=F34E
irq#9901 pc=0038 sp=F34E
irq#9902 pc=0038 sp=F34E
irq#9903 pc=0038 sp=F34E
irq#9904 pc=0038 sp=F34E
irq#9905 pc=0038 sp=F34E
irq#9906 pc=0038 sp=F34E
irq#9907 pc=0038 sp=F34E
irq#9908 pc=0038 sp=F34E
irq#9909 pc=0038 sp=F34E
irq#9910 pc=0038 sp=F34E
irq#9911 pc=0038 sp=F34E
irq#9912 pc=0038 sp=F34E
irq#9913 pc=0038 sp=F34E
irq#9914 pc=0038 sp=F34E
irq#9915 pc=0038 sp=F34E
irq#9916 pc=0038 sp=F34E
irq#9917 pc=0038 sp=F34E
irq#9918 pc=0038 sp=F34E
irq#9919 pc=0038 sp=F34E
irq#9920 pc=0038 sp=F34E
irq#9921 pc=0038 sp=F34E
irq#9922 pc=0038 sp=F34E
irq#9923 pc=0038 sp=F34E
irq#9924 pc=0038 sp=F34E
irq#9925 pc=0038 sp=F34E
irq#9926 pc=0038 sp=F34E
irq#9927 pc=0038 sp=F34E
irq#9928 pc=0038 sp=F34E
irq#9929 pc=0038 sp=F34E
irq#9930 pc=0038 sp=F34E
irq#9931 pc=0038 sp=F34E
irq#9932 pc=0038 sp=F34E
irq#9933 pc=0038 sp=F34E
irq#9934 pc=0038 sp=F34E
irq#9935 pc=0038 sp=F34E
irq#9936 pc=0038 sp=F34E
irq#9937 pc=0038 sp=F34E
irq#9938 pc=0038 sp=F34E
irq#9939 pc=0038 sp=F34E
irq#9940 pc=0038 sp=F34E
irq#9941 pc=0038 sp=F34E
irq#9942 pc=0038 sp=F34E
irq#9943 pc=0038 sp=F34E
irq#9944 pc=0038 sp=F34E
irq#9945 pc=0038 sp=F34E
irq#9946 pc=0038 sp=F34E
irq#9947 pc=0038 sp=F34E
irq#9948 pc=0038 sp=F34E
irq#9949 pc=0038 sp=F34E
irq#9950 pc=0038 sp=F34E
irq#9951 pc=0038 sp=F34E
irq#9952 pc=0038 sp=F34E
irq#9953 pc=0038 sp=F34E
irq#9954 pc=0038 sp=F34E
irq#9955 pc=0038 sp=F34E
irq#9956 pc=0038 sp=F34E
irq#9957 pc=0038 sp=F34E
irq#9958 pc=0038 sp=F34E
irq#9959 pc=0038 sp=F34E
irq#9960 pc=0038 sp=F34E
irq#9961 pc=0038 sp=F34E
irq#9962 pc=0038 sp=F34E
irq#9963 pc=0038 sp=F34E
irq#9964 pc=0038 sp=F34E
irq#9965 pc=0038 sp=F34E
irq#9966 pc=0038 sp=F34E
irq#9967 pc=0038 sp=F34E
irq#9968 pc=0038 sp=F34E
irq#9969 pc=0038 sp=F34E
irq#9970 pc=0038 sp=F34E
irq#9971 pc=0038 sp=F34E
irq#9972 pc=0038 sp=F34E
irq#9973 pc=0038 sp=F34E
irq#9974 pc=0038 sp=F34E
irq#9975 pc=0038 sp=F34E
irq#9976 pc=0038 sp=F34E
irq#9977 pc=0038 sp=F34E
irq#9978 pc=0038 sp=F34E
irq#9979 pc=0038 sp=F34E
irq#9980 pc=0038 sp=F34E
irq#9981 pc=0038 sp=F34E
irq#9982 pc=0038 sp=F34E
irq#9983 pc=0038 sp=F34E
irq#9984 pc=0038 sp=F34E
irq#9985 pc=0038 sp=F34E
irq#9986 pc=0038 sp=F34E
irq#9987 pc=0038 sp=F34E
irq#9988 pc=0038 sp=F34E
irq#9989 pc=0038 sp=F34E
irq#9990 pc=0038 sp=F34E
irq#9991 pc=0038 sp=F34E
irq#9992 pc=0038 sp=F34E
irq#9993 pc=0038 sp=F34E
irq#9994 pc=0038 sp=F34E
irq#9995 pc=0038 sp=F34E
irq#9996 pc=0038 sp=F34E
irq#9997 pc=0038 sp=F33E
irq#9998 pc=0038 sp=F34E
irq#9999 pc=0038 sp=F34E
irq#10000 pc=0038 sp=F34E
irq#10001 pc=0038 sp=F34E
irq#10002 pc=0038 sp=F34E
irq#10003 pc=0038 sp=F34E
irq#10004 pc=0038 sp=F34E
irq#10005 pc=0038 sp=F34E
irq#10006 pc=0038 sp=F34E
irq#10007 pc=0038 sp=F34E
irq#10008 pc=0038 sp=F34E
irq#10009 pc=0038 sp=F34E
irq#10010 pc=0038 sp=F34E
irq#10011 pc=0038 sp=F34E
irq#10012 pc=0038 sp=F34E
irq#10013 pc=0038 sp=F34E
irq#10014 pc=0038 sp=F34E
irq#10015 pc=0038 sp=F34E
irq#10016 pc=0038 sp=F34E
irq#10017 pc=0038 sp=F34E
irq#10018 pc=0038 sp=F34E
irq#10019 pc=0038 sp=F34E
irq#10020 pc=0038 sp=F34E
irq#10021 pc=0038 sp=F34E
irq#10022 pc=0038 sp=F34E
irq#10023 pc=0038 sp=F34E
irq#10024 pc=0038 sp=F34E
irq#10025 pc=0038 sp=F34E
irq#10026 pc=0038 sp=F34E
irq#10027 pc=0038 sp=F34E
irq#10028 pc=0038 sp=F34E
irq#10029 pc=0038 sp=F34E
irq#10030 pc=0038 sp=F34E
irq#10031 pc=0038 sp=F34E
irq#10032 pc=0038 sp=F34E
irq#10033 pc=0038 sp=F34E
irq#10034 pc=0038 sp=F34E
irq#10035 pc=0038 sp=F34E
irq#10036 pc=0038 sp=F34E
irq#10037 pc=0038 sp=F34E
irq#10038 pc=0038 sp=F34E
irq#10039 pc=0038 sp=F34E
irq#10040 pc=0038 sp=F34E
irq#10041 pc=0038 sp=F34E
irq#10042 pc=0038 sp=F34E
irq#10043 pc=0038 sp=F34E
irq#10044 pc=0038 sp=F34E
irq#10045 pc=0038 sp=F34E
irq#10046 pc=0038 sp=F34E
irq#10047 pc=0038 sp=F34E
irq#10048 pc=0038 sp=F34E
irq#10049 pc=0038 sp=F34E
irq#10050 pc=0038 sp=F34E
irq#10051 pc=0038 sp=F34E
irq#10052 pc=0038 sp=F34E
irq#10053 pc=0038 sp=F34E
irq#10054 pc=0038 sp=F34E
irq#10055 pc=0038 sp=F34E
irq#10056 pc=0038 sp=F34E
irq#10057 pc=0038 sp=F34E
irq#10058 pc=0038 sp=F34E
irq#10059 pc=0038 sp=F34E
irq#10060 pc=0038 sp=F34E
irq#10061 pc=0038 sp=F34E
irq#10062 pc=0038 sp=F34E
irq#10063 pc=0038 sp=F34E
irq#10064 pc=0038 sp=F34E
irq#10065 pc=0038 sp=F34E
irq#10066 pc=0038 sp=F34E
irq#10067 pc=0038 sp=F34E
irq#10068 pc=0038 sp=F34E
irq#10069 pc=0038 sp=F34E
irq#10070 pc=0038 sp=F34E
irq#10071 pc=0038 sp=F34E
irq#10072 pc=0038 sp=F34E
irq#10073 pc=0038 sp=F34E
irq#10074 pc=0038 sp=F34E
irq#10075 pc=0038 sp=F34E
irq#10076 pc=0038 sp=F34E
irq#10077 pc=0038 sp=F34E
irq#10078 pc=0038 sp=F34E
irq#10079 pc=0038 sp=F34E
irq#10080 pc=0038 sp=F34E
irq#10081 pc=0038 sp=F34E
irq#10082 pc=0038 sp=F34E
irq#10083 pc=0038 sp=F34E
irq#10084 pc=0038 sp=F34E
irq#10085 pc=0038 sp=F34E
irq#10086 pc=0038 sp=F34E
irq#10087 pc=0038 sp=F34E
irq#10088 pc=0038 sp=F34E
irq#10089 pc=0038 sp=F34E
irq#10090 pc=0038 sp=F34E
irq#10091 pc=0038 sp=F34E
irq#10092 pc=0038 sp=F34E
irq#10093 pc=0038 sp=F34E
irq#10094 pc=0038 sp=F34E
irq#10095 pc=0038 sp=F34E
irq#10096 pc=0038 sp=F34E
irq#10097 pc=0038 sp=F34E
irq#10098 pc=0038 sp=F34E
irq#10099 pc=0038 sp=F34E
irq#10100 pc=0038 sp=F34E
irq#10101 pc=0038 sp=F34E
irq#10102 pc=0038 sp=F34E
irq#10103 pc=0038 sp=F34E
irq#10104 pc=0038 sp=F34E
irq#10105 pc=0038 sp=F34E
irq#10106 pc=0038 sp=F34E
irq#10107 pc=0038 sp=F34E
irq#10108 pc=0038 sp=F34E
irq#10109 pc=0038 sp=F34E
irq#10110 pc=0038 sp=F34E
irq#10111 pc=0038 sp=F34E
irq#10112 pc=0038 sp=F34E
irq#10113 pc=0038 sp=F34E
irq#10114 pc=0038 sp=F34E
irq#10115 pc=0038 sp=F34E
irq#10116 pc=0038 sp=F34E
irq#10117 pc=0038 sp=F34E
irq#10118 pc=0038 sp=F34E
irq#10119 pc=0038 sp=F34E
irq#10120 pc=0038 sp=F34E
irq#10121 pc=0038 sp=F34E
irq#10122 pc=0038 sp=F34E
irq#10123 pc=0038 sp=F34E
irq#10124 pc=0038 sp=F34E
irq#10125 pc=0038 sp=F34E
irq#10126 pc=0038 sp=F34E
irq#10127 pc=0038 sp=F34E
irq#10128 pc=0038 sp=F34E
irq#10129 pc=0038 sp=F34E
irq#10130 pc=0038 sp=F34E
irq#10131 pc=0038 sp=F34E
irq#10132 pc=0038 sp=F34E
irq#10133 pc=0038 sp=F34E
irq#10134 pc=0038 sp=F34E
irq#10135 pc=0038 sp=F34E
irq#10136 pc=0038 sp=F34E
irq#10137 pc=0038 sp=F34E
irq#10138 pc=0038 sp=F34E
irq#10139 pc=0038 sp=F34E
irq#10140 pc=0038 sp=F34E
irq#10141 pc=0038 sp=F34E
irq#10142 pc=0038 sp=F34E
irq#10143 pc=0038 sp=F34E
irq#10144 pc=0038 sp=F34E
irq#10145 pc=0038 sp=F34E
irq#10146 pc=0038 sp=F34E
irq#10147 pc=0038 sp=F34E
irq#10148 pc=0038 sp=F34E
irq#10149 pc=0038 sp=F34E
irq#10150 pc=0038 sp=F34E
irq#10151 pc=0038 sp=F34E
irq#10152 pc=0038 sp=F34E
irq#10153 pc=0038 sp=F34E
irq#10154 pc=0038 sp=F34E
irq#10155 pc=0038 sp=F34E
irq#10156 pc=0038 sp=F34E
irq#10157 pc=0038 sp=F34E
irq#10158 pc=0038 sp=F34E
irq#10159 pc=0038 sp=F34E
irq#10160 pc=0038 sp=F34E
irq#10161 pc=0038 sp=F34E
irq#10162 pc=0038 sp=F34E
irq#10163 pc=0038 sp=F34E
irq#10164 pc=0038 sp=F34E
irq#10165 pc=0038 sp=F34E
irq#10166 pc=0038 sp=F34E
irq#10167 pc=0038 sp=F34E
irq#10168 pc=0038 sp=F34E
irq#10169 pc=0038 sp=F34E
irq#10170 pc=0038 sp=F34E
irq#10171 pc=0038 sp=F34E
irq#10172 pc=0038 sp=F34E
irq#10173 pc=0038 sp=F34E
irq#10174 pc=0038 sp=F34E
irq#10175 pc=0038 sp=F34E
irq#10176 pc=0038 sp=F34E
irq#10177 pc=0038 sp=F34E
irq#10178 pc=0038 sp=F34E
irq#10179 pc=0038 sp=F34E
irq#10180 pc=0038 sp=F34E
irq#10181 pc=0038 sp=F344
irq#10182 pc=0038 sp=F34E
irq#10183 pc=0038 sp=F34E
irq#10184 pc=0038 sp=F34E
irq#10185 pc=0038 sp=F34E
irq#10186 pc=0038 sp=F34E
irq#10187 pc=0038 sp=F34E
irq#10188 pc=0038 sp=F34E
irq#10189 pc=0038 sp=F34E
irq#10190 pc=0038 sp=F34E
irq#10191 pc=0038 sp=F34E
irq#10192 pc=0038 sp=F34E
irq#10193 pc=0038 sp=F34E
irq#10194 pc=0038 sp=F34E
irq#10195 pc=0038 sp=F34E
irq#10196 pc=0038 sp=F34E
irq#10197 pc=0038 sp=F34E
irq#10198 pc=0038 sp=F34E
irq#10199 pc=0038 sp=F34E
irq#10200 pc=0038 sp=F34E
irq#10201 pc=0038 sp=F34E
irq#10202 pc=0038 sp=F34E
irq#10203 pc=0038 sp=F34E
irq#10204 pc=0038 sp=F34E
irq#10205 pc=0038 sp=F34E
irq#10206 pc=0038 sp=F34E
irq#10207 pc=0038 sp=F34E
irq#10208 pc=0038 sp=F34E
irq#10209 pc=0038 sp=F34E
irq#10210 pc=0038 sp=F34E
irq#10211 pc=0038 sp=F34E
irq#10212 pc=0038 sp=F34E
irq#10213 pc=0038 sp=F34E
irq#10214 pc=0038 sp=F34E
irq#10215 pc=0038 sp=F34E
irq#10216 pc=0038 sp=F34E
irq#10217 pc=0038 sp=F34E
irq#10218 pc=0038 sp=F34E
irq#10219 pc=0038 sp=F34E
irq#10220 pc=0038 sp=F34E
irq#10221 pc=0038 sp=F34E
irq#10222 pc=0038 sp=F34E
irq#10223 pc=0038 sp=F34E
irq#10224 pc=0038 sp=F34E
irq#10225 pc=0038 sp=F34E
irq#10226 pc=0038 sp=F34E
irq#10227 pc=0038 sp=F34E
irq#10228 pc=0038 sp=F34E
irq#10229 pc=0038 sp=F34E
irq#10230 pc=0038 sp=F34E
irq#10231 pc=0038 sp=F34E
irq#10232 pc=0038 sp=F34E
irq#10233 pc=0038 sp=F34E
irq#10234 pc=0038 sp=F34E
irq#10235 pc=0038 sp=F34E
irq#10236 pc=0038 sp=F34E
irq#10237 pc=0038 sp=F34E
irq#10238 pc=0038 sp=F34E
irq#10239 pc=0038 sp=F34E
irq#10240 pc=0038 sp=F34E
irq#10241 pc=0038 sp=F34E
irq#10242 pc=0038 sp=F34E
irq#10243 pc=0038 sp=F34E
irq#10244 pc=0038 sp=F34E
irq#10245 pc=0038 sp=F34E
irq#10246 pc=0038 sp=F34E
irq#10247 pc=0038 sp=F34E
irq#10248 pc=0038 sp=F34E
irq#10249 pc=0038 sp=F34E
irq#10250 pc=0038 sp=F34E
irq#10251 pc=0038 sp=F34E
irq#10252 pc=0038 sp=F34E
irq#10253 pc=0038 sp=F34E
irq#10254 pc=0038 sp=F34E
irq#10255 pc=0038 sp=F34E
irq#10256 pc=0038 sp=F34E
irq#10257 pc=0038 sp=F34E
irq#10258 pc=0038 sp=F34E
irq#10259 pc=0038 sp=F34E
irq#10260 pc=0038 sp=F34E
irq#10261 pc=0038 sp=F34E
irq#10262 pc=0038 sp=F34E
irq#10263 pc=0038 sp=F34E
irq#10264 pc=0038 sp=F34E
irq#10265 pc=0038 sp=F34E
irq#10266 pc=0038 sp=F34E
irq#10267 pc=0038 sp=F34E
irq#10268 pc=0038 sp=F34E
irq#10269 pc=0038 sp=F34E
irq#10270 pc=0038 sp=F34E
irq#10271 pc=0038 sp=F34E
irq#10272 pc=0038 sp=F34E
irq#10273 pc=0038 sp=F34E
irq#10274 pc=0038 sp=F34E
irq#10275 pc=0038 sp=F34E
irq#10276 pc=0038 sp=F34E
irq#10277 pc=0038 sp=F34E
irq#10278 pc=0038 sp=F34E
irq#10279 pc=0038 sp=F34E
irq#10280 pc=0038 sp=F34E
irq#10281 pc=0038 sp=F34E
irq#10282 pc=0038 sp=F34E
irq#10283 pc=0038 sp=F34E
irq#10284 pc=0038 sp=F34E
irq#10285 pc=0038 sp=F34E
irq#10286 pc=0038 sp=F34E
irq#10287 pc=0038 sp=F34E
irq#10288 pc=0038 sp=F34E
irq#10289 pc=0038 sp=F34E
irq#10290 pc=0038 sp=F34E
irq#10291 pc=0038 sp=F34E
irq#10292 pc=0038 sp=F34E
irq#10293 pc=0038 sp=F34E
irq#10294 pc=0038 sp=F34E
irq#10295 pc=0038 sp=F34E
irq#10296 pc=0038 sp=F34E
irq#10297 pc=0038 sp=F34E
irq#10298 pc=0038 sp=F34E
irq#10299 pc=0038 sp=F34E
irq#10300 pc=0038 sp=F34E
irq#10301 pc=0038 sp=F34E
irq#10302 pc=0038 sp=F34E
irq#10303 pc=0038 sp=F34E
irq#10304 pc=0038 sp=F34E
irq#10305 pc=0038 sp=F34E
irq#10306 pc=0038 sp=F34E
irq#10307 pc=0038 sp=F34E
irq#10308 pc=0038 sp=F34E
irq#10309 pc=0038 sp=F34E
irq#10310 pc=0038 sp=F34E
irq#10311 pc=0038 sp=F34E
irq#10312 pc=0038 sp=F34E
irq#10313 pc=0038 sp=F34E
irq#10314 pc=0038 sp=F34E
irq#10315 pc=0038 sp=F34E
irq#10316 pc=0038 sp=F34E
irq#10317 pc=0038 sp=F34E
irq#10318 pc=0038 sp=F34E
irq#10319 pc=0038 sp=F34E
irq#10320 pc=0038 sp=F34E
irq#10321 pc=0038 sp=F34E
irq#10322 pc=0038 sp=F34E
irq#10323 pc=0038 sp=F34E
irq#10324 pc=0038 sp=F34E
irq#10325 pc=0038 sp=F34E
irq#10326 pc=0038 sp=F34E
irq#10327 pc=0038 sp=F34E
irq#10328 pc=0038 sp=F34E
irq#10329 pc=0038 sp=F34E
irq#10330 pc=0038 sp=F34E
irq#10331 pc=0038 sp=F34E
irq#10332 pc=0038 sp=F34E
irq#10333 pc=0038 sp=F34E
irq#10334 pc=0038 sp=F34E
irq#10335 pc=0038 sp=F34E
irq#10336 pc=0038 sp=F34E
irq#10337 pc=0038 sp=F34E
irq#10338 pc=0038 sp=F34E
irq#10339 pc=0038 sp=F34E
irq#10340 pc=0038 sp=F34E
irq#10341 pc=0038 sp=F34E
irq#10342 pc=0038 sp=F34E
irq#10343 pc=0038 sp=F34E
irq#10344 pc=0038 sp=F34E
irq#10345 pc=0038 sp=F34E
irq#10346 pc=0038 sp=F34E
irq#10347 pc=0038 sp=F34E
irq#10348 pc=0038 sp=F34E
irq#10349 pc=0038 sp=F34E
irq#10350 pc=0038 sp=F34E
irq#10351 pc=0038 sp=F34E
irq#10352 pc=0038 sp=F34E
irq#10353 pc=0038 sp=F34E
irq#10354 pc=0038 sp=F34E
irq#10355 pc=0038 sp=F34E
irq#10356 pc=0038 sp=F34E
irq#10357 pc=0038 sp=F34E
irq#10358 pc=0038 sp=F34E
irq#10359 pc=0038 sp=F34E
irq#10360 pc=0038 sp=F34E
irq#10361 pc=0038 sp=F34E
irq#10362 pc=0038 sp=F34E
irq#10363 pc=0038 sp=F34E
irq#10364 pc=0038 sp=F34E
irq#10365 pc=0038 sp=F348
irq#10366 pc=0038 sp=F34E
irq#10367 pc=0038 sp=F34E
irq#10368 pc=0038 sp=F34E
irq#10369 pc=0038 sp=F34E
irq#10370 pc=0038 sp=F34E
irq#10371 pc=0038 sp=F34E
irq#10372 pc=0038 sp=F34E
irq#10373 pc=0038 sp=F34E
irq#10374 pc=0038 sp=F34E
irq#10375 pc=0038 sp=F34E
irq#10376 pc=0038 sp=F34E
irq#10377 pc=0038 sp=F34E
irq#10378 pc=0038 sp=F34E
irq#10379 pc=0038 sp=F34E
irq#10380 pc=0038 sp=F34E
irq#10381 pc=0038 sp=F34E
irq#10382 pc=0038 sp=F34E
irq#10383 pc=0038 sp=F34E
irq#10384 pc=0038 sp=F34E
irq#10385 pc=0038 sp=F34E
irq#10386 pc=0038 sp=F34E
irq#10387 pc=0038 sp=F34E
irq#10388 pc=0038 sp=F34E
irq#10389 pc=0038 sp=F34E
irq#10390 pc=0038 sp=F34E
irq#10391 pc=0038 sp=F34E
irq#10392 pc=0038 sp=F34E
irq#10393 pc=0038 sp=F34E
irq#10394 pc=0038 sp=F34E
irq#10395 pc=0038 sp=F34E
irq#10396 pc=0038 sp=F34E
irq#10397 pc=0038 sp=F34E
irq#10398 pc=0038 sp=F34E
irq#10399 pc=0038 sp=F34E
irq#10400 pc=0038 sp=F34E
irq#10401 pc=0038 sp=F34E
irq#10402 pc=0038 sp=F34E
irq#10403 pc=0038 sp=F34E
irq#10404 pc=0038 sp=F34E
irq#10405 pc=0038 sp=F34E
irq#10406 pc=0038 sp=F34E
irq#10407 pc=0038 sp=F34E
irq#10408 pc=0038 sp=F34E
irq#10409 pc=0038 sp=F34E
irq#10410 pc=0038 sp=F34E
irq#10411 pc=0038 sp=F34E
irq#10412 pc=0038 sp=F34E
irq#10413 pc=0038 sp=F34E
irq#10414 pc=0038 sp=F34E
irq#10415 pc=0038 sp=F34E
irq#10416 pc=0038 sp=F34E
irq#10417 pc=0038 sp=F34E
irq#10418 pc=0038 sp=F34E
irq#10419 pc=0038 sp=F34E
irq#10420 pc=0038 sp=F34E
irq#10421 pc=0038 sp=F34E
irq#10422 pc=0038 sp=F34E
irq#10423 pc=0038 sp=F34E
irq#10424 pc=0038 sp=F34E
irq#10425 pc=0038 sp=F34E
irq#10426 pc=0038 sp=F34E
irq#10427 pc=0038 sp=F34E
irq#10428 pc=0038 sp=F34E
irq#10429 pc=0038 sp=F34E
irq#10430 pc=0038 sp=F34E
irq#10431 pc=0038 sp=F34E
irq#10432 pc=0038 sp=F34E
irq#10433 pc=0038 sp=F34E
irq#10434 pc=0038 sp=F34E
irq#10435 pc=0038 sp=F34E
irq#10436 pc=0038 sp=F34E
irq#10437 pc=0038 sp=F34E
irq#10438 pc=0038 sp=F34E
irq#10439 pc=0038 sp=F34E
irq#10440 pc=0038 sp=F34E
irq#10441 pc=0038 sp=F34E
irq#10442 pc=0038 sp=F34E
irq#10443 pc=0038 sp=F34E
irq#10444 pc=0038 sp=F34E
irq#10445 pc=0038 sp=F34E
irq#10446 pc=0038 sp=F34E
irq#10447 pc=0038 sp=F34E
irq#10448 pc=0038 sp=F34E
irq#10449 pc=0038 sp=F34E
irq#10450 pc=0038 sp=F34E
irq#10451 pc=0038 sp=F34E
irq#10452 pc=0038 sp=F34E
irq#10453 pc=0038 sp=F34E
irq#10454 pc=0038 sp=F34E
irq#10455 pc=0038 sp=F34E
irq#10456 pc=0038 sp=F34E
irq#10457 pc=0038 sp=F34E
irq#10458 pc=0038 sp=F34E
irq#10459 pc=0038 sp=F34E
irq#10460 pc=0038 sp=F34E
irq#10461 pc=0038 sp=F34E
irq#10462 pc=0038 sp=F34E
irq#10463 pc=0038 sp=F34E
irq#10464 pc=0038 sp=F34E
irq#10465 pc=0038 sp=F34E
irq#10466 pc=0038 sp=F34E
irq#10467 pc=0038 sp=F34E
irq#10468 pc=0038 sp=F34E
irq#10469 pc=0038 sp=F34E
irq#10470 pc=0038 sp=F34E
irq#10471 pc=0038 sp=F34E
irq#10472 pc=0038 sp=F34E
irq#10473 pc=0038 sp=F34E
irq#10474 pc=0038 sp=F34E
irq#10475 pc=0038 sp=F34E
irq#10476 pc=0038 sp=F34E
irq#10477 pc=0038 sp=F34E
irq#10478 pc=0038 sp=F34E
irq#10479 pc=0038 sp=F34E
irq#10480 pc=0038 sp=F34E
irq#10481 pc=0038 sp=F34E
irq#10482 pc=0038 sp=F34E
irq#10483 pc=0038 sp=F34E
irq#10484 pc=0038 sp=F34E
irq#10485 pc=0038 sp=F34E
irq#10486 pc=0038 sp=F34E
irq#10487 pc=0038 sp=F34E
irq#10488 pc=0038 sp=F34E
irq#10489 pc=0038 sp=F34E
irq#10490 pc=0038 sp=F34E
irq#10491 pc=0038 sp=F34E
irq#10492 pc=0038 sp=F34E
irq#10493 pc=0038 sp=F34E
irq#10494 pc=0038 sp=F34E
irq#10495 pc=0038 sp=F34E
irq#10496 pc=0038 sp=F34E
irq#10497 pc=0038 sp=F34E
irq#10498 pc=0038 sp=F34E
irq#10499 pc=0038 sp=F34E
irq#10500 pc=0038 sp=F34E
irq#10501 pc=0038 sp=F34E
irq#10502 pc=0038 sp=F34E
irq#10503 pc=0038 sp=F34E
irq#10504 pc=0038 sp=F34E
irq#10505 pc=0038 sp=F34E
irq#10506 pc=0038 sp=F34E
irq#10507 pc=0038 sp=F34E
irq#10508 pc=0038 sp=F34E
irq#10509 pc=0038 sp=F34E
irq#10510 pc=0038 sp=F34E
irq#10511 pc=0038 sp=F34E
irq#10512 pc=0038 sp=F34E
irq#10513 pc=0038 sp=F34E
irq#10514 pc=0038 sp=F34E
irq#10515 pc=0038 sp=F34E
irq#10516 pc=0038 sp=F34E
irq#10517 pc=0038 sp=F34E
irq#10518 pc=0038 sp=F34E
irq#10519 pc=0038 sp=F34E
irq#10520 pc=0038 sp=F34E
irq#10521 pc=0038 sp=F34E
irq#10522 pc=0038 sp=F34E
irq#10523 pc=0038 sp=F34E
irq#10524 pc=0038 sp=F34E
irq#10525 pc=0038 sp=F34E
irq#10526 pc=0038 sp=F34E
irq#10527 pc=0038 sp=F34E
irq#10528 pc=0038 sp=F34E
irq#10529 pc=0038 sp=F34E
irq#10530 pc=0038 sp=F34E
irq#10531 pc=0038 sp=F34E
irq#10532 pc=0038 sp=F34E
irq#10533 pc=0038 sp=F34E
irq#10534 pc=0038 sp=F34E
irq#10535 pc=0038 sp=F34E
irq#10536 pc=0038 sp=F34E
irq#10537 pc=0038 sp=F34E
irq#10538 pc=0038 sp=F34E
irq#10539 pc=0038 sp=F34E
irq#10540 pc=0038 sp=F34E
irq#10541 pc=0038 sp=F34E
irq#10542 pc=0038 sp=F34E
irq#10543 pc=0038 sp=F34E
irq#10544 pc=0038 sp=F34E
irq#10545 pc=0038 sp=F34E
irq#10546 pc=0038 sp=F34E
irq#10547 pc=0038 sp=F34E
irq#10548 pc=0038 sp=F34E
irq#10549 pc=0038 sp=F34E
irq#10550 pc=0038 sp=F34E
irq#10551 pc=0038 sp=F34E
irq#10552 pc=0038 sp=F34E
irq#10553 pc=0038 sp=F34E
irq#10554 pc=0038 sp=F34E
irq#10555 pc=0038 sp=F34E
irq#10556 pc=0038 sp=F34E
irq#10557 pc=0038 sp=F34E
irq#10558 pc=0038 sp=F34E
irq#10559 pc=0038 sp=F34E
irq#10560 pc=0038 sp=F34E
irq#10561 pc=0038 sp=F34E
irq#10562 pc=0038 sp=F34E
irq#10563 pc=0038 sp=F34E
irq#10564 pc=0038 sp=F34E
irq#10565 pc=0038 sp=F34E
irq#10566 pc=0038 sp=F34E
irq#10567 pc=0038 sp=F34E
irq#10568 pc=0038 sp=F34E
irq#10569 pc=0038 sp=F34E
irq#10570 pc=0038 sp=F34E
irq#10571 pc=0038 sp=F34E
irq#10572 pc=0038 sp=F34E
irq#10573 pc=0038 sp=F34E
irq#10574 pc=0038 sp=F34E
irq#10575 pc=0038 sp=F34E
irq#10576 pc=0038 sp=F34E
irq#10577 pc=0038 sp=F34E
irq#10578 pc=0038 sp=F34E
irq#10579 pc=0038 sp=F34E
irq#10580 pc=0038 sp=F34E
irq#10581 pc=0038 sp=F34E
irq#10582 pc=0038 sp=F34E
irq#10583 pc=0038 sp=F34E
irq#10584 pc=0038 sp=F34E
irq#10585 pc=0038 sp=F34E
irq#10586 pc=0038 sp=F34E
irq#10587 pc=0038 sp=F34E
irq#10588 pc=0038 sp=F34E
irq#10589 pc=0038 sp=F34E
irq#10590 pc=0038 sp=F34E
irq#10591 pc=0038 sp=F34E
irq#10592 pc=0038 sp=F34E
irq#10593 pc=0038 sp=F34E
irq#10594 pc=0038 sp=F34E
irq#10595 pc=0038 sp=F34E
irq#10596 pc=0038 sp=F34E
irq#10597 pc=0038 sp=F34E
irq#10598 pc=0038 sp=F34E
irq#10599 pc=0038 sp=F34E
irq#10600 pc=0038 sp=F34E
irq#10601 pc=0038 sp=F34E
irq#10602 pc=0038 sp=F34E
irq#10603 pc=0038 sp=F34E
irq#10604 pc=0038 sp=F34E
irq#10605 pc=0038 sp=F34E
irq#10606 pc=0038 sp=F34E
irq#10607 pc=0038 sp=F34E
irq#10608 pc=0038 sp=F34E
irq#10609 pc=0038 sp=F34E
irq#10610 pc=0038 sp=F34E
irq#10611 pc=0038 sp=F34E
irq#10612 pc=0038 sp=F34E
irq#10613 pc=0038 sp=F34E
irq#10614 pc=0038 sp=F34E
irq#10615 pc=0038 sp=F34E
irq#10616 pc=0038 sp=F34E
irq#10617 pc=0038 sp=F34E
irq#10618 pc=0038 sp=F34E
irq#10619 pc=0038 sp=F34E
irq#10620 pc=0038 sp=F34E
irq#10621 pc=0038 sp=F34E
irq#10622 pc=0038 sp=F34E
irq#10623 pc=0038 sp=F34E
irq#10624 pc=0038 sp=F34E
irq#10625 pc=0038 sp=F34E
irq#10626 pc=0038 sp=F34E
irq#10627 pc=0038 sp=F34E
irq#10628 pc=0038 sp=F34E
irq#10629 pc=0038 sp=F34E
irq#10630 pc=0038 sp=F34E
irq#10631 pc=0038 sp=F34E
irq#10632 pc=0038 sp=F34E
irq#10633 pc=0038 sp=F34E
irq#10634 pc=0038 sp=F34E
irq#10635 pc=0038 sp=F34E
irq#10636 pc=0038 sp=F34E
irq#10637 pc=0038 sp=F34E
irq#10638 pc=0038 sp=F34E
irq#10639 pc=0038 sp=F34E
irq#10640 pc=0038 sp=F34E
irq#10641 pc=0038 sp=F34E
irq#10642 pc=0038 sp=F34E
irq#10643 pc=0038 sp=F34E
irq#10644 pc=0038 sp=F34E
irq#10645 pc=0038 sp=F34E
irq#10646 pc=0038 sp=F34E
irq#10647 pc=0038 sp=F34E
irq#10648 pc=0038 sp=F34E
irq#10649 pc=0038 sp=F34E
irq#10650 pc=0038 sp=F34E
irq#10651 pc=0038 sp=F34E
irq#10652 pc=0038 sp=F34E
irq#10653 pc=0038 sp=F34E
irq#10654 pc=0038 sp=F34E
irq#10655 pc=0038 sp=F34E
irq#10656 pc=0038 sp=F34E
irq#10657 pc=0038 sp=F34E
irq#10658 pc=0038 sp=F34E
irq#10659 pc=0038 sp=F34E
irq#10660 pc=0038 sp=F34E
irq#10661 pc=0038 sp=F34E
irq#10662 pc=0038 sp=F34E
irq#10663 pc=0038 sp=F34E
irq#10664 pc=0038 sp=F34E
irq#10665 pc=0038 sp=F34E
irq#10666 pc=0038 sp=F34E
irq#10667 pc=0038 sp=F34E
irq#10668 pc=0038 sp=F34E
irq#10669 pc=0038 sp=F34E
irq#10670 pc=0038 sp=F34E
irq#10671 pc=0038 sp=F34E
irq#10672 pc=0038 sp=F34E
irq#10673 pc=0038 sp=F34E
irq#10674 pc=0038 sp=F34E
irq#10675 pc=0038 sp=F34E
irq#10676 pc=0038 sp=F34E
irq#10677 pc=0038 sp=F34E
irq#10678 pc=0038 sp=F34E
irq#10679 pc=0038 sp=F34E
irq#10680 pc=0038 sp=F34E
irq#10681 pc=0038 sp=F34E
irq#10682 pc=0038 sp=F34E
irq#10683 pc=0038 sp=F34E
irq#10684 pc=0038 sp=F34E
irq#10685 pc=0038 sp=F34E
irq#10686 pc=0038 sp=F34E
irq#10687 pc=0038 sp=F34E
irq#10688 pc=0038 sp=F34E
irq#10689 pc=0038 sp=F34E
irq#10690 pc=0038 sp=F34E
irq#10691 pc=0038 sp=F34E
irq#10692 pc=0038 sp=F34E
irq#10693 pc=0038 sp=F34E
irq#10694 pc=0038 sp=F34E
irq#10695 pc=0038 sp=F34E
irq#10696 pc=0038 sp=F34E
irq#10697 pc=0038 sp=F34E
irq#10698 pc=0038 sp=F34E
irq#10699 pc=0038 sp=F34E
irq#10700 pc=0038 sp=F34E
irq#10701 pc=0038 sp=F34E
irq#10702 pc=0038 sp=F34E
irq#10703 pc=0038 sp=F34E
irq#10704 pc=0038 sp=F34E
irq#10705 pc=0038 sp=F34E
irq#10706 pc=0038 sp=F34E
irq#10707 pc=0038 sp=F34E
irq#10708 pc=0038 sp=F34E
irq#10709 pc=0038 sp=F34E
irq#10710 pc=0038 sp=F34E
irq#10711 pc=0038 sp=F34E
irq#10712 pc=0038 sp=F34E
irq#10713 pc=0038 sp=F34E
irq#10714 pc=0038 sp=F34E
irq#10715 pc=0038 sp=F34E
irq#10716 pc=0038 sp=F34E
irq#10717 pc=0038 sp=F34E
irq#10718 pc=0038 sp=F34E
irq#10719 pc=0038 sp=F34E
irq#10720 pc=0038 sp=F34E
irq#10721 pc=0038 sp=F34E
irq#10722 pc=0038 sp=F34E
irq#10723 pc=0038 sp=F34E
irq#10724 pc=0038 sp=F34E
irq#10725 pc=0038 sp=F34E
irq#10726 pc=0038 sp=F34E
irq#10727 pc=0038 sp=F34E
irq#10728 pc=0038 sp=F34E
irq#10729 pc=0038 sp=F34E
irq#10730 pc=0038 sp=F34E
irq#10731 pc=0038 sp=F34E
irq#10732 pc=0038 sp=F34E
irq#10733 pc=0038 sp=F34E
irq#10734 pc=0038 sp=F34C
irq#10735 pc=0038 sp=F34E
irq#10736 pc=0038 sp=F34E
irq#10737 pc=0038 sp=F34E
irq#10738 pc=0038 sp=F34E
irq#10739 pc=0038 sp=F34E
irq#10740 pc=0038 sp=F34E
irq#10741 pc=0038 sp=F34E
irq#10742 pc=0038 sp=F34E
irq#10743 pc=0038 sp=F34E
irq#10744 pc=0038 sp=F34E
irq#10745 pc=0038 sp=F34E
irq#10746 pc=0038 sp=F34E
irq#10747 pc=0038 sp=F34E
irq#10748 pc=0038 sp=F34E
irq#10749 pc=0038 sp=F34E
irq#10750 pc=0038 sp=F34E
irq#10751 pc=0038 sp=F34E
irq#10752 pc=0038 sp=F34E
irq#10753 pc=0038 sp=F34E
irq#10754 pc=0038 sp=F34E
irq#10755 pc=0038 sp=F34E
irq#10756 pc=0038 sp=F34E
irq#10757 pc=0038 sp=F34E
irq#10758 pc=0038 sp=F34E
irq#10759 pc=0038 sp=F34E
irq#10760 pc=0038 sp=F34E
irq#10761 pc=0038 sp=F34E
irq#10762 pc=0038 sp=F34E
irq#10763 pc=0038 sp=F34E
irq#10764 pc=0038 sp=F34E
irq#10765 pc=0038 sp=F34E
irq#10766 pc=0038 sp=F34E
irq#10767 pc=0038 sp=F34E
irq#10768 pc=0038 sp=F34E
irq#10769 pc=0038 sp=F34E
irq#10770 pc=0038 sp=F34E
irq#10771 pc=0038 sp=F34E
irq#10772 pc=0038 sp=F34E
irq#10773 pc=0038 sp=F34E
irq#10774 pc=0038 sp=F34E
irq#10775 pc=0038 sp=F34E
irq#10776 pc=0038 sp=F34E
irq#10777 pc=0038 sp=F34E
irq#10778 pc=0038 sp=F34E
irq#10779 pc=0038 sp=F34E
irq#10780 pc=0038 sp=F34E
irq#10781 pc=0038 sp=F34E
irq#10782 pc=0038 sp=F34E
irq#10783 pc=0038 sp=F34E
irq#10784 pc=0038 sp=F34E
irq#10785 pc=0038 sp=F34E
irq#10786 pc=0038 sp=F34E
irq#10787 pc=0038 sp=F34E
irq#10788 pc=0038 sp=F34E
irq#10789 pc=0038 sp=F34E
irq#10790 pc=0038 sp=F34E
irq#10791 pc=0038 sp=F34E
irq#10792 pc=0038 sp=F34E
irq#10793 pc=0038 sp=F34E
irq#10794 pc=0038 sp=F34E
irq#10795 pc=0038 sp=F34E
irq#10796 pc=0038 sp=F34E
irq#10797 pc=0038 sp=F34E
irq#10798 pc=0038 sp=F34E
irq#10799 pc=0038 sp=F34E
irq#10800 pc=0038 sp=F34E
irq#10801 pc=0038 sp=F34E
irq#10802 pc=0038 sp=F34E
irq#10803 pc=0038 sp=F34E
irq#10804 pc=0038 sp=F34E
irq#10805 pc=0038 sp=F34E
irq#10806 pc=0038 sp=F34E
irq#10807 pc=0038 sp=F34E
irq#10808 pc=0038 sp=F34E
irq#10809 pc=0038 sp=F34E
irq#10810 pc=0038 sp=F34E
irq#10811 pc=0038 sp=F34E
irq#10812 pc=0038 sp=F34E
irq#10813 pc=0038 sp=F34E
irq#10814 pc=0038 sp=F34E
irq#10815 pc=0038 sp=F34E
irq#10816 pc=0038 sp=F34E
irq#10817 pc=0038 sp=F34E
irq#10818 pc=0038 sp=F34E
irq#10819 pc=0038 sp=F34E
irq#10820 pc=0038 sp=F34E
irq#10821 pc=0038 sp=F34E
irq#10822 pc=0038 sp=F34E
irq#10823 pc=0038 sp=F34E
irq#10824 pc=0038 sp=F34E
irq#10825 pc=0038 sp=F34E
irq#10826 pc=0038 sp=F34E
irq#10827 pc=0038 sp=F34E
irq#10828 pc=0038 sp=F34E
irq#10829 pc=0038 sp=F34E
irq#10830 pc=0038 sp=F34E
irq#10831 pc=0038 sp=F34E
irq#10832 pc=0038 sp=F34E
irq#10833 pc=0038 sp=F34E
irq#10834 pc=0038 sp=F34E
irq#10835 pc=0038 sp=F34E
irq#10836 pc=0038 sp=F34E
irq#10837 pc=0038 sp=F34E
irq#10838 pc=0038 sp=F34E
irq#10839 pc=0038 sp=F34E
irq#10840 pc=0038 sp=F34E
irq#10841 pc=0038 sp=F34E
irq#10842 pc=0038 sp=F34E
irq#10843 pc=0038 sp=F34E
irq#10844 pc=0038 sp=F34E
irq#10845 pc=0038 sp=F34E
irq#10846 pc=0038 sp=F34E
irq#10847 pc=0038 sp=F34E
irq#10848 pc=0038 sp=F34E
irq#10849 pc=0038 sp=F34E
irq#10850 pc=0038 sp=F34E
irq#10851 pc=0038 sp=F34E
irq#10852 pc=0038 sp=F34E
irq#10853 pc=0038 sp=F34E
irq#10854 pc=0038 sp=F34E
irq#10855 pc=0038 sp=F34E
irq#10856 pc=0038 sp=F34E
irq#10857 pc=0038 sp=F34E
irq#10858 pc=0038 sp=F34E
irq#10859 pc=0038 sp=F34E
irq#10860 pc=0038 sp=F34E
irq#10861 pc=0038 sp=F34E
irq#10862 pc=0038 sp=F34E
irq#10863 pc=0038 sp=F34E
irq#10864 pc=0038 sp=F34E
irq#10865 pc=0038 sp=F34E
irq#10866 pc=0038 sp=F34E
irq#10867 pc=0038 sp=F34E
irq#10868 pc=0038 sp=F34E
irq#10869 pc=0038 sp=F34E
irq#10870 pc=0038 sp=F34E
irq#10871 pc=0038 sp=F34E
irq#10872 pc=0038 sp=F34E
irq#10873 pc=0038 sp=F34E
irq#10874 pc=0038 sp=F34E
irq#10875 pc=0038 sp=F34E
irq#10876 pc=0038 sp=F34E
irq#10877 pc=0038 sp=F34E
irq#10878 pc=0038 sp=F34E
irq#10879 pc=0038 sp=F34E
irq#10880 pc=0038 sp=F34E
irq#10881 pc=0038 sp=F34E
irq#10882 pc=0038 sp=F34E
irq#10883 pc=0038 sp=F34E
irq#10884 pc=0038 sp=F34E
irq#10885 pc=0038 sp=F34E
irq#10886 pc=0038 sp=F34E
irq#10887 pc=0038 sp=F34E
irq#10888 pc=0038 sp=F34E
irq#10889 pc=0038 sp=F34E
irq#10890 pc=0038 sp=F34E
irq#10891 pc=0038 sp=F34E
irq#10892 pc=0038 sp=F34E
irq#10893 pc=0038 sp=F34E
irq#10894 pc=0038 sp=F34E
irq#10895 pc=0038 sp=F34E
irq#10896 pc=0038 sp=F34E
irq#10897 pc=0038 sp=F34E
irq#10898 pc=0038 sp=F34E
irq#10899 pc=0038 sp=F34E
irq#10900 pc=0038 sp=F34E
irq#10901 pc=0038 sp=F34E
irq#10902 pc=0038 sp=F34E
irq#10903 pc=0038 sp=F34E
irq#10904 pc=0038 sp=F34E
irq#10905 pc=0038 sp=F34E
irq#10906 pc=0038 sp=F34E
irq#10907 pc=0038 sp=F34E
irq#10908 pc=0038 sp=F34E
irq#10909 pc=0038 sp=F34E
irq#10910 pc=0038 sp=F34E
irq#10911 pc=0038 sp=F34E
irq#10912 pc=0038 sp=F34E
irq#10913 pc=0038 sp=F34E
irq#10914 pc=0038 sp=F34E
irq#10915 pc=0038 sp=F34E
irq#10916 pc=0038 sp=F34E
irq#10917 pc=0038 sp=F34E
irq#10918 pc=0038 sp=F348
irq#10919 pc=0038 sp=F34E
irq#10920 pc=0038 sp=F34E
irq#10921 pc=0038 sp=F34E
irq#10922 pc=0038 sp=F34E
irq#10923 pc=0038 sp=F34E
irq#10924 pc=0038 sp=F34E
irq#10925 pc=0038 sp=F34E
irq#10926 pc=0038 sp=F34E
irq#10927 pc=0038 sp=F34E
irq#10928 pc=0038 sp=F34E
irq#10929 pc=0038 sp=F34E
irq#10930 pc=0038 sp=F34E
irq#10931 pc=0038 sp=F34E
irq#10932 pc=0038 sp=F34E
irq#10933 pc=0038 sp=F34E
irq#10934 pc=0038 sp=F34E
irq#10935 pc=0038 sp=F34E
irq#10936 pc=0038 sp=F34E
irq#10937 pc=0038 sp=F34E
irq#10938 pc=0038 sp=F34E
irq#10939 pc=0038 sp=F34E
irq#10940 pc=0038 sp=F34E
irq#10941 pc=0038 sp=F34E
irq#10942 pc=0038 sp=F34E
irq#10943 pc=0038 sp=F34E
irq#10944 pc=0038 sp=F34E
irq#10945 pc=0038 sp=F34E
irq#10946 pc=0038 sp=F34E
irq#10947 pc=0038 sp=F34E
irq#10948 pc=0038 sp=F34E
irq#10949 pc=0038 sp=F34E
irq#10950 pc=0038 sp=F34E
irq#10951 pc=0038 sp=F34E
irq#10952 pc=0038 sp=F34E
irq#10953 pc=0038 sp=F34E
irq#10954 pc=0038 sp=F34E
irq#10955 pc=0038 sp=F34E
irq#10956 pc=0038 sp=F34E
irq#10957 pc=0038 sp=F34E
irq#10958 pc=0038 sp=F34E
irq#10959 pc=0038 sp=F34E
irq#10960 pc=0038 sp=F34E
irq#10961 pc=0038 sp=F34E
irq#10962 pc=0038 sp=F34E
irq#10963 pc=0038 sp=F34E
irq#10964 pc=0038 sp=F34E
irq#10965 pc=0038 sp=F34E
irq#10966 pc=0038 sp=F34E
irq#10967 pc=0038 sp=F34E
irq#10968 pc=0038 sp=F34E
irq#10969 pc=0038 sp=F34E
irq#10970 pc=0038 sp=F34E
irq#10971 pc=0038 sp=F34E
irq#10972 pc=0038 sp=F34E
irq#10973 pc=0038 sp=F34E
irq#10974 pc=0038 sp=F34E
irq#10975 pc=0038 sp=F34E
irq#10976 pc=0038 sp=F34E
irq#10977 pc=0038 sp=F34E
irq#10978 pc=0038 sp=F34E
irq#10979 pc=0038 sp=F34E
irq#10980 pc=0038 sp=F34E
irq#10981 pc=0038 sp=F34E
irq#10982 pc=0038 sp=F34E
irq#10983 pc=0038 sp=F34E
irq#10984 pc=0038 sp=F34E
irq#10985 pc=0038 sp=F34E
irq#10986 pc=0038 sp=F34E
irq#10987 pc=0038 sp=F34E
irq#10988 pc=0038 sp=F34E
irq#10989 pc=0038 sp=F34E
irq#10990 pc=0038 sp=F34E
irq#10991 pc=0038 sp=F34E
irq#10992 pc=0038 sp=F34E
irq#10993 pc=0038 sp=F34E
irq#10994 pc=0038 sp=F34E
irq#10995 pc=0038 sp=F34E
irq#10996 pc=0038 sp=F34E
irq#10997 pc=0038 sp=F34E
irq#10998 pc=0038 sp=F34E
irq#10999 pc=0038 sp=F34E
irq#11000 pc=0038 sp=F34E
irq#11001 pc=0038 sp=F34E
irq#11002 pc=0038 sp=F34E
irq#11003 pc=0038 sp=F34E
irq#11004 pc=0038 sp=F34E
irq#11005 pc=0038 sp=F34E
irq#11006 pc=0038 sp=F34E
irq#11007 pc=0038 sp=F34E
irq#11008 pc=0038 sp=F34E
irq#11009 pc=0038 sp=F34E
irq#11010 pc=0038 sp=F34E
irq#11011 pc=0038 sp=F34E
irq#11012 pc=0038 sp=F34E
irq#11013 pc=0038 sp=F34E
irq#11014 pc=0038 sp=F34E
irq#11015 pc=0038 sp=F34E
irq#11016 pc=0038 sp=F34E
irq#11017 pc=0038 sp=F34E
irq#11018 pc=0038 sp=F34E
irq#11019 pc=0038 sp=F34E
irq#11020 pc=0038 sp=F34E
irq#11021 pc=0038 sp=F34E
irq#11022 pc=0038 sp=F34E
irq#11023 pc=0038 sp=F34E
irq#11024 pc=0038 sp=F34E
irq#11025 pc=0038 sp=F34E
irq#11026 pc=0038 sp=F34E
irq#11027 pc=0038 sp=F34E
irq#11028 pc=0038 sp=F34E
irq#11029 pc=0038 sp=F34E
irq#11030 pc=0038 sp=F34E
irq#11031 pc=0038 sp=F34E
irq#11032 pc=0038 sp=F34E
irq#11033 pc=0038 sp=F34E
irq#11034 pc=0038 sp=F34E
irq#11035 pc=0038 sp=F34E
irq#11036 pc=0038 sp=F34E
irq#11037 pc=0038 sp=F34E
irq#11038 pc=0038 sp=F34E
irq#11039 pc=0038 sp=F34E
irq#11040 pc=0038 sp=F34E
irq#11041 pc=0038 sp=F34E
irq#11042 pc=0038 sp=F34E
irq#11043 pc=0038 sp=F34E
irq#11044 pc=0038 sp=F34E
irq#11045 pc=0038 sp=F34E
irq#11046 pc=0038 sp=F34E
irq#11047 pc=0038 sp=F34E
irq#11048 pc=0038 sp=F34E
irq#11049 pc=0038 sp=F34E
irq#11050 pc=0038 sp=F34E
irq#11051 pc=0038 sp=F34E
irq#11052 pc=0038 sp=F34E
irq#11053 pc=0038 sp=F34E
irq#11054 pc=0038 sp=F34E
irq#11055 pc=0038 sp=F34E
irq#11056 pc=0038 sp=F34E
irq#11057 pc=0038 sp=F34E
irq#11058 pc=0038 sp=F34E
irq#11059 pc=0038 sp=F34E
irq#11060 pc=0038 sp=F34E
irq#11061 pc=0038 sp=F34E
irq#11062 pc=0038 sp=F34E
irq#11063 pc=0038 sp=F34E
irq#11064 pc=0038 sp=F34E
irq#11065 pc=0038 sp=F34E
irq#11066 pc=0038 sp=F34E
irq#11067 pc=0038 sp=F34E
irq#11068 pc=0038 sp=F34E
irq#11069 pc=0038 sp=F34E
irq#11070 pc=0038 sp=F34E
irq#11071 pc=0038 sp=F34E
irq#11072 pc=0038 sp=F34E
irq#11073 pc=0038 sp=F34E
irq#11074 pc=0038 sp=F34E
irq#11075 pc=0038 sp=F34E
irq#11076 pc=0038 sp=F34E
irq#11077 pc=0038 sp=F34E
irq#11078 pc=0038 sp=F34E
irq#11079 pc=0038 sp=F34E
irq#11080 pc=0038 sp=F34E
irq#11081 pc=0038 sp=F34E
irq#11082 pc=0038 sp=F34E
irq#11083 pc=0038 sp=F34E
irq#11084 pc=0038 sp=F34E
irq#11085 pc=0038 sp=F34E
irq#11086 pc=0038 sp=F34E
irq#11087 pc=0038 sp=F34E
irq#11088 pc=0038 sp=F34E
irq#11089 pc=0038 sp=F34E
irq#11090 pc=0038 sp=F34E
irq#11091 pc=0038 sp=F34E
irq#11092 pc=0038 sp=F34E
irq#11093 pc=0038 sp=F34E
irq#11094 pc=0038 sp=F34E
irq#11095 pc=0038 sp=F34E
irq#11096 pc=0038 sp=F34E
irq#11097 pc=0038 sp=F34E
irq#11098 pc=0038 sp=F34E
irq#11099 pc=0038 sp=F34E
irq#11100 pc=0038 sp=F34E
irq#11101 pc=0038 sp=F34E
irq#11102 pc=0038 sp=F344
irq#11103 pc=0038 sp=F34E
irq#11104 pc=0038 sp=F34E
irq#11105 pc=0038 sp=F34E
irq#11106 pc=0038 sp=F34E
irq#11107 pc=0038 sp=F34E
irq#11108 pc=0038 sp=F34E
irq#11109 pc=0038 sp=F34E
irq#11110 pc=0038 sp=F34E
irq#11111 pc=0038 sp=F34E
irq#11112 pc=0038 sp=F34E
irq#11113 pc=0038 sp=F34E
irq#11114 pc=0038 sp=F34E
irq#11115 pc=0038 sp=F34E
irq#11116 pc=0038 sp=F34E
irq#11117 pc=0038 sp=F34E
irq#11118 pc=0038 sp=F34E
irq#11119 pc=0038 sp=F34E
irq#11120 pc=0038 sp=F34E
irq#11121 pc=0038 sp=F34E
irq#11122 pc=0038 sp=F34E
irq#11123 pc=0038 sp=F34E
irq#11124 pc=0038 sp=F34E
irq#11125 pc=0038 sp=F34E
irq#11126 pc=0038 sp=F34E
irq#11127 pc=0038 sp=F34E
irq#11128 pc=0038 sp=F34E
irq#11129 pc=0038 sp=F34E
irq#11130 pc=0038 sp=F34E
irq#11131 pc=0038 sp=F34E
irq#11132 pc=0038 sp=F34E
irq#11133 pc=0038 sp=F34E
irq#11134 pc=0038 sp=F34E
irq#11135 pc=0038 sp=F34E
irq#11136 pc=0038 sp=F34E
irq#11137 pc=0038 sp=F34E
irq#11138 pc=0038 sp=F34E
irq#11139 pc=0038 sp=F34E
irq#11140 pc=0038 sp=F34E
irq#11141 pc=0038 sp=F34E
irq#11142 pc=0038 sp=F34E
irq#11143 pc=0038 sp=F34E
irq#11144 pc=0038 sp=F34E
irq#11145 pc=0038 sp=F34E
irq#11146 pc=0038 sp=F34E
irq#11147 pc=0038 sp=F34E
irq#11148 pc=0038 sp=F34E
irq#11149 pc=0038 sp=F34E
irq#11150 pc=0038 sp=F34E
irq#11151 pc=0038 sp=F34E
irq#11152 pc=0038 sp=F34E
irq#11153 pc=0038 sp=F34E
irq#11154 pc=0038 sp=F34E
irq#11155 pc=0038 sp=F34E
irq#11156 pc=0038 sp=F34E
irq#11157 pc=0038 sp=F34E
irq#11158 pc=0038 sp=F34E
irq#11159 pc=0038 sp=F34E
irq#11160 pc=0038 sp=F34E
irq#11161 pc=0038 sp=F34E
irq#11162 pc=0038 sp=F34E
irq#11163 pc=0038 sp=F34E
irq#11164 pc=0038 sp=F34E
irq#11165 pc=0038 sp=F34E
irq#11166 pc=0038 sp=F34E
irq#11167 pc=0038 sp=F34E
irq#11168 pc=0038 sp=F34E
irq#11169 pc=0038 sp=F34E
irq#11170 pc=0038 sp=F34E
irq#11171 pc=0038 sp=F34E
irq#11172 pc=0038 sp=F34E
irq#11173 pc=0038 sp=F34E
irq#11174 pc=0038 sp=F34E
irq#11175 pc=0038 sp=F34E
irq#11176 pc=0038 sp=F34E
irq#11177 pc=0038 sp=F34E
irq#11178 pc=0038 sp=F34E
irq#11179 pc=0038 sp=F34E
irq#11180 pc=0038 sp=F34E
irq#11181 pc=0038 sp=F34E
irq#11182 pc=0038 sp=F34E
irq#11183 pc=0038 sp=F34E
irq#11184 pc=0038 sp=F34E
irq#11185 pc=0038 sp=F34E
irq#11186 pc=0038 sp=F34E
irq#11187 pc=0038 sp=F34E
irq#11188 pc=0038 sp=F34E
irq#11189 pc=0038 sp=F34E
irq#11190 pc=0038 sp=F34E
irq#11191 pc=0038 sp=F34E
irq#11192 pc=0038 sp=F34E
irq#11193 pc=0038 sp=F34E
irq#11194 pc=0038 sp=F34E
irq#11195 pc=0038 sp=F34E
irq#11196 pc=0038 sp=F34E
irq#11197 pc=0038 sp=F34E
irq#11198 pc=0038 sp=F34E
irq#11199 pc=0038 sp=F34E
irq#11200 pc=0038 sp=F34E
irq#11201 pc=0038 sp=F34E
irq#11202 pc=0038 sp=F34E
irq#11203 pc=0038 sp=F34E
irq#11204 pc=0038 sp=F34E
irq#11205 pc=0038 sp=F34E
irq#11206 pc=0038 sp=F34E
irq#11207 pc=0038 sp=F34E
irq#11208 pc=0038 sp=F34E
irq#11209 pc=0038 sp=F34E
irq#11210 pc=0038 sp=F34E
irq#11211 pc=0038 sp=F34E
irq#11212 pc=0038 sp=F34E
irq#11213 pc=0038 sp=F34E
irq#11214 pc=0038 sp=F34E
irq#11215 pc=0038 sp=F34E
irq#11216 pc=0038 sp=F34E
irq#11217 pc=0038 sp=F34E
irq#11218 pc=0038 sp=F34E
irq#11219 pc=0038 sp=F34E
irq#11220 pc=0038 sp=F34E
irq#11221 pc=0038 sp=F34E
irq#11222 pc=0038 sp=F34E
irq#11223 pc=0038 sp=F34E
irq#11224 pc=0038 sp=F34E
irq#11225 pc=0038 sp=F34E
irq#11226 pc=0038 sp=F34E
irq#11227 pc=0038 sp=F34E
irq#11228 pc=0038 sp=F34E
irq#11229 pc=0038 sp=F34E
irq#11230 pc=0038 sp=F34E
irq#11231 pc=0038 sp=F34E
irq#11232 pc=0038 sp=F34E
irq#11233 pc=0038 sp=F34E
irq#11234 pc=0038 sp=F34E
irq#11235 pc=0038 sp=F34E
irq#11236 pc=0038 sp=F34E
irq#11237 pc=0038 sp=F34E
irq#11238 pc=0038 sp=F34E
irq#11239 pc=0038 sp=F34E
irq#11240 pc=0038 sp=F34E
irq#11241 pc=0038 sp=F34E
irq#11242 pc=0038 sp=F34E
irq#11243 pc=0038 sp=F34E
irq#11244 pc=0038 sp=F34E
irq#11245 pc=0038 sp=F34E
irq#11246 pc=0038 sp=F34E
irq#11247 pc=0038 sp=F34E
irq#11248 pc=0038 sp=F34E
irq#11249 pc=0038 sp=F34E
irq#11250 pc=0038 sp=F34E
irq#11251 pc=0038 sp=F34E
irq#11252 pc=0038 sp=F34E
irq#11253 pc=0038 sp=F34E
irq#11254 pc=0038 sp=F34E
irq#11255 pc=0038 sp=F34E
irq#11256 pc=0038 sp=F34E
irq#11257 pc=0038 sp=F34E
irq#11258 pc=0038 sp=F34E
irq#11259 pc=0038 sp=F34E
irq#11260 pc=0038 sp=F34E
irq#11261 pc=0038 sp=F34E
irq#11262 pc=0038 sp=F34E
irq#11263 pc=0038 sp=F34E
irq#11264 pc=0038 sp=F34E
irq#11265 pc=0038 sp=F34E
irq#11266 pc=0038 sp=F34E
irq#11267 pc=0038 sp=F34E
irq#11268 pc=0038 sp=F34E
irq#11269 pc=0038 sp=F34E
irq#11270 pc=0038 sp=F34E
irq#11271 pc=0038 sp=F34E
irq#11272 pc=0038 sp=F34E
irq#11273 pc=0038 sp=F34E
irq#11274 pc=0038 sp=F34E
irq#11275 pc=0038 sp=F34E
irq#11276 pc=0038 sp=F34E
irq#11277 pc=0038 sp=F34E
irq#11278 pc=0038 sp=F34E
irq#11279 pc=0038 sp=F34E
irq#11280 pc=0038 sp=F34E
irq#11281 pc=0038 sp=F34E
irq#11282 pc=0038 sp=F34E
irq#11283 pc=0038 sp=F34E
irq#11284 pc=0038 sp=F34E
irq#11285 pc=0038 sp=F34E
irq#11286 pc=0038 sp=F33E
irq#11287 pc=0038 sp=F34E
irq#11288 pc=0038 sp=F34E
irq#11289 pc=0038 sp=F34E
irq#11290 pc=0038 sp=F34E
irq#11291 pc=0038 sp=F34E
irq#11292 pc=0038 sp=F34E
irq#11293 pc=0038 sp=F34E
irq#11294 pc=0038 sp=F34E
irq#11295 pc=0038 sp=F34E
irq#11296 pc=0038 sp=F34E
irq#11297 pc=0038 sp=F34E
irq#11298 pc=0038 sp=F34E
irq#11299 pc=0038 sp=F34E
irq#11300 pc=0038 sp=F34E
irq#11301 pc=0038 sp=F34E
irq#11302 pc=0038 sp=F34E
irq#11303 pc=0038 sp=F34E
irq#11304 pc=0038 sp=F34E
irq#11305 pc=0038 sp=F34E
irq#11306 pc=0038 sp=F34E
irq#11307 pc=0038 sp=F34E
irq#11308 pc=0038 sp=F34E
irq#11309 pc=0038 sp=F34E
irq#11310 pc=0038 sp=F34E
irq#11311 pc=0038 sp=F34E
irq#11312 pc=0038 sp=F34E
irq#11313 pc=0038 sp=F34E
irq#11314 pc=0038 sp=F34E
irq#11315 pc=0038 sp=F34E
irq#11316 pc=0038 sp=F34E
irq#11317 pc=0038 sp=F34E
irq#11318 pc=0038 sp=F34E
irq#11319 pc=0038 sp=F34E
irq#11320 pc=0038 sp=F34E
irq#11321 pc=0038 sp=F34E
irq#11322 pc=0038 sp=F34E
irq#11323 pc=0038 sp=F34E
irq#11324 pc=0038 sp=F34E
irq#11325 pc=0038 sp=F34E
irq#11326 pc=0038 sp=F34E
irq#11327 pc=0038 sp=F34E
irq#11328 pc=0038 sp=F34E
irq#11329 pc=0038 sp=F34E
irq#11330 pc=0038 sp=F34E
irq#11331 pc=0038 sp=F34E
irq#11332 pc=0038 sp=F34E
irq#11333 pc=0038 sp=F34E
irq#11334 pc=0038 sp=F34E
irq#11335 pc=0038 sp=F34E
irq#11336 pc=0038 sp=F34E
irq#11337 pc=0038 sp=F34E
irq#11338 pc=0038 sp=F34E
irq#11339 pc=0038 sp=F34E
irq#11340 pc=0038 sp=F34E
irq#11341 pc=0038 sp=F34E
irq#11342 pc=0038 sp=F34E
irq#11343 pc=0038 sp=F34E
irq#11344 pc=0038 sp=F34E
irq#11345 pc=0038 sp=F34E
irq#11346 pc=0038 sp=F34E
irq#11347 pc=0038 sp=F34E
irq#11348 pc=0038 sp=F34E
irq#11349 pc=0038 sp=F34E
irq#11350 pc=0038 sp=F34E
irq#11351 pc=0038 sp=F34E
irq#11352 pc=0038 sp=F34E
irq#11353 pc=0038 sp=F34E
irq#11354 pc=0038 sp=F34E
irq#11355 pc=0038 sp=F34E
irq#11356 pc=0038 sp=F34E
irq#11357 pc=0038 sp=F34E
irq#11358 pc=0038 sp=F34E
irq#11359 pc=0038 sp=F34E
irq#11360 pc=0038 sp=F34E
irq#11361 pc=0038 sp=F34E
irq#11362 pc=0038 sp=F34E
irq#11363 pc=0038 sp=F34E
irq#11364 pc=0038 sp=F34E
irq#11365 pc=0038 sp=F34E
irq#11366 pc=0038 sp=F34E
irq#11367 pc=0038 sp=F34E
irq#11368 pc=0038 sp=F34E
irq#11369 pc=0038 sp=F34E
irq#11370 pc=0038 sp=F34E
irq#11371 pc=0038 sp=F34E
irq#11372 pc=0038 sp=F34E
irq#11373 pc=0038 sp=F34E
irq#11374 pc=0038 sp=F34E
irq#11375 pc=0038 sp=F34E
irq#11376 pc=0038 sp=F34E
irq#11377 pc=0038 sp=F34E
irq#11378 pc=0038 sp=F34E
irq#11379 pc=0038 sp=F34E
irq#11380 pc=0038 sp=F34E
irq#11381 pc=0038 sp=F34E
irq#11382 pc=0038 sp=F34E
irq#11383 pc=0038 sp=F34E
irq#11384 pc=0038 sp=F34E
irq#11385 pc=0038 sp=F34E
irq#11386 pc=0038 sp=F34E
irq#11387 pc=0038 sp=F34E
irq#11388 pc=0038 sp=F34E
irq#11389 pc=0038 sp=F34E
irq#11390 pc=0038 sp=F34E
irq#11391 pc=0038 sp=F34E
irq#11392 pc=0038 sp=F34E
irq#11393 pc=0038 sp=F34E
irq#11394 pc=0038 sp=F34E
irq#11395 pc=0038 sp=F34E
irq#11396 pc=0038 sp=F34E
irq#11397 pc=0038 sp=F34E
irq#11398 pc=0038 sp=F34E
irq#11399 pc=0038 sp=F34E
irq#11400 pc=0038 sp=F34E
irq#11401 pc=0038 sp=F34E
irq#11402 pc=0038 sp=F34E
irq#11403 pc=0038 sp=F34E
irq#11404 pc=0038 sp=F34E
irq#11405 pc=0038 sp=F34E
irq#11406 pc=0038 sp=F34E
irq#11407 pc=0038 sp=F34E
irq#11408 pc=0038 sp=F34E
irq#11409 pc=0038 sp=F34E
irq#11410 pc=0038 sp=F34E
irq#11411 pc=0038 sp=F34E
irq#11412 pc=0038 sp=F34E
irq#11413 pc=0038 sp=F34E
irq#11414 pc=0038 sp=F34E
irq#11415 pc=0038 sp=F34E
irq#11416 pc=0038 sp=F34E
irq#11417 pc=0038 sp=F34E
irq#11418 pc=0038 sp=F34E
irq#11419 pc=0038 sp=F34E
irq#11420 pc=0038 sp=F34E
irq#11421 pc=0038 sp=F34E
irq#11422 pc=0038 sp=F34E
irq#11423 pc=0038 sp=F34E
irq#11424 pc=0038 sp=F34E
irq#11425 pc=0038 sp=F34E
irq#11426 pc=0038 sp=F34E
irq#11427 pc=0038 sp=F34E
irq#11428 pc=0038 sp=F34E
irq#11429 pc=0038 sp=F34E
irq#11430 pc=0038 sp=F34E
irq#11431 pc=0038 sp=F34E
irq#11432 pc=0038 sp=F34E
irq#11433 pc=0038 sp=F34E
irq#11434 pc=0038 sp=F34E
irq#11435 pc=0038 sp=F34E
irq#11436 pc=0038 sp=F34E
irq#11437 pc=0038 sp=F34E
irq#11438 pc=0038 sp=F34E
irq#11439 pc=0038 sp=F34E
irq#11440 pc=0038 sp=F34E
irq#11441 pc=0038 sp=F34E
irq#11442 pc=0038 sp=F34E
irq#11443 pc=0038 sp=F34E
irq#11444 pc=0038 sp=F34E
irq#11445 pc=0038 sp=F34E
irq#11446 pc=0038 sp=F34E
irq#11447 pc=0038 sp=F34E
irq#11448 pc=0038 sp=F34E
irq#11449 pc=0038 sp=F34E
irq#11450 pc=0038 sp=F34E
irq#11451 pc=0038 sp=F34E
irq#11452 pc=0038 sp=F34E
irq#11453 pc=0038 sp=F34E
irq#11454 pc=0038 sp=F34E
irq#11455 pc=0038 sp=F34E
irq#11456 pc=0038 sp=F34E
irq#11457 pc=0038 sp=F34E
irq#11458 pc=0038 sp=F34E
irq#11459 pc=0038 sp=F34E
irq#11460 pc=0038 sp=F34E
irq#11461 pc=0038 sp=F34E
irq#11462 pc=0038 sp=F34E
irq#11463 pc=0038 sp=F34E
irq#11464 pc=0038 sp=F34E
irq#11465 pc=0038 sp=F34E
irq#11466 pc=0038 sp=F34E
irq#11467 pc=0038 sp=F34E
irq#11468 pc=0038 sp=F34E
irq#11469 pc=0038 sp=F34E
irq#11470 pc=0038 sp=F33A
irq#11471 pc=0038 sp=F34E
irq#11472 pc=0038 sp=F34E
irq#11473 pc=0038 sp=F34E
irq#11474 pc=0038 sp=F34E
irq#11475 pc=0038 sp=F34E
irq#11476 pc=0038 sp=F34E
irq#11477 pc=0038 sp=F34E
irq#11478 pc=0038 sp=F34E
irq#11479 pc=0038 sp=F34E
irq#11480 pc=0038 sp=F34E
irq#11481 pc=0038 sp=F34E
irq#11482 pc=0038 sp=F34E
irq#11483 pc=0038 sp=F34E
irq#11484 pc=0038 sp=F34E
irq#11485 pc=0038 sp=F34E
irq#11486 pc=0038 sp=F34E
irq#11487 pc=0038 sp=F34E
irq#11488 pc=0038 sp=F34E
irq#11489 pc=0038 sp=F34E
irq#11490 pc=0038 sp=F34E
irq#11491 pc=0038 sp=F34E
irq#11492 pc=0038 sp=F34E
irq#11493 pc=0038 sp=F34E
irq#11494 pc=0038 sp=F34E
irq#11495 pc=0038 sp=F34E
irq#11496 pc=0038 sp=F34E
irq#11497 pc=0038 sp=F34E
irq#11498 pc=0038 sp=F34E
irq#11499 pc=0038 sp=F34E
irq#11500 pc=0038 sp=F34E
irq#11501 pc=0038 sp=F34E
irq#11502 pc=0038 sp=F34E
irq#11503 pc=0038 sp=F34E
irq#11504 pc=0038 sp=F34E
irq#11505 pc=0038 sp=F34E
irq#11506 pc=0038 sp=F34E
irq#11507 pc=0038 sp=F34E
irq#11508 pc=0038 sp=F34E
irq#11509 pc=0038 sp=F34E
irq#11510 pc=0038 sp=F34E
irq#11511 pc=0038 sp=F34E
irq#11512 pc=0038 sp=F34E
irq#11513 pc=0038 sp=F34E
irq#11514 pc=0038 sp=F34E
irq#11515 pc=0038 sp=F34E
irq#11516 pc=0038 sp=F34E
irq#11517 pc=0038 sp=F34E
irq#11518 pc=0038 sp=F34E
irq#11519 pc=0038 sp=F34E
irq#11520 pc=0038 sp=F34E
irq#11521 pc=0038 sp=F34E
irq#11522 pc=0038 sp=F34E
irq#11523 pc=0038 sp=F34E
irq#11524 pc=0038 sp=F34E
irq#11525 pc=0038 sp=F34E
irq#11526 pc=0038 sp=F34E
irq#11527 pc=0038 sp=F34E
irq#11528 pc=0038 sp=F34E
irq#11529 pc=0038 sp=F34E
irq#11530 pc=0038 sp=F34E
irq#11531 pc=0038 sp=F34E
irq#11532 pc=0038 sp=F34E
irq#11533 pc=0038 sp=F34E
irq#11534 pc=0038 sp=F34E
irq#11535 pc=0038 sp=F34E
irq#11536 pc=0038 sp=F34E
irq#11537 pc=0038 sp=F34E
irq#11538 pc=0038 sp=F34E
irq#11539 pc=0038 sp=F34E
irq#11540 pc=0038 sp=F34E
irq#11541 pc=0038 sp=F34E
irq#11542 pc=0038 sp=F34E
irq#11543 pc=0038 sp=F34E
irq#11544 pc=0038 sp=F34E
irq#11545 pc=0038 sp=F34E
irq#11546 pc=0038 sp=F34E
irq#11547 pc=0038 sp=F34E
irq#11548 pc=0038 sp=F34E
irq#11549 pc=0038 sp=F34E
irq#11550 pc=0038 sp=F34E
irq#11551 pc=0038 sp=F34E
irq#11552 pc=0038 sp=F34E
irq#11553 pc=0038 sp=F34E
irq#11554 pc=0038 sp=F34E
irq#11555 pc=0038 sp=F34E
irq#11556 pc=0038 sp=F34E
irq#11557 pc=0038 sp=F34E
irq#11558 pc=0038 sp=F34E
irq#11559 pc=0038 sp=F34E
irq#11560 pc=0038 sp=F34E
irq#11561 pc=0038 sp=F34E
irq#11562 pc=0038 sp=F34E
irq#11563 pc=0038 sp=F34E
irq#11564 pc=0038 sp=F34E
irq#11565 pc=0038 sp=F34E
irq#11566 pc=0038 sp=F34E
irq#11567 pc=0038 sp=F34E
irq#11568 pc=0038 sp=F34E
irq#11569 pc=0038 sp=F34E
irq#11570 pc=0038 sp=F34E
irq#11571 pc=0038 sp=F34E
irq#11572 pc=0038 sp=F34E
irq#11573 pc=0038 sp=F34E
irq#11574 pc=0038 sp=F34E
irq#11575 pc=0038 sp=F34E
irq#11576 pc=0038 sp=F34E
irq#11577 pc=0038 sp=F34E
irq#11578 pc=0038 sp=F34E
irq#11579 pc=0038 sp=F34E
irq#11580 pc=0038 sp=F34E
irq#11581 pc=0038 sp=F34E
irq#11582 pc=0038 sp=F34E
irq#11583 pc=0038 sp=F34E
irq#11584 pc=0038 sp=F34E
irq#11585 pc=0038 sp=F34E
irq#11586 pc=0038 sp=F34E
irq#11587 pc=0038 sp=F34E
irq#11588 pc=0038 sp=F34E
irq#11589 pc=0038 sp=F34E
irq#11590 pc=0038 sp=F34E
irq#11591 pc=0038 sp=F34E
irq#11592 pc=0038 sp=F34E
irq#11593 pc=0038 sp=F34E
irq#11594 pc=0038 sp=F34E
irq#11595 pc=0038 sp=F34E
irq#11596 pc=0038 sp=F34E
irq#11597 pc=0038 sp=F34E
irq#11598 pc=0038 sp=F34E
irq#11599 pc=0038 sp=F34E
irq#11600 pc=0038 sp=F34E
irq#11601 pc=0038 sp=F34E
irq#11602 pc=0038 sp=F34E
irq#11603 pc=0038 sp=F34E
irq#11604 pc=0038 sp=F34E
irq#11605 pc=0038 sp=F34E
irq#11606 pc=0038 sp=F34E
irq#11607 pc=0038 sp=F34E
irq#11608 pc=0038 sp=F34E
irq#11609 pc=0038 sp=F34E
irq#11610 pc=0038 sp=F34E
irq#11611 pc=0038 sp=F34E
irq#11612 pc=0038 sp=F34E
irq#11613 pc=0038 sp=F34E
irq#11614 pc=0038 sp=F34E
irq#11615 pc=0038 sp=F34E
irq#11616 pc=0038 sp=F34E
irq#11617 pc=0038 sp=F34E
irq#11618 pc=0038 sp=F34E
irq#11619 pc=0038 sp=F34E
irq#11620 pc=0038 sp=F34E
irq#11621 pc=0038 sp=F34E
irq#11622 pc=0038 sp=F34E
irq#11623 pc=0038 sp=F34E
irq#11624 pc=0038 sp=F34E
irq#11625 pc=0038 sp=F34E
irq#11626 pc=0038 sp=F34E
irq#11627 pc=0038 sp=F34E
irq#11628 pc=0038 sp=F34E
irq#11629 pc=0038 sp=F34E
irq#11630 pc=0038 sp=F34E
irq#11631 pc=0038 sp=F34E
irq#11632 pc=0038 sp=F34E
irq#11633 pc=0038 sp=F34E
irq#11634 pc=0038 sp=F34E
irq#11635 pc=0038 sp=F34E
irq#11636 pc=0038 sp=F34E
irq#11637 pc=0038 sp=F34E
irq#11638 pc=0038 sp=F34E
irq#11639 pc=0038 sp=F34E
irq#11640 pc=0038 sp=F34E
irq#11641 pc=0038 sp=F34E
irq#11642 pc=0038 sp=F34E
irq#11643 pc=0038 sp=F34E
irq#11644 pc=0038 sp=F34E
irq#11645 pc=0038 sp=F34E
irq#11646 pc=0038 sp=F34E
irq#11647 pc=0038 sp=F34E
irq#11648 pc=0038 sp=F34E
irq#11649 pc=0038 sp=F34E
irq#11650 pc=0038 sp=F34E
irq#11651 pc=0038 sp=F34E
irq#11652 pc=0038 sp=F34E
irq#11653 pc=0038 sp=F34E
irq#11654 pc=0038 sp=F336
irq#11655 pc=0038 sp=F34E
irq#11656 pc=0038 sp=F34E
irq#11657 pc=0038 sp=F34E
irq#11658 pc=0038 sp=F34E
irq#11659 pc=0038 sp=F34E
irq#11660 pc=0038 sp=F34E
irq#11661 pc=0038 sp=F34E
irq#11662 pc=0038 sp=F34E
irq#11663 pc=0038 sp=F34E
irq#11664 pc=0038 sp=F34E
irq#11665 pc=0038 sp=F34E
irq#11666 pc=0038 sp=F34E
irq#11667 pc=0038 sp=F34E
irq#11668 pc=0038 sp=F34E
irq#11669 pc=0038 sp=F34E
irq#11670 pc=0038 sp=F34E
irq#11671 pc=0038 sp=F34E
irq#11672 pc=0038 sp=F34E
irq#11673 pc=0038 sp=F34E
irq#11674 pc=0038 sp=F34E
irq#11675 pc=0038 sp=F34E
irq#11676 pc=0038 sp=F34E
irq#11677 pc=0038 sp=F34E
irq#11678 pc=0038 sp=F34E
irq#11679 pc=0038 sp=F34E
irq#11680 pc=0038 sp=F34E
irq#11681 pc=0038 sp=F34E
irq#11682 pc=0038 sp=F34E
irq#11683 pc=0038 sp=F34E
irq#11684 pc=0038 sp=F34E
irq#11685 pc=0038 sp=F34E
irq#11686 pc=0038 sp=F34E
irq#11687 pc=0038 sp=F34E
irq#11688 pc=0038 sp=F34E
irq#11689 pc=0038 sp=F34E
irq#11690 pc=0038 sp=F34E
irq#11691 pc=0038 sp=F34E
irq#11692 pc=0038 sp=F34E
irq#11693 pc=0038 sp=F34E
irq#11694 pc=0038 sp=F34E
irq#11695 pc=0038 sp=F34E
irq#11696 pc=0038 sp=F34E
irq#11697 pc=0038 sp=F34E
irq#11698 pc=0038 sp=F34E
irq#11699 pc=0038 sp=F34E
irq#11700 pc=0038 sp=F34E
irq#11701 pc=0038 sp=F34E
irq#11702 pc=0038 sp=F34E
irq#11703 pc=0038 sp=F34E
irq#11704 pc=0038 sp=F34E
irq#11705 pc=0038 sp=F34E
irq#11706 pc=0038 sp=F34E
irq#11707 pc=0038 sp=F34E
irq#11708 pc=0038 sp=F34E
irq#11709 pc=0038 sp=F34E
irq#11710 pc=0038 sp=F34E
irq#11711 pc=0038 sp=F34E
irq#11712 pc=0038 sp=F34E
irq#11713 pc=0038 sp=F34E
irq#11714 pc=0038 sp=F34E
irq#11715 pc=0038 sp=F34E
irq#11716 pc=0038 sp=F34E
irq#11717 pc=0038 sp=F34E
irq#11718 pc=0038 sp=F34E
irq#11719 pc=0038 sp=F34E
irq#11720 pc=0038 sp=F34E
irq#11721 pc=0038 sp=F34E
irq#11722 pc=0038 sp=F34E
irq#11723 pc=0038 sp=F34E
irq#11724 pc=0038 sp=F34E
irq#11725 pc=0038 sp=F34E
irq#11726 pc=0038 sp=F34E
irq#11727 pc=0038 sp=F34E
irq#11728 pc=0038 sp=F34E
irq#11729 pc=0038 sp=F34E
irq#11730 pc=0038 sp=F34E
irq#11731 pc=0038 sp=F34E
irq#11732 pc=0038 sp=F34E
irq#11733 pc=0038 sp=F34E
irq#11734 pc=0038 sp=F34E
irq#11735 pc=0038 sp=F34E
irq#11736 pc=0038 sp=F34E
irq#11737 pc=0038 sp=F34E
irq#11738 pc=0038 sp=F34E
irq#11739 pc=0038 sp=F34E
irq#11740 pc=0038 sp=F34E
irq#11741 pc=0038 sp=F34E
irq#11742 pc=0038 sp=F34E
irq#11743 pc=0038 sp=F34E
irq#11744 pc=0038 sp=F34E
irq#11745 pc=0038 sp=F34E
irq#11746 pc=0038 sp=F34E
irq#11747 pc=0038 sp=F34E
irq#11748 pc=0038 sp=F34E
irq#11749 pc=0038 sp=F34E
irq#11750 pc=0038 sp=F34E
irq#11751 pc=0038 sp=F34E
irq#11752 pc=0038 sp=F34E
irq#11753 pc=0038 sp=F34E
irq#11754 pc=0038 sp=F34E
irq#11755 pc=0038 sp=F34E
irq#11756 pc=0038 sp=F34E
irq#11757 pc=0038 sp=F34E
irq#11758 pc=0038 sp=F34E
irq#11759 pc=0038 sp=F34E
irq#11760 pc=0038 sp=F34E
irq#11761 pc=0038 sp=F34E
irq#11762 pc=0038 sp=F34E
irq#11763 pc=0038 sp=F34E
irq#11764 pc=0038 sp=F34E
irq#11765 pc=0038 sp=F34E
irq#11766 pc=0038 sp=F34E
irq#11767 pc=0038 sp=F34E
irq#11768 pc=0038 sp=F34E
irq#11769 pc=0038 sp=F34E
irq#11770 pc=0038 sp=F34E
irq#11771 pc=0038 sp=F34E
irq#11772 pc=0038 sp=F34E
irq#11773 pc=0038 sp=F34E
irq#11774 pc=0038 sp=F34E
irq#11775 pc=0038 sp=F34E
irq#11776 pc=0038 sp=F34E
irq#11777 pc=0038 sp=F34E
irq#11778 pc=0038 sp=F34E
irq#11779 pc=0038 sp=F34E
irq#11780 pc=0038 sp=F34E
irq#11781 pc=0038 sp=F34E
irq#11782 pc=0038 sp=F34E
irq#11783 pc=0038 sp=F34E
irq#11784 pc=0038 sp=F34E
irq#11785 pc=0038 sp=F34E
irq#11786 pc=0038 sp=F34E
irq#11787 pc=0038 sp=F34E
irq#11788 pc=0038 sp=F34E
irq#11789 pc=0038 sp=F34E
irq#11790 pc=0038 sp=F34E
irq#11791 pc=0038 sp=F34E
irq#11792 pc=0038 sp=F34E
irq#11793 pc=0038 sp=F34E
irq#11794 pc=0038 sp=F34E
irq#11795 pc=0038 sp=F34E
irq#11796 pc=0038 sp=F34E
irq#11797 pc=0038 sp=F34E
irq#11798 pc=0038 sp=F34E
irq#11799 pc=0038 sp=F34E
irq#11800 pc=0038 sp=F34E
irq#11801 pc=0038 sp=F34E
irq#11802 pc=0038 sp=F34E
irq#11803 pc=0038 sp=F34E
irq#11804 pc=0038 sp=F34E
irq#11805 pc=0038 sp=F34E
irq#11806 pc=0038 sp=F34E
irq#11807 pc=0038 sp=F34E
irq#11808 pc=0038 sp=F34E
irq#11809 pc=0038 sp=F34E
irq#11810 pc=0038 sp=F34E
irq#11811 pc=0038 sp=F34E
irq#11812 pc=0038 sp=F34E
irq#11813 pc=0038 sp=F34E
irq#11814 pc=0038 sp=F34E
irq#11815 pc=0038 sp=F34E
irq#11816 pc=0038 sp=F34E
irq#11817 pc=0038 sp=F34E
irq#11818 pc=0038 sp=F34E
irq#11819 pc=0038 sp=F34E
irq#11820 pc=0038 sp=F34E
irq#11821 pc=0038 sp=F34E
irq#11822 pc=0038 sp=F34E
irq#11823 pc=0038 sp=F34E
irq#11824 pc=0038 sp=F34E
irq#11825 pc=0038 sp=F34E
irq#11826 pc=0038 sp=F34E
irq#11827 pc=0038 sp=F34E
irq#11828 pc=0038 sp=F34E
irq#11829 pc=0038 sp=F34E
irq#11830 pc=0038 sp=F34E
irq#11831 pc=0038 sp=F34E
irq#11832 pc=0038 sp=F34E
irq#11833 pc=0038 sp=F34E
irq#11834 pc=0038 sp=F34E
irq#11835 pc=0038 sp=F34E
irq#11836 pc=0038 sp=F34E
irq#11837 pc=0038 sp=F34E
irq#11838 pc=0038 sp=F34E
irq#11839 pc=0038 sp=F34E
irq#11840 pc=0038 sp=F34E
irq#11841 pc=0038 sp=F34E
irq#11842 pc=0038 sp=F34E
irq#11843 pc=0038 sp=F34E
irq#11844 pc=0038 sp=F34E
irq#11845 pc=0038 sp=F34E
irq#11846 pc=0038 sp=F34E
irq#11847 pc=0038 sp=F34E
irq#11848 pc=0038 sp=F34E
irq#11849 pc=0038 sp=F34E
irq#11850 pc=0038 sp=F34E
irq#11851 pc=0038 sp=F34E
irq#11852 pc=0038 sp=F34E
irq#11853 pc=0038 sp=F34E
irq#11854 pc=0038 sp=F34E
irq#11855 pc=0038 sp=F34E
irq#11856 pc=0038 sp=F34E
irq#11857 pc=0038 sp=F34E
irq#11858 pc=0038 sp=F34E
irq#11859 pc=0038 sp=F34E
irq#11860 pc=0038 sp=F34E
irq#11861 pc=0038 sp=F34E
irq#11862 pc=0038 sp=F34E
irq#11863 pc=0038 sp=F34E
irq#11864 pc=0038 sp=F34E
irq#11865 pc=0038 sp=F34E
irq#11866 pc=0038 sp=F34E
irq#11867 pc=0038 sp=F34E
irq#11868 pc=0038 sp=F34E
irq#11869 pc=0038 sp=F34E
irq#11870 pc=0038 sp=F34E
irq#11871 pc=0038 sp=F34E
irq#11872 pc=0038 sp=F34E
irq#11873 pc=0038 sp=F34E
irq#11874 pc=0038 sp=F34E
irq#11875 pc=0038 sp=F34E
irq#11876 pc=0038 sp=F34E
irq#11877 pc=0038 sp=F34E
irq#11878 pc=0038 sp=F34E
irq#11879 pc=0038 sp=F34E
irq#11880 pc=0038 sp=F34E
irq#11881 pc=0038 sp=F34E
irq#11882 pc=0038 sp=F34E
irq#11883 pc=0038 sp=F34E
irq#11884 pc=0038 sp=F34E
irq#11885 pc=0038 sp=F34E
irq#11886 pc=0038 sp=F34E
irq#11887 pc=0038 sp=F34E
irq#11888 pc=0038 sp=F34E
irq#11889 pc=0038 sp=F34E
irq#11890 pc=0038 sp=F34E
irq#11891 pc=0038 sp=F34E
irq#11892 pc=0038 sp=F34E
irq#11893 pc=0038 sp=F34E
irq#11894 pc=0038 sp=F34E
irq#11895 pc=0038 sp=F34E
irq#11896 pc=0038 sp=F34E
irq#11897 pc=0038 sp=F34E
irq#11898 pc=0038 sp=F34E
irq#11899 pc=0038 sp=F34E
irq#11900 pc=0038 sp=F34E
irq#11901 pc=0038 sp=F34E
irq#11902 pc=0038 sp=F34E
irq#11903 pc=0038 sp=F34E
irq#11904 pc=0038 sp=F34E
irq#11905 pc=0038 sp=F34E
irq#11906 pc=0038 sp=F34E
irq#11907 pc=0038 sp=F34E
irq#11908 pc=0038 sp=F34E
irq#11909 pc=0038 sp=F34E
irq#11910 pc=0038 sp=F34E
irq#11911 pc=0038 sp=F34E
irq#11912 pc=0038 sp=F34E
irq#11913 pc=0038 sp=F34E
irq#11914 pc=0038 sp=F34E
irq#11915 pc=0038 sp=F34E
irq#11916 pc=0038 sp=F34E
irq#11917 pc=0038 sp=F34E
irq#11918 pc=0038 sp=F34E
irq#11919 pc=0038 sp=F34E
irq#11920 pc=0038 sp=F34E
irq#11921 pc=0038 sp=F34E
irq#11922 pc=0038 sp=F34E
irq#11923 pc=0038 sp=F34E
irq#11924 pc=0038 sp=F34E
irq#11925 pc=0038 sp=F34E
irq#11926 pc=0038 sp=F34E
irq#11927 pc=0038 sp=F34E
irq#11928 pc=0038 sp=F34E
irq#11929 pc=0038 sp=F34E
irq#11930 pc=0038 sp=F34E
irq#11931 pc=0038 sp=F34E
irq#11932 pc=0038 sp=F34E
irq#11933 pc=0038 sp=F34E
irq#11934 pc=0038 sp=F34E
irq#11935 pc=0038 sp=F34E
irq#11936 pc=0038 sp=F34E
irq#11937 pc=0038 sp=F34E
irq#11938 pc=0038 sp=F34E
irq#11939 pc=0038 sp=F34E
irq#11940 pc=0038 sp=F34E
irq#11941 pc=0038 sp=F34E
irq#11942 pc=0038 sp=F34E
irq#11943 pc=0038 sp=F34E
irq#11944 pc=0038 sp=F34E
irq#11945 pc=0038 sp=F34E
irq#11946 pc=0038 sp=F34E
irq#11947 pc=0038 sp=F34E
irq#11948 pc=0038 sp=F34E
irq#11949 pc=0038 sp=F34E
irq#11950 pc=0038 sp=F34E
irq#11951 pc=0038 sp=F34E
irq#11952 pc=0038 sp=F34E
irq#11953 pc=0038 sp=F34E
irq#11954 pc=0038 sp=F34E
irq#11955 pc=0038 sp=F34E
irq#11956 pc=0038 sp=F34E
irq#11957 pc=0038 sp=F34E
irq#11958 pc=0038 sp=F34E
irq#11959 pc=0038 sp=F34E
irq#11960 pc=0038 sp=F34E
irq#11961 pc=0038 sp=F34E
irq#11962 pc=0038 sp=F34E
irq#11963 pc=0038 sp=F34E
irq#11964 pc=0038 sp=F34E
irq#11965 pc=0038 sp=F34E
irq#11966 pc=0038 sp=F34E
irq#11967 pc=0038 sp=F34E
irq#11968 pc=0038 sp=F34E
irq#11969 pc=0038 sp=F34E
irq#11970 pc=0038 sp=F34E
irq#11971 pc=0038 sp=F34E
irq#11972 pc=0038 sp=F34E
irq#11973 pc=0038 sp=F34E
irq#11974 pc=0038 sp=F34E
irq#11975 pc=0038 sp=F34E
irq#11976 pc=0038 sp=F34E
irq#11977 pc=0038 sp=F34E
irq#11978 pc=0038 sp=F34E
irq#11979 pc=0038 sp=F34E
irq#11980 pc=0038 sp=F34E
irq#11981 pc=0038 sp=F34E
irq#11982 pc=0038 sp=F34E
irq#11983 pc=0038 sp=F34E
irq#11984 pc=0038 sp=F34E
irq#11985 pc=0038 sp=F34E
irq#11986 pc=0038 sp=F34E
irq#11987 pc=0038 sp=F34E
irq#11988 pc=0038 sp=F34E
irq#11989 pc=0038 sp=F34E
irq#11990 pc=0038 sp=F34E
irq#11991 pc=0038 sp=F34E
irq#11992 pc=0038 sp=F34E
irq#11993 pc=0038 sp=F34E
irq#11994 pc=0038 sp=F34E
irq#11995 pc=0038 sp=F34E
irq#11996 pc=0038 sp=F34E
irq#11997 pc=0038 sp=F34E
irq#11998 pc=0038 sp=F34E
irq#11999 pc=0038 sp=F34E
irq#12000 pc=0038 sp=F34E
irq#12001 pc=0038 sp=F34E
irq#12002 pc=0038 sp=F34E
irq#12003 pc=0038 sp=F34E
irq#12004 pc=0038 sp=F34E
irq#12005 pc=0038 sp=F34E
irq#12006 pc=0038 sp=F34E
irq#12007 pc=0038 sp=F34E
irq#12008 pc=0038 sp=F34E
irq#12009 pc=0038 sp=F34E
irq#12010 pc=0038 sp=F34E
irq#12011 pc=0038 sp=F34E
irq#12012 pc=0038 sp=F34E
irq#12013 pc=0038 sp=F34E
irq#12014 pc=0038 sp=F34E
irq#12015 pc=0038 sp=F34E
irq#12016 pc=0038 sp=F34E
irq#12017 pc=0038 sp=F34E
irq#12018 pc=0038 sp=F34E
irq#12019 pc=0038 sp=F34E
irq#12020 pc=0038 sp=F34E
irq#12021 pc=0038 sp=F34E
irq#12022 pc=0038 sp=F338
irq#12023 pc=0038 sp=F34E
irq#12024 pc=0038 sp=F34E
irq#12025 pc=0038 sp=F34E
irq#12026 pc=0038 sp=F34E
irq#12027 pc=0038 sp=F34E
irq#12028 pc=0038 sp=F34E
irq#12029 pc=0038 sp=F34E
irq#12030 pc=0038 sp=F34E
irq#12031 pc=0038 sp=F34E
irq#12032 pc=0038 sp=F34E
irq#12033 pc=0038 sp=F34E
irq#12034 pc=0038 sp=F34E
irq#12035 pc=0038 sp=F34E
irq#12036 pc=0038 sp=F34E
irq#12037 pc=0038 sp=F34E
irq#12038 pc=0038 sp=F34E
irq#12039 pc=0038 sp=F34E
irq#12040 pc=0038 sp=F34E
irq#12041 pc=0038 sp=F34E
irq#12042 pc=0038 sp=F34E
irq#12043 pc=0038 sp=F34E
irq#12044 pc=0038 sp=F34E
irq#12045 pc=0038 sp=F34E
irq#12046 pc=0038 sp=F34E
irq#12047 pc=0038 sp=F34E
irq#12048 pc=0038 sp=F34E
irq#12049 pc=0038 sp=F34E
irq#12050 pc=0038 sp=F34E
irq#12051 pc=0038 sp=F34E
irq#12052 pc=0038 sp=F34E
irq#12053 pc=0038 sp=F34E
irq#12054 pc=0038 sp=F34E
irq#12055 pc=0038 sp=F34E
irq#12056 pc=0038 sp=F34E
irq#12057 pc=0038 sp=F34E
irq#12058 pc=0038 sp=F34E
irq#12059 pc=0038 sp=F34E
irq#12060 pc=0038 sp=F34E
irq#12061 pc=0038 sp=F34E
irq#12062 pc=0038 sp=F34E
irq#12063 pc=0038 sp=F34E
irq#12064 pc=0038 sp=F34E
irq#12065 pc=0038 sp=F34E
irq#12066 pc=0038 sp=F34E
irq#12067 pc=0038 sp=F34E
irq#12068 pc=0038 sp=F34E
irq#12069 pc=0038 sp=F34E
irq#12070 pc=0038 sp=F34E
irq#12071 pc=0038 sp=F34E
irq#12072 pc=0038 sp=F34E
irq#12073 pc=0038 sp=F34E
irq#12074 pc=0038 sp=F34E
irq#12075 pc=0038 sp=F34E
irq#12076 pc=0038 sp=F34E
irq#12077 pc=0038 sp=F34E
irq#12078 pc=0038 sp=F34E
irq#12079 pc=0038 sp=F34E
irq#12080 pc=0038 sp=F34E
irq#12081 pc=0038 sp=F34E
irq#12082 pc=0038 sp=F34E
irq#12083 pc=0038 sp=F34E
irq#12084 pc=0038 sp=F34E
irq#12085 pc=0038 sp=F34E
irq#12086 pc=0038 sp=F34E
irq#12087 pc=0038 sp=F34E
irq#12088 pc=0038 sp=F34E
irq#12089 pc=0038 sp=F34E
irq#12090 pc=0038 sp=F34E
irq#12091 pc=0038 sp=F34E
irq#12092 pc=0038 sp=F34E
irq#12093 pc=0038 sp=F34E
irq#12094 pc=0038 sp=F34E
irq#12095 pc=0038 sp=F34E
irq#12096 pc=0038 sp=F34E
irq#12097 pc=0038 sp=F34E
irq#12098 pc=0038 sp=F34E
irq#12099 pc=0038 sp=F34E
irq#12100 pc=0038 sp=F34E
irq#12101 pc=0038 sp=F34E
irq#12102 pc=0038 sp=F34E
irq#12103 pc=0038 sp=F34E
irq#12104 pc=0038 sp=F34E
irq#12105 pc=0038 sp=F34E
irq#12106 pc=0038 sp=F34E
irq#12107 pc=0038 sp=F34E
irq#12108 pc=0038 sp=F34E
irq#12109 pc=0038 sp=F34E
irq#12110 pc=0038 sp=F34E
irq#12111 pc=0038 sp=F34E
irq#12112 pc=0038 sp=F34E
irq#12113 pc=0038 sp=F34E
irq#12114 pc=0038 sp=F34E
irq#12115 pc=0038 sp=F34E
irq#12116 pc=0038 sp=F34E
irq#12117 pc=0038 sp=F34E
irq#12118 pc=0038 sp=F34E
irq#12119 pc=0038 sp=F34E
irq#12120 pc=0038 sp=F34E
irq#12121 pc=0038 sp=F34E
irq#12122 pc=0038 sp=F34E
irq#12123 pc=0038 sp=F34E
irq#12124 pc=0038 sp=F34E
irq#12125 pc=0038 sp=F34E
irq#12126 pc=0038 sp=F34E
irq#12127 pc=0038 sp=F34E
irq#12128 pc=0038 sp=F34E
irq#12129 pc=0038 sp=F34E
irq#12130 pc=0038 sp=F34E
irq#12131 pc=0038 sp=F34E
irq#12132 pc=0038 sp=F34E
irq#12133 pc=0038 sp=F34E
irq#12134 pc=0038 sp=F34E
irq#12135 pc=0038 sp=F34E
irq#12136 pc=0038 sp=F34E
irq#12137 pc=0038 sp=F34E
irq#12138 pc=0038 sp=F34E
irq#12139 pc=0038 sp=F34E
irq#12140 pc=0038 sp=F34E
irq#12141 pc=0038 sp=F34E
irq#12142 pc=0038 sp=F34E
irq#12143 pc=0038 sp=F34E
irq#12144 pc=0038 sp=F34E
irq#12145 pc=0038 sp=F34E
irq#12146 pc=0038 sp=F34E
irq#12147 pc=0038 sp=F34E
irq#12148 pc=0038 sp=F34E
irq#12149 pc=0038 sp=F34E
irq#12150 pc=0038 sp=F34E
irq#12151 pc=0038 sp=F34E
irq#12152 pc=0038 sp=F34E
irq#12153 pc=0038 sp=F34E
irq#12154 pc=0038 sp=F34E
irq#12155 pc=0038 sp=F34E
irq#12156 pc=0038 sp=F34E
irq#12157 pc=0038 sp=F34E
irq#12158 pc=0038 sp=F34E
irq#12159 pc=0038 sp=F34E
irq#12160 pc=0038 sp=F34E
irq#12161 pc=0038 sp=F34E
irq#12162 pc=0038 sp=F34E
irq#12163 pc=0038 sp=F34E
irq#12164 pc=0038 sp=F34E
irq#12165 pc=0038 sp=F34E
irq#12166 pc=0038 sp=F34E
irq#12167 pc=0038 sp=F34E
irq#12168 pc=0038 sp=F34E
irq#12169 pc=0038 sp=F34E
irq#12170 pc=0038 sp=F34E
irq#12171 pc=0038 sp=F34E
irq#12172 pc=0038 sp=F34E
irq#12173 pc=0038 sp=F34E
irq#12174 pc=0038 sp=F34E
irq#12175 pc=0038 sp=F34E
irq#12176 pc=0038 sp=F34E
irq#12177 pc=0038 sp=F34E
irq#12178 pc=0038 sp=F34E
irq#12179 pc=0038 sp=F34E
irq#12180 pc=0038 sp=F34E
irq#12181 pc=0038 sp=F34E
irq#12182 pc=0038 sp=F34E
irq#12183 pc=0038 sp=F34E
irq#12184 pc=0038 sp=F34E
irq#12185 pc=0038 sp=F34E
irq#12186 pc=0038 sp=F34E
irq#12187 pc=0038 sp=F34E
irq#12188 pc=0038 sp=F34E
irq#12189 pc=0038 sp=F34E
irq#12190 pc=0038 sp=F34E
irq#12191 pc=0038 sp=F34E
irq#12192 pc=0038 sp=F34E
irq#12193 pc=0038 sp=F34E
irq#12194 pc=0038 sp=F34E
irq#12195 pc=0038 sp=F34E
irq#12196 pc=0038 sp=F34E
irq#12197 pc=0038 sp=F34E
irq#12198 pc=0038 sp=F34E
irq#12199 pc=0038 sp=F34E
irq#12200 pc=0038 sp=F34E
irq#12201 pc=0038 sp=F34E
irq#12202 pc=0038 sp=F34E
irq#12203 pc=0038 sp=F34E
irq#12204 pc=0038 sp=F34E
irq#12205 pc=0038 sp=F34E
irq#12206 pc=0038 sp=F33C
irq#12207 pc=0038 sp=F34E
irq#12208 pc=0038 sp=F34E
irq#12209 pc=0038 sp=F34E
irq#12210 pc=0038 sp=F34E
irq#12211 pc=0038 sp=F34E
irq#12212 pc=0038 sp=F34E
irq#12213 pc=0038 sp=F34E
irq#12214 pc=0038 sp=F34E
irq#12215 pc=0038 sp=F34E
irq#12216 pc=0038 sp=F34E
irq#12217 pc=0038 sp=F34E
irq#12218 pc=0038 sp=F34E
irq#12219 pc=0038 sp=F34E
irq#12220 pc=0038 sp=F34E
irq#12221 pc=0038 sp=F34E
irq#12222 pc=0038 sp=F34E
irq#12223 pc=0038 sp=F34E
irq#12224 pc=0038 sp=F34E
irq#12225 pc=0038 sp=F34E
irq#12226 pc=0038 sp=F34E
irq#12227 pc=0038 sp=F34E
irq#12228 pc=0038 sp=F34E
irq#12229 pc=0038 sp=F34E
irq#12230 pc=0038 sp=F34E
irq#12231 pc=0038 sp=F34E
irq#12232 pc=0038 sp=F34E
irq#12233 pc=0038 sp=F34E
irq#12234 pc=0038 sp=F34E
irq#12235 pc=0038 sp=F34E
irq#12236 pc=0038 sp=F34E
irq#12237 pc=0038 sp=F34E
irq#12238 pc=0038 sp=F34E
irq#12239 pc=0038 sp=F34E
irq#12240 pc=0038 sp=F34E
irq#12241 pc=0038 sp=F34E
irq#12242 pc=0038 sp=F34E
irq#12243 pc=0038 sp=F34E
irq#12244 pc=0038 sp=F34E
irq#12245 pc=0038 sp=F34E
irq#12246 pc=0038 sp=F34E
irq#12247 pc=0038 sp=F34E
irq#12248 pc=0038 sp=F34E
irq#12249 pc=0038 sp=F34E
irq#12250 pc=0038 sp=F34E
irq#12251 pc=0038 sp=F34E
irq#12252 pc=0038 sp=F34E
irq#12253 pc=0038 sp=F34E
irq#12254 pc=0038 sp=F34E
irq#12255 pc=0038 sp=F34E
irq#12256 pc=0038 sp=F34E
irq#12257 pc=0038 sp=F34E
irq#12258 pc=0038 sp=F34E
irq#12259 pc=0038 sp=F34E
irq#12260 pc=0038 sp=F34E
irq#12261 pc=0038 sp=F34E
irq#12262 pc=0038 sp=F34E
irq#12263 pc=0038 sp=F34E
irq#12264 pc=0038 sp=F34E
irq#12265 pc=0038 sp=F34E
irq#12266 pc=0038 sp=F34E
irq#12267 pc=0038 sp=F34E
irq#12268 pc=0038 sp=F34E
irq#12269 pc=0038 sp=F34E
irq#12270 pc=0038 sp=F34E
irq#12271 pc=0038 sp=F34E
irq#12272 pc=0038 sp=F34E
irq#12273 pc=0038 sp=F34E
irq#12274 pc=0038 sp=F34E
irq#12275 pc=0038 sp=F34E
irq#12276 pc=0038 sp=F34E
irq#12277 pc=0038 sp=F34E
irq#12278 pc=0038 sp=F34E
irq#12279 pc=0038 sp=F34E
irq#12280 pc=0038 sp=F34E
irq#12281 pc=0038 sp=F34E
irq#12282 pc=0038 sp=F34E
irq#12283 pc=0038 sp=F34E
irq#12284 pc=0038 sp=F34E
irq#12285 pc=0038 sp=F34E
irq#12286 pc=0038 sp=F34E
irq#12287 pc=0038 sp=F34E
irq#12288 pc=0038 sp=F34E
irq#12289 pc=0038 sp=F34E
irq#12290 pc=0038 sp=F34E
irq#12291 pc=0038 sp=F34E
irq#12292 pc=0038 sp=F34E
irq#12293 pc=0038 sp=F34E
irq#12294 pc=0038 sp=F34E
irq#12295 pc=0038 sp=F34E
irq#12296 pc=0038 sp=F34E
irq#12297 pc=0038 sp=F34E
irq#12298 pc=0038 sp=F34E
irq#12299 pc=0038 sp=F34E
irq#12300 pc=0038 sp=F34E
irq#12301 pc=0038 sp=F34E
irq#12302 pc=0038 sp=F34E
irq#12303 pc=0038 sp=F34E
irq#12304 pc=0038 sp=F34E
irq#12305 pc=0038 sp=F34E
irq#12306 pc=0038 sp=F34E
irq#12307 pc=0038 sp=F34E
irq#12308 pc=0038 sp=F34E
irq#12309 pc=0038 sp=F34E
irq#12310 pc=0038 sp=F34E
irq#12311 pc=0038 sp=F34E
irq#12312 pc=0038 sp=F34E
irq#12313 pc=0038 sp=F34E
irq#12314 pc=0038 sp=F34E
irq#12315 pc=0038 sp=F34E
irq#12316 pc=0038 sp=F34E
irq#12317 pc=0038 sp=F34E
irq#12318 pc=0038 sp=F34E
irq#12319 pc=0038 sp=F34E
irq#12320 pc=0038 sp=F34E
irq#12321 pc=0038 sp=F34E
irq#12322 pc=0038 sp=F34E
irq#12323 pc=0038 sp=F34E
irq#12324 pc=0038 sp=F34E
irq#12325 pc=0038 sp=F34E
irq#12326 pc=0038 sp=F34E
irq#12327 pc=0038 sp=F34E
irq#12328 pc=0038 sp=F34E
irq#12329 pc=0038 sp=F34E
irq#12330 pc=0038 sp=F34E
irq#12331 pc=0038 sp=F34E
irq#12332 pc=0038 sp=F34E
irq#12333 pc=0038 sp=F34E
irq#12334 pc=0038 sp=F34E
irq#12335 pc=0038 sp=F34E
irq#12336 pc=0038 sp=F34E
irq#12337 pc=0038 sp=F34E
irq#12338 pc=0038 sp=F34E
irq#12339 pc=0038 sp=F34E
irq#12340 pc=0038 sp=F34E
irq#12341 pc=0038 sp=F34E
irq#12342 pc=0038 sp=F34E
irq#12343 pc=0038 sp=F34E
irq#12344 pc=0038 sp=F34E
irq#12345 pc=0038 sp=F34E
irq#12346 pc=0038 sp=F34E
irq#12347 pc=0038 sp=F34E
irq#12348 pc=0038 sp=F34E
irq#12349 pc=0038 sp=F34E
irq#12350 pc=0038 sp=F34E
irq#12351 pc=0038 sp=F34E
irq#12352 pc=0038 sp=F34E
irq#12353 pc=0038 sp=F34E
irq#12354 pc=0038 sp=F34E
irq#12355 pc=0038 sp=F34E
irq#12356 pc=0038 sp=F34E
irq#12357 pc=0038 sp=F34E
irq#12358 pc=0038 sp=F34E
irq#12359 pc=0038 sp=F34E
irq#12360 pc=0038 sp=F34E
irq#12361 pc=0038 sp=F34E
irq#12362 pc=0038 sp=F34E
irq#12363 pc=0038 sp=F34E
irq#12364 pc=0038 sp=F34E
irq#12365 pc=0038 sp=F34E
irq#12366 pc=0038 sp=F34E
irq#12367 pc=0038 sp=F34E
irq#12368 pc=0038 sp=F34E
irq#12369 pc=0038 sp=F34E
irq#12370 pc=0038 sp=F34E
irq#12371 pc=0038 sp=F34E
irq#12372 pc=0038 sp=F34E
irq#12373 pc=0038 sp=F34E
irq#12374 pc=0038 sp=F34E
irq#12375 pc=0038 sp=F34E
irq#12376 pc=0038 sp=F34E
irq#12377 pc=0038 sp=F34E
irq#12378 pc=0038 sp=F34E
irq#12379 pc=0038 sp=F34E
irq#12380 pc=0038 sp=F34E
irq#12381 pc=0038 sp=F34E
irq#12382 pc=0038 sp=F34E
irq#12383 pc=0038 sp=F34E
irq#12384 pc=0038 sp=F34E
irq#12385 pc=0038 sp=F34E
irq#12386 pc=0038 sp=F34E
irq#12387 pc=0038 sp=F34E
irq#12388 pc=0038 sp=F34E
irq#12389 pc=0038 sp=F34E
irq#12390 pc=0038 sp=F340
irq#12391 pc=0038 sp=F34E
irq#12392 pc=0038 sp=F34E
irq#12393 pc=0038 sp=F34E
irq#12394 pc=0038 sp=F34E
irq#12395 pc=0038 sp=F34E
irq#12396 pc=0038 sp=F34E
irq#12397 pc=0038 sp=F34E
irq#12398 pc=0038 sp=F34E
irq#12399 pc=0038 sp=F34E
irq#12400 pc=0038 sp=F34E
irq#12401 pc=0038 sp=F34E
irq#12402 pc=0038 sp=F34E
irq#12403 pc=0038 sp=F34E
irq#12404 pc=0038 sp=F34E
irq#12405 pc=0038 sp=F34E
irq#12406 pc=0038 sp=F34E
irq#12407 pc=0038 sp=F34E
irq#12408 pc=0038 sp=F34E
irq#12409 pc=0038 sp=F34E
irq#12410 pc=0038 sp=F34E
irq#12411 pc=0038 sp=F34E
irq#12412 pc=0038 sp=F34E
irq#12413 pc=0038 sp=F34E
irq#12414 pc=0038 sp=F34E
irq#12415 pc=0038 sp=F34E
irq#12416 pc=0038 sp=F34E
irq#12417 pc=0038 sp=F34E
irq#12418 pc=0038 sp=F34E
irq#12419 pc=0038 sp=F34E
irq#12420 pc=0038 sp=F34E
irq#12421 pc=0038 sp=F34E
irq#12422 pc=0038 sp=F34E
irq#12423 pc=0038 sp=F34E
irq#12424 pc=0038 sp=F34E
irq#12425 pc=0038 sp=F34E
irq#12426 pc=0038 sp=F34E
irq#12427 pc=0038 sp=F34E
irq#12428 pc=0038 sp=F34E
irq#12429 pc=0038 sp=F34E
irq#12430 pc=0038 sp=F34E
irq#12431 pc=0038 sp=F34E
irq#12432 pc=0038 sp=F34E
irq#12433 pc=0038 sp=F34E
irq#12434 pc=0038 sp=F34E
irq#12435 pc=0038 sp=F34E
irq#12436 pc=0038 sp=F34E
irq#12437 pc=0038 sp=F34E
irq#12438 pc=0038 sp=F34E
irq#12439 pc=0038 sp=F34E
irq#12440 pc=0038 sp=F34E
irq#12441 pc=0038 sp=F34E
irq#12442 pc=0038 sp=F34E
irq#12443 pc=0038 sp=F34E
irq#12444 pc=0038 sp=F34E
irq#12445 pc=0038 sp=F34E
irq#12446 pc=0038 sp=F34E
irq#12447 pc=0038 sp=F34E
irq#12448 pc=0038 sp=F34E
irq#12449 pc=0038 sp=F34E
irq#12450 pc=0038 sp=F34E
irq#12451 pc=0038 sp=F34E
irq#12452 pc=0038 sp=F34E
irq#12453 pc=0038 sp=F34E
irq#12454 pc=0038 sp=F34E
irq#12455 pc=0038 sp=F34E
irq#12456 pc=0038 sp=F34E
irq#12457 pc=0038 sp=F34E
irq#12458 pc=0038 sp=F34E
irq#12459 pc=0038 sp=F34E
irq#12460 pc=0038 sp=F34E
irq#12461 pc=0038 sp=F34E
irq#12462 pc=0038 sp=F34E
irq#12463 pc=0038 sp=F34E
irq#12464 pc=0038 sp=F34E
irq#12465 pc=0038 sp=F34E
irq#12466 pc=0038 sp=F34E
irq#12467 pc=0038 sp=F34E
irq#12468 pc=0038 sp=F34E
irq#12469 pc=0038 sp=F34E
irq#12470 pc=0038 sp=F34E
irq#12471 pc=0038 sp=F34E
irq#12472 pc=0038 sp=F34E
irq#12473 pc=0038 sp=F34E
irq#12474 pc=0038 sp=F34E
irq#12475 pc=0038 sp=F34E
irq#12476 pc=0038 sp=F34E
irq#12477 pc=0038 sp=F34E
irq#12478 pc=0038 sp=F34E
irq#12479 pc=0038 sp=F34E
irq#12480 pc=0038 sp=F34E
irq#12481 pc=0038 sp=F34E
irq#12482 pc=0038 sp=F34E
irq#12483 pc=0038 sp=F34E
irq#12484 pc=0038 sp=F34E
irq#12485 pc=0038 sp=F34E
irq#12486 pc=0038 sp=F34E
irq#12487 pc=0038 sp=F34E
irq#12488 pc=0038 sp=F34E
irq#12489 pc=0038 sp=F34E
irq#12490 pc=0038 sp=F34E
irq#12491 pc=0038 sp=F34E
irq#12492 pc=0038 sp=F34E
irq#12493 pc=0038 sp=F34E
irq#12494 pc=0038 sp=F34E
irq#12495 pc=0038 sp=F34E
irq#12496 pc=0038 sp=F34E
irq#12497 pc=0038 sp=F34E
irq#12498 pc=0038 sp=F34E
irq#12499 pc=0038 sp=F34E
irq#12500 pc=0038 sp=F34E
irq#12501 pc=0038 sp=F34E
irq#12502 pc=0038 sp=F34E
irq#12503 pc=0038 sp=F34E
irq#12504 pc=0038 sp=F34E
irq#12505 pc=0038 sp=F34E
irq#12506 pc=0038 sp=F34E
irq#12507 pc=0038 sp=F34E
irq#12508 pc=0038 sp=F34E
irq#12509 pc=0038 sp=F34E
irq#12510 pc=0038 sp=F34E
irq#12511 pc=0038 sp=F34E
irq#12512 pc=0038 sp=F34E
irq#12513 pc=0038 sp=F34E
irq#12514 pc=0038 sp=F34E
irq#12515 pc=0038 sp=F34E
irq#12516 pc=0038 sp=F34E
irq#12517 pc=0038 sp=F34E
irq#12518 pc=0038 sp=F34E
irq#12519 pc=0038 sp=F34E
irq#12520 pc=0038 sp=F34E
irq#12521 pc=0038 sp=F34E
irq#12522 pc=0038 sp=F34E
irq#12523 pc=0038 sp=F34E
irq#12524 pc=0038 sp=F34E
irq#12525 pc=0038 sp=F34E
irq#12526 pc=0038 sp=F34E
irq#12527 pc=0038 sp=F34E
irq#12528 pc=0038 sp=F34E
irq#12529 pc=0038 sp=F34E
irq#12530 pc=0038 sp=F34E
irq#12531 pc=0038 sp=F34E
irq#12532 pc=0038 sp=F34E
irq#12533 pc=0038 sp=F34E
irq#12534 pc=0038 sp=F34E
irq#12535 pc=0038 sp=F34E
irq#12536 pc=0038 sp=F34E
irq#12537 pc=0038 sp=F34E
irq#12538 pc=0038 sp=F34E
irq#12539 pc=0038 sp=F34E
irq#12540 pc=0038 sp=F34E
irq#12541 pc=0038 sp=F34E
irq#12542 pc=0038 sp=F34E
irq#12543 pc=0038 sp=F34E
irq#12544 pc=0038 sp=F34E
irq#12545 pc=0038 sp=F34E
irq#12546 pc=0038 sp=F34E
irq#12547 pc=0038 sp=F34E
irq#12548 pc=0038 sp=F34E
irq#12549 pc=0038 sp=F34E
irq#12550 pc=0038 sp=F34E
irq#12551 pc=0038 sp=F34E
irq#12552 pc=0038 sp=F34E
irq#12553 pc=0038 sp=F34E
irq#12554 pc=0038 sp=F34E
irq#12555 pc=0038 sp=F34E
irq#12556 pc=0038 sp=F34E
irq#12557 pc=0038 sp=F34E
irq#12558 pc=0038 sp=F34E
irq#12559 pc=0038 sp=F34E
irq#12560 pc=0038 sp=F34E
irq#12561 pc=0038 sp=F34E
irq#12562 pc=0038 sp=F34E
irq#12563 pc=0038 sp=F34E
irq#12564 pc=0038 sp=F34E
irq#12565 pc=0038 sp=F34E
irq#12566 pc=0038 sp=F34E
irq#12567 pc=0038 sp=F34E
irq#12568 pc=0038 sp=F34E
irq#12569 pc=0038 sp=F34E
irq#12570 pc=0038 sp=F34E
irq#12571 pc=0038 sp=F34E
irq#12572 pc=0038 sp=F34E
irq#12573 pc=0038 sp=F34E
irq#12574 pc=0038 sp=F344
irq#12575 pc=0038 sp=F34E
irq#12576 pc=0038 sp=F34E
irq#12577 pc=0038 sp=F34E
irq#12578 pc=0038 sp=F34E
irq#12579 pc=0038 sp=F34E
irq#12580 pc=0038 sp=F34E
irq#12581 pc=0038 sp=F34E
irq#12582 pc=0038 sp=F34E
irq#12583 pc=0038 sp=F34E
irq#12584 pc=0038 sp=F34E
irq#12585 pc=0038 sp=F34E
irq#12586 pc=0038 sp=F34E
irq#12587 pc=0038 sp=F34E
irq#12588 pc=0038 sp=F34E
irq#12589 pc=0038 sp=F34E
irq#12590 pc=0038 sp=F34E
irq#12591 pc=0038 sp=F34E
irq#12592 pc=0038 sp=F34E
irq#12593 pc=0038 sp=F34E
irq#12594 pc=0038 sp=F34E
irq#12595 pc=0038 sp=F34E
irq#12596 pc=0038 sp=F34E
irq#12597 pc=0038 sp=F34E
irq#12598 pc=0038 sp=F34E
irq#12599 pc=0038 sp=F34E
irq#12600 pc=0038 sp=F34E
irq#12601 pc=0038 sp=F34E
irq#12602 pc=0038 sp=F34E
irq#12603 pc=0038 sp=F34E
irq#12604 pc=0038 sp=F34E
irq#12605 pc=0038 sp=F34E
irq#12606 pc=0038 sp=F34E
irq#12607 pc=0038 sp=F34E
irq#12608 pc=0038 sp=F34E
irq#12609 pc=0038 sp=F34E
irq#12610 pc=0038 sp=F34E
irq#12611 pc=0038 sp=F34E
irq#12612 pc=0038 sp=F34E
irq#12613 pc=0038 sp=F34E
irq#12614 pc=0038 sp=F34E
irq#12615 pc=0038 sp=F34E
irq#12616 pc=0038 sp=F34E
irq#12617 pc=0038 sp=F34E
irq#12618 pc=0038 sp=F34E
irq#12619 pc=0038 sp=F34E
irq#12620 pc=0038 sp=F34E
irq#12621 pc=0038 sp=F34E
irq#12622 pc=0038 sp=F34E
irq#12623 pc=0038 sp=F34E
irq#12624 pc=0038 sp=F34E
irq#12625 pc=0038 sp=F34E
irq#12626 pc=0038 sp=F34E
irq#12627 pc=0038 sp=F34E
irq#12628 pc=0038 sp=F34E
irq#12629 pc=0038 sp=F34E
irq#12630 pc=0038 sp=F34E
irq#12631 pc=0038 sp=F34E
irq#12632 pc=0038 sp=F34E
irq#12633 pc=0038 sp=F34E
irq#12634 pc=0038 sp=F34E
irq#12635 pc=0038 sp=F34E
irq#12636 pc=0038 sp=F34E
irq#12637 pc=0038 sp=F34E
irq#12638 pc=0038 sp=F34E
irq#12639 pc=0038 sp=F34E
irq#12640 pc=0038 sp=F34E
irq#12641 pc=0038 sp=F34E
irq#12642 pc=0038 sp=F34E
irq#12643 pc=0038 sp=F34E
irq#12644 pc=0038 sp=F34E
irq#12645 pc=0038 sp=F34E
irq#12646 pc=0038 sp=F34E
irq#12647 pc=0038 sp=F34E
irq#12648 pc=0038 sp=F34E
irq#12649 pc=0038 sp=F34E
irq#12650 pc=0038 sp=F34E
irq#12651 pc=0038 sp=F34E
irq#12652 pc=0038 sp=F34E
irq#12653 pc=0038 sp=F34E
irq#12654 pc=0038 sp=F34E
irq#12655 pc=0038 sp=F34E
irq#12656 pc=0038 sp=F34E
irq#12657 pc=0038 sp=F34E
irq#12658 pc=0038 sp=F34E
irq#12659 pc=0038 sp=F34E
irq#12660 pc=0038 sp=F34E
irq#12661 pc=0038 sp=F34E
irq#12662 pc=0038 sp=F34E
irq#12663 pc=0038 sp=F34E
irq#12664 pc=0038 sp=F34E
irq#12665 pc=0038 sp=F34E
irq#12666 pc=0038 sp=F34E
irq#12667 pc=0038 sp=F34E
irq#12668 pc=0038 sp=F34E
irq#12669 pc=0038 sp=F34E
irq#12670 pc=0038 sp=F34E
irq#12671 pc=0038 sp=F34E
irq#12672 pc=0038 sp=F34E
irq#12673 pc=0038 sp=F34E
irq#12674 pc=0038 sp=F34E
irq#12675 pc=0038 sp=F34E
irq#12676 pc=0038 sp=F34E
irq#12677 pc=0038 sp=F34E
irq#12678 pc=0038 sp=F34E
irq#12679 pc=0038 sp=F34E
irq#12680 pc=0038 sp=F34E
irq#12681 pc=0038 sp=F34E
irq#12682 pc=0038 sp=F34E
irq#12683 pc=0038 sp=F34E
irq#12684 pc=0038 sp=F34E
irq#12685 pc=0038 sp=F34E
irq#12686 pc=0038 sp=F34E
irq#12687 pc=0038 sp=F34E
irq#12688 pc=0038 sp=F34E
irq#12689 pc=0038 sp=F34E
irq#12690 pc=0038 sp=F34E
irq#12691 pc=0038 sp=F34E
irq#12692 pc=0038 sp=F34E
irq#12693 pc=0038 sp=F34E
irq#12694 pc=0038 sp=F34E
irq#12695 pc=0038 sp=F34E
irq#12696 pc=0038 sp=F34E
irq#12697 pc=0038 sp=F34E
irq#12698 pc=0038 sp=F34E
irq#12699 pc=0038 sp=F34E
irq#12700 pc=0038 sp=F34E
irq#12701 pc=0038 sp=F34E
irq#12702 pc=0038 sp=F34E
irq#12703 pc=0038 sp=F34E
irq#12704 pc=0038 sp=F34E
irq#12705 pc=0038 sp=F34E
irq#12706 pc=0038 sp=F34E
irq#12707 pc=0038 sp=F34E
irq#12708 pc=0038 sp=F34E
irq#12709 pc=0038 sp=F34E
irq#12710 pc=0038 sp=F34E
irq#12711 pc=0038 sp=F34E
irq#12712 pc=0038 sp=F34E
irq#12713 pc=0038 sp=F34E
irq#12714 pc=0038 sp=F34E
irq#12715 pc=0038 sp=F34E
irq#12716 pc=0038 sp=F34E
irq#12717 pc=0038 sp=F34E
irq#12718 pc=0038 sp=F34E
irq#12719 pc=0038 sp=F34E
irq#12720 pc=0038 sp=F34E
irq#12721 pc=0038 sp=F34E
irq#12722 pc=0038 sp=F34E
irq#12723 pc=0038 sp=F34E
irq#12724 pc=0038 sp=F34E
irq#12725 pc=0038 sp=F34E
irq#12726 pc=0038 sp=F34E
irq#12727 pc=0038 sp=F34E
irq#12728 pc=0038 sp=F34E
irq#12729 pc=0038 sp=F34E
irq#12730 pc=0038 sp=F34E
irq#12731 pc=0038 sp=F34E
irq#12732 pc=0038 sp=F34E
irq#12733 pc=0038 sp=F34E
irq#12734 pc=0038 sp=F34E
irq#12735 pc=0038 sp=F34E
irq#12736 pc=0038 sp=F34E
irq#12737 pc=0038 sp=F34E
irq#12738 pc=0038 sp=F34E
irq#12739 pc=0038 sp=F34E
irq#12740 pc=0038 sp=F34E
irq#12741 pc=0038 sp=F34E
irq#12742 pc=0038 sp=F34E
irq#12743 pc=0038 sp=F34E
irq#12744 pc=0038 sp=F34E
irq#12745 pc=0038 sp=F34E
irq#12746 pc=0038 sp=F34E
irq#12747 pc=0038 sp=F34E
irq#12748 pc=0038 sp=F34E
irq#12749 pc=0038 sp=F34E
irq#12750 pc=0038 sp=F34E
irq#12751 pc=0038 sp=F34E
irq#12752 pc=0038 sp=F34E
irq#12753 pc=0038 sp=F34E
irq#12754 pc=0038 sp=F34E
irq#12755 pc=0038 sp=F34E
irq#12756 pc=0038 sp=F34E
irq#12757 pc=0038 sp=F34E
irq#12758 pc=0038 sp=F34A
irq#12759 pc=0038 sp=F34E
irq#12760 pc=0038 sp=F34E
irq#12761 pc=0038 sp=F34E
irq#12762 pc=0038 sp=F34E
irq#12763 pc=0038 sp=F34E
irq#12764 pc=0038 sp=F34E
irq#12765 pc=0038 sp=F34E
irq#12766 pc=0038 sp=F34E
irq#12767 pc=0038 sp=F34E
irq#12768 pc=0038 sp=F34E
irq#12769 pc=0038 sp=F34E
irq#12770 pc=0038 sp=F34E
irq#12771 pc=0038 sp=F34E
irq#12772 pc=0038 sp=F34E
irq#12773 pc=0038 sp=F34E
irq#12774 pc=0038 sp=F34E
irq#12775 pc=0038 sp=F34E
irq#12776 pc=0038 sp=F34E
irq#12777 pc=0038 sp=F34E
irq#12778 pc=0038 sp=F34E
irq#12779 pc=0038 sp=F34E
irq#12780 pc=0038 sp=F34E
irq#12781 pc=0038 sp=F34E
irq#12782 pc=0038 sp=F34E
irq#12783 pc=0038 sp=F34E
irq#12784 pc=0038 sp=F34E
irq#12785 pc=0038 sp=F34E
irq#12786 pc=0038 sp=F34E
irq#12787 pc=0038 sp=F34E
irq#12788 pc=0038 sp=F34E
irq#12789 pc=0038 sp=F34E
irq#12790 pc=0038 sp=F34E
irq#12791 pc=0038 sp=F34E
irq#12792 pc=0038 sp=F34E
irq#12793 pc=0038 sp=F34E
irq#12794 pc=0038 sp=F34E
irq#12795 pc=0038 sp=F34E
irq#12796 pc=0038 sp=F34E
irq#12797 pc=0038 sp=F34E
irq#12798 pc=0038 sp=F34E
irq#12799 pc=0038 sp=F34E
irq#12800 pc=0038 sp=F34E
irq#12801 pc=0038 sp=F34E
irq#12802 pc=0038 sp=F34E
irq#12803 pc=0038 sp=F34E
irq#12804 pc=0038 sp=F34E
irq#12805 pc=0038 sp=F34E
irq#12806 pc=0038 sp=F34E
irq#12807 pc=0038 sp=F34E
irq#12808 pc=0038 sp=F34E
irq#12809 pc=0038 sp=F34E
irq#12810 pc=0038 sp=F34E
irq#12811 pc=0038 sp=F34E
irq#12812 pc=0038 sp=F34E
irq#12813 pc=0038 sp=F34E
irq#12814 pc=0038 sp=F34E
irq#12815 pc=0038 sp=F34E
irq#12816 pc=0038 sp=F34E
irq#12817 pc=0038 sp=F34E
irq#12818 pc=0038 sp=F34E
irq#12819 pc=0038 sp=F34E
irq#12820 pc=0038 sp=F34E
irq#12821 pc=0038 sp=F34E
irq#12822 pc=0038 sp=F34E
irq#12823 pc=0038 sp=F34E
irq#12824 pc=0038 sp=F34E
irq#12825 pc=0038 sp=F34E
irq#12826 pc=0038 sp=F34E
irq#12827 pc=0038 sp=F34E
irq#12828 pc=0038 sp=F34E
irq#12829 pc=0038 sp=F34E
irq#12830 pc=0038 sp=F34E
irq#12831 pc=0038 sp=F34E
irq#12832 pc=0038 sp=F34E
irq#12833 pc=0038 sp=F34E
irq#12834 pc=0038 sp=F34E
irq#12835 pc=0038 sp=F34E
irq#12836 pc=0038 sp=F34E
irq#12837 pc=0038 sp=F34E
irq#12838 pc=0038 sp=F34E
irq#12839 pc=0038 sp=F34E
irq#12840 pc=0038 sp=F34E
irq#12841 pc=0038 sp=F34E
irq#12842 pc=0038 sp=F34E
irq#12843 pc=0038 sp=F34E
irq#12844 pc=0038 sp=F34E
irq#12845 pc=0038 sp=F34E
irq#12846 pc=0038 sp=F34E
irq#12847 pc=0038 sp=F34E
irq#12848 pc=0038 sp=F34E
irq#12849 pc=0038 sp=F34E
irq#12850 pc=0038 sp=F34E
irq#12851 pc=0038 sp=F34E
irq#12852 pc=0038 sp=F34E
irq#12853 pc=0038 sp=F34E
irq#12854 pc=0038 sp=F34E
irq#12855 pc=0038 sp=F34E
irq#12856 pc=0038 sp=F34E
irq#12857 pc=0038 sp=F34E
irq#12858 pc=0038 sp=F34E
irq#12859 pc=0038 sp=F34E
irq#12860 pc=0038 sp=F34E
irq#12861 pc=0038 sp=F34E
irq#12862 pc=0038 sp=F34E
irq#12863 pc=0038 sp=F34E
irq#12864 pc=0038 sp=F34E
irq#12865 pc=0038 sp=F34E
irq#12866 pc=0038 sp=F34E
irq#12867 pc=0038 sp=F34E
irq#12868 pc=0038 sp=F34E
irq#12869 pc=0038 sp=F34E
irq#12870 pc=0038 sp=F34E
irq#12871 pc=0038 sp=F34E
irq#12872 pc=0038 sp=F34E
irq#12873 pc=0038 sp=F34E
irq#12874 pc=0038 sp=F34E
irq#12875 pc=0038 sp=F34E
irq#12876 pc=0038 sp=F34E
irq#12877 pc=0038 sp=F34E
irq#12878 pc=0038 sp=F34E
irq#12879 pc=0038 sp=F34E
irq#12880 pc=0038 sp=F34E
irq#12881 pc=0038 sp=F34E
irq#12882 pc=0038 sp=F34E
irq#12883 pc=0038 sp=F34E
irq#12884 pc=0038 sp=F34E
irq#12885 pc=0038 sp=F34E
irq#12886 pc=0038 sp=F34E
irq#12887 pc=0038 sp=F34E
irq#12888 pc=0038 sp=F34E
irq#12889 pc=0038 sp=F34E
irq#12890 pc=0038 sp=F34E
irq#12891 pc=0038 sp=F34E
irq#12892 pc=0038 sp=F34E
irq#12893 pc=0038 sp=F34E
irq#12894 pc=0038 sp=F34E
irq#12895 pc=0038 sp=F34E
irq#12896 pc=0038 sp=F34E
irq#12897 pc=0038 sp=F34E
irq#12898 pc=0038 sp=F34E
irq#12899 pc=0038 sp=F34E
irq#12900 pc=0038 sp=F34E
irq#12901 pc=0038 sp=F34E
irq#12902 pc=0038 sp=F34E
irq#12903 pc=0038 sp=F34E
irq#12904 pc=0038 sp=F34E
irq#12905 pc=0038 sp=F34E
irq#12906 pc=0038 sp=F34E
irq#12907 pc=0038 sp=F34E
irq#12908 pc=0038 sp=F34E
irq#12909 pc=0038 sp=F34E
irq#12910 pc=0038 sp=F34E
irq#12911 pc=0038 sp=F34E
irq#12912 pc=0038 sp=F34E
irq#12913 pc=0038 sp=F34E
irq#12914 pc=0038 sp=F34E
irq#12915 pc=0038 sp=F34E
irq#12916 pc=0038 sp=F34E
irq#12917 pc=0038 sp=F34E
irq#12918 pc=0038 sp=F34E
irq#12919 pc=0038 sp=F34E
irq#12920 pc=0038 sp=F34E
irq#12921 pc=0038 sp=F34E
irq#12922 pc=0038 sp=F34E
irq#12923 pc=0038 sp=F34E
irq#12924 pc=0038 sp=F34E
irq#12925 pc=0038 sp=F34E
irq#12926 pc=0038 sp=F34E
irq#12927 pc=0038 sp=F34E
irq#12928 pc=0038 sp=F34E
irq#12929 pc=0038 sp=F34E
irq#12930 pc=0038 sp=F34E
irq#12931 pc=0038 sp=F34E
irq#12932 pc=0038 sp=F34E
irq#12933 pc=0038 sp=F34E
irq#12934 pc=0038 sp=F34E
irq#12935 pc=0038 sp=F34E
irq#12936 pc=0038 sp=F34E
irq#12937 pc=0038 sp=F34E
irq#12938 pc=0038 sp=F34E
irq#12939 pc=0038 sp=F34E
irq#12940 pc=0038 sp=F34E
irq#12941 pc=0038 sp=F34E
irq#12942 pc=0038 sp=F34E
irq#12943 pc=0038 sp=F34E
irq#12944 pc=0038 sp=F34E
irq#12945 pc=0038 sp=F34E
irq#12946 pc=0038 sp=F34E
irq#12947 pc=0038 sp=F34E
irq#12948 pc=0038 sp=F34E
irq#12949 pc=0038 sp=F34E
irq#12950 pc=0038 sp=F34E
irq#12951 pc=0038 sp=F34E
irq#12952 pc=0038 sp=F34E
irq#12953 pc=0038 sp=F34E
irq#12954 pc=0038 sp=F34E
irq#12955 pc=0038 sp=F34E
irq#12956 pc=0038 sp=F34E
irq#12957 pc=0038 sp=F34E
irq#12958 pc=0038 sp=F34E
irq#12959 pc=0038 sp=F34E
irq#12960 pc=0038 sp=F34E
irq#12961 pc=0038 sp=F34E
irq#12962 pc=0038 sp=F34E
irq#12963 pc=0038 sp=F34E
irq#12964 pc=0038 sp=F34E
irq#12965 pc=0038 sp=F34E
irq#12966 pc=0038 sp=F34E
irq#12967 pc=0038 sp=F34E
irq#12968 pc=0038 sp=F34E
irq#12969 pc=0038 sp=F34E
irq#12970 pc=0038 sp=F34E
irq#12971 pc=0038 sp=F34E
irq#12972 pc=0038 sp=F34E
irq#12973 pc=0038 sp=F34E
irq#12974 pc=0038 sp=F34E
irq#12975 pc=0038 sp=F34E
irq#12976 pc=0038 sp=F34E
irq#12977 pc=0038 sp=F34E
irq#12978 pc=0038 sp=F34E
irq#12979 pc=0038 sp=F34E
irq#12980 pc=0038 sp=F34E
irq#12981 pc=0038 sp=F34E
irq#12982 pc=0038 sp=F34E
irq#12983 pc=0038 sp=F34E
irq#12984 pc=0038 sp=F34E
irq#12985 pc=0038 sp=F34E
irq#12986 pc=0038 sp=F34E
irq#12987 pc=0038 sp=F34E
irq#12988 pc=0038 sp=F34E
irq#12989 pc=0038 sp=F34E
irq#12990 pc=0038 sp=F34E
irq#12991 pc=0038 sp=F34E
irq#12992 pc=0038 sp=F34E
irq#12993 pc=0038 sp=F34E
irq#12994 pc=0038 sp=F34E
irq#12995 pc=0038 sp=F34E
irq#12996 pc=0038 sp=F34E
irq#12997 pc=0038 sp=F34E
irq#12998 pc=0038 sp=F34E
irq#12999 pc=0038 sp=F34E
irq#13000 pc=0038 sp=F34E
irq#13001 pc=0038 sp=F34E
irq#13002 pc=0038 sp=F34E
irq#13003 pc=0038 sp=F34E
irq#13004 pc=0038 sp=F34E
irq#13005 pc=0038 sp=F34E
irq#13006 pc=0038 sp=F34E
irq#13007 pc=0038 sp=F34E
irq#13008 pc=0038 sp=F34E
irq#13009 pc=0038 sp=F34E
irq#13010 pc=0038 sp=F34E
irq#13011 pc=0038 sp=F34E
irq#13012 pc=0038 sp=F34E
irq#13013 pc=0038 sp=F34E
irq#13014 pc=0038 sp=F34E
irq#13015 pc=0038 sp=F34E
irq#13016 pc=0038 sp=F34E
irq#13017 pc=0038 sp=F34E
irq#13018 pc=0038 sp=F34E
irq#13019 pc=0038 sp=F34E
irq#13020 pc=0038 sp=F34E
irq#13021 pc=0038 sp=F34E
irq#13022 pc=0038 sp=F34E
irq#13023 pc=0038 sp=F34E
irq#13024 pc=0038 sp=F34E
irq#13025 pc=0038 sp=F34E
irq#13026 pc=0038 sp=F34E
irq#13027 pc=0038 sp=F34E
irq#13028 pc=0038 sp=F34E
irq#13029 pc=0038 sp=F34E
irq#13030 pc=0038 sp=F34E
irq#13031 pc=0038 sp=F34E
irq#13032 pc=0038 sp=F34E
irq#13033 pc=0038 sp=F34E
irq#13034 pc=0038 sp=F34E
irq#13035 pc=0038 sp=F34E
irq#13036 pc=0038 sp=F34E
irq#13037 pc=0038 sp=F34E
irq#13038 pc=0038 sp=F34E
irq#13039 pc=0038 sp=F34E
irq#13040 pc=0038 sp=F34E
irq#13041 pc=0038 sp=F34E
irq#13042 pc=0038 sp=F34E
irq#13043 pc=0038 sp=F34E
irq#13044 pc=0038 sp=F34E
irq#13045 pc=0038 sp=F34E
irq#13046 pc=0038 sp=F34E
irq#13047 pc=0038 sp=F34E
irq#13048 pc=0038 sp=F34E
irq#13049 pc=0038 sp=F34E
irq#13050 pc=0038 sp=F34E
irq#13051 pc=0038 sp=F34E
irq#13052 pc=0038 sp=F34E
irq#13053 pc=0038 sp=F34E
irq#13054 pc=0038 sp=F34E
irq#13055 pc=0038 sp=F34E
irq#13056 pc=0038 sp=F34E
irq#13057 pc=0038 sp=F34E
irq#13058 pc=0038 sp=F34E
irq#13059 pc=0038 sp=F34E
irq#13060 pc=0038 sp=F34E
irq#13061 pc=0038 sp=F34E
irq#13062 pc=0038 sp=F34E
irq#13063 pc=0038 sp=F34E
irq#13064 pc=0038 sp=F34E
irq#13065 pc=0038 sp=F34E
irq#13066 pc=0038 sp=F34E
irq#13067 pc=0038 sp=F34E
irq#13068 pc=0038 sp=F34E
irq#13069 pc=0038 sp=F34E
irq#13070 pc=0038 sp=F34E
irq#13071 pc=0038 sp=F34E
irq#13072 pc=0038 sp=F34E
irq#13073 pc=0038 sp=F34E
irq#13074 pc=0038 sp=F34E
irq#13075 pc=0038 sp=F34E
irq#13076 pc=0038 sp=F34E
irq#13077 pc=0038 sp=F34E
irq#13078 pc=0038 sp=F34E
irq#13079 pc=0038 sp=F34E
irq#13080 pc=0038 sp=F34E
irq#13081 pc=0038 sp=F34E
irq#13082 pc=0038 sp=F34E
irq#13083 pc=0038 sp=F34E
irq#13084 pc=0038 sp=F34E
irq#13085 pc=0038 sp=F34E
irq#13086 pc=0038 sp=F34E
irq#13087 pc=0038 sp=F34E
irq#13088 pc=0038 sp=F34E
irq#13089 pc=0038 sp=F34E
irq#13090 pc=0038 sp=F34E
irq#13091 pc=0038 sp=F34E
irq#13092 pc=0038 sp=F34E
irq#13093 pc=0038 sp=F34E
irq#13094 pc=0038 sp=F34E
irq#13095 pc=0038 sp=F34E
irq#13096 pc=0038 sp=F34E
irq#13097 pc=0038 sp=F34E
irq#13098 pc=0038 sp=F34E
irq#13099 pc=0038 sp=F34E
irq#13100 pc=0038 sp=F34E
irq#13101 pc=0038 sp=F34E
irq#13102 pc=0038 sp=F34E
irq#13103 pc=0038 sp=F34E
irq#13104 pc=0038 sp=F34E
irq#13105 pc=0038 sp=F34E
irq#13106 pc=0038 sp=F34E
irq#13107 pc=0038 sp=F34E
irq#13108 pc=0038 sp=F34E
irq#13109 pc=0038 sp=F34E
irq#13110 pc=0038 sp=F34E
irq#13111 pc=0038 sp=F34E
irq#13112 pc=0038 sp=F34E
irq#13113 pc=0038 sp=F34E
irq#13114 pc=0038 sp=F34E
irq#13115 pc=0038 sp=F34E
irq#13116 pc=0038 sp=F34E
irq#13117 pc=0038 sp=F34E
irq#13118 pc=0038 sp=F34E
irq#13119 pc=0038 sp=F34E
irq#13120 pc=0038 sp=F34E
irq#13121 pc=0038 sp=F34E
irq#13122 pc=0038 sp=F34E
irq#13123 pc=0038 sp=F34E
irq#13124 pc=0038 sp=F34E
irq#13125 pc=0038 sp=F34E
irq#13126 pc=0038 sp=F34E
irq#13127 pc=0038 sp=F34A
irq#13128 pc=0038 sp=F34E
irq#13129 pc=0038 sp=F34E
irq#13130 pc=0038 sp=F34E
irq#13131 pc=0038 sp=F34E
irq#13132 pc=0038 sp=F34E
irq#13133 pc=0038 sp=F34E
irq#13134 pc=0038 sp=F34E
irq#13135 pc=0038 sp=F34E
irq#13136 pc=0038 sp=F34E
irq#13137 pc=0038 sp=F34E
irq#13138 pc=0038 sp=F34E
irq#13139 pc=0038 sp=F34E
irq#13140 pc=0038 sp=F34E
irq#13141 pc=0038 sp=F34E
irq#13142 pc=0038 sp=F34E
irq#13143 pc=0038 sp=F34E
irq#13144 pc=0038 sp=F34E
irq#13145 pc=0038 sp=F34E
irq#13146 pc=0038 sp=F34E
irq#13147 pc=0038 sp=F34E
irq#13148 pc=0038 sp=F34E
irq#13149 pc=0038 sp=F34E
irq#13150 pc=0038 sp=F34E
irq#13151 pc=0038 sp=F34E
irq#13152 pc=0038 sp=F34E
irq#13153 pc=0038 sp=F34E
irq#13154 pc=0038 sp=F34E
irq#13155 pc=0038 sp=F34E
irq#13156 pc=0038 sp=F34E
irq#13157 pc=0038 sp=F34E
irq#13158 pc=0038 sp=F34E
irq#13159 pc=0038 sp=F34E
irq#13160 pc=0038 sp=F34E
irq#13161 pc=0038 sp=F34E
irq#13162 pc=0038 sp=F34E
irq#13163 pc=0038 sp=F34E
irq#13164 pc=0038 sp=F34E
irq#13165 pc=0038 sp=F34E
irq#13166 pc=0038 sp=F34E
irq#13167 pc=0038 sp=F34E
irq#13168 pc=0038 sp=F34E
irq#13169 pc=0038 sp=F34E
irq#13170 pc=0038 sp=F34E
irq#13171 pc=0038 sp=F34E
irq#13172 pc=0038 sp=F34E
irq#13173 pc=0038 sp=F34E
irq#13174 pc=0038 sp=F34E
irq#13175 pc=0038 sp=F34E
irq#13176 pc=0038 sp=F34E
irq#13177 pc=0038 sp=F34E
irq#13178 pc=0038 sp=F34E
irq#13179 pc=0038 sp=F34E
irq#13180 pc=0038 sp=F34E
irq#13181 pc=0038 sp=F34E
irq#13182 pc=0038 sp=F34E
irq#13183 pc=0038 sp=F34E
irq#13184 pc=0038 sp=F34E
irq#13185 pc=0038 sp=F34E
irq#13186 pc=0038 sp=F34E
irq#13187 pc=0038 sp=F34E
irq#13188 pc=0038 sp=F34E
irq#13189 pc=0038 sp=F34E
irq#13190 pc=0038 sp=F34E
irq#13191 pc=0038 sp=F34E
irq#13192 pc=0038 sp=F34E
irq#13193 pc=0038 sp=F34E
irq#13194 pc=0038 sp=F34E
irq#13195 pc=0038 sp=F34E
irq#13196 pc=0038 sp=F34E
irq#13197 pc=0038 sp=F34E
irq#13198 pc=0038 sp=F34E
irq#13199 pc=0038 sp=F34E
irq#13200 pc=0038 sp=F34E
irq#13201 pc=0038 sp=F34E
irq#13202 pc=0038 sp=F34E
irq#13203 pc=0038 sp=F34E
irq#13204 pc=0038 sp=F34E
irq#13205 pc=0038 sp=F34E
irq#13206 pc=0038 sp=F34E
irq#13207 pc=0038 sp=F34E
irq#13208 pc=0038 sp=F34E
irq#13209 pc=0038 sp=F34E
irq#13210 pc=0038 sp=F34E
irq#13211 pc=0038 sp=F34E
irq#13212 pc=0038 sp=F34E
irq#13213 pc=0038 sp=F34E
irq#13214 pc=0038 sp=F34E
irq#13215 pc=0038 sp=F34E
irq#13216 pc=0038 sp=F34E
irq#13217 pc=0038 sp=F34E
irq#13218 pc=0038 sp=F34E
irq#13219 pc=0038 sp=F34E
irq#13220 pc=0038 sp=F34E
irq#13221 pc=0038 sp=F34E
irq#13222 pc=0038 sp=F34E
irq#13223 pc=0038 sp=F34E
irq#13224 pc=0038 sp=F34E
irq#13225 pc=0038 sp=F34E
irq#13226 pc=0038 sp=F34E
irq#13227 pc=0038 sp=F34E
irq#13228 pc=0038 sp=F34E
irq#13229 pc=0038 sp=F34E
irq#13230 pc=0038 sp=F34E
irq#13231 pc=0038 sp=F34E
irq#13232 pc=0038 sp=F34E
irq#13233 pc=0038 sp=F34E
irq#13234 pc=0038 sp=F34E
irq#13235 pc=0038 sp=F34E
irq#13236 pc=0038 sp=F34E
irq#13237 pc=0038 sp=F34E
irq#13238 pc=0038 sp=F34E
irq#13239 pc=0038 sp=F34E
irq#13240 pc=0038 sp=F34E
irq#13241 pc=0038 sp=F34E
irq#13242 pc=0038 sp=F34E
irq#13243 pc=0038 sp=F34E
irq#13244 pc=0038 sp=F34E
irq#13245 pc=0038 sp=F34E
irq#13246 pc=0038 sp=F34E
irq#13247 pc=0038 sp=F34E
irq#13248 pc=0038 sp=F34E
irq#13249 pc=0038 sp=F34E
irq#13250 pc=0038 sp=F34E
irq#13251 pc=0038 sp=F34E
irq#13252 pc=0038 sp=F34E
irq#13253 pc=0038 sp=F34E
irq#13254 pc=0038 sp=F34E
irq#13255 pc=0038 sp=F34E
irq#13256 pc=0038 sp=F34E
irq#13257 pc=0038 sp=F34E
irq#13258 pc=0038 sp=F34E
irq#13259 pc=0038 sp=F34E
irq#13260 pc=0038 sp=F34E
irq#13261 pc=0038 sp=F34E
irq#13262 pc=0038 sp=F34E
irq#13263 pc=0038 sp=F34E
irq#13264 pc=0038 sp=F34E
irq#13265 pc=0038 sp=F34E
irq#13266 pc=0038 sp=F34E
irq#13267 pc=0038 sp=F34E
irq#13268 pc=0038 sp=F34E
irq#13269 pc=0038 sp=F34E
irq#13270 pc=0038 sp=F34E
irq#13271 pc=0038 sp=F34E
irq#13272 pc=0038 sp=F34E
irq#13273 pc=0038 sp=F34E
irq#13274 pc=0038 sp=F34E
irq#13275 pc=0038 sp=F34E
irq#13276 pc=0038 sp=F34E
irq#13277 pc=0038 sp=F34E
irq#13278 pc=0038 sp=F34E
irq#13279 pc=0038 sp=F34E
irq#13280 pc=0038 sp=F34E
irq#13281 pc=0038 sp=F34E
irq#13282 pc=0038 sp=F34E
irq#13283 pc=0038 sp=F34E
irq#13284 pc=0038 sp=F34E
irq#13285 pc=0038 sp=F34E
irq#13286 pc=0038 sp=F34E
irq#13287 pc=0038 sp=F34E
irq#13288 pc=0038 sp=F34E
irq#13289 pc=0038 sp=F34E
irq#13290 pc=0038 sp=F34E
irq#13291 pc=0038 sp=F34E
irq#13292 pc=0038 sp=F34E
irq#13293 pc=0038 sp=F34E
irq#13294 pc=0038 sp=F34E
irq#13295 pc=0038 sp=F34E
irq#13296 pc=0038 sp=F34E
irq#13297 pc=0038 sp=F34E
irq#13298 pc=0038 sp=F34E
irq#13299 pc=0038 sp=F34E
irq#13300 pc=0038 sp=F34E
irq#13301 pc=0038 sp=F34E
irq#13302 pc=0038 sp=F34E
irq#13303 pc=0038 sp=F34E
irq#13304 pc=0038 sp=F34E
irq#13305 pc=0038 sp=F34E
irq#13306 pc=0038 sp=F34E
irq#13307 pc=0038 sp=F34E
irq#13308 pc=0038 sp=F34E
irq#13309 pc=0038 sp=F34E
irq#13310 pc=0038 sp=F34E
irq#13311 pc=0038 sp=F346
irq#13312 pc=0038 sp=F34E
irq#13313 pc=0038 sp=F34E
irq#13314 pc=0038 sp=F34E
irq#13315 pc=0038 sp=F34E
irq#13316 pc=0038 sp=F34E
irq#13317 pc=0038 sp=F34E
irq#13318 pc=0038 sp=F34E
irq#13319 pc=0038 sp=F34E
irq#13320 pc=0038 sp=F34E
irq#13321 pc=0038 sp=F34E
irq#13322 pc=0038 sp=F34E
irq#13323 pc=0038 sp=F34E
irq#13324 pc=0038 sp=F34E
irq#13325 pc=0038 sp=F34E
irq#13326 pc=0038 sp=F34E
irq#13327 pc=0038 sp=F34E
irq#13328 pc=0038 sp=F34E
irq#13329 pc=0038 sp=F34E
irq#13330 pc=0038 sp=F34E
irq#13331 pc=0038 sp=F34E
irq#13332 pc=0038 sp=F34E
irq#13333 pc=0038 sp=F34E
irq#13334 pc=0038 sp=F34E
irq#13335 pc=0038 sp=F34E
irq#13336 pc=0038 sp=F34E
irq#13337 pc=0038 sp=F34E
irq#13338 pc=0038 sp=F34E
irq#13339 pc=0038 sp=F34E
irq#13340 pc=0038 sp=F34E
irq#13341 pc=0038 sp=F34E
irq#13342 pc=0038 sp=F34E
irq#13343 pc=0038 sp=F34E
irq#13344 pc=0038 sp=F34E
irq#13345 pc=0038 sp=F34E
irq#13346 pc=0038 sp=F34E
irq#13347 pc=0038 sp=F34E
irq#13348 pc=0038 sp=F34E
irq#13349 pc=0038 sp=F34E
irq#13350 pc=0038 sp=F34E
irq#13351 pc=0038 sp=F34E
irq#13352 pc=0038 sp=F34E
irq#13353 pc=0038 sp=F34E
irq#13354 pc=0038 sp=F34E
irq#13355 pc=0038 sp=F34E
irq#13356 pc=0038 sp=F34E
irq#13357 pc=0038 sp=F34E
irq#13358 pc=0038 sp=F34E
irq#13359 pc=0038 sp=F34E
irq#13360 pc=0038 sp=F34E
irq#13361 pc=0038 sp=F34E
irq#13362 pc=0038 sp=F34E
irq#13363 pc=0038 sp=F34E
irq#13364 pc=0038 sp=F34E
irq#13365 pc=0038 sp=F34E
irq#13366 pc=0038 sp=F34E
irq#13367 pc=0038 sp=F34E
irq#13368 pc=0038 sp=F34E
irq#13369 pc=0038 sp=F34E
irq#13370 pc=0038 sp=F34E
irq#13371 pc=0038 sp=F34E
irq#13372 pc=0038 sp=F34E
irq#13373 pc=0038 sp=F34E
irq#13374 pc=0038 sp=F34E
irq#13375 pc=0038 sp=F34E
irq#13376 pc=0038 sp=F34E
irq#13377 pc=0038 sp=F34E
irq#13378 pc=0038 sp=F34E
irq#13379 pc=0038 sp=F34E
irq#13380 pc=0038 sp=F34E
irq#13381 pc=0038 sp=F34E
irq#13382 pc=0038 sp=F34E
irq#13383 pc=0038 sp=F34E
irq#13384 pc=0038 sp=F34E
irq#13385 pc=0038 sp=F34E
irq#13386 pc=0038 sp=F34E
irq#13387 pc=0038 sp=F34E
irq#13388 pc=0038 sp=F34E
irq#13389 pc=0038 sp=F34E
irq#13390 pc=0038 sp=F34E
irq#13391 pc=0038 sp=F34E
irq#13392 pc=0038 sp=F34E
irq#13393 pc=0038 sp=F34E
irq#13394 pc=0038 sp=F34E
irq#13395 pc=0038 sp=F34E
irq#13396 pc=0038 sp=F34E
irq#13397 pc=0038 sp=F34E
irq#13398 pc=0038 sp=F34E
irq#13399 pc=0038 sp=F34E
irq#13400 pc=0038 sp=F34E
irq#13401 pc=0038 sp=F34E
irq#13402 pc=0038 sp=F34E
irq#13403 pc=0038 sp=F34E
irq#13404 pc=0038 sp=F34E
irq#13405 pc=0038 sp=F34E
irq#13406 pc=0038 sp=F34E
irq#13407 pc=0038 sp=F34E
irq#13408 pc=0038 sp=F34E
irq#13409 pc=0038 sp=F34E
irq#13410 pc=0038 sp=F34E
irq#13411 pc=0038 sp=F34E
irq#13412 pc=0038 sp=F34E
irq#13413 pc=0038 sp=F34E
irq#13414 pc=0038 sp=F34E
irq#13415 pc=0038 sp=F34E
irq#13416 pc=0038 sp=F34E
irq#13417 pc=0038 sp=F34E
irq#13418 pc=0038 sp=F34E
irq#13419 pc=0038 sp=F34E
irq#13420 pc=0038 sp=F34E
irq#13421 pc=0038 sp=F34E
irq#13422 pc=0038 sp=F34E
irq#13423 pc=0038 sp=F34E
irq#13424 pc=0038 sp=F34E
irq#13425 pc=0038 sp=F34E
irq#13426 pc=0038 sp=F34E
irq#13427 pc=0038 sp=F34E
irq#13428 pc=0038 sp=F34E
irq#13429 pc=0038 sp=F34E
irq#13430 pc=0038 sp=F34E
irq#13431 pc=0038 sp=F34E
irq#13432 pc=0038 sp=F34E
irq#13433 pc=0038 sp=F34E
irq#13434 pc=0038 sp=F34E
irq#13435 pc=0038 sp=F34E
irq#13436 pc=0038 sp=F34E
irq#13437 pc=0038 sp=F34E
irq#13438 pc=0038 sp=F34E
irq#13439 pc=0038 sp=F34E
irq#13440 pc=0038 sp=F34E
irq#13441 pc=0038 sp=F34E
irq#13442 pc=0038 sp=F34E
irq#13443 pc=0038 sp=F34E
irq#13444 pc=0038 sp=F34E
irq#13445 pc=0038 sp=F34E
irq#13446 pc=0038 sp=F34E
irq#13447 pc=0038 sp=F34E
irq#13448 pc=0038 sp=F34E
irq#13449 pc=0038 sp=F34E
irq#13450 pc=0038 sp=F34E
irq#13451 pc=0038 sp=F34E
irq#13452 pc=0038 sp=F34E
irq#13453 pc=0038 sp=F34E
irq#13454 pc=0038 sp=F34E
irq#13455 pc=0038 sp=F34E
irq#13456 pc=0038 sp=F34E
irq#13457 pc=0038 sp=F34E
irq#13458 pc=0038 sp=F34E
irq#13459 pc=0038 sp=F34E
irq#13460 pc=0038 sp=F34E
irq#13461 pc=0038 sp=F34E
irq#13462 pc=0038 sp=F34E
irq#13463 pc=0038 sp=F34E
irq#13464 pc=0038 sp=F34E
irq#13465 pc=0038 sp=F34E
irq#13466 pc=0038 sp=F34E
irq#13467 pc=0038 sp=F34E
irq#13468 pc=0038 sp=F34E
irq#13469 pc=0038 sp=F34E
irq#13470 pc=0038 sp=F34E
irq#13471 pc=0038 sp=F34E
irq#13472 pc=0038 sp=F34E
irq#13473 pc=0038 sp=F34E
irq#13474 pc=0038 sp=F34E
irq#13475 pc=0038 sp=F34E
irq#13476 pc=0038 sp=F34E
irq#13477 pc=0038 sp=F34E
irq#13478 pc=0038 sp=F34E
irq#13479 pc=0038 sp=F34E
irq#13480 pc=0038 sp=F34E
irq#13481 pc=0038 sp=F34E
irq#13482 pc=0038 sp=F34E
irq#13483 pc=0038 sp=F34E
irq#13484 pc=0038 sp=F34E
irq#13485 pc=0038 sp=F34E
irq#13486 pc=0038 sp=F34E
irq#13487 pc=0038 sp=F34E
irq#13488 pc=0038 sp=F34E
irq#13489 pc=0038 sp=F34E
irq#13490 pc=0038 sp=F34E
irq#13491 pc=0038 sp=F34E
irq#13492 pc=0038 sp=F34E
irq#13493 pc=0038 sp=F34E
irq#13494 pc=0038 sp=F34E
irq#13495 pc=0038 sp=F342
irq#13496 pc=0038 sp=F34E
irq#13497 pc=0038 sp=F34E
irq#13498 pc=0038 sp=F34E
irq#13499 pc=0038 sp=F34E
irq#13500 pc=0038 sp=F34E
irq#13501 pc=0038 sp=F34E
irq#13502 pc=0038 sp=F34E
irq#13503 pc=0038 sp=F34E
irq#13504 pc=0038 sp=F34E
irq#13505 pc=0038 sp=F34E
irq#13506 pc=0038 sp=F34E
irq#13507 pc=0038 sp=F34E
irq#13508 pc=0038 sp=F34E
irq#13509 pc=0038 sp=F34E
irq#13510 pc=0038 sp=F34E
irq#13511 pc=0038 sp=F34E
irq#13512 pc=0038 sp=F34E
irq#13513 pc=0038 sp=F34E
irq#13514 pc=0038 sp=F34E
irq#13515 pc=0038 sp=F34E
irq#13516 pc=0038 sp=F34E
irq#13517 pc=0038 sp=F34E
irq#13518 pc=0038 sp=F34E
irq#13519 pc=0038 sp=F34E
irq#13520 pc=0038 sp=F34E
irq#13521 pc=0038 sp=F34E
irq#13522 pc=0038 sp=F34E
irq#13523 pc=0038 sp=F34E
irq#13524 pc=0038 sp=F34E
irq#13525 pc=0038 sp=F34E
irq#13526 pc=0038 sp=F34E
irq#13527 pc=0038 sp=F34E
irq#13528 pc=0038 sp=F34E
irq#13529 pc=0038 sp=F34E
irq#13530 pc=0038 sp=F34E
irq#13531 pc=0038 sp=F34E
irq#13532 pc=0038 sp=F34E
irq#13533 pc=0038 sp=F34E
irq#13534 pc=0038 sp=F34E
irq#13535 pc=0038 sp=F34E
irq#13536 pc=0038 sp=F34E
irq#13537 pc=0038 sp=F34E
irq#13538 pc=0038 sp=F34E
irq#13539 pc=0038 sp=F34E
irq#13540 pc=0038 sp=F34E
irq#13541 pc=0038 sp=F34E
irq#13542 pc=0038 sp=F34E
irq#13543 pc=0038 sp=F34E
irq#13544 pc=0038 sp=F34E
irq#13545 pc=0038 sp=F34E
irq#13546 pc=0038 sp=F34E
irq#13547 pc=0038 sp=F34E
irq#13548 pc=0038 sp=F34E
irq#13549 pc=0038 sp=F34E
irq#13550 pc=0038 sp=F34E
irq#13551 pc=0038 sp=F34E
irq#13552 pc=0038 sp=F34E
irq#13553 pc=0038 sp=F34E
irq#13554 pc=0038 sp=F34E
irq#13555 pc=0038 sp=F34E
irq#13556 pc=0038 sp=F34E
irq#13557 pc=0038 sp=F34E
irq#13558 pc=0038 sp=F34E
irq#13559 pc=0038 sp=F34E
irq#13560 pc=0038 sp=F34E
irq#13561 pc=0038 sp=F34E
irq#13562 pc=0038 sp=F34E
irq#13563 pc=0038 sp=F34E
irq#13564 pc=0038 sp=F34E
irq#13565 pc=0038 sp=F34E
irq#13566 pc=0038 sp=F34E
irq#13567 pc=0038 sp=F34E
irq#13568 pc=0038 sp=F34E
irq#13569 pc=0038 sp=F34E
irq#13570 pc=0038 sp=F34E
irq#13571 pc=0038 sp=F34E
irq#13572 pc=0038 sp=F34E
irq#13573 pc=0038 sp=F34E
irq#13574 pc=0038 sp=F34E
irq#13575 pc=0038 sp=F34E
irq#13576 pc=0038 sp=F34E
irq#13577 pc=0038 sp=F34E
irq#13578 pc=0038 sp=F34E
irq#13579 pc=0038 sp=F34E
irq#13580 pc=0038 sp=F34E
irq#13581 pc=0038 sp=F34E
irq#13582 pc=0038 sp=F34E
irq#13583 pc=0038 sp=F34E
irq#13584 pc=0038 sp=F34E
irq#13585 pc=0038 sp=F34E
irq#13586 pc=0038 sp=F34E
irq#13587 pc=0038 sp=F34E
irq#13588 pc=0038 sp=F34E
irq#13589 pc=0038 sp=F34E
irq#13590 pc=0038 sp=F34E
irq#13591 pc=0038 sp=F34E
irq#13592 pc=0038 sp=F34E
irq#13593 pc=0038 sp=F34E
irq#13594 pc=0038 sp=F34E
irq#13595 pc=0038 sp=F34E
irq#13596 pc=0038 sp=F34E
irq#13597 pc=0038 sp=F34E
irq#13598 pc=0038 sp=F34E
irq#13599 pc=0038 sp=F34E
irq#13600 pc=0038 sp=F34E
irq#13601 pc=0038 sp=F34E
irq#13602 pc=0038 sp=F34E
irq#13603 pc=0038 sp=F34E
irq#13604 pc=0038 sp=F34E
irq#13605 pc=0038 sp=F34E
irq#13606 pc=0038 sp=F34E
irq#13607 pc=0038 sp=F34E
irq#13608 pc=0038 sp=F34E
irq#13609 pc=0038 sp=F34E
irq#13610 pc=0038 sp=F34E
irq#13611 pc=0038 sp=F34E
irq#13612 pc=0038 sp=F34E
irq#13613 pc=0038 sp=F34E
irq#13614 pc=0038 sp=F34E
irq#13615 pc=0038 sp=F34E
irq#13616 pc=0038 sp=F34E
irq#13617 pc=0038 sp=F34E
irq#13618 pc=0038 sp=F34E
irq#13619 pc=0038 sp=F34E
irq#13620 pc=0038 sp=F34E
irq#13621 pc=0038 sp=F34E
irq#13622 pc=0038 sp=F34E
irq#13623 pc=0038 sp=F34E
irq#13624 pc=0038 sp=F34E
irq#13625 pc=0038 sp=F34E
irq#13626 pc=0038 sp=F34E
irq#13627 pc=0038 sp=F34E
irq#13628 pc=0038 sp=F34E
irq#13629 pc=0038 sp=F34E
irq#13630 pc=0038 sp=F34E
irq#13631 pc=0038 sp=F34E
irq#13632 pc=0038 sp=F34E
irq#13633 pc=0038 sp=F34E
irq#13634 pc=0038 sp=F34E
irq#13635 pc=0038 sp=F34E
irq#13636 pc=0038 sp=F34E
irq#13637 pc=0038 sp=F34E
irq#13638 pc=0038 sp=F34E
irq#13639 pc=0038 sp=F34E
irq#13640 pc=0038 sp=F34E
irq#13641 pc=0038 sp=F34E
irq#13642 pc=0038 sp=F34E
irq#13643 pc=0038 sp=F34E
irq#13644 pc=0038 sp=F34E
irq#13645 pc=0038 sp=F34E
irq#13646 pc=0038 sp=F34E
irq#13647 pc=0038 sp=F34E
irq#13648 pc=0038 sp=F34E
irq#13649 pc=0038 sp=F34E
irq#13650 pc=0038 sp=F34E
irq#13651 pc=0038 sp=F34E
irq#13652 pc=0038 sp=F34E
irq#13653 pc=0038 sp=F34E
irq#13654 pc=0038 sp=F34E
irq#13655 pc=0038 sp=F34E
irq#13656 pc=0038 sp=F34E
irq#13657 pc=0038 sp=F34E
irq#13658 pc=0038 sp=F34E
irq#13659 pc=0038 sp=F34E
irq#13660 pc=0038 sp=F34E
irq#13661 pc=0038 sp=F34E
irq#13662 pc=0038 sp=F34E
irq#13663 pc=0038 sp=F34E
irq#13664 pc=0038 sp=F34E
irq#13665 pc=0038 sp=F34E
irq#13666 pc=0038 sp=F34E
irq#13667 pc=0038 sp=F34E
irq#13668 pc=0038 sp=F34E
irq#13669 pc=0038 sp=F34E
irq#13670 pc=0038 sp=F34E
irq#13671 pc=0038 sp=F34E
irq#13672 pc=0038 sp=F34E
irq#13673 pc=0038 sp=F34E
irq#13674 pc=0038 sp=F34E
irq#13675 pc=0038 sp=F34E
irq#13676 pc=0038 sp=F34E
irq#13677 pc=0038 sp=F34E
irq#13678 pc=0038 sp=F34E
irq#13679 pc=0038 sp=F33E
irq#13680 pc=0038 sp=F34E
irq#13681 pc=0038 sp=F34E
irq#13682 pc=0038 sp=F34E
irq#13683 pc=0038 sp=F34E
irq#13684 pc=0038 sp=F34E
irq#13685 pc=0038 sp=F34E
irq#13686 pc=0038 sp=F34E
irq#13687 pc=0038 sp=F34E
irq#13688 pc=0038 sp=F34E
irq#13689 pc=0038 sp=F34E
irq#13690 pc=0038 sp=F34E
irq#13691 pc=0038 sp=F34E
irq#13692 pc=0038 sp=F34E
irq#13693 pc=0038 sp=F34E
irq#13694 pc=0038 sp=F34E
irq#13695 pc=0038 sp=F34E
irq#13696 pc=0038 sp=F34E
irq#13697 pc=0038 sp=F34E
irq#13698 pc=0038 sp=F34E
irq#13699 pc=0038 sp=F34E
irq#13700 pc=0038 sp=F34E
irq#13701 pc=0038 sp=F34E
irq#13702 pc=0038 sp=F34E
irq#13703 pc=0038 sp=F34E
irq#13704 pc=0038 sp=F34E
irq#13705 pc=0038 sp=F34E
irq#13706 pc=0038 sp=F34E
irq#13707 pc=0038 sp=F34E
irq#13708 pc=0038 sp=F34E
irq#13709 pc=0038 sp=F34E
irq#13710 pc=0038 sp=F34E
irq#13711 pc=0038 sp=F34E
irq#13712 pc=0038 sp=F34E
irq#13713 pc=0038 sp=F34E
irq#13714 pc=0038 sp=F34E
irq#13715 pc=0038 sp=F34E
irq#13716 pc=0038 sp=F34E
irq#13717 pc=0038 sp=F34E
irq#13718 pc=0038 sp=F34E
irq#13719 pc=0038 sp=F34E
irq#13720 pc=0038 sp=F34E
irq#13721 pc=0038 sp=F34E
irq#13722 pc=0038 sp=F34E
irq#13723 pc=0038 sp=F34E
irq#13724 pc=0038 sp=F34E
irq#13725 pc=0038 sp=F34E
irq#13726 pc=0038 sp=F34E
irq#13727 pc=0038 sp=F34E
irq#13728 pc=0038 sp=F34E
irq#13729 pc=0038 sp=F34E
irq#13730 pc=0038 sp=F34E
irq#13731 pc=0038 sp=F34E
irq#13732 pc=0038 sp=F34E
irq#13733 pc=0038 sp=F34E
irq#13734 pc=0038 sp=F34E
irq#13735 pc=0038 sp=F34E
irq#13736 pc=0038 sp=F34E
irq#13737 pc=0038 sp=F34E
irq#13738 pc=0038 sp=F34E
irq#13739 pc=0038 sp=F34E
irq#13740 pc=0038 sp=F34E
irq#13741 pc=0038 sp=F34E
irq#13742 pc=0038 sp=F34E
irq#13743 pc=0038 sp=F34E
irq#13744 pc=0038 sp=F34E
irq#13745 pc=0038 sp=F34E
irq#13746 pc=0038 sp=F34E
irq#13747 pc=0038 sp=F34E
irq#13748 pc=0038 sp=F34E
irq#13749 pc=0038 sp=F34E
irq#13750 pc=0038 sp=F34E
irq#13751 pc=0038 sp=F34E
irq#13752 pc=0038 sp=F34E
irq#13753 pc=0038 sp=F34E
irq#13754 pc=0038 sp=F34E
irq#13755 pc=0038 sp=F34E
irq#13756 pc=0038 sp=F34E
irq#13757 pc=0038 sp=F34E
irq#13758 pc=0038 sp=F34E
irq#13759 pc=0038 sp=F34E
irq#13760 pc=0038 sp=F34E
irq#13761 pc=0038 sp=F34E
irq#13762 pc=0038 sp=F34E
irq#13763 pc=0038 sp=F34E
irq#13764 pc=0038 sp=F34E
irq#13765 pc=0038 sp=F34E
irq#13766 pc=0038 sp=F34E
irq#13767 pc=0038 sp=F34E
irq#13768 pc=0038 sp=F34E
irq#13769 pc=0038 sp=F34E
irq#13770 pc=0038 sp=F34E
irq#13771 pc=0038 sp=F34E
irq#13772 pc=0038 sp=F34E
irq#13773 pc=0038 sp=F34E
irq#13774 pc=0038 sp=F34E
irq#13775 pc=0038 sp=F34E
irq#13776 pc=0038 sp=F34E
irq#13777 pc=0038 sp=F34E
irq#13778 pc=0038 sp=F34E
irq#13779 pc=0038 sp=F34E
irq#13780 pc=0038 sp=F34E
irq#13781 pc=0038 sp=F34E
irq#13782 pc=0038 sp=F34E
irq#13783 pc=0038 sp=F34E
irq#13784 pc=0038 sp=F34E
irq#13785 pc=0038 sp=F34E
irq#13786 pc=0038 sp=F34E
irq#13787 pc=0038 sp=F34E
irq#13788 pc=0038 sp=F34E
irq#13789 pc=0038 sp=F34E
irq#13790 pc=0038 sp=F34E
irq#13791 pc=0038 sp=F34E
irq#13792 pc=0038 sp=F34E
irq#13793 pc=0038 sp=F34E
irq#13794 pc=0038 sp=F34E
irq#13795 pc=0038 sp=F34E
irq#13796 pc=0038 sp=F34E
irq#13797 pc=0038 sp=F34E
irq#13798 pc=0038 sp=F34E
irq#13799 pc=0038 sp=F34E
irq#13800 pc=0038 sp=F34E
irq#13801 pc=0038 sp=F34E
irq#13802 pc=0038 sp=F34E
irq#13803 pc=0038 sp=F34E
irq#13804 pc=0038 sp=F34E
irq#13805 pc=0038 sp=F34E
irq#13806 pc=0038 sp=F34E
irq#13807 pc=0038 sp=F34E
irq#13808 pc=0038 sp=F34E
irq#13809 pc=0038 sp=F34E
irq#13810 pc=0038 sp=F34E
irq#13811 pc=0038 sp=F34E
irq#13812 pc=0038 sp=F34E
irq#13813 pc=0038 sp=F34E
irq#13814 pc=0038 sp=F34E
irq#13815 pc=0038 sp=F34E
irq#13816 pc=0038 sp=F34E
irq#13817 pc=0038 sp=F34E
irq#13818 pc=0038 sp=F34E
irq#13819 pc=0038 sp=F34E
irq#13820 pc=0038 sp=F34E
irq#13821 pc=0038 sp=F34E
irq#13822 pc=0038 sp=F34E
irq#13823 pc=0038 sp=F34E
irq#13824 pc=0038 sp=F34E
irq#13825 pc=0038 sp=F34E
irq#13826 pc=0038 sp=F34E
irq#13827 pc=0038 sp=F34E
irq#13828 pc=0038 sp=F34E
irq#13829 pc=0038 sp=F34E
irq#13830 pc=0038 sp=F34E
irq#13831 pc=0038 sp=F34E
irq#13832 pc=0038 sp=F34E
irq#13833 pc=0038 sp=F34E
irq#13834 pc=0038 sp=F34E
irq#13835 pc=0038 sp=F34E
irq#13836 pc=0038 sp=F34E
irq#13837 pc=0038 sp=F34E
irq#13838 pc=0038 sp=F34E
irq#13839 pc=0038 sp=F34E
irq#13840 pc=0038 sp=F34E
irq#13841 pc=0038 sp=F34E
irq#13842 pc=0038 sp=F34E
irq#13843 pc=0038 sp=F34E
irq#13844 pc=0038 sp=F34E
irq#13845 pc=0038 sp=F34E
irq#13846 pc=0038 sp=F34E
irq#13847 pc=0038 sp=F34E
irq#13848 pc=0038 sp=F34E
irq#13849 pc=0038 sp=F34E
irq#13850 pc=0038 sp=F34E
irq#13851 pc=0038 sp=F34E
irq#13852 pc=0038 sp=F34E
irq#13853 pc=0038 sp=F34E
irq#13854 pc=0038 sp=F34E
irq#13855 pc=0038 sp=F34E
irq#13856 pc=0038 sp=F34E
irq#13857 pc=0038 sp=F34E
irq#13858 pc=0038 sp=F34E
irq#13859 pc=0038 sp=F34E
irq#13860 pc=0038 sp=F34E
irq#13861 pc=0038 sp=F34E
irq#13862 pc=0038 sp=F34E
irq#13863 pc=0038 sp=F338
irq#13864 pc=0038 sp=F34E
irq#13865 pc=0038 sp=F34E
irq#13866 pc=0038 sp=F34E
irq#13867 pc=0038 sp=F34E
irq#13868 pc=0038 sp=F34E
irq#13869 pc=0038 sp=F34E
irq#13870 pc=0038 sp=F34E
irq#13871 pc=0038 sp=F34E
irq#13872 pc=0038 sp=F34E
irq#13873 pc=0038 sp=F34E
irq#13874 pc=0038 sp=F34E
irq#13875 pc=0038 sp=F34E
irq#13876 pc=0038 sp=F34E
irq#13877 pc=0038 sp=F34E
irq#13878 pc=0038 sp=F34E
irq#13879 pc=0038 sp=F34E
irq#13880 pc=0038 sp=F34E
irq#13881 pc=0038 sp=F34E
irq#13882 pc=0038 sp=F34E
irq#13883 pc=0038 sp=F34E
irq#13884 pc=0038 sp=F34E
irq#13885 pc=0038 sp=F34E
irq#13886 pc=0038 sp=F34E
irq#13887 pc=0038 sp=F34E
irq#13888 pc=0038 sp=F34E
irq#13889 pc=0038 sp=F34E
irq#13890 pc=0038 sp=F34E
irq#13891 pc=0038 sp=F34E
irq#13892 pc=0038 sp=F34E
irq#13893 pc=0038 sp=F34E
irq#13894 pc=0038 sp=F34E
irq#13895 pc=0038 sp=F34E
irq#13896 pc=0038 sp=F34E
irq#13897 pc=0038 sp=F34E
irq#13898 pc=0038 sp=F34E
irq#13899 pc=0038 sp=F34E
irq#13900 pc=0038 sp=F34E
irq#13901 pc=0038 sp=F34E
irq#13902 pc=0038 sp=F34E
irq#13903 pc=0038 sp=F34E
irq#13904 pc=0038 sp=F34E
irq#13905 pc=0038 sp=F34E
irq#13906 pc=0038 sp=F34E
irq#13907 pc=0038 sp=F34E
irq#13908 pc=0038 sp=F34E
irq#13909 pc=0038 sp=F34E
irq#13910 pc=0038 sp=F34E
irq#13911 pc=0038 sp=F34E
irq#13912 pc=0038 sp=F34E
irq#13913 pc=0038 sp=F34E
irq#13914 pc=0038 sp=F34E
irq#13915 pc=0038 sp=F34E
irq#13916 pc=0038 sp=F34E
irq#13917 pc=0038 sp=F34E
irq#13918 pc=0038 sp=F34E
irq#13919 pc=0038 sp=F34E
irq#13920 pc=0038 sp=F34E
irq#13921 pc=0038 sp=F34E
irq#13922 pc=0038 sp=F34E
irq#13923 pc=0038 sp=F34E
irq#13924 pc=0038 sp=F34E
irq#13925 pc=0038 sp=F34E
irq#13926 pc=0038 sp=F34E
irq#13927 pc=0038 sp=F34E
irq#13928 pc=0038 sp=F34E
irq#13929 pc=0038 sp=F34E
irq#13930 pc=0038 sp=F34E
irq#13931 pc=0038 sp=F34E
irq#13932 pc=0038 sp=F34E
irq#13933 pc=0038 sp=F34E
irq#13934 pc=0038 sp=F34E
irq#13935 pc=0038 sp=F34E
irq#13936 pc=0038 sp=F34E
irq#13937 pc=0038 sp=F34E
irq#13938 pc=0038 sp=F34E
irq#13939 pc=0038 sp=F34E
irq#13940 pc=0038 sp=F34E
irq#13941 pc=0038 sp=F34E
irq#13942 pc=0038 sp=F34E
irq#13943 pc=0038 sp=F34E
irq#13944 pc=0038 sp=F34E
irq#13945 pc=0038 sp=F34E
irq#13946 pc=0038 sp=F34E
irq#13947 pc=0038 sp=F34E
irq#13948 pc=0038 sp=F34E
irq#13949 pc=0038 sp=F34E
irq#13950 pc=0038 sp=F34E
irq#13951 pc=0038 sp=F34E
irq#13952 pc=0038 sp=F34E
irq#13953 pc=0038 sp=F34E
irq#13954 pc=0038 sp=F34E
irq#13955 pc=0038 sp=F34E
irq#13956 pc=0038 sp=F34E
irq#13957 pc=0038 sp=F34E
irq#13958 pc=0038 sp=F34E
irq#13959 pc=0038 sp=F34E
irq#13960 pc=0038 sp=F34E
irq#13961 pc=0038 sp=F34E
irq#13962 pc=0038 sp=F34E
irq#13963 pc=0038 sp=F34E
irq#13964 pc=0038 sp=F34E
irq#13965 pc=0038 sp=F34E
irq#13966 pc=0038 sp=F34E
irq#13967 pc=0038 sp=F34E
irq#13968 pc=0038 sp=F34E
irq#13969 pc=0038 sp=F34E
irq#13970 pc=0038 sp=F34E
irq#13971 pc=0038 sp=F34E
irq#13972 pc=0038 sp=F34E
irq#13973 pc=0038 sp=F34E
irq#13974 pc=0038 sp=F34E
irq#13975 pc=0038 sp=F34E
irq#13976 pc=0038 sp=F34E
irq#13977 pc=0038 sp=F34E
irq#13978 pc=0038 sp=F34E
irq#13979 pc=0038 sp=F34E
irq#13980 pc=0038 sp=F34E
irq#13981 pc=0038 sp=F34E
irq#13982 pc=0038 sp=F34E
irq#13983 pc=0038 sp=F34E
irq#13984 pc=0038 sp=F34E
irq#13985 pc=0038 sp=F34E
irq#13986 pc=0038 sp=F34E
irq#13987 pc=0038 sp=F34E
irq#13988 pc=0038 sp=F34E
irq#13989 pc=0038 sp=F34E
irq#13990 pc=0038 sp=F34E
irq#13991 pc=0038 sp=F34E
irq#13992 pc=0038 sp=F34E
irq#13993 pc=0038 sp=F34E
irq#13994 pc=0038 sp=F34E
irq#13995 pc=0038 sp=F34E
irq#13996 pc=0038 sp=F34E
irq#13997 pc=0038 sp=F34E
irq#13998 pc=0038 sp=F34E
irq#13999 pc=0038 sp=F34E
irq#14000 pc=0038 sp=F34E
irq#14001 pc=0038 sp=F34E
irq#14002 pc=0038 sp=F34E
irq#14003 pc=0038 sp=F34E
irq#14004 pc=0038 sp=F34E
irq#14005 pc=0038 sp=F34E
irq#14006 pc=0038 sp=F34E
irq#14007 pc=0038 sp=F34E
irq#14008 pc=0038 sp=F34E
irq#14009 pc=0038 sp=F34E
irq#14010 pc=0038 sp=F34E
irq#14011 pc=0038 sp=F34E
irq#14012 pc=0038 sp=F34E
irq#14013 pc=0038 sp=F34E
irq#14014 pc=0038 sp=F34E
irq#14015 pc=0038 sp=F34E
irq#14016 pc=0038 sp=F34E
irq#14017 pc=0038 sp=F34E
irq#14018 pc=0038 sp=F34E
irq#14019 pc=0038 sp=F34E
irq#14020 pc=0038 sp=F34E
irq#14021 pc=0038 sp=F34E
irq#14022 pc=0038 sp=F34E
irq#14023 pc=0038 sp=F34E
irq#14024 pc=0038 sp=F34E
irq#14025 pc=0038 sp=F34E
irq#14026 pc=0038 sp=F34E
irq#14027 pc=0038 sp=F34E
irq#14028 pc=0038 sp=F34E
irq#14029 pc=0038 sp=F34E
irq#14030 pc=0038 sp=F34E
irq#14031 pc=0038 sp=F34E
irq#14032 pc=0038 sp=F34E
irq#14033 pc=0038 sp=F34E
irq#14034 pc=0038 sp=F34E
irq#14035 pc=0038 sp=F34E
irq#14036 pc=0038 sp=F34E
irq#14037 pc=0038 sp=F34E
irq#14038 pc=0038 sp=F34E
irq#14039 pc=0038 sp=F34E
irq#14040 pc=0038 sp=F34E
irq#14041 pc=0038 sp=F34E
irq#14042 pc=0038 sp=F34E
irq#14043 pc=0038 sp=F34E
irq#14044 pc=0038 sp=F34E
irq#14045 pc=0038 sp=F34E
irq#14046 pc=0038 sp=F34E
irq#14047 pc=0038 sp=F336
irq#14048 pc=0038 sp=F34E
irq#14049 pc=0038 sp=F34E
irq#14050 pc=0038 sp=F34E
irq#14051 pc=0038 sp=F34E
irq#14052 pc=0038 sp=F34E
irq#14053 pc=0038 sp=F34E
irq#14054 pc=0038 sp=F34E
irq#14055 pc=0038 sp=F34E
irq#14056 pc=0038 sp=F34E
irq#14057 pc=0038 sp=F34E
irq#14058 pc=0038 sp=F34E
irq#14059 pc=0038 sp=F34E
irq#14060 pc=0038 sp=F34E
irq#14061 pc=0038 sp=F34E
irq#14062 pc=0038 sp=F34E
irq#14063 pc=0038 sp=F34E
irq#14064 pc=0038 sp=F34E
irq#14065 pc=0038 sp=F34E
irq#14066 pc=0038 sp=F34E
irq#14067 pc=0038 sp=F34E
irq#14068 pc=0038 sp=F34E
irq#14069 pc=0038 sp=F34E
irq#14070 pc=0038 sp=F34E
irq#14071 pc=0038 sp=F34E
irq#14072 pc=0038 sp=F34E
irq#14073 pc=0038 sp=F34E
irq#14074 pc=0038 sp=F34E
irq#14075 pc=0038 sp=F34E
irq#14076 pc=0038 sp=F34E
irq#14077 pc=0038 sp=F34E
irq#14078 pc=0038 sp=F34E
irq#14079 pc=0038 sp=F34E
irq#14080 pc=0038 sp=F34E
irq#14081 pc=0038 sp=F34E
irq#14082 pc=0038 sp=F34E
irq#14083 pc=0038 sp=F34E
irq#14084 pc=0038 sp=F34E
irq#14085 pc=0038 sp=F34E
irq#14086 pc=0038 sp=F34E
irq#14087 pc=0038 sp=F34E
irq#14088 pc=0038 sp=F34E
irq#14089 pc=0038 sp=F34E
irq#14090 pc=0038 sp=F34E
irq#14091 pc=0038 sp=F34E
irq#14092 pc=0038 sp=F34E
irq#14093 pc=0038 sp=F34E
irq#14094 pc=0038 sp=F34E
irq#14095 pc=0038 sp=F34E
irq#14096 pc=0038 sp=F34E
irq#14097 pc=0038 sp=F34E
irq#14098 pc=0038 sp=F34E
irq#14099 pc=0038 sp=F34E
irq#14100 pc=0038 sp=F34E
irq#14101 pc=0038 sp=F34E
irq#14102 pc=0038 sp=F34E
irq#14103 pc=0038 sp=F34E
irq#14104 pc=0038 sp=F34E
irq#14105 pc=0038 sp=F34E
irq#14106 pc=0038 sp=F34E
irq#14107 pc=0038 sp=F34E
irq#14108 pc=0038 sp=F34E
irq#14109 pc=0038 sp=F34E
irq#14110 pc=0038 sp=F34E
irq#14111 pc=0038 sp=F34E
irq#14112 pc=0038 sp=F34E
irq#14113 pc=0038 sp=F34E
irq#14114 pc=0038 sp=F34E
irq#14115 pc=0038 sp=F34E
irq#14116 pc=0038 sp=F34E
irq#14117 pc=0038 sp=F34E
irq#14118 pc=0038 sp=F34E
irq#14119 pc=0038 sp=F34E
irq#14120 pc=0038 sp=F34E
irq#14121 pc=0038 sp=F34E
irq#14122 pc=0038 sp=F34E
irq#14123 pc=0038 sp=F34E
irq#14124 pc=0038 sp=F34E
irq#14125 pc=0038 sp=F34E
irq#14126 pc=0038 sp=F34E
irq#14127 pc=0038 sp=F34E
irq#14128 pc=0038 sp=F34E
irq#14129 pc=0038 sp=F34E
irq#14130 pc=0038 sp=F34E
irq#14131 pc=0038 sp=F34E
irq#14132 pc=0038 sp=F34E
irq#14133 pc=0038 sp=F34E
irq#14134 pc=0038 sp=F34E
irq#14135 pc=0038 sp=F34E
irq#14136 pc=0038 sp=F34E
irq#14137 pc=0038 sp=F34E
irq#14138 pc=0038 sp=F34E
irq#14139 pc=0038 sp=F34E
irq#14140 pc=0038 sp=F34E
irq#14141 pc=0038 sp=F34E
irq#14142 pc=0038 sp=F34E
irq#14143 pc=0038 sp=F34E
irq#14144 pc=0038 sp=F34E
irq#14145 pc=0038 sp=F34E
irq#14146 pc=0038 sp=F34E
irq#14147 pc=0038 sp=F34E
irq#14148 pc=0038 sp=F34E
irq#14149 pc=0038 sp=F34E
irq#14150 pc=0038 sp=F34E
irq#14151 pc=0038 sp=F34E
irq#14152 pc=0038 sp=F34E
irq#14153 pc=0038 sp=F34E
irq#14154 pc=0038 sp=F34E
irq#14155 pc=0038 sp=F34E
irq#14156 pc=0038 sp=F34E
irq#14157 pc=0038 sp=F34E
irq#14158 pc=0038 sp=F34E
irq#14159 pc=0038 sp=F34E
irq#14160 pc=0038 sp=F34E
irq#14161 pc=0038 sp=F34E
irq#14162 pc=0038 sp=F34E
irq#14163 pc=0038 sp=F34E
irq#14164 pc=0038 sp=F34E
irq#14165 pc=0038 sp=F34E
irq#14166 pc=0038 sp=F34E
irq#14167 pc=0038 sp=F34E
irq#14168 pc=0038 sp=F34E
irq#14169 pc=0038 sp=F34E
irq#14170 pc=0038 sp=F34E
irq#14171 pc=0038 sp=F34E
irq#14172 pc=0038 sp=F34E
irq#14173 pc=0038 sp=F34E
irq#14174 pc=0038 sp=F34E
irq#14175 pc=0038 sp=F34E
irq#14176 pc=0038 sp=F34E
irq#14177 pc=0038 sp=F34E
irq#14178 pc=0038 sp=F34E
irq#14179 pc=0038 sp=F34E
irq#14180 pc=0038 sp=F34E
irq#14181 pc=0038 sp=F34E
irq#14182 pc=0038 sp=F34E
irq#14183 pc=0038 sp=F34E
irq#14184 pc=0038 sp=F34E
irq#14185 pc=0038 sp=F34E
irq#14186 pc=0038 sp=F34E
irq#14187 pc=0038 sp=F34E
irq#14188 pc=0038 sp=F34E
irq#14189 pc=0038 sp=F34E
irq#14190 pc=0038 sp=F34E
irq#14191 pc=0038 sp=F34E
irq#14192 pc=0038 sp=F34E
irq#14193 pc=0038 sp=F34E
irq#14194 pc=0038 sp=F34E
irq#14195 pc=0038 sp=F34E
irq#14196 pc=0038 sp=F34E
irq#14197 pc=0038 sp=F34E
irq#14198 pc=0038 sp=F34E
irq#14199 pc=0038 sp=F34E
irq#14200 pc=0038 sp=F34E
irq#14201 pc=0038 sp=F34E
irq#14202 pc=0038 sp=F34E
irq#14203 pc=0038 sp=F34E
irq#14204 pc=0038 sp=F34E
irq#14205 pc=0038 sp=F34E
irq#14206 pc=0038 sp=F34E
irq#14207 pc=0038 sp=F34E
irq#14208 pc=0038 sp=F34E
irq#14209 pc=0038 sp=F34E
irq#14210 pc=0038 sp=F34E
irq#14211 pc=0038 sp=F34E
irq#14212 pc=0038 sp=F34E
irq#14213 pc=0038 sp=F34E
irq#14214 pc=0038 sp=F34E
irq#14215 pc=0038 sp=F34E
irq#14216 pc=0038 sp=F34E
irq#14217 pc=0038 sp=F34E
irq#14218 pc=0038 sp=F34E
irq#14219 pc=0038 sp=F34E
irq#14220 pc=0038 sp=F34E
irq#14221 pc=0038 sp=F34E
irq#14222 pc=0038 sp=F34E
irq#14223 pc=0038 sp=F34E
irq#14224 pc=0038 sp=F34E
irq#14225 pc=0038 sp=F34E
irq#14226 pc=0038 sp=F34E
irq#14227 pc=0038 sp=F34E
irq#14228 pc=0038 sp=F34E
irq#14229 pc=0038 sp=F34E
irq#14230 pc=0038 sp=F34E
irq#14231 pc=0038 sp=F338
irq#14232 pc=0038 sp=F34E
irq#14233 pc=0038 sp=F34E
irq#14234 pc=0038 sp=F34E
irq#14235 pc=0038 sp=F34E
irq#14236 pc=0038 sp=F34E
irq#14237 pc=0038 sp=F34E
irq#14238 pc=0038 sp=F34E
irq#14239 pc=0038 sp=F34E
irq#14240 pc=0038 sp=F34E
irq#14241 pc=0038 sp=F34E
irq#14242 pc=0038 sp=F34E
irq#14243 pc=0038 sp=F34E
irq#14244 pc=0038 sp=F34E
irq#14245 pc=0038 sp=F34E
irq#14246 pc=0038 sp=F34E
irq#14247 pc=0038 sp=F34E
irq#14248 pc=0038 sp=F34E
irq#14249 pc=0038 sp=F34E
irq#14250 pc=0038 sp=F34E
irq#14251 pc=0038 sp=F34E
irq#14252 pc=0038 sp=F34E
irq#14253 pc=0038 sp=F34E
irq#14254 pc=0038 sp=F34E
irq#14255 pc=0038 sp=F34E
irq#14256 pc=0038 sp=F34E
irq#14257 pc=0038 sp=F34E
irq#14258 pc=0038 sp=F34E
irq#14259 pc=0038 sp=F34E
irq#14260 pc=0038 sp=F34E
irq#14261 pc=0038 sp=F34E
irq#14262 pc=0038 sp=F34E
irq#14263 pc=0038 sp=F34E
irq#14264 pc=0038 sp=F34E
irq#14265 pc=0038 sp=F34E
irq#14266 pc=0038 sp=F34E
irq#14267 pc=0038 sp=F34E
irq#14268 pc=0038 sp=F34E
irq#14269 pc=0038 sp=F34E
irq#14270 pc=0038 sp=F34E
irq#14271 pc=0038 sp=F34E
irq#14272 pc=0038 sp=F34E
irq#14273 pc=0038 sp=F34E
irq#14274 pc=0038 sp=F34E
irq#14275 pc=0038 sp=F34E
irq#14276 pc=0038 sp=F34E
irq#14277 pc=0038 sp=F34E
irq#14278 pc=0038 sp=F34E
irq#14279 pc=0038 sp=F34E
irq#14280 pc=0038 sp=F34E
irq#14281 pc=0038 sp=F34E
irq#14282 pc=0038 sp=F34E
irq#14283 pc=0038 sp=F34E
irq#14284 pc=0038 sp=F34E
irq#14285 pc=0038 sp=F34E
irq#14286 pc=0038 sp=F34E
irq#14287 pc=0038 sp=F34E
irq#14288 pc=0038 sp=F34E
irq#14289 pc=0038 sp=F34E
irq#14290 pc=0038 sp=F34E
irq#14291 pc=0038 sp=F34E
irq#14292 pc=0038 sp=F34E
irq#14293 pc=0038 sp=F34E
irq#14294 pc=0038 sp=F34E
irq#14295 pc=0038 sp=F34E
irq#14296 pc=0038 sp=F34E
irq#14297 pc=0038 sp=F34E
irq#14298 pc=0038 sp=F34E
irq#14299 pc=0038 sp=F34E
irq#14300 pc=0038 sp=F34E
irq#14301 pc=0038 sp=F34E
irq#14302 pc=0038 sp=F34E
irq#14303 pc=0038 sp=F34E
irq#14304 pc=0038 sp=F34E
irq#14305 pc=0038 sp=F34E
irq#14306 pc=0038 sp=F34E
irq#14307 pc=0038 sp=F34E
irq#14308 pc=0038 sp=F34E
irq#14309 pc=0038 sp=F34E
irq#14310 pc=0038 sp=F34E
irq#14311 pc=0038 sp=F34E
irq#14312 pc=0038 sp=F34E
irq#14313 pc=0038 sp=F34E
irq#14314 pc=0038 sp=F34E
irq#14315 pc=0038 sp=F34E
irq#14316 pc=0038 sp=F34E
irq#14317 pc=0038 sp=F34E
irq#14318 pc=0038 sp=F34E
irq#14319 pc=0038 sp=F34E
irq#14320 pc=0038 sp=F34E
irq#14321 pc=0038 sp=F34E
irq#14322 pc=0038 sp=F34E
irq#14323 pc=0038 sp=F34E
irq#14324 pc=0038 sp=F34E
irq#14325 pc=0038 sp=F34E
irq#14326 pc=0038 sp=F34E
irq#14327 pc=0038 sp=F34E
irq#14328 pc=0038 sp=F34E
irq#14329 pc=0038 sp=F34E
irq#14330 pc=0038 sp=F34E
irq#14331 pc=0038 sp=F34E
irq#14332 pc=0038 sp=F34E
irq#14333 pc=0038 sp=F34E
irq#14334 pc=0038 sp=F34E
irq#14335 pc=0038 sp=F34E
irq#14336 pc=0038 sp=F34E
irq#14337 pc=0038 sp=F34E
irq#14338 pc=0038 sp=F34E
irq#14339 pc=0038 sp=F34E
irq#14340 pc=0038 sp=F34E
irq#14341 pc=0038 sp=F34E
irq#14342 pc=0038 sp=F34E
irq#14343 pc=0038 sp=F34E
irq#14344 pc=0038 sp=F34E
irq#14345 pc=0038 sp=F34E
irq#14346 pc=0038 sp=F34E
irq#14347 pc=0038 sp=F34E
irq#14348 pc=0038 sp=F34E
irq#14349 pc=0038 sp=F34E
irq#14350 pc=0038 sp=F34E
irq#14351 pc=0038 sp=F34E
irq#14352 pc=0038 sp=F34E
irq#14353 pc=0038 sp=F34E
irq#14354 pc=0038 sp=F34E
irq#14355 pc=0038 sp=F34E
irq#14356 pc=0038 sp=F34E
irq#14357 pc=0038 sp=F34E
irq#14358 pc=0038 sp=F34E
irq#14359 pc=0038 sp=F34E
irq#14360 pc=0038 sp=F34E
irq#14361 pc=0038 sp=F34E
irq#14362 pc=0038 sp=F34E
irq#14363 pc=0038 sp=F34E
irq#14364 pc=0038 sp=F34E
irq#14365 pc=0038 sp=F34E
irq#14366 pc=0038 sp=F34E
irq#14367 pc=0038 sp=F34E
irq#14368 pc=0038 sp=F34E
irq#14369 pc=0038 sp=F34E
irq#14370 pc=0038 sp=F34E
irq#14371 pc=0038 sp=F34E
irq#14372 pc=0038 sp=F34E
irq#14373 pc=0038 sp=F34E
irq#14374 pc=0038 sp=F34E
irq#14375 pc=0038 sp=F34E
irq#14376 pc=0038 sp=F34E
irq#14377 pc=0038 sp=F34E
irq#14378 pc=0038 sp=F34E
irq#14379 pc=0038 sp=F34E
irq#14380 pc=0038 sp=F34E
irq#14381 pc=0038 sp=F34E
irq#14382 pc=0038 sp=F34E
irq#14383 pc=0038 sp=F34E
irq#14384 pc=0038 sp=F34E
irq#14385 pc=0038 sp=F34E
irq#14386 pc=0038 sp=F34E
irq#14387 pc=0038 sp=F34E
irq#14388 pc=0038 sp=F34E
irq#14389 pc=0038 sp=F34E
irq#14390 pc=0038 sp=F34E
irq#14391 pc=0038 sp=F34E
irq#14392 pc=0038 sp=F34E
irq#14393 pc=0038 sp=F34E
irq#14394 pc=0038 sp=F34E
irq#14395 pc=0038 sp=F34E
irq#14396 pc=0038 sp=F34E
irq#14397 pc=0038 sp=F34E
irq#14398 pc=0038 sp=F34E
irq#14399 pc=0038 sp=F34E
irq#14400 pc=0038 sp=F34E
irq#14401 pc=0038 sp=F34E
irq#14402 pc=0038 sp=F34E
irq#14403 pc=0038 sp=F34E
irq#14404 pc=0038 sp=F34E
irq#14405 pc=0038 sp=F34E
irq#14406 pc=0038 sp=F34E
irq#14407 pc=0038 sp=F34E
irq#14408 pc=0038 sp=F34E
irq#14409 pc=0038 sp=F34E
irq#14410 pc=0038 sp=F34E
irq#14411 pc=0038 sp=F34E
irq#14412 pc=0038 sp=F34E
irq#14413 pc=0038 sp=F34E
irq#14414 pc=0038 sp=F34E
irq#14415 pc=0038 sp=F338
irq#14416 pc=0038 sp=F34E
irq#14417 pc=0038 sp=F34E
irq#14418 pc=0038 sp=F34E
irq#14419 pc=0038 sp=F34E
irq#14420 pc=0038 sp=F34E
irq#14421 pc=0038 sp=F34E
irq#14422 pc=0038 sp=F34E
irq#14423 pc=0038 sp=F34E
irq#14424 pc=0038 sp=F34E
irq#14425 pc=0038 sp=F34E
irq#14426 pc=0038 sp=F34E
irq#14427 pc=0038 sp=F34E
irq#14428 pc=0038 sp=F34E
irq#14429 pc=0038 sp=F34E
irq#14430 pc=0038 sp=F34E
irq#14431 pc=0038 sp=F34E
irq#14432 pc=0038 sp=F34E
irq#14433 pc=0038 sp=F34E
irq#14434 pc=0038 sp=F34E
irq#14435 pc=0038 sp=F34E
irq#14436 pc=0038 sp=F34E
irq#14437 pc=0038 sp=F34E
irq#14438 pc=0038 sp=F34E
irq#14439 pc=0038 sp=F34E
irq#14440 pc=0038 sp=F34E
irq#14441 pc=0038 sp=F34E
irq#14442 pc=0038 sp=F34E
irq#14443 pc=0038 sp=F34E
irq#14444 pc=0038 sp=F34E
irq#14445 pc=0038 sp=F34E
irq#14446 pc=0038 sp=F34E
irq#14447 pc=0038 sp=F34E
irq#14448 pc=0038 sp=F34E
irq#14449 pc=0038 sp=F34E
irq#14450 pc=0038 sp=F34E
irq#14451 pc=0038 sp=F34E
irq#14452 pc=0038 sp=F34E
irq#14453 pc=0038 sp=F34E
irq#14454 pc=0038 sp=F34E
irq#14455 pc=0038 sp=F34E
irq#14456 pc=0038 sp=F34E
irq#14457 pc=0038 sp=F34E
irq#14458 pc=0038 sp=F34E
irq#14459 pc=0038 sp=F34E
irq#14460 pc=0038 sp=F34E
irq#14461 pc=0038 sp=F34E
irq#14462 pc=0038 sp=F34E
irq#14463 pc=0038 sp=F34E
irq#14464 pc=0038 sp=F34E
irq#14465 pc=0038 sp=F34E
irq#14466 pc=0038 sp=F34E
irq#14467 pc=0038 sp=F34E
irq#14468 pc=0038 sp=F34E
irq#14469 pc=0038 sp=F34E
irq#14470 pc=0038 sp=F34E
irq#14471 pc=0038 sp=F34E
irq#14472 pc=0038 sp=F34E
irq#14473 pc=0038 sp=F34E
irq#14474 pc=0038 sp=F34E
irq#14475 pc=0038 sp=F34E
irq#14476 pc=0038 sp=F34E
irq#14477 pc=0038 sp=F34E
irq#14478 pc=0038 sp=F34E
irq#14479 pc=0038 sp=F34E
irq#14480 pc=0038 sp=F34E
irq#14481 pc=0038 sp=F34E
irq#14482 pc=0038 sp=F34E
irq#14483 pc=0038 sp=F34E
irq#14484 pc=0038 sp=F34E
irq#14485 pc=0038 sp=F34E
irq#14486 pc=0038 sp=F34E
irq#14487 pc=0038 sp=F34E
irq#14488 pc=0038 sp=F34E
irq#14489 pc=0038 sp=F34E
irq#14490 pc=0038 sp=F34E
irq#14491 pc=0038 sp=F34E
irq#14492 pc=0038 sp=F34E
irq#14493 pc=0038 sp=F34E
irq#14494 pc=0038 sp=F34E
irq#14495 pc=0038 sp=F34E
irq#14496 pc=0038 sp=F34E
irq#14497 pc=0038 sp=F34E
irq#14498 pc=0038 sp=F34E
irq#14499 pc=0038 sp=F34E
irq#14500 pc=0038 sp=F34E
irq#14501 pc=0038 sp=F34E
irq#14502 pc=0038 sp=F34E
irq#14503 pc=0038 sp=F34E
irq#14504 pc=0038 sp=F34E
irq#14505 pc=0038 sp=F34E
irq#14506 pc=0038 sp=F34E
irq#14507 pc=0038 sp=F34E
irq#14508 pc=0038 sp=F34E
irq#14509 pc=0038 sp=F34E
irq#14510 pc=0038 sp=F34E
irq#14511 pc=0038 sp=F34E
irq#14512 pc=0038 sp=F34E
irq#14513 pc=0038 sp=F34E
irq#14514 pc=0038 sp=F34E
irq#14515 pc=0038 sp=F34E
irq#14516 pc=0038 sp=F34E
irq#14517 pc=0038 sp=F34E
irq#14518 pc=0038 sp=F34E
irq#14519 pc=0038 sp=F34E
irq#14520 pc=0038 sp=F34E
irq#14521 pc=0038 sp=F34E
irq#14522 pc=0038 sp=F34E
irq#14523 pc=0038 sp=F34E
irq#14524 pc=0038 sp=F34E
irq#14525 pc=0038 sp=F34E
irq#14526 pc=0038 sp=F34E
irq#14527 pc=0038 sp=F34E
irq#14528 pc=0038 sp=F34E
irq#14529 pc=0038 sp=F34E
irq#14530 pc=0038 sp=F34E
irq#14531 pc=0038 sp=F34E
irq#14532 pc=0038 sp=F34E
irq#14533 pc=0038 sp=F34E
irq#14534 pc=0038 sp=F34E
irq#14535 pc=0038 sp=F34E
irq#14536 pc=0038 sp=F34E
irq#14537 pc=0038 sp=F34E
irq#14538 pc=0038 sp=F34E
irq#14539 pc=0038 sp=F34E
irq#14540 pc=0038 sp=F34E
irq#14541 pc=0038 sp=F34E
irq#14542 pc=0038 sp=F34E
irq#14543 pc=0038 sp=F34E
irq#14544 pc=0038 sp=F34E
irq#14545 pc=0038 sp=F34E
irq#14546 pc=0038 sp=F34E
irq#14547 pc=0038 sp=F34E
irq#14548 pc=0038 sp=F34E
irq#14549 pc=0038 sp=F34E
irq#14550 pc=0038 sp=F34E
irq#14551 pc=0038 sp=F34E
irq#14552 pc=0038 sp=F34E
irq#14553 pc=0038 sp=F34E
irq#14554 pc=0038 sp=F34E
irq#14555 pc=0038 sp=F34E
irq#14556 pc=0038 sp=F34E
irq#14557 pc=0038 sp=F34E
irq#14558 pc=0038 sp=F34E
irq#14559 pc=0038 sp=F34E
irq#14560 pc=0038 sp=F34E
irq#14561 pc=0038 sp=F34E
irq#14562 pc=0038 sp=F34E
irq#14563 pc=0038 sp=F34E
irq#14564 pc=0038 sp=F34E
irq#14565 pc=0038 sp=F34E
irq#14566 pc=0038 sp=F34E
irq#14567 pc=0038 sp=F34E
irq#14568 pc=0038 sp=F34E
irq#14569 pc=0038 sp=F34E
irq#14570 pc=0038 sp=F34E
irq#14571 pc=0038 sp=F34E
irq#14572 pc=0038 sp=F34E
irq#14573 pc=0038 sp=F34E
irq#14574 pc=0038 sp=F34E
irq#14575 pc=0038 sp=F34E
irq#14576 pc=0038 sp=F34E
irq#14577 pc=0038 sp=F34E
irq#14578 pc=0038 sp=F34E
irq#14579 pc=0038 sp=F34E
irq#14580 pc=0038 sp=F34E
irq#14581 pc=0038 sp=F34E
irq#14582 pc=0038 sp=F34E
irq#14583 pc=0038 sp=F34E
irq#14584 pc=0038 sp=F34E
irq#14585 pc=0038 sp=F34E
irq#14586 pc=0038 sp=F34E
irq#14587 pc=0038 sp=F34E
irq#14588 pc=0038 sp=F34E
irq#14589 pc=0038 sp=F34E
irq#14590 pc=0038 sp=F34E
irq#14591 pc=0038 sp=F34E
irq#14592 pc=0038 sp=F34E
irq#14593 pc=0038 sp=F34E
irq#14594 pc=0038 sp=F34E
irq#14595 pc=0038 sp=F34E
irq#14596 pc=0038 sp=F34E
irq#14597 pc=0038 sp=F34E
irq#14598 pc=0038 sp=F34E
irq#14599 pc=0038 sp=F336
irq#14600 pc=0038 sp=F34E
irq#14601 pc=0038 sp=F34E
irq#14602 pc=0038 sp=F34E
irq#14603 pc=0038 sp=F34E
irq#14604 pc=0038 sp=F34E
irq#14605 pc=0038 sp=F34E
irq#14606 pc=0038 sp=F34E
irq#14607 pc=0038 sp=F34E
irq#14608 pc=0038 sp=F34E
irq#14609 pc=0038 sp=F34E
irq#14610 pc=0038 sp=F34E
irq#14611 pc=0038 sp=F34E
irq#14612 pc=0038 sp=F34E
irq#14613 pc=0038 sp=F34E
irq#14614 pc=0038 sp=F34E
irq#14615 pc=0038 sp=F34E
irq#14616 pc=0038 sp=F34E
irq#14617 pc=0038 sp=F34E
irq#14618 pc=0038 sp=F34E
irq#14619 pc=0038 sp=F34E
irq#14620 pc=0038 sp=F34E
irq#14621 pc=0038 sp=F34E
irq#14622 pc=0038 sp=F34E
irq#14623 pc=0038 sp=F34E
irq#14624 pc=0038 sp=F34E
irq#14625 pc=0038 sp=F34E
irq#14626 pc=0038 sp=F34E
irq#14627 pc=0038 sp=F34E
irq#14628 pc=0038 sp=F34E
irq#14629 pc=0038 sp=F34E
irq#14630 pc=0038 sp=F34E
irq#14631 pc=0038 sp=F34E
irq#14632 pc=0038 sp=F34E
irq#14633 pc=0038 sp=F34E
irq#14634 pc=0038 sp=F34E
irq#14635 pc=0038 sp=F34E
irq#14636 pc=0038 sp=F34E
irq#14637 pc=0038 sp=F34E
irq#14638 pc=0038 sp=F34E
irq#14639 pc=0038 sp=F34E
irq#14640 pc=0038 sp=F34E
irq#14641 pc=0038 sp=F34E
irq#14642 pc=0038 sp=F34E
irq#14643 pc=0038 sp=F34E
irq#14644 pc=0038 sp=F34E
irq#14645 pc=0038 sp=F34E
irq#14646 pc=0038 sp=F34E
irq#14647 pc=0038 sp=F34E
irq#14648 pc=0038 sp=F34E
irq#14649 pc=0038 sp=F34E
irq#14650 pc=0038 sp=F34E
irq#14651 pc=0038 sp=F34E
irq#14652 pc=0038 sp=F34E
irq#14653 pc=0038 sp=F34E
irq#14654 pc=0038 sp=F34E
irq#14655 pc=0038 sp=F34E
irq#14656 pc=0038 sp=F34E
irq#14657 pc=0038 sp=F34E
irq#14658 pc=0038 sp=F34E
irq#14659 pc=0038 sp=F34E
irq#14660 pc=0038 sp=F34E
irq#14661 pc=0038 sp=F34E
irq#14662 pc=0038 sp=F34E
irq#14663 pc=0038 sp=F34E
irq#14664 pc=0038 sp=F34E
irq#14665 pc=0038 sp=F34E
irq#14666 pc=0038 sp=F34E
irq#14667 pc=0038 sp=F34E
irq#14668 pc=0038 sp=F34E
irq#14669 pc=0038 sp=F34E
irq#14670 pc=0038 sp=F34E
irq#14671 pc=0038 sp=F34E
irq#14672 pc=0038 sp=F34E
irq#14673 pc=0038 sp=F34E
irq#14674 pc=0038 sp=F34E
irq#14675 pc=0038 sp=F34E
irq#14676 pc=0038 sp=F34E
irq#14677 pc=0038 sp=F34E
irq#14678 pc=0038 sp=F34E
irq#14679 pc=0038 sp=F34E
irq#14680 pc=0038 sp=F34E
irq#14681 pc=0038 sp=F34E
irq#14682 pc=0038 sp=F34E
irq#14683 pc=0038 sp=F34E
irq#14684 pc=0038 sp=F34E
irq#14685 pc=0038 sp=F34E
irq#14686 pc=0038 sp=F34E
irq#14687 pc=0038 sp=F34E
irq#14688 pc=0038 sp=F34E
irq#14689 pc=0038 sp=F34E
irq#14690 pc=0038 sp=F34E
irq#14691 pc=0038 sp=F34E
irq#14692 pc=0038 sp=F34E
irq#14693 pc=0038 sp=F34E
irq#14694 pc=0038 sp=F34E
irq#14695 pc=0038 sp=F34E
irq#14696 pc=0038 sp=F34E
irq#14697 pc=0038 sp=F34E
irq#14698 pc=0038 sp=F34E
irq#14699 pc=0038 sp=F34E
irq#14700 pc=0038 sp=F34E
irq#14701 pc=0038 sp=F34E
irq#14702 pc=0038 sp=F34E
irq#14703 pc=0038 sp=F34E
irq#14704 pc=0038 sp=F34E
irq#14705 pc=0038 sp=F34E
irq#14706 pc=0038 sp=F34E
irq#14707 pc=0038 sp=F34E
irq#14708 pc=0038 sp=F34E
irq#14709 pc=0038 sp=F34E
irq#14710 pc=0038 sp=F34E
irq#14711 pc=0038 sp=F34E
irq#14712 pc=0038 sp=F34E
irq#14713 pc=0038 sp=F34E
irq#14714 pc=0038 sp=F34E
irq#14715 pc=0038 sp=F34E
irq#14716 pc=0038 sp=F34E
irq#14717 pc=0038 sp=F34E
irq#14718 pc=0038 sp=F34E
irq#14719 pc=0038 sp=F34E
irq#14720 pc=0038 sp=F34E
irq#14721 pc=0038 sp=F34E
irq#14722 pc=0038 sp=F34E
irq#14723 pc=0038 sp=F34E
irq#14724 pc=0038 sp=F34E
irq#14725 pc=0038 sp=F34E
irq#14726 pc=0038 sp=F34E
irq#14727 pc=0038 sp=F34E
irq#14728 pc=0038 sp=F34E
irq#14729 pc=0038 sp=F34E
irq#14730 pc=0038 sp=F34E
irq#14731 pc=0038 sp=F34E
irq#14732 pc=0038 sp=F34E
irq#14733 pc=0038 sp=F34E
irq#14734 pc=0038 sp=F34E
irq#14735 pc=0038 sp=F34E
irq#14736 pc=0038 sp=F34E
irq#14737 pc=0038 sp=F34E
irq#14738 pc=0038 sp=F34E
irq#14739 pc=0038 sp=F34E
irq#14740 pc=0038 sp=F34E
irq#14741 pc=0038 sp=F34E
irq#14742 pc=0038 sp=F34E
irq#14743 pc=0038 sp=F34E
irq#14744 pc=0038 sp=F34E
irq#14745 pc=0038 sp=F34E
irq#14746 pc=0038 sp=F34E
irq#14747 pc=0038 sp=F34E
irq#14748 pc=0038 sp=F34E
irq#14749 pc=0038 sp=F34E
irq#14750 pc=0038 sp=F34E
irq#14751 pc=0038 sp=F34E
irq#14752 pc=0038 sp=F34E
irq#14753 pc=0038 sp=F34E
irq#14754 pc=0038 sp=F34E
irq#14755 pc=0038 sp=F34E
irq#14756 pc=0038 sp=F34E
irq#14757 pc=0038 sp=F34E
irq#14758 pc=0038 sp=F34E
irq#14759 pc=0038 sp=F34E
irq#14760 pc=0038 sp=F34E
irq#14761 pc=0038 sp=F34E
irq#14762 pc=0038 sp=F34E
irq#14763 pc=0038 sp=F34E
irq#14764 pc=0038 sp=F34E
irq#14765 pc=0038 sp=F34E
irq#14766 pc=0038 sp=F34E
irq#14767 pc=0038 sp=F34E
irq#14768 pc=0038 sp=F34E
irq#14769 pc=0038 sp=F34E
irq#14770 pc=0038 sp=F34E
irq#14771 pc=0038 sp=F34E
irq#14772 pc=0038 sp=F34E
irq#14773 pc=0038 sp=F34E
irq#14774 pc=0038 sp=F34E
irq#14775 pc=0038 sp=F34E
irq#14776 pc=0038 sp=F34E
irq#14777 pc=0038 sp=F34E
irq#14778 pc=0038 sp=F34E
irq#14779 pc=0038 sp=F34E
irq#14780 pc=0038 sp=F34E
irq#14781 pc=0038 sp=F34E
irq#14782 pc=0038 sp=F34E
irq#14783 pc=0038 sp=F338
irq#14784 pc=0038 sp=F34E
irq#14785 pc=0038 sp=F34E
irq#14786 pc=0038 sp=F34E
irq#14787 pc=0038 sp=F34E
irq#14788 pc=0038 sp=F34E
irq#14789 pc=0038 sp=F34E
irq#14790 pc=0038 sp=F34E
irq#14791 pc=0038 sp=F34E
irq#14792 pc=0038 sp=F34E
irq#14793 pc=0038 sp=F34E
irq#14794 pc=0038 sp=F34E
irq#14795 pc=0038 sp=F34E
irq#14796 pc=0038 sp=F34E
irq#14797 pc=0038 sp=F34E
irq#14798 pc=0038 sp=F34E
irq#14799 pc=0038 sp=F34E
irq#14800 pc=0038 sp=F34E
irq#14801 pc=0038 sp=F34E
irq#14802 pc=0038 sp=F34E
irq#14803 pc=0038 sp=F34E
irq#14804 pc=0038 sp=F34E
irq#14805 pc=0038 sp=F34E
irq#14806 pc=0038 sp=F34E
irq#14807 pc=0038 sp=F34E
irq#14808 pc=0038 sp=F34E
irq#14809 pc=0038 sp=F34E
irq#14810 pc=0038 sp=F34E
irq#14811 pc=0038 sp=F34E
irq#14812 pc=0038 sp=F34E
irq#14813 pc=0038 sp=F34E
irq#14814 pc=0038 sp=F34E
irq#14815 pc=0038 sp=F34E
irq#14816 pc=0038 sp=F34E
irq#14817 pc=0038 sp=F34E
irq#14818 pc=0038 sp=F34E
irq#14819 pc=0038 sp=F34E
irq#14820 pc=0038 sp=F34E
irq#14821 pc=0038 sp=F34E
irq#14822 pc=0038 sp=F34E
irq#14823 pc=0038 sp=F34E
irq#14824 pc=0038 sp=F34E
irq#14825 pc=0038 sp=F34E
irq#14826 pc=0038 sp=F34E
irq#14827 pc=0038 sp=F34E
irq#14828 pc=0038 sp=F34E
irq#14829 pc=0038 sp=F34E
irq#14830 pc=0038 sp=F34E
irq#14831 pc=0038 sp=F34E
irq#14832 pc=0038 sp=F34E
irq#14833 pc=0038 sp=F34E
irq#14834 pc=0038 sp=F34E
irq#14835 pc=0038 sp=F34E
irq#14836 pc=0038 sp=F34E
irq#14837 pc=0038 sp=F34E
irq#14838 pc=0038 sp=F34E
irq#14839 pc=0038 sp=F34E
irq#14840 pc=0038 sp=F34E
irq#14841 pc=0038 sp=F34E
irq#14842 pc=0038 sp=F34E
irq#14843 pc=0038 sp=F34E
irq#14844 pc=0038 sp=F34E
irq#14845 pc=0038 sp=F34E
irq#14846 pc=0038 sp=F34E
irq#14847 pc=0038 sp=F34E
irq#14848 pc=0038 sp=F34E
irq#14849 pc=0038 sp=F34E
irq#14850 pc=0038 sp=F34E
irq#14851 pc=0038 sp=F34E
irq#14852 pc=0038 sp=F34E
irq#14853 pc=0038 sp=F34E
irq#14854 pc=0038 sp=F34E
irq#14855 pc=0038 sp=F34E
irq#14856 pc=0038 sp=F34E
irq#14857 pc=0038 sp=F34E
irq#14858 pc=0038 sp=F34E
irq#14859 pc=0038 sp=F34E
irq#14860 pc=0038 sp=F34E
irq#14861 pc=0038 sp=F34E
irq#14862 pc=0038 sp=F34E
irq#14863 pc=0038 sp=F34E
irq#14864 pc=0038 sp=F34E
irq#14865 pc=0038 sp=F34E
irq#14866 pc=0038 sp=F34E
irq#14867 pc=0038 sp=F34E
irq#14868 pc=0038 sp=F34E
irq#14869 pc=0038 sp=F34E
irq#14870 pc=0038 sp=F34E
irq#14871 pc=0038 sp=F34E
irq#14872 pc=0038 sp=F34E
irq#14873 pc=0038 sp=F34E
irq#14874 pc=0038 sp=F34E
irq#14875 pc=0038 sp=F34E
irq#14876 pc=0038 sp=F34E
irq#14877 pc=0038 sp=F34E
irq#14878 pc=0038 sp=F34E
irq#14879 pc=0038 sp=F34E
irq#14880 pc=0038 sp=F34E
irq#14881 pc=0038 sp=F34E
irq#14882 pc=0038 sp=F34E
irq#14883 pc=0038 sp=F34E
irq#14884 pc=0038 sp=F34E
irq#14885 pc=0038 sp=F34E
irq#14886 pc=0038 sp=F34E
irq#14887 pc=0038 sp=F34E
irq#14888 pc=0038 sp=F34E
irq#14889 pc=0038 sp=F34E
irq#14890 pc=0038 sp=F34E
irq#14891 pc=0038 sp=F34E
irq#14892 pc=0038 sp=F34E
irq#14893 pc=0038 sp=F34E
irq#14894 pc=0038 sp=F34E
irq#14895 pc=0038 sp=F34E
irq#14896 pc=0038 sp=F34E
irq#14897 pc=0038 sp=F34E
irq#14898 pc=0038 sp=F34E
irq#14899 pc=0038 sp=F34E
irq#14900 pc=0038 sp=F34E
irq#14901 pc=0038 sp=F34E
irq#14902 pc=0038 sp=F34E
irq#14903 pc=0038 sp=F34E
irq#14904 pc=0038 sp=F34E
irq#14905 pc=0038 sp=F34E
irq#14906 pc=0038 sp=F34E
irq#14907 pc=0038 sp=F34E
irq#14908 pc=0038 sp=F34E
irq#14909 pc=0038 sp=F34E
irq#14910 pc=0038 sp=F34E
irq#14911 pc=0038 sp=F34E
irq#14912 pc=0038 sp=F34E
irq#14913 pc=0038 sp=F34E
irq#14914 pc=0038 sp=F34E
irq#14915 pc=0038 sp=F34E
irq#14916 pc=0038 sp=F34E
irq#14917 pc=0038 sp=F34E
irq#14918 pc=0038 sp=F34E
irq#14919 pc=0038 sp=F34E
irq#14920 pc=0038 sp=F34E
irq#14921 pc=0038 sp=F34E
irq#14922 pc=0038 sp=F34E
irq#14923 pc=0038 sp=F34E
irq#14924 pc=0038 sp=F34E
irq#14925 pc=0038 sp=F34E
irq#14926 pc=0038 sp=F34E
irq#14927 pc=0038 sp=F34E
irq#14928 pc=0038 sp=F34E
irq#14929 pc=0038 sp=F34E
irq#14930 pc=0038 sp=F34E
irq#14931 pc=0038 sp=F34E
irq#14932 pc=0038 sp=F34E
irq#14933 pc=0038 sp=F34E
irq#14934 pc=0038 sp=F34E
irq#14935 pc=0038 sp=F34E
irq#14936 pc=0038 sp=F34E
irq#14937 pc=0038 sp=F34E
irq#14938 pc=0038 sp=F34E
irq#14939 pc=0038 sp=F34E
irq#14940 pc=0038 sp=F34E
irq#14941 pc=0038 sp=F34E
irq#14942 pc=0038 sp=F34E
irq#14943 pc=0038 sp=F34E
irq#14944 pc=0038 sp=F34E
irq#14945 pc=0038 sp=F34E
irq#14946 pc=0038 sp=F34E
irq#14947 pc=0038 sp=F34E
irq#14948 pc=0038 sp=F34E
irq#14949 pc=0038 sp=F34E
irq#14950 pc=0038 sp=F34E
irq#14951 pc=0038 sp=F34E
irq#14952 pc=0038 sp=F34E
irq#14953 pc=0038 sp=F34E
irq#14954 pc=0038 sp=F34E
irq#14955 pc=0038 sp=F34E
irq#14956 pc=0038 sp=F34E
irq#14957 pc=0038 sp=F34E
irq#14958 pc=0038 sp=F34E
irq#14959 pc=0038 sp=F34E
irq#14960 pc=0038 sp=F34E
irq#14961 pc=0038 sp=F34E
irq#14962 pc=0038 sp=F34E
irq#14963 pc=0038 sp=F34E
irq#14964 pc=0038 sp=F34E
irq#14965 pc=0038 sp=F34E
irq#14966 pc=0038 sp=F34E
irq#14967 pc=0038 sp=F33A
irq#14968 pc=0038 sp=F34E
irq#14969 pc=0038 sp=F34E
irq#14970 pc=0038 sp=F34E
irq#14971 pc=0038 sp=F34E
irq#14972 pc=0038 sp=F34E
irq#14973 pc=0038 sp=F34E
irq#14974 pc=0038 sp=F34E
irq#14975 pc=0038 sp=F34E
irq#14976 pc=0038 sp=F34E
irq#14977 pc=0038 sp=F34E
irq#14978 pc=0038 sp=F34E
irq#14979 pc=0038 sp=F34E
irq#14980 pc=0038 sp=F34E
irq#14981 pc=0038 sp=F34E
irq#14982 pc=0038 sp=F34E
irq#14983 pc=0038 sp=F34E
irq#14984 pc=0038 sp=F34E
irq#14985 pc=0038 sp=F34E
irq#14986 pc=0038 sp=F34E
irq#14987 pc=0038 sp=F34E
irq#14988 pc=0038 sp=F34E
irq#14989 pc=0038 sp=F34E
irq#14990 pc=0038 sp=F34E
irq#14991 pc=0038 sp=F34E
irq#14992 pc=0038 sp=F34E
irq#14993 pc=0038 sp=F34E
irq#14994 pc=0038 sp=F34E
irq#14995 pc=0038 sp=F34E
irq#14996 pc=0038 sp=F34E
irq#14997 pc=0038 sp=F34E
irq#14998 pc=0038 sp=F34E
irq#14999 pc=0038 sp=F34E
irq#15000 pc=0038 sp=F34E
irq#15001 pc=0038 sp=F34E
irq#15002 pc=0038 sp=F34E
irq#15003 pc=0038 sp=F34E
irq#15004 pc=0038 sp=F34E
irq#15005 pc=0038 sp=F34E
irq#15006 pc=0038 sp=F34E
irq#15007 pc=0038 sp=F34E
irq#15008 pc=0038 sp=F34E
irq#15009 pc=0038 sp=F34E
irq#15010 pc=0038 sp=F34E
irq#15011 pc=0038 sp=F34E
irq#15012 pc=0038 sp=F34E
irq#15013 pc=0038 sp=F34E
irq#15014 pc=0038 sp=F34E
irq#15015 pc=0038 sp=F34E
irq#15016 pc=0038 sp=F34E
irq#15017 pc=0038 sp=F34E
irq#15018 pc=0038 sp=F34E
irq#15019 pc=0038 sp=F34E
irq#15020 pc=0038 sp=F34E
irq#15021 pc=0038 sp=F34E
irq#15022 pc=0038 sp=F34E
irq#15023 pc=0038 sp=F34E
irq#15024 pc=0038 sp=F34E
irq#15025 pc=0038 sp=F34E
irq#15026 pc=0038 sp=F34E
irq#15027 pc=0038 sp=F34E
irq#15028 pc=0038 sp=F34E
irq#15029 pc=0038 sp=F34E
irq#15030 pc=0038 sp=F34E
irq#15031 pc=0038 sp=F34E
irq#15032 pc=0038 sp=F34E
irq#15033 pc=0038 sp=F34E
irq#15034 pc=0038 sp=F34E
irq#15035 pc=0038 sp=F34E
irq#15036 pc=0038 sp=F34E
irq#15037 pc=0038 sp=F34E
irq#15038 pc=0038 sp=F34E
irq#15039 pc=0038 sp=F34E
irq#15040 pc=0038 sp=F34E
irq#15041 pc=0038 sp=F34E
irq#15042 pc=0038 sp=F34E
irq#15043 pc=0038 sp=F34E
irq#15044 pc=0038 sp=F34E
irq#15045 pc=0038 sp=F34E
irq#15046 pc=0038 sp=F34E
irq#15047 pc=0038 sp=F34E
irq#15048 pc=0038 sp=F34E
irq#15049 pc=0038 sp=F34E
irq#15050 pc=0038 sp=F34E
irq#15051 pc=0038 sp=F34E
irq#15052 pc=0038 sp=F34E
irq#15053 pc=0038 sp=F34E
irq#15054 pc=0038 sp=F34E
irq#15055 pc=0038 sp=F34E
irq#15056 pc=0038 sp=F34E
irq#15057 pc=0038 sp=F34E
irq#15058 pc=0038 sp=F34E
irq#15059 pc=0038 sp=F34E
irq#15060 pc=0038 sp=F34E
irq#15061 pc=0038 sp=F34E
irq#15062 pc=0038 sp=F34E
irq#15063 pc=0038 sp=F34E
irq#15064 pc=0038 sp=F34E
irq#15065 pc=0038 sp=F34E
irq#15066 pc=0038 sp=F34E
irq#15067 pc=0038 sp=F34E
irq#15068 pc=0038 sp=F34E
irq#15069 pc=0038 sp=F34E
irq#15070 pc=0038 sp=F34E
irq#15071 pc=0038 sp=F34E
irq#15072 pc=0038 sp=F34E
irq#15073 pc=0038 sp=F34E
irq#15074 pc=0038 sp=F34E
irq#15075 pc=0038 sp=F34E
irq#15076 pc=0038 sp=F34E
irq#15077 pc=0038 sp=F34E
irq#15078 pc=0038 sp=F34E
irq#15079 pc=0038 sp=F34E
irq#15080 pc=0038 sp=F34E
irq#15081 pc=0038 sp=F34E
irq#15082 pc=0038 sp=F34E
irq#15083 pc=0038 sp=F34E
irq#15084 pc=0038 sp=F34E
irq#15085 pc=0038 sp=F34E
irq#15086 pc=0038 sp=F34E
irq#15087 pc=0038 sp=F34E
irq#15088 pc=0038 sp=F34E
irq#15089 pc=0038 sp=F34E
irq#15090 pc=0038 sp=F34E
irq#15091 pc=0038 sp=F34E
irq#15092 pc=0038 sp=F34E
irq#15093 pc=0038 sp=F34E
irq#15094 pc=0038 sp=F34E
irq#15095 pc=0038 sp=F34E
irq#15096 pc=0038 sp=F34E
irq#15097 pc=0038 sp=F34E
irq#15098 pc=0038 sp=F34E
irq#15099 pc=0038 sp=F34E
irq#15100 pc=0038 sp=F34E
irq#15101 pc=0038 sp=F34E
irq#15102 pc=0038 sp=F34E
irq#15103 pc=0038 sp=F34E
irq#15104 pc=0038 sp=F34E
irq#15105 pc=0038 sp=F34E
irq#15106 pc=0038 sp=F34E
irq#15107 pc=0038 sp=F34E
irq#15108 pc=0038 sp=F34E
irq#15109 pc=0038 sp=F34E
irq#15110 pc=0038 sp=F34E
irq#15111 pc=0038 sp=F34E
irq#15112 pc=0038 sp=F34E
irq#15113 pc=0038 sp=F34E
irq#15114 pc=0038 sp=F34E
irq#15115 pc=0038 sp=F34E
irq#15116 pc=0038 sp=F34E
irq#15117 pc=0038 sp=F34E
irq#15118 pc=0038 sp=F34E
irq#15119 pc=0038 sp=F34E
irq#15120 pc=0038 sp=F34E
irq#15121 pc=0038 sp=F34E
irq#15122 pc=0038 sp=F34E
irq#15123 pc=0038 sp=F34E
irq#15124 pc=0038 sp=F34E
irq#15125 pc=0038 sp=F34E
irq#15126 pc=0038 sp=F34E
irq#15127 pc=0038 sp=F34E
irq#15128 pc=0038 sp=F34E
irq#15129 pc=0038 sp=F34E
irq#15130 pc=0038 sp=F34E
irq#15131 pc=0038 sp=F34E
irq#15132 pc=0038 sp=F34E
irq#15133 pc=0038 sp=F34E
irq#15134 pc=0038 sp=F34E
irq#15135 pc=0038 sp=F34E
irq#15136 pc=0038 sp=F34E
irq#15137 pc=0038 sp=F34E
irq#15138 pc=0038 sp=F34E
irq#15139 pc=0038 sp=F34E
irq#15140 pc=0038 sp=F34E
irq#15141 pc=0038 sp=F34E
irq#15142 pc=0038 sp=F34E
irq#15143 pc=0038 sp=F34E
irq#15144 pc=0038 sp=F34E
irq#15145 pc=0038 sp=F34E
irq#15146 pc=0038 sp=F34E
irq#15147 pc=0038 sp=F34E
irq#15148 pc=0038 sp=F34E
irq#15149 pc=0038 sp=F34E
irq#15150 pc=0038 sp=F34E
irq#15151 pc=0038 sp=F33E
irq#15152 pc=0038 sp=F34E
irq#15153 pc=0038 sp=F34E
irq#15154 pc=0038 sp=F34E
irq#15155 pc=0038 sp=F34E
irq#15156 pc=0038 sp=F34E
irq#15157 pc=0038 sp=F34E
irq#15158 pc=0038 sp=F34E
irq#15159 pc=0038 sp=F34E
irq#15160 pc=0038 sp=F34E
irq#15161 pc=0038 sp=F34E
irq#15162 pc=0038 sp=F34E
irq#15163 pc=0038 sp=F34E
irq#15164 pc=0038 sp=F34E
irq#15165 pc=0038 sp=F34E
irq#15166 pc=0038 sp=F34E
irq#15167 pc=0038 sp=F34E
irq#15168 pc=0038 sp=F34E
irq#15169 pc=0038 sp=F34E
irq#15170 pc=0038 sp=F34E
irq#15171 pc=0038 sp=F34E
irq#15172 pc=0038 sp=F34E
irq#15173 pc=0038 sp=F34E
irq#15174 pc=0038 sp=F34E
irq#15175 pc=0038 sp=F34E
irq#15176 pc=0038 sp=F34E
irq#15177 pc=0038 sp=F34E
irq#15178 pc=0038 sp=F34E
irq#15179 pc=0038 sp=F34E
irq#15180 pc=0038 sp=F34E
irq#15181 pc=0038 sp=F34E
irq#15182 pc=0038 sp=F34E
irq#15183 pc=0038 sp=F34E
irq#15184 pc=0038 sp=F34E
irq#15185 pc=0038 sp=F34E
irq#15186 pc=0038 sp=F34E
irq#15187 pc=0038 sp=F34E
irq#15188 pc=0038 sp=F34E
irq#15189 pc=0038 sp=F34E
irq#15190 pc=0038 sp=F34E
irq#15191 pc=0038 sp=F34E
irq#15192 pc=0038 sp=F34E
irq#15193 pc=0038 sp=F34E
irq#15194 pc=0038 sp=F34E
irq#15195 pc=0038 sp=F34E
irq#15196 pc=0038 sp=F34E
irq#15197 pc=0038 sp=F34E
irq#15198 pc=0038 sp=F34E
irq#15199 pc=0038 sp=F34E
irq#15200 pc=0038 sp=F34E
irq#15201 pc=0038 sp=F34E
irq#15202 pc=0038 sp=F34E
irq#15203 pc=0038 sp=F34E
irq#15204 pc=0038 sp=F34E
irq#15205 pc=0038 sp=F34E
irq#15206 pc=0038 sp=F34E
irq#15207 pc=0038 sp=F34E
irq#15208 pc=0038 sp=F34E
irq#15209 pc=0038 sp=F34E
irq#15210 pc=0038 sp=F34E
irq#15211 pc=0038 sp=F34E
irq#15212 pc=0038 sp=F34E
irq#15213 pc=0038 sp=F34E
irq#15214 pc=0038 sp=F34E
irq#15215 pc=0038 sp=F34E
irq#15216 pc=0038 sp=F34E
irq#15217 pc=0038 sp=F34E
irq#15218 pc=0038 sp=F34E
irq#15219 pc=0038 sp=F34E
irq#15220 pc=0038 sp=F34E
irq#15221 pc=0038 sp=F34E
irq#15222 pc=0038 sp=F34E
irq#15223 pc=0038 sp=F34E
irq#15224 pc=0038 sp=F34E
irq#15225 pc=0038 sp=F34E
irq#15226 pc=0038 sp=F34E
irq#15227 pc=0038 sp=F34E
irq#15228 pc=0038 sp=F34E
irq#15229 pc=0038 sp=F34E
irq#15230 pc=0038 sp=F34E
irq#15231 pc=0038 sp=F34E
irq#15232 pc=0038 sp=F34E
irq#15233 pc=0038 sp=F34E
irq#15234 pc=0038 sp=F34E
irq#15235 pc=0038 sp=F34E
irq#15236 pc=0038 sp=F34E
irq#15237 pc=0038 sp=F34E
irq#15238 pc=0038 sp=F34E
irq#15239 pc=0038 sp=F34E
irq#15240 pc=0038 sp=F34E
irq#15241 pc=0038 sp=F34E
irq#15242 pc=0038 sp=F34E
irq#15243 pc=0038 sp=F34E
irq#15244 pc=0038 sp=F34E
irq#15245 pc=0038 sp=F34E
irq#15246 pc=0038 sp=F34E
irq#15247 pc=0038 sp=F34E
irq#15248 pc=0038 sp=F34E
irq#15249 pc=0038 sp=F34E
irq#15250 pc=0038 sp=F34E
irq#15251 pc=0038 sp=F34E
irq#15252 pc=0038 sp=F34E
irq#15253 pc=0038 sp=F34E
irq#15254 pc=0038 sp=F34E
irq#15255 pc=0038 sp=F34E
irq#15256 pc=0038 sp=F34E
irq#15257 pc=0038 sp=F34E
irq#15258 pc=0038 sp=F34E
irq#15259 pc=0038 sp=F34E
irq#15260 pc=0038 sp=F34E
irq#15261 pc=0038 sp=F34E
irq#15262 pc=0038 sp=F34E
irq#15263 pc=0038 sp=F34E
irq#15264 pc=0038 sp=F34E
irq#15265 pc=0038 sp=F34E
irq#15266 pc=0038 sp=F34E
irq#15267 pc=0038 sp=F34E
irq#15268 pc=0038 sp=F34E
irq#15269 pc=0038 sp=F34E
irq#15270 pc=0038 sp=F34E
irq#15271 pc=0038 sp=F34E
irq#15272 pc=0038 sp=F34E
irq#15273 pc=0038 sp=F34E
irq#15274 pc=0038 sp=F34E
irq#15275 pc=0038 sp=F34E
irq#15276 pc=0038 sp=F34E
irq#15277 pc=0038 sp=F34E
irq#15278 pc=0038 sp=F34E
irq#15279 pc=0038 sp=F34E
irq#15280 pc=0038 sp=F34E
irq#15281 pc=0038 sp=F34E
irq#15282 pc=0038 sp=F34E
irq#15283 pc=0038 sp=F34E
irq#15284 pc=0038 sp=F34E
irq#15285 pc=0038 sp=F34E
irq#15286 pc=0038 sp=F34E
irq#15287 pc=0038 sp=F34E
irq#15288 pc=0038 sp=F34E
irq#15289 pc=0038 sp=F34E
irq#15290 pc=0038 sp=F34E
irq#15291 pc=0038 sp=F34E
irq#15292 pc=0038 sp=F34E
irq#15293 pc=0038 sp=F34E
irq#15294 pc=0038 sp=F34E
irq#15295 pc=0038 sp=F34E
irq#15296 pc=0038 sp=F34E
irq#15297 pc=0038 sp=F34E
irq#15298 pc=0038 sp=F34E
irq#15299 pc=0038 sp=F34E
irq#15300 pc=0038 sp=F34E
irq#15301 pc=0038 sp=F34E
irq#15302 pc=0038 sp=F34E
irq#15303 pc=0038 sp=F34E
irq#15304 pc=0038 sp=F34E
irq#15305 pc=0038 sp=F34E
irq#15306 pc=0038 sp=F34E
irq#15307 pc=0038 sp=F34E
irq#15308 pc=0038 sp=F34E
irq#15309 pc=0038 sp=F34E
irq#15310 pc=0038 sp=F34E
irq#15311 pc=0038 sp=F34E
irq#15312 pc=0038 sp=F34E
irq#15313 pc=0038 sp=F34E
irq#15314 pc=0038 sp=F34E
irq#15315 pc=0038 sp=F34E
irq#15316 pc=0038 sp=F34E
irq#15317 pc=0038 sp=F34E
irq#15318 pc=0038 sp=F34E
irq#15319 pc=0038 sp=F34E
irq#15320 pc=0038 sp=F34E
irq#15321 pc=0038 sp=F34E
irq#15322 pc=0038 sp=F34E
irq#15323 pc=0038 sp=F34E
irq#15324 pc=0038 sp=F34E
irq#15325 pc=0038 sp=F34E
irq#15326 pc=0038 sp=F34E
irq#15327 pc=0038 sp=F34E
irq#15328 pc=0038 sp=F34E
irq#15329 pc=0038 sp=F34E
irq#15330 pc=0038 sp=F34E
irq#15331 pc=0038 sp=F34E
irq#15332 pc=0038 sp=F34E
irq#15333 pc=0038 sp=F34E
irq#15334 pc=0038 sp=F34E
irq#15335 pc=0038 sp=F344
irq#15336 pc=0038 sp=F34E
irq#15337 pc=0038 sp=F34E
irq#15338 pc=0038 sp=F34E
irq#15339 pc=0038 sp=F34E
irq#15340 pc=0038 sp=F34E
irq#15341 pc=0038 sp=F34E
irq#15342 pc=0038 sp=F34E
irq#15343 pc=0038 sp=F34E
irq#15344 pc=0038 sp=F34E
irq#15345 pc=0038 sp=F34E
irq#15346 pc=0038 sp=F34E
irq#15347 pc=0038 sp=F34E
irq#15348 pc=0038 sp=F34E
irq#15349 pc=0038 sp=F34E
irq#15350 pc=0038 sp=F34E
irq#15351 pc=0038 sp=F34E
irq#15352 pc=0038 sp=F34E
irq#15353 pc=0038 sp=F34E
irq#15354 pc=0038 sp=F34E
irq#15355 pc=0038 sp=F34E
irq#15356 pc=0038 sp=F34E
irq#15357 pc=0038 sp=F34E
irq#15358 pc=0038 sp=F34E
irq#15359 pc=0038 sp=F34E
irq#15360 pc=0038 sp=F34E
irq#15361 pc=0038 sp=F34E
irq#15362 pc=0038 sp=F34E
irq#15363 pc=0038 sp=F34E
irq#15364 pc=0038 sp=F34E
irq#15365 pc=0038 sp=F34E
irq#15366 pc=0038 sp=F34E
irq#15367 pc=0038 sp=F34E
irq#15368 pc=0038 sp=F34E
irq#15369 pc=0038 sp=F34E
irq#15370 pc=0038 sp=F34E
irq#15371 pc=0038 sp=F34E
irq#15372 pc=0038 sp=F34E
irq#15373 pc=0038 sp=F34E
irq#15374 pc=0038 sp=F34E
irq#15375 pc=0038 sp=F34E
irq#15376 pc=0038 sp=F34E
irq#15377 pc=0038 sp=F34E
irq#15378 pc=0038 sp=F34E
irq#15379 pc=0038 sp=F34E
irq#15380 pc=0038 sp=F34E
irq#15381 pc=0038 sp=F34E
irq#15382 pc=0038 sp=F34E
irq#15383 pc=0038 sp=F34E
irq#15384 pc=0038 sp=F34E
irq#15385 pc=0038 sp=F34E
irq#15386 pc=0038 sp=F34E
irq#15387 pc=0038 sp=F34E
irq#15388 pc=0038 sp=F34E
irq#15389 pc=0038 sp=F34E
irq#15390 pc=0038 sp=F34E
irq#15391 pc=0038 sp=F34E
irq#15392 pc=0038 sp=F34E
irq#15393 pc=0038 sp=F34E
irq#15394 pc=0038 sp=F34E
irq#15395 pc=0038 sp=F34E
irq#15396 pc=0038 sp=F34E
irq#15397 pc=0038 sp=F34E
irq#15398 pc=0038 sp=F34E
irq#15399 pc=0038 sp=F34E
irq#15400 pc=0038 sp=F34E
irq#15401 pc=0038 sp=F34E
irq#15402 pc=0038 sp=F34E
irq#15403 pc=0038 sp=F34E
irq#15404 pc=0038 sp=F34E
irq#15405 pc=0038 sp=F34E
irq#15406 pc=0038 sp=F34E
irq#15407 pc=0038 sp=F34E
irq#15408 pc=0038 sp=F34E
irq#15409 pc=0038 sp=F34E
irq#15410 pc=0038 sp=F34E
irq#15411 pc=0038 sp=F34E
irq#15412 pc=0038 sp=F34E
irq#15413 pc=0038 sp=F34E
irq#15414 pc=0038 sp=F34E
irq#15415 pc=0038 sp=F34E
irq#15416 pc=0038 sp=F34E
irq#15417 pc=0038 sp=F34E
irq#15418 pc=0038 sp=F34E
irq#15419 pc=0038 sp=F34E
irq#15420 pc=0038 sp=F34E
irq#15421 pc=0038 sp=F34E
irq#15422 pc=0038 sp=F34E
irq#15423 pc=0038 sp=F34E
irq#15424 pc=0038 sp=F34E
irq#15425 pc=0038 sp=F34E
irq#15426 pc=0038 sp=F34E
irq#15427 pc=0038 sp=F34E
irq#15428 pc=0038 sp=F34E
irq#15429 pc=0038 sp=F34E
irq#15430 pc=0038 sp=F34E
irq#15431 pc=0038 sp=F34E
irq#15432 pc=0038 sp=F34E
irq#15433 pc=0038 sp=F34E
irq#15434 pc=0038 sp=F34E
irq#15435 pc=0038 sp=F34E
irq#15436 pc=0038 sp=F34E
irq#15437 pc=0038 sp=F34E
irq#15438 pc=0038 sp=F34E
irq#15439 pc=0038 sp=F34E
irq#15440 pc=0038 sp=F34E
irq#15441 pc=0038 sp=F34E
irq#15442 pc=0038 sp=F34E
irq#15443 pc=0038 sp=F34E
irq#15444 pc=0038 sp=F34E
irq#15445 pc=0038 sp=F34E
irq#15446 pc=0038 sp=F34E
irq#15447 pc=0038 sp=F34E
irq#15448 pc=0038 sp=F34E
irq#15449 pc=0038 sp=F34E
irq#15450 pc=0038 sp=F34E
irq#15451 pc=0038 sp=F34E
irq#15452 pc=0038 sp=F34E
irq#15453 pc=0038 sp=F34E
irq#15454 pc=0038 sp=F34E
irq#15455 pc=0038 sp=F34E
irq#15456 pc=0038 sp=F34E
irq#15457 pc=0038 sp=F34E
irq#15458 pc=0038 sp=F34E
irq#15459 pc=0038 sp=F34E
irq#15460 pc=0038 sp=F34E
irq#15461 pc=0038 sp=F34E
irq#15462 pc=0038 sp=F34E
irq#15463 pc=0038 sp=F34E
irq#15464 pc=0038 sp=F34E
irq#15465 pc=0038 sp=F34E
irq#15466 pc=0038 sp=F34E
irq#15467 pc=0038 sp=F34E
irq#15468 pc=0038 sp=F34E
irq#15469 pc=0038 sp=F34E
irq#15470 pc=0038 sp=F34E
irq#15471 pc=0038 sp=F34E
irq#15472 pc=0038 sp=F34E
irq#15473 pc=0038 sp=F34E
irq#15474 pc=0038 sp=F34E
irq#15475 pc=0038 sp=F34E
irq#15476 pc=0038 sp=F34E
irq#15477 pc=0038 sp=F34E
irq#15478 pc=0038 sp=F34E
irq#15479 pc=0038 sp=F34E
irq#15480 pc=0038 sp=F34E
irq#15481 pc=0038 sp=F34E
irq#15482 pc=0038 sp=F34E
irq#15483 pc=0038 sp=F34E
irq#15484 pc=0038 sp=F34E
irq#15485 pc=0038 sp=F34E
irq#15486 pc=0038 sp=F34E
irq#15487 pc=0038 sp=F34E
irq#15488 pc=0038 sp=F34E
irq#15489 pc=0038 sp=F34E
irq#15490 pc=0038 sp=F34E
irq#15491 pc=0038 sp=F34E
irq#15492 pc=0038 sp=F34E
irq#15493 pc=0038 sp=F34E
irq#15494 pc=0038 sp=F34E
irq#15495 pc=0038 sp=F34E
irq#15496 pc=0038 sp=F34E
irq#15497 pc=0038 sp=F34E
irq#15498 pc=0038 sp=F34E
irq#15499 pc=0038 sp=F34E
irq#15500 pc=0038 sp=F34E
irq#15501 pc=0038 sp=F34E
irq#15502 pc=0038 sp=F34E
irq#15503 pc=0038 sp=F34E
irq#15504 pc=0038 sp=F34E
irq#15505 pc=0038 sp=F34E
irq#15506 pc=0038 sp=F34E
irq#15507 pc=0038 sp=F34E
irq#15508 pc=0038 sp=F34E
irq#15509 pc=0038 sp=F34E
irq#15510 pc=0038 sp=F34E
irq#15511 pc=0038 sp=F34E
irq#15512 pc=0038 sp=F34E
irq#15513 pc=0038 sp=F34E
irq#15514 pc=0038 sp=F34E
irq#15515 pc=0038 sp=F34E
irq#15516 pc=0038 sp=F34E
irq#15517 pc=0038 sp=F34E
irq#15518 pc=0038 sp=F34E
irq#15519 pc=0038 sp=F346
irq#15520 pc=0038 sp=F34E
irq#15521 pc=0038 sp=F34E
irq#15522 pc=0038 sp=F34E
irq#15523 pc=0038 sp=F34E
irq#15524 pc=0038 sp=F34E
irq#15525 pc=0038 sp=F34E
irq#15526 pc=0038 sp=F34E
irq#15527 pc=0038 sp=F34E
irq#15528 pc=0038 sp=F34E
irq#15529 pc=0038 sp=F34E
irq#15530 pc=0038 sp=F34E
irq#15531 pc=0038 sp=F34E
irq#15532 pc=0038 sp=F34E
irq#15533 pc=0038 sp=F34E
irq#15534 pc=0038 sp=F34E
irq#15535 pc=0038 sp=F34E
irq#15536 pc=0038 sp=F34E
irq#15537 pc=0038 sp=F34E
irq#15538 pc=0038 sp=F34E
irq#15539 pc=0038 sp=F34E
irq#15540 pc=0038 sp=F34E
irq#15541 pc=0038 sp=F34E
irq#15542 pc=0038 sp=F34E
irq#15543 pc=0038 sp=F34E
irq#15544 pc=0038 sp=F34E
irq#15545 pc=0038 sp=F34E
irq#15546 pc=0038 sp=F34E
irq#15547 pc=0038 sp=F34E
irq#15548 pc=0038 sp=F34E
irq#15549 pc=0038 sp=F34E
irq#15550 pc=0038 sp=F34E
irq#15551 pc=0038 sp=F34E
irq#15552 pc=0038 sp=F34E
irq#15553 pc=0038 sp=F34E
irq#15554 pc=0038 sp=F34E
irq#15555 pc=0038 sp=F34E
irq#15556 pc=0038 sp=F34E
irq#15557 pc=0038 sp=F34E
irq#15558 pc=0038 sp=F34E
irq#15559 pc=0038 sp=F34E
irq#15560 pc=0038 sp=F34E
irq#15561 pc=0038 sp=F34E
irq#15562 pc=0038 sp=F34E
irq#15563 pc=0038 sp=F34E
irq#15564 pc=0038 sp=F34E
irq#15565 pc=0038 sp=F34E
irq#15566 pc=0038 sp=F34E
irq#15567 pc=0038 sp=F34E
irq#15568 pc=0038 sp=F34E
irq#15569 pc=0038 sp=F34E
irq#15570 pc=0038 sp=F34E
irq#15571 pc=0038 sp=F34E
irq#15572 pc=0038 sp=F34E
irq#15573 pc=0038 sp=F34E
irq#15574 pc=0038 sp=F34E
irq#15575 pc=0038 sp=F34E
irq#15576 pc=0038 sp=F34E
irq#15577 pc=0038 sp=F34E
irq#15578 pc=0038 sp=F34E
irq#15579 pc=0038 sp=F34E
irq#15580 pc=0038 sp=F34E
irq#15581 pc=0038 sp=F34E
irq#15582 pc=0038 sp=F34E
irq#15583 pc=0038 sp=F34E
irq#15584 pc=0038 sp=F34E
irq#15585 pc=0038 sp=F34E
irq#15586 pc=0038 sp=F34E
irq#15587 pc=0038 sp=F34E
irq#15588 pc=0038 sp=F34E
irq#15589 pc=0038 sp=F34E
irq#15590 pc=0038 sp=F34E
irq#15591 pc=0038 sp=F34E
irq#15592 pc=0038 sp=F34E
irq#15593 pc=0038 sp=F34E
irq#15594 pc=0038 sp=F34E
irq#15595 pc=0038 sp=F34E
irq#15596 pc=0038 sp=F34E
irq#15597 pc=0038 sp=F34E
irq#15598 pc=0038 sp=F34E
irq#15599 pc=0038 sp=F34E
irq#15600 pc=0038 sp=F34E
irq#15601 pc=0038 sp=F34E
irq#15602 pc=0038 sp=F34E
irq#15603 pc=0038 sp=F34E
irq#15604 pc=0038 sp=F34E
irq#15605 pc=0038 sp=F34E
irq#15606 pc=0038 sp=F34E
irq#15607 pc=0038 sp=F34E
irq#15608 pc=0038 sp=F34E
irq#15609 pc=0038 sp=F34E
irq#15610 pc=0038 sp=F34E
irq#15611 pc=0038 sp=F34E
irq#15612 pc=0038 sp=F34E
irq#15613 pc=0038 sp=F34E
irq#15614 pc=0038 sp=F34E
irq#15615 pc=0038 sp=F34E
irq#15616 pc=0038 sp=F34E
irq#15617 pc=0038 sp=F34E
irq#15618 pc=0038 sp=F34E
irq#15619 pc=0038 sp=F34E
irq#15620 pc=0038 sp=F34E
irq#15621 pc=0038 sp=F34E
irq#15622 pc=0038 sp=F34E
irq#15623 pc=0038 sp=F34E
irq#15624 pc=0038 sp=F34E
irq#15625 pc=0038 sp=F34E
irq#15626 pc=0038 sp=F34E
irq#15627 pc=0038 sp=F34E
irq#15628 pc=0038 sp=F34E
irq#15629 pc=0038 sp=F34E
irq#15630 pc=0038 sp=F34E
irq#15631 pc=0038 sp=F34E
irq#15632 pc=0038 sp=F34E
irq#15633 pc=0038 sp=F34E
irq#15634 pc=0038 sp=F34E
irq#15635 pc=0038 sp=F34E
irq#15636 pc=0038 sp=F34E
irq#15637 pc=0038 sp=F34E
irq#15638 pc=0038 sp=F34E
irq#15639 pc=0038 sp=F34E
irq#15640 pc=0038 sp=F34E
irq#15641 pc=0038 sp=F34E
irq#15642 pc=0038 sp=F34E
irq#15643 pc=0038 sp=F34E
irq#15644 pc=0038 sp=F34E
irq#15645 pc=0038 sp=F34E
irq#15646 pc=0038 sp=F34E
irq#15647 pc=0038 sp=F34E
irq#15648 pc=0038 sp=F34E
irq#15649 pc=0038 sp=F34E
irq#15650 pc=0038 sp=F34E
irq#15651 pc=0038 sp=F34E
irq#15652 pc=0038 sp=F34E
irq#15653 pc=0038 sp=F34E
irq#15654 pc=0038 sp=F34E
irq#15655 pc=0038 sp=F34E
irq#15656 pc=0038 sp=F34E
irq#15657 pc=0038 sp=F34E
irq#15658 pc=0038 sp=F34E
irq#15659 pc=0038 sp=F34E
irq#15660 pc=0038 sp=F34E
irq#15661 pc=0038 sp=F34E
irq#15662 pc=0038 sp=F34E
irq#15663 pc=0038 sp=F34E
irq#15664 pc=0038 sp=F34E
irq#15665 pc=0038 sp=F34E
irq#15666 pc=0038 sp=F34E
irq#15667 pc=0038 sp=F34E
irq#15668 pc=0038 sp=F34E
irq#15669 pc=0038 sp=F34E
irq#15670 pc=0038 sp=F34E
irq#15671 pc=0038 sp=F34E
irq#15672 pc=0038 sp=F34E
irq#15673 pc=0038 sp=F34E
irq#15674 pc=0038 sp=F34E
irq#15675 pc=0038 sp=F34E
irq#15676 pc=0038 sp=F34E
irq#15677 pc=0038 sp=F34E
irq#15678 pc=0038 sp=F34E
irq#15679 pc=0038 sp=F34E
irq#15680 pc=0038 sp=F34E
irq#15681 pc=0038 sp=F34E
irq#15682 pc=0038 sp=F34E
irq#15683 pc=0038 sp=F34E
irq#15684 pc=0038 sp=F34E
irq#15685 pc=0038 sp=F34E
irq#15686 pc=0038 sp=F34E
irq#15687 pc=0038 sp=F34E
irq#15688 pc=0038 sp=F34E
irq#15689 pc=0038 sp=F34E
irq#15690 pc=0038 sp=F34E
irq#15691 pc=0038 sp=F34E
irq#15692 pc=0038 sp=F34E
irq#15693 pc=0038 sp=F34E
irq#15694 pc=0038 sp=F34E
irq#15695 pc=0038 sp=F34E
irq#15696 pc=0038 sp=F34E
irq#15697 pc=0038 sp=F34E
irq#15698 pc=0038 sp=F34E
irq#15699 pc=0038 sp=F34E
irq#15700 pc=0038 sp=F34E
irq#15701 pc=0038 sp=F34E
irq#15702 pc=0038 sp=F34E
irq#15703 pc=0038 sp=F34C
irq#15704 pc=0038 sp=F34E
irq#15705 pc=0038 sp=F34E
irq#15706 pc=0038 sp=F34E
irq#15707 pc=0038 sp=F34E
irq#15708 pc=0038 sp=F34E
irq#15709 pc=0038 sp=F34E
irq#15710 pc=0038 sp=F34E
irq#15711 pc=0038 sp=F34E
irq#15712 pc=0038 sp=F34E
irq#15713 pc=0038 sp=F34E
irq#15714 pc=0038 sp=F34E
irq#15715 pc=0038 sp=F34E
irq#15716 pc=0038 sp=F34E
irq#15717 pc=0038 sp=F34E
irq#15718 pc=0038 sp=F34E
irq#15719 pc=0038 sp=F34E
irq#15720 pc=0038 sp=F34E
irq#15721 pc=0038 sp=F34E
irq#15722 pc=0038 sp=F34E
irq#15723 pc=0038 sp=F34E
irq#15724 pc=0038 sp=F34E
irq#15725 pc=0038 sp=F34E
irq#15726 pc=0038 sp=F34E
irq#15727 pc=0038 sp=F34E
irq#15728 pc=0038 sp=F34E
irq#15729 pc=0038 sp=F34E
irq#15730 pc=0038 sp=F34E
irq#15731 pc=0038 sp=F34E
irq#15732 pc=0038 sp=F34E
irq#15733 pc=0038 sp=F34E
irq#15734 pc=0038 sp=F34E
irq#15735 pc=0038 sp=F34E
irq#15736 pc=0038 sp=F34E
irq#15737 pc=0038 sp=F34E
irq#15738 pc=0038 sp=F34E
irq#15739 pc=0038 sp=F34E
irq#15740 pc=0038 sp=F34E
irq#15741 pc=0038 sp=F34E
irq#15742 pc=0038 sp=F34E
irq#15743 pc=0038 sp=F34E
irq#15744 pc=0038 sp=F34E
irq#15745 pc=0038 sp=F34E
irq#15746 pc=0038 sp=F34E
irq#15747 pc=0038 sp=F34E
irq#15748 pc=0038 sp=F34E
irq#15749 pc=0038 sp=F34E
irq#15750 pc=0038 sp=F34E
irq#15751 pc=0038 sp=F34E
irq#15752 pc=0038 sp=F34E
irq#15753 pc=0038 sp=F34E
irq#15754 pc=0038 sp=F34E
irq#15755 pc=0038 sp=F34E
irq#15756 pc=0038 sp=F34E
irq#15757 pc=0038 sp=F34E
irq#15758 pc=0038 sp=F34E
irq#15759 pc=0038 sp=F34E
irq#15760 pc=0038 sp=F34E
irq#15761 pc=0038 sp=F34E
irq#15762 pc=0038 sp=F34E
irq#15763 pc=0038 sp=F34E
irq#15764 pc=0038 sp=F34E
irq#15765 pc=0038 sp=F34E
irq#15766 pc=0038 sp=F34E
irq#15767 pc=0038 sp=F34E
irq#15768 pc=0038 sp=F34E
irq#15769 pc=0038 sp=F34E
irq#15770 pc=0038 sp=F34E
irq#15771 pc=0038 sp=F34E
irq#15772 pc=0038 sp=F34E
irq#15773 pc=0038 sp=F34E
irq#15774 pc=0038 sp=F34E
irq#15775 pc=0038 sp=F34E
irq#15776 pc=0038 sp=F34E
irq#15777 pc=0038 sp=F34E
irq#15778 pc=0038 sp=F34E
irq#15779 pc=0038 sp=F34E
irq#15780 pc=0038 sp=F34E
irq#15781 pc=0038 sp=F34E
irq#15782 pc=0038 sp=F34E
irq#15783 pc=0038 sp=F34E
irq#15784 pc=0038 sp=F34E
irq#15785 pc=0038 sp=F34E
irq#15786 pc=0038 sp=F34E
irq#15787 pc=0038 sp=F34E
irq#15788 pc=0038 sp=F34E
irq#15789 pc=0038 sp=F34E
irq#15790 pc=0038 sp=F34E
irq#15791 pc=0038 sp=F34E
irq#15792 pc=0038 sp=F34E
irq#15793 pc=0038 sp=F34E
irq#15794 pc=0038 sp=F34E
irq#15795 pc=0038 sp=F34E
irq#15796 pc=0038 sp=F34E
irq#15797 pc=0038 sp=F34E
irq#15798 pc=0038 sp=F34E
irq#15799 pc=0038 sp=F34E
irq#15800 pc=0038 sp=F34E
irq#15801 pc=0038 sp=F34E
irq#15802 pc=0038 sp=F34E
irq#15803 pc=0038 sp=F34E
irq#15804 pc=0038 sp=F34E
irq#15805 pc=0038 sp=F34E
irq#15806 pc=0038 sp=F34E
irq#15807 pc=0038 sp=F34E
irq#15808 pc=0038 sp=F34E
irq#15809 pc=0038 sp=F34E
irq#15810 pc=0038 sp=F34E
irq#15811 pc=0038 sp=F34E
irq#15812 pc=0038 sp=F34E
irq#15813 pc=0038 sp=F34E
irq#15814 pc=0038 sp=F34E
irq#15815 pc=0038 sp=F34E
irq#15816 pc=0038 sp=F34E
irq#15817 pc=0038 sp=F34E
irq#15818 pc=0038 sp=F34E
irq#15819 pc=0038 sp=F34E
irq#15820 pc=0038 sp=F34E
irq#15821 pc=0038 sp=F34E
irq#15822 pc=0038 sp=F34E
irq#15823 pc=0038 sp=F34E
irq#15824 pc=0038 sp=F34E
irq#15825 pc=0038 sp=F34E
irq#15826 pc=0038 sp=F34E
irq#15827 pc=0038 sp=F34E
irq#15828 pc=0038 sp=F34E
irq#15829 pc=0038 sp=F34E
irq#15830 pc=0038 sp=F34E
irq#15831 pc=0038 sp=F34E
irq#15832 pc=0038 sp=F34E
irq#15833 pc=0038 sp=F34E
irq#15834 pc=0038 sp=F34E
irq#15835 pc=0038 sp=F34E
irq#15836 pc=0038 sp=F34E
irq#15837 pc=0038 sp=F34E
irq#15838 pc=0038 sp=F34E
irq#15839 pc=0038 sp=F34E
irq#15840 pc=0038 sp=F34E
irq#15841 pc=0038 sp=F34E
irq#15842 pc=0038 sp=F34E
irq#15843 pc=0038 sp=F34E
irq#15844 pc=0038 sp=F34E
irq#15845 pc=0038 sp=F34E
irq#15846 pc=0038 sp=F34E
irq#15847 pc=0038 sp=F34E
irq#15848 pc=0038 sp=F34E
irq#15849 pc=0038 sp=F34E
irq#15850 pc=0038 sp=F34E
irq#15851 pc=0038 sp=F34E
irq#15852 pc=0038 sp=F34E
irq#15853 pc=0038 sp=F34E
irq#15854 pc=0038 sp=F34E
irq#15855 pc=0038 sp=F34E
irq#15856 pc=0038 sp=F34E
irq#15857 pc=0038 sp=F34E
irq#15858 pc=0038 sp=F34E
irq#15859 pc=0038 sp=F34E
irq#15860 pc=0038 sp=F34E
irq#15861 pc=0038 sp=F34E
irq#15862 pc=0038 sp=F34E
irq#15863 pc=0038 sp=F34E
irq#15864 pc=0038 sp=F34E
irq#15865 pc=0038 sp=F34E
irq#15866 pc=0038 sp=F34E
irq#15867 pc=0038 sp=F34E
irq#15868 pc=0038 sp=F34E
irq#15869 pc=0038 sp=F34E
irq#15870 pc=0038 sp=F34E
irq#15871 pc=0038 sp=F34E
irq#15872 pc=0038 sp=F34E
irq#15873 pc=0038 sp=F34E
irq#15874 pc=0038 sp=F34E
irq#15875 pc=0038 sp=F34E
irq#15876 pc=0038 sp=F34E
irq#15877 pc=0038 sp=F34E
irq#15878 pc=0038 sp=F34E
irq#15879 pc=0038 sp=F34E
irq#15880 pc=0038 sp=F34E
irq#15881 pc=0038 sp=F34E
irq#15882 pc=0038 sp=F34E
irq#15883 pc=0038 sp=F34E
irq#15884 pc=0038 sp=F34E
irq#15885 pc=0038 sp=F34E
irq#15886 pc=0038 sp=F34E
irq#15887 pc=0038 sp=F34C
irq#15888 pc=0038 sp=F34E
irq#15889 pc=0038 sp=F34E
irq#15890 pc=0038 sp=F34E
irq#15891 pc=0038 sp=F34E
irq#15892 pc=0038 sp=F34E
irq#15893 pc=0038 sp=F34E
irq#15894 pc=0038 sp=F34E
irq#15895 pc=0038 sp=F34E
irq#15896 pc=0038 sp=F34E
irq#15897 pc=0038 sp=F34E
irq#15898 pc=0038 sp=F34E
irq#15899 pc=0038 sp=F34E
irq#15900 pc=0038 sp=F34E
irq#15901 pc=0038 sp=F34E
irq#15902 pc=0038 sp=F34E
irq#15903 pc=0038 sp=F34E
irq#15904 pc=0038 sp=F34E
irq#15905 pc=0038 sp=F34E
irq#15906 pc=0038 sp=F34E
irq#15907 pc=0038 sp=F34E
irq#15908 pc=0038 sp=F34E
irq#15909 pc=0038 sp=F34E
irq#15910 pc=0038 sp=F34E
irq#15911 pc=0038 sp=F34E
irq#15912 pc=0038 sp=F34E
irq#15913 pc=0038 sp=F34E
irq#15914 pc=0038 sp=F34E
irq#15915 pc=0038 sp=F34E
irq#15916 pc=0038 sp=F34E
irq#15917 pc=0038 sp=F34E
irq#15918 pc=0038 sp=F34E
irq#15919 pc=0038 sp=F34E
irq#15920 pc=0038 sp=F34E
irq#15921 pc=0038 sp=F34E
irq#15922 pc=0038 sp=F34E
irq#15923 pc=0038 sp=F34E
irq#15924 pc=0038 sp=F34E
irq#15925 pc=0038 sp=F34E
irq#15926 pc=0038 sp=F34E
irq#15927 pc=0038 sp=F34E
irq#15928 pc=0038 sp=F34E
irq#15929 pc=0038 sp=F34E
irq#15930 pc=0038 sp=F34E
irq#15931 pc=0038 sp=F34E
irq#15932 pc=0038 sp=F34E
irq#15933 pc=0038 sp=F34E
irq#15934 pc=0038 sp=F34E
irq#15935 pc=0038 sp=F34E
irq#15936 pc=0038 sp=F34E
irq#15937 pc=0038 sp=F34E
irq#15938 pc=0038 sp=F34E
irq#15939 pc=0038 sp=F34E
irq#15940 pc=0038 sp=F34E
irq#15941 pc=0038 sp=F34E
irq#15942 pc=0038 sp=F34E
irq#15943 pc=0038 sp=F34E
irq#15944 pc=0038 sp=F34E
irq#15945 pc=0038 sp=F34E
irq#15946 pc=0038 sp=F34E
irq#15947 pc=0038 sp=F34E
irq#15948 pc=0038 sp=F34E
irq#15949 pc=0038 sp=F34E
irq#15950 pc=0038 sp=F34E
irq#15951 pc=0038 sp=F34E
irq#15952 pc=0038 sp=F34E
irq#15953 pc=0038 sp=F34E
irq#15954 pc=0038 sp=F34E
irq#15955 pc=0038 sp=F34E
irq#15956 pc=0038 sp=F34E
irq#15957 pc=0038 sp=F34E
irq#15958 pc=0038 sp=F34E
irq#15959 pc=0038 sp=F34E
irq#15960 pc=0038 sp=F34E
irq#15961 pc=0038 sp=F34E
irq#15962 pc=0038 sp=F34E
irq#15963 pc=0038 sp=F34E
irq#15964 pc=0038 sp=F34E
irq#15965 pc=0038 sp=F34E
irq#15966 pc=0038 sp=F34E
irq#15967 pc=0038 sp=F34E
irq#15968 pc=0038 sp=F34E
irq#15969 pc=0038 sp=F34E
irq#15970 pc=0038 sp=F34E
irq#15971 pc=0038 sp=F34E
irq#15972 pc=0038 sp=F34E
irq#15973 pc=0038 sp=F34E
irq#15974 pc=0038 sp=F34E
irq#15975 pc=0038 sp=F34E
irq#15976 pc=0038 sp=F34E
irq#15977 pc=0038 sp=F34E
irq#15978 pc=0038 sp=F34E
irq#15979 pc=0038 sp=F34E
irq#15980 pc=0038 sp=F34E
irq#15981 pc=0038 sp=F34E
irq#15982 pc=0038 sp=F34E
irq#15983 pc=0038 sp=F34E
irq#15984 pc=0038 sp=F34E
irq#15985 pc=0038 sp=F34E
irq#15986 pc=0038 sp=F34E
irq#15987 pc=0038 sp=F34E
irq#15988 pc=0038 sp=F34E
irq#15989 pc=0038 sp=F34E
irq#15990 pc=0038 sp=F34E
irq#15991 pc=0038 sp=F34E
irq#15992 pc=0038 sp=F34E
irq#15993 pc=0038 sp=F34E
irq#15994 pc=0038 sp=F34E
irq#15995 pc=0038 sp=F34E
irq#15996 pc=0038 sp=F34E
irq#15997 pc=0038 sp=F34E
irq#15998 pc=0038 sp=F34E
irq#15999 pc=0038 sp=F34E
irq#16000 pc=0038 sp=F34E
irq#16001 pc=0038 sp=F34E
irq#16002 pc=0038 sp=F34E
irq#16003 pc=0038 sp=F34E
irq#16004 pc=0038 sp=F34E
irq#16005 pc=0038 sp=F34E
irq#16006 pc=0038 sp=F34E
irq#16007 pc=0038 sp=F34E
irq#16008 pc=0038 sp=F34E
irq#16009 pc=0038 sp=F34E
irq#16010 pc=0038 sp=F34E
irq#16011 pc=0038 sp=F34E
irq#16012 pc=0038 sp=F34E
irq#16013 pc=0038 sp=F34E
irq#16014 pc=0038 sp=F34E
irq#16015 pc=0038 sp=F34E
irq#16016 pc=0038 sp=F34E
irq#16017 pc=0038 sp=F34E
irq#16018 pc=0038 sp=F34E
irq#16019 pc=0038 sp=F34E
irq#16020 pc=0038 sp=F34E
irq#16021 pc=0038 sp=F34E
irq#16022 pc=0038 sp=F34E
irq#16023 pc=0038 sp=F34E
irq#16024 pc=0038 sp=F34E
irq#16025 pc=0038 sp=F34E
irq#16026 pc=0038 sp=F34E
irq#16027 pc=0038 sp=F34E
irq#16028 pc=0038 sp=F34E
irq#16029 pc=0038 sp=F34E
irq#16030 pc=0038 sp=F34E
irq#16031 pc=0038 sp=F34E
irq#16032 pc=0038 sp=F34E
irq#16033 pc=0038 sp=F34E
irq#16034 pc=0038 sp=F34E
irq#16035 pc=0038 sp=F34E
irq#16036 pc=0038 sp=F34E
irq#16037 pc=0038 sp=F34E
irq#16038 pc=0038 sp=F34E
irq#16039 pc=0038 sp=F34E
irq#16040 pc=0038 sp=F34E
irq#16041 pc=0038 sp=F34E
irq#16042 pc=0038 sp=F34E
irq#16043 pc=0038 sp=F34E
irq#16044 pc=0038 sp=F34E
irq#16045 pc=0038 sp=F34E
irq#16046 pc=0038 sp=F34E
irq#16047 pc=0038 sp=F34E
irq#16048 pc=0038 sp=F34E
irq#16049 pc=0038 sp=F34E
irq#16050 pc=0038 sp=F34E
irq#16051 pc=0038 sp=F34E
irq#16052 pc=0038 sp=F34E
irq#16053 pc=0038 sp=F34E
irq#16054 pc=0038 sp=F34E
irq#16055 pc=0038 sp=F34E
irq#16056 pc=0038 sp=F34E
irq#16057 pc=0038 sp=F34E
irq#16058 pc=0038 sp=F34E
irq#16059 pc=0038 sp=F34E
irq#16060 pc=0038 sp=F34E
irq#16061 pc=0038 sp=F34E
irq#16062 pc=0038 sp=F34E
irq#16063 pc=0038 sp=F34E
irq#16064 pc=0038 sp=F34E
irq#16065 pc=0038 sp=F34E
irq#16066 pc=0038 sp=F34E
irq#16067 pc=0038 sp=F34E
irq#16068 pc=0038 sp=F34E
irq#16069 pc=0038 sp=F34E
irq#16070 pc=0038 sp=F34E
irq#16071 pc=0038 sp=F34E
irq#16072 pc=0038 sp=F348
irq#16073 pc=0038 sp=F34E
irq#16074 pc=0038 sp=F34E
irq#16075 pc=0038 sp=F34E
irq#16076 pc=0038 sp=F34E
irq#16077 pc=0038 sp=F34E
irq#16078 pc=0038 sp=F34E
irq#16079 pc=0038 sp=F34E
irq#16080 pc=0038 sp=F34E
irq#16081 pc=0038 sp=F34E
irq#16082 pc=0038 sp=F34E
irq#16083 pc=0038 sp=F34E
irq#16084 pc=0038 sp=F34E
irq#16085 pc=0038 sp=F34E
irq#16086 pc=0038 sp=F34E
irq#16087 pc=0038 sp=F34E
irq#16088 pc=0038 sp=F34E
irq#16089 pc=0038 sp=F34E
irq#16090 pc=0038 sp=F34E
irq#16091 pc=0038 sp=F34E
irq#16092 pc=0038 sp=F34E
irq#16093 pc=0038 sp=F34E
irq#16094 pc=0038 sp=F34E
irq#16095 pc=0038 sp=F34E
irq#16096 pc=0038 sp=F34E
irq#16097 pc=0038 sp=F34E
irq#16098 pc=0038 sp=F34E
irq#16099 pc=0038 sp=F34E
irq#16100 pc=0038 sp=F34E
irq#16101 pc=0038 sp=F34E
irq#16102 pc=0038 sp=F34E
irq#16103 pc=0038 sp=F34E
irq#16104 pc=0038 sp=F34E
irq#16105 pc=0038 sp=F34E
irq#16106 pc=0038 sp=F34E
irq#16107 pc=0038 sp=F34E
irq#16108 pc=0038 sp=F34E
irq#16109 pc=0038 sp=F34E
irq#16110 pc=0038 sp=F34E
irq#16111 pc=0038 sp=F34E
irq#16112 pc=0038 sp=F34E
irq#16113 pc=0038 sp=F34E
irq#16114 pc=0038 sp=F34E
irq#16115 pc=0038 sp=F34E
irq#16116 pc=0038 sp=F34E
irq#16117 pc=0038 sp=F34E
irq#16118 pc=0038 sp=F34E
irq#16119 pc=0038 sp=F34E
irq#16120 pc=0038 sp=F34E
irq#16121 pc=0038 sp=F34E
irq#16122 pc=0038 sp=F34E
irq#16123 pc=0038 sp=F34E
irq#16124 pc=0038 sp=F34E
irq#16125 pc=0038 sp=F34E
irq#16126 pc=0038 sp=F34E
irq#16127 pc=0038 sp=F34E
irq#16128 pc=0038 sp=F34E
irq#16129 pc=0038 sp=F34E
irq#16130 pc=0038 sp=F34E
irq#16131 pc=0038 sp=F34E
irq#16132 pc=0038 sp=F34E
irq#16133 pc=0038 sp=F34E
irq#16134 pc=0038 sp=F34E
irq#16135 pc=0038 sp=F34E
irq#16136 pc=0038 sp=F34E
irq#16137 pc=0038 sp=F34E
irq#16138 pc=0038 sp=F34E
irq#16139 pc=0038 sp=F34E
irq#16140 pc=0038 sp=F34E
irq#16141 pc=0038 sp=F34E
irq#16142 pc=0038 sp=F34E
irq#16143 pc=0038 sp=F34E
irq#16144 pc=0038 sp=F34E
irq#16145 pc=0038 sp=F34E
irq#16146 pc=0038 sp=F34E
irq#16147 pc=0038 sp=F34E
irq#16148 pc=0038 sp=F34E
irq#16149 pc=0038 sp=F34E
irq#16150 pc=0038 sp=F34E
irq#16151 pc=0038 sp=F34E
irq#16152 pc=0038 sp=F34E
irq#16153 pc=0038 sp=F34E
irq#16154 pc=0038 sp=F34E
irq#16155 pc=0038 sp=F34E
irq#16156 pc=0038 sp=F34E
irq#16157 pc=0038 sp=F34E
irq#16158 pc=0038 sp=F34E
irq#16159 pc=0038 sp=F34E
irq#16160 pc=0038 sp=F34E
irq#16161 pc=0038 sp=F34E
irq#16162 pc=0038 sp=F34E
irq#16163 pc=0038 sp=F34E
irq#16164 pc=0038 sp=F34E
irq#16165 pc=0038 sp=F34E
irq#16166 pc=0038 sp=F34E
irq#16167 pc=0038 sp=F34E
irq#16168 pc=0038 sp=F34E
irq#16169 pc=0038 sp=F34E
irq#16170 pc=0038 sp=F34E
irq#16171 pc=0038 sp=F34E
irq#16172 pc=0038 sp=F34E
irq#16173 pc=0038 sp=F34E
irq#16174 pc=0038 sp=F34E
irq#16175 pc=0038 sp=F34E
irq#16176 pc=0038 sp=F34E
irq#16177 pc=0038 sp=F34E
irq#16178 pc=0038 sp=F34E
irq#16179 pc=0038 sp=F34E
irq#16180 pc=0038 sp=F34E
irq#16181 pc=0038 sp=F34E
irq#16182 pc=0038 sp=F34E
irq#16183 pc=0038 sp=F34E
irq#16184 pc=0038 sp=F34E
irq#16185 pc=0038 sp=F34E
irq#16186 pc=0038 sp=F34E
irq#16187 pc=0038 sp=F34E
irq#16188 pc=0038 sp=F34E
irq#16189 pc=0038 sp=F34E
irq#16190 pc=0038 sp=F34E
irq#16191 pc=0038 sp=F34E
irq#16192 pc=0038 sp=F34E
irq#16193 pc=0038 sp=F34E
irq#16194 pc=0038 sp=F34E
irq#16195 pc=0038 sp=F34E
irq#16196 pc=0038 sp=F34E
irq#16197 pc=0038 sp=F34E
irq#16198 pc=0038 sp=F34E
irq#16199 pc=0038 sp=F34E
irq#16200 pc=0038 sp=F34E
irq#16201 pc=0038 sp=F34E
irq#16202 pc=0038 sp=F34E
irq#16203 pc=0038 sp=F34E
irq#16204 pc=0038 sp=F34E
irq#16205 pc=0038 sp=F34E
irq#16206 pc=0038 sp=F34E
irq#16207 pc=0038 sp=F34E
irq#16208 pc=0038 sp=F34E
irq#16209 pc=0038 sp=F34E
irq#16210 pc=0038 sp=F34E
irq#16211 pc=0038 sp=F34E
irq#16212 pc=0038 sp=F34E
irq#16213 pc=0038 sp=F34E
irq#16214 pc=0038 sp=F34E
irq#16215 pc=0038 sp=F34E
irq#16216 pc=0038 sp=F34E
irq#16217 pc=0038 sp=F34E
irq#16218 pc=0038 sp=F34E
irq#16219 pc=0038 sp=F34E
irq#16220 pc=0038 sp=F34E
irq#16221 pc=0038 sp=F34E
irq#16222 pc=0038 sp=F34E
irq#16223 pc=0038 sp=F34E
irq#16224 pc=0038 sp=F34E
irq#16225 pc=0038 sp=F34E
irq#16226 pc=0038 sp=F34E
irq#16227 pc=0038 sp=F34E
irq#16228 pc=0038 sp=F34E
irq#16229 pc=0038 sp=F34E
irq#16230 pc=0038 sp=F34E
irq#16231 pc=0038 sp=F34E
irq#16232 pc=0038 sp=F34E
irq#16233 pc=0038 sp=F34E
irq#16234 pc=0038 sp=F34E
irq#16235 pc=0038 sp=F34E
irq#16236 pc=0038 sp=F34E
irq#16237 pc=0038 sp=F34E
irq#16238 pc=0038 sp=F34E
irq#16239 pc=0038 sp=F34E
irq#16240 pc=0038 sp=F34E
irq#16241 pc=0038 sp=F34E
irq#16242 pc=0038 sp=F34E
irq#16243 pc=0038 sp=F34E
irq#16244 pc=0038 sp=F34E
irq#16245 pc=0038 sp=F34E
irq#16246 pc=0038 sp=F34E
irq#16247 pc=0038 sp=F34E
irq#16248 pc=0038 sp=F34E
irq#16249 pc=0038 sp=F34E
irq#16250 pc=0038 sp=F34E
irq#16251 pc=0038 sp=F34E
irq#16252 pc=0038 sp=F34E
irq#16253 pc=0038 sp=F34E
irq#16254 pc=0038 sp=F34E
irq#16255 pc=0038 sp=F34E
irq#16256 pc=0038 sp=F344
irq#16257 pc=0038 sp=F34E
irq#16258 pc=0038 sp=F34E
irq#16259 pc=0038 sp=F34E
irq#16260 pc=0038 sp=F34E
irq#16261 pc=0038 sp=F34E
irq#16262 pc=0038 sp=F34E
irq#16263 pc=0038 sp=F34E
irq#16264 pc=0038 sp=F34E
irq#16265 pc=0038 sp=F34E
irq#16266 pc=0038 sp=F34E
irq#16267 pc=0038 sp=F34E
irq#16268 pc=0038 sp=F34E
irq#16269 pc=0038 sp=F34E
irq#16270 pc=0038 sp=F34E
irq#16271 pc=0038 sp=F34E
irq#16272 pc=0038 sp=F34E
irq#16273 pc=0038 sp=F34E
irq#16274 pc=0038 sp=F34E
irq#16275 pc=0038 sp=F34E
irq#16276 pc=0038 sp=F34E
irq#16277 pc=0038 sp=F34E
irq#16278 pc=0038 sp=F34E
irq#16279 pc=0038 sp=F34E
irq#16280 pc=0038 sp=F34E
irq#16281 pc=0038 sp=F34E
irq#16282 pc=0038 sp=F34E
irq#16283 pc=0038 sp=F34E
irq#16284 pc=0038 sp=F34E
irq#16285 pc=0038 sp=F34E
irq#16286 pc=0038 sp=F34E
irq#16287 pc=0038 sp=F34E
irq#16288 pc=0038 sp=F34E
irq#16289 pc=0038 sp=F34E
irq#16290 pc=0038 sp=F34E
irq#16291 pc=0038 sp=F34E
irq#16292 pc=0038 sp=F34E
irq#16293 pc=0038 sp=F34E
irq#16294 pc=0038 sp=F34E
irq#16295 pc=0038 sp=F34E
irq#16296 pc=0038 sp=F34E
irq#16297 pc=0038 sp=F34E
irq#16298 pc=0038 sp=F34E
irq#16299 pc=0038 sp=F34E
irq#16300 pc=0038 sp=F34E
irq#16301 pc=0038 sp=F34E
irq#16302 pc=0038 sp=F34E
irq#16303 pc=0038 sp=F34E
irq#16304 pc=0038 sp=F34E
irq#16305 pc=0038 sp=F34E
irq#16306 pc=0038 sp=F34E
irq#16307 pc=0038 sp=F34E
irq#16308 pc=0038 sp=F34E
irq#16309 pc=0038 sp=F34E
irq#16310 pc=0038 sp=F34E
irq#16311 pc=0038 sp=F34E
irq#16312 pc=0038 sp=F34E
irq#16313 pc=0038 sp=F34E
irq#16314 pc=0038 sp=F34E
irq#16315 pc=0038 sp=F34E
irq#16316 pc=0038 sp=F34E
irq#16317 pc=0038 sp=F34E
irq#16318 pc=0038 sp=F34E
irq#16319 pc=0038 sp=F34E
irq#16320 pc=0038 sp=F34E
irq#16321 pc=0038 sp=F34E
irq#16322 pc=0038 sp=F34E
irq#16323 pc=0038 sp=F34E
irq#16324 pc=0038 sp=F34E
irq#16325 pc=0038 sp=F34E
irq#16326 pc=0038 sp=F34E
irq#16327 pc=0038 sp=F34E
irq#16328 pc=0038 sp=F34E
irq#16329 pc=0038 sp=F34E
irq#16330 pc=0038 sp=F34E
irq#16331 pc=0038 sp=F34E
irq#16332 pc=0038 sp=F34E
irq#16333 pc=0038 sp=F34E
irq#16334 pc=0038 sp=F34E
irq#16335 pc=0038 sp=F34E
irq#16336 pc=0038 sp=F34E
irq#16337 pc=0038 sp=F34E
irq#16338 pc=0038 sp=F34E
irq#16339 pc=0038 sp=F34E
irq#16340 pc=0038 sp=F34E
irq#16341 pc=0038 sp=F34E
irq#16342 pc=0038 sp=F34E
irq#16343 pc=0038 sp=F34E
irq#16344 pc=0038 sp=F34E
irq#16345 pc=0038 sp=F34E
irq#16346 pc=0038 sp=F34E
irq#16347 pc=0038 sp=F34E
irq#16348 pc=0038 sp=F34E
irq#16349 pc=0038 sp=F34E
irq#16350 pc=0038 sp=F34E
irq#16351 pc=0038 sp=F34E
irq#16352 pc=0038 sp=F34E
irq#16353 pc=0038 sp=F34E
irq#16354 pc=0038 sp=F34E
irq#16355 pc=0038 sp=F34E
irq#16356 pc=0038 sp=F34E
irq#16357 pc=0038 sp=F34E
irq#16358 pc=0038 sp=F34E
irq#16359 pc=0038 sp=F34E
irq#16360 pc=0038 sp=F34E
irq#16361 pc=0038 sp=F34E
irq#16362 pc=0038 sp=F34E
irq#16363 pc=0038 sp=F34E
irq#16364 pc=0038 sp=F34E
irq#16365 pc=0038 sp=F34E
irq#16366 pc=0038 sp=F34E
irq#16367 pc=0038 sp=F34E
irq#16368 pc=0038 sp=F34E
irq#16369 pc=0038 sp=F34E
irq#16370 pc=0038 sp=F34E
irq#16371 pc=0038 sp=F34E
irq#16372 pc=0038 sp=F34E
irq#16373 pc=0038 sp=F34E
irq#16374 pc=0038 sp=F34E
irq#16375 pc=0038 sp=F34E
irq#16376 pc=0038 sp=F34E
irq#16377 pc=0038 sp=F34E
irq#16378 pc=0038 sp=F34E
irq#16379 pc=0038 sp=F34E
irq#16380 pc=0038 sp=F34E
irq#16381 pc=0038 sp=F34E
irq#16382 pc=0038 sp=F34E
irq#16383 pc=0038 sp=F34E
irq#16384 pc=0038 sp=F34E
irq#16385 pc=0038 sp=F34E
irq#16386 pc=0038 sp=F34E
irq#16387 pc=0038 sp=F34E
irq#16388 pc=0038 sp=F34E
irq#16389 pc=0038 sp=F34E
irq#16390 pc=0038 sp=F34E
irq#16391 pc=0038 sp=F34E
irq#16392 pc=0038 sp=F34E
irq#16393 pc=0038 sp=F34E
irq#16394 pc=0038 sp=F34E
irq#16395 pc=0038 sp=F34E
irq#16396 pc=0038 sp=F34E
irq#16397 pc=0038 sp=F34E
irq#16398 pc=0038 sp=F34E
irq#16399 pc=0038 sp=F34E
irq#16400 pc=0038 sp=F34E
irq#16401 pc=0038 sp=F34E
irq#16402 pc=0038 sp=F34E
irq#16403 pc=0038 sp=F34E
irq#16404 pc=0038 sp=F34E
irq#16405 pc=0038 sp=F34E
irq#16406 pc=0038 sp=F34E
irq#16407 pc=0038 sp=F34E
irq#16408 pc=0038 sp=F34E
irq#16409 pc=0038 sp=F34E
irq#16410 pc=0038 sp=F34E
irq#16411 pc=0038 sp=F34E
irq#16412 pc=0038 sp=F34E
irq#16413 pc=0038 sp=F34E
irq#16414 pc=0038 sp=F34E
irq#16415 pc=0038 sp=F34E
irq#16416 pc=0038 sp=F34E
irq#16417 pc=0038 sp=F34E
irq#16418 pc=0038 sp=F34E
irq#16419 pc=0038 sp=F34E
irq#16420 pc=0038 sp=F34E
irq#16421 pc=0038 sp=F34E
irq#16422 pc=0038 sp=F34E
irq#16423 pc=0038 sp=F34E
irq#16424 pc=0038 sp=F34E
irq#16425 pc=0038 sp=F34E
irq#16426 pc=0038 sp=F34E
irq#16427 pc=0038 sp=F34E
irq#16428 pc=0038 sp=F34E
irq#16429 pc=0038 sp=F34E
irq#16430 pc=0038 sp=F34E
irq#16431 pc=0038 sp=F34E
irq#16432 pc=0038 sp=F34E
irq#16433 pc=0038 sp=F34E
irq#16434 pc=0038 sp=F34E
irq#16435 pc=0038 sp=F34E
irq#16436 pc=0038 sp=F34E
irq#16437 pc=0038 sp=F34E
irq#16438 pc=0038 sp=F34E
irq#16439 pc=0038 sp=F34E
irq#16440 pc=0038 sp=F340
irq#16441 pc=0038 sp=F34E
irq#16442 pc=0038 sp=F34E
irq#16443 pc=0038 sp=F34E
irq#16444 pc=0038 sp=F34E
irq#16445 pc=0038 sp=F34E
irq#16446 pc=0038 sp=F34E
irq#16447 pc=0038 sp=F34E
irq#16448 pc=0038 sp=F34E
irq#16449 pc=0038 sp=F34E
irq#16450 pc=0038 sp=F34E
irq#16451 pc=0038 sp=F34E
irq#16452 pc=0038 sp=F34E
irq#16453 pc=0038 sp=F34E
irq#16454 pc=0038 sp=F34E
irq#16455 pc=0038 sp=F34E
irq#16456 pc=0038 sp=F34E
irq#16457 pc=0038 sp=F34E
irq#16458 pc=0038 sp=F34E
irq#16459 pc=0038 sp=F34E
irq#16460 pc=0038 sp=F34E
irq#16461 pc=0038 sp=F34E
irq#16462 pc=0038 sp=F34E
irq#16463 pc=0038 sp=F34E
irq#16464 pc=0038 sp=F34E
irq#16465 pc=0038 sp=F34E
irq#16466 pc=0038 sp=F34E
irq#16467 pc=0038 sp=F34E
irq#16468 pc=0038 sp=F34E
irq#16469 pc=0038 sp=F34E
irq#16470 pc=0038 sp=F34E
irq#16471 pc=0038 sp=F34E
irq#16472 pc=0038 sp=F34E
irq#16473 pc=0038 sp=F34E
irq#16474 pc=0038 sp=F34E
irq#16475 pc=0038 sp=F34E
irq#16476 pc=0038 sp=F34E
irq#16477 pc=0038 sp=F34E
irq#16478 pc=0038 sp=F34E
irq#16479 pc=0038 sp=F34E
irq#16480 pc=0038 sp=F34E
irq#16481 pc=0038 sp=F34E
irq#16482 pc=0038 sp=F34E
irq#16483 pc=0038 sp=F34E
irq#16484 pc=0038 sp=F34E
irq#16485 pc=0038 sp=F34E
irq#16486 pc=0038 sp=F34E
irq#16487 pc=0038 sp=F34E
irq#16488 pc=0038 sp=F34E
irq#16489 pc=0038 sp=F34E
irq#16490 pc=0038 sp=F34E
irq#16491 pc=0038 sp=F34E
irq#16492 pc=0038 sp=F34E
irq#16493 pc=0038 sp=F34E
irq#16494 pc=0038 sp=F34E
irq#16495 pc=0038 sp=F34E
irq#16496 pc=0038 sp=F34E
irq#16497 pc=0038 sp=F34E
irq#16498 pc=0038 sp=F34E
irq#16499 pc=0038 sp=F34E
irq#16500 pc=0038 sp=F34E
irq#16501 pc=0038 sp=F34E
irq#16502 pc=0038 sp=F34E
irq#16503 pc=0038 sp=F34E
irq#16504 pc=0038 sp=F34E
irq#16505 pc=0038 sp=F34E
irq#16506 pc=0038 sp=F34E
irq#16507 pc=0038 sp=F34E
irq#16508 pc=0038 sp=F34E
irq#16509 pc=0038 sp=F34E
irq#16510 pc=0038 sp=F34E
irq#16511 pc=0038 sp=F34E
irq#16512 pc=0038 sp=F34E
irq#16513 pc=0038 sp=F34E
irq#16514 pc=0038 sp=F34E
irq#16515 pc=0038 sp=F34E
irq#16516 pc=0038 sp=F34E
irq#16517 pc=0038 sp=F34E
irq#16518 pc=0038 sp=F34E
irq#16519 pc=0038 sp=F34E
irq#16520 pc=0038 sp=F34E
irq#16521 pc=0038 sp=F34E
irq#16522 pc=0038 sp=F34E
irq#16523 pc=0038 sp=F34E
irq#16524 pc=0038 sp=F34E
irq#16525 pc=0038 sp=F34E
irq#16526 pc=0038 sp=F34E
irq#16527 pc=0038 sp=F34E
irq#16528 pc=0038 sp=F34E
irq#16529 pc=0038 sp=F34E
irq#16530 pc=0038 sp=F34E
irq#16531 pc=0038 sp=F34E
irq#16532 pc=0038 sp=F34E
irq#16533 pc=0038 sp=F34E
irq#16534 pc=0038 sp=F34E
irq#16535 pc=0038 sp=F34E
irq#16536 pc=0038 sp=F34E
irq#16537 pc=0038 sp=F34E
irq#16538 pc=0038 sp=F34E
irq#16539 pc=0038 sp=F34E
irq#16540 pc=0038 sp=F34E
irq#16541 pc=0038 sp=F34E
irq#16542 pc=0038 sp=F34E
irq#16543 pc=0038 sp=F34E
irq#16544 pc=0038 sp=F34E
irq#16545 pc=0038 sp=F34E
irq#16546 pc=0038 sp=F34E
irq#16547 pc=0038 sp=F34E
irq#16548 pc=0038 sp=F34E
irq#16549 pc=0038 sp=F34E
irq#16550 pc=0038 sp=F34E
irq#16551 pc=0038 sp=F34E
irq#16552 pc=0038 sp=F34E
irq#16553 pc=0038 sp=F34E
irq#16554 pc=0038 sp=F34E
irq#16555 pc=0038 sp=F34E
irq#16556 pc=0038 sp=F34E
irq#16557 pc=0038 sp=F34E
irq#16558 pc=0038 sp=F34E
irq#16559 pc=0038 sp=F34E
irq#16560 pc=0038 sp=F34E
irq#16561 pc=0038 sp=F34E
irq#16562 pc=0038 sp=F34E
irq#16563 pc=0038 sp=F34E
irq#16564 pc=0038 sp=F34E
irq#16565 pc=0038 sp=F34E
irq#16566 pc=0038 sp=F34E
irq#16567 pc=0038 sp=F34E
irq#16568 pc=0038 sp=F34E
irq#16569 pc=0038 sp=F34E
irq#16570 pc=0038 sp=F34E
irq#16571 pc=0038 sp=F34E
irq#16572 pc=0038 sp=F34E
irq#16573 pc=0038 sp=F34E
irq#16574 pc=0038 sp=F34E
irq#16575 pc=0038 sp=F34E
irq#16576 pc=0038 sp=F34E
irq#16577 pc=0038 sp=F34E
irq#16578 pc=0038 sp=F34E
irq#16579 pc=0038 sp=F34E
irq#16580 pc=0038 sp=F34E
irq#16581 pc=0038 sp=F34E
irq#16582 pc=0038 sp=F34E
irq#16583 pc=0038 sp=F34E
irq#16584 pc=0038 sp=F34E
irq#16585 pc=0038 sp=F34E
irq#16586 pc=0038 sp=F34E
irq#16587 pc=0038 sp=F34E
irq#16588 pc=0038 sp=F34E
irq#16589 pc=0038 sp=F34E
irq#16590 pc=0038 sp=F34E
irq#16591 pc=0038 sp=F34E
irq#16592 pc=0038 sp=F34E
irq#16593 pc=0038 sp=F34E
irq#16594 pc=0038 sp=F34E
irq#16595 pc=0038 sp=F34E
irq#16596 pc=0038 sp=F34E
irq#16597 pc=0038 sp=F34E
irq#16598 pc=0038 sp=F34E
irq#16599 pc=0038 sp=F34E
irq#16600 pc=0038 sp=F34E
irq#16601 pc=0038 sp=F34E
irq#16602 pc=0038 sp=F34E
irq#16603 pc=0038 sp=F34E
irq#16604 pc=0038 sp=F34E
irq#16605 pc=0038 sp=F34E
irq#16606 pc=0038 sp=F34E
irq#16607 pc=0038 sp=F34E
irq#16608 pc=0038 sp=F34E
irq#16609 pc=0038 sp=F34E
irq#16610 pc=0038 sp=F34E
irq#16611 pc=0038 sp=F34E
irq#16612 pc=0038 sp=F34E
irq#16613 pc=0038 sp=F34E
irq#16614 pc=0038 sp=F34E
irq#16615 pc=0038 sp=F34E
irq#16616 pc=0038 sp=F34E
irq#16617 pc=0038 sp=F34E
irq#16618 pc=0038 sp=F34E
irq#16619 pc=0038 sp=F34E
irq#16620 pc=0038 sp=F34E
irq#16621 pc=0038 sp=F34E
irq#16622 pc=0038 sp=F34E
irq#16623 pc=0038 sp=F34E
irq#16624 pc=0038 sp=F33A
irq#16625 pc=0038 sp=F34E
irq#16626 pc=0038 sp=F34E
irq#16627 pc=0038 sp=F34E
irq#16628 pc=0038 sp=F34E
irq#16629 pc=0038 sp=F34E
irq#16630 pc=0038 sp=F34E
irq#16631 pc=0038 sp=F34E
irq#16632 pc=0038 sp=F34E
irq#16633 pc=0038 sp=F34E
irq#16634 pc=0038 sp=F34E
irq#16635 pc=0038 sp=F34E
irq#16636 pc=0038 sp=F34E
irq#16637 pc=0038 sp=F34E
irq#16638 pc=0038 sp=F34E
irq#16639 pc=0038 sp=F34E
irq#16640 pc=0038 sp=F34E
irq#16641 pc=0038 sp=F34E
irq#16642 pc=0038 sp=F34E
irq#16643 pc=0038 sp=F34E
irq#16644 pc=0038 sp=F34E
irq#16645 pc=0038 sp=F34E
irq#16646 pc=0038 sp=F34E
irq#16647 pc=0038 sp=F34E
irq#16648 pc=0038 sp=F34E
irq#16649 pc=0038 sp=F34E
irq#16650 pc=0038 sp=F34E
irq#16651 pc=0038 sp=F34E
irq#16652 pc=0038 sp=F34E
irq#16653 pc=0038 sp=F34E
irq#16654 pc=0038 sp=F34E
irq#16655 pc=0038 sp=F34E
irq#16656 pc=0038 sp=F34E
irq#16657 pc=0038 sp=F34E
irq#16658 pc=0038 sp=F34E
irq#16659 pc=0038 sp=F34E
irq#16660 pc=0038 sp=F34E
irq#16661 pc=0038 sp=F34E
irq#16662 pc=0038 sp=F34E
irq#16663 pc=0038 sp=F34E
irq#16664 pc=0038 sp=F34E
irq#16665 pc=0038 sp=F34E
irq#16666 pc=0038 sp=F34E
irq#16667 pc=0038 sp=F34E
irq#16668 pc=0038 sp=F34E
irq#16669 pc=0038 sp=F34E
irq#16670 pc=0038 sp=F34E
irq#16671 pc=0038 sp=F34E
irq#16672 pc=0038 sp=F34E
irq#16673 pc=0038 sp=F34E
irq#16674 pc=0038 sp=F34E
irq#16675 pc=0038 sp=F34E
irq#16676 pc=0038 sp=F34E
irq#16677 pc=0038 sp=F34E
irq#16678 pc=0038 sp=F34E
irq#16679 pc=0038 sp=F34E
irq#16680 pc=0038 sp=F34E
irq#16681 pc=0038 sp=F34E
irq#16682 pc=0038 sp=F34E
irq#16683 pc=0038 sp=F34E
irq#16684 pc=0038 sp=F34E
irq#16685 pc=0038 sp=F34E
irq#16686 pc=0038 sp=F34E
irq#16687 pc=0038 sp=F34E
irq#16688 pc=0038 sp=F34E
irq#16689 pc=0038 sp=F34E
irq#16690 pc=0038 sp=F34E
irq#16691 pc=0038 sp=F34E
irq#16692 pc=0038 sp=F34E
irq#16693 pc=0038 sp=F34E
irq#16694 pc=0038 sp=F34E
irq#16695 pc=0038 sp=F34E
irq#16696 pc=0038 sp=F34E
irq#16697 pc=0038 sp=F34E
irq#16698 pc=0038 sp=F34E
irq#16699 pc=0038 sp=F34E
irq#16700 pc=0038 sp=F34E
irq#16701 pc=0038 sp=F34E
irq#16702 pc=0038 sp=F34E
irq#16703 pc=0038 sp=F34E
irq#16704 pc=0038 sp=F34E
irq#16705 pc=0038 sp=F34E
irq#16706 pc=0038 sp=F34E
irq#16707 pc=0038 sp=F34E
irq#16708 pc=0038 sp=F34E
irq#16709 pc=0038 sp=F34E
irq#16710 pc=0038 sp=F34E
irq#16711 pc=0038 sp=F34E
irq#16712 pc=0038 sp=F34E
irq#16713 pc=0038 sp=F34E
irq#16714 pc=0038 sp=F34E
irq#16715 pc=0038 sp=F34E
irq#16716 pc=0038 sp=F34E
irq#16717 pc=0038 sp=F34E
irq#16718 pc=0038 sp=F34E
irq#16719 pc=0038 sp=F34E
irq#16720 pc=0038 sp=F34E
irq#16721 pc=0038 sp=F34E
irq#16722 pc=0038 sp=F34E
irq#16723 pc=0038 sp=F34E
irq#16724 pc=0038 sp=F34E
irq#16725 pc=0038 sp=F34E
irq#16726 pc=0038 sp=F34E
irq#16727 pc=0038 sp=F34E
irq#16728 pc=0038 sp=F34E
irq#16729 pc=0038 sp=F34E
irq#16730 pc=0038 sp=F34E
irq#16731 pc=0038 sp=F34E
irq#16732 pc=0038 sp=F34E
irq#16733 pc=0038 sp=F34E
irq#16734 pc=0038 sp=F34E
irq#16735 pc=0038 sp=F34E
irq#16736 pc=0038 sp=F34E
irq#16737 pc=0038 sp=F34E
irq#16738 pc=0038 sp=F34E
irq#16739 pc=0038 sp=F34E
irq#16740 pc=0038 sp=F34E
irq#16741 pc=0038 sp=F34E
irq#16742 pc=0038 sp=F34E
irq#16743 pc=0038 sp=F34E
irq#16744 pc=0038 sp=F34E
irq#16745 pc=0038 sp=F34E
irq#16746 pc=0038 sp=F34E
irq#16747 pc=0038 sp=F34E
irq#16748 pc=0038 sp=F34E
irq#16749 pc=0038 sp=F34E
irq#16750 pc=0038 sp=F34E
irq#16751 pc=0038 sp=F34E
irq#16752 pc=0038 sp=F34E
irq#16753 pc=0038 sp=F34E
irq#16754 pc=0038 sp=F34E
irq#16755 pc=0038 sp=F34E
irq#16756 pc=0038 sp=F34E
irq#16757 pc=0038 sp=F34E
irq#16758 pc=0038 sp=F34E
irq#16759 pc=0038 sp=F34E
irq#16760 pc=0038 sp=F34E
irq#16761 pc=0038 sp=F34E
irq#16762 pc=0038 sp=F34E
irq#16763 pc=0038 sp=F34E
irq#16764 pc=0038 sp=F34E
irq#16765 pc=0038 sp=F34E
irq#16766 pc=0038 sp=F34E
irq#16767 pc=0038 sp=F34E
irq#16768 pc=0038 sp=F34E
irq#16769 pc=0038 sp=F34E
irq#16770 pc=0038 sp=F34E
irq#16771 pc=0038 sp=F34E
irq#16772 pc=0038 sp=F34E
irq#16773 pc=0038 sp=F34E
irq#16774 pc=0038 sp=F34E
irq#16775 pc=0038 sp=F34E
irq#16776 pc=0038 sp=F34E
irq#16777 pc=0038 sp=F34E
irq#16778 pc=0038 sp=F34E
irq#16779 pc=0038 sp=F34E
irq#16780 pc=0038 sp=F34E
irq#16781 pc=0038 sp=F34E
irq#16782 pc=0038 sp=F34E
irq#16783 pc=0038 sp=F34E
irq#16784 pc=0038 sp=F34E
irq#16785 pc=0038 sp=F34E
irq#16786 pc=0038 sp=F34E
irq#16787 pc=0038 sp=F34E
irq#16788 pc=0038 sp=F34E
irq#16789 pc=0038 sp=F34E
irq#16790 pc=0038 sp=F34E
irq#16791 pc=0038 sp=F34E
irq#16792 pc=0038 sp=F34E
irq#16793 pc=0038 sp=F34E
irq#16794 pc=0038 sp=F34E
irq#16795 pc=0038 sp=F34E
irq#16796 pc=0038 sp=F34E
irq#16797 pc=0038 sp=F34E
irq#16798 pc=0038 sp=F34E
irq#16799 pc=0038 sp=F34E
irq#16800 pc=0038 sp=F34E
irq#16801 pc=0038 sp=F34E
irq#16802 pc=0038 sp=F34E
irq#16803 pc=0038 sp=F34E
irq#16804 pc=0038 sp=F34E
irq#16805 pc=0038 sp=F34E
irq#16806 pc=0038 sp=F34E
irq#16807 pc=0038 sp=F34E
irq#16808 pc=0038 sp=F338
irq#16809 pc=0038 sp=F34E
irq#16810 pc=0038 sp=F34E
irq#16811 pc=0038 sp=F34E
irq#16812 pc=0038 sp=F34E
irq#16813 pc=0038 sp=F34E
irq#16814 pc=0038 sp=F34E
irq#16815 pc=0038 sp=F34E
irq#16816 pc=0038 sp=F34E
irq#16817 pc=0038 sp=F34E
irq#16818 pc=0038 sp=F34E
irq#16819 pc=0038 sp=F34E
irq#16820 pc=0038 sp=F34E
irq#16821 pc=0038 sp=F34E
irq#16822 pc=0038 sp=F34E
irq#16823 pc=0038 sp=F34E
irq#16824 pc=0038 sp=F34E
irq#16825 pc=0038 sp=F34E
irq#16826 pc=0038 sp=F34E
irq#16827 pc=0038 sp=F34E
irq#16828 pc=0038 sp=F34E
irq#16829 pc=0038 sp=F34E
irq#16830 pc=0038 sp=F34E
irq#16831 pc=0038 sp=F34E
irq#16832 pc=0038 sp=F34E
irq#16833 pc=0038 sp=F34E
irq#16834 pc=0038 sp=F34E
irq#16835 pc=0038 sp=F34E
irq#16836 pc=0038 sp=F34E
irq#16837 pc=0038 sp=F34E
irq#16838 pc=0038 sp=F34E
irq#16839 pc=0038 sp=F34E
irq#16840 pc=0038 sp=F34E
irq#16841 pc=0038 sp=F34E
irq#16842 pc=0038 sp=F34E
irq#16843 pc=0038 sp=F34E
irq#16844 pc=0038 sp=F34E
irq#16845 pc=0038 sp=F34E
irq#16846 pc=0038 sp=F34E
irq#16847 pc=0038 sp=F34E
irq#16848 pc=0038 sp=F34E
irq#16849 pc=0038 sp=F34E
irq#16850 pc=0038 sp=F34E
irq#16851 pc=0038 sp=F34E
irq#16852 pc=0038 sp=F34E
irq#16853 pc=0038 sp=F34E
irq#16854 pc=0038 sp=F34E
irq#16855 pc=0038 sp=F34E
irq#16856 pc=0038 sp=F34E
irq#16857 pc=0038 sp=F34E
irq#16858 pc=0038 sp=F34E
irq#16859 pc=0038 sp=F34E
irq#16860 pc=0038 sp=F34E
irq#16861 pc=0038 sp=F34E
irq#16862 pc=0038 sp=F34E
irq#16863 pc=0038 sp=F34E
irq#16864 pc=0038 sp=F34E
irq#16865 pc=0038 sp=F34E
irq#16866 pc=0038 sp=F34E
irq#16867 pc=0038 sp=F34E
irq#16868 pc=0038 sp=F34E
irq#16869 pc=0038 sp=F34E
irq#16870 pc=0038 sp=F34E
irq#16871 pc=0038 sp=F34E
irq#16872 pc=0038 sp=F34E
irq#16873 pc=0038 sp=F34E
irq#16874 pc=0038 sp=F34E
irq#16875 pc=0038 sp=F34E
irq#16876 pc=0038 sp=F34E
irq#16877 pc=0038 sp=F34E
irq#16878 pc=0038 sp=F34E
irq#16879 pc=0038 sp=F34E
irq#16880 pc=0038 sp=F34E
irq#16881 pc=0038 sp=F34E
irq#16882 pc=0038 sp=F34E
irq#16883 pc=0038 sp=F34E
irq#16884 pc=0038 sp=F34E
irq#16885 pc=0038 sp=F34E
irq#16886 pc=0038 sp=F34E
irq#16887 pc=0038 sp=F34E
irq#16888 pc=0038 sp=F34E
irq#16889 pc=0038 sp=F34E
irq#16890 pc=0038 sp=F34E
irq#16891 pc=0038 sp=F34E
irq#16892 pc=0038 sp=F34E
irq#16893 pc=0038 sp=F34E
irq#16894 pc=0038 sp=F34E
irq#16895 pc=0038 sp=F34E
irq#16896 pc=0038 sp=F34E
irq#16897 pc=0038 sp=F34E
irq#16898 pc=0038 sp=F34E
irq#16899 pc=0038 sp=F34E
irq#16900 pc=0038 sp=F34E
irq#16901 pc=0038 sp=F34E
irq#16902 pc=0038 sp=F34E
irq#16903 pc=0038 sp=F34E
irq#16904 pc=0038 sp=F34E
irq#16905 pc=0038 sp=F34E
irq#16906 pc=0038 sp=F34E
irq#16907 pc=0038 sp=F34E
irq#16908 pc=0038 sp=F34E
irq#16909 pc=0038 sp=F34E
irq#16910 pc=0038 sp=F34E
irq#16911 pc=0038 sp=F34E
irq#16912 pc=0038 sp=F34E
irq#16913 pc=0038 sp=F34E
irq#16914 pc=0038 sp=F34E
irq#16915 pc=0038 sp=F34E
irq#16916 pc=0038 sp=F34E
irq#16917 pc=0038 sp=F34E
irq#16918 pc=0038 sp=F34E
irq#16919 pc=0038 sp=F34E
irq#16920 pc=0038 sp=F34E
irq#16921 pc=0038 sp=F34E
irq#16922 pc=0038 sp=F34E
irq#16923 pc=0038 sp=F34E
irq#16924 pc=0038 sp=F34E
irq#16925 pc=0038 sp=F34E
irq#16926 pc=0038 sp=F34E
irq#16927 pc=0038 sp=F34E
irq#16928 pc=0038 sp=F34E
irq#16929 pc=0038 sp=F34E
irq#16930 pc=0038 sp=F34E
irq#16931 pc=0038 sp=F34E
irq#16932 pc=0038 sp=F34E
irq#16933 pc=0038 sp=F34E
irq#16934 pc=0038 sp=F34E
irq#16935 pc=0038 sp=F34E
irq#16936 pc=0038 sp=F34E
irq#16937 pc=0038 sp=F34E
irq#16938 pc=0038 sp=F34E
irq#16939 pc=0038 sp=F34E
irq#16940 pc=0038 sp=F34E
irq#16941 pc=0038 sp=F34E
irq#16942 pc=0038 sp=F34E
irq#16943 pc=0038 sp=F34E
irq#16944 pc=0038 sp=F34E
irq#16945 pc=0038 sp=F34E
irq#16946 pc=0038 sp=F34E
irq#16947 pc=0038 sp=F34E
irq#16948 pc=0038 sp=F34E
irq#16949 pc=0038 sp=F34E
irq#16950 pc=0038 sp=F34E
irq#16951 pc=0038 sp=F34E
irq#16952 pc=0038 sp=F34E
irq#16953 pc=0038 sp=F34E
irq#16954 pc=0038 sp=F34E
irq#16955 pc=0038 sp=F34E
irq#16956 pc=0038 sp=F34E
irq#16957 pc=0038 sp=F34E
irq#16958 pc=0038 sp=F34E
irq#16959 pc=0038 sp=F34E
irq#16960 pc=0038 sp=F34E
irq#16961 pc=0038 sp=F34E
irq#16962 pc=0038 sp=F34E
irq#16963 pc=0038 sp=F34E
irq#16964 pc=0038 sp=F34E
irq#16965 pc=0038 sp=F34E
irq#16966 pc=0038 sp=F34E
irq#16967 pc=0038 sp=F34E
irq#16968 pc=0038 sp=F34E
irq#16969 pc=0038 sp=F34E
irq#16970 pc=0038 sp=F34E
irq#16971 pc=0038 sp=F34E
irq#16972 pc=0038 sp=F34E
irq#16973 pc=0038 sp=F34E
irq#16974 pc=0038 sp=F34E
irq#16975 pc=0038 sp=F34E
irq#16976 pc=0038 sp=F34E
irq#16977 pc=0038 sp=F34E
irq#16978 pc=0038 sp=F34E
irq#16979 pc=0038 sp=F34E
irq#16980 pc=0038 sp=F34E
irq#16981 pc=0038 sp=F34E
irq#16982 pc=0038 sp=F34E
irq#16983 pc=0038 sp=F34E
irq#16984 pc=0038 sp=F34E
irq#16985 pc=0038 sp=F34E
irq#16986 pc=0038 sp=F34E
irq#16987 pc=0038 sp=F34E
irq#16988 pc=0038 sp=F34E
irq#16989 pc=0038 sp=F34E
irq#16990 pc=0038 sp=F34E
irq#16991 pc=0038 sp=F34E
irq#16992 pc=0038 sp=F338
irq#16993 pc=0038 sp=F34E
irq#16994 pc=0038 sp=F34E
irq#16995 pc=0038 sp=F34E
irq#16996 pc=0038 sp=F34E
irq#16997 pc=0038 sp=F34E
irq#16998 pc=0038 sp=F34E
irq#16999 pc=0038 sp=F34E
irq#17000 pc=0038 sp=F34E
irq#17001 pc=0038 sp=F34E
irq#17002 pc=0038 sp=F34E
irq#17003 pc=0038 sp=F34E
irq#17004 pc=0038 sp=F34E
irq#17005 pc=0038 sp=F34E
irq#17006 pc=0038 sp=F34E
irq#17007 pc=0038 sp=F34E
irq#17008 pc=0038 sp=F34E
irq#17009 pc=0038 sp=F34E
irq#17010 pc=0038 sp=F34E
irq#17011 pc=0038 sp=F34E
irq#17012 pc=0038 sp=F34E
irq#17013 pc=0038 sp=F34E
irq#17014 pc=0038 sp=F34E
irq#17015 pc=0038 sp=F34E
irq#17016 pc=0038 sp=F34E
irq#17017 pc=0038 sp=F34E
irq#17018 pc=0038 sp=F34E
irq#17019 pc=0038 sp=F34E
irq#17020 pc=0038 sp=F34E
irq#17021 pc=0038 sp=F34E
irq#17022 pc=0038 sp=F34E
irq#17023 pc=0038 sp=F34E
irq#17024 pc=0038 sp=F34E
irq#17025 pc=0038 sp=F34E
irq#17026 pc=0038 sp=F34E
irq#17027 pc=0038 sp=F34E
irq#17028 pc=0038 sp=F34E
irq#17029 pc=0038 sp=F34E
irq#17030 pc=0038 sp=F34E
irq#17031 pc=0038 sp=F34E
irq#17032 pc=0038 sp=F34E
irq#17033 pc=0038 sp=F34E
irq#17034 pc=0038 sp=F34E
irq#17035 pc=0038 sp=F34E
irq#17036 pc=0038 sp=F34E
irq#17037 pc=0038 sp=F34E
irq#17038 pc=0038 sp=F34E
irq#17039 pc=0038 sp=F34E
irq#17040 pc=0038 sp=F34E
irq#17041 pc=0038 sp=F34E
irq#17042 pc=0038 sp=F34E
irq#17043 pc=0038 sp=F34E
irq#17044 pc=0038 sp=F34E
irq#17045 pc=0038 sp=F34E
irq#17046 pc=0038 sp=F34E
irq#17047 pc=0038 sp=F34E
irq#17048 pc=0038 sp=F34E
irq#17049 pc=0038 sp=F34E
irq#17050 pc=0038 sp=F34E
irq#17051 pc=0038 sp=F34E
irq#17052 pc=0038 sp=F34E
irq#17053 pc=0038 sp=F34E
irq#17054 pc=0038 sp=F34E
irq#17055 pc=0038 sp=F34E
irq#17056 pc=0038 sp=F34E
irq#17057 pc=0038 sp=F34E
irq#17058 pc=0038 sp=F34E
irq#17059 pc=0038 sp=F34E
irq#17060 pc=0038 sp=F34E
irq#17061 pc=0038 sp=F34E
irq#17062 pc=0038 sp=F34E
irq#17063 pc=0038 sp=F34E
irq#17064 pc=0038 sp=F34E
irq#17065 pc=0038 sp=F34E
irq#17066 pc=0038 sp=F34E
irq#17067 pc=0038 sp=F34E
irq#17068 pc=0038 sp=F34E
irq#17069 pc=0038 sp=F34E
irq#17070 pc=0038 sp=F34E
irq#17071 pc=0038 sp=F34E
irq#17072 pc=0038 sp=F34E
irq#17073 pc=0038 sp=F34E
irq#17074 pc=0038 sp=F34E
irq#17075 pc=0038 sp=F34E
irq#17076 pc=0038 sp=F34E
irq#17077 pc=0038 sp=F34E
irq#17078 pc=0038 sp=F34E
irq#17079 pc=0038 sp=F34E
irq#17080 pc=0038 sp=F34E
irq#17081 pc=0038 sp=F34E
irq#17082 pc=0038 sp=F34E
irq#17083 pc=0038 sp=F34E
irq#17084 pc=0038 sp=F34E
irq#17085 pc=0038 sp=F34E
irq#17086 pc=0038 sp=F34E
irq#17087 pc=0038 sp=F34E
irq#17088 pc=0038 sp=F34E
irq#17089 pc=0038 sp=F34E
irq#17090 pc=0038 sp=F34E
irq#17091 pc=0038 sp=F34E
irq#17092 pc=0038 sp=F34E
irq#17093 pc=0038 sp=F34E
irq#17094 pc=0038 sp=F34E
irq#17095 pc=0038 sp=F34E
irq#17096 pc=0038 sp=F34E
irq#17097 pc=0038 sp=F34E
irq#17098 pc=0038 sp=F34E
irq#17099 pc=0038 sp=F34E
irq#17100 pc=0038 sp=F34E
irq#17101 pc=0038 sp=F34E
irq#17102 pc=0038 sp=F34E
irq#17103 pc=0038 sp=F34E
irq#17104 pc=0038 sp=F34E
irq#17105 pc=0038 sp=F34E
irq#17106 pc=0038 sp=F34E
irq#17107 pc=0038 sp=F34E
irq#17108 pc=0038 sp=F34E
irq#17109 pc=0038 sp=F34E
irq#17110 pc=0038 sp=F34E
irq#17111 pc=0038 sp=F34E
irq#17112 pc=0038 sp=F34E
irq#17113 pc=0038 sp=F34E
irq#17114 pc=0038 sp=F34E
irq#17115 pc=0038 sp=F34E
irq#17116 pc=0038 sp=F34E
irq#17117 pc=0038 sp=F34E
irq#17118 pc=0038 sp=F34E
irq#17119 pc=0038 sp=F34E
irq#17120 pc=0038 sp=F34E
irq#17121 pc=0038 sp=F34E
irq#17122 pc=0038 sp=F34E
irq#17123 pc=0038 sp=F34E
irq#17124 pc=0038 sp=F34E
irq#17125 pc=0038 sp=F34E
irq#17126 pc=0038 sp=F34E
irq#17127 pc=0038 sp=F34E
irq#17128 pc=0038 sp=F34E
irq#17129 pc=0038 sp=F34E
irq#17130 pc=0038 sp=F34E
irq#17131 pc=0038 sp=F34E
irq#17132 pc=0038 sp=F34E
irq#17133 pc=0038 sp=F34E
irq#17134 pc=0038 sp=F34E
irq#17135 pc=0038 sp=F34E
irq#17136 pc=0038 sp=F34E
irq#17137 pc=0038 sp=F34E
irq#17138 pc=0038 sp=F34E
irq#17139 pc=0038 sp=F34E
irq#17140 pc=0038 sp=F34E
irq#17141 pc=0038 sp=F34E
irq#17142 pc=0038 sp=F34E
irq#17143 pc=0038 sp=F34E
irq#17144 pc=0038 sp=F34E
irq#17145 pc=0038 sp=F34E
irq#17146 pc=0038 sp=F34E
irq#17147 pc=0038 sp=F34E
irq#17148 pc=0038 sp=F34E
irq#17149 pc=0038 sp=F34E
irq#17150 pc=0038 sp=F34E
irq#17151 pc=0038 sp=F34E
irq#17152 pc=0038 sp=F34E
irq#17153 pc=0038 sp=F34E
irq#17154 pc=0038 sp=F34E
irq#17155 pc=0038 sp=F34E
irq#17156 pc=0038 sp=F34E
irq#17157 pc=0038 sp=F34E
irq#17158 pc=0038 sp=F34E
irq#17159 pc=0038 sp=F34E
irq#17160 pc=0038 sp=F34E
irq#17161 pc=0038 sp=F34E
irq#17162 pc=0038 sp=F34E
irq#17163 pc=0038 sp=F34E
irq#17164 pc=0038 sp=F34E
irq#17165 pc=0038 sp=F34E
irq#17166 pc=0038 sp=F34E
irq#17167 pc=0038 sp=F34E
irq#17168 pc=0038 sp=F34E
irq#17169 pc=0038 sp=F34E
irq#17170 pc=0038 sp=F34E
irq#17171 pc=0038 sp=F34E
irq#17172 pc=0038 sp=F34E
irq#17173 pc=0038 sp=F34E
irq#17174 pc=0038 sp=F34E
irq#17175 pc=0038 sp=F34E
irq#17176 pc=0038 sp=F338
irq#17177 pc=0038 sp=F34E
irq#17178 pc=0038 sp=F34E
irq#17179 pc=0038 sp=F34E
irq#17180 pc=0038 sp=F34E
irq#17181 pc=0038 sp=F34E
irq#17182 pc=0038 sp=F34E
irq#17183 pc=0038 sp=F34E
irq#17184 pc=0038 sp=F34E
irq#17185 pc=0038 sp=F34E
irq#17186 pc=0038 sp=F34E
irq#17187 pc=0038 sp=F34E
irq#17188 pc=0038 sp=F34E
irq#17189 pc=0038 sp=F34E
irq#17190 pc=0038 sp=F34E
irq#17191 pc=0038 sp=F34E
irq#17192 pc=0038 sp=F34E
irq#17193 pc=0038 sp=F34E
irq#17194 pc=0038 sp=F34E
irq#17195 pc=0038 sp=F34E
irq#17196 pc=0038 sp=F34E
irq#17197 pc=0038 sp=F34E
irq#17198 pc=0038 sp=F34E
irq#17199 pc=0038 sp=F34E
irq#17200 pc=0038 sp=F34E
irq#17201 pc=0038 sp=F34E
irq#17202 pc=0038 sp=F34E
irq#17203 pc=0038 sp=F34E
irq#17204 pc=0038 sp=F34E
irq#17205 pc=0038 sp=F34E
irq#17206 pc=0038 sp=F34E
irq#17207 pc=0038 sp=F34E
irq#17208 pc=0038 sp=F34E
irq#17209 pc=0038 sp=F34E
irq#17210 pc=0038 sp=F34E
irq#17211 pc=0038 sp=F34E
irq#17212 pc=0038 sp=F34E
irq#17213 pc=0038 sp=F34E
irq#17214 pc=0038 sp=F34E
irq#17215 pc=0038 sp=F34E
irq#17216 pc=0038 sp=F34E
irq#17217 pc=0038 sp=F34E
irq#17218 pc=0038 sp=F34E
irq#17219 pc=0038 sp=F34E
irq#17220 pc=0038 sp=F34E
irq#17221 pc=0038 sp=F34E
irq#17222 pc=0038 sp=F34E
irq#17223 pc=0038 sp=F34E
irq#17224 pc=0038 sp=F34E
irq#17225 pc=0038 sp=F34E
irq#17226 pc=0038 sp=F34E
irq#17227 pc=0038 sp=F34E
irq#17228 pc=0038 sp=F34E
irq#17229 pc=0038 sp=F34E
irq#17230 pc=0038 sp=F34E
irq#17231 pc=0038 sp=F34E
irq#17232 pc=0038 sp=F34E
irq#17233 pc=0038 sp=F34E
irq#17234 pc=0038 sp=F34E
irq#17235 pc=0038 sp=F34E
irq#17236 pc=0038 sp=F34E
irq#17237 pc=0038 sp=F34E
irq#17238 pc=0038 sp=F34E
irq#17239 pc=0038 sp=F34E
irq#17240 pc=0038 sp=F34E
irq#17241 pc=0038 sp=F34E
irq#17242 pc=0038 sp=F34E
irq#17243 pc=0038 sp=F34E
irq#17244 pc=0038 sp=F34E
irq#17245 pc=0038 sp=F34E
irq#17246 pc=0038 sp=F34E
irq#17247 pc=0038 sp=F34E
irq#17248 pc=0038 sp=F34E
irq#17249 pc=0038 sp=F34E
irq#17250 pc=0038 sp=F34E
irq#17251 pc=0038 sp=F34E
irq#17252 pc=0038 sp=F34E
irq#17253 pc=0038 sp=F34E
irq#17254 pc=0038 sp=F34E
irq#17255 pc=0038 sp=F34E
irq#17256 pc=0038 sp=F34E
irq#17257 pc=0038 sp=F34E
irq#17258 pc=0038 sp=F34E
irq#17259 pc=0038 sp=F34E
irq#17260 pc=0038 sp=F34E
irq#17261 pc=0038 sp=F34E
irq#17262 pc=0038 sp=F34E
irq#17263 pc=0038 sp=F34E
irq#17264 pc=0038 sp=F34E
irq#17265 pc=0038 sp=F34E
irq#17266 pc=0038 sp=F34E
irq#17267 pc=0038 sp=F34E
irq#17268 pc=0038 sp=F34E
irq#17269 pc=0038 sp=F34E
irq#17270 pc=0038 sp=F34E
irq#17271 pc=0038 sp=F34E
irq#17272 pc=0038 sp=F34E
irq#17273 pc=0038 sp=F34E
irq#17274 pc=0038 sp=F34E
irq#17275 pc=0038 sp=F34E
irq#17276 pc=0038 sp=F34E
irq#17277 pc=0038 sp=F34E
irq#17278 pc=0038 sp=F34E
irq#17279 pc=0038 sp=F34E
irq#17280 pc=0038 sp=F34E
irq#17281 pc=0038 sp=F34E
irq#17282 pc=0038 sp=F34E
irq#17283 pc=0038 sp=F34E
irq#17284 pc=0038 sp=F34E
irq#17285 pc=0038 sp=F34E
irq#17286 pc=0038 sp=F34E
irq#17287 pc=0038 sp=F34E
irq#17288 pc=0038 sp=F34E
irq#17289 pc=0038 sp=F34E
irq#17290 pc=0038 sp=F34E
irq#17291 pc=0038 sp=F34E
irq#17292 pc=0038 sp=F34E
irq#17293 pc=0038 sp=F34E
irq#17294 pc=0038 sp=F34E
irq#17295 pc=0038 sp=F34E
irq#17296 pc=0038 sp=F34E
irq#17297 pc=0038 sp=F34E
irq#17298 pc=0038 sp=F34E
irq#17299 pc=0038 sp=F34E
irq#17300 pc=0038 sp=F34E
irq#17301 pc=0038 sp=F34E
irq#17302 pc=0038 sp=F34E
irq#17303 pc=0038 sp=F34E
irq#17304 pc=0038 sp=F34E
irq#17305 pc=0038 sp=F34E
irq#17306 pc=0038 sp=F34E
irq#17307 pc=0038 sp=F34E
irq#17308 pc=0038 sp=F34E
irq#17309 pc=0038 sp=F34E
irq#17310 pc=0038 sp=F34E
irq#17311 pc=0038 sp=F34E
irq#17312 pc=0038 sp=F34E
irq#17313 pc=0038 sp=F34E
irq#17314 pc=0038 sp=F34E
irq#17315 pc=0038 sp=F34E
irq#17316 pc=0038 sp=F34E
irq#17317 pc=0038 sp=F34E
irq#17318 pc=0038 sp=F34E
irq#17319 pc=0038 sp=F34E
irq#17320 pc=0038 sp=F34E
irq#17321 pc=0038 sp=F34E
irq#17322 pc=0038 sp=F34E
irq#17323 pc=0038 sp=F34E
irq#17324 pc=0038 sp=F34E
irq#17325 pc=0038 sp=F34E
irq#17326 pc=0038 sp=F34E
irq#17327 pc=0038 sp=F34E
irq#17328 pc=0038 sp=F34E
irq#17329 pc=0038 sp=F34E
irq#17330 pc=0038 sp=F34E
irq#17331 pc=0038 sp=F34E
irq#17332 pc=0038 sp=F34E
irq#17333 pc=0038 sp=F34E
irq#17334 pc=0038 sp=F34E
irq#17335 pc=0038 sp=F34E
irq#17336 pc=0038 sp=F34E
irq#17337 pc=0038 sp=F34E
irq#17338 pc=0038 sp=F34E
irq#17339 pc=0038 sp=F34E
irq#17340 pc=0038 sp=F34E
irq#17341 pc=0038 sp=F34E
irq#17342 pc=0038 sp=F34E
irq#17343 pc=0038 sp=F34E
irq#17344 pc=0038 sp=F34E
irq#17345 pc=0038 sp=F34E
irq#17346 pc=0038 sp=F34E
irq#17347 pc=0038 sp=F34E
irq#17348 pc=0038 sp=F34E
irq#17349 pc=0038 sp=F34E
irq#17350 pc=0038 sp=F34E
irq#17351 pc=0038 sp=F34E
irq#17352 pc=0038 sp=F34E
irq#17353 pc=0038 sp=F34E
irq#17354 pc=0038 sp=F34E
irq#17355 pc=0038 sp=F34E
irq#17356 pc=0038 sp=F34E
irq#17357 pc=0038 sp=F34E
irq#17358 pc=0038 sp=F34E
irq#17359 pc=0038 sp=F34E
irq#17360 pc=0038 sp=F33C
irq#17361 pc=0038 sp=F34E
irq#17362 pc=0038 sp=F34E
irq#17363 pc=0038 sp=F34E
irq#17364 pc=0038 sp=F34E
irq#17365 pc=0038 sp=F34E
irq#17366 pc=0038 sp=F34E
irq#17367 pc=0038 sp=F34E
irq#17368 pc=0038 sp=F34E
irq#17369 pc=0038 sp=F34E
irq#17370 pc=0038 sp=F34E
irq#17371 pc=0038 sp=F34E
irq#17372 pc=0038 sp=F34E
irq#17373 pc=0038 sp=F34E
irq#17374 pc=0038 sp=F34E
irq#17375 pc=0038 sp=F34E
irq#17376 pc=0038 sp=F34E
irq#17377 pc=0038 sp=F34E
irq#17378 pc=0038 sp=F34E
irq#17379 pc=0038 sp=F34E
irq#17380 pc=0038 sp=F34E
irq#17381 pc=0038 sp=F34E
irq#17382 pc=0038 sp=F34E
irq#17383 pc=0038 sp=F34E
irq#17384 pc=0038 sp=F34E
irq#17385 pc=0038 sp=F34E
irq#17386 pc=0038 sp=F34E
irq#17387 pc=0038 sp=F34E
irq#17388 pc=0038 sp=F34E
irq#17389 pc=0038 sp=F34E
irq#17390 pc=0038 sp=F34E
irq#17391 pc=0038 sp=F34E
irq#17392 pc=0038 sp=F34E
irq#17393 pc=0038 sp=F34E
irq#17394 pc=0038 sp=F34E
irq#17395 pc=0038 sp=F34E
irq#17396 pc=0038 sp=F34E
irq#17397 pc=0038 sp=F34E
irq#17398 pc=0038 sp=F34E
irq#17399 pc=0038 sp=F34E
irq#17400 pc=0038 sp=F34E
irq#17401 pc=0038 sp=F34E
irq#17402 pc=0038 sp=F34E
irq#17403 pc=0038 sp=F34E
irq#17404 pc=0038 sp=F34E
irq#17405 pc=0038 sp=F34E
irq#17406 pc=0038 sp=F34E
irq#17407 pc=0038 sp=F34E
irq#17408 pc=0038 sp=F34E
irq#17409 pc=0038 sp=F34E
irq#17410 pc=0038 sp=F34E
irq#17411 pc=0038 sp=F34E
irq#17412 pc=0038 sp=F34E
irq#17413 pc=0038 sp=F34E
irq#17414 pc=0038 sp=F34E
irq#17415 pc=0038 sp=F34E
irq#17416 pc=0038 sp=F34E
irq#17417 pc=0038 sp=F34E
irq#17418 pc=0038 sp=F34E
irq#17419 pc=0038 sp=F34E
irq#17420 pc=0038 sp=F34E
irq#17421 pc=0038 sp=F34E
irq#17422 pc=0038 sp=F34E
irq#17423 pc=0038 sp=F34E
irq#17424 pc=0038 sp=F34E
irq#17425 pc=0038 sp=F34E
irq#17426 pc=0038 sp=F34E
irq#17427 pc=0038 sp=F34E
irq#17428 pc=0038 sp=F34E
irq#17429 pc=0038 sp=F34E
irq#17430 pc=0038 sp=F34E
irq#17431 pc=0038 sp=F34E
irq#17432 pc=0038 sp=F34E
irq#17433 pc=0038 sp=F34E
irq#17434 pc=0038 sp=F34E
irq#17435 pc=0038 sp=F34E
irq#17436 pc=0038 sp=F34E
irq#17437 pc=0038 sp=F34E
irq#17438 pc=0038 sp=F34E
irq#17439 pc=0038 sp=F34E
irq#17440 pc=0038 sp=F34E
irq#17441 pc=0038 sp=F34E
irq#17442 pc=0038 sp=F34E
irq#17443 pc=0038 sp=F34E
irq#17444 pc=0038 sp=F34E
irq#17445 pc=0038 sp=F34E
irq#17446 pc=0038 sp=F34E
irq#17447 pc=0038 sp=F34E
irq#17448 pc=0038 sp=F34E
irq#17449 pc=0038 sp=F34E
irq#17450 pc=0038 sp=F34E
irq#17451 pc=0038 sp=F34E
irq#17452 pc=0038 sp=F34E
irq#17453 pc=0038 sp=F34E
irq#17454 pc=0038 sp=F34E
irq#17455 pc=0038 sp=F34E
irq#17456 pc=0038 sp=F34E
irq#17457 pc=0038 sp=F34E
irq#17458 pc=0038 sp=F34E
irq#17459 pc=0038 sp=F34E
irq#17460 pc=0038 sp=F34E
irq#17461 pc=0038 sp=F34E
irq#17462 pc=0038 sp=F34E
irq#17463 pc=0038 sp=F34E
irq#17464 pc=0038 sp=F34E
irq#17465 pc=0038 sp=F34E
irq#17466 pc=0038 sp=F34E
irq#17467 pc=0038 sp=F34E
irq#17468 pc=0038 sp=F34E
irq#17469 pc=0038 sp=F34E
irq#17470 pc=0038 sp=F34E
irq#17471 pc=0038 sp=F34E
irq#17472 pc=0038 sp=F34E
irq#17473 pc=0038 sp=F34E
irq#17474 pc=0038 sp=F34E
irq#17475 pc=0038 sp=F34E
irq#17476 pc=0038 sp=F34E
irq#17477 pc=0038 sp=F34E
irq#17478 pc=0038 sp=F34E
irq#17479 pc=0038 sp=F34E
irq#17480 pc=0038 sp=F34E
irq#17481 pc=0038 sp=F34E
irq#17482 pc=0038 sp=F34E
irq#17483 pc=0038 sp=F34E
irq#17484 pc=0038 sp=F34E
irq#17485 pc=0038 sp=F34E
irq#17486 pc=0038 sp=F34E
irq#17487 pc=0038 sp=F34E
irq#17488 pc=0038 sp=F34E
irq#17489 pc=0038 sp=F34E
irq#17490 pc=0038 sp=F34E
irq#17491 pc=0038 sp=F34E
irq#17492 pc=0038 sp=F34E
irq#17493 pc=0038 sp=F34E
irq#17494 pc=0038 sp=F34E
irq#17495 pc=0038 sp=F34E
irq#17496 pc=0038 sp=F34E
irq#17497 pc=0038 sp=F34E
irq#17498 pc=0038 sp=F34E
irq#17499 pc=0038 sp=F34E
irq#17500 pc=0038 sp=F34E
irq#17501 pc=0038 sp=F34E
irq#17502 pc=0038 sp=F34E
irq#17503 pc=0038 sp=F34E
irq#17504 pc=0038 sp=F34E
irq#17505 pc=0038 sp=F34E
irq#17506 pc=0038 sp=F34E
irq#17507 pc=0038 sp=F34E
irq#17508 pc=0038 sp=F34E
irq#17509 pc=0038 sp=F34E
irq#17510 pc=0038 sp=F34E
irq#17511 pc=0038 sp=F34E
irq#17512 pc=0038 sp=F34E
irq#17513 pc=0038 sp=F34E
irq#17514 pc=0038 sp=F34E
irq#17515 pc=0038 sp=F34E
irq#17516 pc=0038 sp=F34E
irq#17517 pc=0038 sp=F34E
irq#17518 pc=0038 sp=F34E
irq#17519 pc=0038 sp=F34E
irq#17520 pc=0038 sp=F34E
irq#17521 pc=0038 sp=F34E
irq#17522 pc=0038 sp=F34E
irq#17523 pc=0038 sp=F34E
irq#17524 pc=0038 sp=F34E
irq#17525 pc=0038 sp=F34E
irq#17526 pc=0038 sp=F34E
irq#17527 pc=0038 sp=F34E
irq#17528 pc=0038 sp=F34E
irq#17529 pc=0038 sp=F34E
irq#17530 pc=0038 sp=F34E
irq#17531 pc=0038 sp=F34E
irq#17532 pc=0038 sp=F34E
irq#17533 pc=0038 sp=F34E
irq#17534 pc=0038 sp=F34E
irq#17535 pc=0038 sp=F34E
irq#17536 pc=0038 sp=F34E
irq#17537 pc=0038 sp=F34E
irq#17538 pc=0038 sp=F34E
irq#17539 pc=0038 sp=F34E
irq#17540 pc=0038 sp=F34E
irq#17541 pc=0038 sp=F34E
irq#17542 pc=0038 sp=F34E
irq#17543 pc=0038 sp=F34E
irq#17544 pc=0038 sp=F340
irq#17545 pc=0038 sp=F34E
irq#17546 pc=0038 sp=F34E
irq#17547 pc=0038 sp=F34E
irq#17548 pc=0038 sp=F34E
irq#17549 pc=0038 sp=F34E
irq#17550 pc=0038 sp=F34E
irq#17551 pc=0038 sp=F34E
irq#17552 pc=0038 sp=F34E
irq#17553 pc=0038 sp=F34E
irq#17554 pc=0038 sp=F34E
irq#17555 pc=0038 sp=F34E
irq#17556 pc=0038 sp=F34E
irq#17557 pc=0038 sp=F34E
irq#17558 pc=0038 sp=F34E
irq#17559 pc=0038 sp=F34E
irq#17560 pc=0038 sp=F34E
irq#17561 pc=0038 sp=F34E
irq#17562 pc=0038 sp=F34E
irq#17563 pc=0038 sp=F34E
irq#17564 pc=0038 sp=F34E
irq#17565 pc=0038 sp=F34E
irq#17566 pc=0038 sp=F34E
irq#17567 pc=0038 sp=F34E
irq#17568 pc=0038 sp=F34E
irq#17569 pc=0038 sp=F34E
irq#17570 pc=0038 sp=F34E
irq#17571 pc=0038 sp=F34E
irq#17572 pc=0038 sp=F34E
irq#17573 pc=0038 sp=F34E
irq#17574 pc=0038 sp=F34E
irq#17575 pc=0038 sp=F34E
irq#17576 pc=0038 sp=F34E
irq#17577 pc=0038 sp=F34E
irq#17578 pc=0038 sp=F34E
irq#17579 pc=0038 sp=F34E
irq#17580 pc=0038 sp=F34E
irq#17581 pc=0038 sp=F34E
irq#17582 pc=0038 sp=F34E
irq#17583 pc=0038 sp=F34E
irq#17584 pc=0038 sp=F34E
irq#17585 pc=0038 sp=F34E
irq#17586 pc=0038 sp=F34E
irq#17587 pc=0038 sp=F34E
irq#17588 pc=0038 sp=F34E
irq#17589 pc=0038 sp=F34E
irq#17590 pc=0038 sp=F34E
irq#17591 pc=0038 sp=F34E
irq#17592 pc=0038 sp=F34E
irq#17593 pc=0038 sp=F34E
irq#17594 pc=0038 sp=F34E
irq#17595 pc=0038 sp=F34E
irq#17596 pc=0038 sp=F34E
irq#17597 pc=0038 sp=F34E
irq#17598 pc=0038 sp=F34E
irq#17599 pc=0038 sp=F34E
irq#17600 pc=0038 sp=F34E
irq#17601 pc=0038 sp=F34E
irq#17602 pc=0038 sp=F34E
irq#17603 pc=0038 sp=F34E
irq#17604 pc=0038 sp=F34E
irq#17605 pc=0038 sp=F34E
irq#17606 pc=0038 sp=F34E
irq#17607 pc=0038 sp=F34E
irq#17608 pc=0038 sp=F34E
irq#17609 pc=0038 sp=F34E
irq#17610 pc=0038 sp=F34E
irq#17611 pc=0038 sp=F34E
irq#17612 pc=0038 sp=F34E
irq#17613 pc=0038 sp=F34E
irq#17614 pc=0038 sp=F34E
irq#17615 pc=0038 sp=F34E
irq#17616 pc=0038 sp=F34E
irq#17617 pc=0038 sp=F34E
irq#17618 pc=0038 sp=F34E
irq#17619 pc=0038 sp=F34E
irq#17620 pc=0038 sp=F34E
irq#17621 pc=0038 sp=F34E
irq#17622 pc=0038 sp=F34E
irq#17623 pc=0038 sp=F34E
irq#17624 pc=0038 sp=F34E
irq#17625 pc=0038 sp=F34E
irq#17626 pc=0038 sp=F34E
irq#17627 pc=0038 sp=F34E
irq#17628 pc=0038 sp=F34E
irq#17629 pc=0038 sp=F34E
irq#17630 pc=0038 sp=F34E
irq#17631 pc=0038 sp=F34E
irq#17632 pc=0038 sp=F34E
irq#17633 pc=0038 sp=F34E
irq#17634 pc=0038 sp=F34E
irq#17635 pc=0038 sp=F34E
irq#17636 pc=0038 sp=F34E
irq#17637 pc=0038 sp=F34E
irq#17638 pc=0038 sp=F34E
irq#17639 pc=0038 sp=F34E
irq#17640 pc=0038 sp=F34E
irq#17641 pc=0038 sp=F34E
irq#17642 pc=0038 sp=F34E
irq#17643 pc=0038 sp=F34E
irq#17644 pc=0038 sp=F34E
irq#17645 pc=0038 sp=F34E
irq#17646 pc=0038 sp=F34E
irq#17647 pc=0038 sp=F34E
irq#17648 pc=0038 sp=F34E
irq#17649 pc=0038 sp=F34E
irq#17650 pc=0038 sp=F34E
irq#17651 pc=0038 sp=F34E
irq#17652 pc=0038 sp=F34E
irq#17653 pc=0038 sp=F34E
irq#17654 pc=0038 sp=F34E
irq#17655 pc=0038 sp=F34E
irq#17656 pc=0038 sp=F34E
irq#17657 pc=0038 sp=F34E
irq#17658 pc=0038 sp=F34E
irq#17659 pc=0038 sp=F34E
irq#17660 pc=0038 sp=F34E
irq#17661 pc=0038 sp=F34E
irq#17662 pc=0038 sp=F34E
irq#17663 pc=0038 sp=F34E
irq#17664 pc=0038 sp=F34E
irq#17665 pc=0038 sp=F34E
irq#17666 pc=0038 sp=F34E
irq#17667 pc=0038 sp=F34E
irq#17668 pc=0038 sp=F34E
irq#17669 pc=0038 sp=F34E
irq#17670 pc=0038 sp=F34E
irq#17671 pc=0038 sp=F34E
irq#17672 pc=0038 sp=F34E
irq#17673 pc=0038 sp=F34E
irq#17674 pc=0038 sp=F34E
irq#17675 pc=0038 sp=F34E
irq#17676 pc=0038 sp=F34E
irq#17677 pc=0038 sp=F34E
irq#17678 pc=0038 sp=F34E
irq#17679 pc=0038 sp=F34E
irq#17680 pc=0038 sp=F34E
irq#17681 pc=0038 sp=F34E
irq#17682 pc=0038 sp=F34E
irq#17683 pc=0038 sp=F34E
irq#17684 pc=0038 sp=F34E
irq#17685 pc=0038 sp=F34E
irq#17686 pc=0038 sp=F34E
irq#17687 pc=0038 sp=F34E
irq#17688 pc=0038 sp=F34E
irq#17689 pc=0038 sp=F34E
irq#17690 pc=0038 sp=F34E
irq#17691 pc=0038 sp=F34E
irq#17692 pc=0038 sp=F34E
irq#17693 pc=0038 sp=F34E
irq#17694 pc=0038 sp=F34E
irq#17695 pc=0038 sp=F34E
irq#17696 pc=0038 sp=F34E
irq#17697 pc=0038 sp=F34E
irq#17698 pc=0038 sp=F34E
irq#17699 pc=0038 sp=F34E
irq#17700 pc=0038 sp=F34E
irq#17701 pc=0038 sp=F34E
irq#17702 pc=0038 sp=F34E
irq#17703 pc=0038 sp=F34E
irq#17704 pc=0038 sp=F34E
irq#17705 pc=0038 sp=F34E
irq#17706 pc=0038 sp=F34E
irq#17707 pc=0038 sp=F34E
irq#17708 pc=0038 sp=F34E
irq#17709 pc=0038 sp=F34E
irq#17710 pc=0038 sp=F34E
irq#17711 pc=0038 sp=F34E
irq#17712 pc=0038 sp=F34E
irq#17713 pc=0038 sp=F34E
irq#17714 pc=0038 sp=F34E
irq#17715 pc=0038 sp=F34E
irq#17716 pc=0038 sp=F34E
irq#17717 pc=0038 sp=F34E
irq#17718 pc=0038 sp=F34E
irq#17719 pc=0038 sp=F34E
irq#17720 pc=0038 sp=F34E
irq#17721 pc=0038 sp=F34E
irq#17722 pc=0038 sp=F34E
irq#17723 pc=0038 sp=F34E
irq#17724 pc=0038 sp=F34E
irq#17725 pc=0038 sp=F34E
irq#17726 pc=0038 sp=F34E
irq#17727 pc=0038 sp=F34E
irq#17728 pc=0038 sp=F344
irq#17729 pc=0038 sp=F34E
irq#17730 pc=0038 sp=F34E
irq#17731 pc=0038 sp=F34E
irq#17732 pc=0038 sp=F34E
irq#17733 pc=0038 sp=F34E
irq#17734 pc=0038 sp=F34E
irq#17735 pc=0038 sp=F34E
irq#17736 pc=0038 sp=F34E
irq#17737 pc=0038 sp=F34E
irq#17738 pc=0038 sp=F34E
irq#17739 pc=0038 sp=F34E
irq#17740 pc=0038 sp=F34E
irq#17741 pc=0038 sp=F34E
irq#17742 pc=0038 sp=F34E
irq#17743 pc=0038 sp=F34E
irq#17744 pc=0038 sp=F34E
irq#17745 pc=0038 sp=F34E
irq#17746 pc=0038 sp=F34E
irq#17747 pc=0038 sp=F34E
irq#17748 pc=0038 sp=F34E
irq#17749 pc=0038 sp=F34E
irq#17750 pc=0038 sp=F34E
irq#17751 pc=0038 sp=F34E
irq#17752 pc=0038 sp=F34E
irq#17753 pc=0038 sp=F34E
irq#17754 pc=0038 sp=F34E
irq#17755 pc=0038 sp=F34E
irq#17756 pc=0038 sp=F34E
irq#17757 pc=0038 sp=F34E
irq#17758 pc=0038 sp=F34E
irq#17759 pc=0038 sp=F34E
irq#17760 pc=0038 sp=F34E
irq#17761 pc=0038 sp=F34E
irq#17762 pc=0038 sp=F34E
irq#17763 pc=0038 sp=F34E
irq#17764 pc=0038 sp=F34E
irq#17765 pc=0038 sp=F34E
irq#17766 pc=0038 sp=F34E
irq#17767 pc=0038 sp=F34E
irq#17768 pc=0038 sp=F34E
irq#17769 pc=0038 sp=F34E
irq#17770 pc=0038 sp=F34E
irq#17771 pc=0038 sp=F34E
irq#17772 pc=0038 sp=F34E
irq#17773 pc=0038 sp=F34E
irq#17774 pc=0038 sp=F34E
irq#17775 pc=0038 sp=F34E
irq#17776 pc=0038 sp=F34E
irq#17777 pc=0038 sp=F34E
irq#17778 pc=0038 sp=F34E
irq#17779 pc=0038 sp=F34E
irq#17780 pc=0038 sp=F34E
irq#17781 pc=0038 sp=F34E
irq#17782 pc=0038 sp=F34E
irq#17783 pc=0038 sp=F34E
irq#17784 pc=0038 sp=F34E
irq#17785 pc=0038 sp=F34E
irq#17786 pc=0038 sp=F34E
irq#17787 pc=0038 sp=F34E
irq#17788 pc=0038 sp=F34E
irq#17789 pc=0038 sp=F34E
irq#17790 pc=0038 sp=F34E
irq#17791 pc=0038 sp=F34E
irq#17792 pc=0038 sp=F34E
irq#17793 pc=0038 sp=F34E
irq#17794 pc=0038 sp=F34E
irq#17795 pc=0038 sp=F34E
irq#17796 pc=0038 sp=F34E
irq#17797 pc=0038 sp=F34E
irq#17798 pc=0038 sp=F34E
irq#17799 pc=0038 sp=F34E
irq#17800 pc=0038 sp=F34E
irq#17801 pc=0038 sp=F34E
irq#17802 pc=0038 sp=F34E
irq#17803 pc=0038 sp=F34E
irq#17804 pc=0038 sp=F34E
irq#17805 pc=0038 sp=F34E
irq#17806 pc=0038 sp=F34E
irq#17807 pc=0038 sp=F34E
irq#17808 pc=0038 sp=F34E
irq#17809 pc=0038 sp=F34E
irq#17810 pc=0038 sp=F34E
irq#17811 pc=0038 sp=F34E
irq#17812 pc=0038 sp=F34E
irq#17813 pc=0038 sp=F34E
irq#17814 pc=0038 sp=F34E
irq#17815 pc=0038 sp=F34E
irq#17816 pc=0038 sp=F34E
irq#17817 pc=0038 sp=F34E
irq#17818 pc=0038 sp=F34E
irq#17819 pc=0038 sp=F34E
irq#17820 pc=0038 sp=F34E
irq#17821 pc=0038 sp=F34E
irq#17822 pc=0038 sp=F34E
irq#17823 pc=0038 sp=F34E
irq#17824 pc=0038 sp=F34E
irq#17825 pc=0038 sp=F34E
irq#17826 pc=0038 sp=F34E
irq#17827 pc=0038 sp=F34E
irq#17828 pc=0038 sp=F34E
irq#17829 pc=0038 sp=F34E
irq#17830 pc=0038 sp=F34E
irq#17831 pc=0038 sp=F34E
irq#17832 pc=0038 sp=F34E
irq#17833 pc=0038 sp=F34E
irq#17834 pc=0038 sp=F34E
irq#17835 pc=0038 sp=F34E
irq#17836 pc=0038 sp=F34E
irq#17837 pc=0038 sp=F34E
irq#17838 pc=0038 sp=F34E
irq#17839 pc=0038 sp=F34E
irq#17840 pc=0038 sp=F34E
irq#17841 pc=0038 sp=F34E
irq#17842 pc=0038 sp=F34E
irq#17843 pc=0038 sp=F34E
irq#17844 pc=0038 sp=F34E
irq#17845 pc=0038 sp=F34E
irq#17846 pc=0038 sp=F34E
irq#17847 pc=0038 sp=F34E
irq#17848 pc=0038 sp=F34E
irq#17849 pc=0038 sp=F34E
irq#17850 pc=0038 sp=F34E
irq#17851 pc=0038 sp=F34E
irq#17852 pc=0038 sp=F34E
irq#17853 pc=0038 sp=F34E
irq#17854 pc=0038 sp=F34E
irq#17855 pc=0038 sp=F34E
irq#17856 pc=0038 sp=F34E
irq#17857 pc=0038 sp=F34E
irq#17858 pc=0038 sp=F34E
irq#17859 pc=0038 sp=F34E
irq#17860 pc=0038 sp=F34E
irq#17861 pc=0038 sp=F34E
irq#17862 pc=0038 sp=F34E
irq#17863 pc=0038 sp=F34E
irq#17864 pc=0038 sp=F34E
irq#17865 pc=0038 sp=F34E
irq#17866 pc=0038 sp=F34E
irq#17867 pc=0038 sp=F34E
irq#17868 pc=0038 sp=F34E
irq#17869 pc=0038 sp=F34E
irq#17870 pc=0038 sp=F34E
irq#17871 pc=0038 sp=F34E
irq#17872 pc=0038 sp=F34E
irq#17873 pc=0038 sp=F34E
irq#17874 pc=0038 sp=F34E
irq#17875 pc=0038 sp=F34E
irq#17876 pc=0038 sp=F34E
irq#17877 pc=0038 sp=F34E
irq#17878 pc=0038 sp=F34E
irq#17879 pc=0038 sp=F34E
irq#17880 pc=0038 sp=F34E
irq#17881 pc=0038 sp=F34E
irq#17882 pc=0038 sp=F34E
irq#17883 pc=0038 sp=F34E
irq#17884 pc=0038 sp=F34E
irq#17885 pc=0038 sp=F34E
irq#17886 pc=0038 sp=F34E
irq#17887 pc=0038 sp=F34E
irq#17888 pc=0038 sp=F34E
irq#17889 pc=0038 sp=F34E
irq#17890 pc=0038 sp=F34E
irq#17891 pc=0038 sp=F34E
irq#17892 pc=0038 sp=F34E
irq#17893 pc=0038 sp=F34E
irq#17894 pc=0038 sp=F34E
irq#17895 pc=0038 sp=F34E
irq#17896 pc=0038 sp=F34E
irq#17897 pc=0038 sp=F34E
irq#17898 pc=0038 sp=F34E
irq#17899 pc=0038 sp=F34E
irq#17900 pc=0038 sp=F34E
irq#17901 pc=0038 sp=F34E
irq#17902 pc=0038 sp=F34E
irq#17903 pc=0038 sp=F34E
irq#17904 pc=0038 sp=F34E
irq#17905 pc=0038 sp=F34E
irq#17906 pc=0038 sp=F34E
irq#17907 pc=0038 sp=F34E
irq#17908 pc=0038 sp=F34E
irq#17909 pc=0038 sp=F34E
irq#17910 pc=0038 sp=F34E
irq#17911 pc=0038 sp=F34E
irq#17912 pc=0038 sp=F348
irq#17913 pc=0038 sp=F34E
irq#17914 pc=0038 sp=F34E
irq#17915 pc=0038 sp=F34E
irq#17916 pc=0038 sp=F34E
irq#17917 pc=0038 sp=F34E
irq#17918 pc=0038 sp=F34E
irq#17919 pc=0038 sp=F34E
irq#17920 pc=0038 sp=F34E
irq#17921 pc=0038 sp=F34E
irq#17922 pc=0038 sp=F34E
irq#17923 pc=0038 sp=F34E
irq#17924 pc=0038 sp=F34E
irq#17925 pc=0038 sp=F34E
irq#17926 pc=0038 sp=F34E
irq#17927 pc=0038 sp=F34E
irq#17928 pc=0038 sp=F34E
irq#17929 pc=0038 sp=F34E
irq#17930 pc=0038 sp=F34E
irq#17931 pc=0038 sp=F34E
irq#17932 pc=0038 sp=F34E
irq#17933 pc=0038 sp=F34E
irq#17934 pc=0038 sp=F34E
irq#17935 pc=0038 sp=F34E
irq#17936 pc=0038 sp=F34E
irq#17937 pc=0038 sp=F34E
irq#17938 pc=0038 sp=F34E
irq#17939 pc=0038 sp=F34E
irq#17940 pc=0038 sp=F34E
irq#17941 pc=0038 sp=F34E
irq#17942 pc=0038 sp=F34E
irq#17943 pc=0038 sp=F34E
irq#17944 pc=0038 sp=F34E
irq#17945 pc=0038 sp=F34E
irq#17946 pc=0038 sp=F34E
irq#17947 pc=0038 sp=F34E
irq#17948 pc=0038 sp=F34E
irq#17949 pc=0038 sp=F34E
irq#17950 pc=0038 sp=F34E
irq#17951 pc=0038 sp=F34E
irq#17952 pc=0038 sp=F34E
irq#17953 pc=0038 sp=F34E
irq#17954 pc=0038 sp=F34E
irq#17955 pc=0038 sp=F34E
irq#17956 pc=0038 sp=F34E
irq#17957 pc=0038 sp=F34E
irq#17958 pc=0038 sp=F34E
irq#17959 pc=0038 sp=F34E
irq#17960 pc=0038 sp=F34E
irq#17961 pc=0038 sp=F34E
irq#17962 pc=0038 sp=F34E
irq#17963 pc=0038 sp=F34E
irq#17964 pc=0038 sp=F34E
irq#17965 pc=0038 sp=F34E
irq#17966 pc=0038 sp=F34E
irq#17967 pc=0038 sp=F34E
irq#17968 pc=0038 sp=F34E
irq#17969 pc=0038 sp=F34E
irq#17970 pc=0038 sp=F34E
irq#17971 pc=0038 sp=F34E
irq#17972 pc=0038 sp=F34E
irq#17973 pc=0038 sp=F34E
irq#17974 pc=0038 sp=F34E
irq#17975 pc=0038 sp=F34E
irq#17976 pc=0038 sp=F34E
irq#17977 pc=0038 sp=F34E
irq#17978 pc=0038 sp=F34E
irq#17979 pc=0038 sp=F34E
irq#17980 pc=0038 sp=F34E
irq#17981 pc=0038 sp=F34E
irq#17982 pc=0038 sp=F34E
irq#17983 pc=0038 sp=F34E
irq#17984 pc=0038 sp=F34E
irq#17985 pc=0038 sp=F34E
irq#17986 pc=0038 sp=F34E
irq#17987 pc=0038 sp=F34E
irq#17988 pc=0038 sp=F34E
irq#17989 pc=0038 sp=F34E
irq#17990 pc=0038 sp=F34E
irq#17991 pc=0038 sp=F34E
irq#17992 pc=0038 sp=F34E
irq#17993 pc=0038 sp=F34E
irq#17994 pc=0038 sp=F34E
irq#17995 pc=0038 sp=F34E
irq#17996 pc=0038 sp=F34E
irq#17997 pc=0038 sp=F34E
irq#17998 pc=0038 sp=F34E
irq#17999 pc=0038 sp=F34E
irq#18000 pc=0038 sp=F34E
irq#18001 pc=0038 sp=F34E
irq#18002 pc=0038 sp=F34E
irq#18003 pc=0038 sp=F34E
irq#18004 pc=0038 sp=F34E
irq#18005 pc=0038 sp=F34E
irq#18006 pc=0038 sp=F34E
irq#18007 pc=0038 sp=F34E
irq#18008 pc=0038 sp=F34E
irq#18009 pc=0038 sp=F34E
irq#18010 pc=0038 sp=F34E
irq#18011 pc=0038 sp=F34E
irq#18012 pc=0038 sp=F34E
irq#18013 pc=0038 sp=F34E
irq#18014 pc=0038 sp=F34E
irq#18015 pc=0038 sp=F34E
irq#18016 pc=0038 sp=F34E
irq#18017 pc=0038 sp=F34E
irq#18018 pc=0038 sp=F34E
irq#18019 pc=0038 sp=F34E
irq#18020 pc=0038 sp=F34E
irq#18021 pc=0038 sp=F34E
irq#18022 pc=0038 sp=F34E
irq#18023 pc=0038 sp=F34E
irq#18024 pc=0038 sp=F34E
irq#18025 pc=0038 sp=F34E
irq#18026 pc=0038 sp=F34E
irq#18027 pc=0038 sp=F34E
irq#18028 pc=0038 sp=F34E
irq#18029 pc=0038 sp=F34E
irq#18030 pc=0038 sp=F34E
irq#18031 pc=0038 sp=F34E
irq#18032 pc=0038 sp=F34E
irq#18033 pc=0038 sp=F34E
irq#18034 pc=0038 sp=F34E
irq#18035 pc=0038 sp=F34E
irq#18036 pc=0038 sp=F34E
irq#18037 pc=0038 sp=F34E
irq#18038 pc=0038 sp=F34E
irq#18039 pc=0038 sp=F34E
irq#18040 pc=0038 sp=F34E
irq#18041 pc=0038 sp=F34E
irq#18042 pc=0038 sp=F34E
irq#18043 pc=0038 sp=F34E
irq#18044 pc=0038 sp=F34E
irq#18045 pc=0038 sp=F34E
irq#18046 pc=0038 sp=F34E
irq#18047 pc=0038 sp=F34E
irq#18048 pc=0038 sp=F34E
irq#18049 pc=0038 sp=F34E
irq#18050 pc=0038 sp=F34E
irq#18051 pc=0038 sp=F34E
irq#18052 pc=0038 sp=F34E
irq#18053 pc=0038 sp=F34E
irq#18054 pc=0038 sp=F34E
irq#18055 pc=0038 sp=F34E
irq#18056 pc=0038 sp=F34E
irq#18057 pc=0038 sp=F34E
irq#18058 pc=0038 sp=F34E
irq#18059 pc=0038 sp=F34E
irq#18060 pc=0038 sp=F34E
irq#18061 pc=0038 sp=F34E
irq#18062 pc=0038 sp=F34E
irq#18063 pc=0038 sp=F34E
irq#18064 pc=0038 sp=F34E
irq#18065 pc=0038 sp=F34E
irq#18066 pc=0038 sp=F34E
irq#18067 pc=0038 sp=F34E
irq#18068 pc=0038 sp=F34E
irq#18069 pc=0038 sp=F34E
irq#18070 pc=0038 sp=F34E
irq#18071 pc=0038 sp=F34E
irq#18072 pc=0038 sp=F34E
irq#18073 pc=0038 sp=F34E
irq#18074 pc=0038 sp=F34E
irq#18075 pc=0038 sp=F34E
irq#18076 pc=0038 sp=F34E
irq#18077 pc=0038 sp=F34E
irq#18078 pc=0038 sp=F34E
irq#18079 pc=0038 sp=F34E
irq#18080 pc=0038 sp=F34E
irq#18081 pc=0038 sp=F34E
irq#18082 pc=0038 sp=F34E
irq#18083 pc=0038 sp=F34E
irq#18084 pc=0038 sp=F34E
irq#18085 pc=0038 sp=F34E
irq#18086 pc=0038 sp=F34E
irq#18087 pc=0038 sp=F34E
irq#18088 pc=0038 sp=F34E
irq#18089 pc=0038 sp=F34E
irq#18090 pc=0038 sp=F34E
irq#18091 pc=0038 sp=F34E
irq#18092 pc=0038 sp=F34E
irq#18093 pc=0038 sp=F34E
irq#18094 pc=0038 sp=F34E
irq#18095 pc=0038 sp=F34E
irq#18096 pc=0038 sp=F34E
irq#18097 pc=0038 sp=F34E
irq#18098 pc=0038 sp=F34E
irq#18099 pc=0038 sp=F34E
irq#18100 pc=0038 sp=F34E
irq#18101 pc=0038 sp=F34E
irq#18102 pc=0038 sp=F34E
irq#18103 pc=0038 sp=F34E
irq#18104 pc=0038 sp=F34E
irq#18105 pc=0038 sp=F34E
irq#18106 pc=0038 sp=F34E
irq#18107 pc=0038 sp=F34E
irq#18108 pc=0038 sp=F34E
irq#18109 pc=0038 sp=F34E
irq#18110 pc=0038 sp=F34E
irq#18111 pc=0038 sp=F34E
irq#18112 pc=0038 sp=F34E
irq#18113 pc=0038 sp=F34E
irq#18114 pc=0038 sp=F34E
irq#18115 pc=0038 sp=F34E
irq#18116 pc=0038 sp=F34E
irq#18117 pc=0038 sp=F34E
irq#18118 pc=0038 sp=F34E
irq#18119 pc=0038 sp=F34E
irq#18120 pc=0038 sp=F34E
irq#18121 pc=0038 sp=F34E
irq#18122 pc=0038 sp=F34E
irq#18123 pc=0038 sp=F34E
irq#18124 pc=0038 sp=F34E
irq#18125 pc=0038 sp=F34E
irq#18126 pc=0038 sp=F34E
irq#18127 pc=0038 sp=F34E
irq#18128 pc=0038 sp=F34E
irq#18129 pc=0038 sp=F34E
irq#18130 pc=0038 sp=F34E
irq#18131 pc=0038 sp=F34E
irq#18132 pc=0038 sp=F34E
irq#18133 pc=0038 sp=F34E
irq#18134 pc=0038 sp=F34E
irq#18135 pc=0038 sp=F34E
irq#18136 pc=0038 sp=F34E
irq#18137 pc=0038 sp=F34E
irq#18138 pc=0038 sp=F34E
irq#18139 pc=0038 sp=F34E
irq#18140 pc=0038 sp=F34E
irq#18141 pc=0038 sp=F34E
irq#18142 pc=0038 sp=F34E
irq#18143 pc=0038 sp=F34E
irq#18144 pc=0038 sp=F34E
irq#18145 pc=0038 sp=F34E
irq#18146 pc=0038 sp=F34E
irq#18147 pc=0038 sp=F34E
irq#18148 pc=0038 sp=F34E
irq#18149 pc=0038 sp=F34E
irq#18150 pc=0038 sp=F34E
irq#18151 pc=0038 sp=F34E
irq#18152 pc=0038 sp=F34E
irq#18153 pc=0038 sp=F34E
irq#18154 pc=0038 sp=F34E
irq#18155 pc=0038 sp=F34E
irq#18156 pc=0038 sp=F34E
irq#18157 pc=0038 sp=F34E
irq#18158 pc=0038 sp=F34E
irq#18159 pc=0038 sp=F34E
irq#18160 pc=0038 sp=F34E
irq#18161 pc=0038 sp=F34E
irq#18162 pc=0038 sp=F34E
irq#18163 pc=0038 sp=F34E
irq#18164 pc=0038 sp=F34E
irq#18165 pc=0038 sp=F34E
irq#18166 pc=0038 sp=F34E
irq#18167 pc=0038 sp=F34E
irq#18168 pc=0038 sp=F34E
irq#18169 pc=0038 sp=F34E
irq#18170 pc=0038 sp=F34E
irq#18171 pc=0038 sp=F34E
irq#18172 pc=0038 sp=F34E
irq#18173 pc=0038 sp=F34E
irq#18174 pc=0038 sp=F34E
irq#18175 pc=0038 sp=F34E
irq#18176 pc=0038 sp=F34E
irq#18177 pc=0038 sp=F34E
irq#18178 pc=0038 sp=F34E
irq#18179 pc=0038 sp=F34E
irq#18180 pc=0038 sp=F34E
irq#18181 pc=0038 sp=F34E
irq#18182 pc=0038 sp=F34E
irq#18183 pc=0038 sp=F34E
irq#18184 pc=0038 sp=F34E
irq#18185 pc=0038 sp=F34E
irq#18186 pc=0038 sp=F34E
irq#18187 pc=0038 sp=F34E
irq#18188 pc=0038 sp=F34E
irq#18189 pc=0038 sp=F34E
irq#18190 pc=0038 sp=F34E
irq#18191 pc=0038 sp=F34E
irq#18192 pc=0038 sp=F34E
irq#18193 pc=0038 sp=F34E
irq#18194 pc=0038 sp=F34E
irq#18195 pc=0038 sp=F34E
irq#18196 pc=0038 sp=F34E
irq#18197 pc=0038 sp=F34E
irq#18198 pc=0038 sp=F34E
irq#18199 pc=0038 sp=F34E
irq#18200 pc=0038 sp=F34E
irq#18201 pc=0038 sp=F34E
irq#18202 pc=0038 sp=F34E
irq#18203 pc=0038 sp=F34E
irq#18204 pc=0038 sp=F34E
irq#18205 pc=0038 sp=F34E
irq#18206 pc=0038 sp=F34E
irq#18207 pc=0038 sp=F34E
irq#18208 pc=0038 sp=F34E
irq#18209 pc=0038 sp=F34E
irq#18210 pc=0038 sp=F34E
irq#18211 pc=0038 sp=F34E
irq#18212 pc=0038 sp=F34E
irq#18213 pc=0038 sp=F34E
irq#18214 pc=0038 sp=F34E
irq#18215 pc=0038 sp=F34E
irq#18216 pc=0038 sp=F34E
irq#18217 pc=0038 sp=F34E
irq#18218 pc=0038 sp=F34E
irq#18219 pc=0038 sp=F34E
irq#18220 pc=0038 sp=F34E
irq#18221 pc=0038 sp=F34E
irq#18222 pc=0038 sp=F34E
irq#18223 pc=0038 sp=F34E
irq#18224 pc=0038 sp=F34E
irq#18225 pc=0038 sp=F34E
irq#18226 pc=0038 sp=F34E
irq#18227 pc=0038 sp=F34E
irq#18228 pc=0038 sp=F34E
irq#18229 pc=0038 sp=F34E
irq#18230 pc=0038 sp=F34E
irq#18231 pc=0038 sp=F34E
irq#18232 pc=0038 sp=F34E
irq#18233 pc=0038 sp=F34E
irq#18234 pc=0038 sp=F34E
irq#18235 pc=0038 sp=F34E
irq#18236 pc=0038 sp=F34E
irq#18237 pc=0038 sp=F34E
irq#18238 pc=0038 sp=F34E
irq#18239 pc=0038 sp=F34E
irq#18240 pc=0038 sp=F34E
irq#18241 pc=0038 sp=F34E
irq#18242 pc=0038 sp=F34E
irq#18243 pc=0038 sp=F34E
irq#18244 pc=0038 sp=F34E
irq#18245 pc=0038 sp=F34E
irq#18246 pc=0038 sp=F34E
irq#18247 pc=0038 sp=F34E
irq#18248 pc=0038 sp=F34E
irq#18249 pc=0038 sp=F34E
irq#18250 pc=0038 sp=F34E
irq#18251 pc=0038 sp=F34E
irq#18252 pc=0038 sp=F34E
irq#18253 pc=0038 sp=F34E
irq#18254 pc=0038 sp=F34E
irq#18255 pc=0038 sp=F34E
irq#18256 pc=0038 sp=F34E
irq#18257 pc=0038 sp=F34E
irq#18258 pc=0038 sp=F34E
irq#18259 pc=0038 sp=F34E
irq#18260 pc=0038 sp=F34E
irq#18261 pc=0038 sp=F34E
irq#18262 pc=0038 sp=F34E
irq#18263 pc=0038 sp=F34E
irq#18264 pc=0038 sp=F34E
irq#18265 pc=0038 sp=F34E
irq#18266 pc=0038 sp=F34E
irq#18267 pc=0038 sp=F34E
irq#18268 pc=0038 sp=F34E
irq#18269 pc=0038 sp=F34E
irq#18270 pc=0038 sp=F34E
irq#18271 pc=0038 sp=F34E
irq#18272 pc=0038 sp=F34E
irq#18273 pc=0038 sp=F34E
irq#18274 pc=0038 sp=F34E
irq#18275 pc=0038 sp=F34E
irq#18276 pc=0038 sp=F34E
irq#18277 pc=0038 sp=F34E
irq#18278 pc=0038 sp=F34E
irq#18279 pc=0038 sp=F34E
irq#18280 pc=0038 sp=F34E
irq#18281 pc=0038 sp=F34C
irq#18282 pc=0038 sp=F34E
irq#18283 pc=0038 sp=F34E
irq#18284 pc=0038 sp=F34E
irq#18285 pc=0038 sp=F34E
irq#18286 pc=0038 sp=F34E
irq#18287 pc=0038 sp=F34E
irq#18288 pc=0038 sp=F34E
irq#18289 pc=0038 sp=F34E
irq#18290 pc=0038 sp=F34E
irq#18291 pc=0038 sp=F34E
irq#18292 pc=0038 sp=F34E
irq#18293 pc=0038 sp=F34E
irq#18294 pc=0038 sp=F34E
irq#18295 pc=0038 sp=F34E
irq#18296 pc=0038 sp=F34E
irq#18297 pc=0038 sp=F34E
irq#18298 pc=0038 sp=F34E
irq#18299 pc=0038 sp=F34E
irq#18300 pc=0038 sp=F34E
irq#18301 pc=0038 sp=F34E
irq#18302 pc=0038 sp=F34E
irq#18303 pc=0038 sp=F34E
irq#18304 pc=0038 sp=F34E
irq#18305 pc=0038 sp=F34E
irq#18306 pc=0038 sp=F34E
irq#18307 pc=0038 sp=F34E
irq#18308 pc=0038 sp=F34E
irq#18309 pc=0038 sp=F34E
irq#18310 pc=0038 sp=F34E
irq#18311 pc=0038 sp=F34E
irq#18312 pc=0038 sp=F34E
irq#18313 pc=0038 sp=F34E
irq#18314 pc=0038 sp=F34E
irq#18315 pc=0038 sp=F34E
irq#18316 pc=0038 sp=F34E
irq#18317 pc=0038 sp=F34E
irq#18318 pc=0038 sp=F34E
irq#18319 pc=0038 sp=F34E
irq#18320 pc=0038 sp=F34E
irq#18321 pc=0038 sp=F34E
irq#18322 pc=0038 sp=F34E
irq#18323 pc=0038 sp=F34E
irq#18324 pc=0038 sp=F34E
irq#18325 pc=0038 sp=F34E
irq#18326 pc=0038 sp=F34E
irq#18327 pc=0038 sp=F34E
irq#18328 pc=0038 sp=F34E
irq#18329 pc=0038 sp=F34E
irq#18330 pc=0038 sp=F34E
irq#18331 pc=0038 sp=F34E
irq#18332 pc=0038 sp=F34E
irq#18333 pc=0038 sp=F34E
irq#18334 pc=0038 sp=F34E
irq#18335 pc=0038 sp=F34E
irq#18336 pc=0038 sp=F34E
irq#18337 pc=0038 sp=F34E
irq#18338 pc=0038 sp=F34E
irq#18339 pc=0038 sp=F34E
irq#18340 pc=0038 sp=F34E
irq#18341 pc=0038 sp=F34E
irq#18342 pc=0038 sp=F34E
irq#18343 pc=0038 sp=F34E
irq#18344 pc=0038 sp=F34E
irq#18345 pc=0038 sp=F34E
irq#18346 pc=0038 sp=F34E
irq#18347 pc=0038 sp=F34E
irq#18348 pc=0038 sp=F34E
irq#18349 pc=0038 sp=F34E
irq#18350 pc=0038 sp=F34E
irq#18351 pc=0038 sp=F34E
irq#18352 pc=0038 sp=F34E
irq#18353 pc=0038 sp=F34E
irq#18354 pc=0038 sp=F34E
irq#18355 pc=0038 sp=F34E
irq#18356 pc=0038 sp=F34E
irq#18357 pc=0038 sp=F34E
irq#18358 pc=0038 sp=F34E
irq#18359 pc=0038 sp=F34E
irq#18360 pc=0038 sp=F34E
irq#18361 pc=0038 sp=F34E
irq#18362 pc=0038 sp=F34E
irq#18363 pc=0038 sp=F34E
irq#18364 pc=0038 sp=F34E
irq#18365 pc=0038 sp=F34E
irq#18366 pc=0038 sp=F34E
irq#18367 pc=0038 sp=F34E
irq#18368 pc=0038 sp=F34E
irq#18369 pc=0038 sp=F34E
irq#18370 pc=0038 sp=F34E
irq#18371 pc=0038 sp=F34E
irq#18372 pc=0038 sp=F34E
irq#18373 pc=0038 sp=F34E
irq#18374 pc=0038 sp=F34E
irq#18375 pc=0038 sp=F34E
irq#18376 pc=0038 sp=F34E
irq#18377 pc=0038 sp=F34E
irq#18378 pc=0038 sp=F34E
irq#18379 pc=0038 sp=F34E
irq#18380 pc=0038 sp=F34E
irq#18381 pc=0038 sp=F34E
irq#18382 pc=0038 sp=F34E
irq#18383 pc=0038 sp=F34E
irq#18384 pc=0038 sp=F34E
irq#18385 pc=0038 sp=F34E
irq#18386 pc=0038 sp=F34E
irq#18387 pc=0038 sp=F34E
irq#18388 pc=0038 sp=F34E
irq#18389 pc=0038 sp=F34E
irq#18390 pc=0038 sp=F34E
irq#18391 pc=0038 sp=F34E
irq#18392 pc=0038 sp=F34E
irq#18393 pc=0038 sp=F34E
irq#18394 pc=0038 sp=F34E
irq#18395 pc=0038 sp=F34E
irq#18396 pc=0038 sp=F34E
irq#18397 pc=0038 sp=F34E
irq#18398 pc=0038 sp=F34E
irq#18399 pc=0038 sp=F34E
irq#18400 pc=0038 sp=F34E
irq#18401 pc=0038 sp=F34E
irq#18402 pc=0038 sp=F34E
irq#18403 pc=0038 sp=F34E
irq#18404 pc=0038 sp=F34E
irq#18405 pc=0038 sp=F34E
irq#18406 pc=0038 sp=F34E
irq#18407 pc=0038 sp=F34E
irq#18408 pc=0038 sp=F34E
irq#18409 pc=0038 sp=F34E
irq#18410 pc=0038 sp=F34E
irq#18411 pc=0038 sp=F34E
irq#18412 pc=0038 sp=F34E
irq#18413 pc=0038 sp=F34E
irq#18414 pc=0038 sp=F34E
irq#18415 pc=0038 sp=F34E
irq#18416 pc=0038 sp=F34E
irq#18417 pc=0038 sp=F34E
irq#18418 pc=0038 sp=F34E
irq#18419 pc=0038 sp=F34E
irq#18420 pc=0038 sp=F34E
irq#18421 pc=0038 sp=F34E
irq#18422 pc=0038 sp=F34E
irq#18423 pc=0038 sp=F34E
irq#18424 pc=0038 sp=F34E
irq#18425 pc=0038 sp=F34E
irq#18426 pc=0038 sp=F34E
irq#18427 pc=0038 sp=F34E
irq#18428 pc=0038 sp=F34E
irq#18429 pc=0038 sp=F34E
irq#18430 pc=0038 sp=F34E
irq#18431 pc=0038 sp=F34E
irq#18432 pc=0038 sp=F34E
irq#18433 pc=0038 sp=F34E
irq#18434 pc=0038 sp=F34E
irq#18435 pc=0038 sp=F34E
irq#18436 pc=0038 sp=F34E
irq#18437 pc=0038 sp=F34E
irq#18438 pc=0038 sp=F34E
irq#18439 pc=0038 sp=F34E
irq#18440 pc=0038 sp=F34E
irq#18441 pc=0038 sp=F34E
irq#18442 pc=0038 sp=F34E
irq#18443 pc=0038 sp=F34E
irq#18444 pc=0038 sp=F34E
irq#18445 pc=0038 sp=F34E
irq#18446 pc=0038 sp=F34E
irq#18447 pc=0038 sp=F34E
irq#18448 pc=0038 sp=F34E
irq#18449 pc=0038 sp=F34E
irq#18450 pc=0038 sp=F34E
irq#18451 pc=0038 sp=F34E
irq#18452 pc=0038 sp=F34E
irq#18453 pc=0038 sp=F34E
irq#18454 pc=0038 sp=F34E
irq#18455 pc=0038 sp=F34E
irq#18456 pc=0038 sp=F34E
irq#18457 pc=0038 sp=F34E
irq#18458 pc=0038 sp=F34E
irq#18459 pc=0038 sp=F34E
irq#18460 pc=0038 sp=F34E
irq#18461 pc=0038 sp=F34E
irq#18462 pc=0038 sp=F34E
irq#18463 pc=0038 sp=F34E
irq#18464 pc=0038 sp=F34E
irq#18465 pc=0038 sp=F346
irq#18466 pc=0038 sp=F34E
irq#18467 pc=0038 sp=F34E
irq#18468 pc=0038 sp=F34E
irq#18469 pc=0038 sp=F34E
irq#18470 pc=0038 sp=F34E
irq#18471 pc=0038 sp=F34E
irq#18472 pc=0038 sp=F34E
irq#18473 pc=0038 sp=F34E
irq#18474 pc=0038 sp=F34E
irq#18475 pc=0038 sp=F34E
irq#18476 pc=0038 sp=F34E
irq#18477 pc=0038 sp=F34E
irq#18478 pc=0038 sp=F34E
irq#18479 pc=0038 sp=F34E
irq#18480 pc=0038 sp=F34E
irq#18481 pc=0038 sp=F34E
irq#18482 pc=0038 sp=F34E
irq#18483 pc=0038 sp=F34E
irq#18484 pc=0038 sp=F34E
irq#18485 pc=0038 sp=F34E
irq#18486 pc=0038 sp=F34E
irq#18487 pc=0038 sp=F34E
irq#18488 pc=0038 sp=F34E
irq#18489 pc=0038 sp=F34E
irq#18490 pc=0038 sp=F34E
irq#18491 pc=0038 sp=F34E
irq#18492 pc=0038 sp=F34E
irq#18493 pc=0038 sp=F34E
irq#18494 pc=0038 sp=F34E
irq#18495 pc=0038 sp=F34E
irq#18496 pc=0038 sp=F34E
irq#18497 pc=0038 sp=F34E
irq#18498 pc=0038 sp=F34E
irq#18499 pc=0038 sp=F34E
irq#18500 pc=0038 sp=F34E
irq#18501 pc=0038 sp=F34E
irq#18502 pc=0038 sp=F34E
irq#18503 pc=0038 sp=F34E
irq#18504 pc=0038 sp=F34E
irq#18505 pc=0038 sp=F34E
irq#18506 pc=0038 sp=F34E
irq#18507 pc=0038 sp=F34E
irq#18508 pc=0038 sp=F34E
irq#18509 pc=0038 sp=F34E
irq#18510 pc=0038 sp=F34E
irq#18511 pc=0038 sp=F34E
irq#18512 pc=0038 sp=F34E
irq#18513 pc=0038 sp=F34E
irq#18514 pc=0038 sp=F34E
irq#18515 pc=0038 sp=F34E
irq#18516 pc=0038 sp=F34E
irq#18517 pc=0038 sp=F34E
irq#18518 pc=0038 sp=F34E
irq#18519 pc=0038 sp=F34E
irq#18520 pc=0038 sp=F34E
irq#18521 pc=0038 sp=F34E
irq#18522 pc=0038 sp=F34E
irq#18523 pc=0038 sp=F34E
irq#18524 pc=0038 sp=F34E
irq#18525 pc=0038 sp=F34E
irq#18526 pc=0038 sp=F34E
irq#18527 pc=0038 sp=F34E
irq#18528 pc=0038 sp=F34E
irq#18529 pc=0038 sp=F34E
irq#18530 pc=0038 sp=F34E
irq#18531 pc=0038 sp=F34E
irq#18532 pc=0038 sp=F34E
irq#18533 pc=0038 sp=F34E
irq#18534 pc=0038 sp=F34E
irq#18535 pc=0038 sp=F34E
irq#18536 pc=0038 sp=F34E
irq#18537 pc=0038 sp=F34E
irq#18538 pc=0038 sp=F34E
irq#18539 pc=0038 sp=F34E
irq#18540 pc=0038 sp=F34E
irq#18541 pc=0038 sp=F34E
irq#18542 pc=0038 sp=F34E
irq#18543 pc=0038 sp=F34E
irq#18544 pc=0038 sp=F34E
irq#18545 pc=0038 sp=F34E
irq#18546 pc=0038 sp=F34E
irq#18547 pc=0038 sp=F34E
irq#18548 pc=0038 sp=F34E
irq#18549 pc=0038 sp=F34E
irq#18550 pc=0038 sp=F34E
irq#18551 pc=0038 sp=F34E
irq#18552 pc=0038 sp=F34E
irq#18553 pc=0038 sp=F34E
irq#18554 pc=0038 sp=F34E
irq#18555 pc=0038 sp=F34E
irq#18556 pc=0038 sp=F34E
irq#18557 pc=0038 sp=F34E
irq#18558 pc=0038 sp=F34E
irq#18559 pc=0038 sp=F34E
irq#18560 pc=0038 sp=F34E
irq#18561 pc=0038 sp=F34E
irq#18562 pc=0038 sp=F34E
irq#18563 pc=0038 sp=F34E
irq#18564 pc=0038 sp=F34E
irq#18565 pc=0038 sp=F34E
irq#18566 pc=0038 sp=F34E
irq#18567 pc=0038 sp=F34E
irq#18568 pc=0038 sp=F34E
irq#18569 pc=0038 sp=F34E
irq#18570 pc=0038 sp=F34E
irq#18571 pc=0038 sp=F34E
irq#18572 pc=0038 sp=F34E
irq#18573 pc=0038 sp=F34E
irq#18574 pc=0038 sp=F34E
irq#18575 pc=0038 sp=F34E
irq#18576 pc=0038 sp=F34E
irq#18577 pc=0038 sp=F34E
irq#18578 pc=0038 sp=F34E
irq#18579 pc=0038 sp=F34E
irq#18580 pc=0038 sp=F34E
irq#18581 pc=0038 sp=F34E
irq#18582 pc=0038 sp=F34E
irq#18583 pc=0038 sp=F34E
irq#18584 pc=0038 sp=F34E
irq#18585 pc=0038 sp=F34E
irq#18586 pc=0038 sp=F34E
irq#18587 pc=0038 sp=F34E
irq#18588 pc=0038 sp=F34E
irq#18589 pc=0038 sp=F34E
irq#18590 pc=0038 sp=F34E
irq#18591 pc=0038 sp=F34E
irq#18592 pc=0038 sp=F34E
irq#18593 pc=0038 sp=F34E
irq#18594 pc=0038 sp=F34E
irq#18595 pc=0038 sp=F34E
irq#18596 pc=0038 sp=F34E
irq#18597 pc=0038 sp=F34E
irq#18598 pc=0038 sp=F34E
irq#18599 pc=0038 sp=F34E
irq#18600 pc=0038 sp=F34E
irq#18601 pc=0038 sp=F34E
irq#18602 pc=0038 sp=F34E
irq#18603 pc=0038 sp=F34E
irq#18604 pc=0038 sp=F34E
irq#18605 pc=0038 sp=F34E
irq#18606 pc=0038 sp=F34E
irq#18607 pc=0038 sp=F34E
irq#18608 pc=0038 sp=F34E
irq#18609 pc=0038 sp=F34E
irq#18610 pc=0038 sp=F34E
irq#18611 pc=0038 sp=F34E
irq#18612 pc=0038 sp=F34E
irq#18613 pc=0038 sp=F34E
irq#18614 pc=0038 sp=F34E
irq#18615 pc=0038 sp=F34E
irq#18616 pc=0038 sp=F34E
irq#18617 pc=0038 sp=F34E
irq#18618 pc=0038 sp=F34E
irq#18619 pc=0038 sp=F34E
irq#18620 pc=0038 sp=F34E
irq#18621 pc=0038 sp=F34E
irq#18622 pc=0038 sp=F34E
irq#18623 pc=0038 sp=F34E
irq#18624 pc=0038 sp=F34E
irq#18625 pc=0038 sp=F34E
irq#18626 pc=0038 sp=F34E
irq#18627 pc=0038 sp=F34E
irq#18628 pc=0038 sp=F34E
irq#18629 pc=0038 sp=F34E
irq#18630 pc=0038 sp=F34E
irq#18631 pc=0038 sp=F34E
irq#18632 pc=0038 sp=F34E
irq#18633 pc=0038 sp=F34E
irq#18634 pc=0038 sp=F34E
irq#18635 pc=0038 sp=F34E
irq#18636 pc=0038 sp=F34E
irq#18637 pc=0038 sp=F34E
irq#18638 pc=0038 sp=F34E
irq#18639 pc=0038 sp=F34E
irq#18640 pc=0038 sp=F34E
irq#18641 pc=0038 sp=F34E
irq#18642 pc=0038 sp=F34E
irq#18643 pc=0038 sp=F34E
irq#18644 pc=0038 sp=F34E
irq#18645 pc=0038 sp=F34E
irq#18646 pc=0038 sp=F34E
irq#18647 pc=0038 sp=F34E
irq#18648 pc=0038 sp=F34E
irq#18649 pc=0038 sp=F344
irq#18650 pc=0038 sp=F34E
irq#18651 pc=0038 sp=F34E
irq#18652 pc=0038 sp=F34E
irq#18653 pc=0038 sp=F34E
irq#18654 pc=0038 sp=F34E
irq#18655 pc=0038 sp=F34E
irq#18656 pc=0038 sp=F34E
irq#18657 pc=0038 sp=F34E
irq#18658 pc=0038 sp=F34E
irq#18659 pc=0038 sp=F34E
irq#18660 pc=0038 sp=F34E
irq#18661 pc=0038 sp=F34E
irq#18662 pc=0038 sp=F34E
irq#18663 pc=0038 sp=F34E
irq#18664 pc=0038 sp=F34E
irq#18665 pc=0038 sp=F34E
irq#18666 pc=0038 sp=F34E
irq#18667 pc=0038 sp=F34E
irq#18668 pc=0038 sp=F34E
irq#18669 pc=0038 sp=F34E
irq#18670 pc=0038 sp=F34E
irq#18671 pc=0038 sp=F34E
irq#18672 pc=0038 sp=F34E
irq#18673 pc=0038 sp=F34E
irq#18674 pc=0038 sp=F34E
irq#18675 pc=0038 sp=F34E
irq#18676 pc=0038 sp=F34E
irq#18677 pc=0038 sp=F34E
irq#18678 pc=0038 sp=F34E
irq#18679 pc=0038 sp=F34E
irq#18680 pc=0038 sp=F34E
irq#18681 pc=0038 sp=F34E
irq#18682 pc=0038 sp=F34E
irq#18683 pc=0038 sp=F34E
irq#18684 pc=0038 sp=F34E
irq#18685 pc=0038 sp=F34E
irq#18686 pc=0038 sp=F34E
irq#18687 pc=0038 sp=F34E
irq#18688 pc=0038 sp=F34E
irq#18689 pc=0038 sp=F34E
irq#18690 pc=0038 sp=F34E
irq#18691 pc=0038 sp=F34E
irq#18692 pc=0038 sp=F34E
irq#18693 pc=0038 sp=F34E
irq#18694 pc=0038 sp=F34E
irq#18695 pc=0038 sp=F34E
irq#18696 pc=0038 sp=F34E
irq#18697 pc=0038 sp=F34E
irq#18698 pc=0038 sp=F34E
irq#18699 pc=0038 sp=F34E
irq#18700 pc=0038 sp=F34E
irq#18701 pc=0038 sp=F34E
irq#18702 pc=0038 sp=F34E
irq#18703 pc=0038 sp=F34E
irq#18704 pc=0038 sp=F34E
irq#18705 pc=0038 sp=F34E
irq#18706 pc=0038 sp=F34E
irq#18707 pc=0038 sp=F34E
irq#18708 pc=0038 sp=F34E
irq#18709 pc=0038 sp=F34E
irq#18710 pc=0038 sp=F34E
irq#18711 pc=0038 sp=F34E
irq#18712 pc=0038 sp=F34E
irq#18713 pc=0038 sp=F34E
irq#18714 pc=0038 sp=F34E
irq#18715 pc=0038 sp=F34E
irq#18716 pc=0038 sp=F34E
irq#18717 pc=0038 sp=F34E
irq#18718 pc=0038 sp=F34E
irq#18719 pc=0038 sp=F34E
irq#18720 pc=0038 sp=F34E
irq#18721 pc=0038 sp=F34E
irq#18722 pc=0038 sp=F34E
irq#18723 pc=0038 sp=F34E
irq#18724 pc=0038 sp=F34E
irq#18725 pc=0038 sp=F34E
irq#18726 pc=0038 sp=F34E
irq#18727 pc=0038 sp=F34E
irq#18728 pc=0038 sp=F34E
irq#18729 pc=0038 sp=F34E
irq#18730 pc=0038 sp=F34E
irq#18731 pc=0038 sp=F34E
irq#18732 pc=0038 sp=F34E
irq#18733 pc=0038 sp=F34E
irq#18734 pc=0038 sp=F34E
irq#18735 pc=0038 sp=F34E
irq#18736 pc=0038 sp=F34E
irq#18737 pc=0038 sp=F34E
irq#18738 pc=0038 sp=F34E
irq#18739 pc=0038 sp=F34E
irq#18740 pc=0038 sp=F34E
irq#18741 pc=0038 sp=F34E
irq#18742 pc=0038 sp=F34E
irq#18743 pc=0038 sp=F34E
irq#18744 pc=0038 sp=F34E
irq#18745 pc=0038 sp=F34E
irq#18746 pc=0038 sp=F34E
irq#18747 pc=0038 sp=F34E
irq#18748 pc=0038 sp=F34E
irq#18749 pc=0038 sp=F34E
irq#18750 pc=0038 sp=F34E
irq#18751 pc=0038 sp=F34E
irq#18752 pc=0038 sp=F34E
irq#18753 pc=0038 sp=F34E
irq#18754 pc=0038 sp=F34E
irq#18755 pc=0038 sp=F34E
irq#18756 pc=0038 sp=F34E
irq#18757 pc=0038 sp=F34E
irq#18758 pc=0038 sp=F34E
irq#18759 pc=0038 sp=F34E
irq#18760 pc=0038 sp=F34E
irq#18761 pc=0038 sp=F34E
irq#18762 pc=0038 sp=F34E
irq#18763 pc=0038 sp=F34E
irq#18764 pc=0038 sp=F34E
irq#18765 pc=0038 sp=F34E
irq#18766 pc=0038 sp=F34E
irq#18767 pc=0038 sp=F34E
irq#18768 pc=0038 sp=F34E
irq#18769 pc=0038 sp=F34E
irq#18770 pc=0038 sp=F34E
irq#18771 pc=0038 sp=F34E
irq#18772 pc=0038 sp=F34E
irq#18773 pc=0038 sp=F34E
irq#18774 pc=0038 sp=F34E
irq#18775 pc=0038 sp=F34E
irq#18776 pc=0038 sp=F34E
irq#18777 pc=0038 sp=F34E
irq#18778 pc=0038 sp=F34E
irq#18779 pc=0038 sp=F34E
irq#18780 pc=0038 sp=F34E
irq#18781 pc=0038 sp=F34E
irq#18782 pc=0038 sp=F34E
irq#18783 pc=0038 sp=F34E
irq#18784 pc=0038 sp=F34E
irq#18785 pc=0038 sp=F34E
irq#18786 pc=0038 sp=F34E
irq#18787 pc=0038 sp=F34E
irq#18788 pc=0038 sp=F34E
irq#18789 pc=0038 sp=F34E
irq#18790 pc=0038 sp=F34E
irq#18791 pc=0038 sp=F34E
irq#18792 pc=0038 sp=F34E
irq#18793 pc=0038 sp=F34E
irq#18794 pc=0038 sp=F34E
irq#18795 pc=0038 sp=F34E
irq#18796 pc=0038 sp=F34E
irq#18797 pc=0038 sp=F34E
irq#18798 pc=0038 sp=F34E
irq#18799 pc=0038 sp=F34E
irq#18800 pc=0038 sp=F34E
irq#18801 pc=0038 sp=F34E
irq#18802 pc=0038 sp=F34E
irq#18803 pc=0038 sp=F34E
irq#18804 pc=0038 sp=F34E
irq#18805 pc=0038 sp=F34E
irq#18806 pc=0038 sp=F34E
irq#18807 pc=0038 sp=F34E
irq#18808 pc=0038 sp=F34E
irq#18809 pc=0038 sp=F34E
irq#18810 pc=0038 sp=F34E
irq#18811 pc=0038 sp=F34E
irq#18812 pc=0038 sp=F34E
irq#18813 pc=0038 sp=F34E
irq#18814 pc=0038 sp=F34E
irq#18815 pc=0038 sp=F34E
irq#18816 pc=0038 sp=F34E
irq#18817 pc=0038 sp=F34E
irq#18818 pc=0038 sp=F34E
irq#18819 pc=0038 sp=F34E
irq#18820 pc=0038 sp=F34E
irq#18821 pc=0038 sp=F34E
irq#18822 pc=0038 sp=F34E
irq#18823 pc=0038 sp=F34E
irq#18824 pc=0038 sp=F34E
irq#18825 pc=0038 sp=F34E
irq#18826 pc=0038 sp=F34E
irq#18827 pc=0038 sp=F34E
irq#18828 pc=0038 sp=F34E
irq#18829 pc=0038 sp=F34E
irq#18830 pc=0038 sp=F34E
irq#18831 pc=0038 sp=F34E
irq#18832 pc=0038 sp=F34E
irq#18833 pc=0038 sp=F33E
irq#18834 pc=0038 sp=F34E
irq#18835 pc=0038 sp=F34E
irq#18836 pc=0038 sp=F34E
irq#18837 pc=0038 sp=F34E
irq#18838 pc=0038 sp=F34E
irq#18839 pc=0038 sp=F34E
irq#18840 pc=0038 sp=F34E
irq#18841 pc=0038 sp=F34E
irq#18842 pc=0038 sp=F34E
irq#18843 pc=0038 sp=F34E
irq#18844 pc=0038 sp=F34E
irq#18845 pc=0038 sp=F34E
irq#18846 pc=0038 sp=F34E
irq#18847 pc=0038 sp=F34E
irq#18848 pc=0038 sp=F34E
irq#18849 pc=0038 sp=F34E
irq#18850 pc=0038 sp=F34E
irq#18851 pc=0038 sp=F34E
irq#18852 pc=0038 sp=F34E
irq#18853 pc=0038 sp=F34E
irq#18854 pc=0038 sp=F34E
irq#18855 pc=0038 sp=F34E
irq#18856 pc=0038 sp=F34E
irq#18857 pc=0038 sp=F34E
irq#18858 pc=0038 sp=F34E
irq#18859 pc=0038 sp=F34E
irq#18860 pc=0038 sp=F34E
irq#18861 pc=0038 sp=F34E
irq#18862 pc=0038 sp=F34E
irq#18863 pc=0038 sp=F34E
irq#18864 pc=0038 sp=F34E
irq#18865 pc=0038 sp=F34E
irq#18866 pc=0038 sp=F34E
irq#18867 pc=0038 sp=F34E
irq#18868 pc=0038 sp=F34E
irq#18869 pc=0038 sp=F34E
irq#18870 pc=0038 sp=F34E
irq#18871 pc=0038 sp=F34E
irq#18872 pc=0038 sp=F34E
irq#18873 pc=0038 sp=F34E
irq#18874 pc=0038 sp=F34E
irq#18875 pc=0038 sp=F34E
irq#18876 pc=0038 sp=F34E
irq#18877 pc=0038 sp=F34E
irq#18878 pc=0038 sp=F34E
irq#18879 pc=0038 sp=F34E
irq#18880 pc=0038 sp=F34E
irq#18881 pc=0038 sp=F34E
irq#18882 pc=0038 sp=F34E
irq#18883 pc=0038 sp=F34E
irq#18884 pc=0038 sp=F34E
irq#18885 pc=0038 sp=F34E
irq#18886 pc=0038 sp=F34E
irq#18887 pc=0038 sp=F34E
irq#18888 pc=0038 sp=F34E
irq#18889 pc=0038 sp=F34E
irq#18890 pc=0038 sp=F34E
irq#18891 pc=0038 sp=F34E
irq#18892 pc=0038 sp=F34E
irq#18893 pc=0038 sp=F34E
irq#18894 pc=0038 sp=F34E
irq#18895 pc=0038 sp=F34E
irq#18896 pc=0038 sp=F34E
irq#18897 pc=0038 sp=F34E
irq#18898 pc=0038 sp=F34E
irq#18899 pc=0038 sp=F34E
irq#18900 pc=0038 sp=F34E
irq#18901 pc=0038 sp=F34E
irq#18902 pc=0038 sp=F34E
irq#18903 pc=0038 sp=F34E
irq#18904 pc=0038 sp=F34E
irq#18905 pc=0038 sp=F34E
irq#18906 pc=0038 sp=F34E
irq#18907 pc=0038 sp=F34E
irq#18908 pc=0038 sp=F34E
irq#18909 pc=0038 sp=F34E
irq#18910 pc=0038 sp=F34E
irq#18911 pc=0038 sp=F34E
irq#18912 pc=0038 sp=F34E
irq#18913 pc=0038 sp=F34E
irq#18914 pc=0038 sp=F34E
irq#18915 pc=0038 sp=F34E
irq#18916 pc=0038 sp=F34E
irq#18917 pc=0038 sp=F34E
irq#18918 pc=0038 sp=F34E
irq#18919 pc=0038 sp=F34E
irq#18920 pc=0038 sp=F34E
irq#18921 pc=0038 sp=F34E
irq#18922 pc=0038 sp=F34E
irq#18923 pc=0038 sp=F34E
irq#18924 pc=0038 sp=F34E
irq#18925 pc=0038 sp=F34E
irq#18926 pc=0038 sp=F34E
irq#18927 pc=0038 sp=F34E
irq#18928 pc=0038 sp=F34E
irq#18929 pc=0038 sp=F34E
irq#18930 pc=0038 sp=F34E
irq#18931 pc=0038 sp=F34E
irq#18932 pc=0038 sp=F34E
irq#18933 pc=0038 sp=F34E
irq#18934 pc=0038 sp=F34E
irq#18935 pc=0038 sp=F34E
irq#18936 pc=0038 sp=F34E
irq#18937 pc=0038 sp=F34E
irq#18938 pc=0038 sp=F34E
irq#18939 pc=0038 sp=F34E
irq#18940 pc=0038 sp=F34E
irq#18941 pc=0038 sp=F34E
irq#18942 pc=0038 sp=F34E
irq#18943 pc=0038 sp=F34E
irq#18944 pc=0038 sp=F34E
irq#18945 pc=0038 sp=F34E
irq#18946 pc=0038 sp=F34E
irq#18947 pc=0038 sp=F34E
irq#18948 pc=0038 sp=F34E
irq#18949 pc=0038 sp=F34E
irq#18950 pc=0038 sp=F34E
irq#18951 pc=0038 sp=F34E
irq#18952 pc=0038 sp=F34E
irq#18953 pc=0038 sp=F34E
irq#18954 pc=0038 sp=F34E
irq#18955 pc=0038 sp=F34E
irq#18956 pc=0038 sp=F34E
irq#18957 pc=0038 sp=F34E
irq#18958 pc=0038 sp=F34E
irq#18959 pc=0038 sp=F34E
irq#18960 pc=0038 sp=F34E
irq#18961 pc=0038 sp=F34E
irq#18962 pc=0038 sp=F34E
irq#18963 pc=0038 sp=F34E
irq#18964 pc=0038 sp=F34E
irq#18965 pc=0038 sp=F34E
irq#18966 pc=0038 sp=F34E
irq#18967 pc=0038 sp=F34E
irq#18968 pc=0038 sp=F34E
irq#18969 pc=0038 sp=F34E
irq#18970 pc=0038 sp=F34E
irq#18971 pc=0038 sp=F34E
irq#18972 pc=0038 sp=F34E
irq#18973 pc=0038 sp=F34E
irq#18974 pc=0038 sp=F34E
irq#18975 pc=0038 sp=F34E
irq#18976 pc=0038 sp=F34E
irq#18977 pc=0038 sp=F34E
irq#18978 pc=0038 sp=F34E
irq#18979 pc=0038 sp=F34E
irq#18980 pc=0038 sp=F34E
irq#18981 pc=0038 sp=F34E
irq#18982 pc=0038 sp=F34E
irq#18983 pc=0038 sp=F34E
irq#18984 pc=0038 sp=F34E
irq#18985 pc=0038 sp=F34E
irq#18986 pc=0038 sp=F34E
irq#18987 pc=0038 sp=F34E
irq#18988 pc=0038 sp=F34E
irq#18989 pc=0038 sp=F34E
irq#18990 pc=0038 sp=F34E
irq#18991 pc=0038 sp=F34E
irq#18992 pc=0038 sp=F34E
irq#18993 pc=0038 sp=F34E
irq#18994 pc=0038 sp=F34E
irq#18995 pc=0038 sp=F34E
irq#18996 pc=0038 sp=F34E
irq#18997 pc=0038 sp=F34E
irq#18998 pc=0038 sp=F34E
irq#18999 pc=0038 sp=F34E
irq#19000 pc=0038 sp=F34E
irq#19001 pc=0038 sp=F34E
irq#19002 pc=0038 sp=F34E
irq#19003 pc=0038 sp=F34E
irq#19004 pc=0038 sp=F34E
irq#19005 pc=0038 sp=F34E
irq#19006 pc=0038 sp=F34E
irq#19007 pc=0038 sp=F34E
irq#19008 pc=0038 sp=F34E
irq#19009 pc=0038 sp=F34E
irq#19010 pc=0038 sp=F34E
irq#19011 pc=0038 sp=F34E
irq#19012 pc=0038 sp=F34E
irq#19013 pc=0038 sp=F34E
irq#19014 pc=0038 sp=F34E
irq#19015 pc=0038 sp=F34E
irq#19016 pc=0038 sp=F34E
irq#19017 pc=0038 sp=F33A
irq#19018 pc=0038 sp=F34E
irq#19019 pc=0038 sp=F34E
irq#19020 pc=0038 sp=F34E
irq#19021 pc=0038 sp=F34E
irq#19022 pc=0038 sp=F34E
irq#19023 pc=0038 sp=F34E
irq#19024 pc=0038 sp=F34E
irq#19025 pc=0038 sp=F34E
irq#19026 pc=0038 sp=F34E
irq#19027 pc=0038 sp=F34E
irq#19028 pc=0038 sp=F34E
irq#19029 pc=0038 sp=F34E
irq#19030 pc=0038 sp=F34E
irq#19031 pc=0038 sp=F34E
irq#19032 pc=0038 sp=F34E
irq#19033 pc=0038 sp=F34E
irq#19034 pc=0038 sp=F34E
irq#19035 pc=0038 sp=F34E
irq#19036 pc=0038 sp=F34E
irq#19037 pc=0038 sp=F34E
irq#19038 pc=0038 sp=F34E
irq#19039 pc=0038 sp=F34E
irq#19040 pc=0038 sp=F34E
irq#19041 pc=0038 sp=F34E
irq#19042 pc=0038 sp=F34E
irq#19043 pc=0038 sp=F34E
irq#19044 pc=0038 sp=F34E
irq#19045 pc=0038 sp=F34E
irq#19046 pc=0038 sp=F34E
irq#19047 pc=0038 sp=F34E
irq#19048 pc=0038 sp=F34E
irq#19049 pc=0038 sp=F34E
irq#19050 pc=0038 sp=F34E
irq#19051 pc=0038 sp=F34E
irq#19052 pc=0038 sp=F34E
irq#19053 pc=0038 sp=F34E
irq#19054 pc=0038 sp=F34E
irq#19055 pc=0038 sp=F34E
irq#19056 pc=0038 sp=F34E
irq#19057 pc=0038 sp=F34E
irq#19058 pc=0038 sp=F34E
irq#19059 pc=0038 sp=F34E
irq#19060 pc=0038 sp=F34E
irq#19061 pc=0038 sp=F34E
irq#19062 pc=0038 sp=F34E
irq#19063 pc=0038 sp=F34E
irq#19064 pc=0038 sp=F34E
irq#19065 pc=0038 sp=F34E
irq#19066 pc=0038 sp=F34E
irq#19067 pc=0038 sp=F34E
irq#19068 pc=0038 sp=F34E
irq#19069 pc=0038 sp=F34E
irq#19070 pc=0038 sp=F34E
irq#19071 pc=0038 sp=F34E
irq#19072 pc=0038 sp=F34E
irq#19073 pc=0038 sp=F34E
irq#19074 pc=0038 sp=F34E
irq#19075 pc=0038 sp=F34E
irq#19076 pc=0038 sp=F34E
irq#19077 pc=0038 sp=F34E
irq#19078 pc=0038 sp=F34E
irq#19079 pc=0038 sp=F34E
irq#19080 pc=0038 sp=F34E
irq#19081 pc=0038 sp=F34E
irq#19082 pc=0038 sp=F34E
irq#19083 pc=0038 sp=F34E
irq#19084 pc=0038 sp=F34E
irq#19085 pc=0038 sp=F34E
irq#19086 pc=0038 sp=F34E
irq#19087 pc=0038 sp=F34E
irq#19088 pc=0038 sp=F350
irq#19089 pc=0038 sp=F350
irq#19090 pc=0038 sp=F350
irq#19091 pc=0038 sp=F350
irq#19092 pc=0038 sp=F350
irq#19093 pc=0038 sp=F350
irq#19094 pc=0038 sp=F350
irq#19095 pc=0038 sp=F350
irq#19096 pc=0038 sp=F350
irq#19097 pc=0038 sp=F350
irq#19098 pc=0038 sp=F350
irq#19099 pc=0038 sp=F350
irq#19100 pc=0038 sp=F350
irq#19101 pc=0038 sp=F350
irq#19102 pc=0038 sp=F350
irq#19103 pc=0038 sp=F350
irq#19104 pc=0038 sp=F350
irq#19105 pc=0038 sp=F350
irq#19106 pc=0038 sp=F350
irq#19107 pc=0038 sp=F350
irq#19108 pc=0038 sp=F350
irq#19109 pc=0038 sp=F350
irq#19110 pc=0038 sp=F350
irq#19111 pc=0038 sp=F350
irq#19112 pc=0038 sp=F350
irq#19113 pc=0038 sp=F350
irq#19114 pc=0038 sp=F350
irq#19115 pc=0038 sp=F350
irq#19116 pc=0038 sp=F350
irq#19117 pc=0038 sp=F350
irq#19118 pc=0038 sp=F350
irq#19119 pc=0038 sp=F350
irq#19120 pc=0038 sp=F350
irq#19121 pc=0038 sp=F350
irq#19122 pc=0038 sp=F350
irq#19123 pc=0038 sp=F350
irq#19124 pc=0038 sp=F350
irq#19125 pc=0038 sp=F350
irq#19126 pc=0038 sp=F350
irq#19127 pc=0038 sp=F350
irq#19128 pc=0038 sp=F350
irq#19129 pc=0038 sp=F350
irq#19130 pc=0038 sp=F350
irq#19131 pc=0038 sp=F350
irq#19132 pc=0038 sp=F350
irq#19133 pc=0038 sp=F350
irq#19134 pc=0038 sp=F350
irq#19135 pc=0038 sp=F350
irq#19136 pc=0038 sp=F350
irq#19137 pc=0038 sp=F350
irq#19138 pc=0038 sp=F350
irq#19139 pc=0038 sp=F350
irq#19140 pc=0038 sp=F350
irq#19141 pc=0038 sp=F350
irq#19142 pc=0038 sp=F350
irq#19143 pc=0038 sp=F350
irq#19144 pc=0038 sp=F350
irq#19145 pc=0038 sp=F350
irq#19146 pc=0038 sp=F350
irq#19147 pc=0038 sp=F350
irq#19148 pc=0038 sp=F350
irq#19149 pc=0038 sp=F350
irq#19150 pc=0038 sp=F350
irq#19151 pc=0038 sp=F350
irq#19152 pc=0038 sp=F350
irq#19153 pc=0038 sp=F350
irq#19154 pc=0038 sp=F350
irq#19155 pc=0038 sp=F350
irq#19156 pc=0038 sp=F350
irq#19157 pc=0038 sp=F350
irq#19158 pc=0038 sp=F350
irq#19159 pc=0038 sp=F350
irq#19160 pc=0038 sp=F350
irq#19161 pc=0038 sp=F350
irq#19162 pc=0038 sp=F350
irq#19163 pc=0038 sp=F350
irq#19164 pc=0038 sp=F350
irq#19165 pc=0038 sp=F350
irq#19166 pc=0038 sp=F350
irq#19167 pc=0038 sp=F350
irq#19168 pc=0038 sp=F350
irq#19169 pc=0038 sp=F350
irq#19170 pc=0038 sp=F350
irq#19171 pc=0038 sp=F350
irq#19172 pc=0038 sp=F350
irq#19173 pc=0038 sp=F350
irq#19174 pc=0038 sp=F350
irq#19175 pc=0038 sp=F350
irq#19176 pc=0038 sp=F350
irq#19177 pc=0038 sp=F350
irq#19178 pc=0038 sp=F350
irq#19179 pc=0038 sp=F350
irq#19180 pc=0038 sp=F350
irq#19181 pc=0038 sp=F350
irq#19182 pc=0038 sp=F350
irq#19183 pc=0038 sp=F34E
irq#19184 pc=0038 sp=F350
irq#19185 pc=0038 sp=F350
irq#19186 pc=0038 sp=F350
irq#19187 pc=0038 sp=F350
irq#19188 pc=0038 sp=F350
irq#19189 pc=0038 sp=F350
irq#19190 pc=0038 sp=F350
irq#19191 pc=0038 sp=F350
irq#19192 pc=0038 sp=F350
irq#19193 pc=0038 sp=F350
irq#19194 pc=0038 sp=F350
irq#19195 pc=0038 sp=F350
irq#19196 pc=0038 sp=F350
irq#19197 pc=0038 sp=F350
irq#19198 pc=0038 sp=F350
irq#19199 pc=0038 sp=F350
irq#19200 pc=0038 sp=F350
irq#19201 pc=0038 sp=F350
irq#19202 pc=0038 sp=F350
irq#19203 pc=0038 sp=F350
irq#19204 pc=0038 sp=F350
irq#19205 pc=0038 sp=F350
irq#19206 pc=0038 sp=F350
irq#19207 pc=0038 sp=F350
irq#19208 pc=0038 sp=F350
irq#19209 pc=0038 sp=F350
irq#19210 pc=0038 sp=F350
irq#19211 pc=0038 sp=F350
irq#19212 pc=0038 sp=F350
irq#19213 pc=0038 sp=F350
irq#19214 pc=0038 sp=F350
irq#19215 pc=0038 sp=F350
irq#19216 pc=0038 sp=F350
irq#19217 pc=0038 sp=F350
irq#19218 pc=0038 sp=F350
irq#19219 pc=0038 sp=F350
irq#19220 pc=0038 sp=F350
irq#19221 pc=0038 sp=F350
irq#19222 pc=0038 sp=F350
irq#19223 pc=0038 sp=F350
irq#19224 pc=0038 sp=F350
irq#19225 pc=0038 sp=F350
irq#19226 pc=0038 sp=F350
irq#19227 pc=0038 sp=F350
irq#19228 pc=0038 sp=F350
irq#19229 pc=0038 sp=F350
irq#19230 pc=0038 sp=F350
irq#19231 pc=0038 sp=F350
irq#19232 pc=0038 sp=F350
irq#19233 pc=0038 sp=F350
irq#19234 pc=0038 sp=F350
irq#19235 pc=0038 sp=F350
irq#19236 pc=0038 sp=F350
irq#19237 pc=0038 sp=F350
irq#19238 pc=0038 sp=F350
irq#19239 pc=0038 sp=F350
irq#19240 pc=0038 sp=F350
irq#19241 pc=0038 sp=F350
irq#19242 pc=0038 sp=F350
irq#19243 pc=0038 sp=F350
irq#19244 pc=0038 sp=F350
irq#19245 pc=0038 sp=F350
irq#19246 pc=0038 sp=F350
irq#19247 pc=0038 sp=F350
irq#19248 pc=0038 sp=F350
irq#19249 pc=0038 sp=F350
irq#19250 pc=0038 sp=F350
irq#19251 pc=0038 sp=F350
irq#19252 pc=0038 sp=F350
irq#19253 pc=0038 sp=F350
irq#19254 pc=0038 sp=F350
irq#19255 pc=0038 sp=F350
irq#19256 pc=0038 sp=F350
irq#19257 pc=0038 sp=F350
irq#19258 pc=0038 sp=F350
irq#19259 pc=0038 sp=F350
irq#19260 pc=0038 sp=F350
irq#19261 pc=0038 sp=F350
irq#19262 pc=0038 sp=F350
irq#19263 pc=0038 sp=F350
irq#19264 pc=0038 sp=F350
irq#19265 pc=0038 sp=F350
irq#19266 pc=0038 sp=F350
irq#19267 pc=0038 sp=F350
irq#19268 pc=0038 sp=F350
irq#19269 pc=0038 sp=F350
irq#19270 pc=0038 sp=F350
irq#19271 pc=0038 sp=F350
irq#19272 pc=0038 sp=F350
irq#19273 pc=0038 sp=F350
irq#19274 pc=0038 sp=F350
irq#19275 pc=0038 sp=F350
irq#19276 pc=0038 sp=F350
irq#19277 pc=0038 sp=F350
irq#19278 pc=0038 sp=F350
irq#19279 pc=0038 sp=F350
irq#19280 pc=0038 sp=F350
irq#19281 pc=0038 sp=F350
irq#19282 pc=0038 sp=F350
irq#19283 pc=0038 sp=F350
irq#19284 pc=0038 sp=F350
irq#19285 pc=0038 sp=F350
irq#19286 pc=0038 sp=F350
irq#19287 pc=0038 sp=F350
irq#19288 pc=0038 sp=F350
irq#19289 pc=0038 sp=F350
irq#19290 pc=0038 sp=F350
irq#19291 pc=0038 sp=F350
irq#19292 pc=0038 sp=F350
irq#19293 pc=0038 sp=F350
irq#19294 pc=0038 sp=F350
irq#19295 pc=0038 sp=F350
irq#19296 pc=0038 sp=F350
irq#19297 pc=0038 sp=F350
irq#19298 pc=0038 sp=F350
irq#19299 pc=0038 sp=F350
irq#19300 pc=0038 sp=F350
irq#19301 pc=0038 sp=F350
irq#19302 pc=0038 sp=F350
irq#19303 pc=0038 sp=F350
irq#19304 pc=0038 sp=F350
irq#19305 pc=0038 sp=F350
irq#19306 pc=0038 sp=F350
irq#19307 pc=0038 sp=F350
irq#19308 pc=0038 sp=F350
irq#19309 pc=0038 sp=F350
irq#19310 pc=0038 sp=F350
irq#19311 pc=0038 sp=F350
irq#19312 pc=0038 sp=F350
irq#19313 pc=0038 sp=F350
irq#19314 pc=0038 sp=F350
irq#19315 pc=0038 sp=F350
irq#19316 pc=0038 sp=F350
irq#19317 pc=0038 sp=F350
irq#19318 pc=0038 sp=F350
irq#19319 pc=0038 sp=F350
irq#19320 pc=0038 sp=F350
irq#19321 pc=0038 sp=F350
irq#19322 pc=0038 sp=F350
irq#19323 pc=0038 sp=F350
irq#19324 pc=0038 sp=F350
irq#19325 pc=0038 sp=F350
irq#19326 pc=0038 sp=F350
irq#19327 pc=0038 sp=F350
irq#19328 pc=0038 sp=F350
irq#19329 pc=0038 sp=F350
irq#19330 pc=0038 sp=F350
irq#19331 pc=0038 sp=F350
irq#19332 pc=0038 sp=F350
irq#19333 pc=0038 sp=F350
irq#19334 pc=0038 sp=F350
irq#19335 pc=0038 sp=F350
irq#19336 pc=0038 sp=F350
irq#19337 pc=0038 sp=F350
irq#19338 pc=0038 sp=F350
irq#19339 pc=0038 sp=F350
irq#19340 pc=0038 sp=F350
irq#19341 pc=0038 sp=F350
irq#19342 pc=0038 sp=F350
irq#19343 pc=0038 sp=F350
irq#19344 pc=0038 sp=F350
irq#19345 pc=0038 sp=F350
irq#19346 pc=0038 sp=F350
irq#19347 pc=0038 sp=F350
irq#19348 pc=0038 sp=F350
irq#19349 pc=0038 sp=F350
irq#19350 pc=0038 sp=F350
irq#19351 pc=0038 sp=F350
irq#19352 pc=0038 sp=F350
irq#19353 pc=0038 sp=F350
irq#19354 pc=0038 sp=F350
irq#19355 pc=0038 sp=F350
irq#19356 pc=0038 sp=F350
irq#19357 pc=0038 sp=F350
irq#19358 pc=0038 sp=F350
irq#19359 pc=0038 sp=F350
irq#19360 pc=0038 sp=F350
irq#19361 pc=0038 sp=F350
irq#19362 pc=0038 sp=F350
irq#19363 pc=0038 sp=F350
irq#19364 pc=0038 sp=F350
irq#19365 pc=0038 sp=F350
irq#19366 pc=0038 sp=F350
irq#19367 pc=0038 sp=F34E
irq#19368 pc=0038 sp=F350
irq#19369 pc=0038 sp=F350
irq#19370 pc=0038 sp=F350
irq#19371 pc=0038 sp=F350
irq#19372 pc=0038 sp=F350
irq#19373 pc=0038 sp=F350
irq#19374 pc=0038 sp=F350
irq#19375 pc=0038 sp=F350
irq#19376 pc=0038 sp=F350
irq#19377 pc=0038 sp=F350
irq#19378 pc=0038 sp=F350
irq#19379 pc=0038 sp=F350
irq#19380 pc=0038 sp=F350
irq#19381 pc=0038 sp=F350
irq#19382 pc=0038 sp=F350
irq#19383 pc=0038 sp=F350
irq#19384 pc=0038 sp=F350
irq#19385 pc=0038 sp=F350
irq#19386 pc=0038 sp=F350
irq#19387 pc=0038 sp=F350
irq#19388 pc=0038 sp=F350
irq#19389 pc=0038 sp=F350
irq#19390 pc=0038 sp=F350
irq#19391 pc=0038 sp=F350
irq#19392 pc=0038 sp=F350
irq#19393 pc=0038 sp=F350
irq#19394 pc=0038 sp=F350
irq#19395 pc=0038 sp=F350
irq#19396 pc=0038 sp=F350
irq#19397 pc=0038 sp=F350
irq#19398 pc=0038 sp=F350
irq#19399 pc=0038 sp=F350
irq#19400 pc=0038 sp=F350
irq#19401 pc=0038 sp=F350
irq#19402 pc=0038 sp=F350
irq#19403 pc=0038 sp=F350
irq#19404 pc=0038 sp=F350
irq#19405 pc=0038 sp=F350
irq#19406 pc=0038 sp=F350
irq#19407 pc=0038 sp=F350
irq#19408 pc=0038 sp=F350
irq#19409 pc=0038 sp=F350
irq#19410 pc=0038 sp=F350
irq#19411 pc=0038 sp=F350
irq#19412 pc=0038 sp=F350
irq#19413 pc=0038 sp=F350
irq#19414 pc=0038 sp=F350
irq#19415 pc=0038 sp=F350
irq#19416 pc=0038 sp=F350
irq#19417 pc=0038 sp=F350
irq#19418 pc=0038 sp=F350
irq#19419 pc=0038 sp=F350
irq#19420 pc=0038 sp=F350
irq#19421 pc=0038 sp=F350
irq#19422 pc=0038 sp=F350
irq#19423 pc=0038 sp=F350
irq#19424 pc=0038 sp=F350
irq#19425 pc=0038 sp=F350
irq#19426 pc=0038 sp=F350
irq#19427 pc=0038 sp=F350
irq#19428 pc=0038 sp=F350
irq#19429 pc=0038 sp=F350
irq#19430 pc=0038 sp=F350
irq#19431 pc=0038 sp=F350
irq#19432 pc=0038 sp=F350
irq#19433 pc=0038 sp=F350
irq#19434 pc=0038 sp=F350
irq#19435 pc=0038 sp=F350
irq#19436 pc=0038 sp=F350
irq#19437 pc=0038 sp=F350
irq#19438 pc=0038 sp=F350
irq#19439 pc=0038 sp=F350
irq#19440 pc=0038 sp=F350
irq#19441 pc=0038 sp=F350
irq#19442 pc=0038 sp=F350
irq#19443 pc=0038 sp=F350
irq#19444 pc=0038 sp=F350
irq#19445 pc=0038 sp=F350
irq#19446 pc=0038 sp=F350
irq#19447 pc=0038 sp=F350
irq#19448 pc=0038 sp=F350
irq#19449 pc=0038 sp=F350
irq#19450 pc=0038 sp=F350
irq#19451 pc=0038 sp=F350
irq#19452 pc=0038 sp=F350
irq#19453 pc=0038 sp=F350
irq#19454 pc=0038 sp=F350
irq#19455 pc=0038 sp=F350
irq#19456 pc=0038 sp=F350
irq#19457 pc=0038 sp=F350
irq#19458 pc=0038 sp=F350
irq#19459 pc=0038 sp=F350
irq#19460 pc=0038 sp=F350
irq#19461 pc=0038 sp=F350
irq#19462 pc=0038 sp=F350
irq#19463 pc=0038 sp=F350
irq#19464 pc=0038 sp=F350
irq#19465 pc=0038 sp=F350
irq#19466 pc=0038 sp=F350
irq#19467 pc=0038 sp=F350
irq#19468 pc=0038 sp=F350
irq#19469 pc=0038 sp=F350
irq#19470 pc=0038 sp=F350
irq#19471 pc=0038 sp=F350
irq#19472 pc=0038 sp=F350
irq#19473 pc=0038 sp=F350
irq#19474 pc=0038 sp=F350
irq#19475 pc=0038 sp=F350
irq#19476 pc=0038 sp=F350
irq#19477 pc=0038 sp=F350
irq#19478 pc=0038 sp=F350
irq#19479 pc=0038 sp=F350
irq#19480 pc=0038 sp=F350
irq#19481 pc=0038 sp=F350
irq#19482 pc=0038 sp=F350
irq#19483 pc=0038 sp=F350
irq#19484 pc=0038 sp=F350
irq#19485 pc=0038 sp=F350
irq#19486 pc=0038 sp=F350
irq#19487 pc=0038 sp=F350
irq#19488 pc=0038 sp=F350
irq#19489 pc=0038 sp=F350
irq#19490 pc=0038 sp=F350
irq#19491 pc=0038 sp=F350
irq#19492 pc=0038 sp=F350
irq#19493 pc=0038 sp=F350
irq#19494 pc=0038 sp=F350
irq#19495 pc=0038 sp=F350
irq#19496 pc=0038 sp=F350
irq#19497 pc=0038 sp=F350
irq#19498 pc=0038 sp=F350
irq#19499 pc=0038 sp=F350
irq#19500 pc=0038 sp=F350
irq#19501 pc=0038 sp=F350
irq#19502 pc=0038 sp=F350
irq#19503 pc=0038 sp=F350
irq#19504 pc=0038 sp=F350
irq#19505 pc=0038 sp=F350
irq#19506 pc=0038 sp=F350
irq#19507 pc=0038 sp=F350
irq#19508 pc=0038 sp=F350
irq#19509 pc=0038 sp=F350
irq#19510 pc=0038 sp=F350
irq#19511 pc=0038 sp=F350
irq#19512 pc=0038 sp=F350
irq#19513 pc=0038 sp=F350
irq#19514 pc=0038 sp=F350
irq#19515 pc=0038 sp=F350
irq#19516 pc=0038 sp=F350
irq#19517 pc=0038 sp=F350
irq#19518 pc=0038 sp=F350
irq#19519 pc=0038 sp=F350
irq#19520 pc=0038 sp=F350
irq#19521 pc=0038 sp=F350
irq#19522 pc=0038 sp=F350
irq#19523 pc=0038 sp=F350
irq#19524 pc=0038 sp=F350
irq#19525 pc=0038 sp=F350
irq#19526 pc=0038 sp=F350
irq#19527 pc=0038 sp=F350
irq#19528 pc=0038 sp=F350
irq#19529 pc=0038 sp=F350
irq#19530 pc=0038 sp=F350
irq#19531 pc=0038 sp=F350
irq#19532 pc=0038 sp=F350
irq#19533 pc=0038 sp=F350
irq#19534 pc=0038 sp=F350
irq#19535 pc=0038 sp=F350
irq#19536 pc=0038 sp=F350
irq#19537 pc=0038 sp=F350
irq#19538 pc=0038 sp=F350
irq#19539 pc=0038 sp=F350
irq#19540 pc=0038 sp=F350
irq#19541 pc=0038 sp=F350
irq#19542 pc=0038 sp=F350
irq#19543 pc=0038 sp=F350
irq#19544 pc=0038 sp=F350
irq#19545 pc=0038 sp=F350
irq#19546 pc=0038 sp=F350
irq#19547 pc=0038 sp=F350
irq#19548 pc=0038 sp=F350
irq#19549 pc=0038 sp=F350
irq#19550 pc=0038 sp=F350
irq#19551 pc=0038 sp=F350
irq#19552 pc=0038 sp=F34A
irq#19553 pc=0038 sp=F350
irq#19554 pc=0038 sp=F350
irq#19555 pc=0038 sp=F350
irq#19556 pc=0038 sp=F350
irq#19557 pc=0038 sp=F350
irq#19558 pc=0038 sp=F350
irq#19559 pc=0038 sp=F350
irq#19560 pc=0038 sp=F350
irq#19561 pc=0038 sp=F350
irq#19562 pc=0038 sp=F350
irq#19563 pc=0038 sp=F350
irq#19564 pc=0038 sp=F350
irq#19565 pc=0038 sp=F350
irq#19566 pc=0038 sp=F350
irq#19567 pc=0038 sp=F350
irq#19568 pc=0038 sp=F350
irq#19569 pc=0038 sp=F350
irq#19570 pc=0038 sp=F350
irq#19571 pc=0038 sp=F350
irq#19572 pc=0038 sp=F350
irq#19573 pc=0038 sp=F350
irq#19574 pc=0038 sp=F350
irq#19575 pc=0038 sp=F350
irq#19576 pc=0038 sp=F350
irq#19577 pc=0038 sp=F350
irq#19578 pc=0038 sp=F350
irq#19579 pc=0038 sp=F350
irq#19580 pc=0038 sp=F350
irq#19581 pc=0038 sp=F350
irq#19582 pc=0038 sp=F350
irq#19583 pc=0038 sp=F350
irq#19584 pc=0038 sp=F350
irq#19585 pc=0038 sp=F350
irq#19586 pc=0038 sp=F350
irq#19587 pc=0038 sp=F350
irq#19588 pc=0038 sp=F350
irq#19589 pc=0038 sp=F350
irq#19590 pc=0038 sp=F350
irq#19591 pc=0038 sp=F350
irq#19592 pc=0038 sp=F350
irq#19593 pc=0038 sp=F350
irq#19594 pc=0038 sp=F350
irq#19595 pc=0038 sp=F350
irq#19596 pc=0038 sp=F350
irq#19597 pc=0038 sp=F350
irq#19598 pc=0038 sp=F350
irq#19599 pc=0038 sp=F350
irq#19600 pc=0038 sp=F350
irq#19601 pc=0038 sp=F350
irq#19602 pc=0038 sp=F350
irq#19603 pc=0038 sp=F350
irq#19604 pc=0038 sp=F350
irq#19605 pc=0038 sp=F350
irq#19606 pc=0038 sp=F350
irq#19607 pc=0038 sp=F350
irq#19608 pc=0038 sp=F350
irq#19609 pc=0038 sp=F350
irq#19610 pc=0038 sp=F350
irq#19611 pc=0038 sp=F350
irq#19612 pc=0038 sp=F350
irq#19613 pc=0038 sp=F350
irq#19614 pc=0038 sp=F350
irq#19615 pc=0038 sp=F350
irq#19616 pc=0038 sp=F350
irq#19617 pc=0038 sp=F350
irq#19618 pc=0038 sp=F350
irq#19619 pc=0038 sp=F350
irq#19620 pc=0038 sp=F350
irq#19621 pc=0038 sp=F350
irq#19622 pc=0038 sp=F350
irq#19623 pc=0038 sp=F350
irq#19624 pc=0038 sp=F350
irq#19625 pc=0038 sp=F350
irq#19626 pc=0038 sp=F350
irq#19627 pc=0038 sp=F350
irq#19628 pc=0038 sp=F350
irq#19629 pc=0038 sp=F350
irq#19630 pc=0038 sp=F350
irq#19631 pc=0038 sp=F350
irq#19632 pc=0038 sp=F350
irq#19633 pc=0038 sp=F350
irq#19634 pc=0038 sp=F350
irq#19635 pc=0038 sp=F350
irq#19636 pc=0038 sp=F350
irq#19637 pc=0038 sp=F350
irq#19638 pc=0038 sp=F350
irq#19639 pc=0038 sp=F350
irq#19640 pc=0038 sp=F350
irq#19641 pc=0038 sp=F350
irq#19642 pc=0038 sp=F350
irq#19643 pc=0038 sp=F350
irq#19644 pc=0038 sp=F350
irq#19645 pc=0038 sp=F350
irq#19646 pc=0038 sp=F350
irq#19647 pc=0038 sp=F350
irq#19648 pc=0038 sp=F350
irq#19649 pc=0038 sp=F350
irq#19650 pc=0038 sp=F350
irq#19651 pc=0038 sp=F350
irq#19652 pc=0038 sp=F350
irq#19653 pc=0038 sp=F350
irq#19654 pc=0038 sp=F350
irq#19655 pc=0038 sp=F350
irq#19656 pc=0038 sp=F350
irq#19657 pc=0038 sp=F350
irq#19658 pc=0038 sp=F350
irq#19659 pc=0038 sp=F350
irq#19660 pc=0038 sp=F350
irq#19661 pc=0038 sp=F350
irq#19662 pc=0038 sp=F350
irq#19663 pc=0038 sp=F350
irq#19664 pc=0038 sp=F350
irq#19665 pc=0038 sp=F350
irq#19666 pc=0038 sp=F350
irq#19667 pc=0038 sp=F350
irq#19668 pc=0038 sp=F350
irq#19669 pc=0038 sp=F350
irq#19670 pc=0038 sp=F350
irq#19671 pc=0038 sp=F350
irq#19672 pc=0038 sp=F350
irq#19673 pc=0038 sp=F350
irq#19674 pc=0038 sp=F350
irq#19675 pc=0038 sp=F350
irq#19676 pc=0038 sp=F350
irq#19677 pc=0038 sp=F350
irq#19678 pc=0038 sp=F350
irq#19679 pc=0038 sp=F350
irq#19680 pc=0038 sp=F350
irq#19681 pc=0038 sp=F350
irq#19682 pc=0038 sp=F350
irq#19683 pc=0038 sp=F350
irq#19684 pc=0038 sp=F350
irq#19685 pc=0038 sp=F350
irq#19686 pc=0038 sp=F350
irq#19687 pc=0038 sp=F350
irq#19688 pc=0038 sp=F350
irq#19689 pc=0038 sp=F350
irq#19690 pc=0038 sp=F350
irq#19691 pc=0038 sp=F350
irq#19692 pc=0038 sp=F350
irq#19693 pc=0038 sp=F350
irq#19694 pc=0038 sp=F350
irq#19695 pc=0038 sp=F350
irq#19696 pc=0038 sp=F350
irq#19697 pc=0038 sp=F350
irq#19698 pc=0038 sp=F350
irq#19699 pc=0038 sp=F350
irq#19700 pc=0038 sp=F350
irq#19701 pc=0038 sp=F350
irq#19702 pc=0038 sp=F350
irq#19703 pc=0038 sp=F350
irq#19704 pc=0038 sp=F350
irq#19705 pc=0038 sp=F350
irq#19706 pc=0038 sp=F350
irq#19707 pc=0038 sp=F350
irq#19708 pc=0038 sp=F350
irq#19709 pc=0038 sp=F350
irq#19710 pc=0038 sp=F350
irq#19711 pc=0038 sp=F350
irq#19712 pc=0038 sp=F350
irq#19713 pc=0038 sp=F350
irq#19714 pc=0038 sp=F350
irq#19715 pc=0038 sp=F350
irq#19716 pc=0038 sp=F350
irq#19717 pc=0038 sp=F350
irq#19718 pc=0038 sp=F350
irq#19719 pc=0038 sp=F350
irq#19720 pc=0038 sp=F350
irq#19721 pc=0038 sp=F350
irq#19722 pc=0038 sp=F350
irq#19723 pc=0038 sp=F350
irq#19724 pc=0038 sp=F350
irq#19725 pc=0038 sp=F350
irq#19726 pc=0038 sp=F350
irq#19727 pc=0038 sp=F350
irq#19728 pc=0038 sp=F350
irq#19729 pc=0038 sp=F350
irq#19730 pc=0038 sp=F350
irq#19731 pc=0038 sp=F350
irq#19732 pc=0038 sp=F350
irq#19733 pc=0038 sp=F350
irq#19734 pc=0038 sp=F350
irq#19735 pc=0038 sp=F350
irq#19736 pc=0038 sp=F346
irq#19737 pc=0038 sp=F350
irq#19738 pc=0038 sp=F350
irq#19739 pc=0038 sp=F350
irq#19740 pc=0038 sp=F350
irq#19741 pc=0038 sp=F350
irq#19742 pc=0038 sp=F350
irq#19743 pc=0038 sp=F350
irq#19744 pc=0038 sp=F350
irq#19745 pc=0038 sp=F350
irq#19746 pc=0038 sp=F350
irq#19747 pc=0038 sp=F350
irq#19748 pc=0038 sp=F350
irq#19749 pc=0038 sp=F350
irq#19750 pc=0038 sp=F350
irq#19751 pc=0038 sp=F350
irq#19752 pc=0038 sp=F350
irq#19753 pc=0038 sp=F350
irq#19754 pc=0038 sp=F350
irq#19755 pc=0038 sp=F350
irq#19756 pc=0038 sp=F350
irq#19757 pc=0038 sp=F350
irq#19758 pc=0038 sp=F350
irq#19759 pc=0038 sp=F350
irq#19760 pc=0038 sp=F350
irq#19761 pc=0038 sp=F350
irq#19762 pc=0038 sp=F350
irq#19763 pc=0038 sp=F350
irq#19764 pc=0038 sp=F350
irq#19765 pc=0038 sp=F350
irq#19766 pc=0038 sp=F350
irq#19767 pc=0038 sp=F350
irq#19768 pc=0038 sp=F350
irq#19769 pc=0038 sp=F350
irq#19770 pc=0038 sp=F350
irq#19771 pc=0038 sp=F350
irq#19772 pc=0038 sp=F350
irq#19773 pc=0038 sp=F350
irq#19774 pc=0038 sp=F350
irq#19775 pc=0038 sp=F350
irq#19776 pc=0038 sp=F350
irq#19777 pc=0038 sp=F350
irq#19778 pc=0038 sp=F350
irq#19779 pc=0038 sp=F350
irq#19780 pc=0038 sp=F350
irq#19781 pc=0038 sp=F350
irq#19782 pc=0038 sp=F350
irq#19783 pc=0038 sp=F350
irq#19784 pc=0038 sp=F350
irq#19785 pc=0038 sp=F350
irq#19786 pc=0038 sp=F350
irq#19787 pc=0038 sp=F350
irq#19788 pc=0038 sp=F350
irq#19789 pc=0038 sp=F350
irq#19790 pc=0038 sp=F350
irq#19791 pc=0038 sp=F350
irq#19792 pc=0038 sp=F350
irq#19793 pc=0038 sp=F350
irq#19794 pc=0038 sp=F350
irq#19795 pc=0038 sp=F350
irq#19796 pc=0038 sp=F350
irq#19797 pc=0038 sp=F350
irq#19798 pc=0038 sp=F350
irq#19799 pc=0038 sp=F350
irq#19800 pc=0038 sp=F350
irq#19801 pc=0038 sp=F350
irq#19802 pc=0038 sp=F350
irq#19803 pc=0038 sp=F350
irq#19804 pc=0038 sp=F350
irq#19805 pc=0038 sp=F350
irq#19806 pc=0038 sp=F350
irq#19807 pc=0038 sp=F350
irq#19808 pc=0038 sp=F350
irq#19809 pc=0038 sp=F350
irq#19810 pc=0038 sp=F350
irq#19811 pc=0038 sp=F350
irq#19812 pc=0038 sp=F350
irq#19813 pc=0038 sp=F350
irq#19814 pc=0038 sp=F350
irq#19815 pc=0038 sp=F350
irq#19816 pc=0038 sp=F350
irq#19817 pc=0038 sp=F350
irq#19818 pc=0038 sp=F350
irq#19819 pc=0038 sp=F350
irq#19820 pc=0038 sp=F350
irq#19821 pc=0038 sp=F350
irq#19822 pc=0038 sp=F350
irq#19823 pc=0038 sp=F350
irq#19824 pc=0038 sp=F350
irq#19825 pc=0038 sp=F350
irq#19826 pc=0038 sp=F350
irq#19827 pc=0038 sp=F350
irq#19828 pc=0038 sp=F350
irq#19829 pc=0038 sp=F350
irq#19830 pc=0038 sp=F350
irq#19831 pc=0038 sp=F350
irq#19832 pc=0038 sp=F350
irq#19833 pc=0038 sp=F350
irq#19834 pc=0038 sp=F350
irq#19835 pc=0038 sp=F350
irq#19836 pc=0038 sp=F350
irq#19837 pc=0038 sp=F350
irq#19838 pc=0038 sp=F350
irq#19839 pc=0038 sp=F350
irq#19840 pc=0038 sp=F350
irq#19841 pc=0038 sp=F350
irq#19842 pc=0038 sp=F350
irq#19843 pc=0038 sp=F350
irq#19844 pc=0038 sp=F350
irq#19845 pc=0038 sp=F350
irq#19846 pc=0038 sp=F350
irq#19847 pc=0038 sp=F350
irq#19848 pc=0038 sp=F350
irq#19849 pc=0038 sp=F350
irq#19850 pc=0038 sp=F350
irq#19851 pc=0038 sp=F350
irq#19852 pc=0038 sp=F350
irq#19853 pc=0038 sp=F350
irq#19854 pc=0038 sp=F350
irq#19855 pc=0038 sp=F350
irq#19856 pc=0038 sp=F350
irq#19857 pc=0038 sp=F350
irq#19858 pc=0038 sp=F350
irq#19859 pc=0038 sp=F350
irq#19860 pc=0038 sp=F350
irq#19861 pc=0038 sp=F350
irq#19862 pc=0038 sp=F350
irq#19863 pc=0038 sp=F350
irq#19864 pc=0038 sp=F350
irq#19865 pc=0038 sp=F350
irq#19866 pc=0038 sp=F350
irq#19867 pc=0038 sp=F350
irq#19868 pc=0038 sp=F350
irq#19869 pc=0038 sp=F350
irq#19870 pc=0038 sp=F350
irq#19871 pc=0038 sp=F350
irq#19872 pc=0038 sp=F350
irq#19873 pc=0038 sp=F350
irq#19874 pc=0038 sp=F350
irq#19875 pc=0038 sp=F350
irq#19876 pc=0038 sp=F350
irq#19877 pc=0038 sp=F350
irq#19878 pc=0038 sp=F350
irq#19879 pc=0038 sp=F350
irq#19880 pc=0038 sp=F350
irq#19881 pc=0038 sp=F350
irq#19882 pc=0038 sp=F350
irq#19883 pc=0038 sp=F350
irq#19884 pc=0038 sp=F350
irq#19885 pc=0038 sp=F350
irq#19886 pc=0038 sp=F350
irq#19887 pc=0038 sp=F350
irq#19888 pc=0038 sp=F350
irq#19889 pc=0038 sp=F350
irq#19890 pc=0038 sp=F350
irq#19891 pc=0038 sp=F350
irq#19892 pc=0038 sp=F350
irq#19893 pc=0038 sp=F350
irq#19894 pc=0038 sp=F350
irq#19895 pc=0038 sp=F350
irq#19896 pc=0038 sp=F350
irq#19897 pc=0038 sp=F350
irq#19898 pc=0038 sp=F350
irq#19899 pc=0038 sp=F350
irq#19900 pc=0038 sp=F350
irq#19901 pc=0038 sp=F350
irq#19902 pc=0038 sp=F350
irq#19903 pc=0038 sp=F350
irq#19904 pc=0038 sp=F350
irq#19905 pc=0038 sp=F350
irq#19906 pc=0038 sp=F350
irq#19907 pc=0038 sp=F350
irq#19908 pc=0038 sp=F350
irq#19909 pc=0038 sp=F350
irq#19910 pc=0038 sp=F350
irq#19911 pc=0038 sp=F350
irq#19912 pc=0038 sp=F350
irq#19913 pc=0038 sp=F350
irq#19914 pc=0038 sp=F350
irq#19915 pc=0038 sp=F350
irq#19916 pc=0038 sp=F350
irq#19917 pc=0038 sp=F350
irq#19918 pc=0038 sp=F350
irq#19919 pc=0038 sp=F350
irq#19920 pc=0038 sp=F342
irq#19921 pc=0038 sp=F350
irq#19922 pc=0038 sp=F350
irq#19923 pc=0038 sp=F350
irq#19924 pc=0038 sp=F350
irq#19925 pc=0038 sp=F350
irq#19926 pc=0038 sp=F350
irq#19927 pc=0038 sp=F350
irq#19928 pc=0038 sp=F350
irq#19929 pc=0038 sp=F350
irq#19930 pc=0038 sp=F350
irq#19931 pc=0038 sp=F350
irq#19932 pc=0038 sp=F350
irq#19933 pc=0038 sp=F350
irq#19934 pc=0038 sp=F350
irq#19935 pc=0038 sp=F350
irq#19936 pc=0038 sp=F350
irq#19937 pc=0038 sp=F350
irq#19938 pc=0038 sp=F350
irq#19939 pc=0038 sp=F350
irq#19940 pc=0038 sp=F350
irq#19941 pc=0038 sp=F350
irq#19942 pc=0038 sp=F350
irq#19943 pc=0038 sp=F350
irq#19944 pc=0038 sp=F350
irq#19945 pc=0038 sp=F350
irq#19946 pc=0038 sp=F350
irq#19947 pc=0038 sp=F350
irq#19948 pc=0038 sp=F350
irq#19949 pc=0038 sp=F350
irq#19950 pc=0038 sp=F350
irq#19951 pc=0038 sp=F350
irq#19952 pc=0038 sp=F350
irq#19953 pc=0038 sp=F350
irq#19954 pc=0038 sp=F350
irq#19955 pc=0038 sp=F350
irq#19956 pc=0038 sp=F350
irq#19957 pc=0038 sp=F350
irq#19958 pc=0038 sp=F350
irq#19959 pc=0038 sp=F350
irq#19960 pc=0038 sp=F350
irq#19961 pc=0038 sp=F350
irq#19962 pc=0038 sp=F350
irq#19963 pc=0038 sp=F350
irq#19964 pc=0038 sp=F350
irq#19965 pc=0038 sp=F350
irq#19966 pc=0038 sp=F350
irq#19967 pc=0038 sp=F350
irq#19968 pc=0038 sp=F350
irq#19969 pc=0038 sp=F350
irq#19970 pc=0038 sp=F350
irq#19971 pc=0038 sp=F350
irq#19972 pc=0038 sp=F350
irq#19973 pc=0038 sp=F350
irq#19974 pc=0038 sp=F350
irq#19975 pc=0038 sp=F350
irq#19976 pc=0038 sp=F350
irq#19977 pc=0038 sp=F350
irq#19978 pc=0038 sp=F350
irq#19979 pc=0038 sp=F350
irq#19980 pc=0038 sp=F350
irq#19981 pc=0038 sp=F350
irq#19982 pc=0038 sp=F350
irq#19983 pc=0038 sp=F350
irq#19984 pc=0038 sp=F350
irq#19985 pc=0038 sp=F350
irq#19986 pc=0038 sp=F350
irq#19987 pc=0038 sp=F350
irq#19988 pc=0038 sp=F350
irq#19989 pc=0038 sp=F350
irq#19990 pc=0038 sp=F350
irq#19991 pc=0038 sp=F350
irq#19992 pc=0038 sp=F350
irq#19993 pc=0038 sp=F350
irq#19994 pc=0038 sp=F350
irq#19995 pc=0038 sp=F350
irq#19996 pc=0038 sp=F350
irq#19997 pc=0038 sp=F350
irq#19998 pc=0038 sp=F350
irq#19999 pc=0038 sp=F350
irq#20000 pc=0038 sp=F350
irq#20001 pc=0038 sp=F350
irq#20002 pc=0038 sp=F350
irq#20003 pc=0038 sp=F350
irq#20004 pc=0038 sp=F350
irq#20005 pc=0038 sp=F350
irq#20006 pc=0038 sp=F350
irq#20007 pc=0038 sp=F350
irq#20008 pc=0038 sp=F350
irq#20009 pc=0038 sp=F350
irq#20010 pc=0038 sp=F350
irq#20011 pc=0038 sp=F350
irq#20012 pc=0038 sp=F350
irq#20013 pc=0038 sp=F350
irq#20014 pc=0038 sp=F350
irq#20015 pc=0038 sp=F350
irq#20016 pc=0038 sp=F350
irq#20017 pc=0038 sp=F350
irq#20018 pc=0038 sp=F350
irq#20019 pc=0038 sp=F350
irq#20020 pc=0038 sp=F350
irq#20021 pc=0038 sp=F350
irq#20022 pc=0038 sp=F350
irq#20023 pc=0038 sp=F350
irq#20024 pc=0038 sp=F350
irq#20025 pc=0038 sp=F350
irq#20026 pc=0038 sp=F350
irq#20027 pc=0038 sp=F350
irq#20028 pc=0038 sp=F350
irq#20029 pc=0038 sp=F350
irq#20030 pc=0038 sp=F350
irq#20031 pc=0038 sp=F350
irq#20032 pc=0038 sp=F350
irq#20033 pc=0038 sp=F350
irq#20034 pc=0038 sp=F350
irq#20035 pc=0038 sp=F350
irq#20036 pc=0038 sp=F350
irq#20037 pc=0038 sp=F350
irq#20038 pc=0038 sp=F350
irq#20039 pc=0038 sp=F350
irq#20040 pc=0038 sp=F350
irq#20041 pc=0038 sp=F350
irq#20042 pc=0038 sp=F350
irq#20043 pc=0038 sp=F350
irq#20044 pc=0038 sp=F350
irq#20045 pc=0038 sp=F350
irq#20046 pc=0038 sp=F350
irq#20047 pc=0038 sp=F350
irq#20048 pc=0038 sp=F350
irq#20049 pc=0038 sp=F350
irq#20050 pc=0038 sp=F350
irq#20051 pc=0038 sp=F350
irq#20052 pc=0038 sp=F350
irq#20053 pc=0038 sp=F350
irq#20054 pc=0038 sp=F350
irq#20055 pc=0038 sp=F350
irq#20056 pc=0038 sp=F350
irq#20057 pc=0038 sp=F350
irq#20058 pc=0038 sp=F350
irq#20059 pc=0038 sp=F350
irq#20060 pc=0038 sp=F350
irq#20061 pc=0038 sp=F350
irq#20062 pc=0038 sp=F350
irq#20063 pc=0038 sp=F350
irq#20064 pc=0038 sp=F350
irq#20065 pc=0038 sp=F350
irq#20066 pc=0038 sp=F350
irq#20067 pc=0038 sp=F350
irq#20068 pc=0038 sp=F350
irq#20069 pc=0038 sp=F350
irq#20070 pc=0038 sp=F350
irq#20071 pc=0038 sp=F350
irq#20072 pc=0038 sp=F350
irq#20073 pc=0038 sp=F350
irq#20074 pc=0038 sp=F350
irq#20075 pc=0038 sp=F350
irq#20076 pc=0038 sp=F350
irq#20077 pc=0038 sp=F350
irq#20078 pc=0038 sp=F350
irq#20079 pc=0038 sp=F350
irq#20080 pc=0038 sp=F350
irq#20081 pc=0038 sp=F350
irq#20082 pc=0038 sp=F350
irq#20083 pc=0038 sp=F350
irq#20084 pc=0038 sp=F350
irq#20085 pc=0038 sp=F350
irq#20086 pc=0038 sp=F350
irq#20087 pc=0038 sp=F350
irq#20088 pc=0038 sp=F350
irq#20089 pc=0038 sp=F350
irq#20090 pc=0038 sp=F350
irq#20091 pc=0038 sp=F350
irq#20092 pc=0038 sp=F350
irq#20093 pc=0038 sp=F350
irq#20094 pc=0038 sp=F350
irq#20095 pc=0038 sp=F350
irq#20096 pc=0038 sp=F350
irq#20097 pc=0038 sp=F350
irq#20098 pc=0038 sp=F350
irq#20099 pc=0038 sp=F350
irq#20100 pc=0038 sp=F350
irq#20101 pc=0038 sp=F350
irq#20102 pc=0038 sp=F350
irq#20103 pc=0038 sp=F350
irq#20104 pc=0038 sp=F33C
irq#20105 pc=0038 sp=F350
irq#20106 pc=0038 sp=F350
irq#20107 pc=0038 sp=F350
irq#20108 pc=0038 sp=F350
irq#20109 pc=0038 sp=F350
irq#20110 pc=0038 sp=F350
irq#20111 pc=0038 sp=F350
irq#20112 pc=0038 sp=F350
irq#20113 pc=0038 sp=F350
irq#20114 pc=0038 sp=F350
irq#20115 pc=0038 sp=F350
irq#20116 pc=0038 sp=F350
irq#20117 pc=0038 sp=F350
irq#20118 pc=0038 sp=F350
irq#20119 pc=0038 sp=F350
irq#20120 pc=0038 sp=F350
irq#20121 pc=0038 sp=F350
irq#20122 pc=0038 sp=F350
irq#20123 pc=0038 sp=F350
irq#20124 pc=0038 sp=F350
irq#20125 pc=0038 sp=F350
irq#20126 pc=0038 sp=F350
irq#20127 pc=0038 sp=F350
irq#20128 pc=0038 sp=F350
irq#20129 pc=0038 sp=F350
irq#20130 pc=0038 sp=F350
irq#20131 pc=0038 sp=F350
irq#20132 pc=0038 sp=F350
irq#20133 pc=0038 sp=F350
irq#20134 pc=0038 sp=F350
irq#20135 pc=0038 sp=F350
irq#20136 pc=0038 sp=F350
irq#20137 pc=0038 sp=F350
irq#20138 pc=0038 sp=F350
irq#20139 pc=0038 sp=F350
irq#20140 pc=0038 sp=F350
irq#20141 pc=0038 sp=F350
irq#20142 pc=0038 sp=F350
irq#20143 pc=0038 sp=F350
irq#20144 pc=0038 sp=F350
irq#20145 pc=0038 sp=F350
irq#20146 pc=0038 sp=F350
irq#20147 pc=0038 sp=F350
irq#20148 pc=0038 sp=F350
irq#20149 pc=0038 sp=F350
irq#20150 pc=0038 sp=F350
irq#20151 pc=0038 sp=F350
irq#20152 pc=0038 sp=F350
irq#20153 pc=0038 sp=F350
irq#20154 pc=0038 sp=F350
irq#20155 pc=0038 sp=F350
irq#20156 pc=0038 sp=F350
irq#20157 pc=0038 sp=F350
irq#20158 pc=0038 sp=F350
irq#20159 pc=0038 sp=F350
irq#20160 pc=0038 sp=F350
irq#20161 pc=0038 sp=F350
irq#20162 pc=0038 sp=F350
irq#20163 pc=0038 sp=F350
irq#20164 pc=0038 sp=F350
irq#20165 pc=0038 sp=F350
irq#20166 pc=0038 sp=F350
irq#20167 pc=0038 sp=F350
irq#20168 pc=0038 sp=F350
irq#20169 pc=0038 sp=F350
irq#20170 pc=0038 sp=F350
irq#20171 pc=0038 sp=F350
irq#20172 pc=0038 sp=F350
irq#20173 pc=0038 sp=F350
irq#20174 pc=0038 sp=F350
irq#20175 pc=0038 sp=F350
irq#20176 pc=0038 sp=F350
irq#20177 pc=0038 sp=F350
irq#20178 pc=0038 sp=F350
irq#20179 pc=0038 sp=F350
irq#20180 pc=0038 sp=F350
irq#20181 pc=0038 sp=F350
irq#20182 pc=0038 sp=F350
irq#20183 pc=0038 sp=F350
irq#20184 pc=0038 sp=F350
irq#20185 pc=0038 sp=F350
irq#20186 pc=0038 sp=F350
irq#20187 pc=0038 sp=F350
irq#20188 pc=0038 sp=F350
irq#20189 pc=0038 sp=F350
irq#20190 pc=0038 sp=F350
irq#20191 pc=0038 sp=F350
irq#20192 pc=0038 sp=F350
irq#20193 pc=0038 sp=F350
irq#20194 pc=0038 sp=F350
irq#20195 pc=0038 sp=F350
irq#20196 pc=0038 sp=F350
irq#20197 pc=0038 sp=F350
irq#20198 pc=0038 sp=F350
irq#20199 pc=0038 sp=F350
irq#20200 pc=0038 sp=F350
irq#20201 pc=0038 sp=F350
irq#20202 pc=0038 sp=F350
irq#20203 pc=0038 sp=F350
irq#20204 pc=0038 sp=F350
irq#20205 pc=0038 sp=F350
irq#20206 pc=0038 sp=F350
irq#20207 pc=0038 sp=F350
irq#20208 pc=0038 sp=F350
irq#20209 pc=0038 sp=F350
irq#20210 pc=0038 sp=F350
irq#20211 pc=0038 sp=F350
irq#20212 pc=0038 sp=F350
irq#20213 pc=0038 sp=F350
irq#20214 pc=0038 sp=F350
irq#20215 pc=0038 sp=F350
irq#20216 pc=0038 sp=F350
irq#20217 pc=0038 sp=F350
irq#20218 pc=0038 sp=F350
irq#20219 pc=0038 sp=F350
irq#20220 pc=0038 sp=F350
irq#20221 pc=0038 sp=F350
irq#20222 pc=0038 sp=F350
irq#20223 pc=0038 sp=F350
irq#20224 pc=0038 sp=F350
irq#20225 pc=0038 sp=F350
irq#20226 pc=0038 sp=F350
irq#20227 pc=0038 sp=F350
irq#20228 pc=0038 sp=F350
irq#20229 pc=0038 sp=F350
irq#20230 pc=0038 sp=F350
irq#20231 pc=0038 sp=F350
irq#20232 pc=0038 sp=F350
irq#20233 pc=0038 sp=F350
irq#20234 pc=0038 sp=F350
irq#20235 pc=0038 sp=F350
irq#20236 pc=0038 sp=F350
irq#20237 pc=0038 sp=F350
irq#20238 pc=0038 sp=F350
irq#20239 pc=0038 sp=F350
irq#20240 pc=0038 sp=F350
irq#20241 pc=0038 sp=F350
irq#20242 pc=0038 sp=F350
irq#20243 pc=0038 sp=F350
irq#20244 pc=0038 sp=F350
irq#20245 pc=0038 sp=F350
irq#20246 pc=0038 sp=F350
irq#20247 pc=0038 sp=F350
irq#20248 pc=0038 sp=F350
irq#20249 pc=0038 sp=F350
irq#20250 pc=0038 sp=F350
irq#20251 pc=0038 sp=F350
irq#20252 pc=0038 sp=F350
irq#20253 pc=0038 sp=F350
irq#20254 pc=0038 sp=F350
irq#20255 pc=0038 sp=F350
irq#20256 pc=0038 sp=F350
irq#20257 pc=0038 sp=F350
irq#20258 pc=0038 sp=F350
irq#20259 pc=0038 sp=F350
irq#20260 pc=0038 sp=F350
irq#20261 pc=0038 sp=F350
irq#20262 pc=0038 sp=F350
irq#20263 pc=0038 sp=F350
irq#20264 pc=0038 sp=F350
irq#20265 pc=0038 sp=F350
irq#20266 pc=0038 sp=F350
irq#20267 pc=0038 sp=F350
irq#20268 pc=0038 sp=F350
irq#20269 pc=0038 sp=F350
irq#20270 pc=0038 sp=F350
irq#20271 pc=0038 sp=F350
irq#20272 pc=0038 sp=F350
irq#20273 pc=0038 sp=F350
irq#20274 pc=0038 sp=F350
irq#20275 pc=0038 sp=F350
irq#20276 pc=0038 sp=F350
irq#20277 pc=0038 sp=F350
irq#20278 pc=0038 sp=F350
irq#20279 pc=0038 sp=F350
irq#20280 pc=0038 sp=F350
irq#20281 pc=0038 sp=F350
irq#20282 pc=0038 sp=F350
irq#20283 pc=0038 sp=F350
irq#20284 pc=0038 sp=F350
irq#20285 pc=0038 sp=F350
irq#20286 pc=0038 sp=F350
irq#20287 pc=0038 sp=F350
irq#20288 pc=0038 sp=F33A
irq#20289 pc=0038 sp=F350
irq#20290 pc=0038 sp=F350
irq#20291 pc=0038 sp=F350
irq#20292 pc=0038 sp=F350
irq#20293 pc=0038 sp=F350
irq#20294 pc=0038 sp=F350
irq#20295 pc=0038 sp=F350
irq#20296 pc=0038 sp=F350
irq#20297 pc=0038 sp=F350
irq#20298 pc=0038 sp=F350
irq#20299 pc=0038 sp=F350
irq#20300 pc=0038 sp=F350
irq#20301 pc=0038 sp=F350
irq#20302 pc=0038 sp=F350
irq#20303 pc=0038 sp=F350
irq#20304 pc=0038 sp=F350
irq#20305 pc=0038 sp=F350
irq#20306 pc=0038 sp=F350
irq#20307 pc=0038 sp=F350
irq#20308 pc=0038 sp=F350
irq#20309 pc=0038 sp=F350
irq#20310 pc=0038 sp=F350
irq#20311 pc=0038 sp=F350
irq#20312 pc=0038 sp=F350
irq#20313 pc=0038 sp=F350
irq#20314 pc=0038 sp=F350
irq#20315 pc=0038 sp=F350
irq#20316 pc=0038 sp=F350
irq#20317 pc=0038 sp=F350
irq#20318 pc=0038 sp=F350
irq#20319 pc=0038 sp=F350
irq#20320 pc=0038 sp=F350
irq#20321 pc=0038 sp=F350
irq#20322 pc=0038 sp=F350
irq#20323 pc=0038 sp=F350
irq#20324 pc=0038 sp=F350
irq#20325 pc=0038 sp=F350
irq#20326 pc=0038 sp=F350
irq#20327 pc=0038 sp=F350
irq#20328 pc=0038 sp=F350
irq#20329 pc=0038 sp=F350
irq#20330 pc=0038 sp=F350
irq#20331 pc=0038 sp=F350
irq#20332 pc=0038 sp=F350
irq#20333 pc=0038 sp=F350
irq#20334 pc=0038 sp=F350
irq#20335 pc=0038 sp=F350
irq#20336 pc=0038 sp=F350
irq#20337 pc=0038 sp=F350
irq#20338 pc=0038 sp=F350
irq#20339 pc=0038 sp=F350
irq#20340 pc=0038 sp=F350
irq#20341 pc=0038 sp=F350
irq#20342 pc=0038 sp=F350
irq#20343 pc=0038 sp=F350
irq#20344 pc=0038 sp=F350
irq#20345 pc=0038 sp=F350
irq#20346 pc=0038 sp=F350
irq#20347 pc=0038 sp=F350
irq#20348 pc=0038 sp=F350
irq#20349 pc=0038 sp=F350
irq#20350 pc=0038 sp=F350
irq#20351 pc=0038 sp=F350
irq#20352 pc=0038 sp=F350
irq#20353 pc=0038 sp=F350
irq#20354 pc=0038 sp=F350
irq#20355 pc=0038 sp=F350
irq#20356 pc=0038 sp=F350
irq#20357 pc=0038 sp=F350
irq#20358 pc=0038 sp=F350
irq#20359 pc=0038 sp=F350
irq#20360 pc=0038 sp=F350
irq#20361 pc=0038 sp=F350
irq#20362 pc=0038 sp=F350
irq#20363 pc=0038 sp=F350
irq#20364 pc=0038 sp=F350
irq#20365 pc=0038 sp=F350
irq#20366 pc=0038 sp=F350
irq#20367 pc=0038 sp=F350
irq#20368 pc=0038 sp=F350
irq#20369 pc=0038 sp=F350
irq#20370 pc=0038 sp=F350
irq#20371 pc=0038 sp=F350
irq#20372 pc=0038 sp=F350
irq#20373 pc=0038 sp=F350
irq#20374 pc=0038 sp=F350
irq#20375 pc=0038 sp=F350
irq#20376 pc=0038 sp=F350
irq#20377 pc=0038 sp=F350
irq#20378 pc=0038 sp=F350
irq#20379 pc=0038 sp=F350
irq#20380 pc=0038 sp=F350
irq#20381 pc=0038 sp=F350
irq#20382 pc=0038 sp=F350
irq#20383 pc=0038 sp=F350
irq#20384 pc=0038 sp=F350
irq#20385 pc=0038 sp=F350
irq#20386 pc=0038 sp=F350
irq#20387 pc=0038 sp=F350
irq#20388 pc=0038 sp=F350
irq#20389 pc=0038 sp=F350
irq#20390 pc=0038 sp=F350
irq#20391 pc=0038 sp=F350
irq#20392 pc=0038 sp=F350
irq#20393 pc=0038 sp=F350
irq#20394 pc=0038 sp=F350
irq#20395 pc=0038 sp=F350
irq#20396 pc=0038 sp=F350
irq#20397 pc=0038 sp=F350
irq#20398 pc=0038 sp=F350
irq#20399 pc=0038 sp=F350
irq#20400 pc=0038 sp=F350
irq#20401 pc=0038 sp=F350
irq#20402 pc=0038 sp=F350
irq#20403 pc=0038 sp=F350
irq#20404 pc=0038 sp=F350
irq#20405 pc=0038 sp=F350
irq#20406 pc=0038 sp=F350
irq#20407 pc=0038 sp=F350
irq#20408 pc=0038 sp=F350
irq#20409 pc=0038 sp=F350
irq#20410 pc=0038 sp=F350
irq#20411 pc=0038 sp=F350
irq#20412 pc=0038 sp=F350
irq#20413 pc=0038 sp=F350
irq#20414 pc=0038 sp=F350
irq#20415 pc=0038 sp=F350
irq#20416 pc=0038 sp=F350
irq#20417 pc=0038 sp=F350
irq#20418 pc=0038 sp=F350
irq#20419 pc=0038 sp=F350
irq#20420 pc=0038 sp=F350
irq#20421 pc=0038 sp=F350
irq#20422 pc=0038 sp=F350
irq#20423 pc=0038 sp=F350
irq#20424 pc=0038 sp=F350
irq#20425 pc=0038 sp=F350
irq#20426 pc=0038 sp=F350
irq#20427 pc=0038 sp=F350
irq#20428 pc=0038 sp=F350
irq#20429 pc=0038 sp=F350
irq#20430 pc=0038 sp=F350
irq#20431 pc=0038 sp=F350
irq#20432 pc=0038 sp=F350
irq#20433 pc=0038 sp=F350
irq#20434 pc=0038 sp=F350
irq#20435 pc=0038 sp=F350
irq#20436 pc=0038 sp=F350
irq#20437 pc=0038 sp=F350
irq#20438 pc=0038 sp=F350
irq#20439 pc=0038 sp=F350
irq#20440 pc=0038 sp=F350
irq#20441 pc=0038 sp=F350
irq#20442 pc=0038 sp=F350
irq#20443 pc=0038 sp=F350
irq#20444 pc=0038 sp=F350
irq#20445 pc=0038 sp=F350
irq#20446 pc=0038 sp=F350
irq#20447 pc=0038 sp=F350
irq#20448 pc=0038 sp=F350
irq#20449 pc=0038 sp=F350
irq#20450 pc=0038 sp=F350
irq#20451 pc=0038 sp=F350
irq#20452 pc=0038 sp=F350
irq#20453 pc=0038 sp=F350
irq#20454 pc=0038 sp=F350
irq#20455 pc=0038 sp=F350
irq#20456 pc=0038 sp=F350
irq#20457 pc=0038 sp=F350
irq#20458 pc=0038 sp=F350
irq#20459 pc=0038 sp=F350
irq#20460 pc=0038 sp=F350
irq#20461 pc=0038 sp=F350
irq#20462 pc=0038 sp=F350
irq#20463 pc=0038 sp=F350
irq#20464 pc=0038 sp=F350
irq#20465 pc=0038 sp=F350
irq#20466 pc=0038 sp=F350
irq#20467 pc=0038 sp=F350
irq#20468 pc=0038 sp=F350
irq#20469 pc=0038 sp=F350
irq#20470 pc=0038 sp=F350
irq#20471 pc=0038 sp=F350
irq#20472 pc=0038 sp=F33A
irq#20473 pc=0038 sp=F350
irq#20474 pc=0038 sp=F350
irq#20475 pc=0038 sp=F350
irq#20476 pc=0038 sp=F350
irq#20477 pc=0038 sp=F350
irq#20478 pc=0038 sp=F350
irq#20479 pc=0038 sp=F350
irq#20480 pc=0038 sp=F350
irq#20481 pc=0038 sp=F350
irq#20482 pc=0038 sp=F350
irq#20483 pc=0038 sp=F350
irq#20484 pc=0038 sp=F350
irq#20485 pc=0038 sp=F350
irq#20486 pc=0038 sp=F350
irq#20487 pc=0038 sp=F350
irq#20488 pc=0038 sp=F350
irq#20489 pc=0038 sp=F350
irq#20490 pc=0038 sp=F350
irq#20491 pc=0038 sp=F350
irq#20492 pc=0038 sp=F350
irq#20493 pc=0038 sp=F350
irq#20494 pc=0038 sp=F350
irq#20495 pc=0038 sp=F350
irq#20496 pc=0038 sp=F350
irq#20497 pc=0038 sp=F350
irq#20498 pc=0038 sp=F350
irq#20499 pc=0038 sp=F350
irq#20500 pc=0038 sp=F350
irq#20501 pc=0038 sp=F350
irq#20502 pc=0038 sp=F350
irq#20503 pc=0038 sp=F350
irq#20504 pc=0038 sp=F350
irq#20505 pc=0038 sp=F350
irq#20506 pc=0038 sp=F350
irq#20507 pc=0038 sp=F350
irq#20508 pc=0038 sp=F350
irq#20509 pc=0038 sp=F350
irq#20510 pc=0038 sp=F350
irq#20511 pc=0038 sp=F350
irq#20512 pc=0038 sp=F350
irq#20513 pc=0038 sp=F350
irq#20514 pc=0038 sp=F350
irq#20515 pc=0038 sp=F350
irq#20516 pc=0038 sp=F350
irq#20517 pc=0038 sp=F350
irq#20518 pc=0038 sp=F350
irq#20519 pc=0038 sp=F350
irq#20520 pc=0038 sp=F350
irq#20521 pc=0038 sp=F350
irq#20522 pc=0038 sp=F350
irq#20523 pc=0038 sp=F350
irq#20524 pc=0038 sp=F350
irq#20525 pc=0038 sp=F350
irq#20526 pc=0038 sp=F350
irq#20527 pc=0038 sp=F350
irq#20528 pc=0038 sp=F350
irq#20529 pc=0038 sp=F350
irq#20530 pc=0038 sp=F350
irq#20531 pc=0038 sp=F350
irq#20532 pc=0038 sp=F350
irq#20533 pc=0038 sp=F350
irq#20534 pc=0038 sp=F350
irq#20535 pc=0038 sp=F350
irq#20536 pc=0038 sp=F350
irq#20537 pc=0038 sp=F350
irq#20538 pc=0038 sp=F350
irq#20539 pc=0038 sp=F350
irq#20540 pc=0038 sp=F350
irq#20541 pc=0038 sp=F350
irq#20542 pc=0038 sp=F350
irq#20543 pc=0038 sp=F350
irq#20544 pc=0038 sp=F350
irq#20545 pc=0038 sp=F350
irq#20546 pc=0038 sp=F350
irq#20547 pc=0038 sp=F350
irq#20548 pc=0038 sp=F350
irq#20549 pc=0038 sp=F350
irq#20550 pc=0038 sp=F350
irq#20551 pc=0038 sp=F350
irq#20552 pc=0038 sp=F350
irq#20553 pc=0038 sp=F350
irq#20554 pc=0038 sp=F350
irq#20555 pc=0038 sp=F350
irq#20556 pc=0038 sp=F350
irq#20557 pc=0038 sp=F350
irq#20558 pc=0038 sp=F350
irq#20559 pc=0038 sp=F350
irq#20560 pc=0038 sp=F350
irq#20561 pc=0038 sp=F350
irq#20562 pc=0038 sp=F350
irq#20563 pc=0038 sp=F350
irq#20564 pc=0038 sp=F350
irq#20565 pc=0038 sp=F350
irq#20566 pc=0038 sp=F350
irq#20567 pc=0038 sp=F350
irq#20568 pc=0038 sp=F350
irq#20569 pc=0038 sp=F350
irq#20570 pc=0038 sp=F350
irq#20571 pc=0038 sp=F350
irq#20572 pc=0038 sp=F350
irq#20573 pc=0038 sp=F350
irq#20574 pc=0038 sp=F350
irq#20575 pc=0038 sp=F350
irq#20576 pc=0038 sp=F350
irq#20577 pc=0038 sp=F350
irq#20578 pc=0038 sp=F350
irq#20579 pc=0038 sp=F350
irq#20580 pc=0038 sp=F350
irq#20581 pc=0038 sp=F350
irq#20582 pc=0038 sp=F350
irq#20583 pc=0038 sp=F350
irq#20584 pc=0038 sp=F350
irq#20585 pc=0038 sp=F350
irq#20586 pc=0038 sp=F350
irq#20587 pc=0038 sp=F350
irq#20588 pc=0038 sp=F350
irq#20589 pc=0038 sp=F350
irq#20590 pc=0038 sp=F350
irq#20591 pc=0038 sp=F350
irq#20592 pc=0038 sp=F350
irq#20593 pc=0038 sp=F350
irq#20594 pc=0038 sp=F350
irq#20595 pc=0038 sp=F350
irq#20596 pc=0038 sp=F350
irq#20597 pc=0038 sp=F350
irq#20598 pc=0038 sp=F350
irq#20599 pc=0038 sp=F350
irq#20600 pc=0038 sp=F350
irq#20601 pc=0038 sp=F350
irq#20602 pc=0038 sp=F350
irq#20603 pc=0038 sp=F350
irq#20604 pc=0038 sp=F350
irq#20605 pc=0038 sp=F350
irq#20606 pc=0038 sp=F350
irq#20607 pc=0038 sp=F350
irq#20608 pc=0038 sp=F350
irq#20609 pc=0038 sp=F350
irq#20610 pc=0038 sp=F350
irq#20611 pc=0038 sp=F350
irq#20612 pc=0038 sp=F350
irq#20613 pc=0038 sp=F350
irq#20614 pc=0038 sp=F350
irq#20615 pc=0038 sp=F350
irq#20616 pc=0038 sp=F350
irq#20617 pc=0038 sp=F350
irq#20618 pc=0038 sp=F350
irq#20619 pc=0038 sp=F350
irq#20620 pc=0038 sp=F350
irq#20621 pc=0038 sp=F350
irq#20622 pc=0038 sp=F350
irq#20623 pc=0038 sp=F350
irq#20624 pc=0038 sp=F350
irq#20625 pc=0038 sp=F350
irq#20626 pc=0038 sp=F350
irq#20627 pc=0038 sp=F350
irq#20628 pc=0038 sp=F350
irq#20629 pc=0038 sp=F350
irq#20630 pc=0038 sp=F350
irq#20631 pc=0038 sp=F350
irq#20632 pc=0038 sp=F350
irq#20633 pc=0038 sp=F350
irq#20634 pc=0038 sp=F350
irq#20635 pc=0038 sp=F350
irq#20636 pc=0038 sp=F350
irq#20637 pc=0038 sp=F350
irq#20638 pc=0038 sp=F350
irq#20639 pc=0038 sp=F350
irq#20640 pc=0038 sp=F350
irq#20641 pc=0038 sp=F350
irq#20642 pc=0038 sp=F350
irq#20643 pc=0038 sp=F350
irq#20644 pc=0038 sp=F350
irq#20645 pc=0038 sp=F350
irq#20646 pc=0038 sp=F350
irq#20647 pc=0038 sp=F350
irq#20648 pc=0038 sp=F350
irq#20649 pc=0038 sp=F350
irq#20650 pc=0038 sp=F350
irq#20651 pc=0038 sp=F350
irq#20652 pc=0038 sp=F350
irq#20653 pc=0038 sp=F350
irq#20654 pc=0038 sp=F350
irq#20655 pc=0038 sp=F350
irq#20656 pc=0038 sp=F33A
irq#20657 pc=0038 sp=F350
irq#20658 pc=0038 sp=F350
irq#20659 pc=0038 sp=F350
irq#20660 pc=0038 sp=F350
irq#20661 pc=0038 sp=F350
irq#20662 pc=0038 sp=F350
irq#20663 pc=0038 sp=F350
irq#20664 pc=0038 sp=F350
irq#20665 pc=0038 sp=F350
irq#20666 pc=0038 sp=F350
irq#20667 pc=0038 sp=F350
irq#20668 pc=0038 sp=F350
irq#20669 pc=0038 sp=F350
irq#20670 pc=0038 sp=F350
irq#20671 pc=0038 sp=F350
irq#20672 pc=0038 sp=F350
irq#20673 pc=0038 sp=F350
irq#20674 pc=0038 sp=F350
irq#20675 pc=0038 sp=F350
irq#20676 pc=0038 sp=F350
irq#20677 pc=0038 sp=F350
irq#20678 pc=0038 sp=F350
irq#20679 pc=0038 sp=F350
irq#20680 pc=0038 sp=F350
irq#20681 pc=0038 sp=F350
irq#20682 pc=0038 sp=F350
irq#20683 pc=0038 sp=F350
irq#20684 pc=0038 sp=F350
irq#20685 pc=0038 sp=F350
irq#20686 pc=0038 sp=F350
irq#20687 pc=0038 sp=F350
irq#20688 pc=0038 sp=F350
irq#20689 pc=0038 sp=F350
irq#20690 pc=0038 sp=F350
irq#20691 pc=0038 sp=F350
irq#20692 pc=0038 sp=F350
irq#20693 pc=0038 sp=F350
irq#20694 pc=0038 sp=F350
irq#20695 pc=0038 sp=F350
irq#20696 pc=0038 sp=F350
irq#20697 pc=0038 sp=F350
irq#20698 pc=0038 sp=F350
irq#20699 pc=0038 sp=F350
irq#20700 pc=0038 sp=F350
irq#20701 pc=0038 sp=F350
irq#20702 pc=0038 sp=F350
irq#20703 pc=0038 sp=F350
irq#20704 pc=0038 sp=F350
irq#20705 pc=0038 sp=F350
irq#20706 pc=0038 sp=F350
irq#20707 pc=0038 sp=F350
irq#20708 pc=0038 sp=F350
irq#20709 pc=0038 sp=F350
irq#20710 pc=0038 sp=F350
irq#20711 pc=0038 sp=F350
irq#20712 pc=0038 sp=F350
irq#20713 pc=0038 sp=F350
irq#20714 pc=0038 sp=F350
irq#20715 pc=0038 sp=F350
irq#20716 pc=0038 sp=F350
irq#20717 pc=0038 sp=F350
irq#20718 pc=0038 sp=F350
irq#20719 pc=0038 sp=F350
irq#20720 pc=0038 sp=F350
irq#20721 pc=0038 sp=F350
irq#20722 pc=0038 sp=F350
irq#20723 pc=0038 sp=F350
irq#20724 pc=0038 sp=F350
irq#20725 pc=0038 sp=F350
irq#20726 pc=0038 sp=F350
irq#20727 pc=0038 sp=F350
irq#20728 pc=0038 sp=F350
irq#20729 pc=0038 sp=F350
irq#20730 pc=0038 sp=F350
irq#20731 pc=0038 sp=F350
irq#20732 pc=0038 sp=F350
irq#20733 pc=0038 sp=F350
irq#20734 pc=0038 sp=F350
irq#20735 pc=0038 sp=F350
irq#20736 pc=0038 sp=F350
irq#20737 pc=0038 sp=F350
irq#20738 pc=0038 sp=F350
irq#20739 pc=0038 sp=F350
irq#20740 pc=0038 sp=F350
irq#20741 pc=0038 sp=F350
irq#20742 pc=0038 sp=F350
irq#20743 pc=0038 sp=F350
irq#20744 pc=0038 sp=F350
irq#20745 pc=0038 sp=F350
irq#20746 pc=0038 sp=F350
irq#20747 pc=0038 sp=F350
irq#20748 pc=0038 sp=F350
irq#20749 pc=0038 sp=F350
irq#20750 pc=0038 sp=F350
irq#20751 pc=0038 sp=F350
irq#20752 pc=0038 sp=F350
irq#20753 pc=0038 sp=F350
irq#20754 pc=0038 sp=F350
irq#20755 pc=0038 sp=F350
irq#20756 pc=0038 sp=F350
irq#20757 pc=0038 sp=F350
irq#20758 pc=0038 sp=F350
irq#20759 pc=0038 sp=F350
irq#20760 pc=0038 sp=F350
irq#20761 pc=0038 sp=F350
irq#20762 pc=0038 sp=F350
irq#20763 pc=0038 sp=F350
irq#20764 pc=0038 sp=F350
irq#20765 pc=0038 sp=F350
irq#20766 pc=0038 sp=F350
irq#20767 pc=0038 sp=F350
irq#20768 pc=0038 sp=F350
irq#20769 pc=0038 sp=F350
irq#20770 pc=0038 sp=F350
irq#20771 pc=0038 sp=F350
irq#20772 pc=0038 sp=F350
irq#20773 pc=0038 sp=F350
irq#20774 pc=0038 sp=F350
irq#20775 pc=0038 sp=F350
irq#20776 pc=0038 sp=F350
irq#20777 pc=0038 sp=F350
irq#20778 pc=0038 sp=F350
irq#20779 pc=0038 sp=F350
irq#20780 pc=0038 sp=F350
irq#20781 pc=0038 sp=F350
irq#20782 pc=0038 sp=F350
irq#20783 pc=0038 sp=F350
irq#20784 pc=0038 sp=F350
irq#20785 pc=0038 sp=F350
irq#20786 pc=0038 sp=F350
irq#20787 pc=0038 sp=F350
irq#20788 pc=0038 sp=F350
irq#20789 pc=0038 sp=F350
irq#20790 pc=0038 sp=F350
irq#20791 pc=0038 sp=F350
irq#20792 pc=0038 sp=F350
irq#20793 pc=0038 sp=F350
irq#20794 pc=0038 sp=F350
irq#20795 pc=0038 sp=F350
irq#20796 pc=0038 sp=F350
irq#20797 pc=0038 sp=F350
irq#20798 pc=0038 sp=F350
irq#20799 pc=0038 sp=F350
irq#20800 pc=0038 sp=F350
irq#20801 pc=0038 sp=F350
irq#20802 pc=0038 sp=F350
irq#20803 pc=0038 sp=F350
irq#20804 pc=0038 sp=F350
irq#20805 pc=0038 sp=F350
irq#20806 pc=0038 sp=F350
irq#20807 pc=0038 sp=F350
irq#20808 pc=0038 sp=F350
irq#20809 pc=0038 sp=F350
irq#20810 pc=0038 sp=F350
irq#20811 pc=0038 sp=F350
irq#20812 pc=0038 sp=F350
irq#20813 pc=0038 sp=F350
irq#20814 pc=0038 sp=F350
irq#20815 pc=0038 sp=F350
irq#20816 pc=0038 sp=F350
irq#20817 pc=0038 sp=F350
irq#20818 pc=0038 sp=F350
irq#20819 pc=0038 sp=F350
irq#20820 pc=0038 sp=F350
irq#20821 pc=0038 sp=F350
irq#20822 pc=0038 sp=F350
irq#20823 pc=0038 sp=F350
irq#20824 pc=0038 sp=F350
irq#20825 pc=0038 sp=F350
irq#20826 pc=0038 sp=F350
irq#20827 pc=0038 sp=F350
irq#20828 pc=0038 sp=F350
irq#20829 pc=0038 sp=F350
irq#20830 pc=0038 sp=F350
irq#20831 pc=0038 sp=F350
irq#20832 pc=0038 sp=F350
irq#20833 pc=0038 sp=F350
irq#20834 pc=0038 sp=F350
irq#20835 pc=0038 sp=F350
irq#20836 pc=0038 sp=F350
irq#20837 pc=0038 sp=F350
irq#20838 pc=0038 sp=F350
irq#20839 pc=0038 sp=F350
irq#20840 pc=0038 sp=F33E
irq#20841 pc=0038 sp=F350
irq#20842 pc=0038 sp=F350
irq#20843 pc=0038 sp=F350
irq#20844 pc=0038 sp=F350
irq#20845 pc=0038 sp=F350
irq#20846 pc=0038 sp=F350
irq#20847 pc=0038 sp=F350
irq#20848 pc=0038 sp=F350
irq#20849 pc=0038 sp=F350
irq#20850 pc=0038 sp=F350
irq#20851 pc=0038 sp=F350
irq#20852 pc=0038 sp=F350
irq#20853 pc=0038 sp=F350
irq#20854 pc=0038 sp=F350
irq#20855 pc=0038 sp=F350
irq#20856 pc=0038 sp=F350
irq#20857 pc=0038 sp=F350
irq#20858 pc=0038 sp=F350
irq#20859 pc=0038 sp=F350
irq#20860 pc=0038 sp=F350
irq#20861 pc=0038 sp=F350
irq#20862 pc=0038 sp=F350
irq#20863 pc=0038 sp=F350
irq#20864 pc=0038 sp=F350
irq#20865 pc=0038 sp=F350
irq#20866 pc=0038 sp=F350
irq#20867 pc=0038 sp=F350
irq#20868 pc=0038 sp=F350
irq#20869 pc=0038 sp=F350
irq#20870 pc=0038 sp=F350
irq#20871 pc=0038 sp=F350
irq#20872 pc=0038 sp=F350
irq#20873 pc=0038 sp=F350
irq#20874 pc=0038 sp=F350
irq#20875 pc=0038 sp=F350
irq#20876 pc=0038 sp=F350
irq#20877 pc=0038 sp=F350
irq#20878 pc=0038 sp=F350
irq#20879 pc=0038 sp=F350
irq#20880 pc=0038 sp=F350
irq#20881 pc=0038 sp=F350
irq#20882 pc=0038 sp=F350
irq#20883 pc=0038 sp=F350
irq#20884 pc=0038 sp=F350
irq#20885 pc=0038 sp=F350
irq#20886 pc=0038 sp=F350
irq#20887 pc=0038 sp=F350
irq#20888 pc=0038 sp=F350
irq#20889 pc=0038 sp=F350
irq#20890 pc=0038 sp=F350
irq#20891 pc=0038 sp=F350
irq#20892 pc=0038 sp=F350
irq#20893 pc=0038 sp=F350
irq#20894 pc=0038 sp=F350
irq#20895 pc=0038 sp=F350
irq#20896 pc=0038 sp=F350
irq#20897 pc=0038 sp=F350
irq#20898 pc=0038 sp=F350
irq#20899 pc=0038 sp=F350
irq#20900 pc=0038 sp=F350
irq#20901 pc=0038 sp=F350
irq#20902 pc=0038 sp=F350
irq#20903 pc=0038 sp=F350
irq#20904 pc=0038 sp=F350
irq#20905 pc=0038 sp=F350
irq#20906 pc=0038 sp=F350
irq#20907 pc=0038 sp=F350
irq#20908 pc=0038 sp=F350
irq#20909 pc=0038 sp=F350
irq#20910 pc=0038 sp=F350
irq#20911 pc=0038 sp=F350
irq#20912 pc=0038 sp=F350
irq#20913 pc=0038 sp=F350
irq#20914 pc=0038 sp=F350
irq#20915 pc=0038 sp=F350
irq#20916 pc=0038 sp=F350
irq#20917 pc=0038 sp=F350
irq#20918 pc=0038 sp=F350
irq#20919 pc=0038 sp=F350
irq#20920 pc=0038 sp=F350
irq#20921 pc=0038 sp=F350
irq#20922 pc=0038 sp=F350
irq#20923 pc=0038 sp=F350
irq#20924 pc=0038 sp=F350
irq#20925 pc=0038 sp=F350
irq#20926 pc=0038 sp=F350
irq#20927 pc=0038 sp=F350
irq#20928 pc=0038 sp=F350
irq#20929 pc=0038 sp=F350
irq#20930 pc=0038 sp=F350
irq#20931 pc=0038 sp=F350
irq#20932 pc=0038 sp=F350
irq#20933 pc=0038 sp=F350
irq#20934 pc=0038 sp=F350
irq#20935 pc=0038 sp=F350
irq#20936 pc=0038 sp=F350
irq#20937 pc=0038 sp=F350
irq#20938 pc=0038 sp=F350
irq#20939 pc=0038 sp=F350
irq#20940 pc=0038 sp=F350
irq#20941 pc=0038 sp=F350
irq#20942 pc=0038 sp=F350
irq#20943 pc=0038 sp=F350
irq#20944 pc=0038 sp=F350
irq#20945 pc=0038 sp=F350
irq#20946 pc=0038 sp=F350
irq#20947 pc=0038 sp=F350
irq#20948 pc=0038 sp=F350
irq#20949 pc=0038 sp=F350
irq#20950 pc=0038 sp=F350
irq#20951 pc=0038 sp=F350
irq#20952 pc=0038 sp=F350
irq#20953 pc=0038 sp=F350
irq#20954 pc=0038 sp=F350
irq#20955 pc=0038 sp=F350
irq#20956 pc=0038 sp=F350
irq#20957 pc=0038 sp=F350
irq#20958 pc=0038 sp=F350
irq#20959 pc=0038 sp=F350
irq#20960 pc=0038 sp=F350
irq#20961 pc=0038 sp=F350
irq#20962 pc=0038 sp=F350
irq#20963 pc=0038 sp=F350
irq#20964 pc=0038 sp=F350
irq#20965 pc=0038 sp=F350
irq#20966 pc=0038 sp=F350
irq#20967 pc=0038 sp=F350
irq#20968 pc=0038 sp=F350
irq#20969 pc=0038 sp=F350
irq#20970 pc=0038 sp=F350
irq#20971 pc=0038 sp=F350
irq#20972 pc=0038 sp=F350
irq#20973 pc=0038 sp=F350
irq#20974 pc=0038 sp=F350
irq#20975 pc=0038 sp=F350
irq#20976 pc=0038 sp=F350
irq#20977 pc=0038 sp=F350
irq#20978 pc=0038 sp=F350
irq#20979 pc=0038 sp=F350
irq#20980 pc=0038 sp=F350
irq#20981 pc=0038 sp=F350
irq#20982 pc=0038 sp=F350
irq#20983 pc=0038 sp=F350
irq#20984 pc=0038 sp=F350
irq#20985 pc=0038 sp=F350
irq#20986 pc=0038 sp=F350
irq#20987 pc=0038 sp=F350
irq#20988 pc=0038 sp=F350
irq#20989 pc=0038 sp=F350
irq#20990 pc=0038 sp=F350
irq#20991 pc=0038 sp=F350
irq#20992 pc=0038 sp=F350
irq#20993 pc=0038 sp=F350
irq#20994 pc=0038 sp=F350
irq#20995 pc=0038 sp=F350
irq#20996 pc=0038 sp=F350
irq#20997 pc=0038 sp=F350
irq#20998 pc=0038 sp=F350
irq#20999 pc=0038 sp=F350
irq#21000 pc=0038 sp=F350
irq#21001 pc=0038 sp=F350
irq#21002 pc=0038 sp=F350
irq#21003 pc=0038 sp=F350
irq#21004 pc=0038 sp=F350
irq#21005 pc=0038 sp=F350
irq#21006 pc=0038 sp=F350
irq#21007 pc=0038 sp=F350
irq#21008 pc=0038 sp=F350
irq#21009 pc=0038 sp=F350
irq#21010 pc=0038 sp=F350
irq#21011 pc=0038 sp=F350
irq#21012 pc=0038 sp=F350
irq#21013 pc=0038 sp=F350
irq#21014 pc=0038 sp=F350
irq#21015 pc=0038 sp=F350
irq#21016 pc=0038 sp=F350
irq#21017 pc=0038 sp=F350
irq#21018 pc=0038 sp=F350
irq#21019 pc=0038 sp=F350
irq#21020 pc=0038 sp=F350
irq#21021 pc=0038 sp=F350
irq#21022 pc=0038 sp=F350
irq#21023 pc=0038 sp=F350
irq#21024 pc=0038 sp=F342
irq#21025 pc=0038 sp=F350
irq#21026 pc=0038 sp=F350
irq#21027 pc=0038 sp=F350
irq#21028 pc=0038 sp=F350
irq#21029 pc=0038 sp=F350
irq#21030 pc=0038 sp=F350
irq#21031 pc=0038 sp=F350
irq#21032 pc=0038 sp=F350
irq#21033 pc=0038 sp=F350
irq#21034 pc=0038 sp=F350
irq#21035 pc=0038 sp=F350
irq#21036 pc=0038 sp=F350
irq#21037 pc=0038 sp=F350
irq#21038 pc=0038 sp=F350
irq#21039 pc=0038 sp=F350
irq#21040 pc=0038 sp=F350
irq#21041 pc=0038 sp=F350
irq#21042 pc=0038 sp=F350
irq#21043 pc=0038 sp=F350
irq#21044 pc=0038 sp=F350
irq#21045 pc=0038 sp=F350
irq#21046 pc=0038 sp=F350
irq#21047 pc=0038 sp=F350
irq#21048 pc=0038 sp=F350
irq#21049 pc=0038 sp=F350
irq#21050 pc=0038 sp=F350
irq#21051 pc=0038 sp=F350
irq#21052 pc=0038 sp=F350
irq#21053 pc=0038 sp=F350
irq#21054 pc=0038 sp=F350
irq#21055 pc=0038 sp=F350
irq#21056 pc=0038 sp=F350
irq#21057 pc=0038 sp=F350
irq#21058 pc=0038 sp=F350
irq#21059 pc=0038 sp=F350
irq#21060 pc=0038 sp=F350
irq#21061 pc=0038 sp=F350
irq#21062 pc=0038 sp=F350
irq#21063 pc=0038 sp=F350
irq#21064 pc=0038 sp=F350
irq#21065 pc=0038 sp=F350
irq#21066 pc=0038 sp=F350
irq#21067 pc=0038 sp=F350
irq#21068 pc=0038 sp=F350
irq#21069 pc=0038 sp=F350
irq#21070 pc=0038 sp=F350
irq#21071 pc=0038 sp=F350
irq#21072 pc=0038 sp=F350
irq#21073 pc=0038 sp=F350
irq#21074 pc=0038 sp=F350
irq#21075 pc=0038 sp=F350
irq#21076 pc=0038 sp=F350
irq#21077 pc=0038 sp=F350
irq#21078 pc=0038 sp=F350
irq#21079 pc=0038 sp=F350
irq#21080 pc=0038 sp=F350
irq#21081 pc=0038 sp=F350
irq#21082 pc=0038 sp=F350
irq#21083 pc=0038 sp=F350
irq#21084 pc=0038 sp=F350
irq#21085 pc=0038 sp=F350
irq#21086 pc=0038 sp=F350
irq#21087 pc=0038 sp=F350
irq#21088 pc=0038 sp=F350
irq#21089 pc=0038 sp=F350
irq#21090 pc=0038 sp=F350
irq#21091 pc=0038 sp=F350
irq#21092 pc=0038 sp=F350
irq#21093 pc=0038 sp=F350
irq#21094 pc=0038 sp=F350
irq#21095 pc=0038 sp=F350
irq#21096 pc=0038 sp=F350
irq#21097 pc=0038 sp=F350
irq#21098 pc=0038 sp=F350
irq#21099 pc=0038 sp=F350
irq#21100 pc=0038 sp=F350
irq#21101 pc=0038 sp=F350
irq#21102 pc=0038 sp=F350
irq#21103 pc=0038 sp=F350
irq#21104 pc=0038 sp=F350
irq#21105 pc=0038 sp=F350
irq#21106 pc=0038 sp=F350
irq#21107 pc=0038 sp=F350
irq#21108 pc=0038 sp=F350
irq#21109 pc=0038 sp=F350
irq#21110 pc=0038 sp=F350
irq#21111 pc=0038 sp=F350
irq#21112 pc=0038 sp=F350
irq#21113 pc=0038 sp=F350
irq#21114 pc=0038 sp=F350
irq#21115 pc=0038 sp=F350
irq#21116 pc=0038 sp=F350
irq#21117 pc=0038 sp=F350
irq#21118 pc=0038 sp=F350
irq#21119 pc=0038 sp=F350
irq#21120 pc=0038 sp=F350
irq#21121 pc=0038 sp=F350
irq#21122 pc=0038 sp=F350
irq#21123 pc=0038 sp=F350
irq#21124 pc=0038 sp=F350
irq#21125 pc=0038 sp=F350
irq#21126 pc=0038 sp=F350
irq#21127 pc=0038 sp=F350
irq#21128 pc=0038 sp=F350
irq#21129 pc=0038 sp=F350
irq#21130 pc=0038 sp=F350
irq#21131 pc=0038 sp=F350
irq#21132 pc=0038 sp=F350
irq#21133 pc=0038 sp=F350
irq#21134 pc=0038 sp=F350
irq#21135 pc=0038 sp=F350
irq#21136 pc=0038 sp=F350
irq#21137 pc=0038 sp=F350
irq#21138 pc=0038 sp=F350
irq#21139 pc=0038 sp=F350
irq#21140 pc=0038 sp=F350
irq#21141 pc=0038 sp=F350
irq#21142 pc=0038 sp=F350
irq#21143 pc=0038 sp=F350
irq#21144 pc=0038 sp=F350
irq#21145 pc=0038 sp=F350
irq#21146 pc=0038 sp=F350
irq#21147 pc=0038 sp=F350
irq#21148 pc=0038 sp=F350
irq#21149 pc=0038 sp=F350
irq#21150 pc=0038 sp=F350
irq#21151 pc=0038 sp=F350
irq#21152 pc=0038 sp=F350
irq#21153 pc=0038 sp=F350
irq#21154 pc=0038 sp=F350
irq#21155 pc=0038 sp=F350
irq#21156 pc=0038 sp=F350
irq#21157 pc=0038 sp=F350
irq#21158 pc=0038 sp=F350
irq#21159 pc=0038 sp=F350
irq#21160 pc=0038 sp=F350
irq#21161 pc=0038 sp=F350
irq#21162 pc=0038 sp=F350
irq#21163 pc=0038 sp=F350
irq#21164 pc=0038 sp=F350
irq#21165 pc=0038 sp=F350
irq#21166 pc=0038 sp=F350
irq#21167 pc=0038 sp=F350
irq#21168 pc=0038 sp=F350
irq#21169 pc=0038 sp=F350
irq#21170 pc=0038 sp=F350
irq#21171 pc=0038 sp=F350
irq#21172 pc=0038 sp=F350
irq#21173 pc=0038 sp=F350
irq#21174 pc=0038 sp=F350
irq#21175 pc=0038 sp=F350
irq#21176 pc=0038 sp=F350
irq#21177 pc=0038 sp=F350
irq#21178 pc=0038 sp=F350
irq#21179 pc=0038 sp=F350
irq#21180 pc=0038 sp=F350
irq#21181 pc=0038 sp=F350
irq#21182 pc=0038 sp=F350
irq#21183 pc=0038 sp=F350
irq#21184 pc=0038 sp=F350
irq#21185 pc=0038 sp=F350
irq#21186 pc=0038 sp=F350
irq#21187 pc=0038 sp=F350
irq#21188 pc=0038 sp=F350
irq#21189 pc=0038 sp=F350
irq#21190 pc=0038 sp=F350
irq#21191 pc=0038 sp=F350
irq#21192 pc=0038 sp=F350
irq#21193 pc=0038 sp=F350
irq#21194 pc=0038 sp=F350
irq#21195 pc=0038 sp=F350
irq#21196 pc=0038 sp=F350
irq#21197 pc=0038 sp=F350
irq#21198 pc=0038 sp=F350
irq#21199 pc=0038 sp=F350
irq#21200 pc=0038 sp=F350
irq#21201 pc=0038 sp=F350
irq#21202 pc=0038 sp=F350
irq#21203 pc=0038 sp=F350
irq#21204 pc=0038 sp=F350
irq#21205 pc=0038 sp=F350
irq#21206 pc=0038 sp=F350
irq#21207 pc=0038 sp=F350
irq#21208 pc=0038 sp=F346
irq#21209 pc=0038 sp=F350
irq#21210 pc=0038 sp=F350
irq#21211 pc=0038 sp=F350
irq#21212 pc=0038 sp=F350
irq#21213 pc=0038 sp=F350
irq#21214 pc=0038 sp=F350
irq#21215 pc=0038 sp=F350
irq#21216 pc=0038 sp=F350
irq#21217 pc=0038 sp=F350
irq#21218 pc=0038 sp=F350
irq#21219 pc=0038 sp=F350
irq#21220 pc=0038 sp=F350
irq#21221 pc=0038 sp=F350
irq#21222 pc=0038 sp=F350
irq#21223 pc=0038 sp=F350
irq#21224 pc=0038 sp=F350
irq#21225 pc=0038 sp=F350
irq#21226 pc=0038 sp=F350
irq#21227 pc=0038 sp=F350
irq#21228 pc=0038 sp=F350
irq#21229 pc=0038 sp=F350
irq#21230 pc=0038 sp=F350
irq#21231 pc=0038 sp=F350
irq#21232 pc=0038 sp=F350
irq#21233 pc=0038 sp=F350
irq#21234 pc=0038 sp=F350
irq#21235 pc=0038 sp=F350
irq#21236 pc=0038 sp=F350
irq#21237 pc=0038 sp=F350
irq#21238 pc=0038 sp=F350
irq#21239 pc=0038 sp=F350
irq#21240 pc=0038 sp=F350
irq#21241 pc=0038 sp=F350
irq#21242 pc=0038 sp=F350
irq#21243 pc=0038 sp=F350
irq#21244 pc=0038 sp=F350
irq#21245 pc=0038 sp=F350
irq#21246 pc=0038 sp=F350
irq#21247 pc=0038 sp=F350
irq#21248 pc=0038 sp=F350
irq#21249 pc=0038 sp=F350
irq#21250 pc=0038 sp=F350
irq#21251 pc=0038 sp=F350
irq#21252 pc=0038 sp=F350
irq#21253 pc=0038 sp=F350
irq#21254 pc=0038 sp=F350
irq#21255 pc=0038 sp=F350
irq#21256 pc=0038 sp=F350
irq#21257 pc=0038 sp=F350
irq#21258 pc=0038 sp=F350
irq#21259 pc=0038 sp=F350
irq#21260 pc=0038 sp=F350
irq#21261 pc=0038 sp=F350
irq#21262 pc=0038 sp=F350
irq#21263 pc=0038 sp=F350
irq#21264 pc=0038 sp=F350
irq#21265 pc=0038 sp=F350
irq#21266 pc=0038 sp=F350
irq#21267 pc=0038 sp=F350
irq#21268 pc=0038 sp=F350
irq#21269 pc=0038 sp=F350
irq#21270 pc=0038 sp=F350
irq#21271 pc=0038 sp=F350
irq#21272 pc=0038 sp=F350
irq#21273 pc=0038 sp=F350
irq#21274 pc=0038 sp=F350
irq#21275 pc=0038 sp=F350
irq#21276 pc=0038 sp=F350
irq#21277 pc=0038 sp=F350
irq#21278 pc=0038 sp=F350
irq#21279 pc=0038 sp=F350
irq#21280 pc=0038 sp=F350
irq#21281 pc=0038 sp=F350
irq#21282 pc=0038 sp=F350
irq#21283 pc=0038 sp=F350
irq#21284 pc=0038 sp=F350
irq#21285 pc=0038 sp=F350
irq#21286 pc=0038 sp=F350
irq#21287 pc=0038 sp=F350
irq#21288 pc=0038 sp=F350
irq#21289 pc=0038 sp=F350
irq#21290 pc=0038 sp=F350
irq#21291 pc=0038 sp=F350
irq#21292 pc=0038 sp=F350
irq#21293 pc=0038 sp=F350
irq#21294 pc=0038 sp=F350
irq#21295 pc=0038 sp=F350
irq#21296 pc=0038 sp=F350
irq#21297 pc=0038 sp=F350
irq#21298 pc=0038 sp=F350
irq#21299 pc=0038 sp=F350
irq#21300 pc=0038 sp=F350
irq#21301 pc=0038 sp=F350
irq#21302 pc=0038 sp=F350
irq#21303 pc=0038 sp=F350
irq#21304 pc=0038 sp=F350
irq#21305 pc=0038 sp=F350
irq#21306 pc=0038 sp=F350
irq#21307 pc=0038 sp=F350
irq#21308 pc=0038 sp=F350
irq#21309 pc=0038 sp=F350
irq#21310 pc=0038 sp=F350
irq#21311 pc=0038 sp=F350
irq#21312 pc=0038 sp=F350
irq#21313 pc=0038 sp=F350
irq#21314 pc=0038 sp=F350
irq#21315 pc=0038 sp=F350
irq#21316 pc=0038 sp=F350
irq#21317 pc=0038 sp=F350
irq#21318 pc=0038 sp=F350
irq#21319 pc=0038 sp=F350
irq#21320 pc=0038 sp=F350
irq#21321 pc=0038 sp=F350
irq#21322 pc=0038 sp=F350
irq#21323 pc=0038 sp=F350
irq#21324 pc=0038 sp=F350
irq#21325 pc=0038 sp=F350
irq#21326 pc=0038 sp=F350
irq#21327 pc=0038 sp=F350
irq#21328 pc=0038 sp=F350
irq#21329 pc=0038 sp=F350
irq#21330 pc=0038 sp=F350
irq#21331 pc=0038 sp=F350
irq#21332 pc=0038 sp=F350
irq#21333 pc=0038 sp=F350
irq#21334 pc=0038 sp=F350
irq#21335 pc=0038 sp=F350
irq#21336 pc=0038 sp=F350
irq#21337 pc=0038 sp=F350
irq#21338 pc=0038 sp=F350
irq#21339 pc=0038 sp=F350
irq#21340 pc=0038 sp=F350
irq#21341 pc=0038 sp=F350
irq#21342 pc=0038 sp=F350
irq#21343 pc=0038 sp=F350
irq#21344 pc=0038 sp=F350
irq#21345 pc=0038 sp=F350
irq#21346 pc=0038 sp=F350
irq#21347 pc=0038 sp=F350
irq#21348 pc=0038 sp=F350
irq#21349 pc=0038 sp=F350
irq#21350 pc=0038 sp=F350
irq#21351 pc=0038 sp=F350
irq#21352 pc=0038 sp=F350
irq#21353 pc=0038 sp=F350
irq#21354 pc=0038 sp=F350
irq#21355 pc=0038 sp=F350
irq#21356 pc=0038 sp=F350
irq#21357 pc=0038 sp=F350
irq#21358 pc=0038 sp=F350
irq#21359 pc=0038 sp=F350
irq#21360 pc=0038 sp=F350
irq#21361 pc=0038 sp=F350
irq#21362 pc=0038 sp=F350
irq#21363 pc=0038 sp=F350
irq#21364 pc=0038 sp=F350
irq#21365 pc=0038 sp=F350
irq#21366 pc=0038 sp=F350
irq#21367 pc=0038 sp=F350
irq#21368 pc=0038 sp=F350
irq#21369 pc=0038 sp=F350
irq#21370 pc=0038 sp=F350
irq#21371 pc=0038 sp=F350
irq#21372 pc=0038 sp=F350
irq#21373 pc=0038 sp=F350
irq#21374 pc=0038 sp=F350
irq#21375 pc=0038 sp=F350
irq#21376 pc=0038 sp=F350
irq#21377 pc=0038 sp=F350
irq#21378 pc=0038 sp=F350
irq#21379 pc=0038 sp=F350
irq#21380 pc=0038 sp=F350
irq#21381 pc=0038 sp=F350
irq#21382 pc=0038 sp=F350
irq#21383 pc=0038 sp=F350
irq#21384 pc=0038 sp=F350
irq#21385 pc=0038 sp=F350
irq#21386 pc=0038 sp=F350
irq#21387 pc=0038 sp=F350
irq#21388 pc=0038 sp=F350
irq#21389 pc=0038 sp=F350
irq#21390 pc=0038 sp=F350
irq#21391 pc=0038 sp=F350
irq#21392 pc=0038 sp=F34A
irq#21393 pc=0038 sp=F350
irq#21394 pc=0038 sp=F350
irq#21395 pc=0038 sp=F350
irq#21396 pc=0038 sp=F350
irq#21397 pc=0038 sp=F350
irq#21398 pc=0038 sp=F350
irq#21399 pc=0038 sp=F350
irq#21400 pc=0038 sp=F350
irq#21401 pc=0038 sp=F350
irq#21402 pc=0038 sp=F350
irq#21403 pc=0038 sp=F350
irq#21404 pc=0038 sp=F350
irq#21405 pc=0038 sp=F350
irq#21406 pc=0038 sp=F350
irq#21407 pc=0038 sp=F350
irq#21408 pc=0038 sp=F350
irq#21409 pc=0038 sp=F350
irq#21410 pc=0038 sp=F350
irq#21411 pc=0038 sp=F350
irq#21412 pc=0038 sp=F350
irq#21413 pc=0038 sp=F350
irq#21414 pc=0038 sp=F350
irq#21415 pc=0038 sp=F350
irq#21416 pc=0038 sp=F350
irq#21417 pc=0038 sp=F350
irq#21418 pc=0038 sp=F350
irq#21419 pc=0038 sp=F350
irq#21420 pc=0038 sp=F350
irq#21421 pc=0038 sp=F350
irq#21422 pc=0038 sp=F350
irq#21423 pc=0038 sp=F350
irq#21424 pc=0038 sp=F350
irq#21425 pc=0038 sp=F350
irq#21426 pc=0038 sp=F350
irq#21427 pc=0038 sp=F350
irq#21428 pc=0038 sp=F350
irq#21429 pc=0038 sp=F350
irq#21430 pc=0038 sp=F350
irq#21431 pc=0038 sp=F350
irq#21432 pc=0038 sp=F350
irq#21433 pc=0038 sp=F350
irq#21434 pc=0038 sp=F350
irq#21435 pc=0038 sp=F350
irq#21436 pc=0038 sp=F350
irq#21437 pc=0038 sp=F350
irq#21438 pc=0038 sp=F350
irq#21439 pc=0038 sp=F350
irq#21440 pc=0038 sp=F350
irq#21441 pc=0038 sp=F350
irq#21442 pc=0038 sp=F350
irq#21443 pc=0038 sp=F350
irq#21444 pc=0038 sp=F350
irq#21445 pc=0038 sp=F350
irq#21446 pc=0038 sp=F350
irq#21447 pc=0038 sp=F350
irq#21448 pc=0038 sp=F350
irq#21449 pc=0038 sp=F350
irq#21450 pc=0038 sp=F350
irq#21451 pc=0038 sp=F350
irq#21452 pc=0038 sp=F350
irq#21453 pc=0038 sp=F350
irq#21454 pc=0038 sp=F350
irq#21455 pc=0038 sp=F350
irq#21456 pc=0038 sp=F350
irq#21457 pc=0038 sp=F350
irq#21458 pc=0038 sp=F350
irq#21459 pc=0038 sp=F350
irq#21460 pc=0038 sp=F350
irq#21461 pc=0038 sp=F350
irq#21462 pc=0038 sp=F350
irq#21463 pc=0038 sp=F350
irq#21464 pc=0038 sp=F350
irq#21465 pc=0038 sp=F350
irq#21466 pc=0038 sp=F350
irq#21467 pc=0038 sp=F350
irq#21468 pc=0038 sp=F350
irq#21469 pc=0038 sp=F350
irq#21470 pc=0038 sp=F350
irq#21471 pc=0038 sp=F350
irq#21472 pc=0038 sp=F350
irq#21473 pc=0038 sp=F350
irq#21474 pc=0038 sp=F350
irq#21475 pc=0038 sp=F350
irq#21476 pc=0038 sp=F350
irq#21477 pc=0038 sp=F350
irq#21478 pc=0038 sp=F350
irq#21479 pc=0038 sp=F350
irq#21480 pc=0038 sp=F350
irq#21481 pc=0038 sp=F350
irq#21482 pc=0038 sp=F350
irq#21483 pc=0038 sp=F350
irq#21484 pc=0038 sp=F350
irq#21485 pc=0038 sp=F350
irq#21486 pc=0038 sp=F350
irq#21487 pc=0038 sp=F350
irq#21488 pc=0038 sp=F350
irq#21489 pc=0038 sp=F350
irq#21490 pc=0038 sp=F350
irq#21491 pc=0038 sp=F350
irq#21492 pc=0038 sp=F350
irq#21493 pc=0038 sp=F350
irq#21494 pc=0038 sp=F350
irq#21495 pc=0038 sp=F350
irq#21496 pc=0038 sp=F350
irq#21497 pc=0038 sp=F350
irq#21498 pc=0038 sp=F350
irq#21499 pc=0038 sp=F350
irq#21500 pc=0038 sp=F350
irq#21501 pc=0038 sp=F350
irq#21502 pc=0038 sp=F350
irq#21503 pc=0038 sp=F350
irq#21504 pc=0038 sp=F350
irq#21505 pc=0038 sp=F350
irq#21506 pc=0038 sp=F350
irq#21507 pc=0038 sp=F350
irq#21508 pc=0038 sp=F350
irq#21509 pc=0038 sp=F350
irq#21510 pc=0038 sp=F350
irq#21511 pc=0038 sp=F350
irq#21512 pc=0038 sp=F350
irq#21513 pc=0038 sp=F350
irq#21514 pc=0038 sp=F350
irq#21515 pc=0038 sp=F350
irq#21516 pc=0038 sp=F350
irq#21517 pc=0038 sp=F350
irq#21518 pc=0038 sp=F350
irq#21519 pc=0038 sp=F350
irq#21520 pc=0038 sp=F350
irq#21521 pc=0038 sp=F350
irq#21522 pc=0038 sp=F350
irq#21523 pc=0038 sp=F350
irq#21524 pc=0038 sp=F350
irq#21525 pc=0038 sp=F350
irq#21526 pc=0038 sp=F350
irq#21527 pc=0038 sp=F350
irq#21528 pc=0038 sp=F350
irq#21529 pc=0038 sp=F350
irq#21530 pc=0038 sp=F350
irq#21531 pc=0038 sp=F350
irq#21532 pc=0038 sp=F350
irq#21533 pc=0038 sp=F350
irq#21534 pc=0038 sp=F350
irq#21535 pc=0038 sp=F350
irq#21536 pc=0038 sp=F350
irq#21537 pc=0038 sp=F350
irq#21538 pc=0038 sp=F350
irq#21539 pc=0038 sp=F350
irq#21540 pc=0038 sp=F350
irq#21541 pc=0038 sp=F350
irq#21542 pc=0038 sp=F350
irq#21543 pc=0038 sp=F350
irq#21544 pc=0038 sp=F350
irq#21545 pc=0038 sp=F350
irq#21546 pc=0038 sp=F350
irq#21547 pc=0038 sp=F350
irq#21548 pc=0038 sp=F350
irq#21549 pc=0038 sp=F350
irq#21550 pc=0038 sp=F350
irq#21551 pc=0038 sp=F350
irq#21552 pc=0038 sp=F350
irq#21553 pc=0038 sp=F350
irq#21554 pc=0038 sp=F350
irq#21555 pc=0038 sp=F350
irq#21556 pc=0038 sp=F350
irq#21557 pc=0038 sp=F350
irq#21558 pc=0038 sp=F350
irq#21559 pc=0038 sp=F350
irq#21560 pc=0038 sp=F350
irq#21561 pc=0038 sp=F350
irq#21562 pc=0038 sp=F350
irq#21563 pc=0038 sp=F350
irq#21564 pc=0038 sp=F350
irq#21565 pc=0038 sp=F350
irq#21566 pc=0038 sp=F350
irq#21567 pc=0038 sp=F350
irq#21568 pc=0038 sp=F350
irq#21569 pc=0038 sp=F350
irq#21570 pc=0038 sp=F350
irq#21571 pc=0038 sp=F350
irq#21572 pc=0038 sp=F350
irq#21573 pc=0038 sp=F350
irq#21574 pc=0038 sp=F350
irq#21575 pc=0038 sp=F350
irq#21576 pc=0038 sp=F350
irq#21577 pc=0038 sp=F350
irq#21578 pc=0038 sp=F350
irq#21579 pc=0038 sp=F350
irq#21580 pc=0038 sp=F350
irq#21581 pc=0038 sp=F350
irq#21582 pc=0038 sp=F350
irq#21583 pc=0038 sp=F350
irq#21584 pc=0038 sp=F350
irq#21585 pc=0038 sp=F350
irq#21586 pc=0038 sp=F350
irq#21587 pc=0038 sp=F350
irq#21588 pc=0038 sp=F350
irq#21589 pc=0038 sp=F350
irq#21590 pc=0038 sp=F350
irq#21591 pc=0038 sp=F350
irq#21592 pc=0038 sp=F350
irq#21593 pc=0038 sp=F350
irq#21594 pc=0038 sp=F350
irq#21595 pc=0038 sp=F350
irq#21596 pc=0038 sp=F350
irq#21597 pc=0038 sp=F350
irq#21598 pc=0038 sp=F350
irq#21599 pc=0038 sp=F350
irq#21600 pc=0038 sp=F350
irq#21601 pc=0038 sp=F350
irq#21602 pc=0038 sp=F350
irq#21603 pc=0038 sp=F350
irq#21604 pc=0038 sp=F350
irq#21605 pc=0038 sp=F350
irq#21606 pc=0038 sp=F350
irq#21607 pc=0038 sp=F350
irq#21608 pc=0038 sp=F350
irq#21609 pc=0038 sp=F350
irq#21610 pc=0038 sp=F350
irq#21611 pc=0038 sp=F350
irq#21612 pc=0038 sp=F350
irq#21613 pc=0038 sp=F350
irq#21614 pc=0038 sp=F350
irq#21615 pc=0038 sp=F350
irq#21616 pc=0038 sp=F350
irq#21617 pc=0038 sp=F350
irq#21618 pc=0038 sp=F350
irq#21619 pc=0038 sp=F350
irq#21620 pc=0038 sp=F350
irq#21621 pc=0038 sp=F350
irq#21622 pc=0038 sp=F350
irq#21623 pc=0038 sp=F350
irq#21624 pc=0038 sp=F350
irq#21625 pc=0038 sp=F350
irq#21626 pc=0038 sp=F350
irq#21627 pc=0038 sp=F350
irq#21628 pc=0038 sp=F350
irq#21629 pc=0038 sp=F350
irq#21630 pc=0038 sp=F350
irq#21631 pc=0038 sp=F350
irq#21632 pc=0038 sp=F350
irq#21633 pc=0038 sp=F350
irq#21634 pc=0038 sp=F350
irq#21635 pc=0038 sp=F350
irq#21636 pc=0038 sp=F350
irq#21637 pc=0038 sp=F350
irq#21638 pc=0038 sp=F350
irq#21639 pc=0038 sp=F350
irq#21640 pc=0038 sp=F350
irq#21641 pc=0038 sp=F350
irq#21642 pc=0038 sp=F350
irq#21643 pc=0038 sp=F350
irq#21644 pc=0038 sp=F350
irq#21645 pc=0038 sp=F350
irq#21646 pc=0038 sp=F350
irq#21647 pc=0038 sp=F350
irq#21648 pc=0038 sp=F350
irq#21649 pc=0038 sp=F350
irq#21650 pc=0038 sp=F350
irq#21651 pc=0038 sp=F350
irq#21652 pc=0038 sp=F350
irq#21653 pc=0038 sp=F350
irq#21654 pc=0038 sp=F350
irq#21655 pc=0038 sp=F350
irq#21656 pc=0038 sp=F350
irq#21657 pc=0038 sp=F350
irq#21658 pc=0038 sp=F350
irq#21659 pc=0038 sp=F350
irq#21660 pc=0038 sp=F350
irq#21661 pc=0038 sp=F350
irq#21662 pc=0038 sp=F350
irq#21663 pc=0038 sp=F350
irq#21664 pc=0038 sp=F350
irq#21665 pc=0038 sp=F350
irq#21666 pc=0038 sp=F350
irq#21667 pc=0038 sp=F350
irq#21668 pc=0038 sp=F350
irq#21669 pc=0038 sp=F350
irq#21670 pc=0038 sp=F350
irq#21671 pc=0038 sp=F350
irq#21672 pc=0038 sp=F350
irq#21673 pc=0038 sp=F350
irq#21674 pc=0038 sp=F350
irq#21675 pc=0038 sp=F350
irq#21676 pc=0038 sp=F350
irq#21677 pc=0038 sp=F350
irq#21678 pc=0038 sp=F350
irq#21679 pc=0038 sp=F350
irq#21680 pc=0038 sp=F350
irq#21681 pc=0038 sp=F350
irq#21682 pc=0038 sp=F350
irq#21683 pc=0038 sp=F350
irq#21684 pc=0038 sp=F350
irq#21685 pc=0038 sp=F350
irq#21686 pc=0038 sp=F350
irq#21687 pc=0038 sp=F350
irq#21688 pc=0038 sp=F350
irq#21689 pc=0038 sp=F350
irq#21690 pc=0038 sp=F350
irq#21691 pc=0038 sp=F350
irq#21692 pc=0038 sp=F350
irq#21693 pc=0038 sp=F350
irq#21694 pc=0038 sp=F350
irq#21695 pc=0038 sp=F350
irq#21696 pc=0038 sp=F350
irq#21697 pc=0038 sp=F350
irq#21698 pc=0038 sp=F350
irq#21699 pc=0038 sp=F350
irq#21700 pc=0038 sp=F350
irq#21701 pc=0038 sp=F350
irq#21702 pc=0038 sp=F350
irq#21703 pc=0038 sp=F350
irq#21704 pc=0038 sp=F350
irq#21705 pc=0038 sp=F350
irq#21706 pc=0038 sp=F350
irq#21707 pc=0038 sp=F350
irq#21708 pc=0038 sp=F350
irq#21709 pc=0038 sp=F350
irq#21710 pc=0038 sp=F350
irq#21711 pc=0038 sp=F350
irq#21712 pc=0038 sp=F350
irq#21713 pc=0038 sp=F350
irq#21714 pc=0038 sp=F350
irq#21715 pc=0038 sp=F350
irq#21716 pc=0038 sp=F350
irq#21717 pc=0038 sp=F350
irq#21718 pc=0038 sp=F350
irq#21719 pc=0038 sp=F350
irq#21720 pc=0038 sp=F350
irq#21721 pc=0038 sp=F350
irq#21722 pc=0038 sp=F350
irq#21723 pc=0038 sp=F350
irq#21724 pc=0038 sp=F350
irq#21725 pc=0038 sp=F350
irq#21726 pc=0038 sp=F350
irq#21727 pc=0038 sp=F350
irq#21728 pc=0038 sp=F350
irq#21729 pc=0038 sp=F350
irq#21730 pc=0038 sp=F350
irq#21731 pc=0038 sp=F350
irq#21732 pc=0038 sp=F350
irq#21733 pc=0038 sp=F350
irq#21734 pc=0038 sp=F350
irq#21735 pc=0038 sp=F350
irq#21736 pc=0038 sp=F350
irq#21737 pc=0038 sp=F350
irq#21738 pc=0038 sp=F350
irq#21739 pc=0038 sp=F350
irq#21740 pc=0038 sp=F350
irq#21741 pc=0038 sp=F350
irq#21742 pc=0038 sp=F350
irq#21743 pc=0038 sp=F350
irq#21744 pc=0038 sp=F350
irq#21745 pc=0038 sp=F350
irq#21746 pc=0038 sp=F350
irq#21747 pc=0038 sp=F350
irq#21748 pc=0038 sp=F350
irq#21749 pc=0038 sp=F350
irq#21750 pc=0038 sp=F350
irq#21751 pc=0038 sp=F350
irq#21752 pc=0038 sp=F350
irq#21753 pc=0038 sp=F350
irq#21754 pc=0038 sp=F350
irq#21755 pc=0038 sp=F350
irq#21756 pc=0038 sp=F350
irq#21757 pc=0038 sp=F350
irq#21758 pc=0038 sp=F350
irq#21759 pc=0038 sp=F350
irq#21760 pc=0038 sp=F350
irq#21761 pc=0038 sp=F34E
irq#21762 pc=0038 sp=F350
irq#21763 pc=0038 sp=F350
irq#21764 pc=0038 sp=F350
irq#21765 pc=0038 sp=F350
irq#21766 pc=0038 sp=F350
irq#21767 pc=0038 sp=F350
irq#21768 pc=0038 sp=F350
irq#21769 pc=0038 sp=F350
irq#21770 pc=0038 sp=F350
irq#21771 pc=0038 sp=F350
irq#21772 pc=0038 sp=F350
irq#21773 pc=0038 sp=F350
irq#21774 pc=0038 sp=F350
irq#21775 pc=0038 sp=F350
irq#21776 pc=0038 sp=F350
irq#21777 pc=0038 sp=F350
irq#21778 pc=0038 sp=F350
irq#21779 pc=0038 sp=F350
irq#21780 pc=0038 sp=F350
irq#21781 pc=0038 sp=F350
irq#21782 pc=0038 sp=F350
irq#21783 pc=0038 sp=F350
irq#21784 pc=0038 sp=F350
irq#21785 pc=0038 sp=F350
irq#21786 pc=0038 sp=F350
irq#21787 pc=0038 sp=F350
irq#21788 pc=0038 sp=F350
irq#21789 pc=0038 sp=F350
irq#21790 pc=0038 sp=F350
irq#21791 pc=0038 sp=F350
irq#21792 pc=0038 sp=F350
irq#21793 pc=0038 sp=F350
irq#21794 pc=0038 sp=F350
irq#21795 pc=0038 sp=F350
irq#21796 pc=0038 sp=F350
irq#21797 pc=0038 sp=F350
irq#21798 pc=0038 sp=F350
irq#21799 pc=0038 sp=F350
irq#21800 pc=0038 sp=F350
irq#21801 pc=0038 sp=F350
irq#21802 pc=0038 sp=F350
irq#21803 pc=0038 sp=F350
irq#21804 pc=0038 sp=F350
irq#21805 pc=0038 sp=F350
irq#21806 pc=0038 sp=F350
irq#21807 pc=0038 sp=F350
irq#21808 pc=0038 sp=F350
irq#21809 pc=0038 sp=F350
irq#21810 pc=0038 sp=F350
irq#21811 pc=0038 sp=F350
irq#21812 pc=0038 sp=F350
irq#21813 pc=0038 sp=F350
irq#21814 pc=0038 sp=F350
irq#21815 pc=0038 sp=F350
irq#21816 pc=0038 sp=F350
irq#21817 pc=0038 sp=F350
irq#21818 pc=0038 sp=F350
irq#21819 pc=0038 sp=F350
irq#21820 pc=0038 sp=F350
irq#21821 pc=0038 sp=F350
irq#21822 pc=0038 sp=F350
irq#21823 pc=0038 sp=F350
irq#21824 pc=0038 sp=F350
irq#21825 pc=0038 sp=F350
irq#21826 pc=0038 sp=F350
irq#21827 pc=0038 sp=F350
irq#21828 pc=0038 sp=F350
irq#21829 pc=0038 sp=F350
irq#21830 pc=0038 sp=F350
irq#21831 pc=0038 sp=F350
irq#21832 pc=0038 sp=F350
irq#21833 pc=0038 sp=F350
irq#21834 pc=0038 sp=F350
irq#21835 pc=0038 sp=F350
irq#21836 pc=0038 sp=F350
irq#21837 pc=0038 sp=F350
irq#21838 pc=0038 sp=F350
irq#21839 pc=0038 sp=F350
irq#21840 pc=0038 sp=F350
irq#21841 pc=0038 sp=F350
irq#21842 pc=0038 sp=F350
irq#21843 pc=0038 sp=F350
irq#21844 pc=0038 sp=F350
irq#21845 pc=0038 sp=F350
irq#21846 pc=0038 sp=F350
irq#21847 pc=0038 sp=F350
irq#21848 pc=0038 sp=F350
irq#21849 pc=0038 sp=F350
irq#21850 pc=0038 sp=F350
irq#21851 pc=0038 sp=F350
irq#21852 pc=0038 sp=F350
irq#21853 pc=0038 sp=F350
irq#21854 pc=0038 sp=F350
irq#21855 pc=0038 sp=F350
irq#21856 pc=0038 sp=F350
irq#21857 pc=0038 sp=F350
irq#21858 pc=0038 sp=F350
irq#21859 pc=0038 sp=F350
irq#21860 pc=0038 sp=F350
irq#21861 pc=0038 sp=F350
irq#21862 pc=0038 sp=F350
irq#21863 pc=0038 sp=F350
irq#21864 pc=0038 sp=F350
irq#21865 pc=0038 sp=F350
irq#21866 pc=0038 sp=F350
irq#21867 pc=0038 sp=F350
irq#21868 pc=0038 sp=F350
irq#21869 pc=0038 sp=F350
irq#21870 pc=0038 sp=F350
irq#21871 pc=0038 sp=F350
irq#21872 pc=0038 sp=F350
irq#21873 pc=0038 sp=F350
irq#21874 pc=0038 sp=F350
irq#21875 pc=0038 sp=F350
irq#21876 pc=0038 sp=F350
irq#21877 pc=0038 sp=F350
irq#21878 pc=0038 sp=F350
irq#21879 pc=0038 sp=F350
irq#21880 pc=0038 sp=F350
irq#21881 pc=0038 sp=F350
irq#21882 pc=0038 sp=F350
irq#21883 pc=0038 sp=F350
irq#21884 pc=0038 sp=F350
irq#21885 pc=0038 sp=F350
irq#21886 pc=0038 sp=F350
irq#21887 pc=0038 sp=F350
irq#21888 pc=0038 sp=F350
irq#21889 pc=0038 sp=F350
irq#21890 pc=0038 sp=F350
irq#21891 pc=0038 sp=F350
irq#21892 pc=0038 sp=F350
irq#21893 pc=0038 sp=F350
irq#21894 pc=0038 sp=F350
irq#21895 pc=0038 sp=F350
irq#21896 pc=0038 sp=F350
irq#21897 pc=0038 sp=F350
irq#21898 pc=0038 sp=F350
irq#21899 pc=0038 sp=F350
irq#21900 pc=0038 sp=F350
irq#21901 pc=0038 sp=F350
irq#21902 pc=0038 sp=F350
irq#21903 pc=0038 sp=F350
irq#21904 pc=0038 sp=F350
irq#21905 pc=0038 sp=F350
irq#21906 pc=0038 sp=F350
irq#21907 pc=0038 sp=F350
irq#21908 pc=0038 sp=F350
irq#21909 pc=0038 sp=F350
irq#21910 pc=0038 sp=F350
irq#21911 pc=0038 sp=F350
irq#21912 pc=0038 sp=F350
irq#21913 pc=0038 sp=F350
irq#21914 pc=0038 sp=F350
irq#21915 pc=0038 sp=F350
irq#21916 pc=0038 sp=F350
irq#21917 pc=0038 sp=F350
irq#21918 pc=0038 sp=F350
irq#21919 pc=0038 sp=F350
irq#21920 pc=0038 sp=F350
irq#21921 pc=0038 sp=F350
irq#21922 pc=0038 sp=F350
irq#21923 pc=0038 sp=F350
irq#21924 pc=0038 sp=F350
irq#21925 pc=0038 sp=F350
irq#21926 pc=0038 sp=F350
irq#21927 pc=0038 sp=F350
irq#21928 pc=0038 sp=F350
irq#21929 pc=0038 sp=F340
irq#21930 pc=0038 sp=F350
irq#21931 pc=0038 sp=F350
irq#21932 pc=0038 sp=F350
irq#21933 pc=0038 sp=F350
irq#21934 pc=0038 sp=F350
irq#21935 pc=0038 sp=F350
irq#21936 pc=0038 sp=F350
irq#21937 pc=0038 sp=F350
irq#21938 pc=0038 sp=F350
irq#21939 pc=0038 sp=F350
irq#21940 pc=0038 sp=F350
irq#21941 pc=0038 sp=F350
irq#21942 pc=0038 sp=F350
irq#21943 pc=0038 sp=F350
irq#21944 pc=0038 sp=F350
irq#21945 pc=0038 sp=F350
irq#21946 pc=0038 sp=F350
irq#21947 pc=0038 sp=F350
irq#21948 pc=0038 sp=F350
irq#21949 pc=0038 sp=F350
irq#21950 pc=0038 sp=F350
irq#21951 pc=0038 sp=F350
irq#21952 pc=0038 sp=F350
irq#21953 pc=0038 sp=F350
irq#21954 pc=0038 sp=F350
irq#21955 pc=0038 sp=F350
irq#21956 pc=0038 sp=F350
irq#21957 pc=0038 sp=F350
irq#21958 pc=0038 sp=F350
irq#21959 pc=0038 sp=F350
irq#21960 pc=0038 sp=F350
irq#21961 pc=0038 sp=F350
irq#21962 pc=0038 sp=F350
irq#21963 pc=0038 sp=F350
irq#21964 pc=0038 sp=F350
irq#21965 pc=0038 sp=F350
irq#21966 pc=0038 sp=F350
irq#21967 pc=0038 sp=F350
irq#21968 pc=0038 sp=F350
irq#21969 pc=0038 sp=F350
irq#21970 pc=0038 sp=F350
irq#21971 pc=0038 sp=F350
irq#21972 pc=0038 sp=F350
irq#21973 pc=0038 sp=F350
irq#21974 pc=0038 sp=F350
irq#21975 pc=0038 sp=F350
irq#21976 pc=0038 sp=F350
irq#21977 pc=0038 sp=F350
irq#21978 pc=0038 sp=F350
irq#21979 pc=0038 sp=F350
irq#21980 pc=0038 sp=F350
irq#21981 pc=0038 sp=F350
irq#21982 pc=0038 sp=F350
irq#21983 pc=0038 sp=F350
irq#21984 pc=0038 sp=F350
irq#21985 pc=0038 sp=F350
irq#21986 pc=0038 sp=F350
irq#21987 pc=0038 sp=F350
irq#21988 pc=0038 sp=F350
irq#21989 pc=0038 sp=F350
irq#21990 pc=0038 sp=F350
irq#21991 pc=0038 sp=F350
irq#21992 pc=0038 sp=F350
irq#21993 pc=0038 sp=F350
irq#21994 pc=0038 sp=F350
irq#21995 pc=0038 sp=F350
irq#21996 pc=0038 sp=F350
irq#21997 pc=0038 sp=F350
irq#21998 pc=0038 sp=F350
irq#21999 pc=0038 sp=F350
irq#22000 pc=0038 sp=F350
irq#22001 pc=0038 sp=F350
irq#22002 pc=0038 sp=F350
irq#22003 pc=0038 sp=F350
irq#22004 pc=0038 sp=F350
irq#22005 pc=0038 sp=F350
irq#22006 pc=0038 sp=F350
irq#22007 pc=0038 sp=F350
irq#22008 pc=0038 sp=F350
irq#22009 pc=0038 sp=F350
irq#22010 pc=0038 sp=F350
irq#22011 pc=0038 sp=F350
irq#22012 pc=0038 sp=F350
irq#22013 pc=0038 sp=F350
irq#22014 pc=0038 sp=F350
irq#22015 pc=0038 sp=F350
irq#22016 pc=0038 sp=F350
irq#22017 pc=0038 sp=F350
irq#22018 pc=0038 sp=F350
irq#22019 pc=0038 sp=F350
irq#22020 pc=0038 sp=F350
irq#22021 pc=0038 sp=F350
irq#22022 pc=0038 sp=F350
irq#22023 pc=0038 sp=F350
irq#22024 pc=0038 sp=F350
irq#22025 pc=0038 sp=F350
irq#22026 pc=0038 sp=F350
irq#22027 pc=0038 sp=F350
irq#22028 pc=0038 sp=F350
irq#22029 pc=0038 sp=F350
irq#22030 pc=0038 sp=F350
irq#22031 pc=0038 sp=F350
irq#22032 pc=0038 sp=F350
irq#22033 pc=0038 sp=F350
irq#22034 pc=0038 sp=F350
irq#22035 pc=0038 sp=F350
irq#22036 pc=0038 sp=F350
irq#22037 pc=0038 sp=F350
irq#22038 pc=0038 sp=F350
irq#22039 pc=0038 sp=F350
irq#22040 pc=0038 sp=F350
irq#22041 pc=0038 sp=F350
irq#22042 pc=0038 sp=F350
irq#22043 pc=0038 sp=F350
irq#22044 pc=0038 sp=F350
irq#22045 pc=0038 sp=F350
irq#22046 pc=0038 sp=F350
irq#22047 pc=0038 sp=F350
irq#22048 pc=0038 sp=F350
irq#22049 pc=0038 sp=F350
irq#22050 pc=0038 sp=F350
irq#22051 pc=0038 sp=F350
irq#22052 pc=0038 sp=F350
irq#22053 pc=0038 sp=F350
irq#22054 pc=0038 sp=F350
irq#22055 pc=0038 sp=F350
irq#22056 pc=0038 sp=F350
irq#22057 pc=0038 sp=F350
irq#22058 pc=0038 sp=F350
irq#22059 pc=0038 sp=F350
irq#22060 pc=0038 sp=F350
irq#22061 pc=0038 sp=F350
irq#22062 pc=0038 sp=F350
irq#22063 pc=0038 sp=F350
irq#22064 pc=0038 sp=F350
irq#22065 pc=0038 sp=F350
irq#22066 pc=0038 sp=F350
irq#22067 pc=0038 sp=F350
irq#22068 pc=0038 sp=F350
irq#22069 pc=0038 sp=F350
irq#22070 pc=0038 sp=F350
irq#22071 pc=0038 sp=F350
irq#22072 pc=0038 sp=F350
irq#22073 pc=0038 sp=F350
irq#22074 pc=0038 sp=F350
irq#22075 pc=0038 sp=F350
irq#22076 pc=0038 sp=F350
irq#22077 pc=0038 sp=F350
irq#22078 pc=0038 sp=F350
irq#22079 pc=0038 sp=F350
irq#22080 pc=0038 sp=F350
irq#22081 pc=0038 sp=F350
irq#22082 pc=0038 sp=F350
irq#22083 pc=0038 sp=F350
irq#22084 pc=0038 sp=F350
irq#22085 pc=0038 sp=F350
irq#22086 pc=0038 sp=F350
irq#22087 pc=0038 sp=F350
irq#22088 pc=0038 sp=F350
irq#22089 pc=0038 sp=F350
irq#22090 pc=0038 sp=F350
irq#22091 pc=0038 sp=F350
irq#22092 pc=0038 sp=F350
irq#22093 pc=0038 sp=F350
irq#22094 pc=0038 sp=F350
irq#22095 pc=0038 sp=F350
irq#22096 pc=0038 sp=F350
irq#22097 pc=0038 sp=F350
irq#22098 pc=0038 sp=F350
irq#22099 pc=0038 sp=F350
irq#22100 pc=0038 sp=F350
irq#22101 pc=0038 sp=F350
irq#22102 pc=0038 sp=F350
irq#22103 pc=0038 sp=F350
irq#22104 pc=0038 sp=F350
irq#22105 pc=0038 sp=F350
irq#22106 pc=0038 sp=F350
irq#22107 pc=0038 sp=F350
irq#22108 pc=0038 sp=F350
irq#22109 pc=0038 sp=F350
irq#22110 pc=0038 sp=F350
irq#22111 pc=0038 sp=F350
irq#22112 pc=0038 sp=F350
irq#22113 pc=0038 sp=F33C
irq#22114 pc=0038 sp=F350
irq#22115 pc=0038 sp=F350
irq#22116 pc=0038 sp=F350
irq#22117 pc=0038 sp=F350
irq#22118 pc=0038 sp=F350
irq#22119 pc=0038 sp=F350
irq#22120 pc=0038 sp=F350
irq#22121 pc=0038 sp=F350
irq#22122 pc=0038 sp=F350
irq#22123 pc=0038 sp=F350
irq#22124 pc=0038 sp=F350
irq#22125 pc=0038 sp=F350
irq#22126 pc=0038 sp=F350
irq#22127 pc=0038 sp=F350
irq#22128 pc=0038 sp=F350
irq#22129 pc=0038 sp=F350
irq#22130 pc=0038 sp=F350
irq#22131 pc=0038 sp=F350
irq#22132 pc=0038 sp=F350
irq#22133 pc=0038 sp=F350
irq#22134 pc=0038 sp=F350
irq#22135 pc=0038 sp=F350
irq#22136 pc=0038 sp=F350
irq#22137 pc=0038 sp=F350
irq#22138 pc=0038 sp=F350
irq#22139 pc=0038 sp=F350
irq#22140 pc=0038 sp=F350
irq#22141 pc=0038 sp=F350
irq#22142 pc=0038 sp=F350
irq#22143 pc=0038 sp=F350
irq#22144 pc=0038 sp=F350
irq#22145 pc=0038 sp=F350
irq#22146 pc=0038 sp=F350
irq#22147 pc=0038 sp=F350
irq#22148 pc=0038 sp=F350
irq#22149 pc=0038 sp=F350
irq#22150 pc=0038 sp=F350
irq#22151 pc=0038 sp=F350
irq#22152 pc=0038 sp=F350
irq#22153 pc=0038 sp=F350
irq#22154 pc=0038 sp=F350
irq#22155 pc=0038 sp=F350
irq#22156 pc=0038 sp=F350
irq#22157 pc=0038 sp=F350
irq#22158 pc=0038 sp=F350
irq#22159 pc=0038 sp=F350
irq#22160 pc=0038 sp=F350
irq#22161 pc=0038 sp=F350
irq#22162 pc=0038 sp=F350
irq#22163 pc=0038 sp=F350
irq#22164 pc=0038 sp=F350
irq#22165 pc=0038 sp=F350
irq#22166 pc=0038 sp=F350
irq#22167 pc=0038 sp=F350
irq#22168 pc=0038 sp=F350
irq#22169 pc=0038 sp=F350
irq#22170 pc=0038 sp=F350
irq#22171 pc=0038 sp=F350
irq#22172 pc=0038 sp=F350
irq#22173 pc=0038 sp=F350
irq#22174 pc=0038 sp=F350
irq#22175 pc=0038 sp=F350
irq#22176 pc=0038 sp=F350
irq#22177 pc=0038 sp=F350
irq#22178 pc=0038 sp=F350
irq#22179 pc=0038 sp=F350
irq#22180 pc=0038 sp=F350
irq#22181 pc=0038 sp=F350
irq#22182 pc=0038 sp=F350
irq#22183 pc=0038 sp=F350
irq#22184 pc=0038 sp=F350
irq#22185 pc=0038 sp=F350
irq#22186 pc=0038 sp=F350
irq#22187 pc=0038 sp=F350
irq#22188 pc=0038 sp=F350
irq#22189 pc=0038 sp=F350
irq#22190 pc=0038 sp=F350
irq#22191 pc=0038 sp=F350
irq#22192 pc=0038 sp=F350
irq#22193 pc=0038 sp=F350
irq#22194 pc=0038 sp=F350
irq#22195 pc=0038 sp=F350
irq#22196 pc=0038 sp=F350
irq#22197 pc=0038 sp=F350
irq#22198 pc=0038 sp=F350
irq#22199 pc=0038 sp=F350
irq#22200 pc=0038 sp=F350
irq#22201 pc=0038 sp=F350
irq#22202 pc=0038 sp=F350
irq#22203 pc=0038 sp=F350
irq#22204 pc=0038 sp=F350
irq#22205 pc=0038 sp=F350
irq#22206 pc=0038 sp=F350
irq#22207 pc=0038 sp=F350
irq#22208 pc=0038 sp=F350
irq#22209 pc=0038 sp=F350
irq#22210 pc=0038 sp=F350
irq#22211 pc=0038 sp=F350
irq#22212 pc=0038 sp=F350
irq#22213 pc=0038 sp=F350
irq#22214 pc=0038 sp=F350
irq#22215 pc=0038 sp=F350
irq#22216 pc=0038 sp=F350
irq#22217 pc=0038 sp=F350
irq#22218 pc=0038 sp=F350
irq#22219 pc=0038 sp=F350
irq#22220 pc=0038 sp=F350
irq#22221 pc=0038 sp=F350
irq#22222 pc=0038 sp=F350
irq#22223 pc=0038 sp=F350
irq#22224 pc=0038 sp=F350
irq#22225 pc=0038 sp=F350
irq#22226 pc=0038 sp=F350
irq#22227 pc=0038 sp=F350
irq#22228 pc=0038 sp=F350
irq#22229 pc=0038 sp=F350
irq#22230 pc=0038 sp=F350
irq#22231 pc=0038 sp=F350
irq#22232 pc=0038 sp=F350
irq#22233 pc=0038 sp=F350
irq#22234 pc=0038 sp=F350
irq#22235 pc=0038 sp=F350
irq#22236 pc=0038 sp=F350
irq#22237 pc=0038 sp=F350
irq#22238 pc=0038 sp=F350
irq#22239 pc=0038 sp=F350
irq#22240 pc=0038 sp=F350
irq#22241 pc=0038 sp=F350
irq#22242 pc=0038 sp=F350
irq#22243 pc=0038 sp=F350
irq#22244 pc=0038 sp=F350
irq#22245 pc=0038 sp=F350
irq#22246 pc=0038 sp=F350
irq#22247 pc=0038 sp=F350
irq#22248 pc=0038 sp=F350
irq#22249 pc=0038 sp=F350
irq#22250 pc=0038 sp=F350
irq#22251 pc=0038 sp=F350
irq#22252 pc=0038 sp=F350
irq#22253 pc=0038 sp=F350
irq#22254 pc=0038 sp=F350
irq#22255 pc=0038 sp=F350
irq#22256 pc=0038 sp=F350
irq#22257 pc=0038 sp=F350
irq#22258 pc=0038 sp=F350
irq#22259 pc=0038 sp=F350
irq#22260 pc=0038 sp=F350
irq#22261 pc=0038 sp=F350
irq#22262 pc=0038 sp=F350
irq#22263 pc=0038 sp=F350
irq#22264 pc=0038 sp=F350
irq#22265 pc=0038 sp=F350
irq#22266 pc=0038 sp=F350
irq#22267 pc=0038 sp=F350
irq#22268 pc=0038 sp=F350
irq#22269 pc=0038 sp=F350
irq#22270 pc=0038 sp=F350
irq#22271 pc=0038 sp=F350
irq#22272 pc=0038 sp=F350
irq#22273 pc=0038 sp=F350
irq#22274 pc=0038 sp=F350
irq#22275 pc=0038 sp=F350
irq#22276 pc=0038 sp=F350
irq#22277 pc=0038 sp=F350
irq#22278 pc=0038 sp=F350
irq#22279 pc=0038 sp=F350
irq#22280 pc=0038 sp=F350
irq#22281 pc=0038 sp=F350
irq#22282 pc=0038 sp=F350
irq#22283 pc=0038 sp=F350
irq#22284 pc=0038 sp=F350
irq#22285 pc=0038 sp=F350
irq#22286 pc=0038 sp=F350
irq#22287 pc=0038 sp=F350
irq#22288 pc=0038 sp=F350
irq#22289 pc=0038 sp=F350
irq#22290 pc=0038 sp=F350
irq#22291 pc=0038 sp=F350
irq#22292 pc=0038 sp=F350
irq#22293 pc=0038 sp=F350
irq#22294 pc=0038 sp=F350
irq#22295 pc=0038 sp=F350
irq#22296 pc=0038 sp=F350
irq#22297 pc=0038 sp=F338
