# source: C:\Users\salam\Downloads\unitedFiles(6).asm
   1	0000					; ==================================================================
   2	0000					; MUSICA2 - UNIFIED FILE
   3	0000					; File: unitedFiles.asm
   4	0000					; Description: All-in-one file combining all modular files
   5	0000					; Generated by Mideas MSX Modular Generator
   6	0000					;
   7	0000					; OPTIMIZED: Only includes necessary code for this project
   8	0000					; Tiles: 0
   9	0000					; Sprites: 0
  10	0000					; Screens: 0
  11	0000					; Entities: 0
  12	0000					; Menus: No
  13	0000					; HUD: No
  14	0000					; State Machines: 0
  15	0000					; ROM Mode: simple32k
  16	0000					; Mapper Target: konami
  17	0000					; Auto MegaROM: No
  18	0000					; ==================================================================
  19	0000					; ------------------------------------------------------------------
  20	0000					; 8KB BANK PACKER ESTIMATE (diagnostic placement view)
  21	0000					; Runtime bank constants are derived from label addresses at assemble time.
  22	0000					; Estimated payload bytes: 29286
  23	0000					; Estimated banks used: 4
  24	0000					; ------------------------------------------------------------------
  25	0000					; BANK 00 @#0000 : patterns.asm (74 bytes)
  26	0000					; BANK 00 @#004A : colors.asm (73 bytes)
  27	0000					; BANK 00 @#0093 : components.asm (22 bytes)
  28	0000					; BANK 00 @#00A9 : entities.asm (303 bytes)
  29	0000					; BANK 00 @#01D8 : worlds.asm (152 bytes)
  30	0000					; BANK 00 @#0270 : screens.asm (175 bytes)
  31	0000					; BANK 00 @#031F : sprites.asm (1835 bytes)
  32	0000					; BANK 00 @#0A4A : font.asm (174 bytes)
  33	0000					; BANK 00 @#0AF8 : hud.asm (79 bytes)
  34	0000					; BANK 00 @#0B47 : menus.asm (168 bytes)
  35	0000					; BANK 00 @#0BEF : sound.asm part 1/2 (5137 bytes)
  36	0000					; BANK 01 @#0000 : sound.asm part 2/2 (4966 bytes)
  37	0000					; BANK 01 @#1366 : scroll.asm (2342 bytes)
  38	0000					; BANK 01 @#1C8C : animtiles.asm (884 bytes)
  39	0000					; BANK 02 @#0000 : animtiles.asm (2951 bytes)
  40	0000					; BANK 02 @#0B87 : particles.asm (4963 bytes)
  41	0000					; BANK 02 @#1EEA : statemachine.asm (5 bytes)
  42	0000					; BANK 02 @#1EEF : gameflow.asm (273 bytes)
  43	0000					; BANK 03 @#0000 : gameflow.asm (4710 bytes)
  44	0000					
  45	0000					; CRITICAL: header.asm with ORG #4000 and "AB" signature MUST be first
  46	0000					; for the ROM to work correctly. EQUs can go after ORG.
  47	0000					; ==================================================================
  48	0000					; MSX CARTRIDGE ROM HEADER
  49	0000					; File: header.asm
  50	0000					; Description: Standard MSX cartridge initialization
  51	0000					; GameFlow Integration: Using "Main" as execution orchestrator
  52	0000					; Flow: Start ??? Music (gfn_1772605609293)
  53	0000					; ==================================================================
  54	0000					
  55	0000					    org #4000           ; MSX cartridge start address
  56	4000					
  57	4000					; ==================================================================
  58	4000					; CARTRIDGE HEADER
  59	4000					; ==================================================================
  60	4000	41	42			    db "AB"             ; MSX cartridge signature
  61	4002	10	40			    dw init_rom         ; Initialization address
  62	4004	00	00			    dw 0                ; Statement handler (not used)
  63	4006	00	00			    dw 0                ; Device handler (not used)
  64	4008	00	00			    dw 0                ; Text handler (not used)
  65	400A	00	00			    dw 0                ; Reserved
  66	400C	00	00			    dw 0                ; Reserved
  67	400E	00	00			    dw 0                ; Reserved
  68	4010					
  69	4010					; ==================================================================
  70	4010					; ROM INITIALIZATION ENTRY POINT
  71	4010					; ==================================================================
  72	4010					init_rom:
  73	4010	F3				    di
  74	4011	ED	56			    im 1
  75	4013					    
  76	4013					    ; Initialize stack
  77	4013	31	80	F3		    ld sp, #F380
  78	4016					
  79	4016					    ; Cold boot path: ensure cartridge pages are mapped.
  80	4016	CD	82	40		    call SETPAGES32K
  81	4019	C3	22	40		    jp restart_rom_continue
  82	401C					
  83	401C					; Restart entry point for GameFlow Restart node.
  84	401C					; Reinitializes runtime safely without remapping cartridge pages.
  85	401C					restart_rom:
  86	401C	F3				    di
  87	401D	ED	56			    im 1
  88	401F	31	80	F3		    ld sp, #F380
  89	4022					
  90	4022					restart_rom_continue:
  91	4022					    ; Initialize mapper runtime state (safe no-op in simple32k mode)
  92	4022	CD	45	41		    call mapper_runtime_init
  93	4025					
  94	4025					    ; Reset some interrupts to ensure compatibility
  95	4025					    ; with MSX computers with disk controllers
  96	4025	3E	C9			    ld a, #C9
  97	4027	32	DB	F3		    ld (HKEY), a
  98	402A					    ; NOTE: TIMI (H.TIMI) is now managed by init_interrupt_system
  99	402A					
 100	402A					    ; Silence click, init keyboard, clear config
 101	402A	AF				    xor a
 102	402B	32	DC	F3		    ld (CLIKSW), a
 103	402E	32	2A	CD		    ld (deterministic), a
 104	4031					    
 105	4031					    ; Change background colors
 106	4031	32	E9	F3		    ld (BAKCLR), a
 107	4034	32	EA	F3		    ld (BDRCLR), a
 108	4037	CD	62	00		    call CHGCLR
 109	403A					
 110	403A					    ; Disable screen while switching modes / initializing VDP
 111	403A	CD	41	00		    call DISSCR
 112	403D					
 113	403D					    ; Change screen mode to SCREEN 2
 114	403D	3E	02			    ld a, 2
 115	403F	CD	5F	00		    call CHGMOD
 116	4042					
 117	4042					    ; Configure 16x16 sprites
 118	4042					    ; VDP Register #01: activate sprites, generate interrupts, 16x16 sprites
 119	4042	01	01	E2		    ld bc, #E201
 120	4045	CD	F4	40		    call FAST_WRTVDP
 121	4048					    ; CRITICAL: Update BIOS system variable RG1SAV to match
 122	4048					    ; Without this, DISSCR/ENASCR will overwrite VDP R1 losing 16x16 sprite config
 123	4048	3E	E2			    ld a, #E2
 124	404A	32	E0	F3		    ld (#F3E0), a       ; RG1SAV = #E2 (preserves 16x16 sprite bit)
 125	404D					
 126	404D					    ; Detect 50Hz/60Hz
 127	404D	CD	98	40		    call CheckIf60Hz
 128	4050	32	EB	F3		    ld (isComputer50HzOr60Hz), a ; 0: 50Hz, 1: 60Hz
 129	4053					
 130	4053					    ; ====================================================
 131	4053					    ; INTERRUPT SYSTEM INITIALIZATION (Konami-style)
 132	4053					    ; ====================================================
 133	4053					    ; Initialize interrupt task system (hooks H.TIMI)
 134	4053	CD	AF	41		    call init_interrupt_system
 135	4056	F3				    di
 136	4057					
 137	4057					    ; Register default tasks based on project needs
 138	4057	3E	04			        ld a, 4
 139	4059	21	3A	43		    ld hl, task_update_music
 140	405C	CD	4E	42		    call enable_task
 141	405F					
 142	405F					
 143	405F	FB				    ei
 144	4060					
 145	4060					    ; ====================================================
 146	4060					    ; GAMEFLOW INITIALIZATION
 147	4060					    ; ====================================================
 148	4060					    ; Initialize GameFlow system
 149	4060	CD	17	72		    call gameflow_init
 150	4063					
 151	4063					    ; Start execution from GameFlow Start node
 152	4063					    ; GameFlow is now the sole orchestrator
 153	4063	CD	44	00		    call ENASCR
 154	4066	C3	1F	72		    jp gameflow_start
 155	4069					
 156	4069					; ==================================================================
 157	4069					; AUXILIARY FUNCTIONS
 158	4069					; ==================================================================
 159	4069					
 160	4069					; Helper: Get expanded slot value for ENASLT/CALSLT usage
 161	4069					; Input:  A = slot number (0-3) in lower bits
 162	4069					; Output: A = expanded slot value if needed
 163	4069					GETSLOT:
 164	4069	E6	03			    and #03             ; Proteccion, nos aseguramos de que el valor esta en 0-3
 165	406B	4F				    ld  c,a             ; c = slot de la pagina
 166	406C	06	00			    ld  b,0             ; bc = slot de la pagina
 167	406E	21	C1	FC		    ld  hl,#fcc1        ; Tabla de slots expandidos
 168	4071	09				    add hl,bc           ; hl -> variable que indica si este slot esta expandido
 169	4072	7E				    ld  a,(hl)          ; Tomamos el valor
 170	4073	E6	80			    and #80             ; Si el bit mas alto es cero...
 171	4075	28	09			    jr  z,GETSLOT_EXIT  ; ...nos vamos a @@EXIT
 172	4077					    ; --- El slot esta expandido ---
 173	4077	B1				    or  c               ; Slot basico en el lugar adecuado
 174	4078	4F				    ld  c,a             ; Guardamos el valor en c
 175	4079	23				    inc hl              ; Incrementamos hl una...
 176	407A	23				    inc hl              ; ...dos...
 177	407B	23				    inc hl              ; ...tres...
 178	407C	23				    inc hl              ; ...cuatro veces
 179	407D	7E				    ld  a,(hl)          ; a = valor del registro de subslot del slot donde estamos
 180	407E	E6	0C			    and #0C             ; Nos quedamos con el valor donde esta nuestro cartucho
 181	4080					GETSLOT_EXIT:
 182	4080	B1				    or  c
 183	4081	C9				    ret
 184	4082					
 185	4082					; From: http://www.z80st.es/downloads/code/
 186	4082					; SETPAGES32K:  BIOS-ROM-YY-ZZ   -> BIOS-ROM-ROM-ZZ (SITUA PAGINA 2)
 187	4082					SETPAGES32K:    ; --- Posiciona las paginas de un megarom o un 32K ---
 188	4082	3E	C9			    ld  a, #C9              ; Codigo de RET
 189	4084	32	87	40		    ld  (SETPAGES32K_NOPRET), a   ; Modificamos la siguiente instruccion si estamos en RAM
 190	4087					SETPAGES32K_NOPRET:
 191	4087	00				    nop                     ; No hacemos nada si no estamos en RAM
 192	4088					    ; --- Si llegamos aqui no estamos en RAM, hay que posicionar la pagina ---
 193	4088	CD	38	01		    call RSLREG             ; Leemos el contenido del registro de seleccion de slots
 194	408B	0F				    rrca                    ; Rotamos a la derecha...
 195	408C	0F				    rrca                    ; ...dos veces
 196	408D	CD	69	40		    call GETSLOT            ; Obtenemos el slot de la pagina 1 ($4000-$BFFF)
 197	4090	32	11	C0		    ld (ROM_slot), a        ; Save slot for later use
 198	4093	26	80			    ld  h, #80              ; Seleccionamos pagina 2 ($8000-$BFFF)
 199	4095	C3	24	00		    jp  ENASLT              ; Posicionamos la pagina 2 y volvemos
 200	4098					
 201	4098					; Source: https://www.msx.org/forum/development/msx-development/how-0?page=0
 202	4098					; Returns 1 in a and clears z flag if vdp is 60Hz
 203	4098					CheckIf60Hz:
 204	4098	F3				    di
 205	4099	DB	99			    in      a, (#99)
 206	409B	00				    nop
 207	409C	00				    nop
 208	409D	00				    nop
 209	409E					vdpSync:
 210	409E	DB	99			    in      a, (#99)
 211	40A0	E6	80			    and     #80
 212	40A2	28	FA			    jr      z, vdpSync
 213	40A4					
 214	40A4	21	00	09		    ld      hl, #900
 215	40A7					vdpLoop:
 216	40A7	2B				    dec     hl
 217	40A8	7C				    ld      a, h
 218	40A9	B5				    or      l
 219	40AA	20	FB			    jr      nz, vdpLoop
 220	40AC					
 221	40AC	DB	99			    in      a, (#99)
 222	40AE	07				    rlca
 223	40AF	E6	01			    and     1
 224	40B1	FB				    ei
 225	40B2	C9				    ret
 226	40B3					
 227	40B3					; ==================================================================
 228	40B3					; END OF HEADER
 229	40B3					; ==================================================================
 230	40B3					
 231	40B3					
 232	40B3					; ==================================================================
 233	40B3					; MSX BIOS FUNCTIONS AND ADDRESSES
 234	40B3					; File: bios.asm
 235	40B3					; Description: Standard MSX BIOS function definitions
 236	40B3					; ==================================================================
 237	40B3					
 238	40B3					; ==================================================================
 239	40B3					; MAIN BIOS FUNCTIONS
 240	40B3					; ==================================================================
 241	40B3					
 242	40B3					; Screen and Display
 243	40B3					CHGMOD  EQU #005F        ; Change screen mode (A=mode)
 244	40B3					CHGCLR  EQU #0062        ; Change colors
 245	40B3					CLS     EQU #00C3        ; Clear screen
 246	40B3					POSIT   EQU #00C6        ; Position cursor (H=X, L=Y)
 247	40B3					ERAFNK  EQU #00CC        ; Erase function keys
 248	40B3					DSPFNK  EQU #00CF        ; Display function keys
 249	40B3					DISSCR  EQU #0041        ; Disable screen (prevent flicker)
 250	40B3					ENASCR  EQU #0044        ; Enable screen
 251	40B3					INITXT  EQU #006C        ; Initialize text mode
 252	40B3					INIT32  EQU #006F        ; Initialize screen mode
 253	40B3					INIGRP  EQU #0072        ; Initialize graphics routines
 254	40B3					
 255	40B3					; Character I/O
 256	40B3					CHPUT   EQU #00A2        ; Character output (A=char)
 257	40B3					CHGET   EQU #009F        ; Character input
 258	40B3					CHSNS   EQU #009C        ; Character sense (check key)
 259	40B3					BREAKX  EQU #00B7        ; Check CTRL+STOP
 260	40B3					ISCNTC  EQU #00BA        ; Check CTRL+C
 261	40B3					
 262	40B3					; String I/O
 263	40B3					OUTDO   EQU #005A        ; String output (HL=string)
 264	40B3					
 265	40B3					; Input Devices
 266	40B3					GTSTCK  EQU #00D5        ; Get joystick status (A=port)
 267	40B3					GTTRIG  EQU #00D8        ; Get trigger status (A=port)
 268	40B3					GTPAD   EQU #00DB        ; Get paddle (A=port)
 269	40B3					GTPDL   EQU #00DE        ; Get paddle value
 270	40B3					SNSMAT  EQU #0141        ; Sense matrix (A=row)
 271	40B3					KILBUF  EQU #0156        ; Kill keyboard buffer
 272	40B3					
 273	40B3					; Slot Management
 274	40B3					RSLREG  EQU #0138        ; Read slot register
 275	40B3					WSLREG  EQU #013B        ; Write slot register
 276	40B3					ENASLT  EQU #0024        ; Enable slot (H=page, A=slot)
 277	40B3					CALSLT  EQU #001C        ; Call routine in another slot
 278	40B3					
 279	40B3					; Sound
 280	40B3					GICINI  EQU #0090        ; Initialize PSG
 281	40B3					WRTPSG  EQU #0093        ; Write PSG register (A=reg, E=value)
 282	40B3					RDPSG   EQU #0096        ; Read PSG register (A=reg)
 283	40B3					
 284	40B3					; Graphics VDP
 285	40B3					GRPPRT  EQU #0089        ; Print in graphic mode
 286	40B3					SETGRP  EQU #007E        ; Set graphic mode
 287	40B3					
 288	40B3					; Memory Transfer
 289	40B3					LDIRVM  EQU #005C        ; Block transfer from CPU to VRAM
 290	40B3					LDIRMV  EQU #0059        ; Block transfer from VRAM to CPU
 291	40B3					WRTVDP  EQU #0047        ; Write to VDP register
 292	40B3					WRTVRM  EQU #004D        ; Write data to VRAM (A=data, HL=address)
 293	40B3					
 294	40B3					; File I/O (Disk BIOS) - Not used in cartridge ROMs
 295	40B3					; DSKIO   EQU #004A      ; Disk I/O (conflicts with WRTVRM, not available in cartridge)
 296	40B3					; DSKCHF  EQU #004D      ; Disk change flag (same address as WRTVRM, not used)
 297	40B3					
 298	40B3					; Math
 299	40B3					GETYPR  EQU #0053        ; Get type of variable
 300	40B3					
 301	40B3					; ==================================================================
 302	40B3					; VDP PORTS AND REGISTERS
 303	40B3					; ==================================================================
 304	40B3					
 305	40B3					; VDP Data/Status Ports
 306	40B3					VDPDR   EQU #0098        ; VDP Data Register (Port 0)
 307	40B3					VDPSR   EQU #0099        ; VDP Status Register (Port 1)
 308	40B3					
 309	40B3					; VDP Registers (use with VDPSR)
 310	40B3					VDP_R0  EQU 0            ; Mode register 0
 311	40B3					VDP_R1  EQU 1            ; Mode register 1
 312	40B3					VDP_R2  EQU 2            ; Name table base address
 313	40B3					VDP_R3  EQU 3            ; Color table base address
 314	40B3					VDP_R4  EQU 4            ; Pattern table base address
 315	40B3					VDP_R5  EQU 5            ; Sprite attribute table
 316	40B3					VDP_R6  EQU 6            ; Sprite pattern table
 317	40B3					VDP_R7  EQU 7            ; Text/border color
 318	40B3					
 319	40B3					; System Variables
 320	40B3					HKEY    EQU #F3DB        ; Hook function key (system variable)
 321	40B3					CLIKSW  EQU #F3DC        ; Key click switch
 322	40B3					FORCLR  EQU #F3E8        ; Foreground color
 323	40B3					BAKCLR  EQU #F3E9        ; Background color
 324	40B3					BDRCLR  EQU #F3EA        ; Border color
 325	40B3					isComputer50HzOr60Hz EQU #F3EB  ; System frequency flag
 326	40B3					
 327	40B3					; ==================================================================
 328	40B3					; NOTE: Fast hardware access routines (FAST_LDIRVM, FAST_WRTVRM, etc.)
 329	40B3					;       are provided by directHardwareGenerator.ts when hybrid/direct mode
 330	40B3					;       is enabled. See directHardwareGenerator.ts for implementations.
 331	40B3					; ==================================================================
 332	40B3					
 333	40B3					; ==================================================================
 334	40B3					; END OF BIOS DEFINITIONS
 335	40B3					; ==================================================================
 336	40B3					
 337	40B3					; ==================================================================
 338	40B3					; DIRECT HARDWARE ACCESS ROUTINES
 339	40B3					; ==================================================================
 340	40B3					; Mode: HYBRID
 341	40B3					; Optimize Level: safe
 342	40B3					; Debug: DISABLED
 343	40B3					;
 344	40B3					; These routines provide direct hardware access for maximum performance.
 345	40B3					; They replace BIOS calls in performance-critical sections.
 346	40B3					;
 347	40B3					; Performance Gains vs BIOS:
 348	40B3					;   FAST_LDIRVM:  ~40% faster (12,288 vs 20,480 cycles for 256 bytes)
 349	40B3					;   FAST_WRTVRM:  ~43% faster (40 vs 70 cycles)
 350	40B3					;   FAST_WRTVDP:  ~55% faster (25 vs 55 cycles)
 351	40B3					;   FAST_GTSTCK:  ~58% faster (50 vs 120 cycles)
 352	40B3					;   FAST_GTTRIG:  direct trigger read (joystick button)
 353	40B3					;   FAST_SNSMAT:  direct keyboard matrix row read
 354	40B3					;
 355	40B3					; Compatibility: MSX1, MSX2, MSX2+
 356	40B3					; ==================================================================
 357	40B3					
 358	40B3					
 359	40B3					; ==================================================================
 360	40B3					; FAST_LDIRVM - Fast Block Transfer to VRAM
 361	40B3					; ==================================================================
 362	40B3					; Register Contract:
 363	40B3					;   Purpose: Block copy from RAM to VRAM using VDP data port auto-increment.
 364	40B3					;   Inputs:
 365	40B3					;     - HL = source address (RAM)
 366	40B3					;     - DE = destination address (VRAM)
 367	40B3					;     - BC = byte count
 368	40B3					;   Outputs:
 369	40B3					;     - None
 370	40B3					;   Clobbers:
 371	40B3					;     - AF
 372	40B3					;     - BC
 373	40B3					;     - HL
 374	40B3					;   Preserved:
 375	40B3					;     - DE
 376	40B3					;   Register roles:
 377	40B3					;     - A = VDP address bytes and data byte being transferred
 378	40B3					;     - HL = RAM read pointer (increments each byte)
 379	40B3					;     - DE = only used to program initial VRAM address
 380	40B3					;     - BC = countdown loop counter
 381	40B3					;   Notes:
 382	40B3					;     - Caller must preserve AF/BC/HL if needed after call.
 383	40B3					
 384	40B3					; Replaces BIOS LDIRVM with direct hardware access
 385	40B3					;
 386	40B3					; Input:
 387	40B3					;   HL = Source address (RAM)
 388	40B3					;   DE = Destination address (VRAM)
 389	40B3					;   BC = Byte count
 390	40B3					;
 391	40B3					; Output:
 392	40B3					;   None
 393	40B3					;
 394	40B3					; Destroys:
 395	40B3					;   AF, BC, HL
 396	40B3					;
 397	40B3					; Performance:
 398	40B3					;   ~48 cycles/byte vs BIOS ~80+ cycles/byte
 399	40B3					;   For 256 bytes: 12,288 cycles vs 20,480+ (40% faster)
 400	40B3					;
 401	40B3					; Notes:
 402	40B3					;   - Auto-increments VRAM address (VDP feature)
 403	40B3					;   - Keeps IRQs masked for the whole transfer to avoid VDP port races
 404	40B3					;   - Restores previous IRQ enable state on return
 405	40B3					;   - Works on all MSX models (TMS9918, V9938, V9958)
 406	40B3					; ==================================================================
 407	40B3					FAST_LDIRVM:
 408	40B3					    ; Preserve previous IRQ state (LD A,I copies IFF2 into P/V)
 409	40B3	ED	57			    ld a, i
 410	40B5	F5				    push af
 411	40B6	F3				    di
 412	40B7					
 413	40B7					    ; Set VRAM write address
 414	40B7	7B				    ld a, e
 415	40B8	D3	99			    out (#99), a           ; Write address low byte to VDP
 416	40BA	00				    nop                    ; Real VDPs need a short settle time between control writes
 417	40BB	7A				    ld a, d
 418	40BC	F6	40			    or #40                 ; Set bit 6 for write mode
 419	40BE	D3	99			    out (#99), a           ; Write address high byte + write command
 420	40C0	00				    nop                    ; Let the VDP latch the address before the first data write
 421	40C1					
 422	40C1					    ; Copy loop
 423	40C1					.ldirvm_loop:
 424	40C1	7E				    ld a, (hl)             ; Read byte from RAM (7 cycles)
 425	40C2	D3	98			    out (#98), a           ; Write to VRAM data port (11 cycles)
 426	40C4	23				    inc hl                 ; Next source address (6 cycles)
 427	40C5	0B				    dec bc                 ; Decrement counter (6 cycles)
 428	40C6	78				    ld a, b                ; Check if BC = 0 (4 cycles)
 429	40C7	B1				    or c                   ; (4 cycles)
 430	40C8	20	F7			    jr nz, .ldirvm_loop    ; Loop if not zero (12/7 cycles)
 431	40CA					
 432	40CA					    ; Restore previous IRQ state
 433	40CA	F1				    pop af
 434	40CB	E0				    ret po                 ; P/V=0 => IRQs were disabled on entry
 435	40CC	FB				    ei
 436	40CD	C9				    ret
 437	40CE					
 438	40CE					
 439	40CE					; ==================================================================
 440	40CE					; FAST_WRTVRM - Write Single Byte to VRAM
 441	40CE					; ==================================================================
 442	40CE					; Register Contract:
 443	40CE					;   Purpose: Write one byte into VRAM while preserving caller-visible state.
 444	40CE					;   Inputs:
 445	40CE					;     - A = byte to write
 446	40CE					;     - HL = VRAM destination address
 447	40CE					;   Outputs:
 448	40CE					;     - None
 449	40CE					;   Clobbers:
 450	40CE					;     - None (all registers preserved)
 451	40CE					;   Preserved:
 452	40CE					;     - AF
 453	40CE					;     - BC
 454	40CE					;     - DE
 455	40CE					;     - HL
 456	40CE					;   Register roles:
 457	40CE					;     - A = temporarily saved/restored around VDP address programming
 458	40CE					;     - HL = VRAM address source (not modified)
 459	40CE					;   Notes:
 460	40CE					;     - Safe helper when the caller cannot tolerate register changes.
 461	40CE					
 462	40CE					; Replaces BIOS WRTVRM
 463	40CE					;
 464	40CE					; Input:
 465	40CE					;   A = Data byte to write
 466	40CE					;   HL = VRAM destination address
 467	40CE					;
 468	40CE					; Output:
 469	40CE					;   None
 470	40CE					;
 471	40CE					; Destroys:
 472	40CE					;   None (all registers preserved)
 473	40CE					;
 474	40CE					; Performance:
 475	40CE					;   ~40 cycles vs BIOS ~70 cycles (43% faster)
 476	40CE					;
 477	40CE					; Notes:
 478	40CE					;   - Preserves all registers including AF
 479	40CE					;   - VDP write sequence is atomic against ISR VRAM writes
 480	40CE					; ==================================================================
 481	40CE					FAST_WRTVRM:
 482	40CE					    ; Preserve caller-visible state and previous IRQ status.
 483	40CE	C5				    push bc
 484	40CF	4F				    ld c, a                ; C = input data byte
 485	40D0	F5				    push af                ; Save caller AF
 486	40D1	ED	57			    ld a, i
 487	40D3	F5				    push af                ; Save previous IFF2 in P/V
 488	40D4	F3				    di
 489	40D5	7D				    ld a, l
 490	40D6	D3	99			    out (#99), a           ; Address low (11 cycles)
 491	40D8	7C				    ld a, h
 492	40D9	F6	40			    or #40                 ; Write mode (7 cycles)
 493	40DB	D3	99			    out (#99), a           ; Address high + command (11 cycles)
 494	40DD	79				    ld a, c
 495	40DE	D3	98			    out (#98), a           ; Write to VRAM (11 cycles)
 496	40E0					
 497	40E0					    ; Restore previous IRQ state.
 498	40E0	F1				    pop af
 499	40E1	E2	E5	40		    jp po, .fwv_no_ei      ; P/V=0 => IRQs were disabled on entry
 500	40E4	FB				    ei
 501	40E5					.fwv_no_ei:
 502	40E5	F1				    pop af                 ; Restore caller AF
 503	40E6	C1				    pop bc
 504	40E7	C9				    ret
 505	40E8					
 506	40E8					
 507	40E8					; ==================================================================
 508	40E8					; FAST_RDVRM - Read Single Byte from VRAM
 509	40E8					; ==================================================================
 510	40E8					; Register Contract:
 511	40E8					;   Purpose: Read one byte from VRAM data port.
 512	40E8					;   Inputs:
 513	40E8					;     - HL = VRAM source address
 514	40E8					;   Outputs:
 515	40E8					;     - A = byte read from VRAM
 516	40E8					;   Clobbers:
 517	40E8					;     - AF
 518	40E8					;   Preserved:
 519	40E8					;     - BC
 520	40E8					;     - DE
 521	40E8					;     - HL
 522	40E8					;   Register roles:
 523	40E8					;     - A = VDP addressing command then read result
 524	40E8					;     - HL = address source only (unchanged)
 525	40E8					;   Notes:
 526	40E8					;     - Callers relying on flags must account for AF clobber.
 527	40E8					
 528	40E8					; Replaces BIOS RDVRM
 529	40E8					;
 530	40E8					; Input:
 531	40E8					;   HL = VRAM source address
 532	40E8					;
 533	40E8					; Output:
 534	40E8					;   A = Byte read from VRAM
 535	40E8					;
 536	40E8					; Destroys:
 537	40E8					;   AF
 538	40E8					;
 539	40E8					; Performance:
 540	40E8					;   ~35 cycles vs BIOS ~65 cycles (46% faster)
 541	40E8					;
 542	40E8					; Notes:
 543	40E8					;   - Useful for collision detection, tile reading
 544	40E8					;   - VDP requires small delay after address set before read
 545	40E8					; ==================================================================
 546	40E8					FAST_RDVRM:
 547	40E8	7D				    ld a, l
 548	40E9	D3	99			    out (#99), a           ; Address low
 549	40EB	7C				    ld a, h
 550	40EC	E6	3F			    and #3F                ; Clear bit 6 for read mode (bit 7 must be 0)
 551	40EE	D3	99			    out (#99), a           ; Address high + read command
 552	40F0	00				    nop                    ; VDP needs time to process address before read
 553	40F1	DB	98			    in a, (#98)            ; Read from VRAM data port
 554	40F3	C9				    ret
 555	40F4					
 556	40F4					
 557	40F4					; ==================================================================
 558	40F4					; FAST_WRTVDP - Write VDP Register
 559	40F4					; ==================================================================
 560	40F4					; Register Contract:
 561	40F4					;   Purpose: Write one VDP register value (value first, then register index).
 562	40F4					;   Inputs:
 563	40F4					;     - B = register value
 564	40F4					;     - C = register number
 565	40F4					;   Outputs:
 566	40F4					;     - None
 567	40F4					;   Clobbers:
 568	40F4					;     - AF
 569	40F4					;   Preserved:
 570	40F4					;     - BC
 571	40F4					;     - DE
 572	40F4					;     - HL
 573	40F4					;   Register roles:
 574	40F4					;     - A = output staging register for both OUT operations
 575	40F4					;     - B/C = preserved input pair for value and register id
 576	40F4					;   Notes:
 577	40F4					;     - Order of writes is mandatory for VDP register writes.
 578	40F4					
 579	40F4					; Replaces BIOS WRTVDP
 580	40F4					;
 581	40F4					; Input:
 582	40F4					;   B = Register value
 583	40F4					;   C = Register number (0-7 for MSX1, 0-23 for MSX2, 0-46 for MSX2+)
 584	40F4					;
 585	40F4					; Output:
 586	40F4					;   None
 587	40F4					;
 588	40F4					; Destroys:
 589	40F4					;   AF
 590	40F4					;
 591	40F4					; Performance:
 592	40F4					;   ~25 cycles vs BIOS ~55 cycles (55% faster)
 593	40F4					;
 594	40F4					; Notes:
 595	40F4					;   - Used for mode changes, colors, scroll, etc.
 596	40F4					;   - Register write order matters: value first, then register number
 597	40F4					; ==================================================================
 598	40F4					FAST_WRTVDP:
 599	40F4	78				    ld a, b                ; Get register value (4 cycles)
 600	40F5	D3	99			    out (#99), a           ; Write value first (11 cycles)
 601	40F7	79				    ld a, c                ; Get register number (4 cycles)
 602	40F8	F6	80			    or #80                 ; Set bit 7 for register write (7 cycles)
 603	40FA	D3	99			    out (#99), a           ; Write register select (11 cycles)
 604	40FC	C9				    ret                    ; (10 cycles)
 605	40FD					                           ; Total: ~25 cycles
 606	40FD					
 607	40FD					
 608	40FD					; ==================================================================
 609	40FD					; FAST_GTSTCK - Read Joystick Direction
 610	40FD					; ==================================================================
 611	40FD					; Register Contract:
 612	40FD					;   Purpose: Read joystick direction and map PSG bits to MSX GTSTCK direction code.
 613	40FD					;   Inputs:
 614	40FD					;     - A = joystick port (0 or 1)
 615	40FD					;   Outputs:
 616	40FD					;     - A = direction code (0-8)
 617	40FD					;   Clobbers:
 618	40FD					;     - AF
 619	40FD					;     - HL
 620	40FD					;   Preserved:
 621	40FD					;     - BC
 622	40FD					;     - DE
 623	40FD					;   Register roles:
 624	40FD					;     - A = PSG register selection, raw read, and final direction code
 625	40FD					;     - HL = lookup table pointer into joystick_direction_table
 626	40FD					;   Notes:
 627	40FD					;     - Bits are active-low; routine inverts and masks input nibble.
 628	40FD					
 629	40FD					; Replaces BIOS GTSTCK (which is notoriously slow)
 630	40FD					;
 631	40FD					; Input:
 632	40FD					;   A = Joystick port (0 = port 1, 1 = port 2)
 633	40FD					;
 634	40FD					; Output:
 635	40FD					;   A = Direction code (0-8)
 636	40FD					;       0 = Center (no direction)
 637	40FD					;       1 = Up
 638	40FD					;       2 = Up + Right
 639	40FD					;       3 = Right
 640	40FD					;       4 = Down + Right
 641	40FD					;       5 = Down
 642	40FD					;       6 = Down + Left
 643	40FD					;       7 = Left
 644	40FD					;       8 = Up + Left
 645	40FD					;
 646	40FD					; Destroys:
 647	40FD					;   AF, HL
 648	40FD					;
 649	40FD					; Performance:
 650	40FD					;   ~50 cycles vs BIOS ~120+ cycles (58% faster)
 651	40FD					;
 652	40FD					; Notes:
 653	40FD					;   - Reads from PSG register 14 (port 1) or 15 (port 2)
 654	40FD					;   - Joystick bits are active-low (inverted)
 655	40FD					;   - Uses lookup table for direction decoding
 656	40FD					; ==================================================================
 657	40FD					FAST_GTSTCK:
 658	40FD					    ; Calculate PSG register: 14 (port 1) or 15 (port 2)
 659	40FD	0F				    rrca                   ; A = A / 2 (joystick port becomes 0 or 8)
 660	40FE	E6	0F			    and #0F                ; Mask to valid range
 661	4100	F6	0E			    or #0E                 ; Add 14 (base register for joystick)
 662	4102					
 663	4102					    ; Make PSG select+read atomic so VBlank music writes cannot
 664	4102					    ; corrupt the selected register mid-access.
 665	4102	F3				    di
 666	4103	D3	A0			    out (#A0), a           ; Write register number to PSG address port
 667	4105	DB	A2			    in a, (#A2)            ; Read value from PSG data port
 668	4107	FB				    ei
 669	4108					
 670	4108					    ; Process joystick data
 671	4108	2F				    cpl                    ; Invert bits (joystick is active-low)
 672	4109	E6	0F			    and #0F                ; Mask to 4 direction bits (Up, Down, Left, Right)
 673	410B					
 674	410B					    ; Lookup direction code from table
 675	410B	21	15	41		    ld hl, joystick_direction_table
 676	410E	85				    add a, l               ; Add offset to table base
 677	410F	6F				    ld l, a
 678	4110	8C				    adc a, h               ; Handle carry if table crosses page boundary
 679	4111	95				    sub l
 680	4112	67				    ld h, a
 681	4113	7E				    ld a, (hl)             ; Get direction code (0-8)
 682	4114	C9				    ret
 683	4115					
 684	4115					; Direction lookup table (16 entries for all 4-bit combinations)
 685	4115					; MSX PSG register 14 joystick bit order:
 686	4115					;   Bit 0 = Up    (0001)
 687	4115					;   Bit 1 = Down  (0010)
 688	4115					;   Bit 2 = Left  (0100)
 689	4115					;   Bit 3 = Right (1000)
 690	4115					; Value: GTSTCK-compatible direction code (0-8)
 691	4115					joystick_direction_table:
 692	4115	00				    db 0  ; 0000 = Center
 693	4116	01				    db 1  ; 0001 = Up
 694	4117	05				    db 5  ; 0010 = Down
 695	4118	00				    db 0  ; 0011 = Up+Down (invalid)
 696	4119	07				    db 7  ; 0100 = Left
 697	411A	08				    db 8  ; 0101 = Up+Left
 698	411B	06				    db 6  ; 0110 = Down+Left
 699	411C	00				    db 0  ; 0111 = Invalid
 700	411D	03				    db 3  ; 1000 = Right
 701	411E	02				    db 2  ; 1001 = Up+Right
 702	411F	04				    db 4  ; 1010 = Down+Right
 703	4120	00				    db 0  ; 1011 = Invalid
 704	4121	00				    db 0  ; 1100 = Left+Right (invalid)
 705	4122	00				    db 0  ; 1101 = Invalid
 706	4123	00				    db 0  ; 1110 = Invalid
 707	4124	00				    db 0  ; 1111 = All directions (invalid)
 708	4125					
 709	4125					
 710	4125					; ==================================================================
 711	4125					; FAST_GTTRIG - Read Joystick Trigger
 712	4125					; ==================================================================
 713	4125					; Register Contract:
 714	4125					;   Purpose: Read joystick trigger bit directly from PSG register.
 715	4125					;   Inputs:
 716	4125					;     - A = joystick port (0 or 1)
 717	4125					;   Outputs:
 718	4125					;     - A = #FF if pressed, #00 if released
 719	4125					;   Clobbers:
 720	4125					;     - AF
 721	4125					;   Preserved:
 722	4125					;     - BC
 723	4125					;     - DE
 724	4125					;     - HL
 725	4125					;   Register roles:
 726	4125					;     - A = register select, raw PSG read, and normalized return value
 727	4125					;   Notes:
 728	4125					;     - Trigger is active-low in PSG bit 4.
 729	4125					
 730	4125					; Direct hardware replacement for BIOS GTTRIG
 731	4125					;
 732	4125					; Input:
 733	4125					;   A = Joystick port (0 = port 1, 1 = port 2)
 734	4125					;
 735	4125					; Output:
 736	4125					;   A = #FF if pressed, 0 if released
 737	4125					;
 738	4125					; Destroys:
 739	4125					;   AF
 740	4125					;
 741	4125					; Notes:
 742	4125					;   - Reads PSG register 14/15 directly
 743	4125					;   - Trigger bit is active-low
 744	4125					; ==================================================================
 745	4125					FAST_GTTRIG:
 746	4125					    ; Calculate PSG register: 14 (port 1) or 15 (port 2)
 747	4125	0F				    rrca
 748	4126	E6	0F			    and #0F
 749	4128	F6	0E			    or #0E
 750	412A					
 751	412A					    ; Make PSG select+read atomic so VBlank music writes cannot
 752	412A					    ; corrupt the selected register mid-access.
 753	412A	F3				    di
 754	412B	D3	A0			    out (#A0), a
 755	412D	DB	A2			    in a, (#A2)
 756	412F	FB				    ei
 757	4130					
 758	4130					    ; Trigger bit (bit 4): 0 when pressed, 1 when released
 759	4130	E6	10			    and #10
 760	4132	3E	00			    ld a, #00
 761	4134	C0				    ret nz
 762	4135	3E	FF			    ld a, #FF
 763	4137	C9				    ret
 764	4138					
 765	4138					
 766	4138					; ==================================================================
 767	4138					; FAST_SNSMAT - Sense Keyboard Matrix Row
 768	4138					; ==================================================================
 769	4138					; Register Contract:
 770	4138					;   Purpose: Select keyboard matrix row via PPI and return row state.
 771	4138					;   Inputs:
 772	4138					;     - A = matrix row (0-11)
 773	4138					;   Outputs:
 774	4138					;     - A = row bits (active-low)
 775	4138					;   Clobbers:
 776	4138					;     - AF
 777	4138					;     - C
 778	4138					;   Preserved:
 779	4138					;     - B
 780	4138					;     - DE
 781	4138					;     - HL
 782	4138					;   Register roles:
 783	4138					;     - A = row selector composition and final row read
 784	4138					;     - C = cached low nibble used to build PPI port C output
 785	4138					;   Notes:
 786	4138					;     - Upper nibble of current PPI port C is preserved.
 787	4138					
 788	4138					; Direct hardware replacement for BIOS SNSMAT
 789	4138					;
 790	4138					; Input:
 791	4138					;   A = row (0-11)
 792	4138					;
 793	4138					; Output:
 794	4138					;   A = row bits (active-low, 0=pressed)
 795	4138					;
 796	4138					; Destroys:
 797	4138					;   AF, C
 798	4138					; ==================================================================
 799	4138					FAST_SNSMAT:
 800	4138	E6	0F			    and #0F                 ; Keep valid row bits
 801	413A	4F				    ld c, a
 802	413B	DB	AA			    in a, (#AA)             ; Read current PPI port C
 803	413D	E6	F0			    and #F0                 ; Preserve upper nibble
 804	413F	B1				    or c                    ; Set keyboard row in lower nibble
 805	4140	D3	AA			    out (#AA), a            ; Select row
 806	4142	DB	A9			    in a, (#A9)             ; Read keyboard matrix row
 807	4144	C9				    ret
 808	4145					
 809	4145					
 810	4145					; ==================================================================
 811	4145					; END OF DIRECT HARDWARE ROUTINES
 812	4145					; ==================================================================
 813	4145					
 814	4145					
 815	4145					; ==================================================================
 816	4145					; MSX SYSTEM CONSTANTS
 817	4145					; File: constants.asm
 818	4145					; Description: MSX hardware constants and project-specific definitions
 819	4145					; ==================================================================
 820	4145					
 821	4145					; ==================================================================
 822	4145					; VRAM LAYOUT - SCREEN 2 MODE
 823	4145					; ==================================================================
 824	4145					
 825	4145					; Pattern Generator Table (PGT) - 3 Banks
 826	4145					CHRTBL  EQU #0000        ; Pattern table base address (alias)
 827	4145					CHRTBL2 EQU #0000        ; Pattern table base address (Bank 0)
 828	4145					; Bank 1: CHRTBL2 + #800   (#0800)
 829	4145					; Bank 2: CHRTBL2 + #1000  (#1000)
 830	4145					
 831	4145					; Color Attribute Table (CAT) - 3 Banks
 832	4145					CLRTBL  EQU #2000        ; Color table base address (alias)
 833	4145					CLRTBL2 EQU #2000        ; Color table base address (Bank 0)
 834	4145					; Bank 1: CLRTBL2 + #800   (#2800)
 835	4145					; Bank 2: CLRTBL2 + #1000  (#3000)
 836	4145					
 837	4145					; Other VRAM Areas
 838	4145					NAMETBL EQU #1800        ; Name table base address
 839	4145					SPRATR  EQU #1B00        ; Sprite attribute table
 840	4145					SPRPAT  EQU #3800        ; Sprite pattern table
 841	4145					
 842	4145					; ==================================================================
 843	4145					; SCREEN MODES
 844	4145					; ==================================================================
 845	4145					SCREEN0     EQU 0        ; 40x24 text
 846	4145					SCREEN1     EQU 1        ; 32x24 text/graphics
 847	4145					SCREEN2     EQU 2        ; 256x192 graphics
 848	4145					SCREEN3     EQU 3        ; 64x48 multicolor
 849	4145					
 850	4145					; ==================================================================
 851	4145					; SCREEN DIMENSIONS (DYNAMIC BASED ON PROJECT TILES)
 852	4145					; ==================================================================
 853	4145					
 854	4145					; No tiles detected - using MSX default character size
 855	4145					TILE_WIDTH      EQU 8    ; Default: 8x8 pixels per MSX character
 856	4145					TILE_HEIGHT     EQU 8    ; Default: 8x8 pixels per MSX character
 857	4145					SCREEN_TILES_X  EQU 32   ; Horizontal tiles (Screen 1/2)
 858	4145					SCREEN_TILES_Y  EQU 24   ; Vertical tiles
 859	4145					MSX_CHARS_PER_TILE_X EQU 1   ; 1 MSX character per tile
 860	4145					MSX_CHARS_PER_TILE_Y EQU 1   ; 1 MSX character per tile
 861	4145					
 862	4145					
 863	4145					
 864	4145					; ==================================================================
 865	4145					; MSX COLORS
 866	4145					; ==================================================================
 867	4145					TRANSPARENT EQU 0
 868	4145					BLACK       EQU 1
 869	4145					MEDIUM_GREEN EQU 2
 870	4145					LIGHT_GREEN EQU 3
 871	4145					DARK_BLUE   EQU 4
 872	4145					LIGHT_BLUE  EQU 5
 873	4145					DARK_RED    EQU 6
 874	4145					CYAN        EQU 7
 875	4145					MEDIUM_RED  EQU 8
 876	4145					LIGHT_RED   EQU 9
 877	4145					DARK_YELLOW EQU 10
 878	4145					LIGHT_YELLOW EQU 11
 879	4145					DARK_GREEN  EQU 12
 880	4145					MAGENTA     EQU 13
 881	4145					GRAY        EQU 14
 882	4145					WHITE       EQU 15
 883	4145					
 884	4145					; ==================================================================
 885	4145					; INPUT CONSTANTS
 886	4145					; ==================================================================
 887	4145					
 888	4145					; Joystick Directions
 889	4145					STICK_UP    EQU 1
 890	4145					STICK_UPRIGHT EQU 2
 891	4145					STICK_RIGHT EQU 3
 892	4145					STICK_DOWNRIGHT EQU 4
 893	4145					STICK_DOWN  EQU 5
 894	4145					STICK_DOWNLEFT EQU 6
 895	4145					STICK_LEFT  EQU 7
 896	4145					STICK_UPLEFT EQU 8
 897	4145					STICK_CENTER EQU 0
 898	4145					
 899	4145					; Trigger Constants
 900	4145					TRIG_A      EQU #10      ; Trigger A (Fire)
 901	4145					TRIG_B      EQU #20      ; Trigger B (MSX2+)
 902	4145					
 903	4145					; Input Button Bitmask
 904	4145					INPUT_BTN_FIRE EQU #01   ; Fire/Space button bit in input_btn_curr/input_btn_prev
 905	4145					
 906	4145					; Direction flags shared by input/state machine helpers
 907	4145					DIR_ALLOW_UP     EQU #01 ; Bit 0: Allow UP movement
 908	4145					DIR_ALLOW_DOWN   EQU #02 ; Bit 1: Allow DOWN movement
 909	4145					DIR_ALLOW_LEFT   EQU #04 ; Bit 2: Allow LEFT movement
 910	4145					DIR_ALLOW_RIGHT  EQU #08 ; Bit 3: Allow RIGHT movement
 911	4145					
 912	4145					; ==================================================================
 913	4145					; TILE BEHAVIOR CONSTANTS (for collision detection)
 914	4145					; ==================================================================
 915	4145					
 916	4145					; Tile Behavior Types (bitmask)
 917	4145					TILE_PASSABLE       EQU #00    ; No collision (air, background)
 918	4145					TILE_SOLID          EQU #01    ; Solid wall/floor (blocks all movement)
 919	4145					TILE_PLATFORM       EQU #02    ; One-way platform (solid from above only)
 920	4145					TILE_LADDER         EQU #04    ; Climbable (allows vertical movement)
 921	4145					TILE_DEADLY         EQU #08    ; Damages/kills on contact (spikes, lava)
 922	4145					TILE_WATER          EQU #10    ; Water (slows movement, swim logic)
 923	4145					TILE_ICE            EQU #20    ; Slippery surface (reduced friction)
 924	4145					TILE_BREAKABLE      EQU #40    ; Can be destroyed by player
 925	4145					TILE_TRIGGER        EQU #80    ; Activates events on contact
 926	4145					
 927	4145					; Collision Directions (for platform logic)
 928	4145					COLL_FROM_ABOVE     EQU #01    ; Entity approaching from above
 929	4145					COLL_FROM_BELOW     EQU #02    ; Entity approaching from below
 930	4145					COLL_FROM_LEFT      EQU #04    ; Entity approaching from left
 931	4145					COLL_FROM_RIGHT     EQU #08    ; Entity approaching from right
 932	4145					
 933	4145					; Entity Collision Layer Presets (entity_collision_layer / entity_collides_with)
 934	4145					COLLISION_LAYER_PLAYER      EQU #01
 935	4145					COLLISION_LAYER_ENEMY       EQU #02
 936	4145					COLLISION_LAYER_PROJECTILE  EQU #04
 937	4145					COLLISION_LAYER_PLATFORM    EQU #08
 938	4145					COLLISION_LAYER_ITEM        EQU #10
 939	4145					
 940	4145					; Entity-Entity Collision Event Flags (entity_entity_collision_flags)
 941	4145					COLLISION_EVENT_ENTITY      EQU #01
 942	4145					COLLISION_EVENT_ENEMY       EQU #02
 943	4145					COLLISION_EVENT_ITEM        EQU #04
 944	4145					
 945	4145					; ==================================================================
 946	4145					; MIDEAS GLOBAL VARIABLES - CONSTANTS FOR VALUES
 947	4145					; ==================================================================
 948	4145					
 949	4145					; Goal Variable Values (default)
 950	4145					GOAL_FAILURE            EQU 0    ; Goal = "Failure"
 951	4145					GOAL_COMPLETED          EQU 1    ; Goal = "Completed"
 952	4145					
 953	4145					
 954	4145					; ==================================================================
 955	4145					; GAME FLOW STATES (PROJECT-SPECIFIC)
 956	4145					; ==================================================================
 957	4145					
 958	4145					; Basic Game Flow States (always available)
 959	4145					FLOW_STATE_MAIN_MENU    EQU 0
 960	4145					FLOW_STATE_GAME         EQU 1
 961	4145					FLOW_STATE_PAUSE        EQU 2
 962	4145					FLOW_STATE_GAME_OVER    EQU 3
 963	4145					FLOW_STATE_CREDITS      EQU 4
 964	4145					
 965	4145					; GameFlow Node Types
 966	4145					NODE_TYPE_START         EQU 0    ; Start node (initial entry point)
 967	4145					NODE_TYPE_WORLDLINK     EQU 1    ; World link node (loads world map)
 968	4145					NODE_TYPE_WORLD_LINK    EQU 1    ; Alias with underscore (for compatibility)
 969	4145					NODE_TYPE_SCREEN        EQU 2    ; Screen node (loads specific screen)
 970	4145					NODE_TYPE_MENU          EQU 3    ; Menu node (shows menu interface)
 971	4145					NODE_TYPE_SUBMENU       EQU 3    ; Alias for menu node
 972	4145					NODE_TYPE_SUB_MENU      EQU 3    ; Alias with underscore (for compatibility)
 973	4145					NODE_TYPE_TEXT          EQU 4    ; Text node (displays text)
 974	4145					NODE_TYPE_TRANSITION    EQU 5    ; Transition node
 975	4145					NODE_TYPE_RESTART       EQU 6    ; Restart node (restart game/level)
 976	4145					NODE_TYPE_END           EQU 7    ; End node (game over, victory, credits)
 977	4145					NODE_TYPE_IF_THEN_ELSE  EQU 8    ; IfThenElse node (conditional branch)
 978	4145					NODE_TYPE_GLOBALS       EQU 9    ; Globals node (global variable ops)
 979	4145					NODE_TYPE_WAYPOINT      EQU 10   ; Waypoint node (routing marker)
 980	4145					NODE_TYPE_GROUP         EQU 11   ; Group node (nested flow)
 981	4145					NODE_TYPE_MUSIC         EQU 12   ; Music node (audio command)
 982	4145					NODE_TYPE_UNKNOWN       EQU 255  ; Unknown/unsupported node type
 983	4145					
 984	4145					; Additional Game Flow States detected in project
 985	4145					; (Custom states would be added here if needed)
 986	4145					
 987	4145					
 988	4145					; ==================================================================
 989	4145					; PROJECT-SPECIFIC CONSTANTS
 990	4145					; ==================================================================
 991	4145					
 992	4145					; Detected Assets
 993	4145					TOTAL_SPRITES           EQU 0
 994	4145					TOTAL_TILES             EQU 0
 995	4145					TOTAL_SCREENS           EQU 0
 996	4145					
 997	4145					; ==================================================================
 998	4145					; END OF CONSTANTS
 999	4145					; ==================================================================
 1000	4145					
 1001	4145					
 1002	4145					; ==================================================================
 1003	4145					; RAM VARIABLES DEFINITIONS
 1004	4145					; File: variables.asm
 1005	4145					; Description: Dynamic variable allocation using EQU addresses
 1006	4145					; Generated based on project analysis
 1007	4145					; ==================================================================
 1008	4145					
 1009	4145					; ==================================================================
 1010	4145					; CORE SYSTEM VARIABLES (ALWAYS PRESENT)
 1011	4145					; ==================================================================
 1012	4145					input_state         EQU #C000   ; Current direction state (0-8)
 1013	4145					prev_input_state    EQU #C001   ; Previous direction state (0-8)
 1014	4145					input_btn_curr      EQU #C002   ; Current input buttons bitmask (bit0=fire)
 1015	4145					input_btn_prev      EQU #C003   ; Previous input buttons bitmask (bit0=fire)
 1016	4145					input_fire          EQU #C004   ; Fire button state (0=released, 1=pressed)
 1017	4145					current_flow_state  EQU #C005   ; Current game flow state
 1018	4145					prev_flow_state     EQU #C006   ; Previous game flow state
 1019	4145					gameflow_exit_requested EQU #C007   ; Exit flag for WorldLink loop
 1020	4145					gameflow_menu_selection EQU #C008   ; Current/last submenu selection
 1021	4145					gameflow_submenu_data_ptr EQU #C009   ; Pointer to active submenu data (16-bit)
 1022	4145					gameflow_submenu_option_count EQU #C00B   ; Cached submenu option count
 1023	4145					gameflow_submenu_cursor_enabled EQU #C00C   ; 1 when submenu uses sprite cursor
 1024	4145					gameflow_submenu_cursor_layer_count EQU #C00D   ; Cursor sprite layer count (1..4)
 1025	4145					gameflow_condition_result EQU #C00E   ; Result of last condition evaluation
 1026	4145					transition_delay_var    EQU #C00F   ; Frames per step for active transition effect
 1027	4145					
 1028	4145					; ==================================================================
 1029	4145					; MIDEAS GLOBAL VARIABLES (DEFAULTS + CUSTOM)
 1030	4145					; ==================================================================
 1031	4145					global_var_goal     EQU #C010   ; Goal status (0=Failure, 1=Completed)
 1032	4145					
 1033	4145					; ==================================================================
 1034	4145					; SYSTEM VARIABLES
 1035	4145					; ==================================================================
 1036	4145					ROM_slot            EQU #C011   ; ROM slot number (for SETPAGES32K)
 1037	4145					mapper_bank_p1_current EQU #C012   ; Mapper current bank for page/window 1
 1038	4145					mapper_bank_p2_current EQU #C013   ; Mapper current bank for page/window 2
 1039	4145					mapper_bank_p3_current EQU #C014   ; Mapper current bank for page/window 3
 1040	4145					mapper_bank_p4_current EQU #C015   ; Mapper current bank for page/window 4
 1041	4145					mapper_saved_bank    EQU #C016   ; Saved mapper bank for push/pop helpers
 1042	4145					mapper_saved_bank_p1 EQU #C017   ; Saved mapper bank for page/window 1 helpers
 1043	4145					mapper_saved_bank_p3 EQU #C018   ; Saved mapper bank for page/window 3 helpers
 1044	4145					mapper_saved_bank_p4 EQU #C019   ; Saved mapper bank for page/window 4 helpers
 1045	4145					frame_counter       EQU #C01A   ; Frame counter (16-bit)
 1046	4145					
 1047	4145					; ==================================================================
 1048	4145					; SCREEN MAP POINTERS (Current active screen)
 1049	4145					; ==================================================================
 1050	4145					current_screen_layout   EQU #C01C   ; Pointer to current screen layout data (16-bit)
 1051	4145					current_screen_layout_bank EQU #C01E   ; Mapper bank for current screen layout data
 1052	4145					current_behavior_map    EQU #C01F   ; Pointer to current behavior map data (16-bit)
 1053	4145					current_behavior_map_bank EQU #C021   ; Mapper bank for current behavior map data
 1054	4145					behavior_cache_row     EQU #C022   ; Cached behavior row (255=invalid)
 1055	4145					behavior_cache_map_l   EQU #C023   ; Cached behavior map pointer low byte
 1056	4145					behavior_cache_map_h   EQU #C024   ; Cached behavior map pointer high byte
 1057	4145					behavior_cache_row_base EQU #C025   ; Cached row base address in behavior map (16-bit)
 1058	4145					RUNTIME_SCREEN_MAP_SIZE EQU 768
 1059	4145					runtime_screen_layout  EQU #C027   ; Mutable copy of current screen layout (32x24)
 1060	4145					runtime_behavior_map   EQU #C327   ; Mutable copy of current behavior map (32x24)
 1061	4145					
 1062	4145					; ==================================================================
 1063	4145					; VIEWPORT/CAMERA VARIABLES (for scroll system)
 1064	4145					; ==================================================================
 1065	4145					camera_x            EQU #C627   ; Camera X position in pixels (16-bit)
 1066	4145					camera_y            EQU #C629   ; Camera Y position in pixels (16-bit)
 1067	4145					camera_tile_x       EQU #C62B   ; Camera tile X (column)
 1068	4145					camera_tile_y       EQU #C62C   ; Camera tile Y (row)
 1069	4145					world_width_tiles   EQU #C62D   ; World width in tiles
 1070	4145					world_height_tiles  EQU #C62E   ; World height in tiles
 1071	4145					scroll_dirty_flag   EQU #C62F   ; 1=viewport changed, needs redraw
 1072	4145					hud_dirty_flag      EQU #C630   ; 1=HUD needs redraw, 0=clean
 1073	4145					
 1074	4145					; ==================================================================
 1075	4145					; ANIMATED TILES VARIABLES
 1076	4145					; ==================================================================
 1077	4145					anim_tile_timer     EQU #C631   ; Animation frame timer
 1078	4145					anim_tile_frame     EQU #C632   ; Current animation frame (0-3)
 1079	4145					anim_tile_speed     EQU #C633   ; Frames between animation updates
 1080	4145					anim_tile_transform_flags EQU #C634   ; Runtime flags for transform-mode tile animation (byte0=flags, byte1=opcode scratch)
 1081	4145					anim_tile_row_buffer EQU #C636   ; Temp buffer (8 bytes) for row transforms
 1082	4145					
 1083	4145					; ==================================================================
 1084	4145					; PARTICLE SYSTEM VARIABLES
 1085	4145					; ==================================================================
 1086	4145					particle_pool       EQU #C63E   ; Particle pool (8 particles * 8 bytes = 64 bytes)
 1087	4145					
 1088	4145					; ==================================================================
 1089	4145					; ENTITY SYSTEM VARIABLES (Fixed 32 entities)
 1090	4145					; ==================================================================
 1091	4145					MAX_ENTITIES        EQU 32
 1092	4145					entity_active       EQU #C67E   ; Entity active flags (32 bytes, 0=inactive, 1=active)
 1093	4145					entity_x_pos        EQU #C69E   ; Entity X positions (32 bytes)
 1094	4145					entity_y_pos        EQU #C6BE   ; Entity Y positions (32 bytes)
 1095	4145					entity_vel_x        EQU #C6DE   ; Entity X velocity (32 bytes)
 1096	4145					entity_vel_y        EQU #C6FE   ; Entity Y velocity (32 bytes)
 1097	4145					entity_comp_masks   EQU #C71E   ; Entity component masks (32 bytes)
 1098	4145					entity_comp_masks_hi EQU #C73E   ; Entity component masks high byte (32 bytes)
 1099	4145					entity_screen_id    EQU #C75E   ; Entity screen ID (32 bytes)
 1100	4145					entity_job_period   EQU #C77E   ; Entity job period in frames (32 bytes, 1=100%,2=50%,3=33%,4=25%)
 1101	4145					entity_job_entry    EQU #C79E   ; Entity job entry slot within period window (32 bytes)
 1102	4145					entity_dir_mask     EQU #C7BE   ; Entity direction mask (32 bytes)
 1103	4145					entity_input_speed  EQU #C7DE   ; Entity input/cursor speed (32 bytes)
 1104	4145					entity_health       EQU #C7FE   ; Entity health (32 bytes)
 1105	4145					entity_anim_frame   EQU #C81E   ; Entity animation frame (32 bytes)
 1106	4145					entity_anim_tick    EQU #C83E   ; Entity animation tick counter (32 bytes)
 1107	4145					entity_anim_speed   EQU #C85E   ; Entity animation speed (ticks per frame) (32 bytes)
 1108	4145					entity_anim_flags   EQU #C87E   ; Entity animation flags (32 bytes)
 1109	4145					entity_sm_ptr_l     EQU #C89E   ; Entity State Pointer Low (32 bytes)
 1110	4145					entity_sm_ptr_h     EQU #C8BE   ; Entity State Pointer High (32 bytes)
 1111	4145					entity_sm_timer_l   EQU #C8DE   ; Entity State Timer Low (32 bytes)
 1112	4145					entity_sm_timer_h   EQU #C8FE   ; Entity State Timer High (32 bytes)
 1113	4145					entity_sm_wait_timer EQU #C91E   ; Entity State Wait Timer (32 bytes)
 1114	4145					entity_lifetime     EQU #C93E   ; Entity lifetime for auto-destroy (32 bytes, 0=infinite)
 1115	4145					entity_carried_by   EQU #C95E   ; Entity carrier ID (32 bytes, 255=not carried)
 1116	4145					entity_template_token EQU #C97E   ; Entity template token (32 bytes, 0=unknown)
 1117	4145					entity_facing_dir   EQU #C99E   ; Last facing direction (32 bytes, 0=none,1=left,2=right,3=up,4=down)
 1118	4145					entity_sm_var_0     EQU #C9BE   ; Entity Variable 0 (32 bytes)
 1119	4145					entity_sm_var_1     EQU #C9DE   ; Entity Variable 1 (32 bytes)
 1120	4145					entity_sm_var_2     EQU #C9FE   ; Entity Variable 2 (32 bytes)
 1121	4145					entity_sm_var_3     EQU #CA1E   ; Entity Variable 3 (32 bytes)
 1122	4145					entity_sm_var_4     EQU #CA3E   ; Entity Variable 4 (32 bytes)
 1123	4145					entity_sm_var_5     EQU #CA5E   ; Entity Variable 5 (32 bytes)
 1124	4145					entity_sm_var_6     EQU #CA7E   ; Entity Variable 6 (32 bytes)
 1125	4145					entity_sm_var_7     EQU #CA9E   ; Entity Variable 7 (32 bytes)
 1126	4145					
 1127	4145					; ==================================================================
 1128	4145					; SPRITE SYSTEM VARIABLES
 1129	4145					; ==================================================================
 1130	4145					entity_sprite_asset_index EQU #CABE   ; Entity sprite asset index - RAM copy (32 bytes)
 1131	4145					active_sprite_count EQU #CADE   ; Number of sprites currently active
 1132	4145					sprites_dirty      EQU #CADF   ; 1=sprite_attributes changed, needs VRAM sync
 1133	4145					sprite_pattern      EQU #CAE0   ; Sprite pattern IDs (32 bytes)
 1134	4145					sprite_color        EQU #CB00   ; Sprite colors (32 bytes)
 1135	4145					sprite_layer_colors EQU #CB20   ; HW sprite layer color cache - RAM copy (32 bytes, indexed by HW sprite index)
 1136	4145					sprite_attributes   EQU #CB40   ; Interleaved sprite attributes (32 * 4 bytes)
 1137	4145					
 1138	4145					; ==================================================================
 1139	4145					; PLAYER SYSTEM VARIABLES (player entity detected)
 1140	4145					; ==================================================================
 1141	4145					player_x            EQU #CBC0   ; Player X position (16-bit)
 1142	4145					player_y            EQU #CBC2   ; Player Y position (16-bit)
 1143	4145					player_health       EQU #CBC4   ; Player health points
 1144	4145					player_score        EQU #CBC5   ; Player score (16-bit)
 1145	4145					gem_count           EQU #CBC7   ; Collectible tile counter (8-bit)
 1146	4145					last_gem_char       EQU #CBC8   ; Char code of last collected gem tile (for SM VARIABLE_COMPARE)
 1147	4145					
 1148	4145					; Persistent collectibles list (survives screen re-entry)
 1149	4145					MAX_COLLECTIBLES     EQU 64              ; Max persistent collectible records
 1150	4145					collected_count      EQU #CBC9   ; Number of collected tiles recorded (8-bit)
 1151	4145					collected_world      EQU #CBCA   ; World IDs for each collected tile (MAX_COLLECTIBLES bytes)
 1152	4145					collected_screen     EQU #CC0A   ; Screen IDs for each collected tile (MAX_COLLECTIBLES bytes)
 1153	4145					collected_idx_l      EQU #CC4A   ; Tile name-table index low byte (MAX_COLLECTIBLES bytes)
 1154	4145					collected_idx_h      EQU #CC8A   ; Tile name-table index high byte (MAX_COLLECTIBLES bytes)
 1155	4145					
 1156	4145					; Timed bonus tile respawn slots (bonus gem regeneration)
 1157	4145					MAX_BONUS_RESPAWNS   EQU 16              ; Max timed bonus tiles waiting to respawn
 1158	4145					bonus_respawn_world  EQU #CCCA   ; World IDs for timed bonus respawns (MAX_BONUS_RESPAWNS bytes)
 1159	4145					bonus_respawn_screen EQU #CCDA   ; Screen IDs for timed bonus respawns (MAX_BONUS_RESPAWNS bytes)
 1160	4145					bonus_respawn_idx_l  EQU #CCEA   ; Tile index low byte for timed respawns (MAX_BONUS_RESPAWNS bytes)
 1161	4145					bonus_respawn_idx_h  EQU #CCFA   ; Tile index high byte for timed respawns (MAX_BONUS_RESPAWNS bytes)
 1162	4145					bonus_respawn_secs   EQU #CD0A   ; Remaining seconds per timed respawn slot (MAX_BONUS_RESPAWNS bytes)
 1163	4145					bonus_respawn_frames EQU #CD1A   ; Frame countdown (60..1) per timed respawn slot (MAX_BONUS_RESPAWNS bytes)
 1164	4145					
 1165	4145					; ==================================================================
 1166	4145					; AUXILIARY VARIABLES 
 1167	4145					; ==================================================================
 1168	4145					deterministic        EQU #CD2A   ; Deterministic mode flag
 1169	4145					
 1170	4145					; ==================================================================
 1171	4145					; TEMPORARY VARIABLES (ALWAYS NEEDED)
 1172	4145					; ==================================================================
 1173	4145					temp_word_1         EQU #CD2B   ; Temporary 16-bit storage
 1174	4145					temp_word_2         EQU #CD2D   ; Temporary 16-bit storage
 1175	4145					temp_byte_1         EQU #CD2F   ; Temporary 8-bit storage
 1176	4145					temp_byte_2         EQU #CD30   ; Temporary 8-bit storage
 1177	4145					temp_byte_3         EQU #CD31   ; Temporary 8-bit storage (32 bytes)
 1178	4145					temp_byte_4         EQU #CD51   ; Temporary 8-bit storage (32 bytes)
 1179	4145					temp_byte_5         EQU #CD71   ; Temporary 8-bit storage (32 bytes)
 1180	4145					temp_byte_6         EQU #CD91   ; Temporary 8-bit storage (32 bytes)
 1181	4145					
 1182	4145					; ==================================================================
 1183	4145					; SOUND SYSTEM VARIABLES
 1184	4145					; ==================================================================
 1185	4145					sfx_active          EQU #CDB1   ; 0=no SFX active, 1=playing
 1186	4145					sfx_timer           EQU #CDB2   ; Frames remaining for current SFX
 1187	4145					sfx_fadeout         EQU #CDB3   ; Reserved fadeout flag/state
 1188	4145					temp_byte_7         EQU #CDB4   ; Temporary 8-bit storage (32 bytes)
 1189	4145					temp_byte_8         EQU #CDD4   ; Temporary 8-bit storage (32 bytes)
 1190	4145					temp_byte_9         EQU #CDF4   ; Temporary 8-bit storage (32 bytes)
 1191	4145					temp_byte_10        EQU #CE14   ; Temporary 8-bit storage (32 bytes)
 1192	4145					temp_byte_11        EQU #CE34   ; Temporary 8-bit storage (32 bytes)
 1193	4145					temp_byte_12        EQU #CE54   ; Temporary 8-bit storage (32 bytes)
 1194	4145					temp_byte_13        EQU #CE74   ; Temporary 8-bit storage (32 bytes)
 1195	4145					temp_byte_14        EQU #CE94   ; Temporary 8-bit storage (32 bytes)
 1196	4145					temp_byte_15        EQU #CEB4   ; Temporary 8-bit storage (32 bytes)
 1197	4145					temp_byte_16        EQU #CED4   ; Temporary 8-bit storage (32 bytes)
 1198	4145					temp_byte_17        EQU #CEF4   ; Temporary 8-bit storage (32 bytes)
 1199	4145					temp_byte_18        EQU #CF14   ; Temporary 8-bit storage (32 bytes)
 1200	4145					temp_byte_19        EQU #CF34   ; Temporary 8-bit storage (32 bytes)
 1201	4145					temp_byte_20        EQU #CF54   ; Temporary 8-bit storage (32 bytes)
 1202	4145					temp_byte_21        EQU #CF74   ; Temporary 8-bit storage (32 bytes)
 1203	4145					temp_byte_22        EQU #CF94   ; Temporary 8-bit storage (32 bytes)
 1204	4145					temp_byte_23        EQU #CFB4   ; Temporary 8-bit storage (32 bytes)
 1205	4145					temp_byte_24        EQU #CFD4   ; Temporary 8-bit storage (32 bytes)
 1206	4145					temp_byte_25        EQU #CFF4   ; Temporary 8-bit storage (32 bytes)
 1207	4145					temp_word_3         EQU #D014   ; Temporary 16-bit storage (64 bytes)
 1208	4145					temp_word_4         EQU #D054   ; Temporary 16-bit storage (64 bytes)
 1209	4145					temp_byte_26        EQU #D094   ; Temporary 8-bit storage (32 bytes)
 1210	4145					temp_byte_27        EQU #D0B4   ; Temporary 8-bit storage (32 bytes)
 1211	4145					
 1212	4145					; Wall collision temporary variables
 1213	4145					wall_temp_x         EQU #D0D4   ; Cached entity X for wall checks
 1214	4145					wall_temp_y         EQU #D0D5   ; Cached entity Y for wall checks
 1215	4145					wall_hit_left       EQU #D0D6   ; Hitbox left edge cache
 1216	4145					wall_hit_top        EQU #D0D7   ; Hitbox top edge cache
 1217	4145					wall_hit_right      EQU #D0D8   ; Hitbox right edge cache
 1218	4145					wall_hit_bottom     EQU #D0D9   ; Hitbox bottom edge cache
 1219	4145					wall_hit_w          EQU #D0DA   ; Hitbox width cache (min 1)
 1220	4145					wall_hit_h          EQU #D0DB   ; Hitbox height cache (min 1)
 1221	4145					wall_probe_left     EQU #D0DC   ; X probe near hitbox left (adaptive inset)
 1222	4145					wall_probe_right    EQU #D0DD   ; X probe near hitbox right (adaptive inset)
 1223	4145					wall_probe_top      EQU #D0DE   ; Y probe near hitbox top (adaptive inset)
 1224	4145					wall_probe_bottom   EQU #D0DF   ; Y probe near hitbox bottom (adaptive inset)
 1225	4145					
 1226	4145					; Unified update helpers
 1227	4145					active_entity_list  EQU #D0E0   ; Entity indices with non-zero component masks (MAX_ENTITIES bytes)
 1228	4145					active_entity_count EQU #D100   ; Number of entries in active_entity_list
 1229	4145					active_entity_list_dirty EQU #D101   ; 1=rebuild active_entity_list required
 1230	4145					
 1231	4145					; Entity-entity collision optimized variables
 1232	4145					coll_list           EQU #D102   ; Active collidable entity indices (MAX_ENTITIES bytes)
 1233	4145					coll_list_count     EQU #D122   ; Number of entities in coll_list
 1234	4145					coll_src_left       EQU #D123   ; Source AABB left edge (scratch)
 1235	4145					coll_src_right      EQU #D124   ; Source AABB right edge (scratch)
 1236	4145					coll_src_top        EQU #D125   ; Source AABB top edge (scratch)
 1237	4145					coll_src_bottom     EQU #D126   ; Source AABB bottom edge (scratch)
 1238	4145					
 1239	4145					; ==================================================================
 1240	4145					; INTERRUPT SYSTEM VARIABLES (dynamically allocated)
 1241	4145					; ==================================================================
 1242	4145					task_table              EQU #D127   ; Task table base (8 slots x 2 bytes = 16 bytes)
 1243	4145					task_0_ptr              EQU #D127   ; Slot 0 pointer (2 bytes)
 1244	4145					task_1_ptr              EQU #D129   ; Slot 1 pointer (2 bytes)
 1245	4145					task_2_ptr              EQU #D12B   ; Slot 2 pointer (2 bytes)
 1246	4145					task_3_ptr              EQU #D12D   ; Slot 3 pointer (2 bytes)
 1247	4145					task_4_ptr              EQU #D12F   ; Slot 4 pointer (2 bytes)
 1248	4145					task_5_ptr              EQU #D131   ; Slot 5 pointer (2 bytes)
 1249	4145					task_6_ptr              EQU #D133   ; Slot 6 pointer (2 bytes)
 1250	4145					task_7_ptr              EQU #D135   ; Slot 7 pointer (2 bytes)
 1251	4145					interrupt_system_enabled EQU #D137   ; 0=disabled, 1=enabled (1 byte)
 1252	4145					old_htimi_hook          EQU #D138   ; Original H.TIMI hook (5 bytes)
 1253	4145					interrupt_counter       EQU #D13D   ; Frame counter (16-bit)
 1254	4145					task_exec_time          EQU #D13F   ; Cycles used by tasks (16-bit, debug)
 1255	4145					vblank_flag             EQU #D141   ; Set to 1 on each VBlank (1 byte)
 1256	4145					RAM_INTERRUPT_END       EQU #D142   ; End of interrupt system
 1257	4145					
 1258	4145					; ==================================================================
 1259	4145					; STATE MACHINE SOUND RUNTIME (one active sound asset)
 1260	4145					; ==================================================================
 1261	4145					sm_sound_active       EQU #D142   ; 0=idle, 1=playing state-machine sound asset
 1262	4145					sm_sound_frames_left  EQU #D143   ; Frames left for current state-machine sound asset
 1263	4145					sm_sound_ptr_l        EQU #D144   ; Next sound frame pointer low byte
 1264	4145					sm_sound_ptr_h        EQU #D145   ; Next sound frame pointer high byte
 1265	4145					
 1266	4145					; ==================================================================
 1267	4145					; TRACKER MUSIC RUNTIME
 1268	4145					; ==================================================================
 1269	4145					music_active         EQU #D146   ; 0=stopped, 1=track active
 1270	4145					music_muted          EQU #D147   ; 0=audible, 1=muted/pause
 1271	4145					music_loop           EQU #D148   ; 0=no loop, 1=loop enabled
 1272	4145					music_track_index    EQU #D149   ; Current ROM track index
 1273	4145					music_row_frames     EQU #D14A   ; Frames per tracker row
 1274	4145					music_row_countdown  EQU #D14B   ; Countdown to next row
 1275	4145					music_order_pos      EQU #D14C   ; Current order position
 1276	4145					music_pattern_index  EQU #D14D   ; Current pattern index
 1277	4145					music_pattern_row    EQU #D14E   ; Current row inside pattern
 1278	4145					music_pattern_rows   EQU #D14F   ; Cached rows in current pattern
 1279	4145					music_track_ptr_l    EQU #D150   ; Current track pointer low byte
 1280	4145					music_track_ptr_h    EQU #D151   ; Current track pointer high byte
 1281	4145					music_pattern_ptr_l  EQU #D152   ; Current pattern rows pointer low byte
 1282	4145					music_pattern_ptr_h  EQU #D153   ; Current pattern rows pointer high byte
 1283	4145					music_mixer_shadow   EQU #D154   ; PSG mixer shadow for music runtime
 1284	4145					music_ch_note_base EQU #D155   ; Current note index (255=silent) (3 bytes)
 1285	4145					music_ch_a_note EQU #D155   ; Channel A
 1286	4145					music_ch_b_note EQU #D156   ; Channel B
 1287	4145					music_ch_c_note EQU #D157   ; Channel C
 1288	4145					music_ch_instrument_base EQU #D158   ; Current instrument id (0=none) (3 bytes)
 1289	4145					music_ch_a_instrument EQU #D158   ; Channel A
 1290	4145					music_ch_b_instrument EQU #D159   ; Channel B
 1291	4145					music_ch_c_instrument EQU #D15A   ; Channel C
 1292	4145					music_ch_ornament_base EQU #D15B   ; Current ornament id (0=none) (3 bytes)
 1293	4145					music_ch_a_ornament EQU #D15B   ; Channel A
 1294	4145					music_ch_b_ornament EQU #D15C   ; Channel B
 1295	4145					music_ch_c_ornament EQU #D15D   ; Channel C
 1296	4145					music_ch_volume_base EQU #D15E   ; Current base volume (0-15) (3 bytes)
 1297	4145					music_ch_a_volume EQU #D15E   ; Channel A
 1298	4145					music_ch_b_volume EQU #D15F   ; Channel B
 1299	4145					music_ch_c_volume EQU #D160   ; Channel C
 1300	4145					music_ch_vol_step_base EQU #D161   ; Reserved software volume envelope step (3 bytes)
 1301	4145					music_ch_a_vol_step EQU #D161   ; Channel A
 1302	4145					music_ch_b_vol_step EQU #D162   ; Channel B
 1303	4145					music_ch_c_vol_step EQU #D163   ; Channel C
 1304	4145					music_ch_tone_step_base EQU #D164   ; Reserved software tone envelope step (3 bytes)
 1305	4145					music_ch_a_tone_step EQU #D164   ; Channel A
 1306	4145					music_ch_b_tone_step EQU #D165   ; Channel B
 1307	4145					music_ch_c_tone_step EQU #D166   ; Channel C
 1308	4145					music_ch_noise_step_base EQU #D167   ; Reserved software noise envelope step (3 bytes)
 1309	4145					music_ch_a_noise_step EQU #D167   ; Channel A
 1310	4145					music_ch_b_noise_step EQU #D168   ; Channel B
 1311	4145					music_ch_c_noise_step EQU #D169   ; Channel C
 1312	4145					music_ch_orn_step_base EQU #D16A   ; Reserved ornament step (3 bytes)
 1313	4145					music_ch_a_orn_step EQU #D16A   ; Channel A
 1314	4145					music_ch_b_orn_step EQU #D16B   ; Channel B
 1315	4145					music_ch_c_orn_step EQU #D16C   ; Channel C
 1316	4145					
 1317	4145					; ==================================================================
 1318	4145					; PT3 REPLAYER WORKSPACE (~448 bytes)
 1319	4145					; Layout matches PT3-ROM-alltables-glass.asm expected labels
 1320	4145					; ==================================================================
 1321	4145					PT3_SETUP       EQU #D16D   ; PT3 state flags (bit0=loop, bit7=song_ended)
 1322	4145					PT3_MODADDR     EQU #D16E   ; Module address pointer (2 bytes)
 1323	4145					PT3_CrPsPtr     EQU #D170   ; Current position pointer
 1324	4145					PT3_SAMPTRS     EQU #D172   ; Sample pointers base
 1325	4145					PT3_OrnPtrs     EQU #D174   ; Ornament pointers base
 1326	4145					PT3_PDSP        EQU #D176   ; Pattern data start pointer
 1327	4145					PT3_CSP         EQU #D178   ; Saved SP (CHREGS SP trick)
 1328	4145					PT3_PSP         EQU #D17A   ; PT3 stack pointer save
 1329	4145					PT3_PrNote      EQU #D17C   ; Previous note
 1330	4145					PT3_PrSlide     EQU #D17D   ; Previous slide (2 bytes)
 1331	4145					PT3_AdInPtA     EQU #D17F   ; Channel A inline pointer
 1332	4145					PT3_AdInPtB     EQU #D181   ; Channel B inline pointer
 1333	4145					PT3_AdInPtC     EQU #D183   ; Channel C inline pointer
 1334	4145					PT3_LPosPtr     EQU #D185   ; Loop position pointer
 1335	4145					PT3_PatsPtr     EQU #D187   ; Patterns table pointer
 1336	4145					PT3_Delay       EQU #D189   ; Song speed/delay
 1337	4145					PT3_AddToEn     EQU #D18A   ; Add to envelope
 1338	4145					PT3_Env_Del     EQU #D18B   ; Envelope delay
 1339	4145					PT3_ESldAdd     EQU #D18C   ; Envelope slide add (2 bytes)
 1340	4145					PT3_NTL3        EQU #D18E   ; Note table link 3
 1341	4145					VARS            EQU #D190   ; Channel vars base
 1342	4145					ChanA           EQU #D190   ; Channel A data (29 bytes)
 1343	4145					ChanB           EQU #D1AD   ; Channel B data (29 bytes)
 1344	4145					ChanC           EQU #D1CA   ; Channel C data (29 bytes)
 1345	4145					DelyCnt         EQU #D1E7   ; Delay counter
 1346	4145					CurESld         EQU #D1E8   ; Current envelope slide (2 bytes)
 1347	4145					CurEDel         EQU #D1EA   ; Current envelope delay
 1348	4145					Ns_Base_AddToNs EQU #D1EB   ; Noise base + add to noise (combined)
 1349	4145					Ns_Base         EQU #D1EB   ; Noise base
 1350	4145					AddToNs         EQU #D1EC   ; Add to noise
 1351	4145					NT_             EQU #D1ED   ; Note table (192 bytes)
 1352	4145					AYREGS          EQU #D2AD  ; AY registers mirror (14 bytes)
 1353	4145					VT_             EQU #D2AD  ; Volume table base (alias for AYREGS)
 1354	4145					EnvBase         EQU #D2BB  ; Envelope base
 1355	4145					VAR0END         EQU #D2BD  ; End of fixed workspace
 1356	4145					T1_             EQU #D2BD  ; Tone tables start (unpacked by PT3_INIT)
 1357	4145					T_NEW_1         EQU #D2BD  ; Tone table new 1
 1358	4145					T_OLD_1         EQU #D2BD  ; Tone table old 1
 1359	4145					T_OLD_2         EQU #D2D5  ; Tone table old 2
 1360	4145					T_NEW_3         EQU #D2ED  ; Tone table new 3
 1361	4145					T_OLD_3         EQU #D2ED  ; Tone table old 3
 1362	4145					T_OLD_0         EQU #D2EF  ; Tone table old 0
 1363	4145					T_NEW_0         EQU #D2EF  ; Tone table new 0
 1364	4145					T_NEW_2         EQU #D307  ; Tone table new 2 (last, ends at +0x1B2)
 1365	4145					
 1366	4145					; ==================================================================
 1367	4145					; END OF VARIABLES
 1368	4145					; ==================================================================
 1369	4145					RAM_USAGE_END       EQU #D3AD   ; End of project variables (5037 bytes used)
 1370	4145					
 1371	4145					; ==================================================================
 1372	4145					; MEMORY LAYOUT INFO (Reference only - no code generated)
 1373	4145					; ==================================================================
 1374	4145					; RAM Layout:
 1375	4145					;   #C000-#D3AD: Project variables (5037 bytes)
 1376	4145					;   #D3AD-#F37F: Free RAM (~8147 bytes available)
 1377	4145					;   #F380-#FFFF: MSX System variables (DO NOT TOUCH)
 1378	4145					;
 1379	4145					; NOTE: Variables are defined using EQU (address labels only).
 1380	4145					;       RAM space is used at runtime, NOT reserved in ROM.
 1381	4145					;       Do NOT use ORG #C000 in cartridge ROMs!
 1382	4145					; ==================================================================
 1383	4145					
 1384	4145					
 1385	4145					; ==================================================================
 1386	4145					; MAPPER RUNTIME API
 1387	4145					; File: mapper.asm
 1388	4145					; Description: Minimal compatibility stubs for simple32k builds
 1389	4145					; Target mapper: konami
 1390	4145					; ROM mode: simple32k (autoMegaROM=false)
 1391	4145					; ==================================================================
 1392	4145					;
 1393	4145					; This build runs in simple32k mode, so bank switching is not active.
 1394	4145					; Keep mapper API labels as no-op stubs so generated gameplay code can
 1395	4145					; call the same routines without conditional assembly branches.
 1396	4145					
 1397	4145					; ------------------------------------------------------------------
 1398	4145					; mapper_runtime_init
 1399	4145					; Initializes runtime mirrors only (no hardware mapper writes).
 1400	4145					; ------------------------------------------------------------------
 1401	4145					mapper_runtime_init:
 1402	4145	AF				    xor a
 1403	4146	32	12	C0		    ld (mapper_bank_p1_current), a
 1404	4149	3E	01			    ld a, 1
 1405	414B	32	13	C0		    ld (mapper_bank_p2_current), a
 1406	414E	3E	02			    ld a, 2
 1407	4150	32	14	C0		    ld (mapper_bank_p3_current), a
 1408	4153	3E	03			    ld a, 3
 1409	4155	32	15	C0		    ld (mapper_bank_p4_current), a
 1410	4158	C9				    ret
 1411	4159					
 1412	4159					; ------------------------------------------------------------------
 1413	4159					; API: mapper_set_bank_pX
 1414	4159					; Input: A = bank number (stored only for compatibility)
 1415	4159					; ------------------------------------------------------------------
 1416	4159					mapper_set_bank_p1:
 1417	4159	32	12	C0		    ld (mapper_bank_p1_current), a
 1418	415C	C9				    ret
 1419	415D					
 1420	415D					mapper_set_bank_p2:
 1421	415D	32	13	C0		    ld (mapper_bank_p2_current), a
 1422	4160	C9				    ret
 1423	4161					
 1424	4161					mapper_set_bank_p3:
 1425	4161	32	14	C0		    ld (mapper_bank_p3_current), a
 1426	4164	C9				    ret
 1427	4165					
 1428	4165					mapper_set_bank_p4:
 1429	4165	32	15	C0		    ld (mapper_bank_p4_current), a
 1430	4168	C9				    ret
 1431	4169					
 1432	4169					; ------------------------------------------------------------------
 1433	4169					; Save/restore helpers (compatibility only).
 1434	4169					; ------------------------------------------------------------------
 1435	4169					mapper_push_p1:
 1436	4169	3A	12	C0		    ld a, (mapper_bank_p1_current)
 1437	416C	32	17	C0		    ld (mapper_saved_bank_p1), a
 1438	416F	C9				    ret
 1439	4170					
 1440	4170					mapper_pop_p1:
 1441	4170	3A	17	C0		    ld a, (mapper_saved_bank_p1)
 1442	4173	C3	59	41		    jp mapper_set_bank_p1
 1443	4176					
 1444	4176					mapper_push_p2:
 1445	4176	3A	13	C0		    ld a, (mapper_bank_p2_current)
 1446	4179	32	16	C0		    ld (mapper_saved_bank), a
 1447	417C	C9				    ret
 1448	417D					
 1449	417D					mapper_pop_p2:
 1450	417D	3A	16	C0		    ld a, (mapper_saved_bank)
 1451	4180	C3	5D	41		    jp mapper_set_bank_p2
 1452	4183					
 1453	4183					mapper_push_p3:
 1454	4183	3A	14	C0		    ld a, (mapper_bank_p3_current)
 1455	4186	32	18	C0		    ld (mapper_saved_bank_p3), a
 1456	4189	C9				    ret
 1457	418A					
 1458	418A					mapper_pop_p3:
 1459	418A	3A	18	C0		    ld a, (mapper_saved_bank_p3)
 1460	418D	C3	61	41		    jp mapper_set_bank_p3
 1461	4190					
 1462	4190					mapper_push_p4:
 1463	4190	3A	15	C0		    ld a, (mapper_bank_p4_current)
 1464	4193	32	19	C0		    ld (mapper_saved_bank_p4), a
 1465	4196	C9				    ret
 1466	4197					
 1467	4197					mapper_pop_p4:
 1468	4197	3A	19	C0		    ld a, (mapper_saved_bank_p4)
 1469	419A	C3	65	41		    jp mapper_set_bank_p4
 1470	419D					
 1471	419D					; ------------------------------------------------------------------
 1472	419D					; Far call helpers (simple32k no-op bank switch).
 1473	419D					; ------------------------------------------------------------------
 1474	419D					mapper_call_hl_p1:
 1475	419D	11	A2	41		    ld de, .return_p1
 1476	41A0	D5				    push de
 1477	41A1	E9				    jp (hl)
 1478	41A2					.return_p1:
 1479	41A2	C9				    ret
 1480	41A3					
 1481	41A3					mapper_call_hl_p2:
 1482	41A3	C3	9D	41		    jp mapper_call_hl_p1
 1483	41A6					
 1484	41A6					mapper_call_hl_p3:
 1485	41A6	C3	9D	41		    jp mapper_call_hl_p1
 1486	41A9					
 1487	41A9					mapper_call_hl_p4:
 1488	41A9	C3	9D	41		    jp mapper_call_hl_p1
 1489	41AC					
 1490	41AC					mapper_call_hl_auto:
 1491	41AC	C3	9D	41		    jp mapper_call_hl_p1
 1492	41AF					
 1493	41AF					
 1494	41AF					; ==================================================================
 1495	41AF					; INTERRUPT TASK SYSTEM - File: interrupt.asm
 1496	41AF					; Konami-style technique: Hook H.TIMI for 50/60Hz task execution
 1497	41AF					; ==================================================================
 1498	41AF					
 1499	41AF					; ==================================================================
 1500	41AF					; INTERRUPT SYSTEM MEMORY LAYOUT
 1501	41AF					; Variables are defined in variables.asm (dynamically allocated)
 1502	41AF					; This avoids RAM overlap with entity system arrays
 1503	41AF					; ==================================================================
 1504	41AF					; Slots: task_table (8 slots x 2 bytes), task_0_ptr..task_7_ptr
 1505	41AF					; State: interrupt_system_enabled, old_htimi_hook, interrupt_counter,
 1506	41AF					;        task_exec_time, vblank_flag
 1507	41AF					; ==================================================================
 1508	41AF					
 1509	41AF					; ==================================================================
 1510	41AF					; INIT_INTERRUPT_SYSTEM - Install H.TIMI hook
 1511	41AF					; ==================================================================
 1512	41AF					; Register Contract:
 1513	41AF					;   Purpose: Install JP hook on H.TIMI and initialize interrupt task state.
 1514	41AF					;   Inputs:
 1515	41AF					;     - None
 1516	41AF					;   Outputs:
 1517	41AF					;     - None
 1518	41AF					;   Clobbers:
 1519	41AF					;     - AF
 1520	41AF					;     - BC
 1521	41AF					;     - DE
 1522	41AF					;     - HL
 1523	41AF					;   Preserved:
 1524	41AF					;     - None
 1525	41AF					;   Register roles:
 1526	41AF					;     - HL/DE/BC = block copy parameters for hook backup and task table clear
 1527	41AF					;     - A = enable flag and zeroing value
 1528	41AF					;   Notes:
 1529	41AF					;     - Runs with DI/EI, so caller must not assume interrupt state is unchanged.
 1530	41AF					
 1531	41AF					; Inputs: None
 1532	41AF					; Outputs: None
 1533	41AF					; Modifies: AF, BC, DE, HL
 1534	41AF					; ==================================================================
 1535	41AF					init_interrupt_system:
 1536	41AF	F3				    di                          ; Disable interrupts during hook install
 1537	41B0					
 1538	41B0					    ; --- STEP 1: Save original hook ---
 1539	41B0	21	9F	FD		    ld hl, #FD9F                ; H.TIMI address
 1540	41B3	11	38	D1		    ld de, old_htimi_hook       ; Our backup location
 1541	41B6	01	05	00		    ld bc, 5                    ; Save 5 bytes (JP nnnn + padding)
 1542	41B9	ED	B0			    ldir                        ; Copy original hook to RAM
 1543	41BB					
 1544	41BB					    ; --- STEP 2: Install our hook ---
 1545	41BB					    ; Write "JP interrupt_dispatcher" at FD9F
 1546	41BB	3E	C3			    ld a, #C3                   ; Opcode for JP
 1547	41BD	32	9F	FD		    ld (#FD9F), a               ; Write JP opcode
 1548	41C0	21	F6	41		    ld hl, interrupt_dispatcher ; Address of our ISR
 1549	41C3	22	A0	FD		    ld (#FDA0), hl              ; Write address (little-endian)
 1550	41C6					
 1551	41C6					    ; --- STEP 3: Initialize task table to 0 (all disabled) ---
 1552	41C6	21	27	D1		    ld hl, task_table
 1553	41C9	11	28	D1		    ld de, task_table+1
 1554	41CC	01	0F	00		    ld bc, 15                   ; 8 slots ??- 2 bytes = 16 bytes - 1
 1555	41CF	36	00			    ld (hl), 0
 1556	41D1	ED	B0			    ldir                        ; Clear all task pointers
 1557	41D3					
 1558	41D3					    ; --- STEP 4: Initialize counters ---
 1559	41D3	AF				    xor a
 1560	41D4	32	3D	D1		    ld (interrupt_counter), a
 1561	41D7	32	3E	D1		    ld (interrupt_counter+1), a
 1562	41DA	32	41	D1		    ld (vblank_flag), a
 1563	41DD					
 1564	41DD					    ; --- STEP 5: Mark system as enabled ---
 1565	41DD	3E	01			    ld a, 1
 1566	41DF	32	37	D1		    ld (interrupt_system_enabled), a
 1567	41E2					
 1568	41E2	FB				    ei                          ; Re-enable interrupts
 1569	41E3	C9				    ret
 1570	41E4					
 1571	41E4					; ==================================================================
 1572	41E4					; STOP_INTERRUPT_SYSTEM - Restore original H.TIMI hook
 1573	41E4					; ==================================================================
 1574	41E4					; Register Contract:
 1575	41E4					;   Purpose: Restore original H.TIMI bytes and mark system disabled.
 1576	41E4					;   Inputs:
 1577	41E4					;     - None
 1578	41E4					;   Outputs:
 1579	41E4					;     - None
 1580	41E4					;   Clobbers:
 1581	41E4					;     - AF
 1582	41E4					;     - BC
 1583	41E4					;     - DE
 1584	41E4					;     - HL
 1585	41E4					;   Preserved:
 1586	41E4					;     - None
 1587	41E4					;   Register roles:
 1588	41E4					;     - HL/DE/BC = LDIR source/destination/count for hook restore
 1589	41E4					;     - A = zero flag write to interrupt_system_enabled
 1590	41E4					;   Notes:
 1591	41E4					;     - Runs with DI/EI for atomic hook restoration.
 1592	41E4					
 1593	41E4					; Inputs: None
 1594	41E4					; Outputs: None
 1595	41E4					; Modifies: AF, BC, DE, HL
 1596	41E4					; ==================================================================
 1597	41E4					stop_interrupt_system:
 1598	41E4	F3				    di                          ; Disable interrupts
 1599	41E5					
 1600	41E5					    ; Restore original hook
 1601	41E5	21	38	D1		    ld hl, old_htimi_hook       ; Our backup
 1602	41E8	11	9F	FD		    ld de, #FD9F                ; H.TIMI location
 1603	41EB	01	05	00		    ld bc, 5                    ; Restore 5 bytes
 1604	41EE	ED	B0			    ldir
 1605	41F0					
 1606	41F0					    ; Mark system as disabled
 1607	41F0	AF				    xor a
 1608	41F1	32	37	D1		    ld (interrupt_system_enabled), a
 1609	41F4					
 1610	41F4	FB				    ei                          ; Re-enable interrupts
 1611	41F5	C9				    ret
 1612	41F6					
 1613	41F6					; ==================================================================
 1614	41F6					; INTERRUPT_DISPATCHER - Main ISR (60Hz/50Hz)
 1615	41F6					; ==================================================================
 1616	41F6					; Register Contract:
 1617	41F6					;   Purpose: Dispatch enabled interrupt tasks each VBlank and chain BIOS hook.
 1618	41F6					;   Inputs:
 1619	41F6					;     - Triggered by H.TIMI hook
 1620	41F6					;   Outputs:
 1621	41F6					;     - interrupt_counter incremented
 1622	41F6					;     - vblank_flag refreshed
 1623	41F6					;   Clobbers:
 1624	41F6					;     - AF
 1625	41F6					;     - BC
 1626	41F6					;     - DE
 1627	41F6					;     - HL
 1628	41F6					;     - IX
 1629	41F6					;     - IY (all restored before exit)
 1630	41F6					;   Preserved:
 1631	41F6					;     - DE
 1632	41F6					;     - IX
 1633	41F6					;     - IY
 1634	41F6					;   Register roles:
 1635	41F6					;     - HL = walks task_table and holds task pointer
 1636	41F6					;     - B = task slot loop counter
 1637	41F6					;     - C = temporary low byte for pointer reconstruction
 1638	41F6					;     - A = enabled checks and pointer validation
 1639	41F6					;   Notes:
 1640	41F6					;     - Dispatcher saves/restores DE/IX/IY defensively, reducing coupling with task internals.
 1641	41F6					
 1642	41F6					; This routine executes on each V-Blank
 1643	41F6					; CRITICAL: Minimal CPU cycles, maximum efficiency
 1644	41F6					; Overhead: ~80 cycles base + ~40 cycles per active task
 1645	41F6					; ==================================================================
 1646	41F6					interrupt_dispatcher:
 1647	41F6					    ; --- STEP 1: Save caller-visible registers used by BIOS/user code ---
 1648	41F6	F5				    push af                     ; 11 cycles
 1649	41F7	E5				    push hl                     ; 11 cycles
 1650	41F8	C5				    push bc                     ; 11 cycles
 1651	41F9	D5				    push de                     ; 11 cycles
 1652	41FA	DD	E5			    push ix                     ; 15 cycles
 1653	41FC	FD	E5			    push iy                     ; 15 cycles
 1654	41FE					    ; Total: 74 cycles fixed prologue overhead
 1655	41FE					
 1656	41FE					    ; --- STEP 2: Check if system is enabled ---
 1657	41FE	3A	37	D1		    ld a, (interrupt_system_enabled)
 1658	4201	B7				    or a
 1659	4202	28	2A			    jr z, .exit                 ; If disabled, exit quickly
 1660	4204					
 1661	4204					    ; --- STEP 3: Increment frame counter ---
 1662	4204	2A	3D	D1		    ld hl, (interrupt_counter)
 1663	4207	23				    inc hl
 1664	4208	22	3D	D1		    ld (interrupt_counter), hl
 1665	420B					
 1666	420B					    ; --- STEP 3.5: Update VBlank flag (reads VDP status) ---
 1667	420B	CD	3A	42		    call update_vblank_flag
 1668	420E					
 1669	420E					    ; --- STEP 4: Walk through task table ---
 1670	420E	21	27	D1		    ld hl, task_table           ; HL = pointer to task table
 1671	4211	06	08			    ld b, 8                     ; 8 slots
 1672	4213					
 1673	4213					.task_loop:
 1674	4213					    ; Read task pointer (16-bit address)
 1675	4213	7E				    ld a, (hl)                  ; Low byte
 1676	4214	23				    inc hl
 1677	4215	4F				    ld c, a
 1678	4216	7E				    ld a, (hl)                  ; High byte
 1679	4217	23				    inc hl
 1680	4218	B1				    or c                        ; Check if pointer == 0
 1681	4219	28	11			    jr z, .next_task            ; Skip if disabled (pointer == 0)
 1682	421B					
 1683	421B					    ; Valid pointer: execute task
 1684	421B	2B				    dec hl
 1685	421C	2B				    dec hl                      ; Back to low byte
 1686	421D	C5				    push bc                     ; Save loop counter
 1687	421E	E5				    push hl                     ; Save table position
 1688	421F					
 1689	421F					    ; Load task address into HL
 1690	421F	4E				    ld c, (hl)                  ; Low byte
 1691	4220	23				    inc hl
 1692	4221	66				    ld h, (hl)                  ; High byte
 1693	4222	69				    ld l, c                     ; HL = task address
 1694	4223					
 1695	4223					    ; Call task using JP (HL) pattern (faster than indirect CALL)
 1696	4223	CD	39	42		    call .call_task             ; Call the task
 1697	4226					
 1698	4226	E1				    pop hl                      ; Restore table position
 1699	4227	C1				    pop bc                      ; Restore loop counter
 1700	4228	23				    inc hl
 1701	4229	23				    inc hl                      ; Advance to next slot
 1702	422A	18	00			    jr .continue_loop
 1703	422C					
 1704	422C					.next_task:
 1705	422C					    ; Nothing to do, HL already points to next slot
 1706	422C					
 1707	422C					.continue_loop:
 1708	422C	10	E5			    djnz .task_loop             ; Loop 8 times
 1709	422E					
 1710	422E					.exit:
 1711	422E					    ; --- STEP 5: Restore registers ---
 1712	422E	FD	E1			    pop iy                      ; 14 cycles
 1713	4230	DD	E1			    pop ix                      ; 14 cycles
 1714	4232	D1				    pop de                      ; 10 cycles
 1715	4233	C1				    pop bc                      ; 10 cycles
 1716	4234	E1				    pop hl                      ; 10 cycles
 1717	4235	F1				    pop af                      ; 10 cycles
 1718	4236					
 1719	4236					    ; --- STEP 6: Return from interrupt ---
 1720	4236					    ; For H.TIMI we should chain to the original hook (best compatibility)
 1721	4236					    ; and let the BIOS interrupt handler manage EI/RETI.
 1722	4236	C3	38	D1		    jp old_htimi_hook
 1723	4239					
 1724	4239					; Helper for indirect call
 1725	4239					.call_task:
 1726	4239	E9				    jp (hl)                     ; Jump to task (task will RET back here)
 1727	423A					
 1728	423A					; ==================================================================
 1729	423A					; TASK MANAGEMENT FUNCTIONS
 1730	423A					; ==================================================================
 1731	423A					
 1732	423A					; ==================================================================
 1733	423A					; NOTE: wait_vblank function removed - use HALT directly in game loop
 1734	423A					; HALT is more efficient (no call/ret overhead)
 1735	423A					; ==================================================================
 1736	423A					
 1737	423A					; ==================================================================
 1738	423A					; UPDATE_VBLANK_FLAG - For interrupt dispatcher use only
 1739	423A					; ==================================================================
 1740	423A					; Register Contract:
 1741	423A					;   Purpose: Read VDP status register and latch VBlank state in RAM flag.
 1742	423A					;   Inputs:
 1743	423A					;     - None
 1744	423A					;   Outputs:
 1745	423A					;     - vblank_flag = 0/1
 1746	423A					;   Clobbers:
 1747	423A					;     - AF (internally saved/restored)
 1748	423A					;   Preserved:
 1749	423A					;     - AF, BC, DE, HL
 1750	423A					;   Register roles:
 1751	423A					;     - A = VDP status read and boolean conversion
 1752	423A					
 1753	423A					; Updates vblank_flag only if we're actually in VBlank
 1754	423A					; Called from interrupt_dispatcher
 1755	423A					; Inputs: None
 1756	423A					; Outputs: None
 1757	423A					; Modifies: AF
 1758	423A					; ==================================================================
 1759	423A					update_vblank_flag:
 1760	423A	F5				    push af
 1761	423B	DB	99			    in a, (#99)                 ; Read VDP status register
 1762	423D	CB	7F			    bit 7, a                    ; Are we in VBlank?
 1763	423F	28	07			    jr z, .not_in_vblank
 1764	4241	3E	01			    ld a, 1
 1765	4243	32	41	D1		    ld (vblank_flag), a
 1766	4246	18	04			    jr .uvf_done
 1767	4248					.not_in_vblank:
 1768	4248	AF				    xor a
 1769	4249	32	41	D1		    ld (vblank_flag), a
 1770	424C					.uvf_done:
 1771	424C	F1				    pop af
 1772	424D	C9				    ret
 1773	424E					
 1774	424E					; ==================================================================
 1775	424E					; ENABLE_TASK - Activate a task in the system
 1776	424E					; ==================================================================
 1777	424E					; Register Contract:
 1778	424E					;   Purpose: Store routine pointer into task_table slot.
 1779	424E					;   Inputs:
 1780	424E					;     - A = task slot (0-7)
 1781	424E					;     - HL = task routine address
 1782	424E					;   Outputs:
 1783	424E					;     - task_table[slot] = HL
 1784	424E					;   Clobbers:
 1785	424E					;     - AF
 1786	424E					;     - BC
 1787	424E					;     - DE
 1788	424E					;     - HL
 1789	424E					;   Preserved:
 1790	424E					;     - None
 1791	424E					;   Register roles:
 1792	424E					;     - A = slot validation and offset math
 1793	424E					;     - DE = holds routine address while HL is repurposed as slot pointer
 1794	424E					;     - BC = task_table base address
 1795	424E					;     - HL = slot address calculation / pointer write
 1796	424E					
 1797	424E					; Inputs:
 1798	424E					;   A = task slot (0-7)
 1799	424E					;   HL = address of task routine
 1800	424E					; Outputs: None
 1801	424E					; Modifies: AF, BC, DE, HL
 1802	424E					; ==================================================================
 1803	424E					enable_task:
 1804	424E					    ; Validate slot (0-7)
 1805	424E	FE	08			    cp 8
 1806	4250	D0				    ret nc                      ; Return if slot >= 8
 1807	4251					
 1808	4251					    ; Calculate offset in table: slot * 2
 1809	4251	87				    add a, a                    ; A = slot * 2
 1810	4252	5F				    ld e, a
 1811	4253	16	00			    ld d, 0
 1812	4255	01	27	D1		    ld bc, task_table
 1813	4258	EB				    ex de, hl                   ; HL = offset, DE = task address
 1814	4259	09				    add hl, bc                  ; HL = task_table + offset
 1815	425A					
 1816	425A					    ; Write task address
 1817	425A	EB				    ex de, hl                   ; HL = task address, DE = slot location
 1818	425B	7D				    ld a, l
 1819	425C	12				    ld (de), a                  ; Write low byte
 1820	425D	13				    inc de
 1821	425E	7C				    ld a, h
 1822	425F	12				    ld (de), a                  ; Write high byte
 1823	4260					
 1824	4260	C9				    ret
 1825	4261					
 1826	4261					; ==================================================================
 1827	4261					; DISABLE_TASK - Deactivate a task
 1828	4261					; ==================================================================
 1829	4261					; Register Contract:
 1830	4261					;   Purpose: Clear routine pointer in selected task slot.
 1831	4261					;   Inputs:
 1832	4261					;     - A = task slot (0-7)
 1833	4261					;   Outputs:
 1834	4261					;     - task_table[slot] = 0
 1835	4261					;   Clobbers:
 1836	4261					;     - AF
 1837	4261					;     - DE
 1838	4261					;     - HL
 1839	4261					;   Preserved:
 1840	4261					;     - BC
 1841	4261					;   Register roles:
 1842	4261					;     - A = slot validation and zero value for clearing
 1843	4261					;     - HL = destination slot pointer
 1844	4261					;     - DE = computed slot offset
 1845	4261					
 1846	4261					; Inputs:
 1847	4261					;   A = task slot (0-7)
 1848	4261					; Outputs: None
 1849	4261					; Modifies: AF, DE, HL
 1850	4261					; ==================================================================
 1851	4261					disable_task:
 1852	4261					    ; Validate slot
 1853	4261	FE	08			    cp 8
 1854	4263	D0				    ret nc
 1855	4264					
 1856	4264					    ; Calculate offset
 1857	4264	87				    add a, a                    ; A = slot * 2
 1858	4265	5F				    ld e, a
 1859	4266	16	00			    ld d, 0
 1860	4268	21	27	D1		    ld hl, task_table
 1861	426B	19				    add hl, de                  ; HL = task_table + offset
 1862	426C					
 1863	426C					    ; Write 0 (disable)
 1864	426C	AF				    xor a
 1865	426D	77				    ld (hl), a                  ; Low byte = 0
 1866	426E	23				    inc hl
 1867	426F	77				    ld (hl), a                  ; High byte = 0
 1868	4270					
 1869	4270	C9				    ret
 1870	4271					
 1871	4271					; ==================================================================
 1872	4271					; GET_FRAME_COUNT - Get frame counter value
 1873	4271					; ==================================================================
 1874	4271					; Register Contract:
 1875	4271					;   Purpose: Expose current 16-bit interrupt frame counter.
 1876	4271					;   Inputs:
 1877	4271					;     - None
 1878	4271					;   Outputs:
 1879	4271					;     - HL = interrupt_counter
 1880	4271					;   Clobbers:
 1881	4271					;     - HL
 1882	4271					;   Preserved:
 1883	4271					;     - AF
 1884	4271					;     - BC
 1885	4271					;     - DE
 1886	4271					;   Register roles:
 1887	4271					;     - HL = loaded return value
 1888	4271					
 1889	4271					; Inputs: None
 1890	4271					; Outputs: HL = frame count (16-bit)
 1891	4271					; Modifies: HL
 1892	4271					; ==================================================================
 1893	4271					get_frame_count:
 1894	4271	2A	3D	D1		    ld hl, (interrupt_counter)
 1895	4274	C9				    ret
 1896	4275					
 1897	4275					; ==================================================================
 1898	4275					; DEFAULT INTERRUPT TASKS (60Hz Execution)
 1899	4275					; ==================================================================
 1900	4275					
 1901	4275					; ==================================================================
 1902	4275					; TASK_UPDATE_INPUT - Joystick/Cursor polling at 60Hz
 1903	4275					; ==================================================================
 1904	4275					; This task guarantees responsive input (no missed button presses)
 1905	4275					; Compatible with update_input_component existing function
 1906	4275					; ==================================================================
 1907	4275					; Register Contract:
 1908	4275					;   Purpose: Poll joystick + keyboard fallback and update input state buffers.
 1909	4275					;   Inputs:
 1910	4275					;     - Reads hardware via FAST_GTSTCK / FAST_GTTRIG / FAST_SNSMAT
 1911	4275					;   Outputs:
 1912	4275					;     - input_state, prev_input_state, input_btn_curr, input_btn_prev, input_fire
 1913	4275					;   Clobbers:
 1914	4275					;     - AF
 1915	4275					;     - BC
 1916	4275					;     - DE
 1917	4275					;   Preserved:
 1918	4275					;     - AF
 1919	4275					;     - BC
 1920	4275					;     - DE (by push/pop wrapper)
 1921	4275					;     - HL
 1922	4275					;   Register roles:
 1923	4275					;     - A = hardware reads and final scalar writes
 1924	4275					;     - B = direction accumulator
 1925	4275					;     - D = button bitmask and keyboard direction flags
 1926	4275					;     - E = temporary keyboard row bits
 1927	4275					;   Notes:
 1928	4275					;     - Wrapper preserves caller-visible regs despite internal mutation.
 1929	4275					task_update_input:
 1930	4275	F5				    push af
 1931	4276	C5				    push bc
 1932	4277	D5				    push de
 1933	4278					
 1934	4278					    ; Save previous state
 1935	4278	3A	00	C0		    ld a, (input_state)
 1936	427B	32	01	C0		    ld (prev_input_state), a
 1937	427E	3A	02	C0		    ld a, (input_btn_curr)
 1938	4281	32	03	C0		    ld (input_btn_prev), a
 1939	4284					
 1940	4284					    ; Read joystick direction first (priority source, direct hardware)
 1941	4284	AF				    xor a                       ; Joystick 0
 1942	4285	CD	FD	40		    call FAST_GTSTCK            ; Direct hardware read
 1943	4288	47				    ld b, a                     ; B = joystick direction
 1944	4289	B7				    or a
 1945	428A	20	60			    jr nz, .dir_ready
 1946	428C					
 1947	428C					    ; Fallback to keyboard cursor keys (row 8, direct matrix read)
 1948	428C	3E	08			    ld a, 8
 1949	428E	CD	38	41		    call FAST_SNSMAT            ; Active low bits
 1950	4291	5F				    ld e, a
 1951	4292	AF				    xor a
 1952	4293	57				    ld d, a                     ; D = direction flags: 0=none
 1953	4294	CB	6B			    bit 5, e                    ; Up
 1954	4296	20	02			    jr nz, .kbd_no_up
 1955	4298	CB	C2			    set 0, d
 1956	429A					.kbd_no_up:
 1957	429A	CB	73			    bit 6, e                    ; Down
 1958	429C	20	02			    jr nz, .kbd_no_down
 1959	429E	CB	CA			    set 1, d
 1960	42A0					.kbd_no_down:
 1961	42A0	CB	63			    bit 4, e                    ; Left
 1962	42A2	20	02			    jr nz, .kbd_no_left
 1963	42A4	CB	D2			    set 2, d
 1964	42A6					.kbd_no_left:
 1965	42A6	CB	7B			    bit 7, e                    ; Right
 1966	42A8	20	02			    jr nz, .kbd_no_right
 1967	42AA	CB	DA			    set 3, d
 1968	42AC					.kbd_no_right:
 1969	42AC	AF				    xor a
 1970	42AD	CB	42			    bit 0, d
 1971	42AF	28	14			    jr z, .kbd_check_down
 1972	42B1	CB	5A			    bit 3, d
 1973	42B3	20	08			    jr nz, .kbd_upright
 1974	42B5	CB	52			    bit 2, d
 1975	42B7	20	08			    jr nz, .kbd_upleft
 1976	42B9	3E	01			    ld a, STICK_UP
 1977	42BB	18	2E			    jr .kbd_done
 1978	42BD					.kbd_upright:
 1979	42BD	3E	02			    ld a, STICK_UPRIGHT
 1980	42BF	18	2A			    jr .kbd_done
 1981	42C1					.kbd_upleft:
 1982	42C1	3E	08			    ld a, STICK_UPLEFT
 1983	42C3	18	26			    jr .kbd_done
 1984	42C5					.kbd_check_down:
 1985	42C5	CB	4A			    bit 1, d
 1986	42C7	28	14			    jr z, .kbd_check_lr
 1987	42C9	CB	5A			    bit 3, d
 1988	42CB	20	08			    jr nz, .kbd_downright
 1989	42CD	CB	52			    bit 2, d
 1990	42CF	20	08			    jr nz, .kbd_downleft
 1991	42D1	3E	05			    ld a, STICK_DOWN
 1992	42D3	18	16			    jr .kbd_done
 1993	42D5					.kbd_downright:
 1994	42D5	3E	04			    ld a, STICK_DOWNRIGHT
 1995	42D7	18	12			    jr .kbd_done
 1996	42D9					.kbd_downleft:
 1997	42D9	3E	06			    ld a, STICK_DOWNLEFT
 1998	42DB	18	0E			    jr .kbd_done
 1999	42DD					.kbd_check_lr:
 2000	42DD	CB	52			    bit 2, d
 2001	42DF	28	04			    jr z, .kbd_check_right
 2002	42E1	3E	07			    ld a, STICK_LEFT
 2003	42E3	18	06			    jr .kbd_done
 2004	42E5					.kbd_check_right:
 2005	42E5	CB	5A			    bit 3, d
 2006	42E7	28	02			    jr z, .kbd_done
 2007	42E9	3E	03			    ld a, STICK_RIGHT
 2008	42EB					.kbd_done:
 2009	42EB	47				    ld b, a
 2010	42EC					.dir_ready:
 2011	42EC					    ; Normalize diagonals to cardinal directions for runtime stability
 2012	42EC					    ; UP+RIGHT/DOWN+RIGHT -> RIGHT, UP+LEFT/DOWN+LEFT -> LEFT
 2013	42EC	78				    ld a, b
 2014	42ED	FE	02			    cp STICK_UPRIGHT
 2015	42EF	28	0E			    jr z, .dir_norm_right
 2016	42F1	FE	04			    cp STICK_DOWNRIGHT
 2017	42F3	28	0A			    jr z, .dir_norm_right
 2018	42F5	FE	08			    cp STICK_UPLEFT
 2019	42F7	28	0A			    jr z, .dir_norm_left
 2020	42F9	FE	06			    cp STICK_DOWNLEFT
 2021	42FB	28	06			    jr z, .dir_norm_left
 2022	42FD	18	07			    jr .dir_norm_done
 2023	42FF					.dir_norm_right:
 2024	42FF	3E	03			    ld a, STICK_RIGHT
 2025	4301	18	02			    jr .dir_norm_store
 2026	4303					.dir_norm_left:
 2027	4303	3E	07			    ld a, STICK_LEFT
 2028	4305					.dir_norm_store:
 2029	4305	47				    ld b, a
 2030	4306					.dir_norm_done:
 2031	4306	AF				    xor a                       ; Joystick 0
 2032	4307	CD	25	41		    call FAST_GTTRIG            ; A = #FF if pressed, 0 if not
 2033	430A	16	00			    ld d, 0                     ; D = button bitmask
 2034	430C	B7				    or a
 2035	430D	28	09			    jr z, .no_fire              ; Jump if NOT pressed (A=0)
 2036	430F	16	01			    ld d, INPUT_BTN_FIRE
 2037	4311	3E	01			    ld a, 1                     ; Fire pressed
 2038	4313	32	04	C0		    ld (input_fire), a
 2039	4316	18	16			    jr .fire_done
 2040	4318					.no_fire:
 2041	4318					    ; Keyboard fallback for fire (SPACE, row 8 bit 0, active low)
 2042	4318	3E	08			    ld a, 8
 2043	431A	CD	38	41		    call FAST_SNSMAT
 2044	431D	CB	47			    bit 0, a
 2045	431F	20	09			    jr nz, .fire_released
 2046	4321	16	01			    ld d, INPUT_BTN_FIRE
 2047	4323	3E	01			    ld a, 1
 2048	4325	32	04	C0		    ld (input_fire), a
 2049	4328	18	04			    jr .fire_done
 2050	432A					.fire_released:
 2051	432A	AF				    xor a                       ; Fire not pressed
 2052	432B	32	04	C0		    ld (input_fire), a
 2053	432E					.fire_done:
 2054	432E	78				    ld a, b
 2055	432F	32	00	C0		    ld (input_state), a
 2056	4332	7A				    ld a, d
 2057	4333	32	02	C0		    ld (input_btn_curr), a
 2058	4336					
 2059	4336	D1				    pop de
 2060	4337	C1				    pop bc
 2061	4338	F1				    pop af
 2062	4339	C9				    ret
 2063	433A					
 2064	433A					; Task 1 (Physics): Not generated (no entities detected)
 2065	433A					
 2066	433A					; Task 2 (Collision): Not generated (no collision detection needed)
 2067	433A					
 2068	433A					; Task 3 (Sprites): Not generated (no sprites in project)
 2069	433A					
 2070	433A					; ==================================================================
 2071	433A					; TASK_UPDATE_MUSIC - Fixed-rate audio tick
 2072	433A					; ==================================================================
 2073	433A					; Keeps tracker and state-machine audio tied to H.TIMI instead of variable-cost loops
 2074	433A					; ==================================================================
 2075	433A					; Register Contract:
 2076	433A					;   Purpose: Interrupt-safe wrapper for tracker/state-machine audio tick.
 2077	433A					;   Inputs:
 2078	433A					;     - Music engine RAM state and state-machine sound cursors
 2079	433A					;   Outputs:
 2080	433A					;     - PSG state advanced once per VBlank
 2081	433A					;   Clobbers:
 2082	433A					;     - AF
 2083	433A					;     - BC
 2084	433A					;     - DE
 2085	433A					;     - HL
 2086	433A					;   Preserved:
 2087	433A					;     - AF
 2088	433A					;     - BC
 2089	433A					;     - DE
 2090	433A					;     - HL (by push/pop wrapper)
 2091	433A					task_update_music:
 2092	433A	F5				    push af
 2093	433B	C5				    push bc
 2094	433C	D5				    push de
 2095	433D	E5				    push hl
 2096	433E					
 2097	433E	CD	CC	46		    call music_update
 2098	4341					
 2099	4341	E1				    pop hl
 2100	4342	D1				    pop de
 2101	4343	C1				    pop bc
 2102	4344	F1				    pop af
 2103	4345	C9				    ret
 2104	4346					
 2105	4346					; ==================================================================
 2106	4346					; TASK_FRAME_COUNTER - Custom timing/animations
 2107	4346					; ==================================================================
 2108	4346					; Placeholder for user-defined frame-based timing
 2109	4346					; Example: Increment animation timers, etc.
 2110	4346					; ==================================================================
 2111	4346					; Register Contract:
 2112	4346					;   Purpose: Reserved slot for user timing logic.
 2113	4346					;   Inputs:
 2114	4346					;     - None
 2115	4346					;   Outputs:
 2116	4346					;     - None by default
 2117	4346					;   Clobbers:
 2118	4346					;     - None by default
 2119	4346					;   Preserved:
 2120	4346					;     - All (default empty implementation)
 2121	4346					task_frame_counter:
 2122	4346					    ; Placeholder - counter is already incremented in dispatcher
 2123	4346					    ; Add custom timing logic here if needed
 2124	4346	C9				    ret
 2125	4347					
 2126	4347					; ==================================================================
 2127	4347					; USER CUSTOM TASK SLOTS (5-7)
 2128	4347					; ==================================================================
 2129	4347					; These slots are reserved for user-defined tasks
 2130	4347					; Enable them dynamically using:
 2131	4347					;   LD A, 5                    ; Slot 5
 2132	4347					;   LD HL, my_custom_task
 2133	4347					;   CALL enable_task
 2134	4347					; ==================================================================
 2135	4347					
 2136	4347					
 2137	4347					; ==================================================================
 2138	4347					; COMPONENT SYSTEMS (INLINED)
 2139	4347					; Generated inside interrupt.asm because interruptDrivenComponents=true
 2140	4347					; ==================================================================
 2141	4347					
 2142	4347					; ==================================================================
 2143	4347					; GAME COMPONENT SYSTEMS(SKIPPED - NO ENTITIES DETECTED)
 2144	4347					    ; File: components.asm
 2145	4347					        ; ==================================================================
 2146	4347					
 2147	4347					; No entities detected in project - ECS system not needed
 2148	4347					    ; This saves ~650 lines of unused component management code
 2149	4347					
 2150	4347					; Constants required by state machine action handlers
 2151	4347					ANIM_FLAG_PLAYING            EQU #01
 2152	4347					ANIM_FLAG_LOOP               EQU #02
 2153	4347					ANIM_FLAG_ONLY_WHEN_MOVING   EQU #04
 2154	4347					ANIM_FLAG_COMPLETED          EQU #08
 2155	4347					ANIM_DEFAULT_SPEED           EQU 8
 2156	4347					
 2157	4347					COMP_POSITION   EQU 0
 2158	4347					COMP_SPRITE     EQU 1
 2159	4347					COMP_MOVEMENT   EQU 2
 2160	4347					COMP_COLLISION  EQU 3
 2161	4347					COMP_INPUT      EQU 4
 2162	4347					COMP_BEHAVIOR   EQU 5
 2163	4347					COMP_HEALTH     EQU 6
 2164	4347					COMP_ANIMATION  EQU 7
 2165	4347					COMP_JUMP       EQU 8
 2166	4347					COMP_GRAVITY    EQU 9
 2167	4347					
 2168	4347					COMP_MASK_POSITION   EQU #0001
 2169	4347					COMP_MASK_SPRITE     EQU #0002
 2170	4347					COMP_MASK_MOVEMENT   EQU #0004
 2171	4347					COMP_MASK_COLLISION  EQU #0008
 2172	4347					COMP_MASK_INPUT      EQU #0010
 2173	4347					COMP_MASK_BEHAVIOR   EQU #0020
 2174	4347					COMP_MASK_HEALTH     EQU #0040
 2175	4347					COMP_MASK_ANIMATION  EQU #0080
 2176	4347					COMP_MASK_JUMP       EQU #0100
 2177	4347					COMP_MASK_GRAVITY    EQU #0200
 2178	4347					COMP_MASK_AUTO_DESTROY EQU #0400
 2179	4347					
 2180	4347					    ; Minimal stub functions for compatibility
 2181	4347					init_components:
 2182	4347	C9				    ret
 2183	4348					init_entities:
 2184	4348	C9				    ret
 2185	4349					update_all_entities:
 2186	4349	C9				    ret
 2187	434A					execute_all_state_machines:
 2188	434A	C9				    ret
 2189	434B					create_entity:
 2190	434B	C9				    ret
 2191	434C					entity_job_set:
 2192	434C	C9				    ret
 2193	434D					entity_job_should_run_c:
 2194	434D	3E	01			    ld a, 1
 2195	434F	C9				    ret
 2196	4350					force_update_entity_sprite:
 2197	4350	C9				    ret
 2198	4351					
 2199	4351					update_input_component:
 2200	4351	C9				    ret
 2201	4352					update_position_component:
 2202	4352	C9				    ret
 2203	4353					update_movement_component:
 2204	4353	C9				    ret
 2205	4354					update_collision_component:
 2206	4354	C9				    ret
 2207	4355					update_sprite_component:
 2208	4355	C9				    ret
 2209	4356					update_behavior_component:
 2210	4356	C9				    ret
 2211	4357					update_health_component:
 2212	4357	C9				    ret
 2213	4358					update_animation_component:
 2214	4358	C9				    ret
 2215	4359					update_jump_component:
 2216	4359	C9				    ret
 2217	435A					update_gravity_component:
 2218	435A	C9				    ret
 2219	435B					update_slash_component:
 2220	435B	C9				    ret
 2221	435C					update_auto_destroy_component:
 2222	435C	C9				    ret
 2223	435D					update_cursors_component:
 2224	435D	C9				    ret
 2225	435E					update_statemachine_component:
 2226	435E	C9				    ret
 2227	435F					update_carry_component:
 2228	435F	C9				    ret
 2229	4360					update_damage_component:
 2230	4360	C9				    ret
 2231	4361					update_shoot_component:
 2232	4361	C9				    ret
 2233	4362					update_wallcollision_component:
 2234	4362	C9				    ret
 2235	4363					update_collectible_component:
 2236	4363	C9				    ret
 2237	4364					check_tile_interaction:
 2238	4364	C9				    ret
 2239	4365					apply_collected_tiles:
 2240	4365	C9				    ret
 2241	4366					
 2242	4366					init_position_system:
 2243	4366	C9				    ret
 2244	4367					init_sprite_system:
 2245	4367	C9				    ret
 2246	4368					init_movement_system:
 2247	4368	C9				    ret
 2248	4369					init_collision_system:
 2249	4369	C9				    ret
 2250	436A					init_input_system:
 2251	436A	C9				    ret
 2252	436B					init_behavior_system:
 2253	436B	C9				    ret
 2254	436C					init_health_system:
 2255	436C	C9				    ret
 2256	436D					init_animation_system:
 2257	436D	C9				    ret
 2258	436E					init_jump_system:
 2259	436E	C9				    ret
 2260	436F					init_gravity_system:
 2261	436F	C9				    ret
 2262	4370					init_auto_destroy_system:
 2263	4370	C9				    ret
 2264	4371					init_cursors_system:
 2265	4371	C9				    ret
 2266	4372					init_statemachine_system:
 2267	4372	C9				    ret
 2268	4373					init_carry_system:
 2269	4373	C9				    ret
 2270	4374					init_damage_system:
 2271	4374	C9				    ret
 2272	4375					init_shoot_system:
 2273	4375	C9				    ret
 2274	4376					init_platform_riding_system:
 2275	4376	C9				    ret
 2276	4377					init_wallcollision_system:
 2277	4377	C9				    ret
 2278	4378					init_collectible_system:
 2279	4378	C9				    ret
 2280	4379					init_tile_interaction_system:
 2281	4379	C9				    ret
 2282	437A					init_entity_position:
 2283	437A	C9				    ret
 2284	437B					init_entity_sprite:
 2285	437B	C9				    ret
 2286	437C					
 2287	437C					    ; Component Data Structure EQUs (referenced by state machine actions)
 2288	437C					entity_jump_vel_y   EQU temp_word_3
 2289	437C					entity_slash_vel_x  EQU temp_byte_3
 2290	437C					entity_jump_count   EQU temp_byte_4
 2291	437C					entity_jump_max     EQU temp_byte_25
 2292	437C					entity_jump_bonus   EQU temp_byte_27
 2293	437C					entity_on_ground    EQU temp_byte_5
 2294	437C					entity_gravity_vel  EQU temp_word_4
 2295	437C					entity_health_current EQU temp_byte_6
 2296	437C					entity_health_max     EQU temp_byte_7
 2297	437C					entity_deadly_collision EQU temp_byte_8
 2298	437C					entity_invincibility_frames EQU temp_byte_9
 2299	437C					entity_damage_amount        EQU temp_byte_10
 2300	437C					entity_shoot_cooldown   EQU temp_byte_11
 2301	437C					entity_shoot_sprite_id  EQU temp_byte_12
 2302	437C					entity_shoot_speed      EQU temp_byte_13
 2303	437C					entity_collision_layer  EQU temp_byte_14
 2304	437C					entity_collides_with    EQU temp_byte_15
 2305	437C					entity_platform_id      EQU temp_byte_16
 2306	437C					entity_platform_grace   EQU temp_byte_17
 2307	437C					entity_wall_collision_flags EQU temp_byte_18
 2308	437C					entity_collision_hitbox_w EQU temp_byte_19
 2309	437C					entity_collision_hitbox_h EQU temp_byte_20
 2310	437C					entity_collision_offset_x EQU temp_byte_21
 2311	437C					entity_collision_offset_y EQU temp_byte_22
 2312	437C					entity_entity_collision_flags EQU temp_byte_23
 2313	437C					entity_last_collision_entity EQU temp_byte_24
 2314	437C					
 2315	437C					    ; ==================================================================
 2316	437C					; END OF COMPONENTS(MINIMAL VERSION)
 2317	437C					    ; ==================================================================
 2318	437C					        
 2319	437C					; ==================================================================
 2320	437C					; END OF INLINED COMPONENT SYSTEMS
 2321	437C					; ==================================================================
 2322	437C					
 2323	437C					
 2324	437C					
 2325	437C					; [patterns.asm skipped - no tiles]
 2326	437C					
 2327	437C					
 2328	437C					; [colors.asm skipped - no tiles]
 2329	437C					
 2330	437C					
 2331	437C					; ==================================================================
 2332	437C					; SPRITE DATA
 2333	437C					; File: sprites.asm
 2334	437C					; Description: Sprite pattern and animation data
 2335	437C					; Entities: 0
 2336	437C					; Total Hardware Sprites (Layers): 32
 2337	437C					; SAT Upload Sprites per frame: 2
 2338	437C					; ==================================================================
 2339	437C					
 2340	437C					; ==================================================================
 2341	437C					; SPRITE PATTERN DATA
 2342	437C					; ==================================================================
 2343	437C					
 2344	437C					; ==================================================================
 2345	437C					; PLACEHOLDER SPRITE PATTERN (for entities with missing sprite assets)
 2346	437C					; ==================================================================
 2347	437C					; 16x16 white square sprite (solid fill)
 2348	437C					SPRITE_PLACEHOLDER_PATTERN:
 2349	437C					    ; Top half (8x8)
 2350	437C	FF	FF	FF	FF	FF	FF	FF	FF	    db #FF, #FF, #FF, #FF, #FF, #FF, #FF, #FF
 2351	4384					    ; Bottom half (8x8)
 2352	4384	FF	FF	FF	FF	FF	FF	FF	FF	    db #FF, #FF, #FF, #FF, #FF, #FF, #FF, #FF
 2353	438C					    ; Right half top (8x8)
 2354	438C	FF	FF	FF	FF	FF	FF	FF	FF	    db #FF, #FF, #FF, #FF, #FF, #FF, #FF, #FF
 2355	4394					    ; Right half bottom (8x8)
 2356	4394	FF	FF	FF	FF	FF	FF	FF	FF	    db #FF, #FF, #FF, #FF, #FF, #FF, #FF, #FF
 2357	439C					SPRITE_PLACEHOLDER_PATTERN_BANK EQU ((SPRITE_PLACEHOLDER_PATTERN - #4000) / #2000)
 2358	439C					
 2359	439C					; No sprite assets found - using placeholder pattern only 
 2360	439C					SPRITE_0_PATTERN EQU SPRITE_PLACEHOLDER_PATTERN
 2361	439C					SPRITE_0_PATTERN_BANK EQU ((SPRITE_0_PATTERN - #4000) / #2000)
 2362	439C					
 2363	439C					; ==================================================================
 2364	439C					; SPRITE ANIMATION METADATA TABLES
 2365	439C					; ==================================================================
 2366	439C					
 2367	439C					; Table: Sprite Asset Frame Counts
 2368	439C					; Format: db frame_count
 2369	439C					sprite_asset_frame_count:
 2370	439C	01				    db 1 ; Placeholder
 2371	439D					SPRITE_ASSET_COUNT EQU 1
 2372	439D					
 2373	439D					; Table: Sprite Asset Loop Flags
 2374	439D					; Format: db flags (bit 1: 1=loop, 0=once)
 2375	439D					sprite_loop_flags:
 2376	439D	02				    db 2 ; Placeholder (loops by default)
 2377	439E					
 2378	439E					; Table: Sprite Asset Frame Pointer List Table
 2379	439E					; Format: dw SPRITE_<id>_FRAME_PTRS
 2380	439E					sprite_asset_frame_ptr_table:
 2381	439E	A0	43			    dw SPRITE_0_FRAME_PTRS
 2382	43A0					
 2383	43A0					SPRITE_0_FRAME_PTRS:
 2384	43A0	7C	43			    dw SPRITE_PLACEHOLDER_PATTERN
 2385	43A2					
 2386	43A2					; ==================================================================
 2387	43A2					; DIRECTIONAL SPRITE LOOKUP TABLES
 2388	43A2					; Maps any sprite asset index to its directional variant index.
 2389	43A2					; If no directional variant exists, table points back to same index.
 2390	43A2					; ==================================================================
 2391	43A2					sprite_dir_left_table:
 2392	43A2	00				    db 0
 2393	43A3					
 2394	43A3					sprite_dir_right_table:
 2395	43A3	00				    db 0
 2396	43A4					
 2397	43A4					sprite_dir_up_table:
 2398	43A4	00				    db 0
 2399	43A5					
 2400	43A5					sprite_dir_down_table:
 2401	43A5	00				    db 0
 2402	43A6					
 2403	43A6					 
 2404	43A6					; ================================================================== 
 2405	43A6					; SPRITE CONFIGURATION TABLES 
 2406	43A6					; ================================================================== 
 2407	43A6					
 2408	43A6					; Table: Entity Sprite Configuration 
 2409	43A6					; Format: db base_hw_sprite_index, layer_count 
 2410	43A6					entity_sprite_config: 
 2411	43A6	00	00	00	00	00	00	00	00	00	00	00	00	00	00	00	00	00	00	00	00	00	00	00	00	00	00	00	00	00	00	00	00	00	00	00	00	00	00	00	00	00	00	00	00	00	00	00	00	00	00	00	00	00	00	00	00	00	00	00	00	00	00	00	00	    ds 64, 0 ; Padding
 2412	43E6					
 2413	43E6					; Table: Entity -> Sprite Asset Index (ROM initial values)
 2414	43E6					; Copied to RAM entity_sprite_asset_index at init
 2415	43E6					; Format: db sprite_asset_index (#FF = none)
 2416	43E6					entity_sprite_asset_index_init:
 2417	43E6	FF	FF	FF	FF	FF	FF	FF	FF	FF	FF	FF	FF	FF	FF	FF	FF	FF	FF	FF	FF	FF	FF	FF	FF	FF	FF	FF	FF	FF	FF	FF	FF	    ds 32, #FF ; Padding
 2418	4406					SPRITE_MAX_ENTITY_LAYERS EQU 1  ; Max HW sprite layers per entity
 2419	4406					
 2420	4406					; Table: Hardware Sprite Layer Colors (ROM initial values - copied to RAM at init)
 2421	4406					; Format: db color_index
 2422	4406					sprite_layer_colors_init:
 2423	4406	00	00	00	00	00	00	00	00	00	00	00	00	00	00	00	00	00	00	00	00	00	00	00	00	00	00	00	00	00	00	00	00	    ds 32, 0 ; Padding
 2424	4426					
 2425	4426					; Table: SM Sprite Layer Colors (for Action_ChangeSprite runtime color update)
 2426	4426					; Format: SPRITE_MAX_ENTITY_LAYERS bytes per sprite asset
 2427	4426					; Entry[i*SPRITE_MAX_ENTITY_LAYERS + j] = color for HW sprite slot j of sprite i
 2428	4426					SM_SpriteLayerColorTable:
 2429	4426	00				    db 0 ; Placeholder
 2430	4427					
 2431	4427					; ==================================================================
 2432	4427					; SPRITE INITIALIZATION FUNCTIONS
 2433	4427					; ==================================================================
 2434	4427					
 2435	4427					init_sprites:
 2436	4427					    ; Copy sprite_layer_colors_init (ROM) -> sprite_layer_colors (RAM)
 2437	4427	21	06	44		    ld hl, sprite_layer_colors_init
 2438	442A	11	20	CB		    ld de, sprite_layer_colors
 2439	442D	01	20	00		    ld bc, 32
 2440	4430	ED	B0			    ldir
 2441	4432	CD	68	44		    call clear_all_sprites
 2442	4435	CD	3D	44		    call load_sprite_patterns
 2443	4438	AF				    xor a
 2444	4439	32	DE	CA		    ld (active_sprite_count), a
 2445	443C	C9				    ret
 2446	443D					
 2447	443D					load_sprite_patterns:
 2448	443D					    ; Load patterns for all active entities
 2449	443D	CD	76	41		    call mapper_push_p2
 2450	4440					    ; No sprites to load
 2451	4440	CD	7D	41		    call mapper_pop_p2
 2452	4443	C9				    ret
 2453	4444					
 2454	4444					; ==================================================================
 2455	4444					; SPRITE MANAGEMENT FUNCTIONS
 2456	4444					; ==================================================================
 2457	4444					
 2458	4444					; A = hardware sprite index, B = X, C = Y, D = pattern, E = color
 2459	4444					show_sprite:
 2460	4444					    ; Safety check: Ensure sprite index < 32
 2461	4444	FE	20			    cp 32
 2462	4446	D0				    ret nc
 2463	4447					
 2464	4447					    ; Safety check: Never write Y >= 208 (208 is SAT end marker on MSX)
 2465	4447	F5				    push af
 2466	4448	79				    ld a, c
 2467	4449	FE	D0			    cp 208
 2468	444B	38	02			    jr c, .y_ok
 2469	444D	0E	E0			    ld c, SPRITE_INVISIBLE
 2470	444F					.y_ok:
 2471	444F	F1				    pop af
 2472	4450					
 2473	4450					    ; Save pattern (D) and color (E) before calculating address
 2474	4450	D5				    push de
 2475	4451					
 2476	4451					    ; Calculate base address for sprite: index * 4
 2477	4451	6F				    ld l, a
 2478	4452	26	00			    ld h, 0
 2479	4454	29				    add hl, hl      ; index * 2
 2480	4455	29				    add hl, hl      ; index * 4
 2481	4456					    ; Add base of the attribute table
 2482	4456	11	40	CB		    ld de, sprite_attributes
 2483	4459	19				    add hl, de      ; HL = &sprite_attributes[index * 4]
 2484	445A					
 2485	445A					    ; Restore pattern and color
 2486	445A	D1				    pop de
 2487	445B					
 2488	445B					    ; Write attributes
 2489	445B	71				    ld (hl), c      ; Y
 2490	445C	23				    inc hl
 2491	445D	70				    ld (hl), b      ; X
 2492	445E	23				    inc hl
 2493	445F	72				    ld (hl), d      ; Pattern
 2494	4460	23				    inc hl
 2495	4461	73				    ld (hl), e      ; Color
 2496	4462					
 2497	4462	3E	01			    ld a, 1
 2498	4464	32	DF	CA		    ld (sprites_dirty), a
 2499	4467	C9				    ret
 2500	4468					
 2501	4468					; Clear all sprites (set Y = SPRITE_INVISIBLE)
 2502	4468					; OPTIMIZED: Uses faster increment method instead of ADD HL,DE
 2503	4468					clear_all_sprites:
 2504	4468	21	40	CB		    ld hl, sprite_attributes
 2505	446B	06	20			    ld b, 32
 2506	446D	3E	E0			    ld a, SPRITE_INVISIBLE
 2507	446F					.sprite_clear_loop:
 2508	446F	77				    ld (hl), a      ; Set Y = SPRITE_INVISIBLE
 2509	4470	23				    inc hl          ; Skip to X
 2510	4471	23				    inc hl          ; Skip to Pattern
 2511	4472	23				    inc hl          ; Skip to Color
 2512	4473	23				    inc hl          ; Next sprite (4?? INC HL = 24 cycles vs ADD HL,DE = 35 cycles)
 2513	4474	10	F9			    djnz .sprite_clear_loop
 2514	4476	3E	01			    ld a, 1
 2515	4478	32	DF	CA		    ld (sprites_dirty), a
 2516	447B	C9				    ret
 2517	447C					
 2518	447C					; Hide specific sprite (A = hardware sprite index)
 2519	447C					hide_sprite:
 2520	447C	FE	20			    cp 32
 2521	447E	D0				    ret nc
 2522	447F	6F				    ld l, a
 2523	4480	26	00			    ld h, 0
 2524	4482	29				    add hl, hl
 2525	4483	29				    add hl, hl
 2526	4484	11	40	CB		    ld de, sprite_attributes
 2527	4487	19				    add hl, de
 2528	4488	36	E0			    ld (hl), SPRITE_INVISIBLE
 2529	448A	3E	01			    ld a, 1
 2530	448C	32	DF	CA		    ld (sprites_dirty), a
 2531	448F	C9				    ret
 2532	4490					
 2533	4490					; Copy sprite attributes from RAM to VRAM
 2534	4490					update_sprites_to_vram:
 2535	4490	3A	DF	CA		    ld a, (sprites_dirty)
 2536	4493	B7				    or a
 2537	4494	C8				    ret z
 2538	4495	AF				    xor a
 2539	4496	32	DF	CA		    ld (sprites_dirty), a
 2540	4499	21	40	CB		    ld hl, sprite_attributes
 2541	449C	11	00	1B		    ld de, SPRATR
 2542	449F	01	08	00		    ld bc, 8  ; Upload active sprite range + SAT end marker
 2543	44A2	CD	B3	40		    call FAST_LDIRVM
 2544	44A5	C9				    ret
 2545	44A6					
 2546	44A6					; ==================================================================
 2547	44A6					; SPRITE CONSTANTS
 2548	44A6					; ==================================================================
 2549	44A6					SPRITE_INVISIBLE    EQU 224
 2550	44A6					
 2551	44A6					; ==================================================================
 2552	44A6					; RAM REQUIREMENTS
 2553	44A6					; ==================================================================
 2554	44A6					; sprite_attributes: ds 128
 2555	44A6					; active_sprite_count: db 0
 2556	44A6					; sprites_dirty: db 0
 2557	44A6					
 2558	44A6					
 2559	44A6					; [screens.asm skipped - no screens]
 2560	44A6					
 2561	44A6					
 2562	44A6					; Components are generated inside interrupt.asm (interruptDrivenComponents=true)
 2563	44A6					
 2564	44A6					
 2565	44A6					; [entities.asm skipped - no entities]
 2566	44A6					
 2567	44A6					
 2568	44A6					; [menus.asm skipped - no menus]
 2569	44A6					
 2570	44A6					
 2571	44A6					; [font.asm skipped - no text/menus]
 2572	44A6					
 2573	44A6					
 2574	44A6					; [hud.asm skipped - no HUD elements]
 2575	44A6					
 2576	44A6					
 2577	44A6					; ==================================================================
 2578	44A6					; PSG SOUND SYSTEM
 2579	44A6					; File: sound.asm
 2580	44A6					; Description: AY-3-8910 PSG control and sound effects
 2581	44A6					; ==================================================================
 2582	44A6					
 2583	44A6					; ==================================================================
 2584	44A6					; PSG REGISTER ADDRESSES
 2585	44A6					; ==================================================================
 2586	44A6					
 2587	44A6					; Tone Generators (Channels A, B, C)
 2588	44A6					PSG_TONE_A_LO       EQU 0        ; Channel A period low byte
 2589	44A6					PSG_TONE_A_HI       EQU 1        ; Channel A period high byte (4 bits)
 2590	44A6					PSG_TONE_B_LO       EQU 2        ; Channel B period low byte
 2591	44A6					PSG_TONE_B_HI       EQU 3        ; Channel B period high byte (4 bits)
 2592	44A6					PSG_TONE_C_LO       EQU 4        ; Channel C period low byte
 2593	44A6					PSG_TONE_C_HI       EQU 5        ; Channel C period high byte (4 bits)
 2594	44A6					
 2595	44A6					; Noise Generator
 2596	44A6					PSG_NOISE_PERIOD    EQU 6        ; Noise period (5 bits)
 2597	44A6					
 2598	44A6					; Mixer Control
 2599	44A6					PSG_MIXER           EQU 7        ; Mixer/Enable register
 2600	44A6					; Bit 0: Channel A tone enable (0=on, 1=off)
 2601	44A6					; Bit 1: Channel B tone enable
 2602	44A6					; Bit 2: Channel C tone enable
 2603	44A6					; Bit 3: Channel A noise enable (0=on, 1=off)
 2604	44A6					; Bit 4: Channel B noise enable
 2605	44A6					; Bit 5: Channel C noise enable
 2606	44A6					
 2607	44A6					; Volume Control
 2608	44A6					PSG_VOL_A           EQU 8        ; Channel A volume (4 bits) + envelope flag (bit 4)
 2609	44A6					PSG_VOL_B           EQU 9        ; Channel B volume
 2610	44A6					PSG_VOL_C           EQU 10       ; Channel C volume
 2611	44A6					
 2612	44A6					; Envelope Generator
 2613	44A6					PSG_ENV_LO          EQU 11       ; Envelope period low byte
 2614	44A6					PSG_ENV_HI          EQU 12       ; Envelope period high byte
 2615	44A6					PSG_ENV_SHAPE       EQU 13       ; Envelope shape (4 bits)
 2616	44A6					
 2617	44A6					; ==================================================================
 2618	44A6					; PSG TONE PERIODS (Musical notes, octave 4, 3.579545 MHz clock)
 2619	44A6					; ==================================================================
 2620	44A6					
 2621	44A6					; Note frequencies for octave 4 (middle C = C4)
 2622	44A6					NOTE_C4         EQU 477      ; C  - 261.63 Hz
 2623	44A6					NOTE_CS4        EQU 450      ; C# - 277.18 Hz
 2624	44A6					NOTE_D4         EQU 425      ; D  - 293.66 Hz
 2625	44A6					NOTE_DS4        EQU 401      ; D# - 311.13 Hz
 2626	44A6					NOTE_E4         EQU 379      ; E  - 329.63 Hz
 2627	44A6					NOTE_F4         EQU 357      ; F  - 349.23 Hz
 2628	44A6					NOTE_FS4        EQU 337      ; F# - 369.99 Hz
 2629	44A6					NOTE_G4         EQU 318      ; G  - 392.00 Hz
 2630	44A6					NOTE_GS4        EQU 300      ; G# - 415.30 Hz
 2631	44A6					NOTE_A4         EQU 284      ; A  - 440.00 Hz
 2632	44A6					NOTE_AS4        EQU 268      ; A# - 466.16 Hz
 2633	44A6					NOTE_B4         EQU 253      ; B  - 493.88 Hz
 2634	44A6					NOTE_C5         EQU 238      ; C5 - 523.25 Hz
 2635	44A6					
 2636	44A6					; Octave multipliers: Divide period by 2 for +1 octave, multiply by 2 for -1 octave
 2637	44A6					
 2638	44A6					; ==================================================================
 2639	44A6					; SOUND EFFECT DURATIONS (in frames, 60Hz)
 2640	44A6					; ==================================================================
 2641	44A6					
 2642	44A6					SFX_SHORT           EQU 5        ; ~83ms
 2643	44A6					SFX_MEDIUM          EQU 15       ; ~250ms
 2644	44A6					SFX_LONG            EQU 30       ; ~500ms
 2645	44A6					
 2646	44A6					; ==================================================================
 2647	44A6					; SOUND SYSTEM INITIALIZATION
 2648	44A6					; ==================================================================
 2649	44A6					
 2650	44A6					init_sound_system:
 2651	44A6					    ; Initialize PSG via BIOS
 2652	44A6	CD	90	00		    call GICINI
 2653	44A9					
 2654	44A9					    ; Clear runtime sound state so power-on RAM garbage cannot make
 2655	44A9					    ; sfx_update / SM_UpdateSound drive the PSG for a few random frames.
 2656	44A9	AF				    xor a
 2657	44AA	32	B1	CD		    ld (sfx_active), a
 2658	44AD	32	B2	CD		    ld (sfx_timer), a
 2659	44B0	32	B3	CD		    ld (sfx_fadeout), a
 2660	44B3	32	42	D1		    ld (sm_sound_active), a
 2661	44B6	32	43	D1		    ld (sm_sound_frames_left), a
 2662	44B9	32	44	D1		    ld (sm_sound_ptr_l), a
 2663	44BC	32	45	D1		    ld (sm_sound_ptr_h), a
 2664	44BF	CD	25	46		    call music_init_system
 2665	44C2					
 2666	44C2					    ; Silence all channels
 2667	44C2	CD	09	45		    call sfx_silence_all
 2668	44C5					
 2669	44C5	C9				    ret
 2670	44C6					
 2671	44C6					; ==================================================================
 2672	44C6					; PSG LOW-LEVEL CONTROL FUNCTIONS
 2673	44C6					; ==================================================================
 2674	44C6					
 2675	44C6					; ------------------------------------------------------------------
 2676	44C6					; psg_write
 2677	44C6					; Write to PSG register via BIOS
 2678	44C6					; Input:  A = Register number (0-13)
 2679	44C6					;         E = Value to write
 2680	44C6					; Destroys: AF, E
 2681	44C6					; ------------------------------------------------------------------
 2682	44C6					psg_write:
 2683	44C6	CD	93	00		    call WRTPSG
 2684	44C9	C9				    ret
 2685	44CA					
 2686	44CA					; ------------------------------------------------------------------
 2687	44CA					; psg_set_tone
 2688	44CA					; Set tone period for a channel
 2689	44CA					; Input:  A = Channel (0=A, 1=B, 2=C)
 2690	44CA					;         HL = Tone period (12-bit value)
 2691	44CA					; Destroys: AF, BC, DE, HL
 2692	44CA					; ------------------------------------------------------------------
 2693	44CA					psg_set_tone:
 2694	44CA					    ; Calculate register numbers (A*2 for low, A*2+1 for high)
 2695	44CA	87				    add a, a                     ; A = channel * 2
 2696	44CB	4F				    ld c, a                      ; C = low register number
 2697	44CC	3C				    inc a
 2698	44CD	47				    ld b, a                      ; B = high register number
 2699	44CE					
 2700	44CE					    ; Write low byte
 2701	44CE	79				    ld a, c
 2702	44CF	5D				    ld e, l
 2703	44D0	CD	93	00		    call WRTPSG
 2704	44D3					
 2705	44D3					    ; Write high byte (only lower 4 bits)
 2706	44D3	78				    ld a, b
 2707	44D4	5C				    ld e, h
 2708	44D5	7B				    ld a, e
 2709	44D6	E6	0F			    and #0F
 2710	44D8	5F				    ld e, a
 2711	44D9	78				    ld a, b
 2712	44DA	CD	93	00		    call WRTPSG
 2713	44DD					
 2714	44DD	C9				    ret
 2715	44DE					
 2716	44DE					; ------------------------------------------------------------------
 2717	44DE					; psg_set_volume
 2718	44DE					; Set volume for a channel
 2719	44DE					; Input:  A = Channel (0=A, 1=B, 2=C)
 2720	44DE					;         B = Volume (0-15) or #10 to enable PSG hardware envelope
 2721	44DE					; Destroys: AF, E
 2722	44DE					; ------------------------------------------------------------------
 2723	44DE					psg_set_volume:
 2724	44DE	C6	08			    add a, PSG_VOL_A             ; A = PSG_VOL_x register
 2725	44E0	58				    ld e, b                      ; E = volume value
 2726	44E1	CD	93	00		    call WRTPSG
 2727	44E4	C9				    ret
 2728	44E5					
 2729	44E5					; ------------------------------------------------------------------
 2730	44E5					; psg_set_noise
 2731	44E5					; Set noise generator period
 2732	44E5					; Input:  A = Noise period (0-31)
 2733	44E5					; Destroys: AF, E
 2734	44E5					; ------------------------------------------------------------------
 2735	44E5					psg_set_noise:
 2736	44E5	5F				    ld e, a
 2737	44E6	3E	06			    ld a, PSG_NOISE_PERIOD
 2738	44E8	CD	93	00		    call WRTPSG
 2739	44EB	C9				    ret
 2740	44EC					
 2741	44EC					; ------------------------------------------------------------------
 2742	44EC					; psg_set_mixer
 2743	44EC					; Set mixer control (enable/disable tone and noise)
 2744	44EC					; Input:  A = Mixer value
 2745	44EC					;         Bits 0-2: Tone off (0=on, 1=off) for channels A,B,C
 2746	44EC					;         Bits 3-5: Noise off (0=on, 1=off) for channels A,B,C
 2747	44EC					; Destroys: AF, E
 2748	44EC					; ------------------------------------------------------------------
 2749	44EC					psg_set_mixer:
 2750	44EC	5F				    ld e, a
 2751	44ED	3E	07			    ld a, PSG_MIXER
 2752	44EF	CD	93	00		    call WRTPSG
 2753	44F2	C9				    ret
 2754	44F3					
 2755	44F3					; ------------------------------------------------------------------
 2756	44F3					; psg_set_envelope
 2757	44F3					; Program the global PSG hardware envelope generator
 2758	44F3					; Input:  HL = Envelope period
 2759	44F3					;         B = Envelope shape (0-15)
 2760	44F3					; Destroys: AF, E
 2761	44F3					; ------------------------------------------------------------------
 2762	44F3					psg_set_envelope:
 2763	44F3	3E	0B			    ld a, PSG_ENV_LO
 2764	44F5	5D				    ld e, l
 2765	44F6	CD	93	00		    call WRTPSG
 2766	44F9	3E	0C			    ld a, PSG_ENV_HI
 2767	44FB	5C				    ld e, h
 2768	44FC	CD	93	00		    call WRTPSG
 2769	44FF	78				    ld a, b
 2770	4500	E6	0F			    and #0F
 2771	4502	5F				    ld e, a
 2772	4503	3E	0D			    ld a, PSG_ENV_SHAPE
 2773	4505	CD	93	00		    call WRTPSG
 2774	4508	C9				    ret
 2775	4509					
 2776	4509					; ==================================================================
 2777	4509					; HIGH-LEVEL SOUND EFFECTS
 2778	4509					; ==================================================================
 2779	4509					
 2780	4509					; ------------------------------------------------------------------
 2781	4509					; sfx_silence_all
 2782	4509					; Silence all PSG channels
 2783	4509					; ------------------------------------------------------------------
 2784	4509					sfx_silence_all:
 2785	4509					    ; Set all volumes to 0
 2786	4509	AF				    xor a                        ; A = channel A
 2787	450A	06	00			    ld b, 0                      ; B = volume 0
 2788	450C	CD	DE	44		    call psg_set_volume
 2789	450F					
 2790	450F	3E	01			    ld a, 1                      ; A = channel B
 2791	4511	06	00			    ld b, 0
 2792	4513	CD	DE	44		    call psg_set_volume
 2793	4516					
 2794	4516	3E	02			    ld a, 2                      ; A = channel C
 2795	4518	06	00			    ld b, 0
 2796	451A	CD	DE	44		    call psg_set_volume
 2797	451D					
 2798	451D					    ; Disable all tone and noise
 2799	451D	3E	3F			    ld a, #3F                    ; All tone and noise off
 2800	451F	CD	EC	44		    call psg_set_mixer
 2801	4522					
 2802	4522	C9				    ret
 2803	4523					
 2804	4523					; ------------------------------------------------------------------
 2805	4523					; sfx_beep
 2806	4523					; Simple beep sound
 2807	4523					; ------------------------------------------------------------------
 2808	4523					sfx_beep:
 2809	4523					    ; Channel A: 440Hz (A4)
 2810	4523	AF				    xor a                        ; A = channel A
 2811	4524	21	1C	01		    ld hl, NOTE_A4
 2812	4527	CD	CA	44		    call psg_set_tone
 2813	452A					
 2814	452A					    ; Volume 12
 2815	452A	AF				    xor a
 2816	452B	06	0C			    ld b, 12
 2817	452D	CD	DE	44		    call psg_set_volume
 2818	4530					
 2819	4530					    ; Enable tone A only
 2820	4530	3E	3E			    ld a, #3E                    ; Tone A on, others off
 2821	4532	CD	EC	44		    call psg_set_mixer
 2822	4535					
 2823	4535	C9				    ret
 2824	4536					
 2825	4536					; ------------------------------------------------------------------
 2826	4536					; sfx_jump
 2827	4536					; Jump sound effect (rising pitch)
 2828	4536					; ------------------------------------------------------------------
 2829	4536					sfx_jump:
 2830	4536					    ; Channel A: Start at C4, quick rise
 2831	4536	AF				    xor a
 2832	4537	21	DD	01		    ld hl, NOTE_C4
 2833	453A	CD	CA	44		    call psg_set_tone
 2834	453D					
 2835	453D					    ; Volume 10
 2836	453D	AF				    xor a
 2837	453E	06	0A			    ld b, 10
 2838	4540	CD	DE	44		    call psg_set_volume
 2839	4543					
 2840	4543					    ; Enable tone A
 2841	4543	3E	3E			    ld a, #3E
 2842	4545	CD	EC	44		    call psg_set_mixer
 2843	4548					
 2844	4548					    ; TODO: Add pitch sweep for realistic jump sound
 2845	4548	C9				    ret
 2846	4549					
 2847	4549					; ------------------------------------------------------------------
 2848	4549					; sfx_shoot
 2849	4549					; Shooting sound (noise + low tone)
 2850	4549					; ------------------------------------------------------------------
 2851	4549					sfx_shoot:
 2852	4549					    ; Channel A: Low tone
 2853	4549	AF				    xor a
 2854	454A	21	64	00		    ld hl, 100                   ; Low period = high pitch
 2855	454D	CD	CA	44		    call psg_set_tone
 2856	4550					
 2857	4550					    ; Volume 8
 2858	4550	AF				    xor a
 2859	4551	06	08			    ld b, 8
 2860	4553	CD	DE	44		    call psg_set_volume
 2861	4556					
 2862	4556					    ; Noise generator at period 5
 2863	4556	3E	05			    ld a, 5
 2864	4558	CD	E5	44		    call psg_set_noise
 2865	455B					
 2866	455B					    ; Enable tone A + noise A
 2867	455B	3E	36			    ld a, #36                    ; Tone A + Noise A on
 2868	455D	CD	EC	44		    call psg_set_mixer
 2869	4560					
 2870	4560	C9				    ret
 2871	4561					
 2872	4561					; ------------------------------------------------------------------
 2873	4561					; sfx_explosion
 2874	4561					; Explosion sound (noise-heavy)
 2875	4561					; ------------------------------------------------------------------
 2876	4561					sfx_explosion:
 2877	4561					    ; Noise generator at period 10
 2878	4561	3E	0A			    ld a, 10
 2879	4563	CD	E5	44		    call psg_set_noise
 2880	4566					
 2881	4566					    ; Channel A: Volume 15 (max) with noise
 2882	4566	AF				    xor a
 2883	4567	06	0F			    ld b, 15
 2884	4569	CD	DE	44		    call psg_set_volume
 2885	456C					
 2886	456C					    ; Enable noise A only (no tone)
 2887	456C	3E	39			    ld a, #39                    ; Noise A on, tone off
 2888	456E	CD	EC	44		    call psg_set_mixer
 2889	4571					
 2890	4571	C9				    ret
 2891	4572					
 2892	4572					; ------------------------------------------------------------------
 2893	4572					; sfx_coin
 2894	4572					; Coin/pickup sound (quick ascending notes)
 2895	4572					; ------------------------------------------------------------------
 2896	4572					sfx_coin:
 2897	4572					    ; Channel B: E4 note
 2898	4572	3E	01			    ld a, 1                      ; Channel B
 2899	4574	21	7B	01		    ld hl, NOTE_E4
 2900	4577	CD	CA	44		    call psg_set_tone
 2901	457A					
 2902	457A					    ; Volume 10
 2903	457A	3E	01			    ld a, 1
 2904	457C	06	0A			    ld b, 10
 2905	457E	CD	DE	44		    call psg_set_volume
 2906	4581					
 2907	4581					    ; Enable tone B
 2908	4581	3E	3D			    ld a, #3D                    ; Tone B on, others off
 2909	4583	CD	EC	44		    call psg_set_mixer
 2910	4586					
 2911	4586					    ; TODO: Quick ascend to G4 for classic coin sound
 2912	4586	C9				    ret
 2913	4587					
 2914	4587					; ------------------------------------------------------------------
 2915	4587					; sfx_damage
 2916	4587					; Damage/hit sound (harsh noise)
 2917	4587					; ------------------------------------------------------------------
 2918	4587					sfx_damage:
 2919	4587					    ; Short noise burst
 2920	4587	3E	03			    ld a, 3                      ; Harsh noise period
 2921	4589	CD	E5	44		    call psg_set_noise
 2922	458C					
 2923	458C					    ; Channel C: Volume 12
 2924	458C	3E	02			    ld a, 2                      ; Channel C
 2925	458E	06	0C			    ld b, 12
 2926	4590	CD	DE	44		    call psg_set_volume
 2927	4593					
 2928	4593					    ; Enable noise C only
 2929	4593	3E	1F			    ld a, #1F                    ; Noise C on
 2930	4595	CD	EC	44		    call psg_set_mixer
 2931	4598					
 2932	4598	C9				    ret
 2933	4599					
 2934	4599					; ==================================================================
 2935	4599					; SOUND EFFECT PLAYBACK SYSTEM
 2936	4599					; ==================================================================
 2937	4599					; This section provides a simple sound effect manager that can
 2938	4599					; play effects with automatic duration and fadeout
 2939	4599					
 2940	4599					; Runtime state lives in variables.asm:
 2941	4599					;   sfx_active, sfx_timer, sfx_fadeout
 2942	4599					
 2943	4599					; ------------------------------------------------------------------
 2944	4599					; play_sound_effect
 2945	4599					; Play one of the built-in sound effects by ID
 2946	4599					; Input:  A = sound ID
 2947	4599					;         0=beep, 1=jump, 2=shoot, 3=explosion, 4=coin, 5=damage
 2948	4599					; Destroys: AF, BC, DE, HL
 2949	4599					; ------------------------------------------------------------------
 2950	4599					play_sound_effect:
 2951	4599	3A	46	D1		    ld a, (music_active)
 2952	459C	B7				    or a
 2953	459D	C0				    ret nz
 2954	459E	FE	01			    cp 1
 2955	45A0	CA	C0	45		    jp z, play_sound_effect_jump
 2956	45A3	FE	02			    cp 2
 2957	45A5	CA	C9	45		    jp z, play_sound_effect_shoot
 2958	45A8	FE	03			    cp 3
 2959	45AA	CA	D2	45		    jp z, play_sound_effect_explosion
 2960	45AD	FE	04			    cp 4
 2961	45AF	CA	DB	45		    jp z, play_sound_effect_coin
 2962	45B2	FE	05			    cp 5
 2963	45B4	CA	E4	45		    jp z, play_sound_effect_damage
 2964	45B7					
 2965	45B7					play_sound_effect_beep:
 2966	45B7	21	23	45		    ld hl, sfx_beep
 2967	45BA	06	05			    ld b, SFX_SHORT
 2968	45BC	CD	ED	45		    call sfx_play
 2969	45BF	C9				    ret
 2970	45C0					
 2971	45C0					play_sound_effect_jump:
 2972	45C0	21	36	45		    ld hl, sfx_jump
 2973	45C3	06	05			    ld b, SFX_SHORT
 2974	45C5	CD	ED	45		    call sfx_play
 2975	45C8	C9				    ret
 2976	45C9					
 2977	45C9					play_sound_effect_shoot:
 2978	45C9	21	49	45		    ld hl, sfx_shoot
 2979	45CC	06	05			    ld b, SFX_SHORT
 2980	45CE	CD	ED	45		    call sfx_play
 2981	45D1	C9				    ret
 2982	45D2					
 2983	45D2					play_sound_effect_explosion:
 2984	45D2	21	61	45		    ld hl, sfx_explosion
 2985	45D5	06	0F			    ld b, SFX_MEDIUM
 2986	45D7	CD	ED	45		    call sfx_play
 2987	45DA	C9				    ret
 2988	45DB					
 2989	45DB					play_sound_effect_coin:
 2990	45DB	21	72	45		    ld hl, sfx_coin
 2991	45DE	06	05			    ld b, SFX_SHORT
 2992	45E0	CD	ED	45		    call sfx_play
 2993	45E3	C9				    ret
 2994	45E4					
 2995	45E4					play_sound_effect_damage:
 2996	45E4	21	87	45		    ld hl, sfx_damage
 2997	45E7	06	05			    ld b, SFX_SHORT
 2998	45E9	CD	ED	45		    call sfx_play
 2999	45EC	C9				    ret
 3000	45ED					
 3001	45ED					; ------------------------------------------------------------------
 3002	45ED					; sfx_play
 3003	45ED					; Play a sound effect with duration
 3004	45ED					; Input:  HL = Sound effect function address
 3005	45ED					;         B = Duration in frames
 3006	45ED					; ------------------------------------------------------------------
 3007	45ED					sfx_play:
 3008	45ED	3A	46	D1		    ld a, (music_active)
 3009	45F0	B7				    or a
 3010	45F1	C0				    ret nz
 3011	45F2					    ; Call the sound effect function
 3012	45F2	C5				    push bc
 3013	45F3	E5				    push hl
 3014	45F4	11	F9	45		    ld de, .return_address
 3015	45F7	D5				    push de
 3016	45F8	E9				    jp (hl)                      ; Indirect call
 3017	45F9					.return_address:
 3018	45F9	E1				    pop hl
 3019	45FA	C1				    pop bc
 3020	45FB					
 3021	45FB					    ; Set timer
 3022	45FB	78				    ld a, b
 3023	45FC	32	B2	CD		    ld (sfx_timer), a
 3024	45FF					
 3025	45FF					    ; Mark as active
 3026	45FF	3E	01			    ld a, 1
 3027	4601	32	B1	CD		    ld (sfx_active), a
 3028	4604					
 3029	4604	C9				    ret
 3030	4605					
 3031	4605					; ------------------------------------------------------------------
 3032	4605					; sfx_update
 3033	4605					; Update sound effect system (call every frame)
 3034	4605					; Handles automatic fadeout and silence
 3035	4605					; ------------------------------------------------------------------
 3036	4605					sfx_update:
 3037	4605	3A	46	D1		    ld a, (music_active)
 3038	4608	B7				    or a
 3039	4609	C0				    ret nz
 3040	460A					    ; Check if sound is active
 3041	460A	3A	B1	CD		    ld a, (sfx_active)
 3042	460D	B7				    or a
 3043	460E	C8				    ret z                        ; No active sound
 3044	460F					
 3045	460F					    ; Decrement timer
 3046	460F	3A	B2	CD		    ld a, (sfx_timer)
 3047	4612	B7				    or a
 3048	4613	28	08			    jr z, .silence_now
 3049	4615					
 3050	4615	3D				    dec a
 3051	4616	32	B2	CD		    ld (sfx_timer), a
 3052	4619					
 3053	4619					    ; Check if entering fadeout zone (last 5 frames)
 3054	4619	FE	05			    cp 5
 3055	461B	D0				    ret nc                       ; Still in main sound
 3056	461C					
 3057	461C					    ; TODO: Implement volume fadeout here
 3058	461C	C9				    ret
 3059	461D					
 3060	461D					.silence_now:
 3061	461D	CD	09	45		    call sfx_silence_all
 3062	4620	AF				    xor a
 3063	4621	32	B1	CD		    ld (sfx_active), a
 3064	4624	C9				    ret
 3065	4625					
 3066	4625					; ==================================================================
 3067	4625					; PT3 MUSIC BACKEND
 3068	4625					; Uses the PT3 replayer for AY-3-8910 music playback.
 3069	4625					; PT3_SETUP, ChanA, AYREGS, etc. are defined in variables.asm.
 3070	4625					; ==================================================================
 3071	4625					
 3072	4625					; ------------------------------------------------------------------
 3073	4625					; music_init_system
 3074	4625					; Reset PT3 music state. Call once at startup.
 3075	4625					; Destroys: AF
 3076	4625					; ------------------------------------------------------------------
 3077	4625					music_init_system:
 3078	4625	AF				    xor a
 3079	4626	32	46	D1		    ld (music_active), a
 3080	4629	32	47	D1		    ld (music_muted), a
 3081	462C	32	48	D1		    ld (music_loop), a
 3082	462F	32	49	D1		    ld (music_track_index), a
 3083	4632	32	6D	D1		    ld (PT3_SETUP), a
 3084	4635	C9				    ret
 3085	4636					
 3086	4636					; ------------------------------------------------------------------
 3087	4636					; music_silence_channels
 3088	4636					; Silence all AY channels via BIOS WRTPSG.
 3089	4636					; Destroys: AF, E
 3090	4636					; ------------------------------------------------------------------
 3091	4636					music_silence_channels:
 3092	4636	AF				    xor a
 3093	4637	47				    ld b, a
 3094	4638	CD	DE	44		    call psg_set_volume     ; Channel A vol=0
 3095	463B	3E	01			    ld a, 1
 3096	463D	06	00			    ld b, 0
 3097	463F	CD	DE	44		    call psg_set_volume     ; Channel B vol=0
 3098	4642	3E	02			    ld a, 2
 3099	4644	06	00			    ld b, 0
 3100	4646	CD	DE	44		    call psg_set_volume     ; Channel C vol=0
 3101	4649	3E	07			    ld a, PSG_MIXER
 3102	464B	1E	3F			    ld e, #3F
 3103	464D	CD	93	00		    call WRTPSG             ; All tones+noise off
 3104	4650	C9				    ret
 3105	4651					
 3106	4651					; ------------------------------------------------------------------
 3107	4651					; music_stop
 3108	4651					; Stop music and silence channels.
 3109	4651					; Destroys: AF
 3110	4651					; ------------------------------------------------------------------
 3111	4651					music_stop:
 3112	4651	F5				    push af
 3113	4652	AF				    xor a
 3114	4653	32	46	D1		    ld (music_active), a
 3115	4656	32	6D	D1		    ld (PT3_SETUP), a
 3116	4659	CD	36	46		    call music_silence_channels
 3117	465C	F1				    pop af
 3118	465D	C9				    ret
 3119	465E					
 3120	465E					; ------------------------------------------------------------------
 3121	465E					; music_mute
 3122	465E					; Mute music (keep track position).
 3123	465E					; Destroys: AF
 3124	465E					; ------------------------------------------------------------------
 3125	465E					music_mute:
 3126	465E	3A	46	D1		    ld a, (music_active)
 3127	4661	B7				    or a
 3128	4662	C8				    ret z
 3129	4663	3E	01			    ld a, 1
 3130	4665	32	47	D1		    ld (music_muted), a
 3131	4668	CD	36	46		    call music_silence_channels
 3132	466B	C9				    ret
 3133	466C					
 3134	466C					; ------------------------------------------------------------------
 3135	466C					; music_resume
 3136	466C					; Resume muted music.
 3137	466C					; Destroys: AF
 3138	466C					; ------------------------------------------------------------------
 3139	466C					music_resume:
 3140	466C	3A	46	D1		    ld a, (music_active)
 3141	466F	B7				    or a
 3142	4670	C8				    ret z
 3143	4671	AF				    xor a
 3144	4672	32	47	D1		    ld (music_muted), a
 3145	4675	C9				    ret
 3146	4676					
 3147	4676					; ------------------------------------------------------------------
 3148	4676					; music_execute_command
 3149	4676					; Dispatch a music command from Game Flow nodes.
 3150	4676					; Input:  DE -> [command, trackIndex, loopFlag]
 3151	4676					;         0=stop, 1=play, 2=mute, 3=resume, #FF=no-op
 3152	4676					; Destroys: AF, BC (play path), DE (play path), HL
 3153	4676					; ------------------------------------------------------------------
 3154	4676					music_execute_command:
 3155	4676	1A				    ld a, (de)
 3156	4677	FE	FF			    cp #FF
 3157	4679	C8				    ret z
 3158	467A	B7				    or a
 3159	467B	CA	51	46		    jp z, music_stop
 3160	467E	FE	01			    cp 1
 3161	4680	CA	8E	46		    jp z, .pt3_exec_play
 3162	4683	FE	02			    cp 2
 3163	4685	CA	5E	46		    jp z, music_mute
 3164	4688	FE	03			    cp 3
 3165	468A	CA	6C	46		    jp z, music_resume
 3166	468D	C9				    ret
 3167	468E					.pt3_exec_play:
 3168	468E	13				    inc de
 3169	468F	1A				    ld a, (de)
 3170	4690	4F				    ld c, a
 3171	4691	13				    inc de
 3172	4692	1A				    ld a, (de)
 3173	4693	47				    ld b, a
 3174	4694	79				    ld a, c
 3175	4695	CD	99	46		    call music_play_track
 3176	4698	C9				    ret
 3177	4699					
 3178	4699					; ------------------------------------------------------------------
 3179	4699					; music_play_track
 3180	4699					; Start playing a PT3 track.
 3181	4699					; Input:  A = track index (0-based)
 3182	4699					;         B = loop flag (0=no loop, 1=loop)
 3183	4699					; Destroys: AF, BC, DE, HL, IX, IY
 3184	4699					; ------------------------------------------------------------------
 3185	4699					music_play_track:
 3186	4699	32	49	D1		    ld (music_track_index), a
 3187	469C	78				    ld a, b
 3188	469D	E6	01			    and 1
 3189	469F	32	48	D1		    ld (music_loop), a
 3190	46A2	3A	49	D1		    ld a, (music_track_index)
 3191	46A5	87				    add a, a               ; *2 (DW entries)
 3192	46A6	5F				    ld e, a
 3193	46A7	16	00			    ld d, 0
 3194	46A9	21	44	4D		    ld hl, music_pt3_track_table
 3195	46AC	19				    add hl, de
 3196	46AD	5E				    ld e, (hl)
 3197	46AE	23				    inc hl
 3198	46AF	56				    ld d, (hl)
 3199	46B0	62				    ld h, d
 3200	46B1	6B				    ld l, e                ; HL = adjusted module address
 3201	46B2	AF				    xor a
 3202	46B3	32	47	D1		    ld (music_muted), a
 3203	46B6	32	6D	D1		    ld (PT3_SETUP), a      ; Clear end-of-song flag
 3204	46B9	F3				    di                     ; Disable interrupts while initialising PT3
 3205	46BA	DD	E5			    push ix
 3206	46BC	FD	E5			    push iy
 3207	46BE	CD	32	47		    call PT3_INIT
 3208	46C1	FD	E1			    pop iy
 3209	46C3	DD	E1			    pop ix
 3210	46C5	3E	01			    ld a, 1
 3211	46C7	32	46	D1		    ld (music_active), a   ; Enable playback AFTER PT3 is fully initialised
 3212	46CA	FB				    ei
 3213	46CB	C9				    ret
 3214	46CC					
 3215	46CC					; ------------------------------------------------------------------
 3216	46CC					; music_update
 3217	46CC					; Update PT3 playback. Called every frame from ISR.
 3218	46CC					; Checks end-of-song flag, handles loop/stop, runs PT3_ROUT+PT3_PLAY.
 3219	46CC					; Destroys: AF, HL, DE (saves/restores IX/IY around PT3 calls)
 3220	46CC					; ------------------------------------------------------------------
 3221	46CC					music_update:
 3222	46CC	3A	46	D1		    ld a, (music_active)
 3223	46CF	B7				    or a
 3224	46D0	C8				    ret z
 3225	46D1	3A	47	D1		    ld a, (music_muted)
 3226	46D4	B7				    or a
 3227	46D5	C0				    ret nz
 3228	46D6					    ; Check if song ended (CHECKLP sets bit7 of PT3_SETUP)
 3229	46D6	3A	6D	D1		    ld a, (PT3_SETUP)
 3230	46D9	CB	7F			    bit 7, a
 3231	46DB	28	27			    jr z, .pt3_upd_play
 3232	46DD					    ; Song ended - loop or stop?
 3233	46DD	3A	48	D1		    ld a, (music_loop)
 3234	46E0	B7				    or a
 3235	46E1	28	1C			    jr z, .pt3_upd_stop
 3236	46E3					    ; Loop: reinitialise from same track
 3237	46E3	3A	49	D1		    ld a, (music_track_index)
 3238	46E6	87				    add a, a
 3239	46E7	5F				    ld e, a
 3240	46E8	16	00			    ld d, 0
 3241	46EA	21	44	4D		    ld hl, music_pt3_track_table
 3242	46ED	19				    add hl, de
 3243	46EE	5E				    ld e, (hl)
 3244	46EF	23				    inc hl
 3245	46F0	56				    ld d, (hl)
 3246	46F1	62				    ld h, d
 3247	46F2	6B				    ld l, e
 3248	46F3	DD	E5			    push ix
 3249	46F5	FD	E5			    push iy
 3250	46F7	CD	32	47		    call PT3_INIT
 3251	46FA	FD	E1			    pop iy
 3252	46FC	DD	E1			    pop ix
 3253	46FE	C9				    ret
 3254	46FF					.pt3_upd_stop:
 3255	46FF	AF				    xor a
 3256	4700	32	46	D1		    ld (music_active), a
 3257	4703	C9				    ret
 3258	4704					.pt3_upd_play:
 3259	4704	DD	E5			    push ix
 3260	4706	FD	E5			    push iy
 3261	4708	F3				    di
 3262	4709	CD	99	4B		    call PT3_PLAY
 3263	470C	CD	99	4C		    call PT3_ROUT
 3264	470F	FB				    ei
 3265	4710	FD	E1			    pop iy
 3266	4712	DD	E1			    pop ix
 3267	4714	C9				    ret
 3268	4715					
 3269	4715					; ------------------------------------------------------------------
 3270	4715					; PT3 REPLAYER (included from server root)
 3271	4715					; ------------------------------------------------------------------
 3272	4715					    include "../Documents/Programacion/Mideas/server/PT3-ROM-alltables-glass.asm"
# source: C:\Users\salam\Downloads\..\Documents\Programacion\Mideas\server\PT3-ROM-alltables-glass.asm
   1	4715							; --- PT3 REPLAYER WORKING ON ROM ---
   2	4715							; --- Can be assembled with asMSX ---
   3	4715							; --- ROM version: MSX-KUN        ---
   4	4715							; --- asMSX version 2: SapphiRe   ---
   5	4715					
   6	4715					; Based on MSX full version of PT3 by Dioniso
   7	4715					;
   8	4715					; This version of the replayer can be used with any note table
   9	4715					; This version also allows the use of PT3 commands
  10	4715					; First 99 bytes of each PT3 module should be stripped off
  11	4715					;
  12	4715					; PLAY and PSG WRITE routines seperated to allow independent calls
  13	4715					;
  14	4715					; ROM LENGTH: 1549 bytes
  15	4715					; RAM LENGTH:  576 bytes
  16	4715					
  17	4715							; --- CONSTANT VALUES DEFINITION ---
  18	4715					
  19	4715					;ChannelsVars
  20	4715					;struc	CHNPRM
  21	4715					;reset group
  22	4715					CHNPRM_PsInOr	 equ 0	;RESB 1
  23	4715					CHNPRM_PsInSm	 equ 1	;RESB 1
  24	4715					CHNPRM_CrAmSl	 equ 2	;RESB 1
  25	4715					CHNPRM_CrNsSl	 equ 3	;RESB 1
  26	4715					CHNPRM_CrEnSl	 equ 4	;RESB 1
  27	4715					CHNPRM_TSlCnt	 equ 5	;RESB 1
  28	4715					CHNPRM_CrTnSl	 equ 6	;RESW 1
  29	4715					CHNPRM_TnAcc	 equ 8	;RESW 1
  30	4715					CHNPRM_COnOff	 equ 10	;RESB 1
  31	4715					;reset group
  32	4715					
  33	4715					CHNPRM_OnOffD	 equ 11	;RESB 1
  34	4715					
  35	4715					;IX for PTDECOD here (+12)
  36	4715					CHNPRM_OffOnD	 equ 12	;RESB 1
  37	4715					CHNPRM_OrnPtr	 equ 13	;RESW 1
  38	4715					CHNPRM_SamPtr	 equ 15	;RESW 1
  39	4715					CHNPRM_NNtSkp	 equ 17	;RESB 1
  40	4715					CHNPRM_Note	 equ 18	;RESB 1
  41	4715					CHNPRM_SlToNt	 equ 19	;RESB 1
  42	4715					CHNPRM_Env_En	 equ 20	;RESB 1
  43	4715					CHNPRM_Flags	 equ 21	;RESB 1
  44	4715					 ;Enabled - 0,SimpleGliss - 2
  45	4715					CHNPRM_TnSlDl	 equ 22	;RESB 1
  46	4715					CHNPRM_TSlStp	 equ 23	;RESW 1
  47	4715					CHNPRM_TnDelt	 equ 25	;RESW 1
  48	4715					CHNPRM_NtSkCn	 equ 27	;RESB 1
  49	4715					CHNPRM_Volume	 equ 28	;RESB 1
  50	4715					CHNPRM_Size	 equ 29	;RESB 1
  51	4715					;endstruc
  52	4715					
  53	4715					;struc	AR
  54	4715					AR_TonA		 equ 0	;RESW 1
  55	4715					AR_TonB		 equ 2	;RESW 1
  56	4715					AR_TonC		 equ 4	;RESW 1
  57	4715					AR_Noise	 equ 6	;RESB 1
  58	4715					AR_Mixer	 equ 7	;RESB 1
  59	4715					AR_AmplA	 equ 8	;RESB 1
  60	4715					AR_AmplB	 equ 9	;RESB 1
  61	4715					AR_AmplC	 equ 10	;RESB 1
  62	4715					AR_Env		 equ 11	;RESW 1
  63	4715					AR_EnvTp	 equ 13	;RESB 1
  64	4715					;endstruc
  65	4715					
  66	4715							; --- CODE STARTS HERE ---
  67	4715					
  68	4715	21	6D	D1		CHECKLP:	LD	HL,PT3_SETUP
  69	4718	CB	FE					SET	7,(HL)
  70	471A	CB	46					BIT	0,(HL)
  71	471C	C8						RET	Z
  72	471D	E1						POP	HL
  73	471E	21	E7	D1				LD	HL,DelyCnt
  74	4721	34						INC	(HL)
  75	4722	21	AB	D1				LD	HL,ChanA+CHNPRM_NtSkCn
  76	4725	34						INC	(HL)
  77	4726	AF				PT3_MUTE:	XOR	A
  78	4727	67						LD	H,A
  79	4728	6F						LD	L,A
  80	4729	32	B5	D2				LD	(AYREGS+AR_AmplA),A
  81	472C	22	B6	D2				LD	(AYREGS+AR_AmplB),HL
  82	472F	C3	9A	4C				JP	ROUT_A0
  83	4732					
  84	4732					PT3_INIT:	;HL - AddressOfModule - 100
  85	4732	22	6E	D1				LD (PT3_MODADDR),HL
  86	4735	E5						PUSH HL
  87	4736	11	64	00				LD DE,100
  88	4739	19						ADD HL,DE
  89	473A	7E						LD A,(HL)
  90	473B	32	89	D1				LD (PT3_Delay),A
  91	473E	E5						PUSH HL
  92	473F	DD	E1					POP IX
  93	4741	19						ADD HL,DE
  94	4742	22	70	D1				LD (PT3_CrPsPtr),HL
  95	4745	DD	5E	02				LD E,(IX+102-100)
  96	4748	19						ADD HL,DE
  97	4749	23						INC HL
  98	474A	22	85	D1				LD (PT3_LPosPtr),HL
  99	474D	D1						POP DE
 100	474E	DD	6E	03				LD L,(IX+103-100)
 101	4751	DD	66	04				LD H,(IX+104-100)
 102	4754	19						ADD HL,DE
 103	4755	22	87	D1				LD (PT3_PatsPtr),HL
 104	4758	21	A9	00				LD HL,169
 105	475B	19						ADD HL,DE
 106	475C	22	74	D1				LD (PT3_OrnPtrs),HL
 107	475F	21	69	00				LD HL,105
 108	4762	19						ADD HL,DE
 109	4763	22	72	D1				LD (PT3_SAMPTRS),HL
 110	4766	21	6D	D1				LD HL,PT3_SETUP
 111	4769	CB	BE					RES 7,(HL)
 112	476B					
 113	476B							; --- note table data depacker ---
 114	476B							; Depacks first 12 tones of each tone table
 115	476B					
 116	476B	11	0E	4D				LD DE,T_PACK
 117	476E	01	1E	D3				LD BC,T1_+(2*49)-1
 118	4771	1A				LOCAL_TP_0:		LD A,(DE)
 119	4772	13						INC DE
 120	4773	FE	1E					CP 15*2
 121	4775	30	06					JR NC,LOCAL_TP_1
 122	4777	67						LD H,A
 123	4778	1A						LD A,(DE)
 124	4779	6F						LD L,A
 125	477A	13						INC DE
 126	477B	18	07					JR LOCAL_TP_2
 127	477D	D5				LOCAL_TP_1:		PUSH DE
 128	477E	16	00					LD D,0
 129	4780	5F						LD E,A
 130	4781	19						ADD HL,DE
 131	4782	19						ADD HL,DE
 132	4783	D1						POP DE
 133	4784	7C				LOCAL_TP_2:		LD A,H
 134	4785	02						LD (BC),A
 135	4786	0B						DEC BC
 136	4787	7D						LD A,L
 137	4788	02						LD (BC),A
 138	4789	0B						DEC BC
 139	478A	D6	F0					SUB #F0
 140	478C	20	E3					JR NZ,LOCAL_TP_0
 141	478E					
 142	478E							; --- INITIALIZE PT3 VARIABLES ---
 143	478E	21	90	D1				LD HL,VARS
 144	4791	77						LD (HL),A
 145	4792	11	91	D1				LD DE,VARS+1
 146	4795	01	2C	01				LD BC,VAR0END-VARS-1
 147	4798	ED	B0					LDIR
 148	479A					
 149	479A	3C						INC A
 150	479B	32	E7	D1				LD (DelyCnt),A
 151	479E	21	01	F0				LD HL,#F001 ;H - CHNPRM_Volume, L - CHNPRM_NtSkCn
 152	47A1	22	AB	D1				LD (ChanA+CHNPRM_NtSkCn),HL
 153	47A4	22	C8	D1				LD (ChanB+CHNPRM_NtSkCn),HL
 154	47A7	22	E5	D1				LD (ChanC+CHNPRM_NtSkCn),HL
 155	47AA					
 156	47AA	21	0A	4D				LD HL,EMPTYSAMORN
 157	47AD	22	7F	D1				LD (PT3_AdInPtA),HL ;ptr to zero
 158	47B0	22	9D	D1				LD (ChanA+CHNPRM_OrnPtr),HL ;ornament 0 is "0,1,0"
 159	47B3	22	BA	D1				LD (ChanB+CHNPRM_OrnPtr),HL ;in all versions from
 160	47B6	22	D7	D1				LD (ChanC+CHNPRM_OrnPtr),HL ;3.xx to 3.6x and VTII
 161	47B9					
 162	47B9	22	9F	D1				LD (ChanA+CHNPRM_SamPtr),HL ;S1 There is no default
 163	47BC	22	BC	D1				LD (ChanB+CHNPRM_SamPtr),HL ;S2 sample in PT3, so, you
 164	47BF	22	D9	D1				LD (ChanC+CHNPRM_SamPtr),HL ;S3 can comment S1,2,3; see
 165	47C2										    ;also EMPTYSAMORN comment
 166	47C2					
 167	47C2							; --- NOTE TABLE CREATOR (c) Ivan Roshin, adapted by SapphiRe ---
 168	47C2	DD	7E	FF				LD A,(IX+99-100) ;TONE TABLE NUMBER
 169	47C5	17						RLA
 170	47C6	E6	07					AND 7
 171	47C8	21	BA	4C				LD HL,NT_DATA
 172	47CB	D5						PUSH DE
 173	47CC	50						LD D,B		; ld d,0 (bc is 0000 after LDIR)
 174	47CD	87						ADD A,A
 175	47CE	5F						LD E,A
 176	47CF	19						ADD HL,DE	; hl -> init of correct note table data
 177	47D0	5E						LD E,(HL)
 178	47D1	23						INC HL
 179	47D2	CB	3B					SRL E
 180	47D4	9F						SBC A,A
 181	47D5	E6	A7					AND #A7			;#00 (NOP) or #A7 (AND A)
 182	47D7	32	8E	D1				LD (PT3_NTL3),A		; CORRECT INSTRUCTION, DEPENDS OF SELECTED TABLE
 183	47DA	3E	C9					LD A,#C9		; RET CODE
 184	47DC	32	8F	D1				LD (PT3_NTL3+1),A	; RET PLACED
 185	47DF	EB						EX DE,HL
 186	47E0	C1						POP BC ;BC=T1_
 187	47E1	09						ADD HL,BC
 188	47E2					
 189	47E2	1A						LD A,(DE)                           
 190	47E3					
 191	47E3	01	CA	4C				LD BC,T_
 192	47E6	81						ADD A,C
 193	47E7	4F						LD C,A
 194	47E8	88						ADC A,B
 195	47E9					
 196	47E9	91						SUB C
 197	47EA	47						LD B,A
 198	47EB	C5						PUSH BC
 199	47EC	11	ED	D1				LD DE,NT_
 200	47EF	D5						PUSH DE
 201	47F0					
 202	47F0	06	0C					LD B,12
 203	47F2	C5				LOCAL_L1:		PUSH BC
 204	47F3	4E						LD C,(HL)
 205	47F4	23						INC HL
 206	47F5	E5						PUSH HL
 207	47F6	46						LD B,(HL)
 208	47F7					
 209	47F7	D5						PUSH DE
 210	47F8	EB						EX DE,HL
 211	47F9	11	17	00				LD DE,23
 212	47FC	DD	26	08				 db #DD,#26,#08	;LD XH,8
 213	47FF					
 214	47FF	CB	38			LOCAL_L2:		SRL B
 215	4801	CB	19					RR C
 216	4803	CD	8E	D1		LOCAL_L3:		CALL PT3_NTL3	;AND A or NOP
 217	4806	79						LD A,C
 218	4807	8A						ADC A,D	;=ADC 0
 219	4808	77						LD (HL),A
 220	4809	23						INC HL
 221	480A	78						LD A,B
 222	480B	8A						ADC A,D
 223	480C	77						LD (HL),A
 224	480D	19						ADD HL,DE
 225	480E	DD	25					 db #DD,#25	;DEC XH
 226	4810	20	ED					JR NZ,LOCAL_L2
 227	4812					
 228	4812	D1						POP DE
 229	4813	13						INC DE
 230	4814	13						INC DE
 231	4815	E1						POP HL
 232	4816	23						INC HL
 233	4817	C1						POP BC
 234	4818	10	D8					DJNZ LOCAL_L1
 235	481A					
 236	481A	E1						POP HL
 237	481B	D1						POP DE
 238	481C					
 239	481C	7B						LD A,E
 240	481D	D5						PUSH DE
 241	481E	11	D6	4C				LD DE,TCOLD_1
 242	4821	BB						CP E
 243	4822	D1						POP DE
 244	4823	20	05					JR NZ,LOCAL_CORR_1
 245	4825	3E	FD					LD A,#FD
 246	4827	32	1B	D2				LD (NT_+#2E),A
 247	482A					
 248	482A	1A				LOCAL_CORR_1:	LD A,(DE)
 249	482B	A7						AND A
 250	482C	28	11					JR Z,LOCAL_TC_EXIT
 251	482E	1F						RRA
 252	482F	F5						PUSH AF
 253	4830	87						ADD A,A
 254	4831	4F						LD C,A
 255	4832	09						ADD HL,BC
 256	4833	F1						POP AF
 257	4834	30	02					JR NC,LOCAL_CORR_2
 258	4836	35						DEC (HL)
 259	4837	35						DEC (HL)
 260	4838	34				LOCAL_CORR_2:	INC (HL)
 261	4839	A7						AND A
 262	483A	ED	42					SBC HL,BC
 263	483C	13						INC DE
 264	483D	18	EB					JR LOCAL_CORR_1
 265	483F					
 266	483F					LOCAL_TC_EXIT:	;POP AF
 267	483F					
 268	483F							; --- CREATE PT3 VOLUME TABLE (c) Ivan Roshin, adapted by SapphiRe ---
 269	483F	21	11	00				ld	hl,#11
 270	4842	54						ld	d,h
 271	4843	5C						ld	e,h
 272	4844	DD	21	BD	D2			ld	IX,VT_+16
 273	4848	06	0F					ld	b,15
 274	484A	E5				LOCAL_INITV1:	push	hl
 275	484B	19						add	hl,de
 276	484C	EB						ex	de,hl
 277	484D	ED	62					sbc	hl,hl
 278	484F	48						ld	c,b
 279	4850	06	10					ld	b,16
 280	4852	7D				LOCAL_INITV2:	ld	a,l
 281	4853	17						rla
 282	4854	7C						ld	a,h
 283	4855	CE	00					adc	a,0
 284	4857	DD	77	00				ld	(ix+0),a
 285	485A	DD	23					inc	ix
 286	485C	19						add	hl,de
 287	485D	10	F3					djnz	LOCAL_INITV2
 288	485F	E1						pop	hl
 289	4860	7B						ld	a,e
 290	4861	FE	77					cp	#77
 291	4863	20	01					jr	nz,LOCAL_INITV3
 292	4865	1C						inc	e
 293	4866	41				LOCAL_INITV3:	ld	b,c
 294	4867	10	E1					djnz	LOCAL_INITV1
 295	4869					
 296	4869	C9						RET
 297	486A					
 298	486A							;pattern decoder
 299	486A	DD	36	08	00	PD_OrSm:	LD (IX+(CHNPRM_Env_En-12)),0
 300	486E	CD	0E	4A				CALL SETORN
 301	4871	0A						LD A,(BC)
 302	4872	03						INC BC
 303	4873	0F						RRCA
 304	4874					
 305	4874	87				PD_SAM:		ADD A,A
 306	4875	5F				PD_SAM_:	LD E,A
 307	4876	16	00					LD D,0
 308	4878	2A	72	D1				LD HL,(PT3_SAMPTRS)
 309	487B	19						ADD HL,DE
 310	487C	5E						LD E,(HL)
 311	487D	23						INC HL
 312	487E	56						LD D,(HL)
 313	487F	2A	6E	D1				LD HL,(PT3_MODADDR)
 314	4882	19						ADD HL,DE
 315	4883	DD	75	03				LD (IX+(CHNPRM_SamPtr-12)),L
 316	4886	DD	74	04				LD (IX+(CHNPRM_SamPtr+1-12)),H
 317	4889	18	41					JR PD_LOOP
 318	488B					
 319	488B	07				PD_VOL:		RLCA
 320	488C	07						RLCA
 321	488D	07						RLCA
 322	488E	07						RLCA
 323	488F	DD	77	10				LD (IX+(CHNPRM_Volume-12)),A
 324	4892	18	3B					JR PD_LP2
 325	4894						
 326	4894	DD	77	08		PD_EOff:	LD (IX+(CHNPRM_Env_En-12)),A
 327	4897	DD	77	F4				LD (IX+(CHNPRM_PsInOr-12)),A
 328	489A	18	33					JR PD_LP2
 329	489C					
 330	489C	3D				PD_SorE:	DEC A
 331	489D	20	07					JR NZ,PD_ENV
 332	489F	0A						LD A,(BC)
 333	48A0	03						INC BC
 334	48A1	DD	77	05				LD (IX+(CHNPRM_NNtSkp-12)),A
 335	48A4	18	29					JR PD_LP2
 336	48A6					
 337	48A6	CD	F2	49		PD_ENV:		CALL SETENV
 338	48A9	18	24					JR PD_LP2
 339	48AB					
 340	48AB	CD	0E	4A		PD_ORN:		CALL SETORN
 341	48AE	18	1C					JR PD_LOOP
 342	48B0					       
 343	48B0	DD	77	08		PD_ESAM:	LD (IX+(CHNPRM_Env_En-12)),A
 344	48B3	DD	77	F4				LD (IX+(CHNPRM_PsInOr-12)),A
 345	48B6	C4	F2	49				CALL NZ,SETENV
 346	48B9	0A						LD A,(BC)
 347	48BA	03						INC BC
 348	48BB	18	B8					JR PD_SAM_
 349	48BD					
 350	48BD	DD	7E	06		PTDECOD:	LD A,(IX+(CHNPRM_Note-12))
 351	48C0	32	7C	D1				LD (PT3_PrNote),A
 352	48C3	DD	6E	FA				LD L,(IX+(CHNPRM_CrTnSl-12))
 353	48C6	DD	66	FB				LD H,(IX+(CHNPRM_CrTnSl+1-12))
 354	48C9	22	7D	D1				LD (PT3_PrSlide),HL
 355	48CC					
 356	48CC	11	10	20		PD_LOOP:	LD DE,#2010
 357	48CF	0A				PD_LP2:		LD A,(BC)
 358	48D0	03						INC BC
 359	48D1	83						ADD A,E
 360	48D2	38	96					JR C,PD_OrSm
 361	48D4	82						ADD A,D
 362	48D5	28	64					JR Z,PD_FIN
 363	48D7	38	9B					JR C,PD_SAM
 364	48D9	83						ADD A,E
 365	48DA	28	25					JR Z,PD_REL
 366	48DC	38	AD					JR C,PD_VOL
 367	48DE	83						ADD A,E
 368	48DF	28	B3					JR Z,PD_EOff
 369	48E1	38	B9					JR C,PD_SorE
 370	48E3	C6	60					ADD A,96
 371	48E5	38	20					JR C,PD_NOTE
 372	48E7	83						ADD A,E
 373	48E8	38	C1					JR C,PD_ORN
 374	48EA	82						ADD A,D
 375	48EB	38	0F					JR C,PD_NOIS
 376	48ED	83						ADD A,E
 377	48EE	38	C0					JR C,PD_ESAM
 378	48F0	87						ADD A,A
 379	48F1	5F						LD E,A
 380	48F2	2A	47	29				LD HL,((SPCCOMS+#DF20) % 65536)	; Adapted from original Speccy version (saves 6 bytes)
 381	48F5	19						ADD HL,DE
 382	48F6	5E						LD E,(HL)
 383	48F7	23						INC HL
 384	48F8	56						LD D,(HL)
 385	48F9	D5						PUSH DE
 386	48FA	18	D0					JR PD_LOOP
 387	48FC					
 388	48FC	32	EB	D1		PD_NOIS:	LD (Ns_Base),A
 389	48FF	18	CE					JR PD_LP2
 390	4901					
 391	4901	DD	CB	09	86	PD_REL:		RES 0,(IX+(CHNPRM_Flags-12))
 392	4905	18	08					JR PD_RES
 393	4907						
 394	4907	DD	77	06		PD_NOTE:	LD (IX+(CHNPRM_Note-12)),A
 395	490A	DD	CB	09	C6			SET 0,(IX+(CHNPRM_Flags-12))
 396	490E	AF						XOR A
 397	490F					
 398	490F	ED	73	76	D1	PD_RES:		LD (PT3_PDSP),SP
 399	4913	DD	77	F4				LD (IX+(CHNPRM_PsInOr-12)),A
 400	4916	DD	77	F5				LD (IX+(CHNPRM_PsInSm-12)),A
 401	4919	DD	77	F6				LD (IX+(CHNPRM_CrAmSl-12)),A
 402	491C	DD	77	F7				LD (IX+(CHNPRM_CrNsSl-12)),A
 403	491F	DD	77	F8				LD (IX+(CHNPRM_CrEnSl-12)),A
 404	4922	DD	77	F9				LD (IX+(CHNPRM_TSlCnt-12)),A
 405	4925	DD	77	FA				LD (IX+(CHNPRM_CrTnSl-12)),A
 406	4928	DD	77	FB				LD (IX+(CHNPRM_CrTnSl+1-12)),A
 407	492B	DD	77	FC				LD (IX+(CHNPRM_TnAcc-12)),A
 408	492E	DD	77	FD				LD (IX+(CHNPRM_TnAcc+1-12)),A
 409	4931	DD	77	FE				LD (IX+(CHNPRM_COnOff-12)),A
 410	4934	DD	77	FF				LD (IX+(CHNPRM_OnOffD-12)),A
 411	4937	ED	7B	76	D1			LD SP,(PT3_PDSP)
 412	493B					
 413	493B	DD	7E	05		PD_FIN:		LD A,(IX+(CHNPRM_NNtSkp-12))
 414	493E	DD	77	0F				LD (IX+(CHNPRM_NtSkCn-12)),A
 415	4941	C9						RET
 416	4942					
 417	4942	DD	CB	09	96	C_PORTM:	RES 2,(IX+(CHNPRM_Flags-12))
 418	4946	0A						LD A,(BC)
 419	4947	03						INC BC
 420	4948							;SKIP PRECALCULATED TONE DELTA (BECAUSE
 421	4948							;CANNOT BE RIGHT AFTER PT3 COMPILATION)
 422	4948	03						INC BC
 423	4949	03						INC BC
 424	494A	DD	77	0A				LD (IX+(CHNPRM_TnSlDl-12)),A
 425	494D	DD	77	F9				LD (IX+(CHNPRM_TSlCnt-12)),A
 426	4950	11	ED	D1				LD DE,NT_
 427	4953	DD	7E	06				LD A,(IX+(CHNPRM_Note-12))
 428	4956	DD	77	07				LD (IX+(CHNPRM_SlToNt-12)),A
 429	4959	87						ADD A,A
 430	495A	6F						LD L,A
 431	495B	26	00					LD H,0
 432	495D	19						ADD HL,DE
 433	495E	7E						LD A,(HL)
 434	495F	23						INC HL
 435	4960	66						LD H,(HL)
 436	4961	6F						LD L,A
 437	4962	E5						PUSH HL
 438	4963	3A	7C	D1				LD A,(PT3_PrNote)
 439	4966	DD	77	06				LD (IX+(CHNPRM_Note-12)),A
 440	4969	87						ADD A,A
 441	496A	6F						LD L,A
 442	496B	26	00					LD H,0
 443	496D	19						ADD HL,DE
 444	496E	5E						LD E,(HL)
 445	496F	23						INC HL
 446	4970	56						LD D,(HL)
 447	4971	E1						POP HL
 448	4972	ED	52					SBC HL,DE
 449	4974	DD	75	0D				LD (IX+(CHNPRM_TnDelt-12)),L
 450	4977	DD	74	0E				LD (IX+(CHNPRM_TnDelt+1-12)),H
 451	497A	ED	5B	7D	D1			LD DE,(PT3_PrSlide)
 452	497E	DD	73	FA				LD (IX+(CHNPRM_CrTnSl-12)),E
 453	4981	DD	72	FB				LD (IX+(CHNPRM_CrTnSl+1-12)),D
 454	4984	0A						LD A,(BC) ;SIGNED TONE STEP
 455	4985	03						INC BC
 456	4986	08						EX AF,AF'
 457	4987	0A						LD A,(BC)
 458	4988	03						INC BC
 459	4989	A7						AND A
 460	498A	28	01					JR Z,LOCAL_NOSIG
 461	498C	EB						EX DE,HL
 462	498D	ED	52			LOCAL_NOSIG:	SBC HL,DE
 463	498F	F2	97	49				JP P,SET_STP
 464	4992	2F						CPL
 465	4993	08						EX AF,AF'
 466	4994	ED	44					NEG
 467	4996	08						EX AF,AF'
 468	4997	DD	77	0C		SET_STP:	LD (IX+(CHNPRM_TSlStp+1-12)),A
 469	499A	08						EX AF,AF'
 470	499B	DD	77	0B				LD (IX+(CHNPRM_TSlStp-12)),A
 471	499E	DD	36	FE	00			LD (IX+(CHNPRM_COnOff-12)),0
 472	49A2	C9						RET
 473	49A3					
 474	49A3	DD	CB	09	D6	C_GLISS:	SET 2,(IX+(CHNPRM_Flags-12))
 475	49A7	0A						LD A,(BC)
 476	49A8	03						INC BC
 477	49A9	DD	77	0A				LD (IX+(CHNPRM_TnSlDl-12)),A
 478	49AC	DD	77	F9				LD (IX+(CHNPRM_TSlCnt-12)),A
 479	49AF	0A						LD A,(BC)
 480	49B0	03						INC BC
 481	49B1	08						EX AF,AF'
 482	49B2	0A						LD A,(BC)
 483	49B3	03						INC BC
 484	49B4	18	E1					JR SET_STP
 485	49B6					
 486	49B6	0A				C_SMPOS:	LD A,(BC)
 487	49B7	03						INC BC
 488	49B8	DD	77	F5				LD (IX+(CHNPRM_PsInSm-12)),A
 489	49BB	C9						RET
 490	49BC					
 491	49BC	0A				C_ORPOS:	LD A,(BC)
 492	49BD	03						INC BC
 493	49BE	DD	77	F4				LD (IX+(CHNPRM_PsInOr-12)),A
 494	49C1	C9						RET
 495	49C2					
 496	49C2	0A				C_VIBRT:	LD A,(BC)
 497	49C3	03						INC BC
 498	49C4	DD	77	FF				LD (IX+(CHNPRM_OnOffD-12)),A
 499	49C7	DD	77	FE				LD (IX+(CHNPRM_COnOff-12)),A
 500	49CA	0A						LD A,(BC)
 501	49CB	03						INC BC
 502	49CC	DD	77	00				LD (IX+(CHNPRM_OffOnD-12)),A
 503	49CF	AF						XOR A
 504	49D0	DD	77	F9				LD (IX+(CHNPRM_TSlCnt-12)),A
 505	49D3	DD	77	FA				LD (IX+(CHNPRM_CrTnSl-12)),A
 506	49D6	DD	77	FB				LD (IX+(CHNPRM_CrTnSl+1-12)),A
 507	49D9	C9						RET
 508	49DA					
 509	49DA	0A				C_ENGLS:	LD A,(BC)
 510	49DB	03						INC BC
 511	49DC	32	8B	D1				LD (PT3_Env_Del),A
 512	49DF	32	EA	D1				LD (CurEDel),A
 513	49E2	0A						LD A,(BC)
 514	49E3	03						INC BC
 515	49E4	6F						LD L,A
 516	49E5	0A						LD A,(BC)
 517	49E6	03						INC BC
 518	49E7	67						LD H,A
 519	49E8	22	8C	D1				LD (PT3_ESldAdd),HL
 520	49EB	C9						RET
 521	49EC					
 522	49EC	0A				C_DELAY:	LD A,(BC)
 523	49ED	03						INC BC
 524	49EE	32	89	D1				LD (PT3_Delay),A
 525	49F1	C9						RET
 526	49F2						
 527	49F2	DD	73	08		SETENV:		LD (IX+(CHNPRM_Env_En-12)),E
 528	49F5	32	BA	D2				LD (AYREGS+AR_EnvTp),A
 529	49F8	0A						LD A,(BC)
 530	49F9	03						INC BC
 531	49FA	67						LD H,A
 532	49FB	0A						LD A,(BC)
 533	49FC	03						INC BC
 534	49FD	6F						LD L,A
 535	49FE	22	BB	D2				LD (EnvBase),HL
 536	4A01	AF						XOR A
 537	4A02	DD	77	F4				LD (IX+(CHNPRM_PsInOr-12)),A
 538	4A05	32	EA	D1				LD (CurEDel),A
 539	4A08	67						LD H,A
 540	4A09	6F						LD L,A
 541	4A0A	22	E8	D1				LD (CurESld),HL
 542	4A0D	C9				C_NOP:		RET
 543	4A0E					
 544	4A0E	87				SETORN:		ADD A,A
 545	4A0F	5F						LD E,A
 546	4A10	16	00					LD D,0
 547	4A12	DD	72	F4				LD (IX+(CHNPRM_PsInOr-12)),D
 548	4A15	2A	74	D1				LD HL,(PT3_OrnPtrs)
 549	4A18	19						ADD HL,DE
 550	4A19	5E						LD E,(HL)
 551	4A1A	23						INC HL
 552	4A1B	56						LD D,(HL)
 553	4A1C	2A	6E	D1				LD HL,(PT3_MODADDR)
 554	4A1F	19						ADD HL,DE
 555	4A20	DD	75	01				LD (IX+(CHNPRM_OrnPtr-12)),L
 556	4A23	DD	74	02				LD (IX+(CHNPRM_OrnPtr+1-12)),H
 557	4A26	C9						RET
 558	4A27					
 559	4A27							;ALL 16 ADDRESSES TO PROTECT FROM BROKEN PT3 MODULES
 560	4A27	0D	4A			SPCCOMS:	 dw C_NOP
 561	4A29	A3	49					 dw C_GLISS
 562	4A2B	42	49					 dw C_PORTM
 563	4A2D	B6	49					 dw C_SMPOS
 564	4A2F	BC	49					 dw C_ORPOS
 565	4A31	C2	49					 dw C_VIBRT
 566	4A33	0D	4A					 dw C_NOP
 567	4A35	0D	4A					 dw C_NOP
 568	4A37	DA	49					 dw C_ENGLS
 569	4A39	EC	49					 dw C_DELAY
 570	4A3B	0D	4A					 dw C_NOP
 571	4A3D	0D	4A					 dw C_NOP
 572	4A3F	0D	4A					 dw C_NOP
 573	4A41	0D	4A					 dw C_NOP
 574	4A43	0D	4A					 dw C_NOP
 575	4A45	0D	4A					 dw C_NOP
 576	4A47					
 577	4A47	AF				CHREGS:		XOR A
 578	4A48	32	B7	D2				LD (AYREGS+AR_AmplC),A
 579	4A4B	DD	CB	15	46			BIT 0,(IX+CHNPRM_Flags)
 580	4A4F	E5						PUSH HL
 581	4A50	CA	76	4B				JP Z,LOCAL_CH_EXIT
 582	4A53	ED	73	78	D1			LD (PT3_CSP),SP
 583	4A57	DD	6E	0D				LD L,(IX+CHNPRM_OrnPtr)
 584	4A5A	DD	66	0E				LD H,(IX+CHNPRM_OrnPtr+1)
 585	4A5D	F9						LD SP,HL
 586	4A5E	D1						POP DE
 587	4A5F	67						LD H,A
 588	4A60	DD	7E	00				LD A,(IX+CHNPRM_PsInOr)
 589	4A63	6F						LD L,A
 590	4A64	39						ADD HL,SP
 591	4A65	3C						INC A
 592	4A66	BA						CP D
 593	4A67	38	01					JR C,LOCAL_CH_ORPS
 594	4A69	7B						LD A,E
 595	4A6A	DD	77	00		LOCAL_CH_ORPS:	LD (IX+CHNPRM_PsInOr),A
 596	4A6D	DD	7E	12				LD A,(IX+CHNPRM_Note)
 597	4A70	86						ADD A,(HL)
 598	4A71	F2	75	4A				JP P,LOCAL_CH_NTP
 599	4A74	AF						XOR A
 600	4A75	FE	60			LOCAL_CH_NTP:	CP 96
 601	4A77	38	02					JR C,LOCAL_CH_NOK
 602	4A79	3E	5F					LD A,95
 603	4A7B	87				LOCAL_CH_NOK:	ADD A,A
 604	4A7C	08						EX AF,AF'
 605	4A7D	DD	6E	0F				LD L,(IX+CHNPRM_SamPtr)
 606	4A80	DD	66	10				LD H,(IX+CHNPRM_SamPtr+1)
 607	4A83	F9						LD SP,HL
 608	4A84	D1						POP DE
 609	4A85	26	00					LD H,0
 610	4A87	DD	7E	01				LD A,(IX+CHNPRM_PsInSm)
 611	4A8A	47						LD B,A
 612	4A8B	87						ADD A,A
 613	4A8C	87						ADD A,A
 614	4A8D	6F						LD L,A
 615	4A8E	39						ADD HL,SP
 616	4A8F	F9						LD SP,HL
 617	4A90	78						LD A,B
 618	4A91	3C						INC A
 619	4A92	BA						CP D
 620	4A93	38	01					JR C,LOCAL_CH_SMPS
 621	4A95	7B						LD A,E
 622	4A96	DD	77	01		LOCAL_CH_SMPS:	LD (IX+CHNPRM_PsInSm),A
 623	4A99	C1						POP BC
 624	4A9A	E1						POP HL
 625	4A9B	DD	5E	08				LD E,(IX+CHNPRM_TnAcc)
 626	4A9E	DD	56	09				LD D,(IX+CHNPRM_TnAcc+1)
 627	4AA1	19						ADD HL,DE
 628	4AA2	CB	70					BIT 6,B
 629	4AA4	28	06					JR Z,LOCAL_CH_NOAC
 630	4AA6	DD	75	08				LD (IX+CHNPRM_TnAcc),L
 631	4AA9	DD	74	09				LD (IX+CHNPRM_TnAcc+1),H
 632	4AAC	EB				LOCAL_CH_NOAC:	EX DE,HL
 633	4AAD	08						EX AF,AF'
 634	4AAE	6F						LD L,A
 635	4AAF	26	00					LD H,0
 636	4AB1	31	ED	D1				LD SP,NT_
 637	4AB4	39						ADD HL,SP
 638	4AB5	F9						LD SP,HL
 639	4AB6	E1						POP HL
 640	4AB7	19						ADD HL,DE
 641	4AB8	DD	5E	06				LD E,(IX+CHNPRM_CrTnSl)
 642	4ABB	DD	56	07				LD D,(IX+CHNPRM_CrTnSl+1)
 643	4ABE	19						ADD HL,DE
 644	4ABF	ED	7B	78	D1			LD SP,(PT3_CSP)
 645	4AC3	E3						EX (SP),HL
 646	4AC4	AF						XOR A
 647	4AC5	DD	B6	05				OR (IX+CHNPRM_TSlCnt)
 648	4AC8	28	3E					JR Z,LOCAL_CH_AMP
 649	4ACA	DD	35	05				DEC (IX+CHNPRM_TSlCnt)
 650	4ACD	20	39					JR NZ,LOCAL_CH_AMP
 651	4ACF	DD	7E	16				LD A,(IX+CHNPRM_TnSlDl)
 652	4AD2	DD	77	05				LD (IX+CHNPRM_TSlCnt),A
 653	4AD5	DD	6E	17				LD L,(IX+CHNPRM_TSlStp)
 654	4AD8	DD	66	18				LD H,(IX+CHNPRM_TSlStp+1)
 655	4ADB	7C						LD A,H
 656	4ADC	19						ADD HL,DE
 657	4ADD	DD	75	06				LD (IX+CHNPRM_CrTnSl),L
 658	4AE0	DD	74	07				LD (IX+CHNPRM_CrTnSl+1),H
 659	4AE3	DD	CB	15	56			BIT 2,(IX+CHNPRM_Flags)
 660	4AE7	20	1F					JR NZ,LOCAL_CH_AMP
 661	4AE9	DD	5E	19				LD E,(IX+CHNPRM_TnDelt)
 662	4AEC	DD	56	1A				LD D,(IX+CHNPRM_TnDelt+1)
 663	4AEF	A7						AND A
 664	4AF0	28	01					JR Z,LOCAL_CH_STPP
 665	4AF2	EB						EX DE,HL
 666	4AF3	ED	52			LOCAL_CH_STPP:	SBC HL,DE
 667	4AF5	FA	08	4B				JP M,LOCAL_CH_AMP
 668	4AF8	DD	7E	13				LD A,(IX+CHNPRM_SlToNt)
 669	4AFB	DD	77	12				LD (IX+CHNPRM_Note),A
 670	4AFE	AF						XOR A
 671	4AFF	DD	77	05				LD (IX+CHNPRM_TSlCnt),A
 672	4B02	DD	77	06				LD (IX+CHNPRM_CrTnSl),A
 673	4B05	DD	77	07				LD (IX+CHNPRM_CrTnSl+1),A
 674	4B08	DD	7E	02		LOCAL_CH_AMP:	LD A,(IX+CHNPRM_CrAmSl)
 675	4B0B	CB	79					BIT 7,C
 676	4B0D	28	13					JR Z,LOCAL_CH_NOAM
 677	4B0F	CB	71					BIT 6,C
 678	4B11	28	07					JR Z,LOCAL_CH_AMIN
 679	4B13	FE	0F					CP 15
 680	4B15	28	0B					JR Z,LOCAL_CH_NOAM
 681	4B17	3C						INC A
 682	4B18	18	05					JR LOCAL_CH_SVAM
 683	4B1A	FE	F1			LOCAL_CH_AMIN:	CP -15
 684	4B1C	28	04					JR Z,LOCAL_CH_NOAM
 685	4B1E	3D						DEC A
 686	4B1F	DD	77	02		LOCAL_CH_SVAM:	LD (IX+CHNPRM_CrAmSl),A
 687	4B22	6F				LOCAL_CH_NOAM:	LD L,A
 688	4B23	78						LD A,B
 689	4B24	E6	0F					AND 15
 690	4B26	85						ADD A,L
 691	4B27	F2	2B	4B				JP P,LOCAL_CH_APOS
 692	4B2A	AF						XOR A
 693	4B2B	FE	10			LOCAL_CH_APOS:	CP 16
 694	4B2D	38	02					JR C,LOCAL_CH_VOL
 695	4B2F	3E	0F					LD A,15
 696	4B31	DD	B6	1C		LOCAL_CH_VOL:	OR (IX+CHNPRM_Volume)
 697	4B34	6F						LD L,A
 698	4B35	26	00					LD H,0
 699	4B37	11	AD	D2				LD DE,VT_
 700	4B3A	19						ADD HL,DE
 701	4B3B	7E						LD A,(HL)
 702	4B3C	CB	41			LOCAL_CH_ENV:	BIT 0,C
 703	4B3E	20	03					JR NZ,LOCAL_CH_NOEN
 704	4B40	DD	B6	14				OR (IX+CHNPRM_Env_En)
 705	4B43	32	B7	D2		LOCAL_CH_NOEN:	LD (AYREGS+AR_AmplC),A
 706	4B46	CB	78					BIT 7,B
 707	4B48	79						LD A,C
 708	4B49	28	19					JR Z,LOCAL_NO_ENSL
 709	4B4B	17						RLA
 710	4B4C	17						RLA
 711	4B4D	CB	2F					SRA A
 712	4B4F	CB	2F					SRA A
 713	4B51	CB	2F					SRA A
 714	4B53	DD	86	04				ADD A,(IX+CHNPRM_CrEnSl) ;SEE COMMENT BELOW
 715	4B56	CB	68					BIT 5,B
 716	4B58	28	03					JR Z,LOCAL_NO_ENAC
 717	4B5A	DD	77	04				LD (IX+CHNPRM_CrEnSl),A
 718	4B5D	21	8A	D1		LOCAL_NO_ENAC:	LD HL,PT3_AddToEn
 719	4B60	86						ADD A,(HL) ;BUG IN PT3 - NEED WORD HERE.
 720	4B61								   ;FIX IT IN NEXT VERSION?
 721	4B61	77						LD (HL),A
 722	4B62	18	0E					JR LOCAL_CH_MIX
 723	4B64	1F				LOCAL_NO_ENSL:	RRA
 724	4B65	DD	86	03				ADD A,(IX+CHNPRM_CrNsSl)
 725	4B68	32	EC	D1				LD (AddToNs),A
 726	4B6B	CB	68					BIT 5,B
 727	4B6D	28	03					JR Z,LOCAL_CH_MIX
 728	4B6F	DD	77	03				LD (IX+CHNPRM_CrNsSl),A
 729	4B72	78				LOCAL_CH_MIX:	LD A,B
 730	4B73	1F						RRA
 731	4B74	E6	48					AND #48
 732	4B76	21	B4	D2		LOCAL_CH_EXIT:	LD HL,AYREGS+AR_Mixer
 733	4B79	B6						OR (HL)
 734	4B7A	0F						RRCA
 735	4B7B	77						LD (HL),A
 736	4B7C	E1						POP HL
 737	4B7D	AF						XOR A
 738	4B7E	DD	B6	0A				OR (IX+CHNPRM_COnOff)
 739	4B81	C8						RET Z
 740	4B82	DD	35	0A				DEC (IX+CHNPRM_COnOff)
 741	4B85	C0						RET NZ
 742	4B86	DD	AE	15				XOR (IX+CHNPRM_Flags)
 743	4B89	DD	77	15				LD (IX+CHNPRM_Flags),A
 744	4B8C	1F						RRA
 745	4B8D	DD	7E	0B				LD A,(IX+CHNPRM_OnOffD)
 746	4B90	38	03					JR C,LOCAL_CH_ONDL
 747	4B92	DD	7E	0C				LD A,(IX+CHNPRM_OffOnD)
 748	4B95	DD	77	0A		LOCAL_CH_ONDL:	LD (IX+CHNPRM_COnOff),A
 749	4B98	C9						RET
 750	4B99					
 751	4B99	AF				PT3_PLAY:	XOR A
 752	4B9A	32	8A	D1				LD (PT3_AddToEn),A
 753	4B9D	32	B4	D2				LD (AYREGS+AR_Mixer),A
 754	4BA0	3D						DEC A
 755	4BA1	32	BA	D2				LD (AYREGS+AR_EnvTp),A
 756	4BA4	21	E7	D1				LD HL,DelyCnt
 757	4BA7	35						DEC (HL)
 758	4BA8	C2	37	4C				JP NZ,LOCAL_PL2
 759	4BAB	21	AB	D1				LD HL,ChanA+CHNPRM_NtSkCn
 760	4BAE	35						DEC (HL)
 761	4BAF	20	56					JR NZ,LOCAL_PL1B
 762	4BB1	ED	4B	7F	D1			LD BC,(PT3_AdInPtA)
 763	4BB5	0A						LD A,(BC)
 764	4BB6	A7						AND A
 765	4BB7	20	43					JR NZ,LOCAL_PL1A
 766	4BB9	57						LD D,A
 767	4BBA	32	EB	D1				LD (Ns_Base),A
 768	4BBD	2A	70	D1				LD HL,(PT3_CrPsPtr)
 769	4BC0	23						INC HL
 770	4BC1	7E						LD A,(HL)
 771	4BC2	3C						INC A
 772	4BC3	20	08					JR NZ,LOCAL_PLNLP
 773	4BC5	CD	15	47				CALL CHECKLP
 774	4BC8	2A	85	D1				LD HL,(PT3_LPosPtr)
 775	4BCB	7E						LD A,(HL)
 776	4BCC	3C						INC A
 777	4BCD	22	70	D1		LOCAL_PLNLP:	LD (PT3_CrPsPtr),HL
 778	4BD0	3D						DEC A
 779	4BD1	87						ADD A,A
 780	4BD2	5F						LD E,A
 781	4BD3	CB	12					RL D
 782	4BD5	FD	2A	87	D1			LD IY,(PT3_PatsPtr)
 783	4BD9	FD	19					ADD IY,DE
 784	4BDB	ED	5B	6E	D1			LD DE,(PT3_MODADDR)
 785	4BDF	FD	6E	00				LD L,(IY+0)
 786	4BE2	FD	66	01				LD H,(IY+1)
 787	4BE5	19						ADD HL,DE
 788	4BE6	44						LD B,H
 789	4BE7	4D						LD C,L
 790	4BE8	FD	6E	02				LD L,(IY+2)
 791	4BEB	FD	66	03				LD H,(IY+3)
 792	4BEE	19						ADD HL,DE
 793	4BEF	22	81	D1				LD (PT3_AdInPtB),HL
 794	4BF2	FD	6E	04				LD L,(IY+4)
 795	4BF5	FD	66	05				LD H,(IY+5)
 796	4BF8	19						ADD HL,DE
 797	4BF9	22	83	D1				LD (PT3_AdInPtC),HL
 798	4BFC					
 799	4BFC	DD	21	9C	D1	LOCAL_PL1A:		LD IX,ChanA+12
 800	4C00	CD	BD	48				CALL PTDECOD
 801	4C03	ED	43	7F	D1			LD (PT3_AdInPtA),BC
 802	4C07					
 803	4C07	21	C8	D1		LOCAL_PL1B:		LD HL,ChanB+CHNPRM_NtSkCn
 804	4C0A	35						DEC (HL)
 805	4C0B	20	0F					JR NZ,LOCAL_PL1C
 806	4C0D	DD	21	B9	D1			LD IX,ChanB+12
 807	4C11	ED	4B	81	D1			LD BC,(PT3_AdInPtB)
 808	4C15	CD	BD	48				CALL PTDECOD
 809	4C18	ED	43	81	D1			LD (PT3_AdInPtB),BC
 810	4C1C					
 811	4C1C	21	E5	D1		LOCAL_PL1C:		LD HL,ChanC+CHNPRM_NtSkCn
 812	4C1F	35						DEC (HL)
 813	4C20	20	0F					JR NZ,LOCAL_PL1D
 814	4C22	DD	21	D6	D1			LD IX,ChanC+12
 815	4C26	ED	4B	83	D1			LD BC,(PT3_AdInPtC)
 816	4C2A	CD	BD	48				CALL PTDECOD
 817	4C2D	ED	43	83	D1			LD (PT3_AdInPtC),BC
 818	4C31					
 819	4C31	3A	89	D1		LOCAL_PL1D:		LD A,(PT3_Delay)
 820	4C34	32	E7	D1				LD (DelyCnt),A
 821	4C37					
 822	4C37	DD	21	90	D1	LOCAL_PL2:		LD IX,ChanA
 823	4C3B	2A	AD	D2				LD HL,(AYREGS+AR_TonA)
 824	4C3E	CD	47	4A				CALL CHREGS
 825	4C41	22	AD	D2				LD (AYREGS+AR_TonA),HL
 826	4C44	3A	B7	D2				LD A,(AYREGS+AR_AmplC)
 827	4C47	32	B5	D2				LD (AYREGS+AR_AmplA),A
 828	4C4A	DD	21	AD	D1			LD IX,ChanB
 829	4C4E	2A	AF	D2				LD HL,(AYREGS+AR_TonB)
 830	4C51	CD	47	4A				CALL CHREGS
 831	4C54	22	AF	D2				LD (AYREGS+AR_TonB),HL
 832	4C57	3A	B7	D2				LD A,(AYREGS+AR_AmplC)
 833	4C5A	32	B6	D2				LD (AYREGS+AR_AmplB),A
 834	4C5D	DD	21	CA	D1			LD IX,ChanC
 835	4C61	2A	B1	D2				LD HL,(AYREGS+AR_TonC)
 836	4C64	CD	47	4A				CALL CHREGS
 837	4C67	22	B1	D2				LD (AYREGS+AR_TonC),HL
 838	4C6A					
 839	4C6A	2A	EB	D1				LD HL,(Ns_Base_AddToNs)
 840	4C6D	7C						LD A,H
 841	4C6E	85						ADD A,L
 842	4C6F	32	B3	D2				LD (AYREGS+AR_Noise),A
 843	4C72					
 844	4C72	3A	8A	D1				LD A,(PT3_AddToEn)
 845	4C75	5F						LD E,A
 846	4C76	87						ADD A,A
 847	4C77	9F						SBC A,A
 848	4C78	57						LD D,A
 849	4C79	2A	BB	D2				LD HL,(EnvBase)
 850	4C7C	19						ADD HL,DE
 851	4C7D	ED	5B	E8	D1			LD DE,(CurESld)
 852	4C81	19						ADD HL,DE
 853	4C82	22	B8	D2				LD (AYREGS+AR_Env),HL
 854	4C85					
 855	4C85	AF						XOR A
 856	4C86	21	EA	D1				LD HL,CurEDel
 857	4C89	B6						OR (HL)
 858	4C8A	C8						RET Z
 859	4C8B	35						DEC (HL)
 860	4C8C	C0						RET NZ
 861	4C8D	3A	8B	D1				LD A,(PT3_Env_Del)
 862	4C90	77						LD (HL),A
 863	4C91	2A	8C	D1				LD HL,(PT3_ESldAdd)
 864	4C94	19						ADD HL,DE
 865	4C95	22	E8	D1				LD (CurESld),HL
 866	4C98	C9						RET
 867	4C99					
 868	4C99	AF				PT3_ROUT:	XOR A
 869	4C9A						
 870	4C9A					ROUT_A0:	; --- FIXES BITS 6 AND 7 OF MIXER ---
 871	4C9A	21	B4	D2				LD	HL,AYREGS+AR_Mixer
 872	4C9D	CB	FE					set	7,(hl)
 873	4C9F	CB	B6					res	6,(hl)
 874	4CA1					
 875	4CA1	0E	A0					LD C,#A0
 876	4CA3	21	AD	D2				LD HL,AYREGS
 877	4CA6	ED	79			LOCAL_LOUT:		OUT (C),A
 878	4CA8	0C						INC C
 879	4CA9	ED	A3					OUTI 
 880	4CAB	0D						DEC C
 881	4CAC	3C						INC A
 882	4CAD	FE	0D					CP 13
 883	4CAF	20	F5					JR NZ,LOCAL_LOUT
 884	4CB1	ED	79					OUT (C),A
 885	4CB3	7E						LD A,(HL)
 886	4CB4	A7						AND A
 887	4CB5	F8						RET M
 888	4CB6	0C						INC C
 889	4CB7	ED	79					OUT (C),A
 890	4CB9	C9						RET
 891	4CBA					
 892	4CBA	64				NT_DATA:	 db (T_NEW_0-T1_)*2
 893	4CBB	2A						 db TCNEW_0-T_
 894	4CBC	65						 db (T_OLD_0-T1_)*2+1
 895	4CBD	00						 db TCOLD_0-T_
 896	4CBE	01						 db (T_NEW_1-T1_)*2+1
 897	4CBF	0C						 db TCNEW_1-T_
 898	4CC0	01						 db (T_OLD_1-T1_)*2+1
 899	4CC1	0C						 db TCOLD_1-T_
 900	4CC2	94						 db (T_NEW_2-T1_)*2
 901	4CC3	35						 db TCNEW_2-T_
 902	4CC4	30						 db (T_OLD_2-T1_)*2
 903	4CC5	0E						 db TCOLD_2-T_
 904	4CC6	60						 db (T_NEW_3-T1_)*2
 905	4CC7	20						 db TCNEW_3-T_
 906	4CC8	60						 db (T_OLD_3-T1_)*2
 907	4CC9	21						 db TCOLD_3-T_
 908	4CCA					
 909	4CCA					T_:
 910	4CCA					
 911	4CCA	01	05	09	0B	0D	0F	13	15	TCOLD_0:	 db #00+1,#04+1,#08+1,#0A+1,#0C+1,#0E+1,#12+1,#14+1
 912	4CD2	19	25	3D	00			 db #18+1,#24+1,#3C+1,0
 913	4CD6					TCNEW_1:	
 914	4CD6	5D	00			TCOLD_1:	 db #5C+1,0
 915	4CD8	31	37	4D	53	5F	71	82	8C	9C	TCOLD_2:	 db #30+1,#36+1,#4C+1,#52+1,#5E+1,#70+1,#82,#8C,#9C
 916	4CE1	9E	A0	A6	A8	AA	AC	AE	AE	00			 db #9E,#A0,#A6,#A8,#AA,#AC,#AE,#AE,0
 917	4CEA	57				TCNEW_3:	 db #56+1
 918	4CEB	1F	23	25	29	2D	2F	33	BF	00	TCOLD_3:	 db #1E+1,#22+1,#24+1,#28+1,#2C+1,#2E+1,#32+1,#BE+1,0
 919	4CF4	1D	21	23	27	2B	2D	31	55	TCNEW_0:	 db #1C+1,#20+1,#22+1,#26+1,#2A+1,#2C+1,#30+1,#54+1
 920	4CFC	BD	BF	00				 db #BC+1,#BE+1,0
 921	4CFF	1B	21	25	29	2B	3B	4D	5F	TCNEW_2:	 db #1A+1,#20+1,#24+1,#28+1,#2A+1,#3A+1,#4C+1,#5E+1
 922	4D07	BB	BD	BF				 db #BA+1,#BC+1,#BE+1
 923	4D0A					
 924	4D0A	00	01	00	90	EMPTYSAMORN: 	 db 0,1,0,#90 ;delete #90 if you don't need default sample
 925	4D0E					
 926	4D0E					T_PACK:		; First 12 values of tone tables (packed)
 927	4D0E	0D	D8					 db #06EC*2/256,#06EC*2
 928	4D10	69						 db #0755-#06EC
 929	4D11	70						 db #07C5-#0755
 930	4D12	76						 db #083B-#07C5
 931	4D13	7D						 db #08B8-#083B
 932	4D14	85						 db #093D-#08B8
 933	4D15	8D						 db #09CA-#093D
 934	4D16	95						 db #0A5F-#09CA
 935	4D17	9D						 db #0AFC-#0A5F
 936	4D18	A8						 db #0BA4-#0AFC
 937	4D19	B1						 db #0C55-#0BA4
 938	4D1A	BB						 db #0D10-#0C55
 939	4D1B	0C	DA					 db #066D*2/256,#066D*2
 940	4D1D	62						 db #06CF-#066D
 941	4D1E	68						 db #0737-#06CF
 942	4D1F	6D						 db #07A4-#0737
 943	4D20	75						 db #0819-#07A4
 944	4D21	7B						 db #0894-#0819
 945	4D22	83						 db #0917-#0894
 946	4D23	8A						 db #09A1-#0917
 947	4D24	92						 db #0A33-#09A1
 948	4D25	9C						 db #0ACF-#0A33
 949	4D26	A4						 db #0B73-#0ACF
 950	4D27	AF						 db #0C22-#0B73
 951	4D28	B8						 db #0CDA-#0C22
 952	4D29	0E	08					 db #0704*2/256,#0704*2
 953	4D2B	6A						 db #076E-#0704
 954	4D2C	72						 db #07E0-#076E
 955	4D2D	78						 db #0858-#07E0
 956	4D2E	7E						 db #08D6-#0858
 957	4D2F	86						 db #095C-#08D6
 958	4D30	90						 db #09EC-#095C
 959	4D31	96						 db #0A82-#09EC
 960	4D32	A0						 db #0B22-#0A82
 961	4D33	AA						 db #0BCC-#0B22
 962	4D34	B4						 db #0C80-#0BCC
 963	4D35	BE						 db #0D3E-#0C80
 964	4D36	0F	C0					 db #07E0*2/256,#07E0*2
 965	4D38	78						 db #0858-#07E0
 966	4D39	88						 db #08E0-#0858
 967	4D3A	80						 db #0960-#08E0
 968	4D3B	90						 db #09F0-#0960
 969	4D3C	98						 db #0A88-#09F0
 970	4D3D	A0						 db #0B28-#0A88
 971	4D3E	B0						 db #0BD8-#0B28
 972	4D3F	A8						 db #0C80-#0BD8
 973	4D40	E0						 db #0D60-#0C80
 974	4D41	B0						 db #0E10-#0D60
 975	4D42	E8						 db #0EF8-#0E10
 976	4D43					
# source: C:\Users\salam\Downloads\unitedFiles(6).asm
 3273	4D43					
 3274	4D43					; ------------------------------------------------------------------
 3275	4D43					; PT3 TRACK TABLE
 3276	4D43					; ------------------------------------------------------------------
 3277	4D43					music_pt3_track_count:
 3278	4D43	01				    DB #01
 3279	4D44					
 3280	4D44					music_pt3_track_table:
 3281	4D44	E3	4C			    DW pt3_track_0_data - 99    ; New Track (.99 stripped)
 3282	4D46					
 3283	4D46					; --- PT3 Track 0: New Track ---
 3284	4D46					pt3_track_0_data:
 3285	4D46	02	05	27	05	F1	00	00	00	9C	0C	B6	0C	BC	0C	C2	0C	E4	0C	36	0D	40	0D	E2	0D	18	0E	32	0E	64	0E	06	0F	34	0F	00	00	4A	0F	00	00	00	00	00	00	00	00	00	00	00	00	00	00	00	00	00	00	00	00	00	00	00	00	00	00	00	00	00	00	00	00	60	0F	63	0F	6F	0F	7B	0F	87	0F	93	0F	99	0F	9F	0F	00	00	00	00	00	00	00	00	00	00	00	00	00	00	A3	0F	03	06	00	09	0C	1B	0F	1B	12	12	12	15	18	1E	18	1E	21	24	21	24	00	0F	27	27	27	2A	2D	30	2D	30	12	15	33	3C	33	3C	36	39	3F	FF	33	02	D8	02	E9	02	75	01	1A	02	1A	02	75	01	1E	02	1A	02	33	02	D8	02	F0	02	00	03	A5	03	B6	03	00	03	C5	03	D6	03	00	03	C5	03	E0	03	65	04	0A	05	1C	05	A1	05	C5	03	46	06	00	03	C5	03	1A	02	A1	05	C5	03	A9	06	A1	05	1A	07	2B	07	A1	05	1A	07	51	07	A1	05	1A	07	82	07	07	08	AA	08	82	07	A1	05	1A	07	BC	08	A1	05	1A	07	15	09	A1	05	1A	07	73	09	79	0A	FD	0A	0E	0B	93	0B	2A	0C	0E	0B	A1	05	1A	07	F8	09	4F	0C	5C	0C	74	0C	1E	00	11	02	40	CF	B1	02	87	D2	BF	00	3E	71	D1	BF	00	11	87	D2	BF	00	3E	71	D1	BF	00	11	87	D2	BF	00	3E	71	D1	BF	00	11	87	D2	BF	00	3E	71	D1	BF	00	11	87	D2	BF	00	3E	71	D1	BF	00	11	87	D2	BF	00	3E	71	D1	BF	00	11	87	D2	BF	00	3E	71	D1	BF	00	11	87	D2	BF	00	3E	71	D1	BF	00	11	87	D2	BF	00	3E	71	D1	BF	00	11	87	D2	BF	00	3E	71	D1	BF	00	11	87	D2	BF	00	3E	71	D1	BF	00	11	87	D2	BF	00	3E	71	D1	BF	00	11	87	D2	BF	00	3E	71	D1	BF	00	11	87	D2	BF	00	3E	71	D1	BF	00	11	87	D2	BF	00	3E	71	D1	BF	00	11	87	D2	BF	00	3E	71	00	B1	40	C0	00	F1	06	C1	B1	08	7D	C2	D0	C3	D0	C4	D0	C5	D0	C6	D0	C7	D0	C8	D0	00	1E	00	11	02	40	CF	B1	02	87	D2	BF	00	3E	71	D1	BF	00	11	87	D2	BF	00	3E	71	D1	BF	00	11	87	D2	BF	00	3E	71	D1	BF	00	11	87	D2	BF	00	3E	71	D1	BF	00	11	87	D2	BF	00	3E	71	D1	BF	00	11	87	D2	BF	00	3E	71	D1	BF	00	11	87	D2	BF	00	3E	71	D1	BF	00	11	87	D2	BF	00	3E	71	D1	BF	00	11	87	D2	BF	00	4E	6D	D1	BF	00	11	87	D2	BF	00	4E	6D	D1	BF	00	11	87	D2	BF	00	4E	6D	D1	BF	00	11	87	D2	BF	00	4E	6D	D1	BF	00	11	87	D2	BF	00	4E	6D	D1	BF	00	11	87	D2	BF	00	4E	6D	D1	BF	00	11	87	D2	BF	00	46	6F	D1	BF	00	11	87	D2	BF	00	46	6F	00	F1	06	C9	B1	10	7D	42	7D	43	79	44	B1	08	79	43	7B	00	F0	08	CF	B1	40	74	00	B1	3C	C0	F0	06	CD	B1	01	60	CB	D0	CD	B1	02	63	00	1E	00	11	02	40	CF	B1	02	87	D6	BF	00	3E	71	D1	BF	00	11	87	D6	BF	00	3E	71	D1	BF	00	11	87	D6	BF	00	3E	71	D1	BF	00	11	87	D6	BF	00	3E	71	D1	BF	00	11	87	D6	BF	00	3E	71	D1	BF	00	11	87	D6	BF	00	3E	71	D1	BF	00	11	87	D6	BF	00	3E	71	D1	BF	00	11	87	D6	BF	00	3E	71	D1	BF	00	11	87	D6	BF	00	4E	6D	D1	BF	00	11	87	D6	BF	00	4E	6D	D1	BF	00	11	87	D6	BF	00	4E	6D	D1	BF	00	11	87	D6	BF	00	4E	6D	D1	BF	00	11	87	D6	BF	00	4E	6D	D1	BF	00	11	87	D6	BF	00	4E	6D	D1	BF	00	11	87	D6	BF	00	46	6F	D1	BF	00	11	87	D6	BF	00	46	6F	00	F1	0A	CF	B1	10	7D	42	7D	43	79	44	B1	08	79	43	7B	00	F0	06	CD	B1	01	65	CA	D0	B1	0E	C0	B1	30	C0	00	F1	0E	CF	B1	10	7D	42	7D	43	79	44	B1	08	79	43	7B	00	F0	08	CF	B1	04	80	B1	3C	C0	00	F0	10	CF	B1	01	80	CC	82	CF	84	CC	80	CF	89	CC	84	CF	80	CC	89	CF	84	CC	80	CF	89	CC	84	CF	80	CC	89	CF	84	CC	80	CF	8B	CC	84	CF	84	CC	8B	CF	80	CC	84	CF	84	CC	80	CF	8B	CC	84	CF	80	CC	8B	CF	84	CC	80	CF	8B	CC	84	CF	80	CC	8B	CF	85	CC	80	CF	89	CC	85	CF	80	CC	89	CF	85	CC	80	CF	89	CC	85	CF	80	CC	89	CF	85	CC	80	CF	89	CC	85	CF	85	CC	89	CF	80	CC	85	CF	85	CC	80	CF	8B	CC	85	CF	87	CC	8B	CF	84	CC	87	CF	82	CC	84	00	1E	00	11	02	40	CF	B1	02	87	D6	BF	00	3E	71	D1	BF	00	11	87	D6	BF	00	3E	71	D1	BF	00	11	87	D6	BF	00	3E	71	D1	BF	00	11	87	D6	BF	00	3E	71	D1	BF	00	11	87	D6	BF	00	3E	71	D1	BF	00	11	87	D6	BF	00	3E	71	D1	BF	00	11	87	D6	BF	00	3E	71	D1	BF	00	11	87	D6	BF	00	3E	71	D1	BF	00	11	87	D6	BF	00	4E	6D	D1	BF	00	11	87	D6	BF	00	4E	6D	D1	BF	00	11	87	D6	BF	00	4E	6D	D1	BF	00	11	87	D6	BF	00	4E	6D	D1	BF	00	11	87	D6	BF	00	4E	6D	D1	BF	00	11	C0	D6	BF	00	4E	6D	D1	BF	00	11	C0	D6	BF	00	46	6F	D1	BF	00	11	C0	D6	BF	00	46	6F	00	F1	0E	CF	B1	10	7D	42	7D	43	79	D5	44	B1	08	79	43	7B	00	F0	10	CF	B1	01	80	CC	82	CF	84	CC	80	CF	89	CC	84	CF	80	CC	89	CF	84	CC	80	CF	89	CC	84	CF	80	CC	89	CF	84	CC	80	CF	8B	CC	84	CF	84	CC	8B	CF	80	CC	84	CF	84	CC	80	CF	8B	CC	84	CF	80	CC	8B	CF	84	CC	80	CF	8B	CC	84	CF	80	CC	8B	CF	85	CC	80	CF	89	CC	85	CF	80	CC	89	CF	85	CC	80	CF	89	CC	85	CF	80	CC	89	CF	85	CC	80	CF	8B	CC	85	CF	85	CC	8B	CF	80	CC	85	CF	85	CC	80	CE	8B	CB	85	CD	87	CA	8B	CC	84	C9	87	CB	82	C8	84	00	1E	00	11	12	40	CF	B1	02	74	D6	BF	00	3E	71	D9	BF	00	11	74	D6	BF	00	3E	71	D9	BF	00	11	74	D6	BF	00	3E	71	D9	BF	00	11	74	D6	BF	00	3E	71	D9	BF	00	11	74	D6	BF	00	3E	71	D9	BF	00	11	74	D6	BF	00	3E	71	D9	BF	00	11	74	D6	BF	00	3E	71	D9	BF	00	11	74	D6	BF	00	3E	71	D9	BF	00	11	74	D6	BF	00	4E	6D	D9	BF	00	11	74	D6	BF	00	4E	6D	D9	BF	00	11	74	D6	BF	00	4E	6D	D9	BF	00	11	74	D6	BF	00	4E	6D	D9	BF	00	11	74	D6	BF	00	4E	6D	D9	BF	00	11	74	D6	BF	00	4E	6D	D9	BF	00	11	74	D6	BF	00	46	6F	D9	BF	00	11	74	D6	BF	00	46	6F	00	F0	14	CF	B1	08	80	CD	B1	04	D0	46	CF	B1	02	80	CC	D0	40	CE	02	B1	01	87	01	45	00	FA	FF	CF	B1	0B	D0	B1	01	84	CD	84	CF	82	CD	84	CF	B1	02	84	01	B1	01	D0	01	FF	FF	01	D0	02	FE	FF	01	B1	02	D0	00	00	00	CD	B1	01	85	CF	B1	09	D0	46	B1	02	85	40	B1	01	80	CD	85	CF	7D	CD	80	CF	B1	02	79	01	B1	04	D0	01	FF	FF	7B	00	F0	14	CF	02	B1	08	7D	01	1E	00	FC	FF	CD	B1	04	D0	46	CF	B1	02	80	CC	D0	40	CE	02	B1	01	7D	01	28	00	0A	00	CF	01	D0	01	0B	00	01	D0	01	F5	FF	01	B1	09	D0	00	00	00	B1	01	7B	CD	7D	CF	7D	CD	7B	CF	B1	06	79	CD	02	B1	01	85	01	9C	00	F5	FF	CF	B1	09	D0	46	B1	02	85	40	B1	01	80	CD	85	CF	7D	CD	80	CF	B1	02	85	01	B1	04	D0	01	FF	FF	B1	02	87	01	D0	01	0A	00	00	F1	16	CF	B1	10	7D	42	7D	43	79	44	B1	08	79	43	7B	00	F0	18	CF	B1	08	7D	CE	D0	CD	D0	CC	B1	06	D0	CF	B1	01	80	7D	46	B1	06	80	40	7F	B1	04	7B	02	B1	10	79	01	22	00	05	00	00	B1	06	D0	78	B1	04	74	02	B1	0C	71	01	4F	00	06	00	CF	B1	01	71	74	78	7B	B1	0C	7D	B1	02	7B	CD	D0	46	B0	CF	B1	08	7D	40	CD	B1	01	7F	CE	D0	CF	B1	06	D0	00	F5	1A	CF	B1	01	7D	CB	7B	CF	78	CB	7D	CF	74	CB	78	CF	7D	CB	74	CF	78	CB	7D	CF	74	CB	78	CF	78	CB	74	CF	7D	CB	78	CF	7F	CB	7D	CF	78	CB	7F	CF	74	CB	78	CF	7F	CB	74	CF	78	CB	7F	CF	74	CB	78	CF	78	CB	74	CF	7B	CB	78	CF	7D	CB	7B	CF	79	CB	7D	CF	74	CB	79	CF	7D	CB	74	CF	79	CB	7D	CF	74	CB	79	CF	79	CB	74	CF	7B	CB	79	CF	7D	CB	7B	CF	79	CB	7D	CF	74	CB	79	CF	7D	CB	74	CF	7F	CB	7D	CF	7B	CB	7F	CF	76	CB	7B	CF	73	CB	76	00	1E	00	11	12	40	CF	B1	02	74	D6	BF	00	3E	71	D9	BF	00	11	74	D6	BF	00	3E	71	D9	BF	00	11	74	D6	BF	00	3E	71	D9	BF	00	11	74	D6	BF	00	3E	71	D9	BF	00	11	74	D6	BF	00	3E	71	D9	BF	00	11	74	D6	BF	00	3E	71	D9	BF	00	11	74	D6	BF	00	3E	71	D9	BF	00	11	74	D6	BF	00	3E	71	D9	BF	00	11	74	D6	BF	00	4E	6D	D9	BF	00	11	C0	D6	BF	00	4E	6D	D9	BF	00	11	C0	D6	BF	00	4E	6D	D9	BF	00	11	C0	D6	BF	00	4E	6D	D4	B0	CA	B1	01	74	74	D6	BF	00	4E	6D	D4	B0	CB	74	74	CC	74	D6	BF	00	4E	6D	D4	B0	CD	74	74	74	CE	74	74	74	CF	74	74	74	00	F1	16	CF	B1	10	7D	42	7D	D5	43	79	44	B1	08	79	43	7B	00	F7	14	CF	B1	01	84	01	D0	01	0A	00	01	D0	01	F6	FF	01	B1	09	D0	00	00	00	B1	02	82	CD	D0	CF	B1	01	84	01	D0	01	0A	00	01	D0	01	F6	FF	01	B1	09	D0	00	00	00	B1	02	87	CC	D0	CF	B1	01	85	CE	84	CF	B1	0A	80	B1	04	7F	46	B1	01	80	47	CC	7F	CF	7F	46	CC	80	47	CF	7B	CC	7F	CF	B1	0A	79	00	F7	14	CF	B1	01	84	01	D0	01	0A	00	01	D0	01	F6	FF	01	B1	09	D0	00	00	00	B1	02	87	CD	D0	CF	B1	01	84	01	D0	01	0A	00	01	D0	01	F6	FF	01	B1	09	D0	00	00	00	B1	02	89	CC	D0	CF	B1	01	85	CE	84	CF	B1	0A	80	B1	01	85	CC	85	CF	84	CC	85	46	CF	87	47	CC	84	CF	89	46	CC	87	47	CF	84	CC	89	CF	B1	0A	85	00	F5	1A	CF	B1	01	7D	CC	76	CB	7D	CF	7D	CB	7D	CC	7D	CF	7B	CC	7D	CF	7D	CC	7B	CB	7D	CF	7D	CC	7B	CB	7D	CF	7B	CC	7B	CF	7F	CD	7B	CB	7F	CF	7F	CC	7B	CB	7F	CF	7D	CC	7B	CF	7F	CC	7D	CB	7F	CF	7F	CC	7D	CB	7F	CF	7D	CC	7D	CF	79	CC	7D	CB	79	CF	79	CC	7D	CB	79	CF	78	CC	7D	CF	74	CC	78	CB	74	CF	74	CC	78	CB	74	CF	73	CC	78	CF	74	CC	73	CB	74	CF	74	CC	73	CB	74	CF	76	CC	73	CF	7B	CC	76	CB	7B	CF	7B	CC	76	CB	7B	CF	7F	CC	76	00	F5	1A	CF	B1	01	7D	CC	76	CB	7D	CF	7D	CD	7D	CC	7D	CF	7B	CC	7D	CF	7D	CC	7B	CB	7D	CF	7D	CC	7B	CB	7D	CF	7B	CC	7B	CF	7F	CC	7B	CB	7F	CF	7F	CC	7B	CB	7F	CF	7D	CC	7B	CF	7F	CC	7D	CB	7F	CF	7F	CC	7D	CB	7F	CF	7D	CC	7D	CF	79	CC	7D	CB	79	CF	79	CC	7D	CB	79	CF	78	CC	7D	CF	74	CC	78	CB	74	CF	74	CC	78	CB	74	CF	73	CC	78	CF	74	CC	73	CB	74	CF	74	CC	73	CB	74	CF	76	CC	73	CF	7B	CC	76	CB	7B	CF	7B	76	7B	7D	7F	00	F0	08	CF	B1	03	68	DF	45	B1	01	6C	CB	71	CF	68	CB	6C	CF	71	CB	68	CF	6C	CB	71	CF	68	CB	6C	CF	6C	CB	68	CF	71	CB	6C	CF	73	CB	71	CF	6C	CB	73	CF	68	CB	6C	CF	73	CB	68	CF	6C	CB	73	CF	68	CB	6C	CF	6C	CB	68	CF	6F	CB	6C	CF	71	CB	6F	CF	6D	CB	71	CF	68	CB	6D	CF	71	CB	68	CF	6D	CB	71	CF	68	CB	6D	CF	6D	CB	68	CF	6F	CB	6D	CF	71	CB	6F	CF	6D	CB	71	CF	68	CB	6D	CF	71	CB	68	CF	73	CB	71	CF	6F	CB	73	CF	6A	CB	6F	CF	67	00	F1	06	CB	B1	10	7D	42	7D	43	79	44	B1	08	79	43	7B	00	F5	1A	CF	B1	01	71	CB	6F	CF	6C	CB	71	CF	68	CB	6C	CF	71	CB	68	CF	6C	CB	71	CF	68	CB	6C	CF	6C	CB	68	CF	71	CB	6C	CF	73	CB	71	CF	6C	CB	73	CF	68	CB	6C	CF	73	CB	68	CF	6C	CB	73	CF	68	CB	6C	CF	6C	CB	68	CF	6F	CB	6C	CF	71	CB	6F	CF	6D	CB	71	CF	68	CB	6D	CF	71	CB	68	CF	6D	CB	71	CF	68	CB	6D	CF	6D	CB	68	CF	6F	CB	6D	CF	71	CB	6F	CF	6D	CB	71	CF	68	CB	6D	CF	71	CB	68	CF	73	CB	71	CF	6F	CB	73	CF	6A	CB	6F	CF	67	CB	6A	00	B1	01	D0	F5	1E	CF	71	CB	6F	CF	6C	CB	71	CF	68	CB	6C	CF	71	CB	68	CF	6C	CB	71	CF	68	CB	6C	CF	6C	CB	68	CF	71	CB	6C	CF	73	CB	71	CF	6C	CB	73	CF	68	CB	6C	CF	73	CB	68	CF	6C	CB	73	CF	68	CB	6C	CF	6C	CB	68	CF	6F	1E	00	11	12	40	B1	02	68	D6	BF	00	4E	61	D9	BF	00	11	68	D6	BF	00	4E	61	D9	BF	00	11	68	D6	BF	00	4E	61	D9	BF	00	11	68	D6	BF	00	4E	61	D9	BF	00	11	68	D6	BF	00	4E	61	D9	BF	00	11	68	D6	BF	00	4E	61	D9	BF	00	11	68	D6	BF	00	46	63	D9	BF	00	11	68	D6	BF	00	46	63	00	F1	06	CB	B1	10	7D	42	7D	DB	43	CF	79	44	B1	08	79	43	B1	02	7B	D4	40	CA	B1	01	74	CB	74	CC	74	CD	74	CE	74	CF	74	00	1C	00	7C	06	4F	CF	B1	04	59	B1	3C	C0	00	D4	CF	B1	02	74	CD	74	CB	74	C9	74	C7	74	C5	74	C3	74	C2	74	C1	B1	30	74	00	F1	06	CF	B1	01	7D	CE	D0	CD	D0	CC	D0	CB	D0	CA	D0	C9	D0	C8	D0	C7	D0	C6	D0	C5	D0	C4	D0	C3	D0	C2	D0	C1	B1	02	D0	B1	30	C0	00	05	06	02	B0	00	00	08	B0	00	00	0C	B0	00	00	08	B0	00	00	0C	B0	00	00	01	90	00	00	00	01	00	90	00	00	00	01	00	8F	00	00	04	08	10	0F	40	00	0E	0F	C0	00	0A	0E	80	01	04	0D	40	02	00	1C	00	00	00	1C	00	00	80	1C	00	00	00	1C	00	00	00	14	00	0B	00	00	00	0B	00	00	00	8A	00	00	00	8A	00	00	00	8A	00	00	00	0B	00	00	00	0B	00	00	00	8A	00	00	00	8A	00	00	00	8A	00	00	00	1E	00	00	00	0D	00	00	00	0C	00	00	00	0B	00	00	00	8A	00	00	00	0B	00	00	00	0B	00	00	00	8A	00	00	00	8A	00	00	00	8A	00	00	01	02	01	1D	00	00	00	90	00	00	00	28	00	0B	00	00	00	0B	00	00	00	8A	00	00	00	8A	00	00	00	8A	00	00	00	0B	00	00	00	0B	00	00	00	8A	00	00	00	8A	00	00	00	8A	00	00	00	0E	00	00	00	0D	00	00	00	0C	00	00	00	0B	00	00	00	8A	00	00	00	0B	00	00	00	0B	00	00	00	8A	00	00	00	8A	00	00	00	8A	00	00	0E	0F	80	00	08	0E	00	01	04	0D	80	01	02	0C	00	02	00	8B	00	00	00	0B	00	00	00	0B	00	00	00	0A	00	00	00	8A	00	00	00	8A	00	00	00	0E	00	00	00	0D	00	00	00	0C	00	00	00	0B	00	00	00	8A	00	00	00	0B	00	00	00	0B	00	00	00	0A	00	00	00	0A	00	00	00	0A	00	00	0C	0D	00	8E	00	00	00	8F	00	00	00	8E	00	00	00	8C	00	00	00	89	00	00	00	88	00	00	00	85	00	00	00	83	00	00	00	83	00	00	00	83	00	00	00	86	00	00	00	87	00	00	01	90	00	00	05	06	02	A0	00	00	08	B0	00	00	0C	B0	00	00	08	B0	00	00	0C	B0	00	00	01	90	00	00	05	0C	00	8F	00	00	00	8F	00	00	00	8E	00	00	00	8E	00	00	00	8D	00	00	00	8C	FF	FF	00	8C	FE	FF	00	8C	FF	FF	00	8C	00	00	00	8C	01	00	00	8C	02	00	00	8C	01	00	00	28	00	0B	00	00	00	0B	00	00	00	8A	00	00	00	8A	00	00	00	8A	00	00	00	0B	00	00	00	0B	00	00	00	8A	00	00	00	8A	00	00	00	8A	00	00	00	1E	00	00	00	0D	00	00	00	0C	00	00	00	0B	00	00	00	8A	00	00	00	0B	00	00	00	0B	00	00	00	8A	00	00	00	8A	00	00	00	8A	00	00	0E	0F	80	00	08	0E	00	01	04	0D	80	01	02	0C	00	02	00	8B	00	00	00	0B	00	00	00	0B	00	00	00	8A	00	00	00	8A	00	00	00	8A	00	00	00	1E	00	00	00	0D	00	00	00	0C	00	00	00	8B	00	00	00	8A	00	00	00	0B	00	00	00	0B	00	00	00	8A	00	00	00	0D	00	00	00	0B	00	00	05	0B	00	8F	00	00	00	8F	00	00	00	8E	00	00	00	8E	00	00	00	8D	00	00	00	8C	FF	FF	00	8C	FD	FF	00	8C	FF	FF	00	8C	01	00	00	8C	03	00	00	8C	01	00	04	05	00	8F	00	00	00	8D	00	00	00	8E	00	00	00	8D	00	00	80	8B	00	00	04	05	00	8B	00	00	00	89	00	00	00	8A	00	00	00	89	00	00	80	87	00	00	00	01	00	00	0A	00	00	03	03	0C	0C	07	07	0F	0F	00	0A	00	00	02	02	0C	0C	07	07	0E	0E	00	0A	00	00	04	04	0C	0C	07	07	10	10	00	0A	00	00	04	04	0C	0C	07	07	11	11	01	04	00	18	00	00	03	04	FD	FE	FF	00	01	02	18	00	00	01	00	50	72	6F	54	72	61	63	6B	65	72	20	33	2E	35	20	63	6F	6D	70	69	6C	61	74	69	6F	6E	20	6F	66	20	44	6F	6D	65	6E	20	28	20	62	79	20	44	65	6E	73	4F	6E	20	29	20	20	20	20	20	20	20	20	20	20	20	20	20	20	62	79	20	44	6A	20	44	65	6E	73	4F	6E	20	26	20	43	6A	20	53	70	6C	69	6E	74	65	72	20	20	20	20	20	20	20	20	20	20	02	05	27	05	F1	00	00	00	F4	0D	0E	0E	14	0E	1A	0E	00	00	3C	0E	00	00	46	0E	7C	0E	96	0E	C8	0E	6A	0F	98	0F	00	00	AE	0F	00	00	00	00	00	00	00	00	00	00	00	00	00	00	00	00	00	00	00	00	00	00	00	00	00	00	00	00	00	00	00	00	C4	0F	C7	0F	D3	0F	DF	0F	EB	0F	F7	0F	FD	0F	00	00	00	00	00	00	00	00	00	00	00	00	00	00	00	00	00	00	03	06	00	09	0C	1B	0F	1B	12	12	12	15	18	1E	18	1E	21	24	21	24	00	0F	27	27	27	2A	2D	30	2D	30	12	15	33	3C	33	3C	36	39	3F	FF	3C	02	C1	02	66	03	75	01	79	01	1E	02	75	01	79	01	22	02	3C	02	6D	03	C1	02	3C	02	6D	03	12	04	3C	02	6D	03	21	04	3C	02	6D	03	2B	04	3C	02	91	04	36	05	9C	05	21	06	C6	06	3C	02	6D	03	1E	02	9C	05	21	06	26	07	95	07	21	06	5A	08	83	08	21	06	48	09	7B	09	21	06	75	01	7B	09	00	0A	75	01	A3	0A	21	06	9C	05	A3	0A	21	06	9C	05	27	0B	21	06	AA	0B	75	01	2F	0C	B3	0C	38	0D	5D	0D	B3	0C	27	0B	21	06	AA	0B	1E	02	1E	02	1E	02	B1	40	D0	00	1E	00	11	02	40	CF	B1	02	87	D2	BF	00	3E	71	D1	BF	00	11	87	D2	BF	00	3E	71	D1	BF	00	11	87	D2	BF	00	3E	71	D1	BF	00	11	87	D2	BF	00	3E	71	D1	BF	00	11	87	D2	BF	00	3E	71	D1	BF	00	11	87	D2	BF	00	3E	71	D1	BF	00	11	87	D2	BF	00	3E	71	D1	BF	00	11	87	D2	BF	00	3E	71	D1	BF	00	11	87	D2	BF	00	3E	71	D1	BF	00	11	87	D2	BF	00	3E	71	D1	BF	00	11	87	D2	BF	00	3E	71	D1	BF	00	11	87	D2	BF	00	3E	71	D1	BF	00	11	87	D2	BF	00	3E	71	D1	BF	00	11	87	D2	BF	00	3E	71	D1	BF	00	11	87	D2	BF	00	3E	71	D1	BF	00	11	87	D2	BF	00	3E	71	00	B1	40	C0	00	B1	02	D0	F1	06	C1	B1	10	7D	C2	B1	08	D0	C3	D0	C4	D0	C5	D0	C6	D0	C7	B1	06	D0	00	F0	1A	CA	B1	01	7D	C8	7D	CA	80	C8	7D	CA	89	C8	80	CA	80	C8	89	CA	7D	C8	80	CA	80	C8	7D	CA	89	C8	80	CA	80	C8	7D	CA	7D	C8	80	CA	80	C8	7D	CA	89	C8	80	CA	80	C8	89	CA	7D	C8	80	CA	80	C8	7D	CA	89	C8	80	CA	80	C8	89	CA	79	C8	80	CA	80	C8	79	CA	89	C8	80	CA	80	C8	89	CA	79	C8	80	CA	80	C8	79	CA	89	C8	80	CA	80	C8	89	CA	79	C8	80	CA	80	C8	79	CA	89	C8	80	CA	80	C8	89	CA	7B	C8	80	CA	80	C8	7B	CA	89	C8	80	CA	8B	C8	89	00	1E	00	11	02	40	CF	B1	02	87	D2	BF	00	3E	71	D1	BF	00	11	87	D2	BF	00	3E	71	D1	BF	00	11	87	D2	BF	00	3E	71	D1	BF	00	11	87	D2	BF	00	3E	71	D1	BF	00	11	87	D2	BF	00	3E	71	D1	BF	00	11	87	D2	BF	00	3E	71	D1	BF	00	11	87	D2	BF	00	3E	71	D1	BF	00	11	87	D2	BF	00	3E	71	D1	BF	00	11	87	D2	BF	00	4E	6D	D1	BF	00	11	87	D2	BF	00	4E	6D	D1	BF	00	11	87	D2	BF	00	4E	6D	D1	BF	00	11	87	D2	BF	00	4E	6D	D1	BF	00	11	87	D2	BF	00	4E	6D	D1	BF	00	11	87	D2	BF	00	4E	6D	D1	BF	00	11	87	D2	BF	00	46	6F	D1	BF	00	11	87	D2	BF	00	46	6F	00	F0	08	CF	B1	40	74	00	1E	00	11	02	40	CF	B1	02	87	D6	BF	00	3E	71	D1	BF	00	11	87	D6	BF	00	3E	71	D1	BF	00	11	87	D6	BF	00	3E	71	D1	BF	00	11	87	D6	BF	00	3E	71	D1	BF	00	11	87	D6	BF	00	3E	71	D1	BF	00	11	87	D6	BF	00	3E	71	D1	BF	00	11	87	D6	BF	00	3E	71	D1	BF	00	11	87	D6	BF	00	3E	71	D1	BF	00	11	87	D6	BF	00	4E	6D	D1	BF	00	11	87	D6	BF	00	4E	6D	D1	BF	00	11	87	D6	BF	00	4E	6D	D1	BF	00	11	87	D6	BF	00	4E	6D	D1	BF	00	11	87	D6	BF	00	4E	6D	D1	BF	00	11	87	D6	BF	00	4E	6D	D1	BF	00	11	87	D6	BF	00	46	6F	D1	BF	00	11	87	D6	BF	00	46	6F	00	F0	06	CD	B1	01	65	CA	D0	B1	0E	C0	B1	30	C0	00	F0	08	CF	B1	04	80	B1	3C	C0	00	40	B0	C1	B1	02	65	D3	BF	00	3E	7D	B0	D0	BF	00	3E	7D	B0	D0	BF	00	3E	7D	B0	D0	BF	00	3E	7D	B0	D0	BF	00	3E	7D	B0	D0	BF	00	3E	7D	B0	D0	BF	00	3E	7D	B0	D0	BF	00	3E	7D	B0	D0	BF	00	4E	80	B0	D0	BF	00	4E	80	B0	D0	BF	00	4E	80	B0	D0	BF	00	4E	80	B0	D0	BF	00	4E	85	B0	D0	BF	00	4E	85	B0	D0	BF	00	46	7B	B0	D0	BF	00	46	7B	00	1E	00	11	02	40	CF	B1	02	87	D6	BF	00	3E	71	D1	BF	00	11	87	D6	BF	00	3E	71	D1	BF	00	11	87	D6	BF	00	3E	71	D1	BF	00	11	87	D6	BF	00	3E	71	D1	BF	00	11	87	D6	BF	00	3E	71	D1	BF	00	11	87	D6	BF	00	3E	71	D1	BF	00	11	87	D6	BF	00	3E	71	D1	BF	00	11	87	D6	BF	00	3E	71	D1	BF	00	11	87	D6	BF	00	4E	6D	D1	BF	00	11	87	D6	BF	00	4E	6D	D1	BF	00	11	87	D6	BF	00	4E	6D	D1	BF	00	11	87	D6	BF	00	4E	6D	D1	BF	00	11	87	D6	BF	00	46	6D	D1	BF	00	11	87	D6	BF	00	46	6D	D1	BF	00	11	87	D6	BF	00	46	6F	D1	BF	00	11	87	D6	BF	00	46	6F	00	40	B0	C1	B1	02	65	D3	BF	00	3E	7D	B0	D0	BF	00	3E	7D	B0	D0	BF	00	3E	7D	B0	D0	BF	00	3E	7D	B0	D0	BF	00	3E	7D	B0	D0	BF	00	3E	7D	B0	D0	BF	00	3E	7D	B0	D0	BF	00	3E	7D	B0	D0	BF	00	4E	80	B0	D0	BF	00	4E	80	B0	D0	BF	00	4E	80	B0	D0	BF	00	4E	80	B0	D0	BF	00	46	87	B0	D0	BF	00	46	87	B0	D0	BF	00	46	87	B0	D0	BF	00	46	87	00	F0	10	CA	B1	01	80	CC	82	CA	84	CC	80	CA	89	CC	84	CA	80	CC	89	CA	84	CC	80	CA	89	CC	84	CA	80	CC	89	CA	84	CC	80	CA	8B	CC	84	CA	84	CC	8B	CA	80	CC	84	CA	84	CC	80	CA	8B	CC	84	CA	80	CC	8B	CA	84	CC	80	CA	8B	CC	84	CA	80	CC	8B	CA	85	CC	80	CA	89	CC	85	CA	80	CC	89	CA	85	CC	80	CA	89	CC	85	CA	80	CC	89	CA	85	CC	80	CA	89	CC	85	CA	85	CC	89	CA	80	CC	85	CA	85	CC	80	CA	8B	CC	85	CA	87	CC	8B	CA	84	CC	87	CA	82	CC	84	00	1E	00	11	12	40	CF	B1	02	74	D6	BF	00	3E	71	D9	BF	00	11	74	D6	BF	00	3E	71	D9	BF	00	11	74	D6	BF	00	3E	71	D9	BF	00	11	74	D6	BF	00	3E	71	D9	BF	00	11	74	D6	BF	00	3E	71	D9	BF	00	11	74	D6	BF	00	3E	71	D9	BF	00	11	74	D6	BF	00	3E	71	D9	BF	00	11	74	D6	BF	00	3E	71	D9	BF	00	11	74	D6	BF	00	4E	6D	D9	BF	00	11	74	D6	BF	00	4E	6D	D9	BF	00	11	74	D6	BF	00	4E	6D	D9	BF	00	11	74	D6	BF	00	4E	6D	D9	BF	00	11	74	D6	BF	00	4E	6D	D9	BF	00	11	74	D6	BF	00	4E	6D	D9	BF	00	11	74	D6	BF	00	46	6F	D9	BF	00	11	74	D6	BF	00	46	6F	00	40	B0	B1	02	D0	DA	CD	B1	0C	80	46	B1	02	80	CC	D0	40	02	B1	01	87	01	45	00	FA	FF	CF	B1	0B	D0	B1	01	84	CC	84	82	84	B1	02	84	01	B1	01	D0	01	FF	FF	01	D0	02	FE	FF	01	B1	02	D0	00	00	00	B1	01	85	CF	B1	09	D0	46	CC	B1	02	85	40	B1	01	80	CD	85	CC	7D	CD	80	CC	B1	02	79	01	B1	04	D0	01	FF	FF	B1	02	7B	00	B1	02	D0	F0	14	CF	02	B1	08	7D	01	1E	00	FC	FF	CD	B1	04	D0	46	CF	B1	02	80	CC	D0	40	CE	02	B1	01	7D	01	28	00	0A	00	CF	01	D0	01	0B	00	01	D0	01	F5	FF	01	B1	09	D0	00	00	00	B1	01	7B	CD	7D	CF	7D	CD	7B	CF	B1	06	79	CD	02	B1	01	85	01	9C	00	F5	FF	CF	B1	09	D0	46	B1	02	85	40	B1	01	80	CD	85	CF	7D	CD	80	CF	B1	02	85	01	B1	04	D0	01	FF	FF	B1	02	87	00	F0	10	CA	B1	01	80	CC	82	B9	00	3E	CA	9C	B0	CC	80	CA	89	CC	89	B9	00	3E	CA	9C	B0	CC	89	CA	84	CC	80	B9	00	3E	CA	9C	B0	CC	84	CA	80	CC	89	B9	00	3E	CA	9C	B0	CC	80	CA	8B	CC	8B	B9	00	3E	CA	9C	B0	CC	8B	CA	80	CC	84	B9	00	3E	CA	9C	B0	CC	80	CA	8B	CC	84	B9	00	3E	CA	9C	B0	CC	8B	CA	84	CC	80	B9	00	3E	CA	9C	B0	CC	84	CA	80	CC	8B	B9	00	4E	CA	9C	B0	CC	80	CA	89	CC	85	B9	00	4E	CA	9C	B0	CC	89	CA	85	CC	80	B9	00	4E	CA	9C	B0	CC	85	CA	80	CC	89	B9	00	4E	CA	9C	B0	CC	80	CA	89	CC	85	B9	00	4E	CA	9C	B0	CC	89	CA	80	CC	85	B9	00	4E	CA	9C	B0	CC	D0	CA	8B	CC	85	B9	00	46	CA	9C	B0	CC	8B	CA	84	CC	84	B9	00	46	CA	9C	B0	CC	84	00	B1	02	D0	F0	18	CF	B1	08	7D	CE	D0	CD	D0	CC	B1	06	D0	CF	B1	01	80	7D	46	B1	06	80	40	7F	B1	04	7B	02	B1	0E	79	01	22	00	05	00	00	F0	10	CA	B1	01	80	CC	82	B9	00	3E	CA	A1	B0	CC	80	CA	89	CC	89	B9	00	3E	CA	A1	B0	CC	89	CA	84	CC	80	B9	00	3E	CA	A3	B0	CC	84	CA	80	CC	89	B9	00	3E	CA	A3	B0	CC	80	CA	8B	CC	8B	B9	00	3E	CA	A3	B0	CC	8B	CA	80	CC	84	B9	00	3E	CA	A4	B0	CC	80	CA	8B	CC	84	B9	00	3E	CA	A3	B0	CC	8B	CA	84	CC	80	B9	00	3E	CA	A3	B0	CC	84	CA	80	CC	8B	B9	00	4E	CA	A3	B0	CC	80	CA	89	CC	85	B9	00	4E	CA	A3	B0	CC	89	CA	85	CC	80	B9	00	4E	CA	A6	B0	CC	85	CA	80	CC	89	B9	00	4E	CA	A6	B0	CC	80	CA	89	CC	85	B9	00	4E	CA	A6	B0	CC	89	CA	80	CC	85	B9	00	4E	CA	A6	B0	CC	80	CA	8B	CC	85	B9	00	46	CA	A6	B0	CC	8B	CA	84	CC	87	B9	00	46	CA	A6	B0	CC	84	00	B1	08	D0	B1	06	78	B1	04	74	02	B1	0C	71	01	4F	00	06	00	CF	B1	01	71	74	78	7B	B1	0C	7D	B1	02	7B	CD	D0	46	B0	CF	B1	08	7D	40	CD	B1	01	7F	CE	D0	CF	B1	04	D0	00	F5	1A	CF	B1	01	71	CB	6F	CF	6C	CB	71	CF	68	CB	6C	CF	71	CB	68	CF	6C	CB	71	CF	68	CB	6C	CF	6C	CB	68	CF	71	CB	6C	CF	73	CB	71	CF	6C	CB	73	CF	68	CB	6C	CF	73	CB	68	CF	6C	CB	73	CF	68	CB	6C	CF	6C	CB	68	CF	6F	CB	6C	CF	71	CB	6F	CF	6D	CB	71	CF	68	CB	6D	CF	71	CB	68	CF	6D	CB	71	CF	68	CB	6D	CF	6D	CB	68	CF	6F	CB	6D	CF	71	CB	6F	CF	6D	CB	71	CF	68	CB	6D	CF	71	CB	68	CF	73	CB	71	CF	6F	CB	73	CF	6A	CB	6F	CF	67	CB	6A	00	1E	00	11	12	40	CF	B1	02	74	D6	BF	00	3E	71	D9	BF	00	11	74	D6	BF	00	3E	71	D9	BF	00	11	74	D6	BF	00	3E	71	D9	BF	00	11	74	D6	BF	00	3E	71	D9	BF	00	11	74	D6	BF	00	3E	71	D9	BF	00	11	74	D6	BF	00	3E	71	D9	BF	00	11	74	D6	BF	00	3E	71	D9	BF	00	11	74	D6	BF	00	3E	71	D9	BF	00	11	74	D6	BF	00	4E	6D	D9	BF	00	11	C0	D6	BF	00	4E	6D	D9	BF	00	11	C0	D6	BF	00	4E	6D	D9	BF	00	11	C0	D6	BF	00	4E	6D	D4	B0	CA	B1	01	74	74	D6	BF	00	4E	6D	D4	B0	CB	74	74	CC	74	D6	BF	00	4E	6D	D4	B0	CD	74	74	74	CE	74	74	74	CF	74	74	74	00	F0	14	C1	B1	02	7D	46	BD	00	3E	A1	40	B0	7D	46	BD	00	3E	A1	40	B0	80	46	BD	00	3E	A1	40	B0	80	46	BD	00	3E	A1	40	B0	82	46	BD	00	3E	A1	40	B0	82	46	BD	00	3E	A1	40	B0	85	46	BD	00	3E	A1	40	B0	84	46	BD	00	3E	A1	40	B0	79	46	BD	00	4E	A1	40	B0	79	46	BD	00	4E	A1	40	B0	80	46	BD	00	4E	A1	40	B0	80	46	BD	00	4E	A1	40	B0	79	46	BD	00	4E	A1	40	B0	79	46	BD	00	4E	A1	40	B0	85	46	BD	00	46	A1	40	B0	85	46	BD	00	46	A1	00	F5	1A	CF	B1	01	7D	7D	80	CC	7D	CF	89	CC	80	CF	80	CC	89	CA	7D	C8	80	CA	80	C8	7D	CA	89	C8	80	CA	80	C8	7D	CF	7D	CC	80	CF	80	CC	7D	CF	8B	CC	80	CF	80	CC	8B	CA	7D	C8	80	CA	80	C8	7D	CA	89	C8	80	CA	80	C8	89	CF	79	CC	80	CF	80	CC	79	CF	89	CC	80	CF	80	CC	89	CA	79	C8	80	CA	80	C8	79	CA	89	C8	80	CA	80	C8	89	CF	79	CC	80	CF	80	CC	79	CF	89	CC	80	CF	80	CC	89	CF	7B	CC	80	CF	80	CC	7B	CF	8B	CC	80	CF	8B	CC	76	00	F5	1A	CF	B1	01	71	CC	6A	CB	71	CF	71	CB	71	CC	71	CF	6F	CC	71	CF	71	CC	6F	CB	71	CF	71	CC	6F	CB	71	CF	6F	CC	6F	CF	73	CD	6F	CB	73	CF	73	CC	6F	CB	73	CF	71	CC	6F	CF	73	CC	71	CB	73	CF	73	CC	71	CB	73	CF	71	CC	71	CF	6D	CC	71	CB	6D	CF	6D	CC	71	CB	6D	CF	6C	CC	71	CF	68	CC	6C	CB	68	CF	68	CC	6C	CB	68	CF	67	CC	6C	CF	68	CC	67	CB	68	CF	68	CC	67	CB	68	CF	6A	CC	67	CF	6F	CC	6A	CB	6F	CF	6F	CC	6A	CB	6F	CF	73	CC	6A	00	F0	08	CF	B1	03	74	DF	45	B1	01	78	CB	7D	CF	74	CB	78	CF	7D	CB	74	CF	78	CB	7D	CF	74	CB	78	CF	78	CB	74	CF	7D	CB	78	CF	7F	CB	7D	CF	78	CB	7F	CF	74	CB	78	CF	7F	CB	74	CF	78	CB	7F	CF	74	CB	78	CF	78	CB	74	CF	7B	CB	78	CF	7D	CB	7B	CF	79	CB	7D	CF	74	CB	79	CF	7D	CB	74	CF	79	CB	7D	CF	74	CB	79	CF	79	CB	74	CF	7B	CB	79	CF	7D	CB	7B	CF	79	CB	7D	CF	74	CB	79	CF	7D	CB	74	CF	7F	CB	7D	CF	7B	CB	7F	CF	76	CB	7B	CF	73	00	F5	1A	CF	B1	01	7D	CB	7B	CF	78	CB	7D	CF	74	CB	78	CF	7D	CB	74	CF	78	CB	7D	CF	74	CB	78	CF	78	CB	74	CF	7D	CB	78	CF	7F	CB	7D	CF	78	CB	7F	CF	74	CB	78	CF	7F	CB	74	CF	78	CB	7F	CF	74	CB	78	CF	78	CB	74	CF	7B	CB	78	CF	7D	CB	7B	CF	79	CB	7D	CF	74	CB	79	CF	7D	CB	74	CF	79	CB	7D	CF	74	CB	79	CF	79	CB	74	CF	7B	CB	79	CF	7D	CB	7B	CF	79	CB	7D	CF	74	CB	79	CF	7D	CB	74	CF	7F	CB	7D	CF	7B	CB	7F	CF	76	CB	7B	CF	73	CB	76	00	F1	06	CB	B1	10	71	42	71	DB	43	CF	6D	44	B1	08	6D	43	B1	02	6F	D4	40	CA	B1	01	68	CB	68	CC	68	CD	68	CE	68	CF	68	00	B1	01	D0	F5	1E	CF	7D	CB	7B	CF	78	CB	7D	CF	74	CB	78	CF	7D	CB	74	CF	78	CB	7D	CF	74	CB	78	CF	78	CB	74	CF	7D	CB	78	CF	7F	CB	7D	CF	78	CB	7F	CF	74	CB	78	CF	7F	CB	74	CF	78	CB	7F	CF	74	CB	78	CF	78	CB	74	CF	7B	1E	00	11	12	40	B1	02	74	D6	BF	00	4E	6D	D9	BF	00	11	74	D6	BF	00	4E	6D	D9	BF	00	11	74	D6	BF	00	4E	6D	D9	BF	00	11	74	D6	BF	00	4E	6D	D9	BF	00	11	74	D6	BF	00	4E	6D	D9	BF	00	11	74	D6	BF	00	4E	6D	D9	BF	00	11	74	D6	BF	00	46	6F	D9	BF	00	11	74	D6	BF	00	46	6F	00	05	06	02	B0	00	00	08	B0	00	00	0C	B0	00	00	08	B0	00	00	0C	B0	00	00	01	90	00	00	00	01	00	90	00	00	00	01	00	8F	00	00	04	08	10	0F	40	00	0E	0F	C0	00	0A	0E	80	01	04	0D	40	02	00	1C	00	00	00	1C	00	00	80	1C	00	00	00	1C	00	00	01	02	01	1D	00	00	00	90	00	00	0C	0D	00	8E	00	00	00	8F	00	00	00	8E	00	00	00	8C	00	00	00	89	00	00	00	88	00	00	00	85	00	00	00	83	00	00	00	83	00	00	00	83	00	00	00	86	00	00	00	87	00	00	01	90	00	00	05	06	02	A0	00	00	08	B0	00	00	0C	B0	00	00	08	B0	00	00	0C	B0	00	00	01	90	00	00	05	0C	00	8F	00	00	00	8F	00	00	00	8E	00	00	00	8E	00	00	00	8D	00	00	00	8C	FF	FF	00	8C	FE	FF	00	8C	FF	FF	00	8C	00	00	00	8C	01	00	00	8C	02	00	00	8C	01	00	00	28	00	0B	00	00	00	0B	00	00	00	8A	00	00	00	8A	00	00	00	8A	00	00	00	0B	00	00	00	0B	00	00	00	8A	00	00	00	8A	00	00	00	8A	00	00	00	1E	00	00	00	0D	00	00	00	0C	00	00	00	0B	00	00	00	8A	00	00	00	0B	00	00	00	0B	00	00	00	8A	00	00	00	8A	00	00	00	8A	00	00	0E	0F	80	00	08	0E	00	01	04	0D	80	01	02	0C	00	02	00	8B	00	00	00	0B	00	00	00	0B	00	00	00	8A	00	00	00	8A	00	00	00	8A	00	00	00	1E	00	00	00	0D	00	00	00	0C	00	00	00	8B	00	00	00	8A	00	00	00	0B	00	00	00	0B	00	00	00	8A	00	00	00	0D	00	00	00	0B	00	00	05	0B	00	8F	00	00	00	8F	00	00	00	8E	00	00	00	8E	00	00	00	8D	00	00	00	8C	FF	FF	00	8C	FD	FF	00	8C	FF	FF	00	8C	01	00	00	8C	03	00	00	8C	01	00	04	05	00	8F	00	00	00	8D	00	00	00	8E	00	00	00	8D	00	00	80	8B	00	00	04	05	00	8B	00	00	00	89	00	00	00	8A	00	00	00	89	00	00	80	87	00	00	00	01	00	00	0A	00	00	03	03	0C	0C	07	07	0F	0F	00	0A	00	00	02	02	0C	0C	07	07	0E	0E	00	0A	00	00	04	04	0C	0C	07	07	10	10	00	0A	00	00	04	04	0C	0C	07	07	11	11	01	04	00	18	00	00	03	04	FD	FE	FF	00	50	54	33	21	A6	0F	50	54	33	21	03	10	30	32	54	53	    incbin "../Documents/Programacion/Mideas/server/temp/mideas_known_good.99"
 3286	6C9C					
 3287	6C9C					
 3288	6C9C					; ==================================================================
 3289	6C9C					; END OF PSG SOUND SYSTEM
 3290	6C9C					; ==================================================================
 3291	6C9C					
 3292	6C9C					
 3293	6C9C					; ==================================================================
 3294	6C9C					; SCROLL SYSTEM
 3295	6C9C					; File: scroll.asm
 3296	6C9C					; Description: Viewport management and screen scrolling for large worlds
 3297	6C9C					; ==================================================================
 3298	6C9C					
 3299	6C9C					; ==================================================================
 3300	6C9C					; SCROLL SYSTEM CONSTANTS
 3301	6C9C					; ==================================================================
 3302	6C9C					
 3303	6C9C					SCREEN_WIDTH_TILES      EQU 32      ; MSX Screen 2 width in tiles
 3304	6C9C					SCREEN_HEIGHT_TILES     EQU 24      ; MSX Screen 2 height in tiles
 3305	6C9C					SCREEN_WIDTH_PIXELS     EQU 256     ; MSX Screen 2 width in pixels
 3306	6C9C					SCREEN_HEIGHT_PIXELS    EQU 192     ; MSX Screen 2 height in pixels
 3307	6C9C					
 3308	6C9C					; Note: NAMETBL (#1800) is already defined in constants.asm
 3309	6C9C					
 3310	6C9C					; ==================================================================
 3311	6C9C					; SCROLL SYSTEM INITIALIZATION
 3312	6C9C					; ==================================================================
 3313	6C9C					
 3314	6C9C					init_scroll_system:
 3315	6C9C					    ; Initialize camera to (0, 0)
 3316	6C9C	AF				    xor a
 3317	6C9D	32	27	C6		    ld (camera_x), a
 3318	6CA0	32	28	C6		    ld (camera_x + 1), a
 3319	6CA3	32	29	C6		    ld (camera_y), a
 3320	6CA6	32	2A	C6		    ld (camera_y + 1), a
 3321	6CA9	32	2B	C6		    ld (camera_tile_x), a
 3322	6CAC	32	2C	C6		    ld (camera_tile_y), a
 3323	6CAF					
 3324	6CAF					    ; Set world dimensions (will be updated by level loader)
 3325	6CAF	3E	20			    ld a, SCREEN_WIDTH_TILES
 3326	6CB1	32	2D	C6		    ld (world_width_tiles), a
 3327	6CB4	3E	18			    ld a, SCREEN_HEIGHT_TILES
 3328	6CB6	32	2E	C6		    ld (world_height_tiles), a
 3329	6CB9					
 3330	6CB9					    ; Clear dirty flag
 3331	6CB9	AF				    xor a
 3332	6CBA	32	2F	C6		    ld (scroll_dirty_flag), a
 3333	6CBD					
 3334	6CBD	C9				    ret
 3335	6CBE					
 3336	6CBE					; ==================================================================
 3337	6CBE					; CAMERA CONTROL FUNCTIONS
 3338	6CBE					; ==================================================================
 3339	6CBE					
 3340	6CBE					; ------------------------------------------------------------------
 3341	6CBE					; set_camera_position
 3342	6CBE					; Set camera position in pixels (with bounds checking)
 3343	6CBE					; Input:  HL = X position (pixels), DE = Y position (pixels)
 3344	6CBE					; Destroys: AF, BC
 3345	6CBE					; ------------------------------------------------------------------
 3346	6CBE					set_camera_position:
 3347	6CBE					    ; Bounds check X
 3348	6CBE	E5				    push hl
 3349	6CBF	D5				    push de
 3350	6CC0					
 3351	6CC0					    ; Calculate max X = (world_width_tiles - SCREEN_WIDTH_TILES) * TILE_WIDTH
 3352	6CC0	3A	2D	C6		    ld a, (world_width_tiles)
 3353	6CC3	D6	20			    sub SCREEN_WIDTH_TILES
 3354	6CC5	38	1A			    jr c, .scroll_x_in_bounds   ; World smaller than screen
 3355	6CC7					
 3356	6CC7					    ; A = tiles to scroll, multiply by tile width
 3357	6CC7	47				    ld b, a
 3358	6CC8	3E	08			    ld a, 8
 3359	6CCA	CD	A0	6D		    call multiply_a_by_b        ; HL = max X
 3360	6CCD					
 3361	6CCD					    ; Compare camera X with max X
 3362	6CCD	D1				    pop de
 3363	6CCE	C1				    pop bc                      ; BC = requested X
 3364	6CCF	C5				    push bc
 3365	6CD0	D5				    push de
 3366	6CD1					
 3367	6CD1					    ; If requested X > max X, clamp to max X
 3368	6CD1	78				    ld a, b
 3369	6CD2	BC				    cp h
 3370	6CD3	38	08			    jr c, .scroll_x_clamped
 3371	6CD5	20	0A			    jr nz, .scroll_x_in_bounds
 3372	6CD7	79				    ld a, c
 3373	6CD8	BD				    cp l
 3374	6CD9	38	02			    jr c, .scroll_x_clamped
 3375	6CDB	18	04			    jr .scroll_x_in_bounds
 3376	6CDD					
 3377	6CDD					.scroll_x_clamped:
 3378	6CDD	44				    ld b, h
 3379	6CDE	4D				    ld c, l
 3380	6CDF	18	04			    jr .scroll_x_done
 3381	6CE1					
 3382	6CE1					.scroll_x_in_bounds:
 3383	6CE1	D1				    pop de
 3384	6CE2	C1				    pop bc
 3385	6CE3	C5				    push bc
 3386	6CE4	D5				    push de
 3387	6CE5					
 3388	6CE5					.scroll_x_done:
 3389	6CE5					    ; Store camera X
 3390	6CE5	79				    ld a, c
 3391	6CE6	32	27	C6		    ld (camera_x), a
 3392	6CE9	78				    ld a, b
 3393	6CEA	32	28	C6		    ld (camera_x + 1), a
 3394	6CED					
 3395	6CED					    ; Calculate camera_tile_x = camera_x / TILE_WIDTH
 3396	6CED					    
 3397	6CED					    ; Tile width is 8, shift right 3 times
 3398	6CED	79				    ld a, c
 3399	6CEE	CB	38			    srl b
 3400	6CF0	1F				    rra
 3401	6CF1	CB	38			    srl b
 3402	6CF3	1F				    rra
 3403	6CF4	CB	38			    srl b
 3404	6CF6	1F				    rra
 3405	6CF7	32	2B	C6		    ld (camera_tile_x), a
 3406	6CFA					
 3407	6CFA					    ; Bounds check Y
 3408	6CFA	D1				    pop de                      ; DE = requested Y
 3409	6CFB	C1				    pop bc
 3410	6CFC					
 3411	6CFC					    ; Calculate max Y = (world_height_tiles - SCREEN_HEIGHT_TILES) * TILE_HEIGHT
 3412	6CFC	3A	2E	C6		    ld a, (world_height_tiles)
 3413	6CFF	D6	18			    sub SCREEN_HEIGHT_TILES
 3414	6D01	38	14			    jr c, .scroll_y_in_bounds   ; World smaller than screen
 3415	6D03					
 3416	6D03	47				    ld b, a
 3417	6D04	3E	08			    ld a, 8
 3418	6D06	CD	A0	6D		    call multiply_a_by_b        ; HL = max Y
 3419	6D09					
 3420	6D09					    ; If requested Y > max Y, clamp to max Y
 3421	6D09	7A				    ld a, d
 3422	6D0A	BC				    cp h
 3423	6D0B	38	08			    jr c, .scroll_y_clamped
 3424	6D0D	20	08			    jr nz, .scroll_y_in_bounds
 3425	6D0F	7B				    ld a, e
 3426	6D10	BD				    cp l
 3427	6D11	38	02			    jr c, .scroll_y_clamped
 3428	6D13	18	02			    jr .scroll_y_in_bounds
 3429	6D15					
 3430	6D15					.scroll_y_clamped:
 3431	6D15	54				    ld d, h
 3432	6D16	5D				    ld e, l
 3433	6D17					
 3434	6D17					.scroll_y_in_bounds:
 3435	6D17					    ; Store camera Y
 3436	6D17	7B				    ld a, e
 3437	6D18	32	29	C6		    ld (camera_y), a
 3438	6D1B	7A				    ld a, d
 3439	6D1C	32	2A	C6		    ld (camera_y + 1), a
 3440	6D1F					
 3441	6D1F					    ; Calculate camera_tile_y = camera_y / TILE_HEIGHT
 3442	6D1F					    
 3443	6D1F					    ; Tile height is 8, shift right 3 times
 3444	6D1F	7B				    ld a, e
 3445	6D20	CB	3A			    srl d
 3446	6D22	1F				    rra
 3447	6D23	CB	3A			    srl d
 3448	6D25	1F				    rra
 3449	6D26	CB	3A			    srl d
 3450	6D28	1F				    rra
 3451	6D29	32	2C	C6		    ld (camera_tile_y), a
 3452	6D2C					
 3453	6D2C					    ; Mark viewport as dirty (needs redraw)
 3454	6D2C	3E	01			    ld a, 1
 3455	6D2E	32	2F	C6		    ld (scroll_dirty_flag), a
 3456	6D31					
 3457	6D31	C9				    ret
 3458	6D32					
 3459	6D32					; ------------------------------------------------------------------
 3460	6D32					; move_camera
 3461	6D32					; Move camera by delta (relative movement)
 3462	6D32					; Input:  B = delta X (signed), C = delta Y (signed)
 3463	6D32					; Destroys: AF, BC, DE, HL
 3464	6D32					; ------------------------------------------------------------------
 3465	6D32					move_camera:
 3466	6D32					    ; Get current camera position
 3467	6D32	3A	27	C6		    ld a, (camera_x)
 3468	6D35	6F				    ld l, a
 3469	6D36	3A	28	C6		    ld a, (camera_x + 1)
 3470	6D39	67				    ld h, a                     ; HL = camera X
 3471	6D3A					
 3472	6D3A	3A	29	C6		    ld a, (camera_y)
 3473	6D3D	5F				    ld e, a
 3474	6D3E	3A	2A	C6		    ld a, (camera_y + 1)
 3475	6D41	57				    ld d, a                     ; DE = camera Y
 3476	6D42					
 3477	6D42					    ; Add delta X (signed 8-bit)
 3478	6D42	78				    ld a, b
 3479	6D43	B7				    or a
 3480	6D44	F2	53	6D		    jp p, .move_positive_x      ; Positive delta
 3481	6D47					
 3482	6D47					    ; Negative delta
 3483	6D47	2F				    cpl
 3484	6D48	3C				    inc a                       ; A = abs(delta)
 3485	6D49	47				    ld b, a
 3486	6D4A	7D				    ld a, l
 3487	6D4B	90				    sub b
 3488	6D4C	6F				    ld l, a
 3489	6D4D	7C				    ld a, h
 3490	6D4E	DE	00			    sbc a, 0
 3491	6D50	67				    ld h, a
 3492	6D51	18	07			    jr .move_x_done
 3493	6D53					
 3494	6D53					.move_positive_x:
 3495	6D53	7D				    ld a, l
 3496	6D54	80				    add a, b
 3497	6D55	6F				    ld l, a
 3498	6D56	7C				    ld a, h
 3499	6D57	CE	00			    adc a, 0
 3500	6D59	67				    ld h, a
 3501	6D5A					
 3502	6D5A					.move_x_done:
 3503	6D5A					    ; Add delta Y (signed 8-bit)
 3504	6D5A	79				    ld a, c
 3505	6D5B	B7				    or a
 3506	6D5C	F2	6B	6D		    jp p, .move_positive_y
 3507	6D5F					
 3508	6D5F					    ; Negative delta
 3509	6D5F	2F				    cpl
 3510	6D60	3C				    inc a
 3511	6D61	4F				    ld c, a
 3512	6D62	7B				    ld a, e
 3513	6D63	91				    sub c
 3514	6D64	5F				    ld e, a
 3515	6D65	7A				    ld a, d
 3516	6D66	DE	00			    sbc a, 0
 3517	6D68	57				    ld d, a
 3518	6D69	18	07			    jr .move_y_done
 3519	6D6B					
 3520	6D6B					.move_positive_y:
 3521	6D6B	7B				    ld a, e
 3522	6D6C	81				    add a, c
 3523	6D6D	5F				    ld e, a
 3524	6D6E	7A				    ld a, d
 3525	6D6F	CE	00			    adc a, 0
 3526	6D71	57				    ld d, a
 3527	6D72					
 3528	6D72					.move_y_done:
 3529	6D72					    ; Set new camera position (with bounds checking)
 3530	6D72	CD	BE	6C		    call set_camera_position
 3531	6D75	C9				    ret
 3532	6D76					
 3533	6D76					; ------------------------------------------------------------------
 3534	6D76					; center_camera_on_entity
 3535	6D76					; Center viewport on an entity (e.g. player)
 3536	6D76					; Input:  A = Entity index
 3537	6D76					; Destroys: AF, BC, DE, HL
 3538	6D76					; ------------------------------------------------------------------
 3539	6D76					center_camera_on_entity:
 3540	6D76					    ; Get entity position
 3541	6D76	4F				    ld c, a
 3542	6D77	06	00			    ld b, 0
 3543	6D79	21	9E	C6		    ld hl, entity_x_pos
 3544	6D7C	09				    add hl, bc
 3545	6D7D	7E				    ld a, (hl)                  ; A = entity X
 3546	6D7E					
 3547	6D7E	21	BE	C6		    ld hl, entity_y_pos
 3548	6D81	09				    add hl, bc
 3549	6D82	5E				    ld e, (hl)                  ; E = entity Y
 3550	6D83					
 3551	6D83					    ; Calculate camera position to center entity
 3552	6D83					    ; camera_x = entity_x - (SCREEN_WIDTH / 2)
 3553	6D83	D6	80			    sub 128                     ; Center horizontally
 3554	6D85	6F				    ld l, a
 3555	6D86	26	00			    ld h, 0                     ; HL = camera X
 3556	6D88					
 3557	6D88					    ; camera_y = entity_y - (SCREEN_HEIGHT / 2)
 3558	6D88	7B				    ld a, e
 3559	6D89	D6	60			    sub 96                      ; Center vertically
 3560	6D8B	5F				    ld e, a
 3561	6D8C	16	00			    ld d, 0                     ; DE = camera Y
 3562	6D8E					
 3563	6D8E					    ; Set camera position
 3564	6D8E	CD	BE	6C		    call set_camera_position
 3565	6D91	C9				    ret
 3566	6D92					
 3567	6D92					; ==================================================================
 3568	6D92					; VIEWPORT RENDERING
 3569	6D92					; ==================================================================
 3570	6D92					
 3571	6D92					; ------------------------------------------------------------------
 3572	6D92					; update_scroll
 3573	6D92					; Update viewport if dirty flag is set
 3574	6D92					; Redraws visible tiles based on camera position
 3575	6D92					; ------------------------------------------------------------------
 3576	6D92					update_scroll:
 3577	6D92					    ; Check if viewport changed
 3578	6D92	3A	2F	C6		    ld a, (scroll_dirty_flag)
 3579	6D95	B7				    or a
 3580	6D96	C8				    ret z                       ; Not dirty, nothing to do
 3581	6D97					
 3582	6D97					    ; TODO: Implement efficient partial screen redraw
 3583	6D97					    ; For now: redraw entire visible area (simple but slow)
 3584	6D97	CD	9F	6D		    call redraw_viewport
 3585	6D9A					
 3586	6D9A					    ; Clear dirty flag
 3587	6D9A	AF				    xor a
 3588	6D9B	32	2F	C6		    ld (scroll_dirty_flag), a
 3589	6D9E	C9				    ret
 3590	6D9F					
 3591	6D9F					; ------------------------------------------------------------------
 3592	6D9F					; redraw_viewport
 3593	6D9F					; Redraw all visible tiles based on camera position
 3594	6D9F					; This is the simple (slow) version that redraws everything
 3595	6D9F					; ------------------------------------------------------------------
 3596	6D9F					redraw_viewport:
 3597	6D9F					    ; TODO: Implement full viewport redraw
 3598	6D9F					    ; For each visible tile (32x24):
 3599	6D9F					    ;   1. Calculate world tile coords (camera_tile + screen offset)
 3600	6D9F					    ;   2. Read tile ID from world map
 3601	6D9F					    ;   3. Write tile ID to Name Table
 3602	6D9F					
 3603	6D9F					    ; Placeholder: Just return for now
 3604	6D9F	C9				    ret
 3605	6DA0					
 3606	6DA0					; ==================================================================
 3607	6DA0					; UTILITY FUNCTIONS
 3608	6DA0					; ==================================================================
 3609	6DA0					
 3610	6DA0					; ------------------------------------------------------------------
 3611	6DA0					; multiply_a_by_b
 3612	6DA0					; Multiply A by B (unsigned 8-bit)
 3613	6DA0					; Input:  A = multiplicand, B = multiplier
 3614	6DA0					; Output: HL = result (16-bit)
 3615	6DA0					; Destroys: AF, BC
 3616	6DA0					; ------------------------------------------------------------------
 3617	6DA0					multiply_a_by_b:
 3618	6DA0	21	00	00		    ld hl, 0
 3619	6DA3	4F				    ld c, a
 3620	6DA4					.scroll_mul_loop:
 3621	6DA4	78				    ld a, b
 3622	6DA5	B7				    or a
 3623	6DA6	C8				    ret z
 3624	6DA7	09				    add hl, bc
 3625	6DA8	05				    dec b
 3626	6DA9	18	F9			    jr .scroll_mul_loop
 3627	6DAB					
 3628	6DAB					; ==================================================================
 3629	6DAB					; END OF SCROLL SYSTEM
 3630	6DAB					; ==================================================================
 3631	6DAB					
 3632	6DAB					
 3633	6DAB					; ==================================================================
 3634	6DAB					; ANIMATED TILES SYSTEM
 3635	6DAB					; File: animtiles.asm
 3636	6DAB					; Description: Background tile animation for water, lava, fire, etc.
 3637	6DAB					; ==================================================================
 3638	6DAB					
 3639	6DAB					; Auto-detected animated groups:
 3640	6DAB					;   frame groups: 0
 3641	6DAB					;   transform groups: 0
 3642	6DAB					
 3643	6DAB					; ==================================================================
 3644	6DAB					; ANIMATED TILES CONSTANTS
 3645	6DAB					; ==================================================================
 3646	6DAB					
 3647	6DAB					; Animation speeds (in frames)
 3648	6DAB					ANIM_SPEED_SLOW         EQU 15      ; ~250ms (water)
 3649	6DAB					ANIM_SPEED_MEDIUM       EQU 8       ; ~133ms (lava)
 3650	6DAB					ANIM_SPEED_FAST         EQU 4       ; ~66ms (fire)
 3651	6DAB					
 3652	6DAB					; Maximum animated tiles
 3653	6DAB					MAX_ANIM_TILES          EQU 1
 3654	6DAB					ANIM_TILE_ENTRY_SIZE    EQU 7       ; char, chars, frames, speed, bytesPerFrame, ptr(2)
 3655	6DAB					ANIM_TRANS_ENTRY_SIZE   EQU 4       ; char, chars, opCode, flags
 3656	6DAB					ANIM_TILE_DATA_BANK     EQU ((anim_tile_table - #4000) / #2000)
 3657	6DAB					
 3658	6DAB					; ==================================================================
 3659	6DAB					; ANIMATED TILES INITIALIZATION
 3660	6DAB					; ==================================================================
 3661	6DAB					
 3662	6DAB					init_animated_tiles:
 3663	6DAB					    ; Initialize animation variables
 3664	6DAB	AF				    xor a
 3665	6DAC	32	31	C6		    ld (anim_tile_timer), a
 3666	6DAF	32	32	C6		    ld (anim_tile_frame), a
 3667	6DB2					
 3668	6DB2					    ; Set default global animation speed
 3669	6DB2	3E	08			    ld a, 8
 3670	6DB4	32	33	C6		    ld (anim_tile_speed), a
 3671	6DB7					
 3672	6DB7					    ; Upload initial animation frame state immediately
 3673	6DB7	CD	DF	6D		    call update_animated_tiles_vram
 3674	6DBA					
 3675	6DBA	C9				    ret
 3676	6DBB					
 3677	6DBB					; ==================================================================
 3678	6DBB					; ANIMATED TILES UPDATE FUNCTIONS
 3679	6DBB					; ==================================================================
 3680	6DBB					
 3681	6DBB					; ------------------------------------------------------------------
 3682	6DBB					; update_animated_tiles
 3683	6DBB					; Update animation frame and redraw animated tiles if needed
 3684	6DBB					; Call this every frame from main loop
 3685	6DBB					; ------------------------------------------------------------------
 3686	6DBB					update_animated_tiles:
 3687	6DBB					    ; Increment timer
 3688	6DBB	3A	31	C6		    ld a, (anim_tile_timer)
 3689	6DBE	3C				    inc a
 3690	6DBF	32	31	C6		    ld (anim_tile_timer), a
 3691	6DC2					
 3692	6DC2					    ; Check if it's time to advance frame
 3693	6DC2	47				    ld b, a
 3694	6DC3	3A	33	C6		    ld a, (anim_tile_speed)
 3695	6DC6	B7				    or a
 3696	6DC7	20	05			    jr nz, .anim_speed_ok
 3697	6DC9	3E	01			    ld a, 1
 3698	6DCB	32	33	C6		    ld (anim_tile_speed), a
 3699	6DCE					.anim_speed_ok:
 3700	6DCE	B8				    cp b
 3701	6DCF	D0				    ret nc                          ; Not yet time to update (timer < speed)
 3702	6DD0					
 3703	6DD0					    ; Reset timer
 3704	6DD0	AF				    xor a
 3705	6DD1	32	31	C6		    ld (anim_tile_timer), a
 3706	6DD4					
 3707	6DD4					    ; Advance global animation counter
 3708	6DD4	3A	32	C6		    ld a, (anim_tile_frame)
 3709	6DD7	3C				    inc a
 3710	6DD8	32	32	C6		    ld (anim_tile_frame), a
 3711	6DDB					
 3712	6DDB					    ; Update all animated tiles in VRAM
 3713	6DDB	CD	DF	6D		    call update_animated_tiles_vram
 3714	6DDE					
 3715	6DDE	C9				    ret
 3716	6DDF					
 3717	6DDF					; ------------------------------------------------------------------
 3718	6DDF					; update_animated_tiles_vram
 3719	6DDF					; Update pattern data in VRAM for all animated tiles
 3720	6DDF					; This updates the actual tile patterns based on current frame
 3721	6DDF					; Destroys: AF, BC, DE, HL
 3722	6DDF					; ------------------------------------------------------------------
 3723	6DDF					update_animated_tiles_vram:
 3724	6DDF					    ; Protect VDP port sequence from ISR VRAM writes (sprite task, etc.)
 3725	6DDF					    ; Preserve prior interrupt state using LD A,I -> P/V = IFF2
 3726	6DDF	ED	57			    ld a, i
 3727	6DE1	F5				    push af
 3728	6DE2	F3				    di
 3729	6DE3					
 3730	6DE3	F1				    pop af
 3731	6DE4	E2	E8	6D		    jp po, .anim_vram_irq_done
 3732	6DE7	FB				    ei
 3733	6DE8					.anim_vram_irq_done:
 3734	6DE8	C9				    ret
 3735	6DE9					
 3736	6DE9					; ------------------------------------------------------------------
 3737	6DE9					; set_animation_speed
 3738	6DE9					; Set global animation speed for all animated tiles
 3739	6DE9					; Input:  A = Speed (frames between updates)
 3740	6DE9					; ------------------------------------------------------------------
 3741	6DE9					set_animation_speed:
 3742	6DE9	B7				    or a
 3743	6DEA	20	02			    jr nz, .anim_speed_store
 3744	6DEC	3E	01			    ld a, 1
 3745	6DEE					.anim_speed_store:
 3746	6DEE	32	33	C6		    ld (anim_tile_speed), a
 3747	6DF1	C9				    ret
 3748	6DF2					
 3749	6DF2					; ------------------------------------------------------------------
 3750	6DF2					; anim_copy_8_bytes
 3751	6DF2					; Copy 8 bytes from CPU memory to VRAM
 3752	6DF2					; Input: DE = source pointer, HL = VRAM destination
 3753	6DF2					; Destroys: AF, BC, DE, HL
 3754	6DF2					; ------------------------------------------------------------------
 3755	6DF2					anim_copy_8_bytes:
 3756	6DF2	06	08			    ld b, 8
 3757	6DF4					.anim_copy_loop:
 3758	6DF4	1A				    ld a, (de)
 3759	6DF5	CD	CE	40		    call FAST_WRTVRM
 3760	6DF8	13				    inc de
 3761	6DF9	23				    inc hl
 3762	6DFA	10	F8			    djnz .anim_copy_loop
 3763	6DFC					
 3764	6DFC	C9				    ret
 3765	6DFD					
 3766	6DFD					; ==================================================================
 3767	6DFD					; anim_upload_char_frame
 3768	6DFD					; Upload one animated char (pattern + color) to all 3 Screen 2 banks
 3769	6DFD					; Input: A = target char code, HL = source frame chunk (16 bytes)
 3770	6DFD					; Source layout: 8 pattern bytes + 8 color bytes
 3771	6DFD					; Destroys: AF, BC, DE, HL
 3772	6DFD					; ==================================================================
 3773	6DFD					anim_upload_char_frame:
 3774	6DFD	F5				    push af
 3775	6DFE	C5				    push bc
 3776	6DFF	D5				    push de
 3777	6E00	E5				    push hl
 3778	6E01					
 3779	6E01					    ; BC = target char offset (charCode * 8)
 3780	6E01	6F				    ld l, a
 3781	6E02	26	00			    ld h, 0
 3782	6E04	29				    add hl, hl
 3783	6E05	29				    add hl, hl
 3784	6E06	29				    add hl, hl
 3785	6E07	44				    ld b, h
 3786	6E08	4D				    ld c, l
 3787	6E09					
 3788	6E09	E1				    pop hl
 3789	6E0A	EB				    ex de, hl                      ; DE = source pattern pointer
 3790	6E0B					
 3791	6E0B					    ; Pattern bank 0
 3792	6E0B	D5				    push de
 3793	6E0C	21	00	00		    ld hl, CHRTBL2
 3794	6E0F	09				    add hl, bc
 3795	6E10	C5				    push bc
 3796	6E11	CD	F2	6D		    call anim_copy_8_bytes
 3797	6E14	C1				    pop bc
 3798	6E15	D1				    pop de
 3799	6E16					
 3800	6E16					    ; Pattern bank 1
 3801	6E16	D5				    push de
 3802	6E17	21	00	08		    ld hl, CHRTBL2 + #800
 3803	6E1A	09				    add hl, bc
 3804	6E1B	C5				    push bc
 3805	6E1C	CD	F2	6D		    call anim_copy_8_bytes
 3806	6E1F	C1				    pop bc
 3807	6E20	D1				    pop de
 3808	6E21					
 3809	6E21					    ; Pattern bank 2
 3810	6E21	21	00	10		    ld hl, CHRTBL2 + #1000
 3811	6E24	09				    add hl, bc
 3812	6E25	C5				    push bc
 3813	6E26	CD	F2	6D		    call anim_copy_8_bytes
 3814	6E29	C1				    pop bc
 3815	6E2A					
 3816	6E2A					    ; DE now points to color bytes (source + 8)
 3817	6E2A					    ; Color bank 0
 3818	6E2A	D5				    push de
 3819	6E2B	21	00	20		    ld hl, CLRTBL2
 3820	6E2E	09				    add hl, bc
 3821	6E2F	C5				    push bc
 3822	6E30	CD	F2	6D		    call anim_copy_8_bytes
 3823	6E33	C1				    pop bc
 3824	6E34	D1				    pop de
 3825	6E35					
 3826	6E35					    ; Color bank 1
 3827	6E35	D5				    push de
 3828	6E36	21	00	28		    ld hl, CLRTBL2 + #800
 3829	6E39	09				    add hl, bc
 3830	6E3A	C5				    push bc
 3831	6E3B	CD	F2	6D		    call anim_copy_8_bytes
 3832	6E3E	C1				    pop bc
 3833	6E3F	D1				    pop de
 3834	6E40					
 3835	6E40					    ; Color bank 2
 3836	6E40	21	00	30		    ld hl, CLRTBL2 + #1000
 3837	6E43	09				    add hl, bc
 3838	6E44	C5				    push bc
 3839	6E45	CD	F2	6D		    call anim_copy_8_bytes
 3840	6E48	C1				    pop bc
 3841	6E49					
 3842	6E49	D1				    pop de
 3843	6E4A	C1				    pop bc
 3844	6E4B	F1				    pop af
 3845	6E4C	C9				    ret
 3846	6E4D					
 3847	6E4D					; ==================================================================
 3848	6E4D					; TRANSFORM MODE ROUTINES (Z80 runtime bit/row transforms)
 3849	6E4D					; ==================================================================
 3850	6E4D					
 3851	6E4D					; ------------------------------------------------------------------
 3852	6E4D					; Routine: update_animated_transform_tiles_vram
 3853	6E4D					; Purpose:
 3854	6E4D					;   Applies Z80 transform operations directly on tile bytes in VRAM.
 3855	6E4D					; Input:
 3856	6E4D					;   None
 3857	6E4D					; Output:
 3858	6E4D					;   None
 3859	6E4D					; Modifies:
 3860	6E4D					;   AF, BC, DE, HL
 3861	6E4D					; Preserves:
 3862	6E4D					;   IX, IY, SP
 3863	6E4D					; Flags:
 3864	6E4D					;   Not preserved
 3865	6E4D					; Stack:
 3866	6E4D					;   Uses PUSH/POP HL, BC and DE internally
 3867	6E4D					; ------------------------------------------------------------------
 3868	6E4D					update_animated_transform_tiles_vram:
 3869	6E4D	C9				    ret
 3870	6E4E					
 3871	6E4E					; ------------------------------------------------------------------
 3872	6E4E					; Routine: anim_transform_char_frame
 3873	6E4E					; Purpose:
 3874	6E4E					;   Transform one character pattern in all SCREEN 2 banks.
 3875	6E4E					; Input:
 3876	6E4E					;   A = character code
 3877	6E4E					;   D = transform operation code
 3878	6E4E					;   (anim_tile_transform_flags).bit0 = transform color rows too
 3879	6E4E					; Output:
 3880	6E4E					;   None
 3881	6E4E					; Modifies:
 3882	6E4E					;   AF, BC, DE, HL
 3883	6E4E					; Preserves:
 3884	6E4E					;   IX, IY, SP
 3885	6E4E					; Flags:
 3886	6E4E					;   Not preserved
 3887	6E4E					; Stack:
 3888	6E4E					;   Pushes/pops BC, DE and HL
 3889	6E4E					; ------------------------------------------------------------------
 3890	6E4E					anim_transform_char_frame:
 3891	6E4E	C5				    push bc
 3892	6E4F	D5				    push de
 3893	6E50	E5				    push hl
 3894	6E51					
 3895	6E51					    ; BC = charCode * 8 (row offset in pattern/color tables)
 3896	6E51	6F				    ld l, a
 3897	6E52	26	00			    ld h, 0
 3898	6E54	29				    add hl, hl
 3899	6E55	29				    add hl, hl
 3900	6E56	29				    add hl, hl
 3901	6E57	44				    ld b, h
 3902	6E58	4D				    ld c, l
 3903	6E59					
 3904	6E59					    ; Pattern bank 0
 3905	6E59	C5				    push bc
 3906	6E5A	D5				    push de
 3907	6E5B	21	00	00		    ld hl, CHRTBL2
 3908	6E5E	09				    add hl, bc
 3909	6E5F	CD	AB	6E		    call anim_transform_vram_block
 3910	6E62	D1				    pop de
 3911	6E63	C1				    pop bc
 3912	6E64					
 3913	6E64					    ; Pattern bank 1
 3914	6E64	C5				    push bc
 3915	6E65	D5				    push de
 3916	6E66	21	00	08		    ld hl, CHRTBL2 + #800
 3917	6E69	09				    add hl, bc
 3918	6E6A	CD	AB	6E		    call anim_transform_vram_block
 3919	6E6D	D1				    pop de
 3920	6E6E	C1				    pop bc
 3921	6E6F					
 3922	6E6F					    ; Pattern bank 2
 3923	6E6F	C5				    push bc
 3924	6E70	D5				    push de
 3925	6E71	21	00	10		    ld hl, CHRTBL2 + #1000
 3926	6E74	09				    add hl, bc
 3927	6E75	CD	AB	6E		    call anim_transform_vram_block
 3928	6E78	D1				    pop de
 3929	6E79	C1				    pop bc
 3930	6E7A					
 3931	6E7A					    ; Color transforms only for vertical row operations (5..7) and if enabled
 3932	6E7A	7A				    ld a, d
 3933	6E7B	FE	05			    cp 5
 3934	6E7D	38	28			    jr c, .anim_transform_char_done
 3935	6E7F					
 3936	6E7F	3A	34	C6		    ld a, (anim_tile_transform_flags)
 3937	6E82	E6	01			    and 1
 3938	6E84	28	21			    jr z, .anim_transform_char_done
 3939	6E86					
 3940	6E86					    ; Color bank 0
 3941	6E86	C5				    push bc
 3942	6E87	D5				    push de
 3943	6E88	21	00	20		    ld hl, CLRTBL2
 3944	6E8B	09				    add hl, bc
 3945	6E8C	CD	AB	6E		    call anim_transform_vram_block
 3946	6E8F	D1				    pop de
 3947	6E90	C1				    pop bc
 3948	6E91					
 3949	6E91					    ; Color bank 1
 3950	6E91	C5				    push bc
 3951	6E92	D5				    push de
 3952	6E93	21	00	28		    ld hl, CLRTBL2 + #800
 3953	6E96	09				    add hl, bc
 3954	6E97	CD	AB	6E		    call anim_transform_vram_block
 3955	6E9A	D1				    pop de
 3956	6E9B	C1				    pop bc
 3957	6E9C					
 3958	6E9C					    ; Color bank 2
 3959	6E9C	C5				    push bc
 3960	6E9D	D5				    push de
 3961	6E9E	21	00	30		    ld hl, CLRTBL2 + #1000
 3962	6EA1	09				    add hl, bc
 3963	6EA2	CD	AB	6E		    call anim_transform_vram_block
 3964	6EA5	D1				    pop de
 3965	6EA6	C1				    pop bc
 3966	6EA7					
 3967	6EA7					.anim_transform_char_done:
 3968	6EA7	E1				    pop hl
 3969	6EA8	D1				    pop de
 3970	6EA9	C1				    pop bc
 3971	6EAA	C9				    ret
 3972	6EAB					
 3973	6EAB					; ------------------------------------------------------------------
 3974	6EAB					; Routine: anim_transform_vram_block
 3975	6EAB					; Purpose:
 3976	6EAB					;   Apply transform to one 8-byte VRAM block (one char rows table).
 3977	6EAB					; Input:
 3978	6EAB					;   HL = VRAM base address for row 0 (8 consecutive bytes)
 3979	6EAB					;   D  = operation code:
 3980	6EAB					;        1 rotate_left  (RLCA)
 3981	6EAB					;        2 rotate_right (RRCA)
 3982	6EAB					;        3 shift_left   (SLA)
 3983	6EAB					;        4 shift_right  (SRL)
 3984	6EAB					;        5 shift_up rows
 3985	6EAB					;        6 shift_down rows
 3986	6EAB					;        7 swap top/bottom row
 3987	6EAB					; Output:
 3988	6EAB					;   None
 3989	6EAB					; Modifies:
 3990	6EAB					;   AF, BC, DE, HL
 3991	6EAB					; Preserves:
 3992	6EAB					;   IX, IY, SP
 3993	6EAB					; Flags:
 3994	6EAB					;   Not preserved
 3995	6EAB					; Stack:
 3996	6EAB					;   Uses stack while reading row bytes
 3997	6EAB					; ------------------------------------------------------------------
 3998	6EAB					anim_transform_vram_block:
 3999	6EAB	7A				    ld a, d
 4000	6EAC	FE	05			    cp 5
 4001	6EAE	30	2C			    jr nc, .anim_transform_vertical
 4002	6EB0					
 4003	6EB0					    ; Horizontal bit transforms (operate row by row)
 4004	6EB0	06	08			    ld b, 8
 4005	6EB2					.anim_transform_horizontal_loop:
 4006	6EB2	E5				    push hl
 4007	6EB3	CD	E8	40		    call FAST_RDVRM                 ; A = row byte from VRAM[HL]
 4008	6EB6	E1				    pop hl
 4009	6EB7					
 4010	6EB7	5F				    ld e, a
 4011	6EB8	7A				    ld a, d
 4012	6EB9	FE	01			    cp 1
 4013	6EBB	20	04			    jr nz, .anim_not_rl
 4014	6EBD	7B				    ld a, e
 4015	6EBE	07				    rlca
 4016	6EBF	18	14			    jr .anim_write_row
 4017	6EC1					.anim_not_rl:
 4018	6EC1	FE	02			    cp 2
 4019	6EC3	20	04			    jr nz, .anim_not_rr
 4020	6EC5	7B				    ld a, e
 4021	6EC6	0F				    rrca
 4022	6EC7	18	0C			    jr .anim_write_row
 4023	6EC9					.anim_not_rr:
 4024	6EC9	FE	03			    cp 3
 4025	6ECB	20	05			    jr nz, .anim_not_sla
 4026	6ECD	7B				    ld a, e
 4027	6ECE	CB	27			    sla a
 4028	6ED0	18	03			    jr .anim_write_row
 4029	6ED2					.anim_not_sla:
 4030	6ED2	7B				    ld a, e
 4031	6ED3	CB	3F			    srl a
 4032	6ED5					
 4033	6ED5					.anim_write_row:
 4034	6ED5	CD	CE	40		    call FAST_WRTVRM
 4035	6ED8	23				    inc hl
 4036	6ED9	10	D7			    djnz .anim_transform_horizontal_loop
 4037	6EDB	C9				    ret
 4038	6EDC					
 4039	6EDC					.anim_transform_vertical:
 4040	6EDC	D5				    push de                        ; Preserve D=operation code (DE reused as pointers)
 4041	6EDD					    ; Read current 8 row bytes into temporary RAM buffer
 4042	6EDD	11	36	C6		    ld de, anim_tile_row_buffer
 4043	6EE0	06	08			    ld b, 8
 4044	6EE2					.anim_read_rows_loop:
 4045	6EE2	E5				    push hl
 4046	6EE3	CD	E8	40		    call FAST_RDVRM                 ; A = row byte
 4047	6EE6	E1				    pop hl
 4048	6EE7	12				    ld (de), a
 4049	6EE8	13				    inc de
 4050	6EE9	23				    inc hl
 4051	6EEA	10	F6			    djnz .anim_read_rows_loop
 4052	6EEC					
 4053	6EEC					    ; Restore HL to start of block (HL -= 8)
 4054	6EEC	11	F8	FF		    ld de, #FFF8
 4055	6EEF	19				    add hl, de
 4056	6EF0	D1				    pop de                         ; Restore original operation code in D
 4057	6EF1					
 4058	6EF1	7A				    ld a, d
 4059	6EF2	FE	05			    cp 5
 4060	6EF4	20	14			    jr nz, .anim_not_shift_up
 4061	6EF6					
 4062	6EF6					    ; shift_up: row0<-row1 ... row6<-row7 row7<-row0
 4063	6EF6	11	37	C6		    ld de, anim_tile_row_buffer + 1
 4064	6EF9	06	07			    ld b, 7
 4065	6EFB					.anim_write_up_loop:
 4066	6EFB	1A				    ld a, (de)
 4067	6EFC	CD	CE	40		    call FAST_WRTVRM
 4068	6EFF	13				    inc de
 4069	6F00	23				    inc hl
 4070	6F01	10	F8			    djnz .anim_write_up_loop
 4071	6F03	3A	36	C6		    ld a, (anim_tile_row_buffer)
 4072	6F06	CD	CE	40		    call FAST_WRTVRM
 4073	6F09	C9				    ret
 4074	6F0A					
 4075	6F0A					.anim_not_shift_up:
 4076	6F0A	FE	06			    cp 6
 4077	6F0C	20	15			    jr nz, .anim_not_shift_down
 4078	6F0E					
 4079	6F0E					    ; shift_down: row0<-row7 row1<-row0 ... row7<-row6
 4080	6F0E	3A	3D	C6		    ld a, (anim_tile_row_buffer + 7)
 4081	6F11	CD	CE	40		    call FAST_WRTVRM
 4082	6F14	23				    inc hl
 4083	6F15	11	36	C6		    ld de, anim_tile_row_buffer
 4084	6F18	06	07			    ld b, 7
 4085	6F1A					.anim_write_down_loop:
 4086	6F1A	1A				    ld a, (de)
 4087	6F1B	CD	CE	40		    call FAST_WRTVRM
 4088	6F1E	13				    inc de
 4089	6F1F	23				    inc hl
 4090	6F20	10	F8			    djnz .anim_write_down_loop
 4091	6F22	C9				    ret
 4092	6F23					
 4093	6F23					.anim_not_shift_down:
 4094	6F23					    ; swap_top_bottom: row0<->row7, middle rows unchanged
 4095	6F23	3A	3D	C6		    ld a, (anim_tile_row_buffer + 7)
 4096	6F26	CD	CE	40		    call FAST_WRTVRM
 4097	6F29	23				    inc hl
 4098	6F2A	11	37	C6		    ld de, anim_tile_row_buffer + 1
 4099	6F2D	06	06			    ld b, 6
 4100	6F2F					.anim_write_middle_loop:
 4101	6F2F	1A				    ld a, (de)
 4102	6F30	CD	CE	40		    call FAST_WRTVRM
 4103	6F33	13				    inc de
 4104	6F34	23				    inc hl
 4105	6F35	10	F8			    djnz .anim_write_middle_loop
 4106	6F37	3A	36	C6		    ld a, (anim_tile_row_buffer)
 4107	6F3A	CD	CE	40		    call FAST_WRTVRM
 4108	6F3D	C9				    ret
 4109	6F3E					
 4110	6F3E					; ==================================================================
 4111	6F3E					; ANIMATED TILE DEFINITIONS (AUTO-GENERATED)
 4112	6F3E					; ==================================================================
 4113	6F3E					
 4114	6F3E					; ------------------------------------------------------------------
 4115	6F3E					; Animated tile mapping table
 4116	6F3E					; Format:
 4117	6F3E					;   db targetCharCode, charsPerTile, numFrames, speed, bytesPerFrame
 4118	6F3E					;   dw frameDataPointer
 4119	6F3E					; ------------------------------------------------------------------
 4120	6F3E					anim_tile_table:
 4121	6F3E					    ; No animated tile groups detected in project data
 4122	6F3E	FF				    db 255                          ; End marker
 4123	6F3F					
 4124	6F3F					; ------------------------------------------------------------------
 4125	6F3F					; Transform tile mapping table
 4126	6F3F					; Format:
 4127	6F3F					;   db targetCharCode, charsPerTile, opCode, flags
 4128	6F3F					; flags:
 4129	6F3F					;   bit0 = apply vertical transform on color rows
 4130	6F3F					; ------------------------------------------------------------------
 4131	6F3F					anim_transform_table:
 4132	6F3F					    ; No transform tile groups detected in project data
 4133	6F3F	FF				    db 255                          ; End marker
 4134	6F40					
 4135	6F40					; ==================================================================
 4136	6F40					; ANIMATION FRAME DATA
 4137	6F40					; ==================================================================
 4138	6F40					anim_group_empty_data:
 4139	6F40	00				    db #00
 4140	6F41					
 4141	6F41					
 4142	6F41					; ------------------------------------------------------------------
 4143	6F41					; register_animated_tile
 4144	6F41					; Runtime registration is not supported in this generator version.
 4145	6F41					; Input:  A = Tile ID to animate
 4146	6F41					;         B = Number of frames (2-4)
 4147	6F41					;         C = Animation speed
 4148	6F41					; Output: A = 0 if failed (table full), 1 if success
 4149	6F41					; Destroys: AF, DE, HL
 4150	6F41					; ------------------------------------------------------------------
 4151	6F41					register_animated_tile:
 4152	6F41	AF				    xor a                           ; Not supported (static generated table)
 4153	6F42	C9				    ret
 4154	6F43					
 4155	6F43					; ------------------------------------------------------------------
 4156	6F43					; get_tile_animation_frame
 4157	6F43					; Get current animation frame for a tile
 4158	6F43					; Input:  A = target char code
 4159	6F43					; Output: A = Current frame index (mod numFrames), or 0 if not animated
 4160	6F43					; Destroys: BC, DE, HL
 4161	6F43					; ------------------------------------------------------------------
 4162	6F43					get_tile_animation_frame:
 4163	6F43	4F				    ld c, a                         ; C = char code to search
 4164	6F44	21	3E	6F		    ld hl, anim_tile_table
 4165	6F47					
 4166	6F47					.anim_search_loop:
 4167	6F47	7E				    ld a, (hl)
 4168	6F48	FE	FF			    cp 255
 4169	6F4A	28	16			    jr z, .anim_not_found
 4170	6F4C	B9				    cp c
 4171	6F4D	28	06			    jr z, .anim_found_tile
 4172	6F4F					
 4173	6F4F	11	07	00		    ld de, ANIM_TILE_ENTRY_SIZE
 4174	6F52	19				    add hl, de
 4175	6F53	18	F2			    jr .anim_search_loop
 4176	6F55					
 4177	6F55					.anim_found_tile:
 4178	6F55	23				    inc hl
 4179	6F56	23				    inc hl
 4180	6F57	46				    ld b, (hl)                      ; B = numFrames
 4181	6F58	3A	32	C6		    ld a, (anim_tile_frame)
 4182	6F5B					.anim_found_mod:
 4183	6F5B	B8				    cp b
 4184	6F5C	38	03			    jr c, .anim_found_done
 4185	6F5E	90				    sub b
 4186	6F5F	18	FA			    jr .anim_found_mod
 4187	6F61					.anim_found_done:
 4188	6F61	C9				    ret
 4189	6F62					
 4190	6F62					.anim_not_found:
 4191	6F62	AF				    xor a
 4192	6F63	C9				    ret
 4193	6F64					
 4194	6F64					; ==================================================================
 4195	6F64					; END OF ANIMATED TILES SYSTEM
 4196	6F64					; ==================================================================
 4197	6F64					
 4198	6F64					
 4199	6F64					; ==================================================================
 4200	6F64					; PARTICLE SYSTEM (VRAM Pattern Redefinition)
 4201	6F64					; File: particles.asm
 4202	6F64					; Description: Visual effects using dynamic tile pattern updates
 4203	6F64					; ==================================================================
 4204	6F64					
 4205	6F64					; ==================================================================
 4206	6F64					; PARTICLE SYSTEM CONSTANTS
 4207	6F64					; ==================================================================
 4208	6F64					
 4209	6F64					; Maximum active particles
 4210	6F64					MAX_PARTICLES           EQU 8       ; Support up to 8 simultaneous particles
 4211	6F64					
 4212	6F64					; Reserved tile IDs for particles (248-255)
 4213	6F64					PARTICLE_TILE_BASE      EQU 248     ; First tile ID for particles
 4214	6F64					
 4215	6F64					; Particle types
 4216	6F64					PARTICLE_NONE           EQU 0       ; Inactive particle slot
 4217	6F64					PARTICLE_EXPLOSION      EQU 1       ; Explosion (4 frames, expands outward)
 4218	6F64					PARTICLE_SMOKE          EQU 2       ; Smoke puff (4 frames, rises up)
 4219	6F64					PARTICLE_SPARK          EQU 3       ; Spark/flash (2 frames, quick)
 4220	6F64					PARTICLE_DUST           EQU 4       ; Dust cloud (3 frames, fades)
 4221	6F64					PARTICLE_IMPACT         EQU 5       ; Impact star (3 frames, shrinks)
 4222	6F64					PARTICLE_DEBRIS         EQU 6       ; Debris chunk (2 frames, falls)
 4223	6F64					PARTICLE_MUZZLE_FLASH   EQU 7       ; Muzzle flash (2 frames, instant)
 4224	6F64					PARTICLE_WATER_SPLASH   EQU 8       ; Water splash (4 frames, arcs)
 4225	6F64					
 4226	6F64					; Particle lifetimes (in frames)
 4227	6F64					LIFE_EXPLOSION          EQU 16      ; ~267ms
 4228	6F64					LIFE_SMOKE              EQU 24      ; ~400ms
 4229	6F64					LIFE_SPARK              EQU 8       ; ~133ms
 4230	6F64					LIFE_DUST               EQU 12      ; ~200ms
 4231	6F64					LIFE_IMPACT             EQU 10      ; ~167ms
 4232	6F64					LIFE_DEBRIS             EQU 20      ; ~333ms
 4233	6F64					LIFE_MUZZLE_FLASH       EQU 4       ; ~67ms (very quick)
 4234	6F64					LIFE_WATER_SPLASH       EQU 18      ; ~300ms
 4235	6F64					
 4236	6F64					; Particle pool structure (8 bytes per particle)
 4237	6F64					; Offset 0: Type (PARTICLE_*)
 4238	6F64					; Offset 1: Lifetime remaining (frames)
 4239	6F64					; Offset 2: X position (screen coords, 0-31 tiles)
 4240	6F64					; Offset 3: Y position (screen coords, 0-23 tiles)
 4241	6F64					; Offset 4: Animation frame (0-3)
 4242	6F64					; Offset 5: Tile ID assigned (248-255)
 4243	6F64					; Offset 6: Velocity X (signed, -128 to 127)
 4244	6F64					; Offset 7: Velocity Y (signed, -128 to 127)
 4245	6F64					
 4246	6F64					PARTICLE_STRUCT_SIZE    EQU 8
 4247	6F64					
 4248	6F64					; ==================================================================
 4249	6F64					; PARTICLE SYSTEM INITIALIZATION
 4250	6F64					; ==================================================================
 4251	6F64					
 4252	6F64					init_particle_system:
 4253	6F64					    ; Clear particle pool
 4254	6F64	21	3E	C6		    ld hl, particle_pool
 4255	6F67	11	3F	C6		    ld de, particle_pool + 1
 4256	6F6A	01	3F	00		    ld bc, MAX_PARTICLES * PARTICLE_STRUCT_SIZE - 1
 4257	6F6D	36	00			    ld (hl), PARTICLE_NONE
 4258	6F6F	ED	B0			    ldir
 4259	6F71					
 4260	6F71					    ; Initialize tile ID assignments
 4261	6F71	3E	F8			    ld a, PARTICLE_TILE_BASE
 4262	6F73	06	08			    ld b, MAX_PARTICLES
 4263	6F75	21	43	C6		    ld hl, particle_pool + 5    ; Offset to tile_id field
 4264	6F78					.part_init_tile_loop:
 4265	6F78	77				    ld (hl), a
 4266	6F79	3C				    inc a
 4267	6F7A	11	08	00		    ld de, PARTICLE_STRUCT_SIZE
 4268	6F7D	19				    add hl, de
 4269	6F7E	10	F8			    djnz .part_init_tile_loop
 4270	6F80					
 4271	6F80	C9				    ret
 4272	6F81					
 4273	6F81					; ==================================================================
 4274	6F81					; PARTICLE SPAWNING FUNCTIONS
 4275	6F81					; ==================================================================
 4276	6F81					
 4277	6F81					; ------------------------------------------------------------------
 4278	6F81					; spawn_particle
 4279	6F81					; Create a new particle at given position
 4280	6F81					; Input:  A = Particle type (PARTICLE_*)
 4281	6F81					;         B = X position (tile coords, 0-31)
 4282	6F81					;         C = Y position (tile coords, 0-23)
 4283	6F81					;         D = Velocity X (optional, signed)
 4284	6F81					;         E = Velocity Y (optional, signed)
 4285	6F81					; Output: A = 1 if spawned successfully, 0 if pool full
 4286	6F81					; Destroys: AF, BC, DE, HL
 4287	6F81					; ------------------------------------------------------------------
 4288	6F81					spawn_particle:
 4289	6F81	F5				    push af                     ; Save particle type
 4290	6F82	C5				    push bc                     ; Save position
 4291	6F83	D5				    push de                     ; Save velocity
 4292	6F84					
 4293	6F84					    ; Find free particle slot
 4294	6F84	CD	B1	6F		    call find_free_particle
 4295	6F87	28	23			    jr z, .part_spawn_failed    ; Z flag set = no free slots
 4296	6F89					
 4297	6F89					    ; HL points to free particle structure
 4298	6F89	D1				    pop de                      ; Restore velocity
 4299	6F8A	C1				    pop bc                      ; Restore position
 4300	6F8B	F1				    pop af                      ; Restore type
 4301	6F8C					
 4302	6F8C					    ; Fill particle structure
 4303	6F8C	77				    ld (hl), a                  ; Offset 0: type
 4304	6F8D	23				    inc hl
 4305	6F8E					
 4306	6F8E					    ; Set lifetime based on type
 4307	6F8E	E5				    push hl
 4308	6F8F	CD	C4	6F		    call get_particle_lifetime  ; A = type -> A = lifetime
 4309	6F92	E1				    pop hl
 4310	6F93	77				    ld (hl), a                  ; Offset 1: lifetime
 4311	6F94	23				    inc hl
 4312	6F95					
 4313	6F95	70				    ld (hl), b                  ; Offset 2: X position
 4314	6F96	23				    inc hl
 4315	6F97	71				    ld (hl), c                  ; Offset 3: Y position
 4316	6F98	23				    inc hl
 4317	6F99					
 4318	6F99	AF				    xor a
 4319	6F9A	77				    ld (hl), a                  ; Offset 4: frame = 0
 4320	6F9B	23				    inc hl
 4321	6F9C	23				    inc hl                      ; Skip tile_id (already assigned)
 4322	6F9D					
 4323	6F9D	72				    ld (hl), d                  ; Offset 6: velocity X
 4324	6F9E	23				    inc hl
 4325	6F9F	73				    ld (hl), e                  ; Offset 7: velocity Y
 4326	6FA0					
 4327	6FA0					    ; Place particle tile on screen immediately
 4328	6FA0	2B				    dec hl
 4329	6FA1	2B				    dec hl
 4330	6FA2	2B				    dec hl
 4331	6FA3	2B				    dec hl
 4332	6FA4	2B				    dec hl
 4333	6FA5	2B				    dec hl                      ; Back to start of structure
 4334	6FA6	CD	40	70		    call draw_particle_tile
 4335	6FA9					
 4336	6FA9	3E	01			    ld a, 1                     ; Success
 4337	6FAB	C9				    ret
 4338	6FAC					
 4339	6FAC					.part_spawn_failed:
 4340	6FAC	D1				    pop de
 4341	6FAD	C1				    pop bc
 4342	6FAE	F1				    pop af
 4343	6FAF	AF				    xor a                       ; Failed
 4344	6FB0	C9				    ret
 4345	6FB1					
 4346	6FB1					; ------------------------------------------------------------------
 4347	6FB1					; find_free_particle
 4348	6FB1					; Find first inactive particle slot
 4349	6FB1					; Output: HL = Address of free particle, Z flag clear
 4350	6FB1					;         Z flag set if no free slots
 4351	6FB1					; ------------------------------------------------------------------
 4352	6FB1					find_free_particle:
 4353	6FB1	21	3E	C6		    ld hl, particle_pool
 4354	6FB4	06	08			    ld b, MAX_PARTICLES
 4355	6FB6					.part_find_loop:
 4356	6FB6	7E				    ld a, (hl)
 4357	6FB7	FE	00			    cp PARTICLE_NONE
 4358	6FB9	C8				    ret z                       ; Found free slot
 4359	6FBA					
 4360	6FBA	11	08	00		    ld de, PARTICLE_STRUCT_SIZE
 4361	6FBD	19				    add hl, de
 4362	6FBE	10	F6			    djnz .part_find_loop
 4363	6FC0					
 4364	6FC0					    ; No free slot found
 4365	6FC0	AF				    xor a
 4366	6FC1	F6	01			    or 1                        ; Clear Z flag
 4367	6FC3	C9				    ret
 4368	6FC4					
 4369	6FC4					; ------------------------------------------------------------------
 4370	6FC4					; get_particle_lifetime
 4371	6FC4					; Get default lifetime for particle type
 4372	6FC4					; Input:  A = Particle type
 4373	6FC4					; Output: A = Lifetime in frames
 4374	6FC4					; ------------------------------------------------------------------
 4375	6FC4					get_particle_lifetime:
 4376	6FC4	21	CD	6F		    ld hl, particle_lifetime_table
 4377	6FC7	5F				    ld e, a
 4378	6FC8	16	00			    ld d, 0
 4379	6FCA	19				    add hl, de
 4380	6FCB	7E				    ld a, (hl)
 4381	6FCC	C9				    ret
 4382	6FCD					
 4383	6FCD					particle_lifetime_table:
 4384	6FCD	00				    db 0                        ; PARTICLE_NONE
 4385	6FCE	10				    db LIFE_EXPLOSION           ; PARTICLE_EXPLOSION
 4386	6FCF	18				    db LIFE_SMOKE               ; PARTICLE_SMOKE
 4387	6FD0	08				    db LIFE_SPARK               ; PARTICLE_SPARK
 4388	6FD1	0C				    db LIFE_DUST                ; PARTICLE_DUST
 4389	6FD2	0A				    db LIFE_IMPACT              ; PARTICLE_IMPACT
 4390	6FD3	14				    db LIFE_DEBRIS              ; PARTICLE_DEBRIS
 4391	6FD4	04				    db LIFE_MUZZLE_FLASH        ; PARTICLE_MUZZLE_FLASH
 4392	6FD5	12				    db LIFE_WATER_SPLASH        ; PARTICLE_WATER_SPLASH
 4393	6FD6					
 4394	6FD6					; ==================================================================
 4395	6FD6					; PARTICLE UPDATE FUNCTIONS
 4396	6FD6					; ==================================================================
 4397	6FD6					
 4398	6FD6					; ------------------------------------------------------------------
 4399	6FD6					; update_particles
 4400	6FD6					; Update all active particles (call every frame)
 4401	6FD6					; Decrements lifetime, advances animation, applies velocity
 4402	6FD6					; ------------------------------------------------------------------
 4403	6FD6					update_particles:
 4404	6FD6	21	3E	C6		    ld hl, particle_pool
 4405	6FD9	06	08			    ld b, MAX_PARTICLES
 4406	6FDB					.part_update_loop:
 4407	6FDB	C5				    push bc
 4408	6FDC	E5				    push hl
 4409	6FDD					
 4410	6FDD					    ; Check if particle is active
 4411	6FDD	7E				    ld a, (hl)
 4412	6FDE	FE	00			    cp PARTICLE_NONE
 4413	6FE0	28	55			    jr z, .part_update_next     ; Skip inactive
 4414	6FE2					
 4415	6FE2					    ; Decrement lifetime
 4416	6FE2	23				    inc hl                      ; Offset 1: lifetime
 4417	6FE3	7E				    ld a, (hl)
 4418	6FE4	3D				    dec a
 4419	6FE5	77				    ld (hl), a
 4420	6FE6	28	46			    jr z, .part_update_kill     ; Lifetime expired
 4421	6FE8					
 4422	6FE8					    ; Advance animation frame
 4423	6FE8	23				    inc hl
 4424	6FE9	23				    inc hl
 4425	6FEA	23				    inc hl                      ; Offset 4: frame
 4426	6FEB	7E				    ld a, (hl)
 4427	6FEC	3C				    inc a
 4428	6FED	E6	03			    and #03                     ; Wrap at 4 frames
 4429	6FEF	77				    ld (hl), a
 4430	6FF0					
 4431	6FF0					    ; Apply velocity (simple physics)
 4432	6FF0	23				    inc hl
 4433	6FF1	23				    inc hl                      ; Offset 6: velocity X
 4434	6FF2	7E				    ld a, (hl)
 4435	6FF3	B7				    or a
 4436	6FF4	28	14			    jr z, .part_update_skip_vx
 4437	6FF6					
 4438	6FF6					    ; Update X position
 4439	6FF6	2B				    dec hl
 4440	6FF7	2B				    dec hl
 4441	6FF8	2B				    dec hl
 4442	6FF9	2B				    dec hl                      ; Offset 2: X position
 4443	6FFA	46				    ld b, (hl)
 4444	6FFB	23				    inc hl
 4445	6FFC	23				    inc hl
 4446	6FFD	23				    inc hl
 4447	6FFE	23				    inc hl
 4448	6FFF	7E				    ld a, (hl)
 4449	7000	80				    add a, b
 4450	7001	2B				    dec hl
 4451	7002	2B				    dec hl
 4452	7003	2B				    dec hl
 4453	7004	2B				    dec hl
 4454	7005	77				    ld (hl), a                  ; Store new X
 4455	7006	23				    inc hl
 4456	7007	23				    inc hl
 4457	7008	23				    inc hl
 4458	7009	23				    inc hl
 4459	700A					
 4460	700A					.part_update_skip_vx:
 4461	700A					    ; Apply velocity Y
 4462	700A	23				    inc hl                      ; Offset 7: velocity Y
 4463	700B	7E				    ld a, (hl)
 4464	700C	B7				    or a
 4465	700D	28	18			    jr z, .part_update_skip_vy
 4466	700F					
 4467	700F					    ; Update Y position
 4468	700F	2B				    dec hl
 4469	7010	2B				    dec hl
 4470	7011	2B				    dec hl
 4471	7012	2B				    dec hl
 4472	7013	2B				    dec hl                      ; Offset 3: Y position
 4473	7014	46				    ld b, (hl)
 4474	7015	23				    inc hl
 4475	7016	23				    inc hl
 4476	7017	23				    inc hl
 4477	7018	23				    inc hl
 4478	7019	23				    inc hl
 4479	701A	7E				    ld a, (hl)
 4480	701B	80				    add a, b
 4481	701C	2B				    dec hl
 4482	701D	2B				    dec hl
 4483	701E	2B				    dec hl
 4484	701F	2B				    dec hl
 4485	7020	2B				    dec hl
 4486	7021	77				    ld (hl), a                  ; Store new Y
 4487	7022	23				    inc hl
 4488	7023	23				    inc hl
 4489	7024	23				    inc hl
 4490	7025	23				    inc hl
 4491	7026	23				    inc hl
 4492	7027					
 4493	7027					.part_update_skip_vy:
 4494	7027					    ; Redraw particle with new frame
 4495	7027	E1				    pop hl
 4496	7028	E5				    push hl
 4497	7029	CD	40	70		    call draw_particle_tile
 4498	702C					
 4499	702C	18	09			    jr .part_update_next
 4500	702E					
 4501	702E					.part_update_kill:
 4502	702E					    ; Clear particle tile from screen
 4503	702E	E1				    pop hl
 4504	702F	E5				    push hl
 4505	7030	CD	63	70		    call clear_particle_tile
 4506	7033					
 4507	7033					    ; Mark particle as inactive
 4508	7033	E1				    pop hl
 4509	7034	E5				    push hl
 4510	7035	36	00			    ld (hl), PARTICLE_NONE
 4511	7037					
 4512	7037					.part_update_next:
 4513	7037	E1				    pop hl
 4514	7038	C1				    pop bc
 4515	7039	11	08	00		    ld de, PARTICLE_STRUCT_SIZE
 4516	703C	19				    add hl, de
 4517	703D	10	9C			    djnz .part_update_loop
 4518	703F					
 4519	703F	C9				    ret
 4520	7040					
 4521	7040					; ==================================================================
 4522	7040					; PARTICLE RENDERING FUNCTIONS
 4523	7040					; ==================================================================
 4524	7040					
 4525	7040					; ------------------------------------------------------------------
 4526	7040					; draw_particle_tile
 4527	7040					; Draw particle at its position using its tile ID
 4528	7040					; Input:  HL = Address of particle structure
 4529	7040					; Destroys: AF, BC, DE, HL
 4530	7040					; ------------------------------------------------------------------
 4531	7040					draw_particle_tile:
 4532	7040	E5				    push hl
 4533	7041					
 4534	7041					    ; Get position (offsets 2, 3)
 4535	7041	23				    inc hl
 4536	7042	23				    inc hl
 4537	7043	46				    ld b, (hl)                  ; B = X tile
 4538	7044	23				    inc hl
 4539	7045	4E				    ld c, (hl)                  ; C = Y tile
 4540	7046					
 4541	7046					    ; Get tile ID (offset 5)
 4542	7046	23				    inc hl
 4543	7047	23				    inc hl
 4544	7048	7E				    ld a, (hl)                  ; A = tile ID
 4545	7049					
 4546	7049					    ; Calculate name table address
 4547	7049					    ; NAMETBL + (Y * 32) + X
 4548	7049	F5				    push af                     ; Save tile ID
 4549	704A	79				    ld a, c
 4550	704B	87				    add a, a
 4551	704C	87				    add a, a
 4552	704D	87				    add a, a
 4553	704E	87				    add a, a
 4554	704F	87				    add a, a                    ; Y * 32
 4555	7050	80				    add a, b                    ; + X
 4556	7051	5F				    ld e, a
 4557	7052	16	00			    ld d, 0
 4558	7054	21	00	18		    ld hl, NAMETBL
 4559	7057	19				    add hl, de                  ; HL = VRAM address
 4560	7058					
 4561	7058					    ; Write tile ID to name table
 4562	7058	F1				    pop af                      ; Restore tile ID
 4563	7059	CD	4D	00		    call WRTVRM
 4564	705C					
 4565	705C					    ; Now update pattern in VRAM
 4566	705C	E1				    pop hl
 4567	705D	E5				    push hl
 4568	705E	CD	7D	70		    call update_particle_pattern
 4569	7061					
 4570	7061	E1				    pop hl
 4571	7062	C9				    ret
 4572	7063					
 4573	7063					; ------------------------------------------------------------------
 4574	7063					; clear_particle_tile
 4575	7063					; Clear particle from screen (set tile to 0)
 4576	7063					; Input:  HL = Address of particle structure
 4577	7063					; ------------------------------------------------------------------
 4578	7063					clear_particle_tile:
 4579	7063	E5				    push hl
 4580	7064					
 4581	7064					    ; Get position
 4582	7064	23				    inc hl
 4583	7065	23				    inc hl
 4584	7066	46				    ld b, (hl)                  ; B = X
 4585	7067	23				    inc hl
 4586	7068	4E				    ld c, (hl)                  ; C = Y
 4587	7069					
 4588	7069					    ; Calculate name table address
 4589	7069	79				    ld a, c
 4590	706A	87				    add a, a
 4591	706B	87				    add a, a
 4592	706C	87				    add a, a
 4593	706D	87				    add a, a
 4594	706E	87				    add a, a                    ; Y * 32
 4595	706F	80				    add a, b
 4596	7070	5F				    ld e, a
 4597	7071	16	00			    ld d, 0
 4598	7073	21	00	18		    ld hl, NAMETBL
 4599	7076	19				    add hl, de
 4600	7077					
 4601	7077					    ; Write 0 (blank tile)
 4602	7077	AF				    xor a
 4603	7078	CD	4D	00		    call WRTVRM
 4604	707B					
 4605	707B	E1				    pop hl
 4606	707C	C9				    ret
 4607	707D					
 4608	707D					; ------------------------------------------------------------------
 4609	707D					; update_particle_pattern
 4610	707D					; Redefine particle's pattern in VRAM based on type and frame
 4611	707D					; Input:  HL = Address of particle structure
 4612	707D					; Destroys: AF, BC, DE, HL
 4613	707D					; ------------------------------------------------------------------
 4614	707D					update_particle_pattern:
 4615	707D					    ; Get type and frame
 4616	707D	7E				    ld a, (hl)                  ; Offset 0: type
 4617	707E	47				    ld b, a                     ; B = type
 4618	707F	23				    inc hl
 4619	7080	23				    inc hl
 4620	7081	23				    inc hl
 4621	7082	23				    inc hl
 4622	7083	7E				    ld a, (hl)                  ; Offset 4: frame
 4623	7084	4F				    ld c, a                     ; C = frame
 4624	7085	2B				    dec hl
 4625	7086	2B				    dec hl
 4626	7087	23				    inc hl
 4627	7088	7E				    ld a, (hl)                  ; Offset 5: tile ID
 4628	7089	57				    ld d, a                     ; D = tile ID
 4629	708A					
 4630	708A					    ; Calculate pattern source address
 4631	708A					    ; particle_patterns + (type * 32) + (frame * 8)
 4632	708A	78				    ld a, b                     ; A = type
 4633	708B	87				    add a, a
 4634	708C	87				    add a, a
 4635	708D	87				    add a, a
 4636	708E	87				    add a, a
 4637	708F	87				    add a, a                    ; * 32 (4 frames * 8 bytes)
 4638	7090	6F				    ld l, a
 4639	7091	26	00			    ld h, 0
 4640	7093					
 4641	7093	79				    ld a, c                     ; A = frame
 4642	7094	87				    add a, a
 4643	7095	87				    add a, a
 4644	7096	87				    add a, a                    ; * 8
 4645	7097	5F				    ld e, a
 4646	7098	16	00			    ld d, 0
 4647	709A	19				    add hl, de
 4648	709B					
 4649	709B	11	B3	70		    ld de, particle_patterns
 4650	709E	19				    add hl, de                  ; HL = source pattern address
 4651	709F					
 4652	709F					    ; Calculate VRAM destination
 4653	709F					    ; CHRTBL + (tile_id * 8)
 4654	709F	7A				    ld a, d                     ; A = tile ID
 4655	70A0	5F				    ld e, a
 4656	70A1	16	00			    ld d, 0
 4657	70A3	EB				    ex de, hl                   ; DE = source, HL = tile_id
 4658	70A4	29				    add hl, hl
 4659	70A5	29				    add hl, hl
 4660	70A6	29				    add hl, hl                  ; * 8
 4661	70A7	01	00	00		    ld bc, CHRTBL
 4662	70AA	09				    add hl, bc                  ; HL = VRAM address
 4663	70AB					
 4664	70AB	EB				    ex de, hl                   ; DE = VRAM, HL = source
 4665	70AC					
 4666	70AC					    ; Copy 8 bytes to VRAM
 4667	70AC	01	08	00		    ld bc, 8
 4668	70AF	CD	5C	00		    call LDIRVM
 4669	70B2					
 4670	70B2	C9				    ret
 4671	70B3					
 4672	70B3					; ==================================================================
 4673	70B3					; PARTICLE PATTERN DATA
 4674	70B3					; ==================================================================
 4675	70B3					; Each particle type has 4 frames, 8 bytes each = 32 bytes total
 4676	70B3					; Frame progression creates animation effect
 4677	70B3					
 4678	70B3					particle_patterns:
 4679	70B3					
 4680	70B3					; ---- PARTICLE_NONE (type 0) - Empty ----
 4681	70B3	00	00	00	00	00	00	00	00	    db #00, #00, #00, #00, #00, #00, #00, #00
 4682	70BB	00	00	00	00	00	00	00	00	    db #00, #00, #00, #00, #00, #00, #00, #00
 4683	70C3	00	00	00	00	00	00	00	00	    db #00, #00, #00, #00, #00, #00, #00, #00
 4684	70CB	00	00	00	00	00	00	00	00	    db #00, #00, #00, #00, #00, #00, #00, #00
 4685	70D3					
 4686	70D3					; ---- PARTICLE_EXPLOSION (type 1) - Expands outward ----
 4687	70D3					    ; Frame 0: Small dot
 4688	70D3	00	00	00	18	18	00	00	00	    db #00, #00, #00, #18, #18, #00, #00, #00
 4689	70DB					    ; Frame 1: Expanding
 4690	70DB	00	18	3C	7E	7E	3C	18	00	    db #00, #18, #3C, #7E, #7E, #3C, #18, #00
 4691	70E3					    ; Frame 2: Large explosion
 4692	70E3	18	7E	FF	FF	FF	FF	7E	18	    db #18, #7E, #FF, #FF, #FF, #FF, #7E, #18
 4693	70EB					    ; Frame 3: Fading fragments
 4694	70EB	81	42	24	18	18	24	42	81	    db #81, #42, #24, #18, #18, #24, #42, #81
 4695	70F3					
 4696	70F3					; ---- PARTICLE_SMOKE (type 2) - Puff rising ----
 4697	70F3					    ; Frame 0: Small puff
 4698	70F3	00	00	3C	66	66	3C	00	00	    db #00, #00, #3C, #66, #66, #3C, #00, #00
 4699	70FB					    ; Frame 1: Expanding
 4700	70FB	00	7E	FF	C3	C3	FF	7E	00	    db #00, #7E, #FF, #C3, #C3, #FF, #7E, #00
 4701	7103					    ; Frame 2: Large cloud
 4702	7103	7E	FF	E7	C3	C3	E7	FF	7E	    db #7E, #FF, #E7, #C3, #C3, #E7, #FF, #7E
 4703	710B					    ; Frame 3: Dispersing
 4704	710B	66	E7	C3	81	81	C3	E7	66	    db #66, #E7, #C3, #81, #81, #C3, #E7, #66
 4705	7113					
 4706	7113					; ---- PARTICLE_SPARK (type 3) - Quick flash ----
 4707	7113					    ; Frame 0: Bright cross
 4708	7113	10	38	7C	FE	FE	7C	38	10	    db #10, #38, #7C, #FE, #FE, #7C, #38, #10
 4709	711B					    ; Frame 1: Fading
 4710	711B	00	10	38	7C	7C	38	10	00	    db #00, #10, #38, #7C, #7C, #38, #10, #00
 4711	7123					    ; Frame 2: Dimmer
 4712	7123	00	00	10	38	38	10	00	00	    db #00, #00, #10, #38, #38, #10, #00, #00
 4713	712B					    ; Frame 3: Gone
 4714	712B	00	00	00	18	18	00	00	00	    db #00, #00, #00, #18, #18, #00, #00, #00
 4715	7133					
 4716	7133					; ---- PARTICLE_DUST (type 4) - Dust cloud ----
 4717	7133					    ; Frame 0: Small dots
 4718	7133	00	42	00	24	00	42	00	24	    db #00, #42, #00, #24, #00, #42, #00, #24
 4719	713B					    ; Frame 1: Expanding dots
 4720	713B	24	00	66	00	24	00	66	00	    db #24, #00, #66, #00, #24, #00, #66, #00
 4721	7143					    ; Frame 2: Dispersed
 4722	7143	00	81	00	42	00	81	00	42	    db #00, #81, #00, #42, #00, #81, #00, #42
 4723	714B					    ; Frame 3: Fading
 4724	714B	42	00	24	00	42	00	24	00	    db #42, #00, #24, #00, #42, #00, #24, #00
 4725	7153					
 4726	7153					; ---- PARTICLE_IMPACT (type 5) - Impact star ----
 4727	7153					    ; Frame 0: Large star
 4728	7153	18	5A	7E	FF	FF	7E	5A	18	    db #18, #5A, #7E, #FF, #FF, #7E, #5A, #18
 4729	715B					    ; Frame 1: Shrinking
 4730	715B	00	18	3C	7E	7E	3C	18	00	    db #00, #18, #3C, #7E, #7E, #3C, #18, #00
 4731	7163					    ; Frame 2: Small star
 4732	7163	00	00	18	3C	3C	18	00	00	    db #00, #00, #18, #3C, #3C, #18, #00, #00
 4733	716B					    ; Frame 3: Fading
 4734	716B	00	00	00	18	18	00	00	00	    db #00, #00, #00, #18, #18, #00, #00, #00
 4735	7173					
 4736	7173					; ---- PARTICLE_DEBRIS (type 6) - Falling chunk ----
 4737	7173					    ; Frame 0: Solid chunk
 4738	7173	00	3C	7E	7E	7E	7E	3C	00	    db #00, #3C, #7E, #7E, #7E, #7E, #3C, #00
 4739	717B					    ; Frame 1: Tumbling
 4740	717B	00	1E	3F	7F	7F	3F	1E	00	    db #00, #1E, #3F, #7F, #7F, #3F, #1E, #00
 4741	7183					    ; Frame 2: Rotating
 4742	7183	00	78	FC	FE	FE	FC	78	00	    db #00, #78, #FC, #FE, #FE, #FC, #78, #00
 4743	718B					    ; Frame 3: Tumbling again
 4744	718B	00	3C	7E	7E	7E	7E	3C	00	    db #00, #3C, #7E, #7E, #7E, #7E, #3C, #00
 4745	7193					
 4746	7193					; ---- PARTICLE_MUZZLE_FLASH (type 7) - Gun flash ----
 4747	7193					    ; Frame 0: Bright burst
 4748	7193	7E	FF	FF	FF	FF	FF	FF	7E	    db #7E, #FF, #FF, #FF, #FF, #FF, #FF, #7E
 4749	719B					    ; Frame 1: Fading
 4750	719B	3C	7E	FF	FF	FF	FF	7E	3C	    db #3C, #7E, #FF, #FF, #FF, #FF, #7E, #3C
 4751	71A3					    ; Frame 2: Dimmer
 4752	71A3	18	3C	7E	7E	7E	7E	3C	18	    db #18, #3C, #7E, #7E, #7E, #7E, #3C, #18
 4753	71AB					    ; Frame 3: Gone
 4754	71AB	00	18	3C	3C	3C	3C	18	00	    db #00, #18, #3C, #3C, #3C, #3C, #18, #00
 4755	71B3					
 4756	71B3					; ---- PARTICLE_WATER_SPLASH (type 8) - Water droplets ----
 4757	71B3					    ; Frame 0: Impact
 4758	71B3	18	3C	7E	FF	FF	7E	3C	18	    db #18, #3C, #7E, #FF, #FF, #7E, #3C, #18
 4759	71BB					    ; Frame 1: Droplets rising
 4760	71BB	42	66	3C	18	18	3C	66	42	    db #42, #66, #3C, #18, #18, #3C, #66, #42
 4761	71C3					    ; Frame 2: Arcing
 4762	71C3	81	C3	24	00	00	24	C3	81	    db #81, #C3, #24, #00, #00, #24, #C3, #81
 4763	71CB					    ; Frame 3: Dispersed
 4764	71CB	00	81	42	00	00	42	81	00	    db #00, #81, #42, #00, #00, #42, #81, #00
 4765	71D3					
 4766	71D3					; ==================================================================
 4767	71D3					; PARTICLE UTILITY FUNCTIONS
 4768	71D3					; ==================================================================
 4769	71D3					
 4770	71D3					; ------------------------------------------------------------------
 4771	71D3					; clear_all_particles
 4772	71D3					; Remove all active particles from screen
 4773	71D3					; ------------------------------------------------------------------
 4774	71D3					clear_all_particles:
 4775	71D3	21	3E	C6		    ld hl, particle_pool
 4776	71D6	06	08			    ld b, MAX_PARTICLES
 4777	71D8					.part_clear_loop:
 4778	71D8	C5				    push bc
 4779	71D9	E5				    push hl
 4780	71DA					
 4781	71DA	7E				    ld a, (hl)
 4782	71DB	FE	00			    cp PARTICLE_NONE
 4783	71DD	28	07			    jr z, .part_clear_next
 4784	71DF					
 4785	71DF	CD	63	70		    call clear_particle_tile
 4786	71E2					
 4787	71E2	E1				    pop hl
 4788	71E3	E5				    push hl
 4789	71E4	36	00			    ld (hl), PARTICLE_NONE
 4790	71E6					
 4791	71E6					.part_clear_next:
 4792	71E6	E1				    pop hl
 4793	71E7	C1				    pop bc
 4794	71E8	11	08	00		    ld de, PARTICLE_STRUCT_SIZE
 4795	71EB	19				    add hl, de
 4796	71EC	10	EA			    djnz .part_clear_loop
 4797	71EE					
 4798	71EE	C9				    ret
 4799	71EF					
 4800	71EF					; ------------------------------------------------------------------
 4801	71EF					; Helper: Spawn common particle effects
 4802	71EF					; ------------------------------------------------------------------
 4803	71EF					
 4804	71EF					; Spawn explosion at entity position
 4805	71EF					; Input: B = X tile, C = Y tile
 4806	71EF					spawn_explosion:
 4807	71EF	3E	01			    ld a, PARTICLE_EXPLOSION
 4808	71F1	16	00			    ld d, 0                     ; No X velocity
 4809	71F3	1E	00			    ld e, 0                     ; No Y velocity
 4810	71F5	CD	81	6F		    call spawn_particle
 4811	71F8	C9				    ret
 4812	71F9					
 4813	71F9					; Spawn dust cloud at entity feet
 4814	71F9					; Input: B = X tile, C = Y tile
 4815	71F9					spawn_dust:
 4816	71F9	3E	04			    ld a, PARTICLE_DUST
 4817	71FB	16	00			    ld d, 0
 4818	71FD	1E	00			    ld e, 0
 4819	71FF	CD	81	6F		    call spawn_particle
 4820	7202	C9				    ret
 4821	7203					
 4822	7203					; Spawn impact effect
 4823	7203					; Input: B = X tile, C = Y tile
 4824	7203					spawn_impact:
 4825	7203	3E	05			    ld a, PARTICLE_IMPACT
 4826	7205	16	00			    ld d, 0
 4827	7207	1E	00			    ld e, 0
 4828	7209	CD	81	6F		    call spawn_particle
 4829	720C	C9				    ret
 4830	720D					
 4831	720D					; Spawn muzzle flash (shooting effect)
 4832	720D					; Input: B = X tile, C = Y tile
 4833	720D					spawn_muzzle_flash:
 4834	720D	3E	07			    ld a, PARTICLE_MUZZLE_FLASH
 4835	720F	16	00			    ld d, 0
 4836	7211	1E	00			    ld e, 0
 4837	7213	CD	81	6F		    call spawn_particle
 4838	7216	C9				    ret
 4839	7217					
 4840	7217					; ==================================================================
 4841	7217					; END OF PARTICLE SYSTEM
 4842	7217					; ==================================================================
 4843	7217					; Note: particle_pool variable is defined in variables.asm
 4844	7217					
 4845	7217					
 4846	7217					; [statemachine.asm skipped - no state machines]
 4847	7217					
 4848	7217					
 4849	7217					; ==================================================================
 4850	7217					; GAMEFLOW EXECUTION ENGINE
 4851	7217					; File: gameflow.asm
 4852	7217					; Description: GameFlow-based game orchestration system
 4853	7217					; ==================================================================
 4854	7217					;
 4855	7217					; GameFlow: Main
 4856	7217					; Total Nodes: 3
 4857	7217					; Total Connections: 2
 4858	7217					; Start Node: gf_start_1772605602188
 4859	7217					;
 4860	7217					; ARCHITECTURE:
 4861	7217					; - GameFlow is the SOLE execution orchestrator
 4862	7217					; - Each node generates its own execution code
 4863	7217					; - Connections between nodes define the complete flow
 4864	7217					; - No hardcoded main_loop outside GameFlow
 4865	7217					; ==================================================================
 4866	7217					
 4867	7217					; ==================================================================
 4868	7217					; GAMEFLOW INITIALIZATION
 4869	7217					; ==================================================================
 4870	7217					
 4871	7217					gameflow_init:
 4872	7217					    ; Initialize GameFlow system
 4873	7217					    ; Reset state
 4874	7217	AF				    xor a
 4875	7218	32	07	C0		    ld (gameflow_exit_requested), a
 4876	721B	32	05	C0		    ld (current_flow_state), a
 4877	721E	C9				    ret
 4878	721F					
 4879	721F					; Main entry point - called from init_rom
 4880	721F					; This is where the game STARTS
 4881	721F					gameflow_start:
 4882	721F					    ; Load the Start node
 4883	721F	21	3F	73		    ld hl, gameflow_node_gf_start_1772605602188
 4884	7222	C3	25	72		    jp gameflow_execute_node
 4885	7225					
 4886	7225					; ==================================================================
 4887	7225					; CORE EXECUTION ENGINE
 4888	7225					; ==================================================================
 4889	7225					
 4890	7225					; Execute a GameFlow node
 4891	7225					; Input: HL = address of node structure
 4892	7225					; 
 4893	7225					; Node Structure:
 4894	7225					;   +0: Node type (byte)
 4895	7225					;   +1-2: Data pointer (word) - node-specific data
 4896	7225					;   +3-4: Connection table pointer (word)
 4897	7225					;
 4898	7225					gameflow_execute_node:
 4899	7225					    ; Read node type
 4900	7225	7E				    ld a, (hl)
 4901	7226	23				    inc hl
 4902	7227					    
 4903	7227					    ; Save data pointer and connection table pointer for handlers
 4904	7227	5E				    ld e, (hl)
 4905	7228	23				    inc hl
 4906	7229	56				    ld d, (hl)      ; DE = data pointer
 4907	722A	23				    inc hl
 4908	722B	4E				    ld c, (hl)
 4909	722C	23				    inc hl
 4910	722D	46				    ld b, (hl)      ; BC = connection table pointer
 4911	722E					    
 4912	722E					    ; DE = node data, BC = connection table
 4913	722E					    ; Dispatch based on node type
 4914	722E	FE	00			    cp NODE_TYPE_START
 4915	7230	CA	3E	72		    jp z, gameflow_handle_start
 4916	7233	FE	0C			    cp NODE_TYPE_MUSIC
 4917	7235	CA	59	72		    jp z, gameflow_handle_music
 4918	7238	FE	07			    cp NODE_TYPE_END
 4919	723A	CA	67	72		    jp z, gameflow_handle_end
 4920	723D					    
 4921	723D					    ; Unknown node type - error
 4922	723D	C9				    ret
 4923	723E					
 4924	723E					; ==================================================================
 4925	723E					; NODE TYPE HANDLERS
 4926	723E					; Each handler receives:
 4927	723E					;   DE = node data pointer
 4928	723E					;   BC = connection table pointer
 4929	723E					; ==================================================================
 4930	723E					
 4931	723E					gameflow_handle_start:
 4932	723E					    ; Start node - Initialize game state and systems
 4933	723E					    ; DE = node data pointer:
 4934	723E					    ;   [init_routine_ptr DW][init_routine_bank DB]
 4935	723E					    ; BC = connection table
 4936	723E					
 4937	723E	C5				    push bc         ; Save connection table
 4938	723F					
 4939	723F					    ; Execute initialization routine
 4940	723F					    ; DE points to start_init_data structure
 4941	723F	EB				    ex de, hl
 4942	7240	5E				    ld e, (hl)
 4943	7241	23				    inc hl
 4944	7242	56				    ld d, (hl)      ; DE = initialization routine address
 4945	7243	23				    inc hl
 4946	7244	46				    ld b, (hl)      ; B = initialization routine bank
 4947	7245	62				    ld h, d
 4948	7246	6B				    ld l, e         ; HL = initialization routine address
 4949	7247					
 4950	7247					    ; Call initialization routine (if not null)
 4951	7247	7C				    ld a, h
 4952	7248	B5				    or l
 4953	7249	28	04			    jr z, .skip_init
 4954	724B					
 4955	724B					    ; Mapper-safe far call (auto window from HL address)
 4956	724B	78				    ld a, b
 4957	724C	CD	AC	41		    call mapper_call_hl_auto
 4958	724F					
 4959	724F					.skip_init:
 4960	724F					    ; Continue to next node
 4961	724F	C1				    pop bc
 4962	7250	CD	F4	72		    call gameflow_get_default_connection
 4963	7253	7C				    ld a, h
 4964	7254	B5				    or l
 4965	7255	C8				    ret z           ; No connection
 4966	7256	C3	25	72		    jp gameflow_execute_node
 4967	7259					
 4968	7259					gameflow_handle_music:
 4969	7259					    ; Music node - play/stop music
 4970	7259					    ; DE = music data (command, track index, loop flag)
 4971	7259					    ; BC = connection table
 4972	7259					    
 4973	7259	C5				    push bc
 4974	725A	CD	76	46		    call music_execute_command
 4975	725D	C1				    pop bc
 4976	725E	CD	F4	72		    call gameflow_get_default_connection
 4977	7261	7C				    ld a, h
 4978	7262	B5				    or l
 4979	7263	C8				    ret z
 4980	7264	C3	25	72		    jp gameflow_execute_node
 4981	7267					gameflow_handle_end:
 4982	7267					    ; End node - stop execution and show end screen
 4983	7267					    ; DE = end screen data pointer (screen type, message pointer)
 4984	7267					    ; BC = connection table (unused, end stops execution)
 4985	7267					
 4986	7267	D5				    push de
 4987	7268					
 4988	7268					    ; Get end screen type from data
 4989	7268	1A				    ld a, (de)                    ; A = screen type (0=victory, 1=defeat, 2=credits, etc.)
 4990	7269	F5				    push af                       ; Save screen type
 4991	726A	13				    inc de
 4992	726B	1A				    ld a, (de)                    ; Get low byte of message pointer
 4993	726C	6F				    ld l, a
 4994	726D	13				    inc de
 4995	726E	1A				    ld a, (de)                    ; Get high byte of message pointer
 4996	726F	67				    ld h, a                       ; HL = message pointer (if any)
 4997	7270	F1				    pop af                        ; Restore screen type
 4998	7271					
 4999	7271					    ; Display end screen based on type
 5000	7271	CD	8B	72		    call display_end_screen
 5001	7274					
 5002	7274	D1				    pop de
 5003	7275					
 5004	7275					    ; End screen loop - wait for input or timeout
 5005	7275					.end_screen_loop:
 5006	7275	76				    halt                          ; Wait V-blank
 5007	7276					
 5008	7276					    ; Avoid BIOS joystick helpers here because they touch the PSG while
 5009	7276					    ; VBlank music is writing it. Use keyboard matrix reads only.
 5010	7276	3E	08			    ld a, 8                       ; SPACE row
 5011	7278	CD	38	41		    call FAST_SNSMAT
 5012	727B	CB	47			    bit 0, a                      ; SPACE
 5013	727D	28	0B			    jr z, .end_screen_exit
 5014	727F					
 5015	727F					    ; Check for ESC key to exit
 5016	727F	3E	07			    ld a, 7                       ; ESC key row
 5017	7281	CD	38	41		    call FAST_SNSMAT
 5018	7284	CB	57			    bit 2, a                      ; ESC key
 5019	7286	28	02			    jr z, .end_screen_exit
 5020	7288					
 5021	7288	18	EB			    jr .end_screen_loop
 5022	728A					
 5023	728A					.end_screen_exit:
 5024	728A	C9				    ret
 5025	728B					
 5026	728B					; ------------------------------------------------------------------
 5027	728B					; display_end_screen
 5028	728B					; Display end screen based on type
 5029	728B					; Input:  A = screen type (0=victory, 1=defeat, 2=credits, 3=custom)
 5030	728B					;         HL = message pointer (for custom messages)
 5031	728B					; ------------------------------------------------------------------
 5032	728B					display_end_screen:
 5033	728B	F5				    push af
 5034	728C	E5				    push hl
 5035	728D					
 5036	728D					    ; Clear screen first
 5037	728D	CD	D5	73		    call clear_screen_area
 5038	7290					
 5039	7290	E1				    pop hl
 5040	7291	F1				    pop af
 5041	7292					
 5042	7292					    ; Dispatch based on screen type
 5043	7292	B7				    or a
 5044	7293	28	08			    jr z, .show_victory           ; 0 = Victory
 5045	7295	3D				    dec a
 5046	7296	28	0F			    jr z, .show_defeat            ; 1 = Defeat
 5047	7298	3D				    dec a
 5048	7299	28	16			    jr z, .show_credits           ; 2 = Credits
 5049	729B	18	1E			    jr .show_custom               ; 3+ = Custom message
 5050	729D					
 5051	729D					.show_victory:
 5052	729D					    ; Display "VICTORY!" message
 5053	729D	21	D9	72		    ld hl, str_victory
 5054	72A0	11	4C	19		    ld de, #1800 + (10 * 32) + 12 ; Row 10, col 12
 5055	72A3	CD	C2	72		    call print_string_vram
 5056	72A6	C9				    ret
 5057	72A7					
 5058	72A7					.show_defeat:
 5059	72A7					    ; Display "GAME OVER" message
 5060	72A7	21	E2	72		    ld hl, str_game_over
 5061	72AA	11	4B	19		    ld de, #1800 + (10 * 32) + 11 ; Row 10, col 11
 5062	72AD	CD	C2	72		    call print_string_vram
 5063	72B0	C9				    ret
 5064	72B1					
 5065	72B1					.show_credits:
 5066	72B1					    ; Display "CREDITS" message
 5067	72B1	21	EC	72		    ld hl, str_credits
 5068	72B4	11	0D	19		    ld de, #1800 + (8 * 32) + 13  ; Row 8, col 13
 5069	72B7	CD	C2	72		    call print_string_vram
 5070	72BA					    ; Add more credits lines here if needed
 5071	72BA	C9				    ret
 5072	72BB					
 5073	72BB					.show_custom:
 5074	72BB					    ; Display custom message from HL
 5075	72BB	11	48	19		    ld de, #1800 + (10 * 32) + 8  ; Row 10, col 8
 5076	72BE	CD	C2	72		    call print_string_vram
 5077	72C1	C9				    ret
 5078	72C2					
 5079	72C2					; ------------------------------------------------------------------
 5080	72C2					; Helper: Print string to VRAM
 5081	72C2					; Input: HL = string pointer (null-terminated)
 5082	72C2					;        DE = VRAM destination
 5083	72C2					; ------------------------------------------------------------------
 5084	72C2					print_string_vram:
 5085	72C2	C5				    push bc
 5086	72C3	D5				    push de
 5087	72C4	E5				    push hl
 5088	72C5					
 5089	72C5					.psv_loop:
 5090	72C5	7E				    ld a, (hl)                    ; Get character
 5091	72C6	B7				    or a                          ; Check for null terminator
 5092	72C7	28	0C			    jr z, .psv_done
 5093	72C9					
 5094	72C9					    ; Write character to VRAM
 5095	72C9	E5				    push hl
 5096	72CA	D5				    push de
 5097	72CB	EB				    ex de, hl                     ; HL = VRAM address (from DE)
 5098	72CC	CD	CE	40		    call FAST_WRTVRM              ; Write A to VRAM at HL (direct port)
 5099	72CF	D1				    pop de
 5100	72D0	E1				    pop hl
 5101	72D1					
 5102	72D1	23				    inc hl                        ; Next character
 5103	72D2	13				    inc de                        ; Next VRAM position
 5104	72D3	18	F0			    jr .psv_loop
 5105	72D5					
 5106	72D5					.psv_done:
 5107	72D5	E1				    pop hl
 5108	72D6	D1				    pop de
 5109	72D7	C1				    pop bc
 5110	72D8	C9				    ret
 5111	72D9					
 5112	72D9					; ------------------------------------------------------------------
 5113	72D9					; End screen message strings
 5114	72D9					; ------------------------------------------------------------------
 5115	72D9					str_victory:
 5116	72D9	56	49	43	54	4F	52	59	21	00	    db "VICTORY!", 0
 5117	72E2					
 5118	72E2					str_game_over:
 5119	72E2	47	41	4D	45	20	4F	56	45	52	00	    db "GAME OVER", 0
 5120	72EC					
 5121	72EC					str_credits:
 5122	72EC	43	52	45	44	49	54	53	00	    db "CREDITS", 0
 5123	72F4					
 5124	72F4					; ==================================================================
 5125	72F4					; CONNECTION UTILITIES
 5126	72F4					; ==================================================================
 5127	72F4					
 5128	72F4					; Get next node from connection table (for simple single-connection nodes)
 5129	72F4					; Input: BC = connection table pointer
 5130	72F4					; Output: HL = next node address (or 0 if none)
 5131	72F4					gameflow_get_default_connection:
 5132	72F4					    ; Connection table format:
 5133	72F4					    ;   db CONNECTION_TYPE
 5134	72F4					    ;   dw NODE_ADDRESS
 5135	72F4					    ;   db CONNECTION_END
 5136	72F4					    
 5137	72F4	60				    ld h, b
 5138	72F5	69				    ld l, c
 5139	72F6	7E				    ld a, (hl)
 5140	72F7	FE	FF			    cp CONNECTION_END
 5141	72F9	28	06			    jr z, .no_connection
 5142	72FB					    
 5143	72FB	23				    inc hl
 5144	72FC	7E				    ld a, (hl)
 5145	72FD	23				    inc hl
 5146	72FE	66				    ld h, (hl)
 5147	72FF	6F				    ld l, a         ; HL = next node address
 5148	7300	C9				    ret
 5149	7301					
 5150	7301					.no_connection:
 5151	7301	21	00	00		    ld hl, 0
 5152	7304	C9				    ret
 5153	7305					
 5154	7305					; Get connection by type
 5155	7305					; Input: BC = connection table pointer, A = connection type to find
 5156	7305					; Output: HL = next node address (or 0 if not found)
 5157	7305					gameflow_get_connection_by_type:
 5158	7305	57				    ld d, a         ; Save connection type
 5159	7306	60				    ld h, b
 5160	7307	69				    ld l, c
 5161	7308					
 5162	7308					.search_loop:
 5163	7308	7E				    ld a, (hl)
 5164	7309	FE	FF			    cp CONNECTION_END
 5165	730B	28	0F			    jr z, .not_found
 5166	730D					
 5167	730D	BA				    cp d
 5168	730E	28	06			    jr z, .found
 5169	7310					
 5170	7310					    ; OPTIMIZED: Skip this entry using ADD (11 cycles vs 3?? INC = 18 cycles)
 5171	7310	01	03	00		    ld bc, 3        ; Entry size: 1 byte type + 2 bytes address
 5172	7313	09				    add hl, bc
 5173	7314	18	F2			    jr .search_loop
 5174	7316					
 5175	7316					.found:
 5176	7316	23				    inc hl
 5177	7317	7E				    ld a, (hl)
 5178	7318	23				    inc hl
 5179	7319	66				    ld h, (hl)
 5180	731A	6F				    ld l, a
 5181	731B	C9				    ret
 5182	731C					
 5183	731C					.not_found:
 5184	731C	21	00	00		    ld hl, 0
 5185	731F	C9				    ret
 5186	7320					
 5187	7320					; Connection type constants
 5188	7320					CONNECTION_DEFAULT      EQU 0
 5189	7320					CONNECTION_THEN         EQU 1
 5190	7320					CONNECTION_ELSE         EQU 2
 5191	7320					CONNECTION_OPTION_0     EQU 10
 5192	7320					CONNECTION_OPTION_1     EQU 11
 5193	7320					CONNECTION_OPTION_2     EQU 12
 5194	7320					CONNECTION_OPTION_3     EQU 13
 5195	7320					CONNECTION_OPTION_4     EQU 14
 5196	7320					CONNECTION_OPTION_5     EQU 15
 5197	7320					CONNECTION_END          EQU 255
 5198	7320					
 5199	7320					; Shared data pointer for nodes without data
 5200	7320					gameflow_no_data:
 5201	7320	C9				    db #C9                        ; RET instruction - returns immediately
 5202	7321					
 5203	7321					; ==================================================================
 5204	7321					; GAME LOOP (WorldLink nodes only)
 5205	7321					; ==================================================================
 5206	7321					
 5207	7321					; Main game loop - executed by WorldLink nodes
 5208	7321					; This loop runs while a world/level is active
 5209	7321					gameflow_world_game_loop:
 5210	7321					    ; Check exit flag
 5211	7321	3A	07	C0		    ld a, (gameflow_exit_requested)
 5212	7324	B7				    or a
 5213	7325	C0				    ret nz
 5214	7326					
 5215	7326					    ; Frame sync first: start each tick exactly on V-Blank edge
 5216	7326	76				    halt
 5217	7327					    ; Upload sprites right after V-Blank edge (60/50 Hz frame-paced)
 5218	7327	CD	90	44		    call update_sprites_to_vram
 5219	732A					
 5220	732A					    ; Poll input in main loop (avoids BIOS-in-ISR compatibility issues)
 5221	732A	CD	75	42		    call task_update_input
 5222	732D					
 5223	732D					    ; Handle world screen edge transitions (Preview parity)
 5224	732D	CD	23	74		    call check_world_screen_transition
 5225	7330					
 5226	7330					    ; Update all entities
 5227	7330	CD	49	43		    call update_all_entities
 5228	7333					
 5229	7333					    ; Execute all state machines
 5230	7333	CD	4A	43		    call execute_all_state_machines
 5231	7336					
 5232	7336					    ; Tracker music runs in VBlank via task_update_music
 5233	7336					
 5234	7336					
 5235	7336					
 5236	7336					
 5237	7336					    ; Update animated background tiles (water, fire, etc.)
 5238	7336	CD	BB	6D		    call update_animated_tiles
 5239	7339					
 5240	7339					    ; Update timed PSG sound effects
 5241	7339	CD	05	46		    call sfx_update
 5242	733C					
 5243	733C					    ; Sprite SAT upload runs once per frame, outside ISR (done at frame start).
 5244	733C					
 5245	733C					    ; Loop
 5246	733C	C3	21	73		    jp gameflow_world_game_loop
 5247	733F					
 5248	733F					; ==================================================================
 5249	733F					; NODE DATA STRUCTURES
 5250	733F					; Each node has: type byte, data pointer, connection table pointer
 5251	733F					; ==================================================================
 5252	733F					
 5253	733F					; Node: Start - "gf_start_1772605602188"
 5254	733F					gameflow_node_gf_start_1772605602188:
 5255	733F	00				    db NODE_TYPE_START
 5256	7340	44	73			    dw gameflow_node_gf_start_1772605602188_data
 5257	7342	47	73			    dw gameflow_node_gf_start_1772605602188_conn
 5258	7344					
 5259	7344					gameflow_node_gf_start_1772605602188_data:
 5260	7344	4B	73			    dw gameflow_node_gf_start_1772605602188_init    ; Initialization routine address
 5261	7346	01				    db ((gameflow_node_gf_start_1772605602188_init - #4000) / #2000)    ; Initialization routine bank
 5262	7347					
 5263	7347					gameflow_node_gf_start_1772605602188_conn:
 5264	7347	00				    db CONNECTION_DEFAULT
 5265	7348	4F	73			    dw gameflow_node_gfn_1772605609293
 5266	734A	FF				    db CONNECTION_END
 5267	734B					
 5268	734B					; ------------------------------------------------------------------
 5269	734B					; gameflow_node_gf_start_1772605602188_init
 5270	734B					; Initialization routine for Start node
 5271	734B					; Initializes global variables and MSX systems
 5272	734B					; ------------------------------------------------------------------
 5273	734B					gameflow_node_gf_start_1772605602188_init:
 5274	734B					    ; === Core Game Systems Initialization (ALWAYS required) ===
 5275	734B	CD	24	74		    call init_game_systems
 5276	734E					
 5277	734E	C9				    ret
 5278	734F					
 5279	734F					; Node: Music - "gfn_1772605609293"
 5280	734F					gameflow_node_gfn_1772605609293:
 5281	734F	0C				    db NODE_TYPE_MUSIC
 5282	7350	54	73			    dw gameflow_node_gfn_1772605609293_data
 5283	7352	57	73			    dw gameflow_node_gfn_1772605609293_conn
 5284	7354					
 5285	7354					gameflow_node_gfn_1772605609293_data:
 5286	7354	01	00	01		    db 1, 0, 1    ; command, track index, loop flag
 5287	7357					
 5288	7357					gameflow_node_gfn_1772605609293_conn:
 5289	7357	00				    db CONNECTION_DEFAULT
 5290	7358	5B	73			    dw gameflow_node_gfn_1772605654748
 5291	735A	FF				    db CONNECTION_END
 5292	735B					
 5293	735B					; Node: End - "gfn_1772605654748"
 5294	735B					gameflow_node_gfn_1772605654748:
 5295	735B	07				    db NODE_TYPE_END
 5296	735C	20	73			    dw gameflow_no_data
 5297	735E	60	73			    dw gameflow_node_gfn_1772605654748_conn
 5298	7360					
 5299	7360					gameflow_node_gfn_1772605654748_conn:
 5300	7360	00				    db CONNECTION_DEFAULT
 5301	7361	00	00			    dw 0
 5302	7363	FF				    db CONNECTION_END
 5303	7364					
 5304	7364					
 5305	7364					; ==================================================================
 5306	7364					; INITIALIZATION UTILITY FUNCTIONS
 5307	7364					; ==================================================================
 5308	7364					
 5309	7364					; ------------------------------------------------------------------
 5310	7364					; init_psg_silence
 5311	7364					; Silence all PSG channels
 5312	7364					; ------------------------------------------------------------------
 5313	7364					init_psg_silence:
 5314	7364	F5				    push af
 5315	7365	C5				    push bc
 5316	7366					
 5317	7366					    ; Silence channel A
 5318	7366	3E	08			    ld a, #08    ; Volume register channel A
 5319	7368	D3	A0			    out (#A0), a
 5320	736A	3E	00			    ld a, 0      ; Volume = 0
 5321	736C	D3	A1			    out (#A1), a
 5322	736E					
 5323	736E					    ; Silence channel B
 5324	736E	3E	09			    ld a, #09    ; Volume register channel B
 5325	7370	D3	A0			    out (#A0), a
 5326	7372	3E	00			    ld a, 0
 5327	7374	D3	A1			    out (#A1), a
 5328	7376					
 5329	7376					    ; Silence channel C
 5330	7376	3E	0A			    ld a, #0A    ; Volume register channel C
 5331	7378	D3	A0			    out (#A0), a
 5332	737A	3E	00			    ld a, 0
 5333	737C	D3	A1			    out (#A1), a
 5334	737E					
 5335	737E	C1				    pop bc
 5336	737F	F1				    pop af
 5337	7380	C9				    ret
 5338	7381					
 5339	7381					; ------------------------------------------------------------------
 5340	7381					; clear_sprite_table
 5341	7381					; Clear sprite attribute table in VRAM
 5342	7381					; ------------------------------------------------------------------
 5343	7381					clear_sprite_table:
 5344	7381	F5				    push af
 5345	7382	C5				    push bc
 5346	7383	D5				    push de
 5347	7384	E5				    push hl
 5348	7385					
 5349	7385					    ; Clear sprite attribute table (#1B00-#1B7F, 128 bytes)
 5350	7385	21	00	1B		    ld hl, #1B00         ; Sprite attribute table base
 5351	7388	01	80	00		    ld bc, 128           ; 128 bytes (32 sprites ?? 4 bytes)
 5352	738B	3E	D1			    ld a, #D1            ; Y=209 (off-screen)
 5353	738D					.cst_loop:
 5354	738D	E5				    push hl
 5355	738E	4F				    ld c, a
 5356	738F	CD	4D	00		    call WRTVRM          ; Write to VRAM
 5357	7392	E1				    pop hl
 5358	7393	23				    inc hl
 5359	7394	0B				    dec bc
 5360	7395	78				    ld a, b
 5361	7396	B1				    or c
 5362	7397	20	F4			    jr nz, .cst_loop
 5363	7399					
 5364	7399	E1				    pop hl
 5365	739A	D1				    pop de
 5366	739B	C1				    pop bc
 5367	739C	F1				    pop af
 5368	739D	C9				    ret
 5369	739E					
 5370	739E					; ------------------------------------------------------------------
 5371	739E					; clear_vram_areas
 5372	739E					; Clear VRAM pattern and color tables
 5373	739E					; ------------------------------------------------------------------
 5374	739E					clear_vram_areas:
 5375	739E	F5				    push af
 5376	739F	C5				    push bc
 5377	73A0	D5				    push de
 5378	73A1	E5				    push hl
 5379	73A2					
 5380	73A2					    ; Clear pattern table (#0000-#17FF, 6144 bytes)
 5381	73A2	21	00	00		    ld hl, #0000
 5382	73A5	01	00	18		    ld bc, 6144
 5383	73A8	3E	00			    ld a, 0
 5384	73AA					.clear_patterns:
 5385	73AA	E5				    push hl
 5386	73AB	4F				    ld c, a
 5387	73AC	CD	4D	00		    call WRTVRM
 5388	73AF	E1				    pop hl
 5389	73B0	23				    inc hl
 5390	73B1	0B				    dec bc
 5391	73B2	78				    ld a, b
 5392	73B3	B1				    or c
 5393	73B4	20	F4			    jr nz, .clear_patterns
 5394	73B6					
 5395	73B6					    ; Clear color table (#2000-#37FF, 6144 bytes)
 5396	73B6	21	00	20		    ld hl, #2000
 5397	73B9	01	00	18		    ld bc, 6144
 5398	73BC	3E	F0			    ld a, #F0            ; White on black
 5399	73BE					.clear_colors:
 5400	73BE	E5				    push hl
 5401	73BF	4F				    ld c, a
 5402	73C0	CD	4D	00		    call WRTVRM
 5403	73C3	E1				    pop hl
 5404	73C4	23				    inc hl
 5405	73C5	0B				    dec bc
 5406	73C6	78				    ld a, b
 5407	73C7	B1				    or c
 5408	73C8	20	F4			    jr nz, .clear_colors
 5409	73CA					
 5410	73CA	E1				    pop hl
 5411	73CB	D1				    pop de
 5412	73CC	C1				    pop bc
 5413	73CD	F1				    pop af
 5414	73CE	C9				    ret
 5415	73CF					
 5416	73CF					; ------------------------------------------------------------------
 5417	73CF					; reset_vdp_registers
 5418	73CF					; Reset VDP registers to Screen 2 defaults
 5419	73CF					; ------------------------------------------------------------------
 5420	73CF					reset_vdp_registers:
 5421	73CF	F5				    push af
 5422	73D0	C5				    push bc
 5423	73D1					
 5424	73D1					    ; Already configured in init_rom, this is a no-op for now
 5425	73D1					    ; Could be extended to reset specific registers if needed
 5426	73D1					
 5427	73D1	C1				    pop bc
 5428	73D2	F1				    pop af
 5429	73D3	C9				    ret
 5430	73D4					
 5431	73D4					; ------------------------------------------------------------------
 5432	73D4					; init_all_global_variables
 5433	73D4					; Initialize all global variables to their default values
 5434	73D4					; ------------------------------------------------------------------
 5435	73D4					init_all_global_variables:
 5436	73D4	C9				    ret
 5437	73D5					
 5438	73D5					; ==================================================================
 5439	73D5					; GAMEFLOW VARIABLES
 5440	73D5					; ==================================================================
 5441	73D5					
 5442	73D5					; Runtime GameFlow variables are allocated in variables.asm (RAM EQUs):
 5443	73D5					; gameflow_exit_requested, gameflow_menu_selection,
 5444	73D5					; gameflow_submenu_data_ptr, gameflow_submenu_option_count,
 5445	73D5					; gameflow_submenu_cursor_enabled, gameflow_submenu_cursor_layer_count,
 5446	73D5					; gameflow_condition_result
 5447	73D5					
 5448	73D5					; ==================================================================
 5449	73D5					; COMMON GAMEFLOW UTILITIES
 5450	73D5					; ==================================================================
 5451	73D5					
 5452	73D5					; ------------------------------------------------------------------
 5453	73D5					; Helper: Clear screen area for menus/end screens
 5454	73D5					; ------------------------------------------------------------------
 5455	73D5					clear_screen_area:
 5456	73D5					    ; Clear center area of screen
 5457	73D5	06	08			    ld b, 8                       ; 8 rows
 5458	73D7	0E	08			    ld c, 8                       ; Start at row 8
 5459	73D9					
 5460	73D9					.csa_loop:
 5461	73D9	C5				    push bc
 5462	73DA	79				    ld a, c
 5463	73DB	CD	E3	73		    call clear_screen_row
 5464	73DE	C1				    pop bc
 5465	73DF	0C				    inc c
 5466	73E0	10	F7			    djnz .csa_loop
 5467	73E2	C9				    ret
 5468	73E3					
 5469	73E3					; ------------------------------------------------------------------
 5470	73E3					; Helper: Clear a screen row (fill with empty tile)
 5471	73E3					; Input: A = Row number (0-23)
 5472	73E3					; ------------------------------------------------------------------
 5473	73E3					clear_screen_row:
 5474	73E3	F5				    push af
 5475	73E4	C5				    push bc
 5476	73E5	D5				    push de
 5477	73E6	E5				    push hl
 5478	73E7					
 5479	73E7					    ; Calculate row start in name table
 5480	73E7					    ; Row address = #1800 + (row * 32)
 5481	73E7	6F				    ld l, a
 5482	73E8	26	00			    ld h, 0
 5483	73EA	29				    add hl, hl                    ; * 2
 5484	73EB	29				    add hl, hl                    ; * 4
 5485	73EC	29				    add hl, hl                    ; * 8
 5486	73ED	29				    add hl, hl                    ; * 16
 5487	73EE	29				    add hl, hl                    ; * 32
 5488	73EF					
 5489	73EF					    ; Add base address (name table)
 5490	73EF	11	00	18		    ld de, #1800                  ; Name table base (Screen 2)
 5491	73F2	19				    add hl, de                    ; HL = VRAM address
 5492	73F3					
 5493	73F3					    ; Clear 32 tiles (one row)
 5494	73F3	EB				    ex de, hl                     ; DE = VRAM destination
 5495	73F4	21	02	74		    ld hl, empty_row_data         ; HL = source (32 zeros)
 5496	73F7	01	20	00		    ld bc, 32                     ; Copy 32 bytes
 5497	73FA	CD	5C	00		    call LDIRVM
 5498	73FD					
 5499	73FD	E1				    pop hl
 5500	73FE	D1				    pop de
 5501	73FF	C1				    pop bc
 5502	7400	F1				    pop af
 5503	7401	C9				    ret
 5504	7402					
 5505	7402					; ------------------------------------------------------------------
 5506	7402					; Data: Empty row (32 zero bytes)
 5507	7402					; ------------------------------------------------------------------
 5508	7402					empty_row_data:
 5509	7402	00	00	00	00	00	00	00	00	    db 0, 0, 0, 0, 0, 0, 0, 0
 5510	740A	00	00	00	00	00	00	00	00	    db 0, 0, 0, 0, 0, 0, 0, 0
 5511	7412	00	00	00	00	00	00	00	00	    db 0, 0, 0, 0, 0, 0, 0, 0
 5512	741A	00	00	00	00	00	00	00	00	    db 0, 0, 0, 0, 0, 0, 0, 0
 5513	7422					
 5514	7422					; ==================================================================
 5515	7422					; END OF GAMEFLOW
 5516	7422					; ==================================================================
 5517	7422					
 5518	7422					
 5519	7422					; ==================================================================
 5520	7422					; WORLD MAPS (SKIPPED - NO WORLDS DETECTED)
 5521	7422					; File: worlds.asm
 5522	7422					; ==================================================================
 5523	7422					
 5524	7422					; No worlds detected in project - world system not needed
 5525	7422					
 5526	7422					; Minimal stub functions for compatibility
 5527	7422					load_world_default:
 5528	7422	C9				    ret
 5529	7423					
 5530	7423					check_world_screen_transition:
 5531	7423	C9				    ret
 5532	7424					
 5533	7424					; ==================================================================
 5534	7424					; END OF WORLDS (MINIMAL VERSION)
 5535	7424					; ==================================================================
 5536	7424					
 5537	7424					
 5538	7424					; ==================================================================
 5539	7424					; GAME SYSTEM FUNCTIONS
 5540	7424					; ==================================================================
 5541	7424					; NOTE: The main game loop and execution flow are handled exclusively
 5542	7424					; by GameFlow (see gameflow.asm section above).
 5543	7424					; This section only contains shared initialization and utility functions.
 5544	7424					; ==================================================================
 5545	7424					
 5546	7424					init_game_systems:
 5547	7424	CD	41	00		    call DISSCR               ; Disable screen while loading VRAM assets
 5548	7427					    ; No entities - skipping component system initialization
 5549	7427					
 5550	7427					    ; No tiles detected - skipping pattern/color loading
 5551	7427					
 5552	7427					    ; Initialize animated tile runtime (safe no-op if no animated groups)
 5553	7427	CD	AB	6D		    call init_animated_tiles
 5554	742A					
 5555	742A					    ; No entities to initialize
 5556	742A					
 5557	742A					    ; Initialize sound system
 5558	742A	CD	A6	44		    call init_sound_system
 5559	742D					
 5560	742D					    ; No screens - skip screen loading
 5561	742D					
 5562	742D					    ; No text/menus - skip font initialization
 5563	742D	CD	44	00		    call ENASCR               ; Re-enable screen after VRAM updates
 5564	7430	C9				    ret
 5565	7431					
 5566	7431					; ==================================================================
 5567	7431					; SCREEN LOADING STUB (for compatibility)
 5568	7431					; ==================================================================
 5569	7431					; NOTE: With GameFlow system, screen loading is handled by GameFlow nodes
 5570	7431					; via load_world_X -> load_screen_X. This stub exists for backward
 5571	7431					; compatibility with init_game_systems references.
 5572	7431					load_game_screen:
 5573	7431	C9				    ret
 5574	7432					
 5575	7432					    end                 ; End of assembly
